date,title,energy
2022/12/31,[公告] 12/31 處置公告,19
2022/12/31,Re: [心得] 2022年報心得,0
2022/12/31,[心得] 2022 台股投資回顧 - 賠錢,9
2022/12/31,[心得] 2022年報心得,25
2022/12/31,[心得] 2022年年報之只有我賠到快賣房嗎?,100
2022/12/31,[心得] 2022年總結---股板只有我賠錢,100
2022/12/31,[請益] 為什麼高股息最夯的是00878和0056?,43
2022/12/31,[心得] 白忙一年的2022年報,38
2022/12/31,[請益] 買到6字台積/32.5美元/踩到ftx雷的省思,64
2022/12/31,[心得] 2022大魯空的年度總結,55
2022/12/31,[情報] 6547高端疫苗說明及澄清媒體不實報導,53
2022/12/31,[請益] 持股想去蕪存菁 (5選3或2）,24
2022/12/31,Re: [新聞] 高端內線至少5件 張世忠認罪交保、,16
2022/12/31,[心得] 2022半年報,7
2022/12/31,[心得] 沉船水手 2022年報,41
2022/12/31,Re: [心得] 2022，正二，0050，債券一次性比較,16
2022/12/31,Re: [請益] 大家一窩蜂正2是否會有擦鞋童效應?,28
2022/12/31,[標的] 持股健診,9
2022/12/31,[請益] 2022把2021賺的賠光算正常嗎？,29
2022/12/31,[心得] 2022小資多軍年報,10
2022/12/31,[心得] 年度總結,25
2022/12/31,[心得] 生涯報酬率(滿7.5年),11
2022/12/31,[心得] 2022年報,10
2022/12/31,"[心得] 2022年報, TQQQ腳麻跑不動",54
2022/12/31,[心得] 2022年金融奈米存股族 2884,29
2022/12/31,[請益] 大家一窩蜂正2是否會有擦鞋童效應?,78
2022/12/31,[標的] TSLA.US 開盤往下空,25
2022/12/31,Re: [新聞] 高端內線至少5件 張世忠認罪交保、,7
2022/12/31,[心得] 2022，正二，0050，債券一次性比較,39
2022/12/31,[新聞] 一周熱門零股/00878蟬聯交投第一,2
2022/12/31,[請益]00878平準金疑問?,16
2022/12/31,[新聞]  SCFI止跌惟1月GRI沒漲成歐洲線恐再虧損,15
2022/12/31,[心得] 2022 台美股漲跌幅排行榜,17
2022/12/31,[新聞] 中油今年吸收將逾3000億元 明年虧損有望,43
2022/12/31,Re: [新聞] 特斯拉像比特幣 克魯曼：靠炒作和信仰,16
2022/12/31,[心得]奈米戶2022年報,8
2022/12/31,[新聞] 美股收黑結束2022年 自2008年以來最糟糕,14
2022/12/31,[新聞] 全球航運業引頸期盼 運價終於止跌！ SCFI,0
2022/12/31,Re: [請益] 跌五六千點沒畢業反而一堆獲利也太鬼,11
2022/12/31,Re: [請益] 跌五六千點沒畢業反而一堆獲利也太鬼,8
2022/12/31,[新聞] 中證監:推進富途證券、老虎證券非法跨境,18
2022/12/30,[新聞] 2022年台股排行榜！高端跌最慘 這檔狂飆,13
2022/12/30,[新聞] 聯發科今年跌幅49% 市值蒸發9436億元,41
2022/12/30,[情報] 12/30全市場當沖虧損最多的股票,15
2022/12/30,"[心得] 2022年報,賠錢邊緣",9
2022/12/30,[心得] 2022 小小上班族年報,9
2022/12/30,[標的] 持股健檢,44
2022/12/30,[情報] 111年12月30日信用交易統計,6
2022/12/30,[心得] 2022年報,74
2022/12/30,[情報] 1230 上市櫃外資投信同買排行,0
2022/12/30,[情報] 2849 安泰銀 增加提列備抵呆帳957百萬,21
2022/12/30,Re: [新聞] 史上新高！國發基金今年獲利297億、基金,9
2022/12/30,[新聞] 新台幣封關! 全年貶幅近10% 創25年最大,20
2022/12/30,[新聞] 大摩看好特斯拉逆勢占鰲頭 曝進場點浮現,7
2022/12/30,[情報] 1230 上市櫃外資投信買超金額排行,3
2022/12/30,[新聞] 史上新高！國發基金今年獲利297億、基金,19
2022/12/30,[新聞] 泰山霹靂火繼續上演 詹皓鈞再發公開信給,24
2022/12/30,[新聞] 台積第四季法說會 提前召開,39
2022/12/30,[情報] 1230八大公股銀行買賣超排行,6
2022/12/30,[心得] 2022年報  股版潛水6年第一篇文,33
2022/12/30,[新聞] 戶頭一早多200萬元！長榮年終獎金今早入帳,30
2022/12/30,[標的] 1234 黑松 賣方主力籌碼見底 資產保護,40
2022/12/30,[心得] 2022 小散戶年報&人生交易回顧,23
2022/12/30,[新聞] 新光金/【台股封關秀】誰是2022年外資「,12
2022/12/30,[心得] 2022小資金年報,27
2022/12/30,[情報] 金管會核准證券集中保管事業得經營公開發,8
2022/12/30,[新聞] 水手終於等到！SCFI止步27跌 運價翻紅 再,25
2022/12/30,[新聞] 11月製造業景氣燈號亮藍燈,14
2022/12/30,[創作] 第一次（兼2022年心得）,0
2022/12/30,[情報] 1230 上市外資買賣超排行,23
2022/12/30,[心得] 2022年報 專業(失業)投資人的第一年,100
2022/12/30,[心得] 2022年報 ：鎂夢落空,28
2022/12/30,[情報] 1230 上市投信買賣超排行,9
2022/12/30,[情報] 111年12月30日 三大法人買賣金額統計表,33
2022/12/30,[情報] 1230 SCFI 指數 1107.55 (+0.46),66
2022/12/30,[新聞] 龍頭股連續配息機會佳,8
2022/12/30,[標的] 2609 陽明 軍工多,0
2022/12/30,[新聞] 台股至少寫下三大慘紀錄 股民平均賠100萬,62
2022/12/30,[新聞] 特斯拉像比特幣 克魯曼：靠炒作和信仰,52
2022/12/30,[閒聊] 2022/12/30 盤後閒聊,39
2022/12/30,Re: [新聞] 泰山老董詹景超首度發聲：不求戰也不,26
2022/12/30,[新聞] 台股2022年大跌22% 每位股民帳面虧100萬,59
2022/12/30,[新聞] 汽車旺季到 東陽、裕隆抗跌,8
2022/12/30,[新聞] 三商壽賣復華投信持股 南山壽27.64億接手,3
2022/12/30,[新聞] 陽明年終13個月　全年獎金上看39個月,14
2022/12/30,[新聞] 八方雲集美國售價調漲10% 二店今試營運、,28
2022/12/30,[心得] 小魯空的2022年成績單,100
2022/12/30,[請益] 是不是該轉做指數型ETF,39
2022/12/30,Re: [請益] 大陸確診死亡數與金融關係,27
2022/12/30,[請益] 大陸確診死亡數與金融關係,33
2022/12/30,[新聞] 台股今封關 外資賣超篤定創紀錄,2
2022/12/30,[新聞] 高端、基亞涉內線交易　早盤股價大跌9%,27
2022/12/30,[新聞] 高端內線質疑不斷 股價差13倍,42
2022/12/30,[閒聊] 2022/12/30 盤中閒聊,100
2022/12/30,[新聞] 台積：3奈米需求強勁,68
2022/12/30,[新聞] 獨家＞ 再次被錢砸醒 長榮海運豪發45個,100
2022/12/30,[情報] 12/29 全市場當沖虧損最多的股票,14
2022/12/29,[新聞] 宏達電拚減碳 產品設計融入綠色製程,26
2022/12/29,Re: [心得] 2022賠錢賣屁股總結,3
2022/12/29,[新聞] 科技股重挫+衰退擔憂增 亞馬遜今年流失半,3
2022/12/29,[新聞] 全球經濟衰退寒冬來臨？內需產業回溫,6
2022/12/29,[心得] 2022年度回顧,17
2022/12/29,Re: [心得] 2022年度報酬,7
2022/12/29,[新聞] 快訊／涉內線交易遭士檢搜索　基亞：配合,12
2022/12/29,[情報] 111年12月29日信用交易統計,9
2022/12/29,Re: [新聞] 整理包／景氣藍燈多可怕？六次歷史經,7
2022/12/29,[新聞] 快訊／高端涉內線交易案檢調兵分16路搜索,100
2022/12/29,[標的] 00893 國泰電動車 斷頭貪婪多,31
2022/12/29,[請益] 遺產全丟voo可行嗎？,62
2022/12/29,"[新聞] 國軍大手筆砸 500 億採購 3,000 架無人",55
2022/12/29,[情報] 2867 三商壽 決議處分復華證券投資信託股份有限公司普通股,31
2022/12/29,[新聞] 傳丟iPhone 15 Pro獨供 鴻海股價再現2位,34
2022/12/29,[新聞] 合一新藥開發 2023火力全開,12
2022/12/29,[新聞] 合一：今年新藥研發充滿挑戰 中國藥證持,11
2022/12/29,[情報] 1229 上市櫃外資投信同買排行,0
2022/12/29,[情報] 1229八大公股銀行買賣超排行,4
2022/12/29,Re: [新聞] 國泰世華銀ATM當機挨罰1200萬 老總減薪3,3
2022/12/29,[情報] 1229 上市櫃外資投信買超金額排行,0
2022/12/29,Re: [新聞] 超微要來台灣了！台積電又一客戶登台設,32
2022/12/29,[新聞] 國泰世華銀ATM當機挨罰1200萬 老總減薪3,24
2022/12/29,[請益] 什麼某某期貨業務 是詐騙嗎?,13
2022/12/29,[新聞] 國泰蔡家買全家股權 金管會農曆年前約談,10
2022/12/29,[情報] 1229 上市外資買賣超排行,36
2022/12/29,[新聞] 【貿協看明年2】「燈號轉藍、分數急落」,19
2022/12/29,[情報] 台積公司舉辦3奈米量產暨擴廠典禮 締造,33
2022/12/29,[情報] 111年12月29日 三大法人買賣金額統計表,45
2022/12/29,[情報] 1229 上市投信買賣超排行,9
2022/12/29,Re: [新聞] 特斯拉今年重挫近70% 但分析師仍看漲：20,6
2022/12/29,[新聞] 特斯拉今年重挫近70% 但分析師仍看漲：20,32
2022/12/29,[新聞] 台灣浩鼎創辦人、董事長張念慈今上午突發,34
2022/12/29,[新聞] 《科技》Gogolook大股東陣容堅強 拚上市拓海外,4
2022/12/29,[閒聊] 2022/12/29 盤後閒聊,57
2022/12/29,[新聞] 明年生效！　加州禁止特斯拉宣傳「自動駕,59
2022/12/29,[新聞] 穩物價 台糖、台鹽設平價專區,26
2022/12/29,Re: [請益] 如果只投資高股息ETF 持續再投入,18
2022/12/29,[新聞] 越南本季經濟擴張優於預期 GDP成長近6%,29
2022/12/29,[新聞] 超微要來台灣了！台積電又一客戶登台設,100
2022/12/29,[新聞] 望兔年開紅盤 限空令擬撐過農曆年,10
2022/12/29,[新聞] 航空雙雄迎長假商機！ Q1客運量估季增4成,16
2022/12/29,[新聞] 國泰金程淑芬：台股利空已反映2/3,74
2022/12/29,[新聞] 伺服器產業遇冷 13檔台廠供應鏈不妙,10
2022/12/29,[新聞] 台銀大買...國安基金進場了,50
2022/12/29,[閒聊] 2022/12/29盤中閒聊,100
2022/12/29,[新聞] 蘋果股價探18個月低點 市值2兆美元恐不保,29
2022/12/29,[請益] 景氣燈號投資法會有擦鞋童效應嗎？,70
2022/12/29,[創作] 多頭在嗎,5
2022/12/29,[新聞] 海運業掀退船潮 疫情來首見,34
2022/12/29,Re: [新聞] 台積電10大客戶齊砍單 首季稼動率崩跌,29
2022/12/29,Re: [新聞] 房價一年飆漲1500萬 新竹男想增貸700,12
2022/12/29,Re: [新聞] 整理包／景氣藍燈多可怕？六次歷史經,36
2022/12/28,Re: [新聞] 台積電10大客戶齊砍單 首季稼動率崩跌,3
2022/12/28,[情報] 1228 上市櫃外資投信同買排行,0
2022/12/28,[情報] 1228 上市櫃外資投信買超金額排行,0
2022/12/28,[新聞] 台積電10大客戶齊砍單 首季稼動率崩跌,49
2022/12/28,Re: [新聞] 筆電賣不完搞死晶片業！美媒揭庫存暴,2
2022/12/28,[新聞] 陽明50周年、最輝煌的一年　兩年來獲利,18
2022/12/28,[情報] 12/28全市場當沖虧損最多的股票,3
2022/12/28,[情報] 111年12月28日 櫃買法人買賣金額統計表,0
2022/12/28,[心得] 2022年度報酬,100
2022/12/28,Re: [新聞] 整理包／景氣藍燈多可怕？六次歷史經,60
2022/12/28,[新聞] 整理包／景氣藍燈多可怕？六次歷史經驗告,64
2022/12/28,[情報] 111年12月28日信用交易統計,9
2022/12/28,[新聞] 高盛獨排眾議 看好美國經濟2023年可達成,8
2022/12/28,Re: [新聞] 房價一年飆漲1500萬 新竹男想增貸700,55
2022/12/28,Re: [新聞] 春節後普發1萬元振興券?餐飲股、飯店股全面上攻,37
2022/12/28,Re: [新聞] 春節後普發1萬元振興券?餐飲股、飯店股全面上攻,21
2022/12/28,[情報] 1228八大公股銀行買賣超排行,19
2022/12/28,[新聞] 筆電賣不完搞死晶片業！美媒揭庫存暴增慘,100
2022/12/28,[新聞] 飯店業鬧人力荒 君悅總經理：我也要去鋪,37
2022/12/28,[新聞] 景氣燈號低迷 王美花：明年經濟挑戰大,26
2022/12/28,[新聞] 興櫃/悠遊卡元月3日50元登錄興櫃 董座陳,29
2022/12/28,[新聞] 春節後普發1萬元振興券?餐飲股、飯店股全面上攻,100
2022/12/28,[情報] 1228 上市外資買賣超排行,16
2022/12/28,[新聞] 00878、0050、0056存股怎選?過來人:0050跟00878各半買,42
2022/12/28,[情報] 1228 上市投信買賣超排行,27
2022/12/28,[情報] 111年12月28日 三大法人買賣金額統計表,46
2022/12/28,[標的] 5347世界 叫若葉來也會賺錢,31
2022/12/28,[閒聊] 2022/12/28 盤後閒聊,100
2022/12/28,[新聞] 抱台積當人生勝利組？ 名列2023最值得買進,40
2022/12/28,[新聞] 群益台灣高息ETF 漲幅稱冠,11
2022/12/28,[新聞] 鴻海小金雞 鴻華拚下季掛牌,20
2022/12/28,[新聞] 法人估明年台股本益比11到15倍,12
2022/12/28,[新聞] 上看60個月？長榮海運(2603)年終快開獎！,20
2022/12/28,[新聞] 韓散戶今年買超28億美元特斯拉股票,98
2022/12/28,[請益] 固定時距的下單,38
2022/12/28,[請益] 如何能查到借券利率的[公道價]?,14
2022/12/28,[標的] 2330 台積 到底要空還是要多 討論,52
2022/12/28,[新聞] 台積電傳明年首季稼動率崩跌 股價跌破450,63
2022/12/28,[新聞] 施振榮：台灣產業競爭力仍在 明年景氣相,10
2022/12/28,[新聞] 元太科技運用電子紙本業 結合生態圈資源,17
2022/12/28,[新聞] 金控現金股利 明年大跳水,53
2022/12/28,Re: [請益] 內線交易到底怎麼抓的,34
2022/12/28,[新聞] 美股陰影籠罩 那指挫1.3% 特斯拉瀉11%,58
2022/12/28,Re: [標的] 大盤 身家空,32
2022/12/28,[新聞] 耿鼎、堤維西 迎千億商機,7
2022/12/28,[公告] 簡易處置,0
2022/12/28,Re: [標的] 大盤 身家空,1
2022/12/28,[閒聊] 2022/12/28 盤中閒聊,93
2022/12/28,[新聞] 郭哲榮：中國突然大解封 台股即將馬上瘋,88
2022/12/28,Re: [新聞] 保險總座老實話：防疫險賠2千億元，恐「,16
2022/12/28,[新聞] 特斯拉二手車榮景破滅 衝擊新車需求,75
2022/12/27,[標的] 大盤 身家空,100
2022/12/27,[新聞] 中鋼11月續虧 但法人唱旺明年此時獲利好,33
2022/12/27,[情報] 6550.TW北極星藥業-KY 向美國FDA提交軟,17
2022/12/27,[情報] 12/27全市場當沖虧損最多的股票,12
2022/12/27,[情報] 111年12月27日 櫃買法人買賣金額統計表,0
2022/12/27,[情報] 111年12月27日信用交易統計,13
2022/12/27,[新聞] 保險總座老實話：防疫險賠2千億元，恐「,7
2022/12/27,[新聞] 路透：特斯拉上海廠將在明年1月減產,82
2022/12/27,[新聞] 華南永昌董座黃進明：最壞情況已過 台股,42
2022/12/27,[情報] 1227 上市櫃外資投信同買排行,0
2022/12/27,[新聞] 代理財長：國安基金不排除護盤2年,30
2022/12/27,[情報] 1227八大公股銀行買賣超排行,5
2022/12/27,[情報] 6869雲豹能源 辦理初上市掛牌前現金增資,33
2022/12/27,[情報] 1227 上市櫃外資投信買超金額排行,1
2022/12/27,Re: [新聞] 泰山老董詹景超首度發聲：不求戰也不,55
2022/12/27,[情報] 5530龍巖處分台積電普通股股票之公告,71
2022/12/27,[情報] 1227 上市外資買賣超排行,24
2022/12/27,[新聞] 楊金龍續任央行總裁 任期至2028年2月止,100
2022/12/27,[情報] 景氣訊號燈 藍燈!,100
2022/12/27,[標的] 2926.TW 誠品 94年次藝Fun券多,10
2022/12/27,[新聞] 沒有外資的日子！權王台積電現4年來新「,17
2022/12/27,[情報] 111年12月27日 三大法人買賣金額統計表,27
2022/12/27,[新聞] 中國疫情擴大 日本12/30起採取緊急邊境,83
2022/12/27,[情報] 1227 上市投信買賣超排行,4
2022/12/27,[請益] 現在適合購買海外債券嗎?,35
2022/12/27,[閒聊] 2022/12/27 盤後閒聊,100
2022/12/27,[新聞] 合一28日法說 新藥題材燒,23
2022/12/27,[新聞] 兆豐投信：權重型ETF掌趨勢,5
2022/12/27,[新聞] 大陸解封 觀光股開趴 華航長榮航爆量衝高,63
2022/12/27,[新聞] 【非蘋寒冬傷台廠】小米大裁員拉警報 台,8
2022/12/27,[新聞] 統整「景氣藍燈7大ETF存法」！ PTT認證：,68
2022/12/27,[閒聊] 2022/12/27 盤中閒聊,100
2022/12/27,[新聞] 航海王盛世還在 牽手鋼鐵人翻身 長榮、,0
2022/12/27,Re: [新聞] 明年1月8日大陸全面放開！取消隔離 入境無需健康碼,27
2022/12/27,[請益] 如果只投資高股息ETF 持續再投入,55
2022/12/27,[新聞] 巧新回神 出貨升溫,47
2022/12/27,[標的] 2462 良得電 賭今天法說會 多,3
2022/12/27,Re: [新聞] 聯詠Q4拚達財測高標；潛在現金殖利率逾1,20
2022/12/26,[新聞] 明年1月8日大陸全面放開！取消隔離 入境無需健康碼,100
2022/12/26,[新聞] 陸緊急宣布：取消入境人員核酸檢測、集,100
2022/12/26,[新聞] 今年壽險業保費收入暴跌 19年最慘,24
2022/12/26,[新聞] 聯詠Q4拚達財測高標；潛在現金殖利率逾1,7
2022/12/26,[情報] 111年12月26日信用交易統計,14
2022/12/26,[標的] 4137 麗豐-KY愛老婆多,2
2022/12/26,[情報] 12/26全市場當沖虧損最多的股票,13
2022/12/26,[標的] 2359 TW 所羅門 多,10
2022/12/26,[情報] 1226 上市櫃外資投信同買排行,0
2022/12/26,[情報] 1226 上市櫃外資投信買超金額排行,0
2022/12/26,[新聞] 三星明年逆勢擴記憶體、半導體產能 將增1,77
2022/12/26,[情報] 2323中環 子公司取得陽明海運股票,30
2022/12/26,[情報] 1226八大公股銀行買賣超排行,9
2022/12/26,[標的] 1232大統益 左側交易長期存股多,28
2022/12/26,[新聞] 貨櫃三雄太便宜？ 專家曝1觀點 勇敢水手,43
2022/12/26,Re: [標的] 4743 TW 合一,9
2022/12/26,[標的] 4743 TW 合一,58
2022/12/26,[新聞] 路透：特斯拉上海廠暫時停工 官方未說明,84
2022/12/26,[情報] 1226 上市外資買賣超排行,12
2022/12/26,[新聞] N倍券有譜？阮清華:也是還稅於民的一種,46
2022/12/26,[新聞] 外資大砍金融股 永豐金、中信金、元大金,19
2022/12/26,Re: [新聞] 凱基2023投資前瞻 保守看明年台股高點,32
2022/12/26,[情報] 111年12月26日 三大法人買賣金額統計表,61
2022/12/26,[情報] 1226 上市投信買賣超排行,18
2022/12/26,[新聞] 又一家珍奶股掛牌 薡茶登錄興櫃,39
2022/12/26,[情報] 2002 中鋼11月份自結合併營收及稅前盈餘,42
2022/12/26,[新聞] 台股量能急凍恐創今年新低！生技、新能源,15
2022/12/26,[閒聊] 2022/12/26 盤後閒聊,20
2022/12/26,[新聞] 跟著股神買?馬斯克曝巴菲特下波買股時機,13
2022/12/26,[公告] Stock 樂透開獎,8
2022/12/26,[公告] 簡易處置,0
2022/12/26,Re: [新聞] 阮清華：這次經濟比2009年更嚴重 國,36
2022/12/26,[新聞] 明年歐洲線長約談判卡關 船公司底牌曝光,14
2022/12/26,[新聞] 阮清華：這次經濟比2009年更嚴重 國安基,100
2022/12/26,[新聞] 巨大震撼 國安會議今提對策,48
2022/12/26,[新聞] 馬斯克警告少做股票質押 因股市容易陷入,26
2022/12/26,[新聞] 南山人壽喊賣！尹衍樑昔砸近700億　11年,30
2022/12/26,[新聞] 台積電／台積電陷450保衛戰 國安基金操盤,38
2022/12/26,[新聞] 盤中焦點股：同泰、中化、生達、杏輝、健,5
2022/12/26,[新聞] 漢翔 二檔強強滾,4
2022/12/26,[新聞] SCFI連27黑 航海王曲終人也散？,20
2022/12/26,[閒聊] 2022/12/26 盤中閒聊,88
2022/12/26,[新聞] 力積電開發元宇宙關鍵技術,54
2022/12/26,[新聞] 環保新規上路 長榮受惠,23
2022/12/26,[新聞] 貨櫃三雄今年還是大賺,30
2022/12/25,[標的] 那指目標4000--聯準會收水慢全球大盤長空,66
2022/12/25,[新聞] 國安基金操盤手：台積電沒有巴菲特防線,33
2022/12/25,[新聞] 鐵礦砂狂飆帶動日韓報價暴衝 中鋼2月盤價,23
2022/12/25,Re: [新聞] 房價一年飆漲1500萬 新竹男想增貸700,4
2022/12/25,Re: [新聞] 房價一年飆漲1500萬 新竹男想增貸700,14
2022/12/25,[新聞] 南山人壽獨董卓俊雄　高鐵上過世！,72
2022/12/25,[新聞] 投顧：台股修正近尾聲 投資人等待機會,17
2022/12/25,[新聞] 外資賣股跨年 台股季線有撐 逢低可布局,8
2022/12/25,[請益] 未平倉P/C Ratio,9
2022/12/25,Re: [新聞] 博客來假承攬事件惹議 公司去年賺逾4億、,8
2022/12/25,[新聞] 貨櫃三雄夢碎 1/1漲價已有4家外籍大型貨,47
2022/12/25,[新聞] 馬士基CEO：全球化依舊在 貨櫃航運不受影,8
2022/12/25,[標的] 3479.TW 安勤 翻牆概念股請益,-10
2022/12/25,[新聞] 十大內外資機構預測：台股2023先蹲後跳,34
2022/12/25,Re: [新聞] 房價一年飆漲1500萬 新竹男想增貸700萬存,3
2022/12/25,Re: [新聞] 房價一年飆漲1500萬 新竹男想增貸700,31
2022/12/25,[新聞] 台股農曆春節休市12天史上最長 該不該抱,24
2022/12/25,[新聞] 股海自由行／陸解封三部曲 唱旺概念股,14
2022/12/25,[新聞] 11月景氣恐轉藍燈,49
2022/12/25,Re: [新聞] 房價一年飆漲1500萬 新竹男想增貸700萬存,28
2022/12/25,[請益] 如何研究台股電子產業鏈個股,19
2022/12/25,Re: [標的] 大盤 主跌段要來了嗎 ? Winter is co,2
2022/12/25,[新聞] 「華爾街大亨」郭哲榮 本周看好長榮、安,22
2022/12/24,[公告] Stock 板 開始舉辦樂透!,1
2022/12/24,[公告] 12/24 處置公告,9
2022/12/24,Re: [標的] 大盤 主跌段要來了嗎 ? Winter is coming,11
2022/12/24,Re: [新聞] 王雪紅：宏達電VR事業明年收割,51
2022/12/24,[新聞] 博客來假承攬事件惹議 公司去年賺逾4億、,100
2022/12/24,[新聞] 王雪紅：宏達電VR事業明年收割,100
2022/12/24,[請益] 高股息填息的意義,27
2022/12/24,[新聞] 台積3奈米 下周南科量產,50
2022/12/24,[心得] 2022 美股跌幅排行榜,39
2022/12/24,Re: [新聞] 「女兒先買統一超的零股，再拿股息買飲,16
2022/12/24,Re: [心得] 2022美股財經華語Youtuber小評,8
2022/12/24,[新聞] 航海王反彈有戲？從陽明、萬海法說會訊,35
2022/12/24,Re: [新聞] 薪水追不上房價 全年不吃不喝也換不到2坪,16
2022/12/24,[心得] 2022美股財經華語Youtuber小評,100
2022/12/24,Re: [心得] 大盤 偏空看待  房市現況 自己部位投資,16
2022/12/24,[新聞] 一周熱門零股/欣興、群創興富發 進十強,10
2022/12/24,[新聞] 2023年美國經濟會衰退 大家心知肚明,57
2022/12/24,[新聞] 貨櫃運價旺季附加費 有譜,22
2022/12/23,[情報] 111年12月23日信用交易統計,19
2022/12/23,[創作] 戀,7
2022/12/23,[新聞] 散戶歸隊 11月證券劃撥餘額重返3兆大關,45
2022/12/23,[情報] 盤前那指再度自由落體-0.7%,6
2022/12/23,[新聞] 聯詠、瑞鼎 明年高階大單在望,6
2022/12/23,[新聞] 彭双浪：面板價明年Q2回升,36
2022/12/23,[新聞] 群創：短線急單挹注 審慎樂觀期待明年第3季旺季,22
2022/12/23,[情報] 1223 上市櫃外資投信同買排行,2
2022/12/23,[新聞] 長榮年終下周五入帳 陽明、萬海接力發錢,57
2022/12/23,[情報] 1223八大公股銀行買賣超排行,3
2022/12/23,[情報] 1223 上市櫃外資投信買超金額排行,4
2022/12/23,[新聞] SCFI貨櫃運價指數連27跌 周跌幅1.44%,16
2022/12/23,"Re: [新聞] 加發定存單 央行收回1,600億資金",9
2022/12/23,[標的] 5516.TW 雙喜 重案組呼叫「做多」,20
2022/12/23,[新聞] 〈外食又掀漲價風〉摩斯漢堡透露有壓力 短期撐住不漲,55
2022/12/23,Re: [新聞] 美國蛋價年漲226％ 卜蜂：缺蛋是全球性,75
2022/12/23,[情報] 1223 上市外資買賣超排行,30
2022/12/23,[新聞] 金融時報：台積電與供應商洽談開設歐洲首座工廠,62
2022/12/23,[新聞] 美國蛋價年漲226％ 卜蜂：缺蛋是全球性,68
2022/12/23,Re: [心得] 大盤 偏空看待  房市現況 自己部位投資,23
2022/12/23,Re: [新聞] 日本11月核心CPI年增3.7% 創40年新高,35
2022/12/23,[情報] 1223 SCFI 指數 1107.09 (-16.20),79
2022/12/23,[情報] 111年12月23日 三大法人買賣金額統計表,60
2022/12/23,[情報] 1223 上市投信買賣超排行,13
2022/12/23,Re: [新聞] 馬斯克：兩年內不再賣特斯拉股票、明年經,27
2022/12/23,[情報] 悠遊卡自112年1月3日登錄興櫃買賣,12
2022/12/23,Re: [請益] 持股健檢（都是看批踢踢買的）,62
2022/12/23,[新聞] 宏達電傳出售VR事業 王雪紅：是假的,36
2022/12/23,Re: [心得] 大盤 偏空看待  房市現況 自己部位投資,47
2022/12/23,[閒聊] 2022/12/23 盤後閒聊,25
2022/12/23,[標的] 3714富采 多,17
2022/12/23,[新聞] 美冬季風暴衝擊肉廠運作 畜牧、小麥業也凍傷,8
2022/12/23,[新聞] 【Hot台股】台股「跌不下去」相對強 專家,20
2022/12/23,[新聞] 台積電計畫於德國建首座歐洲廠(日經新聞),90
2022/12/23,Re: [標的] 2317鴻海 裕隆2201 趨勢就是多,19
2022/12/23,[新聞] 經濟數據引發升息疑慮　道瓊下挫348點,27
2022/12/23,[新聞] 日本11月核心CPI年增3.7% 創40年新高,81
2022/12/23,Re: [標的] TSLA.US 特斯拉即將升長期多,23
2022/12/23,[新聞] 迎採購旺季 食品股飄香,7
2022/12/23,[新聞] Meta 調整發展計畫，丹麥資料中心續建第,12
2022/12/23,[新聞] 跟著投顧老師 1年賺多少？他揭真實數字,58
2022/12/23,[標的] 2618 長榮航 多,43
2022/12/23,[新聞] 航海王回歸 中環子公司賣長榮2120張 輕鬆,6
2022/12/23,Re: [標的] TSLA.US 特斯拉即將升長期多,5
2022/12/23,Re: [新聞] 心悅6575主辦輔導推薦券商辭任,8
2022/12/23,Re: [心得] 大盤 偏空看待  房市現況 自己部位投資,97
2022/12/23,[閒聊] 2022/12/23 盤中閒聊,100
2022/12/23,[新聞] 馬斯克：兩年內不再賣特斯拉股票、明年經,100
2022/12/23,[情報] 美國經濟領先指標 -1%,19
2022/12/23,[新聞] 長榮農曆年前 貨量很滿,44
2022/12/23,Re: [標的] TSLA.US 特斯拉即將升長期多,51
2022/12/23,[心得] 大盤 偏空看待  房市現況 自己部位投資,100
2022/12/23,[情報] 111年12月22日 櫃買法人買賣金額統計表,3
2022/12/23,[請益] 費半跌對半導體股有影響而已嗎？,21
2022/12/22,[新聞] 美經濟仍有韌性 Q3GDP終值上修至3.2% 道,36
2022/12/22,[標的] 2338光罩 這種線圖,20
2022/12/22,[標的] NVDA.US 美光裁員消費性電子恐慌中長期空,17
2022/12/22,[新聞] 曾連樣品車都搶光 巨大為何突陷風暴？揭,34
2022/12/22,[標的] 2317鴻海 裕隆2201 趨勢就是多,20
2022/12/22,[新聞] 鴻海賣紫光恐收不到錢　今聲明：後續有不,100
2022/12/22,[新聞] 特斯拉空軍 暴賺150億美元,66
2022/12/22,[情報] 111年12月22日信用交易統計,17
2022/12/22,[標的] 華碩2357技嘉2376微星2377外資投信易手,14
2022/12/22,[新聞] 郭哲榮：航海王霸氣回歸 台股即將V型反轉,42
2022/12/22,[新聞] 貨櫃海運景氣如何?長榮海總座謝惠全14字,20
2022/12/22,[新聞] 無視空軍暴賺特斯拉超越蘋果成為散戶最愛,15
2022/12/22,[情報] 1222 上市櫃外資投信同買排行,0
2022/12/22,[新聞] 上銀董座卓文恒稱2023年看保守，新產品挹注業績將持平今年,7
2022/12/22,[新聞] 87億還不夠！三商壽要再現增25億元,42
2022/12/22,[新聞] 世足賽運彩售104億元、成長48％ 冠軍賽沒,0
2022/12/22,[標的] 元大S&P原油反1,19
2022/12/22,[情報] 本週WCI指數 12/22,26
2022/12/22,[新聞] 工具機大老看景氣「明年恐迎來寒冬」,37
2022/12/22,[情報] 1222八大公股銀行買賣超排行,8
2022/12/22,[情報] 1222 上市櫃外資投信買超金額排行,5
2022/12/22,[新聞] 砸47億！長榮買回南崁海運大樓,67
2022/12/22,[情報] 中環代公司公告處分有價證券長榮海,33
2022/12/22,[情報] 5871 中租-KY 11月自結1.31 累計16.00,6
2022/12/22,[新聞] Citadel等大型對沖基金2022年表現出色,7
2022/12/22,Re: [新聞] 退燒藥將祭「限購令」！王必勝曝全球搶藥,94
2022/12/22,[新聞] 大摩：市場低估聯準會打擊通膨決心,18
2022/12/22,[情報] 1222 上市外資買賣超排行,35
2022/12/22,[標的] 2606.tw裕民 0056明天要用力買幾張,8
2022/12/22,[新聞] 特斯拉今年股價慘崩六成 空軍獲利可達150,36
2022/12/22,[情報] 111年12月22日 三大法人買賣金額統計表,43
2022/12/22,[新聞] 台積電重返半年線 也拿回12兆元市值,12
2022/12/22,[新聞] 2023年經濟會衰退？美國銀行分析師預言,9
2022/12/22,[請益] 每月存00878兩張或1張搭配0050、0056,72
2022/12/22,[新聞] 穩台股 阮清華：國安基金會陪大家過年,17
2022/12/22,[新聞] 退燒藥將祭「限購令」！王必勝曝全球搶藥,83
2022/12/22,[情報] 1222 上市投信買賣超排行,15
2022/12/22,[情報] 2867 三商壽 董事會決議辦理現金增資發股,42
2022/12/22,[閒聊] 2022/12/22 盤後閒聊,40
2022/12/22,[新聞] 美媒：巨石強森故意外流《黑亞當》財報,18
2022/12/22,[新聞] 欣興（3037）買點浮現？他勸進場被噓爆,43
2022/12/22,[新聞] 聖誕行情來了 美股創12月來最大漲勢,22
2022/12/22,Re: [請益] 標的合一4743,10
2022/12/22,Re: [請益] 標的合一4743,15
2022/12/22,[新聞] 貨櫃航運費率觸底?農曆年後亞至歐美砍班,36
2022/12/22,[新聞] 日幣大升值 布局台股可趁機「吃豆腐」,0
2022/12/22,[標的] 2606.tw 裕民 大陸解封無腦多,9
2022/12/22,[請益] 牛皮股爆量漲停後的處理方式？,31
2022/12/22,[閒聊] 2022/12/22 盤中閒聊,100
2022/12/22,[新聞] 美光將裁員10% 大砍支出 上季轉虧 本季會,82
2022/12/22,[新聞] 上海復星聲明 未來訂單皆可換BNT次世代,100
2022/12/22,[新聞] 貨櫃海運業展望明年 變數很大,10
2022/12/22,[新聞] 貨櫃海運小旺季 運價漲了,36
2022/12/22,[新聞] 精確塞爾維亞廠通過認證 法人估該廠1年貢,12
2022/12/22,[公告] 1222 警告 水桶 多人,21
2022/12/22,[情報] 2023年台股 休盤行事曆,12
2022/12/22,[公告] 12/22 處置公告,2
2022/12/21,[新聞] 世界銀行大幅下調中國今明兩年經濟增長預,24
2022/12/21,[新聞] 三大法人賣股跨年 土洋對作 外資砍三檔金融股投信順手接,5
2022/12/21,[新聞] 鋼市回溫 中鴻樂看明年Q1,27
2022/12/21,[新聞] ABF載板供過於求狀況恐惡化，美外資調降,27
2022/12/21,[新聞] 債券ETF受益人數翻倍 投資級公司債ETF反攻訊號出現,29
2022/12/21,[情報] 111年12月21日信用交易統計,20
2022/12/21,[新聞] 傳特斯拉下季將裁員和凍結聘雇,48
2022/12/21,[情報] 1221 上市櫃外資投信同買排行,1
2022/12/21,[新聞] 高盛估，日本央行下一步行動可能是取消負,30
2022/12/21,[情報] 1221 上市櫃外資投信買超金額排行,0
2022/12/21,[情報] 111年12月21日 櫃買法人買賣金額統計表,2
2022/12/21,"[新聞] 加發定存單 央行收回1,600億資金",15
2022/12/21,[請益] 資券當沖 現股當沖,37
2022/12/21,[情報] 1221八大公股銀行買賣超排行,3
2022/12/21,[新聞] 健全揭露制度 政院擬提修法股東持股5%須,8
2022/12/21,[新聞] 外媒驚爆富士康鄭州廠要求確診員工上班,100
2022/12/21,[新聞] Coinbase股價重挫近90%、裁員18%！市值,22
2022/12/21,[新聞] 貨櫃三雄快樂出航 運價快反轉 這檔強中強,37
2022/12/21,"[心得] 2022投資結果,討拍",54
2022/12/21,Re: [請益] 這投資績可以做全職了嗎,99
2022/12/21,[情報] 8033 雷虎 董事會決議辦理現金增資,36
2022/12/21,[新聞] 〈外食又掀漲價風〉肯德基明起平均漲價約6% 吃顆蛋撻貴15%,62
2022/12/21,[情報] 1221 上市外資買賣超排行,38
2022/12/21,[新聞] 《鋼鐵股》長榮股利今年多5億元 貢獻長榮,13
2022/12/21,[情報] 1221 上市投信買賣超排行,20
2022/12/21,[新聞] 美系外資調降ABF三雄目標價 景碩及南電同遭降評,22
2022/12/21,[標的] 空 長榮航2618,100
2022/12/21,[標的] 6015宏遠證 最後尾盤怎麼了？,25
2022/12/21,[情報] 111年12月21日 三大法人買賣金額統計表,65
2022/12/21,[新聞] 才宣布攜手合作打造新方案 路透社：微軟,17
2022/12/21,[新聞] 佐科威：印尼明年將禁止鋁土礦出口,11
2022/12/21,[新聞] 建商獵地縮手 交易額腰斬,30
2022/12/21,[閒聊] 2022/12/21 盤後閒聊,36
2022/12/21,[標的] 1304 台聚   多,21
2022/12/21,[新聞] 劍指星巴克 全家推咖啡專門店「Let's Caf,73
2022/12/21,[新聞] 防疫險／Yahoo奇摩公布十大國內財經事件,5
2022/12/21,[新聞] 馬斯克拋震撼彈！宣布：將辭去推特CEO,34
2022/12/21,Re: [標的] 老馬推特亂投票TSLA.US信心全失繼續空,48
2022/12/21,[新聞] 金融海嘯後最慘 11月接單大跌23％,62
2022/12/21,[新聞] 《鋼鐵股》3逆風轉向 中鋼看好春燕提前,44
2022/12/21,[閒聊] 2022/12/21盤中閒聊,100
2022/12/21,[標的] TSLQ.US TSLA反向ETF,13
2022/12/21,[標的] 老馬推特亂投票TSLA.US信心全失繼續空,70
2022/12/20,[心得] 加入投顧普會一年心得,100
2022/12/20,[新聞] 群聯電子董事長潘健成涉財報不實 投保中心請求解任卻遭駁回,22
2022/12/20,[情報] 111年12月20日信用交易統計,43
2022/12/20,"[新聞] 金融業對日曝險8,786億 金管會:影響有限",32
2022/12/20,[新聞] 日央政策急轉台股跳水 金管會穩軍心,33
2022/12/20,[公告] 違規處置,32
2022/12/20,[請益] 關於元富股票申購 扣款日與還款日的問題,11
2022/12/20,[情報] 111年12月20日 櫃買法人買賣金額統計表,1
2022/12/20,[新聞] 日銀黑田解釋最新調整：不是升息 也不代Y,61
2022/12/20,[情報] 1220八大公股銀行買賣超排行,14
2022/12/20,[新聞] 心悅6575主辦輔導推薦券商辭任,22
2022/12/20,Re: [新聞] 長榮、陽明明年股息配發率不會縮水,25
2022/12/20,[情報] 1220 上市櫃外資投信同買排行,2
2022/12/20,[情報] 1220 上市櫃外資投信買超金額排行,3
2022/12/20,Re: [新聞] 連三黑！11月外銷訂單年減23.4％,2
2022/12/20,[標的] 2330.TW  台積電 討論,81
2022/12/20,[新聞] 連三黑！11月外銷訂單年減23.4％,63
2022/12/20,Re: [新聞] 長榮、陽明明年股息配發率不會縮水,19
2022/12/20,Re: [新聞] 長榮、陽明明年股息配發率不會縮水,5
2022/12/20,[新聞] 華安送件申請股票上市,100
2022/12/20,[情報] 1220 上市外資買賣超排行,31
2022/12/20,[新聞] 歐盟能效新規 衝擊面板廠,44
2022/12/20,[新聞] 航空業迎春燕 台灣虎航將申請股票創新板,10
2022/12/20,[情報] 111年12月20日 三大法人買賣金額統計表,85
2022/12/20,[新聞] 財損27億！詐騙案創10年新高　綠委轟主,87
2022/12/20,Re: [請益] 主跌段來了嗎 ? Winter is coming,16
2022/12/20,[情報] 1220 上市投信買賣超排行,29
2022/12/20,[新聞] 欣興砍資本支出 ABF臉綠全倒 法人給評價,33
2022/12/20,[閒聊] 2022/12/20 盤後閒聊,100
2022/12/20,Re: [新聞] 日本央行政策急轉彎 拖累亞股走勢 台股盤,18
2022/12/20,[請益] 股票出借歸還後的成本問題,13
2022/12/20,[新聞] 日本央行政策急轉彎 拖累亞股走勢 台股盤,71
2022/12/20,[標的] 087883 美元正2權證 多,8
2022/12/20,[新聞] 國泰金現增今日截止 認購人數不如預期,98
2022/12/20,[標的] 3037 欣興 利空出盡中長期多,77
2022/12/20,Re: [新聞] 長榮、陽明明年股息配發率不會縮水,14
2022/12/20,[新聞] 日本央行意外微調殖利率曲線控制 日元短,13
2022/12/20,Re: [情報] 日本央行調高國債收益率,39
2022/12/20,[情報] 日本央行調高國債收益率,100
2022/12/20,[新聞] 投資信心回籠！台股樂觀指數創8個月新高,100
2022/12/20,[請益] 8084 巨虹有人看得懂嗎?,13
2022/12/20,[新聞] 盤中零股撮合縮短 小資新寵曝光,3
2022/12/20,[標的] 3704 合勤控 多,3
2022/12/20,[標的] 6770 力積電 年終多,20
2022/12/20,[標的] 南光1752 認錯繼續多,1
2022/12/20,[新聞] 台電1月發行公司債208億,33
2022/12/20,[閒聊] 2022/12/20 盤中閒聊,100
2022/12/20,[新聞] DRAM價最快下季反彈,34
2022/12/20,[新聞] 長榮、陽明明年股息配發率不會縮水　長榮,21
2022/12/20,[新聞] HMM啟動建造首批9艘甲醇動力貨櫃船 招標,10
2022/12/20,[標的] 大盤 主跌段要來了嗎 ? Winter is coming,71
2022/12/20,[標的] AMD.US 跌回11月起漲點 多,32
2022/12/19,[標的] 美股 pltr 多,19
2022/12/19,[情報] 12/19全市場當沖虧損最多的股票,14
2022/12/19,Re: [請益] 標的合一4743,56
2022/12/19,[情報] 111年12月19日信用交易統計,15
2022/12/19,[新聞] 投資大縮手！欣興下修今、明兩年資本支出預,63
2022/12/19,[情報] 1219 上市櫃外資投信買超金額排行,5
2022/12/19,Re: [標的] 8096 擎亞 多,5
2022/12/19,[標的] 8096 擎亞 多,100
2022/12/19,Re: [新聞] 馬斯克：不想當特斯拉和推特的CEO,17
2022/12/19,[新聞] 恐傷美元存戶！瑞銀：美元到明年末恐將小,37
2022/12/19,[新聞] 鋼市露曙光 下游採購量跳增,19
2022/12/19,[標的] 2834 臺企銀.TW 多,54
2022/12/19,[請益] 0050是抱著就好 或是 做價差比較好？,25
2022/12/19,[新聞] 外資連3賣、多頭不復電 半年線僅剩120點,1
2022/12/19,[情報] 1219八大公股銀行買賣超排行,7
2022/12/19,[情報] 111年12月19日 櫃買法人買賣金額統計表,0
2022/12/19,[新聞] 機車售價快撐不住 三陽明年度新車價格將,57
2022/12/19,[情報] 2323 中環 子公司取得長榮海運股票,34
2022/12/19,[新聞] 貨櫃船公司1月漲價辦法高高訂　實漲多少0,16
2022/12/19,[新聞] 00921聚焦產業龍頭 首創台股等權重ETF,4
2022/12/19,[情報] 6757 台灣虎航 通過申請股票創新板上市案,23
2022/12/19,[新聞] 龍邦請求禁止執行處分持有全家股份 今卻,36
2022/12/19,[新聞] 鴻海出清中國紫光持股 郭台銘：我退休不,32
2022/12/19,[新聞] 快訊／超商茶葉蛋漲價了！全家宣布：12,98
2022/12/19,[情報] 1219 上市外資買賣超排行,32
2022/12/19,[新聞] 航空貨運運價跌得比2019年還低　美國線每,29
2022/12/19,[新聞] 外資上周淨流出台股6.6億美元 亞股中失血,7
2022/12/19,[情報] 111年12月19日 三大法人買賣金額統計表,77
2022/12/19,[情報] 1219 上市投信買賣超排行,32
2022/12/19,[新聞] 高端、長聖及中光電董事或大股東 11月天,31
2022/12/19,[閒聊] 2022/12/19 盤後閒聊,26
2022/12/19,[請益] ETF借出後拿回的股利算哪種所得,7
2022/12/19,[新聞] 航海王擁3大護身符 不會重演2016大逃殺,36
2022/12/19,"[新聞] 台玻上周投信大買24,701張今暴跌 現買現",29
2022/12/19,Re: [新聞] 終端需求無好轉！萬海總座：農曆春節,5
2022/12/19,Re: [標的] 6269.tw台郡 一月營收爆炸多準備賺50,2
2022/12/19,Re: [請益] 標的合一4743,23
2022/12/19,[新聞] 大摩預言 明年台半導體股3好5壞,15
2022/12/19,Re: [心得] 美股投資-透過ESG尋找投資標的,9
2022/12/19,[新聞] 明年經濟成長放緩 財長:國安基金密切關注,15
2022/12/19,[新聞] 力積電:明年第1季營運恐滑落 但降幅有望,36
2022/12/19,[閒聊] 2022/12/19盤中閒聊,100
2022/12/19,[新聞] 震撼 大立光控玉晶光侵權,42
2022/12/19,[新聞] 全球貨櫃輪掀最大拆船潮,31
2022/12/19,[心得] 美股投資-透過ESG尋找投資標的,6
2022/12/18,Re: [新聞] 中國宣布禁止台灣食品,66
2022/12/18,[新聞] 明年首季 晶圓代工成熟製程再降價,25
2022/12/18,Re: [新聞] 中國宣布禁止台灣食品,3
2022/12/18,Re: [新聞] 中國宣布禁止台灣食品,7
2022/12/18,[新聞] 過去10年統計 台股封關週全數收紅上揚,15
2022/12/18,Re: [新聞] 中國宣布禁止台灣食品,38
2022/12/18,[公告] 12/18 處置公告,8
2022/12/18,[標的] 三星電子 請益 （微雷）,9
2022/12/18,Re: [新聞] 中國宣布禁止台灣食品,99
2022/12/18,Re: [新聞] 投顧：恐慌性低點不會再來 建議逢低為長,27
2022/12/18,[新聞] 外資押寶運價將反轉 「1價位」站穩就噴,20
2022/12/18,Re: [新聞] 中國宣布禁止台灣食品,68
2022/12/18,[新聞] 投顧：恐慌性低點不會再來 建議逢低為長,31
2022/12/18,[新聞] 黎明前黑暗 大摩續讚晶圓雙雄,25
2022/12/18,[新聞] 台積電鳳凰城設廠 房仲看好房市發展,31
2022/12/18,Re: [心得] 最近幾年竄起來的投資界KOL，一堆都在批,6
2022/12/18,[新聞] 高端股價崩跌逾8成！輿論攻擊不忍了,100
2022/12/18,[請益] 台幣儲蓄險到期 該買哪檔類定存股？,57
2022/12/18,Re: [新聞] 台積魏哲家：出口管制摧毀全球化,3
2022/12/18,[新聞] 台積魏哲家：出口管制摧毀全球化,34
2022/12/18,[心得]12/19~12/23 美股經濟數據&財報行事曆,23
2022/12/18,[新聞] 「華爾街大亨」郭哲榮 本周青睞長榮、萬,49
2022/12/18,Re: [請益] 聊聊加息的一些遞延效應,15
2022/12/17,[請益] 聊聊加息的一些遞延效應,76
2022/12/17,[標的] 中信中國高股息(00882.TW) 存股省稅多更,9
2022/12/17,Re: [請益] 今年投資一整年下來還是賠錢的人多嗎？,16
2022/12/17,[新聞] 鴻海出清紫光集團持股 經濟部：未經申報,41
2022/12/17,[新聞] 水手快看！長榮陽明關鍵價曝光 這條「黃,32
2022/12/17,[新聞] 長江存儲等36家中企 遭美列貿易黑名單,65
2022/12/17,Re: [美股] UPST MNDY SQ 多,13
2022/12/17,Re: [新聞] 長榮海運年終將揭曉！2年有望領100個,24
2022/12/17,[新聞] 大賣空角色原型警告投資人：遠離特斯拉,46
2022/12/17,Re: [請益] 請問哪些有在穩定配息的股票值得買,8
2022/12/17,[新聞] 美「實體清單」新列36家陸企機構 陸商務,19
2022/12/17,[新聞] 巴菲特大買台積電 魏哲家：我也借錢加碼,73
2022/12/17,Re: [新聞] 郭台銘：BNT攜手永齡 在台布局癌症免疫,9
2022/12/17,[新聞] Fed威廉斯：明年終點利率可能高於央行最,43
2022/12/17,Re: [標的] 1515.TW 力山 派樂騰反彈多←反指標,2
2022/12/17,[新聞] 郭台銘：BNT攜手永齡 在台布局癌症免疫,51
2022/12/17,[新聞] 「美國偷不走台積電」CNN報導點出台灣致,99
2022/12/17,Re: [標的] TSLA.US 特斯拉即將升長期多,7
2022/12/17,Re: [新聞] 深夜震撼彈！鴻海宣布全數處分中國紫光持,1
2022/12/17,[新聞] 危機入市 女股神低接特斯拉股票,28
2022/12/17,Re: [新聞] 封控重創 陸11月經濟黯淡,35
2022/12/17,[新聞] 台積從高中開始搶才 魏哲家曝1句攬才絕招,36
2022/12/17,Re: [新聞] 深夜震撼彈！鴻海宣布全數處分中國紫光持,31
2022/12/17,Re: [標的] 3515華擎.tw 做多,7
2022/12/17,[新聞] 一周熱門零股/長榮、聯發科 躋身十強,16
2022/12/17,[新聞] 萬海談展望 下季充滿變數,30
2022/12/17,Re: [美股] UPST MNDY SQ 多,12
2022/12/17,Re: [新聞] 存股族注意！0056成分股增加至50檔 今盤,25
2022/12/17,Re: [標的] TSLA.US 特斯拉即將升長期多,24
2022/12/16,[新聞] 巴菲特今年投資跑贏市場 笑到最後,42
2022/12/16,[新聞] 深夜震撼彈！鴻海宣布全數處分中國紫光持,100
2022/12/16,[新聞] 泰山今發動首波法律攻勢 將對龍邦提告,10
2022/12/16,Re: [新聞] 封控重創 陸11月經濟黯淡,37
2022/12/16,[情報] 111年12月16日信用交易統計,19
2022/12/16,[情報] 1216 上市櫃外資投信同買排行,0
2022/12/16,[新聞] 封控重創 陸11月經濟黯淡,14
2022/12/16,[情報] 1216 上市櫃外資投信買超金額排行,5
2022/12/16,[請益] keystone油管部分重啟，影響是什麼?,3
2022/12/16,[新聞] 去你的「去台化」！竹科新建基地軟體大樓,4
2022/12/16,[新聞] 是否續任央行總裁？ 楊金龍：由上級決定,69
2022/12/16,[情報] 1216八大公股銀行買賣超排行,9
2022/12/16,[新聞] 外資看衰驅動IC 續喊賣聯詠目標161元,45
2022/12/16,[新聞] 終端需求無好轉！萬海總座：農曆春節前,14
2022/12/16,[新聞] 台股再重挫 黃天牧三字回應,27
2022/12/16,[新聞] SCFI翻正差一步 貨櫃三雄等1爆炸利多,32
2022/12/16,[標的] 00692/006208/00878/0051/0056/0050怎選,37
2022/12/16,[情報] 111年12月16日 櫃買法人買賣金額統計表,4
2022/12/16,[新聞] 萬海總座：終端需求未好轉 農曆年前小旺,47
2022/12/16,[情報] 00900成分股審核結果,53
2022/12/16,[新聞] 重大消息?川普宣布進軍NFT市場 關聯股票,27
2022/12/16,[新聞] 台泥收購葡萄牙最大快充充電站KLC 擴歐洲,24
2022/12/16,[情報] 1216 上市外資買賣超排行,42
2022/12/16,[標的] TSLA.US 特斯拉即將升長期多,31
2022/12/16,Re: [新聞] 神祕買盤敲進 聯電最後一盤近3萬張成交,10
2022/12/16,[新聞] 小心！這2款ETF今年沒賣出 明年起要被多%,8
2022/12/16,[新聞] 亞洲房價面臨暴跌風險,100
2022/12/16,[情報] 1216 上市投信買賣超排行,39
2022/12/16,[情報] 1216 SCFI 指數 1123.29,28
2022/12/16,[情報] 111年12月16日 三大法人買賣金額統計表,73
2022/12/16,[新聞] 智崴：明年營運滿血復活 在手訂單將創新高,19
2022/12/16,Re: [新聞] 神祕買盤敲進 聯電最後一盤近3萬張成交,6
2022/12/16,[心得] 薯條加大奈米單,41
2022/12/16,[新聞] 神祕買盤敲進 聯電最後一盤近3萬張成交,25
2022/12/16,[閒聊] 2022/12/16 盤後閒聊,45
2022/12/16,[新聞] 法說會前 萬海出現久違的漲停價位,22
2022/12/16,[新聞] 存股族注意！0056成分股增加至50檔 今盤,56
2022/12/16,[新聞] 零股交易新措施將上路 專家：2好處有利,38
2022/12/16,[新聞] 離岸風電選商 驚見0元破底價,87
2022/12/16,[閒聊] 2022/12/16 盤中閒聊,100
2022/12/16,[新聞] 大摩降晶圓雙雄目標價,43
2022/12/16,[新聞] 美國加州和中西部未來五年有能源短缺風險,31
2022/12/16,[新聞] 抽船效應+年前小旺季　美西與地中海運價,22
2022/12/16,Re: [新聞] 鮑爾言論發酵 美股盤前續跌逾200點,45
2022/12/16,[新聞] Fed暗示將有更多升息 美元依舊反彈無力,60
2022/12/15,[新聞] 炒股不法獲利逾1億美元 美8名網紅挨告,39
2022/12/15,[新聞] 泰山老董詹景超首度發聲：不求戰也不畏,44
2022/12/15,[標的] 我只有500 空,25
2022/12/15,[新聞] 郭哲榮：Fed放鷹 但兩大證據將證明「台ꨭ,67
2022/12/15,Re: [情報] TSLA 老馬又賣啦,30
2022/12/15,[情報] 111年12月15日信用交易統計,18
2022/12/15,[新聞] 鮑爾言論發酵 美股盤前續跌逾200點,42
2022/12/15,[新聞] 學者看央行明年升息腳步 台經院:按兵不動,29
2022/12/15,[情報] 1215 上市櫃外資投信買超金額排行,0
2022/12/15,[新聞] 總裁愛台積 魏哲家11月再加碼200張公司股,40
2022/12/15,[情報] 111年12月15日 櫃買法人買賣金額統計表,9
2022/12/15,[請益] 尋找預期本益比 forward PE 的資訊,2
2022/12/15,[情報] 1215八大公股銀行買賣超排行,14
2022/12/15,[創作] 一見鍾情,17
2022/12/15,[情報] 本週WCI指數 12/15,53
2022/12/15,[情報] 2338 光罩 子公司處分聯電股票,28
2022/12/15,[新聞] 嚴陳莉蓮接棒4年，讓n7爆單、MG重返台灣,40
2022/12/15,[新聞] 日友11月營收創新高，股價沿五日線出量攀,7
2022/12/15,[新聞] 「女兒先買統一超的零股，再拿股息買飲,-10
2022/12/15,[情報] 中央銀行理監事聯席會議決議新聞稿(升息半碼),27
2022/12/15,[情報] 升息半碼,100
2022/12/15,[情報] 1215 上市外資買賣超排行,33
2022/12/15,[新聞] 日本智庫指「台灣人均GDP今年將超越日本,71
2022/12/15,[新聞] 發聲了！斥資80億購買全家股權爭議 國泰,30
2022/12/15,[新聞] 河靜鋼全面調漲明年2月份盤價 每公噸漲2,7
2022/12/15,[新聞] 中鋼明年第一季盤價出爐 全產品基價平均調降0.83%,20
2022/12/15,[情報] 111年12月15日 三大法人買賣金額統計表,24
2022/12/15,[情報] 1215 上市投信買賣超排行,22
2022/12/15,[新聞] 零股交易重大變革！盤中撮合時間縮短,51
2022/12/15,Re: [情報] 友達 111年11月營收174.75億、年減43,25
2022/12/15,Re: [情報] TSLA 老馬又賣啦,44
2022/12/15,Re: [標的] [美股] BRK.B 波克夏，中長期投機,7
2022/12/15,[標的] 裕民 2606 週五 套牢大量區壓力準備空,13
2022/12/15,[新聞] 聯詠 明年營運有春天,23
2022/12/15,[閒聊] 2022/12/15 盤後閒聊,33
2022/12/15,[新聞] 《食品股》愛之味今年獲利 挑戰24年新高,2
2022/12/15,[新聞] 布局菲律賓 長榮航3月增闢克拉克航線,46
2022/12/15,Re: [情報] TSLA 老馬又賣啦,24
2022/12/15,[新聞] 利多已反應 高盛降評聯發科,29
2022/12/15,[新聞] 最後機會！元大高息低波(00713)年化配息1,28
2022/12/15,[新聞] 眾分析師怎麼看Fed？維持鷹派基調 把市場,18
2022/12/15,[情報] TSLA 老馬又賣啦,100
2022/12/15,[新聞] 《其他股》森崴突破半年線反壓 台電二期,5
2022/12/15,Re: [新聞] 差點變佳德！莫德納也爆拒給配方 與中國,-10
2022/12/15,Re: [新聞] 台廠警訊 中芯擴產成熟製程,-10
2022/12/15,[新聞] 貨櫃三雄以陽明年終獎金與員工紅利確定,40
2022/12/15,[閒聊] 2022/12/15 盤中閒聊,100
2022/12/15,[新聞] 台廠警訊 中芯擴產成熟製程,29
2022/12/15,[新聞] Fed如預期升息2碼 明年終點利率估破5%,46
2022/12/15,Re: [請益] 美股現在到底是利多還是利空呀?,32
2022/12/15,[情報] FOMC 決議全文 及 Powell記者會,37
2022/12/15,[請益] 接下來可能買泰山嗎？,21
2022/12/15,[新聞] 兩天跌超10%，華爾街「勸」馬斯克關心下,23
2022/12/14,[情報] 全市場當沖虧損最多的股票,5
2022/12/14,[新聞] 「殯葬大老奪泰山」！經營權大戰掀黑料,70
2022/12/14,[情報]  6589 台康生 申報轉讓,11
2022/12/14,[新聞] 差點變佳德！莫德納也爆拒給配方 與中國,100
2022/12/14,Re: [新聞] 台康生新藥遭FDA提生產製造及設施缺失,6
2022/12/14,[新聞] 央行明開理事會 顯示不升息機率飆至六成,100
2022/12/14,[情報] 111年12月14日信用交易統計,12
2022/12/14,[情報] 1214 上市櫃外資投信同買排行,0
2022/12/14,[新聞] 自行車景氣崩了謝金河：巨大說醜話,4
2022/12/14,[新聞] 租賃三雄11月營收連袂創新高，12月估維持,4
2022/12/14,[新聞] 陽明難得出手　投資凱基富麗與統一富麗,37
2022/12/14,[新聞] 乳癌藥證再等等，台康開盤跌停，充填代工,4
2022/12/14,Re: [新聞] 台康生新藥遭FDA提生產製造及設施缺失,7
2022/12/14,[情報] 1214 上市櫃外資投信買超金額排行,1
2022/12/14,[情報] 111年12月14日 櫃買法人買賣金額統計表,4
2022/12/14,Re: [新聞] 美國CPI數據懷疑遭洩露,10
2022/12/14,[情報] 8046南電 將投資台塑股票(不超過10億元,4
2022/12/14,[情報] 1214八大公股銀行買賣超排行,5
2022/12/14,[新聞] 中鋼董事長翁朝棟大膽預告 明年第2季,29
2022/12/14,Re: [新聞] 台康生新藥遭FDA提生產製造及設施缺失,39
2022/12/14,[新聞] 國泰金現增抽籤日出爐！每人可申購2張,63
2022/12/14,[新聞] 美國CPI數據懷疑遭洩露,53
2022/12/14,[新聞] 超出負荷！漢來海港自助餐廳明年2月起,81
2022/12/14,[情報] 2206三陽工業 子公司取得農林股票,14
2022/12/14,Re: [新聞] 抗生素好缺 中化、生達、松瑞藥鎖漲停,5
2022/12/14,[情報] 00921兆豐產業龍頭等權重ETF 成分股,39
2022/12/14,[情報] 1214 上市外資買賣超排行,17
2022/12/14,[新聞] 全家/全家證實國泰蔡家買二成股權 網友嘰,15
2022/12/14,Re: [情報] 中環代子公司公告處分有價證券陽明,11
2022/12/14,[新聞] 傳台積電7奈米廠恐擱置 高雄房市交易量,67
2022/12/14,[情報] 111年12月14日 三大法人買賣金額統計表,39
2022/12/14,[情報] 1214 上市投信買賣超排行,18
2022/12/14,Re: [標的] 2609.2603tw陽明 長榮反彈空,4
2022/12/14,[新聞] 全家2成股權國泰蔡家全買走　龍邦喊告、,39
2022/12/14,[情報] 5903全家公告萬寶開發取得全家股份,37
2022/12/14,[閒聊] 2022/12/14 盤後閒聊,44
2022/12/14,[新聞] FT：美國最快本周將長江存儲等30多家陸,36
2022/12/14,[新聞] 年輕人投資ETF 大增至五成,58
2022/12/14,[新聞] 人行出手 吃下人民幣7500億元特別國債,26
2022/12/14,[新聞] 名片上沒有職稱、長榮四兄弟中最低調的大,8
2022/12/14,[新聞] 擁最強兩支飲料產品，愛之味看營運愈來愈,51
2022/12/14,[新聞] 權證避險降稅金管會估日均量成長1.78倍,7
2022/12/14,[標的] 巨有 8227 上櫃多,20
2022/12/14,[新聞] 富邦大董坦言金控年終變數多 但向股民,15
2022/12/14,[新聞] 半導體利用率下探66% 陸行之：慎防企業Q4,5
2022/12/14,Re: [新聞] 抗生素好缺 中化、生達、松瑞藥鎖漲停,8
2022/12/14,[新聞] 防疫險/防疫險年終清倉？單周暴增百億元1,55
2022/12/14,[新聞] 全家股權風暴延燒！龍邦啟動法律戰,65
2022/12/14,[新聞] 中低階車款少 美利達：金流正常沒展延,20
2022/12/14,[公告] 關於腳踏車、車用電子產業 請謹慎發言,57
2022/12/14,[新聞] 美通膨數據放緩 分析師看好台股重返彈勢,13
2022/12/14,[公告] 投票案取消後 處理,21
2022/12/14,[新聞] 台康生新藥遭FDA提生產製造及設施缺失,26
2022/12/14,[標的] 杏一 4175 血糖多,14
2022/12/14,[閒聊] 2022/12/14 盤中閒聊,99
2022/12/14,[新聞] 國泰蔡家買全家近２成股權,71
2022/12/14,[新聞] 初步數據顯示莫得納的癌症疫苗有效,10
2022/12/14,[新聞] 長榮海運年終將揭曉！2年有望領100個月,77
2022/12/14,Re: [情報] 美國11月CPI 7.1% 核心6.0%,41
2022/12/14,Re: [新聞] 核融合「人造太陽」即將成真？,18
2022/12/14,Re: [情報] 美國11月CPI 7.1% 核心6.0%,35
2022/12/13,Re: [新聞] 核融合「人造太陽」即將成真？,81
2022/12/13,[公告] 12/13 處置公告＋投票案取消,0
2022/12/13,Re: [新聞] 自行車庫存史上最嚴重！巨大重挫市值,-10
2022/12/13,[標的] 我特信心全失空 TSLA.US,75
2022/12/13,[新聞] 自行車庫存史上最嚴重！巨大重挫市值蒸發,100
2022/12/13,[標的] BA.US 波音,9
2022/12/13,Re: [情報] 美國11月CPI 7.1% 核心6.0%,25
2022/12/13,[新聞] 全球第五大航商CEO：航運需求將「短暫」,6
2022/12/13,[情報] 道瓊35000點 距離高點4.49%,62
2022/12/13,[新聞] 陸船東協會：海運業明年最大變數是環保新,18
2022/12/13,[情報] 111年12月13日信用交易統計,11
2022/12/13,[新聞] 葉倫：美國通膨2023年將大幅降溫,52
2022/12/13,[情報] 美國11月CPI 7.1% 核心6.0%,100
2022/12/13,Re: [新聞] 路透：大陸擬砸1兆人民幣扶持晶片業,44
2022/12/13,[新聞] FUD 滿天飛》一天內流出 9 億美元？幣安,30
2022/12/13,[新聞] 郭哲榮：CPI通膨今晚開獎 見6台股上萬六,88
2022/12/13,[新聞] 鋼鐵5將漲停 中鋼1原因步伐沉,23
2022/12/13,[情報] 1213八大公股銀行買賣超排行,9
2022/12/13,[情報] 1218 泰山 收到智慧財產及商業法院商業庭,14
2022/12/13,[心得] 產業營收整理2022Q3-part2(持平篇),37
2022/12/13,[情報] 1213 上市櫃外資投信同買排行,4
2022/12/13,[情報] 1213 上市櫃外資投信買超金額排行,0
2022/12/13,[新聞] 藥荒發作！多頭錢進生技股 專家看好4檔,39
2022/12/13,[情報] 中環代子公司公告處分有價證券陽明,23
2022/12/13,[新聞] 路透：大陸擬砸1兆人民幣扶持晶片業 與,100
2022/12/13,[新聞] 巨大單日市值蒸發70億！　延交貨款最新聲,65
2022/12/13,[新聞] 存股型ETF選哪檔？ 存股達人都敲碗它,16
2022/12/13,[情報] 1213 上市外資買賣超排行,25
2022/12/13,[新聞] 習提議人民幣買油氣 遭沙烏地打槍,100
2022/12/13,[請益] 國泰金原股東認購,39
2022/12/13,[新聞] 元太全彩電子紙量產 客戶產品2023年上市,38
2022/12/13,[新聞] 元太全彩電子紙量產 客戶產品2023年上市,13
2022/12/13,[新聞] 標榜2500年不倒!「陶朱隱園」登Discovery,92
2022/12/13,[情報] 111年12月13日 三大法人買賣金額統計表,56
2022/12/13,[情報] 1213 上市投信買賣超排行,12
2022/12/13,Re: [標的] TQQQ適用槓桿投資法嗎？,9
2022/12/13,[新聞] 陽明小旺季報到 全線滿載,62
2022/12/13,Re: [新聞] 小摩：若11月CPI低於水平 美股有機會暴漲,8
2022/12/13,[閒聊] 2022/12/13 盤後閒聊,100
2022/12/13,[新聞] 女股神估：Fed很快會轉鴿 將推動2023股,70
2022/12/13,[新聞] 股齡20年不會被騙！婦欲投資未上市股票,21
2022/12/13,[新聞] 小摩：若11月CPI低於水平 美股有機會暴漲,51
2022/12/13,Re: [標的] TSLA.NA  有底汽才能多,21
2022/12/13,Re: [新聞] 巨大延票爆恐慌賣壓 自行車族群集體落鏈,43
2022/12/13,[新聞] 中鋼盤價 向上態勢轉強,16
2022/12/13,"[新聞] 台股ETF資產規模 飆新高 11月暴衝1,200",10
2022/12/13,Re: [新聞] 核融合「人造太陽」即將成真？,35
2022/12/13,[新聞] 台股ETF最愛10、11月除息 專家笑揭原因,3
2022/12/13,Re: [新聞] 民生物資漲翻天央行為何不強力升息？總裁,2
2022/12/13,[新聞] 巨大延票爆恐慌賣壓 自行車族群集體落鏈,48
2022/12/13,Re: [情報] 9921 巨大 七月營收歷史新高,77
2022/12/13,[閒聊] 2022/12/13 盤中閒聊,100
2022/12/13,[新聞] 野村：台積拉回就是買點,40
2022/12/13,[新聞] 捱過疫情低潮 王品今年年終爽發1.5個月,47
2022/12/13,[新聞] 股價低於淨值 陽明評估實施庫藏股,33
2022/12/13,Re: [標的] TSLA.NA  有底汽才能多,36
2022/12/13,[標的] 美股 AMAT -應用材料,4
2022/12/13,[新聞] 假冒《冰冰SHOW》名義開存股分享會 白冰,21
2022/12/12,[新聞] 洋基在手訂單逾199億 估明年穩健成長,94
2022/12/12,[新聞] 統一FANG+ ETF成分股變動 AMD、Snowflake,9
2022/12/12,[情報] 12/12全市場當沖虧損最多的股票,12
2022/12/12,[情報] 111年12月12日信用交易統計,12
2022/12/12,[情報] 6721 信實 11月營收,8
2022/12/12,[新聞] 核融合「人造太陽」即將成真？,99
2022/12/12,[情報] 1212 上市櫃外資投信同買排行,0
2022/12/12,[新聞] 世界先進明年資本支出 大砍六成,20
2022/12/12,[情報] 中鋼11月營收320.18億元 年減近30％,39
2022/12/12,[新聞] 高雄7奈米廠恐擱置 台積電擬在日本建7奈,100
2022/12/12,[情報] 1212 上市櫃外資投信買超金額排行,0
2022/12/12,[標的] 2006東和鋼鐵 跟著房市空,6
2022/12/12,[情報] 6026福邦證決議辦理現金增資,11
2022/12/12,[新聞] 台積電最先進製程留台灣 因為薪水低素質,99
2022/12/12,[情報] 1212八大公股銀行買賣超排行,1
2022/12/12,[情報] 2323中環代子公司 公告處分高鐵股票,26
2022/12/12,[新聞] 彭双浪：面板產業已跌到谷底　友達北美新廠排定2025年量產,45
2022/12/12,[新聞] 元太雙入選 道瓊永續世界指數與新興市場,11
2022/12/12,[情報] 111年12月12日 櫃買法人買賣金額統計表,7
2022/12/12,[新聞] 明年展望 陽明：且戰且走,31
2022/12/12,[標的] TQQQ適用槓桿投資法嗎？,17
2022/12/12,Re: [心得] 關於陽明未來的一些看法討論,14
2022/12/12,[標的] 5009榮剛  林益全多,16
2022/12/12,[新聞] 台股又淪外資提款機！單周失血8.28億元亞,34
2022/12/12,[情報] 1212 上市外資買賣超排行,22
2022/12/12,Re: [標的] 6269.tw台郡 一月營收爆炸多準備賺50%起,12
2022/12/12,[情報] 1217愛之味11月營收MOM-3.63% YOY-0.64%,9
2022/12/12,[情報] 富邦媒、網家111年11月合併營收,35
2022/12/12,[情報] 2618長榮航11月營收 月增7.10% 年增11.61,17
2022/12/12,[情報] 111年12月12日 三大法人買賣金額統計表,57
2022/12/12,[情報] 1212 上市投信買賣超排行,11
2022/12/12,[情報] 2646星宇航空 11月營收+62%mom +752%yoy,41
2022/12/12,Re: [新聞] 推特大砍8成伺服器訂單 英特爾受重傷,9
2022/12/12,[閒聊] 2022/12/12 盤後閒聊,43
2022/12/12,[情報] 2206 三陽工業 11月營收,19
2022/12/12,Re: [新聞] 民生物資漲翻天央行為何不強力升息？總裁,6
2022/12/12,[新聞] 月薪27K想花5年存百萬！賣台積電小賺140,28
2022/12/12,[新聞] 抗生素好缺 中化、生達、松瑞藥鎖漲停,23
2022/12/12,[新聞] 馬士基股價飆漲 貨櫃股由長榮帶頭回穩,28
2022/12/12,Re: [新聞] 民生物資漲翻天央行為何不強力升息？總裁,21
2022/12/12,[新聞] 保險業陷水深火熱 保安基金5.22億買豪辦,5
2022/12/12,[新聞]自行車巿場雪崩？巨大罕見發函延長票期,81
2022/12/12,[新聞] 超級央行周！全球六家央行可能在24小時密,17
2022/12/12,[新聞] 民生物資漲翻天央行為何不強力升息？總裁,85
2022/12/12,[新聞] 00757成分股變動 AMD、Snowflake取代中概股,18
2022/12/12,[新聞] 疫情解封創新局！謝金河揭「旅遊業1趨勢2,2
2022/12/12,[新聞] 「中阿」石油貿易人民幣結算？美專家驚：,0
2022/12/12,[情報] 3332幸康 111年11月營收,2
2022/12/12,[心得] 上海商銀中籤發錢,97
2022/12/12,Re: [標的] 2609.2603tw陽明 長榮反彈空,12
2022/12/12,[情報] 6147 頎邦 111年11月營收,19
2022/12/12,[情報] 2027/8415 大成鋼/大國鋼 11月營收,10
2022/12/12,[閒聊] 2022/12/12 盤中閒聊,99
2022/12/12,[新聞] 台股年終收尾 內資撐場,8
2022/12/12,[新聞] 新台幣匯價 明年Q1難返2字頭,17
2022/12/12,[新聞] 預售屋炒作嚴重 打炒房條例捲土重來,85
2022/12/12,[情報] 00692收益分配,16
2022/12/12,[新聞] 萬海10艘老船近3年估為公司賺約40億,22
2022/12/12,[公告] 1211 警告 水桶 多人,49
2022/12/11,[新聞] IATA：2023年航空貨運量年減4.3％,4
2022/12/11,[新聞] 中共整肅A股 39天28家上市公司被查,16
2022/12/11,[新聞] 台股作夢＋作帳行情恐快結束！ 法人：見,68
2022/12/11,[新聞] 新建案屋頂需設太陽能發電 燁輝、新光鋼,19
2022/12/11,[新聞] 央行理監事會15日登場　學者估「升半碼」,70
2022/12/11,[新聞] 全球經濟籠罩衰退陰霾 我國央行升息腳步,89
2022/12/11,[情報] 5876 上海商銀11月營收 M-0.18% Y+27.48%,98
2022/12/11,Re: [心得] 關於陽明未來的一些看法討論,63
2022/12/11,[新聞] 全球都想要台積電！CNN：台灣「矽盾」戰,99
2022/12/11,[新聞] 推特大砍8成伺服器訂單 英特爾受重傷,21
2022/12/11,[新聞] 首創台股等權重存股術 兆豐新基金准募,5
2022/12/11,[心得] 12/12~12/16 美國經濟數據&財報行事曆,40
2022/12/11,[新聞] 航空業貨運迎小旺季,6
2022/12/11,[心得] 定期定額存股,47
2022/12/11,[標的] 00757 fang+成分,7
2022/12/10,[新聞] 匯損 六壽險估虧逾300億,20
2022/12/10,[心得] 50張圖教你學會看懂財報找飆股賺價差,48
2022/12/10,[新聞] 儒鴻短單報到 下季迎春燕,29
2022/12/10,Re: [請益] 出一個高平準金指數ETF可行嗎？,36
2022/12/10,[新聞] 旺宏吳敏求：台灣是半導體最適產地,40
2022/12/10,[公告] 請按大V 參與股板違規檢舉判決,16
2022/12/10,[請益] 出一個高平準金指數ETF可行嗎？,8
2022/12/10,[新聞] 美《國防授權法案》放寬對中國晶片禁令,87
2022/12/10,[新聞] 砷化鎵族群11月營收續低迷 股價拉回近1,17
2022/12/10,[新聞] 魏哲家4字駁「掏空台灣」！謝金河力挺：,32
2022/12/10,[新聞] 貨櫃三雄減運第一槍！萬海出售10艘舊船,44
2022/12/10,[新聞] 獨／摩斯「神級1餐點」緊急停賣！,33
2022/12/10,[新聞] 打通膨打到人人叫苦 央行是否升息陷兩難,36
2022/12/10,[新聞] 房市交易量停滯 房產仍是最好保值產品,35
2022/12/10,[新聞] 華爾街要失望了彭博調查:Fed明年降息無望 八成估經濟將衰退,62
2022/12/10,Re: [情報] 00878收益分配,26
2022/12/10,Re: [新聞] 獨／陸再禁我台啤、金門高粱、黑松沙士,5
2022/12/10,[新聞] 臉書秀台積電12吋晶圓 拜登高喊「美國製,81
2022/12/10,[情報] 111年 證券、期貨公司 11月自結 eps,12
2022/12/10,[情報] 00878收益分配,23
2022/12/10,[情報] 1104環泥 11月營收,25
2022/12/10,[請益] 如聯準會明後年啟動降息，長天期美國公,32
2022/12/10,[情報] 創康富詐騙已拉完地毯，Re: 說服家人那篇,9
2022/12/10,[新聞] 一周熱門零股/國泰永續高股息衝第一,15
2022/12/10,[情報] 2501 國建11月營收,53
2022/12/10,Re: [請益] 怎麼樣說服家人這是詐騙？,2
2022/12/10,[新聞] 美債息倒掛逾40年最慘 「鮑爾衰退」來了,15
2022/12/10,[新聞] 獨／陸再禁我台啤、金門高粱、黑松沙士,100
2022/12/10,Re: [情報] 美國11月PPI指數,44
2022/12/10,Re: [請益] 怎麼樣說服家人這是詐騙？,3
2022/12/10,Re: [請益] 怎麼樣說服家人這是詐騙？,2
2022/12/10,Re: [請益] 怎麼樣說服家人這是詐騙？,0
2022/12/09,[新聞] 中國發行特別國債3.3兆元 史上第4次,84
2022/12/09,Re: [標的] TSLA.NA  有底汽才能多,14
2022/12/09,Re: [請益] 怎麼樣說服家人這是詐騙？,7
2022/12/09,Re: [請益] 怎麼樣說服家人這是詐騙？,7
2022/12/09,[情報] 12/9全市場當沖虧損最多的股票,5
2022/12/09,Re: [請益] 怎麼樣說服家人這是詐騙？,35
2022/12/09,[情報] 111年【1-11月金控含銀行】累績EPS排行,33
2022/12/09,[新聞] 台積電AZ廠砸1.2兆 又有3大咖挺爆！ 頭號,47
2022/12/09,Re: [請益] 怎麼樣說服家人這是詐騙？,6
2022/12/09,[情報] 111年12月09日信用交易統計,6
2022/12/09,[情報] 111年【11月份金控股】EPS排名(全已公布),33
2022/12/09,[情報] 3Q22台積電市佔56.1% 擴大領先 三星15.5%,11
2022/12/09,[情報] 美國11月PPI指數,64
2022/12/09,Re: [請益] 標的合一4743,41
2022/12/09,[標的] 請問這幾天中信債ETF在開啥車？,12
2022/12/09,[新聞] 灣區科企裁員潮 料持續到明年4月,8
2022/12/09,[新聞] 航運再揚帆?陽明董座:黑暗期已過小心1事,11
2022/12/09,[情報] 1209 上市櫃外資投信同買排行,1
2022/12/09,[情報] 111年12月09日 櫃買法人買賣金額統計表,5
2022/12/09,[情報] 2357華碩、2376技嘉、2377微星 11月營收,15
2022/12/09,[情報] 1209 上市櫃外資投信買超金額排行,4
2022/12/09,[新聞] 競爭對手「台積電」赴美設廠！　蔡明介,-10
2022/12/09,[情報] 1209八大公股銀行買賣超排行,7
2022/12/09,[新聞] 長榮航好狂！11月營收128億元 客運暴增,55
2022/12/09,[情報] 2882國泰金 11月自結-0.6 累計3.43,30
2022/12/09,[情報] 1231聯華食、9939宏全 11月營收,5
2022/12/09,[情報] 2845遠東銀 111年11月自結 0.11,27
2022/12/09,[新聞] 受防疫險理賠及新台幣大彈影響 富邦金11,12
2022/12/09,[情報] 2480敦陽科、3029零壹 11月營收,1
2022/12/09,[情報] 1720生達、4107邦特 11月營收,8
2022/12/09,[情報] 2888新光金11月自結-0.16,37
2022/12/09,Re: [標的] 2609.2603tw陽明 長榮反彈空,28
2022/12/09,[情報] 2883 開發金11月自結-0.16 累計1.07,28
2022/12/09,[情報] 1101台泥11月營收 mom-14.8% yoy-0.8%,25
2022/12/09,[情報] 2881 富邦金11月自結-1.3 累計4.77,61
2022/12/09,[新聞] 萬海11月營收雙衰退，前11月營收年增20.8,7
2022/12/09,[新聞] 11連黑！11月證交稅年減4成 創20年最大,21
2022/12/09,[情報] 中環代子公司公告取得有價證券台灣高鐵,11
2022/12/09,Re: [請益] 怎麼樣說服家人這是詐騙？,4
2022/12/09,[新聞] 元太電子標籤出貨飆,25
2022/12/09,[情報] 2454聯發科 11月營收,27
2022/12/09,[情報] 2812 台中銀11月自結0.1 累計1.02,25
2022/12/09,[情報] 陽明11月合併營收 月減18.25%年減43.13%,38
2022/12/09,[情報] 長榮11月營收360億 月減20%,100
2022/12/09,[標的] 恭喜台積達成單一公司 兩兆營收,82
2022/12/09,[情報] 2897 王道銀行11月自結0.03 累計0.66,9
2022/12/09,[情報] 1209 上市外資買賣超排行,31
2022/12/09,[情報] 2886 兆豐金11月自結0.16 累計1.30,21
2022/12/09,Re: [請益] 怎麼樣說服家人這是詐騙？,8
2022/12/09,[情報] 2890 永豐金11月自結0.1 累計1.29,22
2022/12/09,Re: [情報] 友達 111年11月營收174.75億、年減43,11
2022/12/09,[情報] 6770力積電 11月營收,54
2022/12/09,[情報] 5880 合庫金11月自結0.14 累計1.31,20
2022/12/09,[情報] 友達 111年11月營收174.75億、年減43.42%,32
2022/12/09,[新聞] 悠遊卡公司拚上興櫃　最快下月登錄,19
2022/12/09,[情報] 111年12月09日 三大法人買賣金額統計表,26
2022/12/09,[情報] 3228 金麗科 10月自結-0.01,19
2022/12/09,[情報] 1209 SCFI 指數 1138.09 (-33.27) -2.84%,45
2022/12/09,[情報] 威盛11月營收10.4億MOM98.42%YOY68.97%,22
2022/12/09,[情報] 1209 上市投信買賣超排行,14
2022/12/09,[標的] 6269.tw台郡 一月營收爆炸多準備賺50%起,8
2022/12/09,[情報] 9940信義11月營收 mom-14.7% yoy-55.8%,16
2022/12/09,Re: [請益] 怎麼樣說服家人這是詐騙？,15
2022/12/09,[情報] 2324仁寶11月營收 mom-14.2% yoy-34%,18
2022/12/09,[情報] 2330 台積電 11月營收,75
2022/12/09,[請益] 存股變飆股該如何操作,60
2022/12/09,[新聞] 台積電11月營收飆上2227億元 月增6%創單,53
2022/12/09,Re: [新聞] 日媒曝台積電考慮在日本興建新工廠,33
2022/12/09,[閒聊] 2022/12/09 盤後閒聊,22
2022/12/09,[新聞] 網家商店街啟動資本重組 減資後資本額剩1,11
2022/12/09,[新聞] 傳考慮日本新廠 台積電目前無具體計劃,16
2022/12/09,[請益] 怎麼樣說服家人這是詐騙？,99
2022/12/09,[新聞] 金融股瘋「抽抽樂」！上海商銀中籤率7.68  台中銀不到2.5%,58
2022/12/09,[新聞] 台積電赴美擴大投資 學者：緩和台灣五缺,0
2022/12/09,[情報] 2542 興富發 11月營收,38
2022/12/09,Re: [新聞] 日媒曝台積電考慮在日本興建新工廠,100
2022/12/09,[新聞] 台積電不排除在日本興建第2廠！日政府：大,58
2022/12/09,[請益] 借券目的?,15
2022/12/09,[新聞] 日媒曝台積電考慮在日本興建新工廠,100
2022/12/09,[新聞] 《DJ在線》PVC報價回彈，中國需求力道將,1
2022/12/09,[情報] 6026 福邦證 11月營收,7
2022/12/09,Re: [請益] 大家看股票會研究經營層動作嗎?,3
2022/12/09,[閒聊] 2022/12/09 盤中閒聊,100
2022/12/09,[情報] FTC決定要吉微軟併購動視暴雪,14
2022/12/09,"Re: [標的] TSLA, AMD, TSM.US 歐印誰 討論",23
2022/12/09,Re: [新聞] 艾司摩爾不只建新廠 沈榮津：歐洲供應鏈,15
2022/12/09,[標的]  6754 匯僑設計 邊境開放多,15
2022/12/09,[請益] 亞泥股利問題,0
2022/12/08,[新聞] 長抱0056！樂活大叔年年賺5%　教小資族1,23
2022/12/08,Re: [新聞] 艾司摩爾不只建新廠 沈榮津：歐洲供應鏈,5
2022/12/08,[新聞] 美國上周初領失業金人數升至23萬人 續領,46
2022/12/08,[標的] 6279.TW 胡連 北連中胡多,20
2022/12/08,[新聞] 艾司摩爾不只建新廠 沈榮津：歐洲供應鏈,100
2022/12/08,[情報] 1208 上市櫃外資投信同買排行,0
2022/12/08,[情報] 111年12月08日信用交易統計,14
2022/12/08,[新聞] 長榮航董座專訪 林寶水：明年客運全面高,23
2022/12/08,[情報] 1208 上市櫃外資投信買超金額排行,0
2022/12/08,[新聞] 凱基2023投資前瞻 保守看明年台股高點,13
2022/12/08,[創作] 忘情水,33
2022/12/08,[新聞] 郭哲榮：台積電變美積電 義積電、力積電,33
2022/12/08,[新聞] 泰山出脫全家爭議 金管會介入：一周內有,44
2022/12/08,[新聞] 「軍工股F4」股價全跌了 這檔跌最重,24
2022/12/08,[情報] 1208八大公股銀行買賣超排行,9
2022/12/08,[新聞] 台積赴美 台灣免驚？財經網美揭2關鍵,-10
2022/12/08,[請益] 大家看股票會研究經營層動作嗎?,21
2022/12/08,[情報] 2880 華南金11月自結0.09 累計1.19,13
2022/12/08,[情報] 2891 中信金11月自結-0.03 累計1.64,45
2022/12/08,[新聞] 中鋼下季盤價跌勢可能擴大,60
2022/12/08,[情報] 2887 台新金11月自結0.18 累計1.06,62
2022/12/08,[新聞] 元太：看好全球60億片電子標籤市場,32
2022/12/08,[情報] 111年12月08日 櫃買法人買賣金額統計表,10
2022/12/08,[情報] 中環代子公司公告處分有價證券長榮海,34
2022/12/08,[情報] 2832 台產 11月營收,7
2022/12/08,[標的] 3284 太普高 轉機多,11
2022/12/08,[情報] 1208 上市外資買賣超排行,23
2022/12/08,[情報] 2884 玉山金11月自結0.12 累計1.02,38
2022/12/08,[新聞] 永豐金/永豐金獲外資青睞已占三成股權 居,8
2022/12/08,Re: [標的] 2474.TW 可成，眾人皆漲他獨跌？一買,15
2022/12/08,[情報] 1208 上市投信買賣超排行,23
2022/12/08,[情報] 6568 宏觀 11月營收,8
2022/12/08,[情報] 3661 世芯-KY 11月營收,27
2022/12/08,[情報] 111年12月08日 三大法人買賣金額統計表,32
2022/12/08,"Re: [新聞] 俄軍戰場失利,普丁警告：核戰風險正在上升",23
2022/12/08,[情報] 6669緯穎11月營收 mom+42.5% yoy+62.8%,12
2022/12/08,[情報] 3037欣興 111年11月營收,22
2022/12/08,[新聞] 〈永豐金法說〉32萬名股東安啦！明年朝配發率6成努力,11
2022/12/08,Re: [新聞] 張忠謀：全球化與自由貿易幾乎已死 不太-,11
2022/12/08,[情報] 2834 臺企銀11月自結0.12 累計1.16,68
2022/12/08,[新聞] 茂迪攻漁電共生 總經理葉正賢：創雙贏,20
2022/12/08,[情報] 2892 第一金11月自結0.13 累計1.47,32
2022/12/08,[閒聊] 2022/12/08 盤後閒聊,33
2022/12/08,[新聞] 續拚再生能源 政院提修法新建物應設屋頂,100
2022/12/08,[新聞] 櫃買強過大盤 資金青睞觀光、車用概念股,3
2022/12/08,[新聞] 高息ETF受益人數破200萬 11檔今年績效一,21
2022/12/08,[新聞] 張忠謀：全球化與自由貿易幾乎已死 不太-,100
2022/12/08,[新聞] 台積電美國兩座工廠年營收100億美元、晶,35
2022/12/08,"Re: [新聞] 俄軍戰場失利,普丁警告：核戰風險正在上升",19
2022/12/08,[情報] 1451 年興 12/8 本公司召開法人說明會,26
2022/12/08,"[新聞] 俄軍戰場失利,普丁警告：核戰風險正在上升",99
2022/12/08,Re: [標的] 南光 撲炎喜多,2
2022/12/08,[新聞] 大陸若全面解封 長榮航喜受惠,10
2022/12/08,[新聞] 14奈米也「死芯」吧！傳荷蘭擬跟進美晶,63
2022/12/08,[新聞] Carvana債權人簽定協議 破產隱憂浮現 單,8
2022/12/08,[新聞] 群聯潘健成 加碼自家股,15
2022/12/08,[閒聊] 2022/12/08 盤中閒聊,100
2022/12/08,[標的] 6139亞翔-拉不拉多,14
2022/12/08,[新聞] 第一金投顧：台股明年上看萬七 鎖定四類,19
2022/12/08,Re: [新聞] 獨家！台積電赴美掏空台灣？魏哲家霸氣回,62
2022/12/08,[標的] TSLA.NA  有底汽才能多,30
2022/12/08,Re: [新聞] 救經濟猛舉債 中國國債激增至破紀錄1590,47
2022/12/08,[標的] 2609.2603tw陽明 長榮反彈空,31
2022/12/07,[公告] 12/07 處置公告,0
2022/12/07,[新聞] 救經濟猛舉債 中國國債激增至破紀錄1590,56
2022/12/07,[情報] 12/7全市場當沖虧損最多的股票,11
2022/12/07,[標的] 大盤,37
2022/12/07,[情報] 111年12月07日信用交易統計,23
2022/12/07,[新聞] 台積電赴美設廠真的會人才外流？專家、學,16
2022/12/07,[情報] 4919新唐十一月營收MOM+9.8% YOY-1.2%,3
2022/12/07,[請益] 台積電經營權問題 ?,19
2022/12/07,[情報] 1207 上市櫃外資投信同買排行,1
2022/12/07,[新聞] 金融業明年現金股利恐大降 金管會：有盈,11
2022/12/07,[標的] 2449京元電子 開啟多頭,8
2022/12/07,Re: [新聞] 中國叫囂台積電赴美掏空台 外籍高管發9篇,58
2022/12/07,[新聞] 股民憂配息減少 台新金林維俊:股利沒問題,16
2022/12/07,[情報] 1207 上市櫃外資投信買超金額排行,1
2022/12/07,[新聞] 傳長江存儲暫不轉入美方黑名單,35
2022/12/07,[情報] 1207八大公股銀行買賣超排行,8
2022/12/07,[新聞] 恐成美積電 高層曝英特爾高薪挖員工,0
2022/12/07,[情報] 2636 台驊投控11月營收 M-10.78% Y-61.63%,22
2022/12/07,[新聞] 旺季吹冷風！財政部：出口黯淡無光 Q4衰,46
2022/12/07,Re: [新聞] 中國叫囂台積電赴美掏空台 外籍高管,100
2022/12/07,[新聞] 環工雙雄日友、可寧衛11月營收雙創單月新,0
2022/12/07,[情報] 2889 國票金11月自結0.03 累計0.42,7
2022/12/07,[情報] 2801 彰銀11月自結0.06 累計0.95,14
2022/12/07,[新聞] 獨家！台積電赴美掏空台灣？魏哲家霸氣回,97
2022/12/07,[新聞] 三商壽3原因Q4開始加碼台股 鎖定這類股,24
2022/12/07,[情報] 3209 全科111年11月營收,7
2022/12/07,[新聞] 軒郁雙喜臨門！11月營收創今年新高 4大國,13
2022/12/07,[情報]  3035 智原111年11月營收,11
2022/12/07,Re: [新聞] 中國叫囂台積電赴美掏空台 外籍高管發9篇,99
2022/12/07,Re: [新聞] 中國叫囂台積電赴美掏空台 外籍高管發9篇,0
2022/12/07,Re: [新聞] 中國叫囂台積電赴美掏空台 外籍高管,0
2022/12/07,[情報] 1207 上市外資買賣超排行,53
2022/12/07,[新聞] 拜登感性道謝：我欠台積電太多,64
2022/12/07,Re: [新聞] 中國叫囂台積電赴美掏空台 外籍高管發9篇,6
2022/12/07,[新聞] 彭博：明年全球經濟慘況為30年罕見,24
2022/12/07,[情報] 4958臻鼎-KY 111年11月營收,27
2022/12/07,[新聞] 台積電赴美設廠 漢唐帆宣跟進、部分供應,37
2022/12/07,[情報] 1207 上市投信買賣超排行,27
2022/12/07,[情報] 111年12月07日 三大法人買賣金額統計表,98
2022/12/07,Re: [新聞] 台積電擴大AZ廠投資 拜登：可能會改變半,12
2022/12/07,Re: [新聞] 中國叫囂台積電赴美掏空台 外籍高管發9篇,0
2022/12/07,[情報] 元太11月合併營收 月增9.24% 年增19.18%,30
2022/12/07,[情報] 2836 高雄銀11月自結0.04 累計0.72,2
2022/12/07,[情報] 台塑、南亞、台化、台塑化 2022/11自結,8
2022/12/07,[情報] 2885 元大金11月自結0 累計1.66,48
2022/12/07,[閒聊] 2022/12/07 盤後閒聊,60
2022/12/07,[新聞] 中國宣佈放寬新冠防疫措施,100
2022/12/07,Re: [新聞] 拜登親迎台積電！張忠謀：赴美曾是惡夢，但這次不一樣,19
2022/12/07,[新聞] 6公股無擔保放貸45億踩雷 立委質疑背後有,3
2022/12/07,[新聞] 台積電擴大AZ廠投資 拜登：可能會改變半,42
2022/12/07,Re: [新聞] 中國叫囂台積電赴美掏空台 外籍高管發9篇,0
2022/12/07,Re: [新聞] 美國史外商投資最高！台積電宣布蓋第2廠,9
2022/12/07,Re: [新聞] 中國叫囂台積電赴美掏空台 外籍高管發9篇,0
2022/12/07,Re: [新聞] 拜登親迎台積電！張忠謀：赴美曾是惡夢，但這次不一樣,8
2022/12/07,Re: [新聞] 美國史外商投資最高！台積電宣布蓋第2廠,22
2022/12/07,[新聞] 11月營收探近9月低 景碩觸跌停臉綠,12
2022/12/07,[新聞] 拜登親迎台積電！張忠謀：赴美曾是惡夢，但這次不一樣,67
2022/12/07,[公告] 微型處置,22
2022/12/07,[請益] 精研線仙老師的課判斷定存股買點可行嗎,1
2022/12/07,[新聞] 法療養集團爆雷 泛公股金控挺住,2
2022/12/07,Re: [新聞] 中國叫囂台積電赴美掏空台 外籍高管發9篇,73
2022/12/07,[新聞] 英特爾在加州展開裁員 並鼓勵製造部門員,26
2022/12/07,[新聞] 搶搭台積電「淘晶熱」 台灣餐飲品牌插旗鳳凰城,62
2022/12/07,Re: [新聞] 蘋果庫克、AMD蘇姿丰證實：將採購台,7
2022/12/07,[請益] 有可能拿現金去證券公司補款嗎,8
2022/12/07,[新聞] 台積電加碼赴美設3奈米 陸行之:外資也寫,80
2022/12/07,Re: [請益] 新手第一次下單 但交割戶已結清了,53
2022/12/07,[新聞] 中國叫囂台積電赴美掏空台 外籍高管發9篇,100
2022/12/07,[新聞] 光寶決議以40億元讓售影像事業予立訊集,7
2022/12/07,[新聞] 【台積慶上機】科技業大老都來了！拜登超,54
2022/12/07,Re: [新聞] 蘋果庫克、AMD蘇姿丰證實：將採購台積電,9
2022/12/07,Re: [新聞] 蘋果庫克、AMD蘇姿丰證實：將採購台積電,98
2022/12/07,[新聞] 英特爾執行長基辛格：台積電展現對美國製,43
2022/12/07,Re: [新聞] 台積電：亞利桑那廠將於2026年生產3,21
2022/12/07,[閒聊] 2022/12/07盤中閒聊,100
2022/12/07,Re: [新聞] 美國史外商投資最高！台積電宣布蓋第2廠,15
2022/12/07,[新聞] 蘋果庫克、AMD蘇姿丰證實：將採購台積電,100
2022/12/07,Re: [新聞] 美國史外商投資最高！台積電宣布蓋第2廠,91
2022/12/07,[標的] 3673 TPK-KY 世足踢pk 多,28
2022/12/07,Re: [請益] 新手第一次下單 但交割戶已結清了,9
2022/12/07,Re: [請益] 新手第一次下單 但交割戶已結清了,6
2022/12/06,[新聞] 沈榮津：ASML不只加碼投資 歐洲供應鏈也,35
2022/12/06,Re: [請益] 新手第一次下單 但交割戶已結清了,4
2022/12/06,[情報] 12/6全市場當沖虧損最多的股票,19
2022/12/06,[請益] 台積電會是台灣成為美國第51洲的契機嗎？,-10
2022/12/06,[情報] 111年12月06日信用交易統計,17
2022/12/06,[新聞] 美國史外商投資最高！台積電宣布蓋第2廠,100
2022/12/06,"[新聞] 賣不停 榮剛申報轉讓精剛5,800張",10
2022/12/06,Re: [標的] 2409 友達,75
2022/12/06,[情報] 3189景碩 111年11月營收,33
2022/12/06,[請益] 新手第一次下單 但交割戶已結清了,100
2022/12/06,[情報] 台積公司宣布亞利桑那州晶圓廠擴建計畫,100
2022/12/06,[新聞] 台積電：亞利桑那廠將於2026年生產3奈米,59
2022/12/06,[新聞] 連兩月回溫！聯詠11月合併營收達77.79億,9
2022/12/06,[新聞] 投信：油價供需兩利好 迎來續漲契機,3
2022/12/06,[標的] 2603.tw長榮 沒了長約的長榮會營收多慘？,25
2022/12/06,[新聞] 眾達-KY 10月每股賺1.02元 明年400G出貨,9
2022/12/06,[新聞] 淨值低於票面 開發金12/7起暫停信用交易,54
2022/12/06,[新聞] 台積電赴美掏空台灣半導體？魏哲家霸氣回,99
2022/12/06,[情報] 1206八大公股銀行買賣超排行,10
2022/12/06,[新聞] 11月CPI漲2.35%創9個月最低增速 外食費,23
2022/12/06,[新聞] 投資如興慘賠...審計部喊去年就建議評估,13
2022/12/06,[新聞] 美國官員：台積電將加碼投資3奈米廠,62
2022/12/06,[情報] 1206 上市櫃外資投信同買排行,0
2022/12/06,[情報]  3046.TW建碁 11月營收,5
2022/12/06,[情報] 1206 上市櫃外資投信買超金額排行,0
2022/12/06,[新聞] 《日股》日本世足敗陣 類股變出氣筒,10
2022/12/06,[情報] 一詮 2022年11月合併營收,3
2022/12/06,[情報] 4743 合一 11月營收,11
2022/12/06,[新聞] 通膨降了!11月CPI年增率2.35%，九個月新,100
2022/12/06,[情報] 2855 統一證十一月自結,13
2022/12/06,[情報] 4114 健喬 11月營收,17
2022/12/06,[情報] 1206 上市外資買賣超排行,45
2022/12/06,[新聞] 「明年5%利率、25%報酬」永豐金首席黃蔭基看台股上看16600點,14
2022/12/06,[新聞] 宏達電11月營收3.89億元 月增27%,34
2022/12/06,[新聞] 永豐黃蔭基：明年股市九天玄女降落 報酬,8
2022/12/06,[新聞] 交易量下滑！房市GG？獵地王興富發講話了,57
2022/12/06,[心得] 畢業了，今晚加菜,100
2022/12/06,[情報] 111年12月06日 櫃買法人買賣金額統計表,13
2022/12/06,[情報] 1206 上市投信買賣超排行,18
2022/12/06,[情報] 2303 聯電 11月營收,47
2022/12/06,[情報] 111年12月06日 三大法人買賣金額統計表,49
2022/12/06,[請益] 高息借券的目的請益,15
2022/12/06,[閒聊] 2022/12/06 盤後閒聊,51
2022/12/06,Re: [情報] 2637慧洋-KY 11月自結,4
2022/12/06,[新聞] 美元可能回升 下周超級央行周見分曉,52
2022/12/06,[新聞] 投資也能搭世足熱？法人點名5企業Q4有望,4
2022/12/06,[新聞] 瑞士冬季恐缺電 拿電動車開鍘 特斯拉,33
2022/12/06,[新聞] 瑞士缺電危機 特斯拉電動車有可能被禁止,31
2022/12/06,Re: [新聞] 0050、0056成分股換血 這些公司被踢掉,14
2022/12/06,[標的] 8299.TWO  群聯 討論,29
2022/12/06,[標的] 4958 臻鼎-KY,14
2022/12/06,[新聞] 《盤中解析》萬五反壓重 1題材抗空,5
2022/12/06,[新聞] 11月外匯存底5522億美元 單月大增94億,31
2022/12/06,[新聞] 《各報要聞》法人搶買 0056準成份股爆量,4
2022/12/06,[新聞] WSJ：台積電在致華府信中談美國廠成本高,69
2022/12/06,[新聞] 外資回頭 狂買聯電、永豐金,12
2022/12/06,Re: [新聞] TV面板漲不動 雙虎有壓,1
2022/12/06,[新聞] TV面板漲不動 雙虎有壓,17
2022/12/06,[閒聊] 2022/12/06盤中閒聊,100
2022/12/06,[新聞] 元太 北美訂單入袋,27
2022/12/06,[新聞] 股市「雙贏論」？ 大俠：長期投資績優公,15
2022/12/06,[新聞] 泰山賣全家股 神秘人接手,36
2022/12/06,[情報] 郭明錤: 大立光近期股價下行風險可能正在,10
2022/12/06,[標的] 美債20年 長期長期多,43
2022/12/06,[標的] 4550 長佳 運動多,7
2022/12/06,[請益] 怎麼合理解釋這個策略,8
2022/12/06,[新聞]美11月ISM非製造業指數意外升至56.5遠超,21
2022/12/05,[新聞] 六公股銀踩雷46億三大疑點 黃天牧：金檢,26
2022/12/05,[新聞] 泰山快刀砍金雞母全家 大股東龍邦怒告,100
2022/12/05,[新聞] 「方艙債券」出台 中國隔離產業呼之欲出,24
2022/12/05,[情報] 111年12月05日信用交易統計,26
2022/12/05,[情報] 2637慧洋-KY 11月自結,8
2022/12/05,[請益] 為什麼金融銀行股抽籤主辦券商不用自己的,12
2022/12/05,[新聞] 供過於求 特斯拉上海工廠最快減產20％,47
2022/12/05,[新聞] 海悅11月營收4.96億元、月增8％ 創今年,3
2022/12/05,[新聞] 星宇航空前3季虧42.28億 累計虧損破百億,29
2022/12/05,[情報] 1205 上市櫃外資投信同買排行,4
2022/12/05,[新聞] 泰山重訊出脫全家股票獲利54.53億元 出,56
2022/12/05,[情報] 11月份外資淨匯入92.2億美元,9
2022/12/05,[標的] 4995  晶達 顯示多,9
2022/12/05,[新聞] 龍邦拚了！持股泰山比重拉至46.92％ 直逼5成,45
2022/12/05,[新聞] 《光電股》11月營收寫2年高 大立光：12月,9
2022/12/05,[新聞] 美系外資降聯詠評等至「賣出」，目標價下修至228元,34
2022/12/05,Re: [新聞] 全球貨櫃航運逆風 這家Q4獲利恐雪崩7,41
2022/12/05,[情報] 1205 上市櫃外資投信買超金額排行,1
2022/12/05,[新聞] 全球貨櫃航運逆風 這家Q4獲利恐雪崩7成,38
2022/12/05,[情報] 1205八大公股銀行買賣超排行,9
2022/12/05,[新聞]  泰山今19時重訊記者會 將說明處分全家,37
2022/12/05,[新聞] 未雨綢繆 中國民眾預防性儲蓄激增,51
2022/12/05,[新聞] 郭哲榮：習近平自省 就能保住台股及台灣,5
2022/12/05,Re: [新聞] 政府要發十倍券？政院回應了,25
2022/12/05,[情報] 藥華藥(6446) 111年 11 月營收,39
2022/12/05,[新聞] 報導稱亞馬遜裁員將達2萬人,32
2022/12/05,[新聞] 南電11月營收寫次高 ABF載板續滿載,25
2022/12/05,[新聞] 和泰車明年要全面調漲,36
2022/12/05,[新聞] 神基前11月合併營收約300億元 打平2021年,7
2022/12/05,[情報] 1205 上市外資買賣超排行,46
2022/12/05,[情報] 威鋒電子(6756)11月營收資料,22
2022/12/05,[新聞] 歐盟花費40萬辦元宇宙派對 只有六人參加,49
2022/12/05,[新聞] 南韓浦項看淡明年鋼市 中鋼：Q2拐點向上,20
2022/12/05,[新聞] 星宇航空前三季稅後淨損42.28億元、年增1,31
2022/12/05,[情報] 2317鴻海 11月營收,65
2022/12/05,[情報] 1205 上市投信買賣超排行,18
2022/12/05,[情報] 111年12月05日 三大法人買賣金額統計表,45
2022/12/05,[情報] 3443 創意11營收 mom4.89% yoy51.7%,31
2022/12/05,[閒聊] 2022/12/05 盤後閒聊,90
2022/12/05,[閒聊] 2022/12/05 盤後閒聊,47
2022/12/05,[新聞] 宏達電掌握赴美上市三優勢 拚重返榮耀,42
2022/12/05,[新聞] 中國陸續解封 中概生技股勁揚攻上漲停,25
2022/12/05,Re: [標的] 3218.TW大學光 無情多,4
2022/12/05,Re: [新聞] 外資回頭了 金管會黃天牧:盼對台有中長期,3
2022/12/05,[新聞] 金融業寒冬要來了？　金管會主委：相信,46
2022/12/05,[新聞] 防疫保單之亂，產險業全賠到脫褲？台股達人溫正中：2 家產險,17
2022/12/05,Re: [標的] 2337旺宏 好運旺旺來的多,5
2022/12/05,Re: [標的] 2618.TW 長榮航 盤整完多,11
2022/12/05,[標的] 5483.tw 中美晶壓不住起漲多,22
2022/12/05,[新聞] 外資回頭了 金管會黃天牧:盼對台有中長期,14
2022/12/05,[新聞] 不只國泰現增甜 上海商銀明申購抽一張賺1,34
2022/12/05,[新聞] 0050、0056成分股換血 這些公司被踢掉,24
2022/12/05,[新聞] 大廠防斷鏈 掀晶片製造去中化,5
2022/12/05,[新聞] 央行本波升息 走到尾聲,83
2022/12/05,[閒聊] 2022/12/05盤中閒聊,100
2022/12/05,[新聞] 台積電小散戶落跑,55
2022/12/05,[新聞] 少年股神？00878存股「投資計畫」曝光,2
2022/12/05,[情報] 南電11月營收月減0.9%,31
2022/12/04,[新聞] 追悼江澤民！中國股市6日上午休市3分鐘默,54
2022/12/04,[新聞] 運彩銷售突破500億 破天荒,33
2022/12/04,[標的] 3218.TW大學光 無情多,10
2022/12/04,"[新聞] 憂""台灣有事""、""清零"" 5成日企擬降低中國",28
2022/12/04,Re: [請益] 有沒有《盤中》監控出量的app或pc 軟體,4
2022/12/04,[新聞] 馬斯克證實蘋果恢復於 Twitter 投放廣告,14
2022/12/04,Re: [請益] 只用籌碼分析跑模擬交易的策略,5
2022/12/04,[新聞] 台積電過不了500元天花板 謝金河洩原因,100
2022/12/04,[新聞] 謝金河：台灣將慢慢重拾被中國搶走的訂單,2
2022/12/04,[請益] 有沒有《盤中》監控出量的app或pc 軟體,7
2022/12/04,[新聞] 宏達電VR部門營運好轉 傳擬赴海外掛牌,100
2022/12/04,Re: [標的] 2474.TW 可成，眾人皆漲他獨跌？一買,39
2022/12/04,Re: [請益] 標的合一4743,21
2022/12/04,Re: [請益] 只用籌碼分析跑模擬交易的策略,2
2022/12/04,Re: [新聞] 首檔期權策略型ETN將登場！累積報酬勝大2,4
2022/12/04,Re: [新聞] 台積電匿名工程師爆料：美國廠台籍、,32
2022/12/04,[請益] 只用籌碼分析跑模擬交易的策略,46
2022/12/04,[新聞] hold不住! 和泰車宣布元旦起車價全面調漲,17
2022/12/04,Re: [新聞] 台積電匿名工程師爆料：美國廠台籍、,56
2022/12/04,[新聞] 晶圓代工裁員第一槍 格芯年底前全球裁員,32
2022/12/04,[心得] 12/05~12/09 美國經濟數據&財報行事曆,10
2022/12/04,[新聞] 台積電匿名工程師爆料：美國廠台籍、美籍,75
2022/12/04,[新聞] 台積電和全世界做生意 王美花分析3關鍵,-10
2022/12/04,Re: [新聞] 歐盟同意對俄石油設上限為每桶60美,4
2022/12/04,[請益] 現金表的現金跟資產表的現金不一樣？,17
2022/12/04,Re: [新聞] 劉德音：外派工程師為海外布局 沒有人才,47
2022/12/03,[新聞] 拜登出席台積電工廠上機儀式！美媒讚「重,60
2022/12/03,Re: [新聞] 劉德音：外派工程師為海外布局 沒有人才,4
2022/12/03,Re: [新聞] 蘋果加速移出中國生產 減少對富士康等台,12
2022/12/03,Re: [新聞] 劉德音：外派工程師為海外布局 沒有人才,15
2022/12/03,[新聞] 蘋果加速移出中國生產 減少對富士康等台,31
2022/12/03,Re: [新聞] 懷璧之罪！泰山要賣手中87％全家股權,7
2022/12/03,[新聞] 《觀光股》晶華10月每股盈餘0.75元,9
2022/12/03,[標的] 1104.TW 環泥 價差多,32
2022/12/03,Re: [新聞] 黑石房產基金限制贖回,12
2022/12/03,[新聞] 黑石房產基金限制贖回,8
2022/12/03,Re: [新聞] 台股再破底 逾半散戶認為未來半年繼續跌,2
2022/12/03,Re: [新聞] 歐盟同意對俄石油設上限為每桶60美元,17
2022/12/03,[新聞] 外傳台積電4奈米前進美國？經長王美花,22
2022/12/03,[新聞] 桑默斯：Fed需要更多次升息 美國經濟可,50
2022/12/03,Re: [新聞] 歐盟同意對俄石油設上限為每桶60美元,15
2022/12/03,[新聞] 基本面轉弱、但通膨降溫，年底持續多頭格,3
2022/12/03,[新聞] 一周熱門零股/兆豐金、富邦台50 進十強,5
2022/12/03,[請益] 標的合一4743,93
2022/12/03,Re: [新聞] 台積電在美生產4奈米…再掀「人才恐外流,20
2022/12/03,[新聞] 歐盟同意對俄石油設上限為每桶60美元,12
2022/12/03,Re: [請益] 奈奈奈米萬七存股請益(分享?),10
2022/12/03,[新聞] 懷璧之罪！泰山要賣手中87％全家股權,79
2022/12/03,[新聞] 台積美國新廠 員工將倍增,70
2022/12/03,Re: [新聞] 聯亞「新冠疫苗」三期臨床達標,28
2022/12/03,[新聞] 聯亞「新冠疫苗」三期臨床達標,79
2022/12/03,[新聞] 中國縮減核酸檢測 民眾搶購快篩試劑,37
2022/12/02,[情報] 12/2全市場當沖虧損最多的股票,9
2022/12/02,Re: [新聞] 首檔期權策略型ETN將登場！累積報酬勝大2,6
2022/12/02,[情報] 111年12月02日信用交易統計,34
2022/12/02,[情報] 1202 上市櫃外資投信同買排行,1
2022/12/02,[新聞] 美國11月非農就業新增人數超預期 美股,81
2022/12/02,[情報] 11月平均時薪月增率,19
2022/12/02,[情報] 1202 上市櫃外資投信買超金額排行,2
2022/12/02,[請益] 非農怎麼看? (結果十家機構只有一家猜對),66
2022/12/02,[請益] 除權息所得問題,14
2022/12/02,[情報] 元太11/22違約交割及櫃買違約相關資訊,6
2022/12/02,[心得]  2022年報（波段交易分享）,100
2022/12/02,Re: [心得] 從萬六存到萬四，到底能不能存股？,45
2022/12/02,[情報] 1202八大公股銀行買賣超排行,7
2022/12/02,[公告] 簡易處置,2
2022/12/02,Re: [請益] 大家都是怎麼研究一檔標的?,13
2022/12/02,[情報] 2838 聯邦銀11月自結0.13 累計0.73,12
2022/12/02,[請益] 大家都是怎麼研究一檔標的?,72
2022/12/02,[新聞] 驚！馬斯克喊話把晶片植入自身大腦 要展,88
2022/12/02,[情報] 中環代子公司公告取得有價證券 長榮海,38
2022/12/02,[情報] 臺灣50指數與臺灣高股息成分股審核結果,100
2022/12/02,[新聞] 台積電在美生產4奈米…再掀「人才恐外流,60
2022/12/02,[情報] 1202 上市外資買賣超排行,27
2022/12/02,[情報] 2809 京城銀11月自結0.47 累計1.59,23
2022/12/02,[新聞] 投資人出逃 黑石房地產投資基金卻限制贖,38
2022/12/02,[新聞] 謝金河從1事可知Fed明年升息到頂,4
2022/12/02,[情報] 111年12月02日 三大法人買賣金額統計表,39
2022/12/02,[情報] 1202 SCFI 指數 1171.36,61
2022/12/02,[情報] 1202 上市投信買賣超排行,10
2022/12/02,[新聞] 謝金河：美元作頭反轉　全球股市有喘息,99
2022/12/02,Re: [新聞] 新台幣創5年半新低　32元告急,90
2022/12/02,[閒聊] 2022/12/02 盤後閒聊,91
2022/12/02,[情報] 6121 新普 111/12/21除息 股利13.1,10
2022/12/02,[新聞] 傳將出售VR事業 宏達電不評論,68
2022/12/02,[新聞] 首檔期權策略型ETN將登場！累積報酬勝大2,22
2022/12/02,[新聞] 郭哲榮：巴菲特是台灣選舉的最終贏家,35
2022/12/02,[新聞] 生華科新藥獲美國五年計畫與贊助,4
2022/12/02,[請益] 現在還有什麼利空？,87
2022/12/02,[新聞] 傳瑞信、滙豐再爆裁員,23
2022/12/02,[新聞] 八貫軍用布局報捷 供應北約軍隊防彈衣,21
2022/12/02,[標的] MRVL.US Marvell財報 DC增長 整體不如預期,22
2022/12/02,[新聞] 彭博：蘋果AR/MR頭戴裝置最快明年亮相,9
2022/12/02,[新聞] 鴻海電動車代工 磁吸四大咖,35
2022/12/02,[閒聊] 2022/12/02 盤中閒聊,95
2022/12/02,[新聞] 金融業最嚴峻的一年 增資1995億元創史上,58
2022/12/01,[心得] 預測0050成分股會刪除友達，納入華新,29
2022/12/01,Re: [新聞] 大賣空主角本尊示警將面臨多年衰退,20
2022/12/01,[標的] CRM.US 財報,3
2022/12/01,[新聞] 00713第二次季配息1.45元 年化配息率逾7%!,19
2022/12/01,[情報] 1201 上市櫃外資投信買超金額排行,0
2022/12/01,Re: [新聞] 美元創12年來最糟單月表現,15
2022/12/01,[新聞] 陪股民跨年? 阮清華:國安基金繼續護盤 暫無退場打算,39
2022/12/01,[情報] 111年12月01日信用交易統計,30
2022/12/01,[情報] 10月核心PCE,38
2022/12/01,[新聞] 0056改50檔將被00878正式超越?知美JiMMY:長期持有影響不大,10
2022/12/01,[新聞] 群創總座：面板庫存降低　明年重啟拉貨小,10
2022/12/01,[新聞] 金管會：將約談國泰世華高層,57
2022/12/01,Re: [新聞] 大賣空主角本尊示警將面臨多年衰退,4
2022/12/01,[情報] 1201八大公股銀行買賣超排行,8
2022/12/01,[新聞] 因應蘋果需求 台積擬2024在美量產4奈米,100
2022/12/01,"[情報] 2611志信 一年內處分國票金股票24,890張",5
2022/12/01,[新聞] 劉德音：外派工程師為海外布局 沒有人才,41
2022/12/01,[新聞] 大賣空主角本尊示警將面臨多年衰退,65
2022/12/01,[標的] 飛機供應鏈?,23
2022/12/01,Re: [請益] GG還可以投資嗎？,10
2022/12/01,[情報] 111年12月01日 櫃買法人買賣金額統計表,9
2022/12/01,[情報] 金麗科 11月合併營收2093萬元 年增-4.53%,26
2022/12/01,[新聞] 連12年填息！0056今年僅花32天達陣 現在,40
2022/12/01,[情報] 1201 上市外資買賣超排行,53
2022/12/01,Re: [請益] 集保e存摺是不是掛了,9
2022/12/01,[請益] GG還可以投資嗎？,76
2022/12/01,[新聞] 美元創12年來最糟單月表現,84
2022/12/01,[情報] 1201 上市投信買賣超排行,17
2022/12/01,[新聞] 8千定期定額怎麼買？網：全部006208就好,22
2022/12/01,[情報] 111年12月01日 三大法人買賣金額統計表,74
2022/12/01,Re: [請益] 00713元大高息低波是不是低調不錯？,20
2022/12/01,[新聞] 台股站上萬5有條件式禁空令退場？黃天牧:,13
2022/12/01,[新聞] 「薪」酸！上半年全球勞工實質薪資降0.9%,14
2022/12/01,Re: [新聞] 谷月涵：台股還有探底可能,43
2022/12/01,[閒聊] 2022/12/01 盤後閒聊,100
2022/12/01,[新聞] 劉德音籲供電超前部署 王美花：未來5年,99
2022/12/01,Re: [請益] 股票漲成這樣，所謂衰退是否假議題,37
2022/12/01,[新聞] 國安基金「獲利還不錯」！操盤手：3因,51
2022/12/01,Re: [請益] 0056算填息了嗎？,42
2022/12/01,[標的] 2474.TW 可成，眾人皆漲他獨跌？一買就跌是怎樣...,18
2022/12/01,"[新聞] H&M宣布將在全球裁員1,500人",20
2022/12/01,[新聞] 股匯齊揚！　新台幣強升2.6角觸及30.642,98
2022/12/01,[新聞] 國泰永續高股息ETF開盤完成填息 新成分,10
2022/12/01,[新聞] 鬆一口氣？新制勞退收益稍回升 平均每人,41
2022/12/01,Re: [請益] 軟著陸怎麼又回來了？,19
2022/12/01,"[新聞] 還在虧！勞動基金10月底慘賠4,295億元",100
2022/12/01,[請益] 盈透IB五日內不能超過三次當沖？,7
2022/12/01,[標的] 2603長榮,52
2022/12/01,[新聞] ABF載板三雄 高盛力挺,9
2022/12/01,Re: [標的] 2618.TW 長榮航 盤整完多,11
2022/12/01,[請益] 股票漲成這樣，所謂衰退是否假議題,43
2022/12/01,[新聞] 鮑爾演說放鴿 蘇建榮：這是一個好消息,7
2022/12/01,Re: [請益] 軟著陸怎麼又回來了？,19
2022/12/01,[新聞] 宏達電 VR事業傳出售,100
2022/12/01,[請益] 0056算填息了嗎？,28
2022/12/01,[閒聊] 2022/12/01 盤中閒聊,100
2022/12/01,[請益] 軟著陸怎麼又回來了？,50
2022/12/01,[情報] 廣州不再按行政區全面展開核酸檢測,57
2022/12/01,[情報] Powell談話整理(完),99
2022/11/30,[新聞] 永豐餘旗下永道-KY上市案 證交所審議通過,20
2022/11/30,[新聞] 巴菲特投資台積電 劉德音：獨具慧眼,24
2022/11/30,[新聞] 拜登將出席台積電亞利桑那新廠上機典禮,69
2022/11/30,[公告] 11/30 處置公告,5
2022/11/30,[新聞] 鎳均價漲幅墊高成本　華新麗華12月內外銷,4
2022/11/30,[情報] 11/30全市場當沖虧損最多的股票,8
2022/11/30,[新聞] 南韓晶片業大崩潰 自家人曝致命傷：太依,53
2022/11/30,Re: [新聞] 台積電1奈米廠 經部：桃園得先徵地,10
2022/11/30,[新聞] 台股重返五日線 專家曝12月上漲機率,12
2022/11/30,[情報] 11月小非農數據,64
2022/11/30,[情報] 111年11月30日信用交易統計,28
2022/11/30,[請益]   XX調整為何都要（能）在最後一盤成交,6
2022/11/30,[新聞] 鄭州廠暴動 郭明錤：鴻海恐丟i15 Pro獨家,25
2022/11/30,[情報] 1130 上市櫃外資投信同買排行,1
2022/11/30,Re: [請益] 今天最後一盤股價為何突然往上拉?,60
2022/11/30,[情報] 1130八大公股銀行買賣超排行,10
2022/11/30,Re: [新聞] 2890永豐金現金增資案(15.25),5
2022/11/30,[新聞] 真存「骨」！明年恐剩6金控可穩配息,45
2022/11/30,[情報] 1130 上市櫃外資投信買超金額排行,3
2022/11/30,[新聞] 大陸商務部對台灣聚碳酸酯 進行反傾銷立,14
2022/11/30,[情報] 00878的持股變化（刪除華新/統一/元太）,19
2022/11/30,[標的] 高端疫苗 一臉多,24
2022/11/30,[新聞] 2890永豐金現金增資案(15.25),46
2022/11/30,[新聞] 台積電劉德音罕見呼籲：政府要關心5年後,99
2022/11/30,[情報] 1130 上市外資買賣超排行,44
2022/11/30,[標的] 航運還有機會嗎?,67
2022/11/30,[新聞] 台積電1奈米廠 經部：桃園得先徵地,92
2022/11/30,[情報] 111年11月30日 三大法人買賣金額統計表,87
2022/11/30,[新聞] 銀行局要求？國票金現增洽特定人爆爭議,6
2022/11/30,[情報] 1130 上市投信買賣超排行,9
2022/11/30,[新聞] 國安基金何時退場受關注 財政部稱目前無規劃,23
2022/11/30,[閒聊] 2022/11/30 盤後閒聊,100
2022/11/30,Re: [請益] 不同分行 不同券商 匯轉 質押 借貸,7
2022/11/30,[新聞] 首批 500 輛！鴻海製造商用電動皮卡,40
2022/11/30,[請益] 衰退是不是結束了啊？,98
2022/11/30,Re: [心得] 愛榭克：美股將再無低點 把握最後九月,33
2022/11/30,[新聞] 季線翻揚多頭格局確立！專家看好年底前,40
2022/11/30,[新聞] 外資：記憶體價格將跳水式暴跌,80
2022/11/30,Re: [新聞] 荷蘭晶片設備製造商ASMI揭美國施壓：陸,32
2022/11/30,Re: [新聞] 外媒：福斯汽車與鴻海洽商 在美國打造電,5
2022/11/30,[新聞] 荷蘭晶片設備製造商ASMI揭美國施壓：陸,41
2022/11/30,Re: [新聞] 鴻海、沙國轉投資 Ceer 砸 25.6 億購地建電動車廠，明年,8
2022/11/30,[新聞] 晶宏第4季業內外承壓，拚明年中回溫,0
2022/11/30,[閒聊] 2022/11/30盤中閒聊,100
2022/11/30,Re: [請益] 不同分行 不同券商 匯轉 質押 借貸,3
2022/11/30,[新聞] 鴻海、沙國轉投資 Ceer 砸 25.6 億購地建電動車廠，明年初,10
2022/11/30,Re: [新聞] 傳放寬防疫？中國大陸國務院下午記者會,22
2022/11/30,[心得] 產業營收整理2022Q3-part1(成長篇),100
2022/11/30,[請益] 不同分行 不同券商 匯轉 質押 借貸,5
2022/11/29,[新聞] 又一董事長被控制 近期19家中國上市公司,40
2022/11/29,[新聞] 外媒：福斯汽車與鴻海洽商 在美國打造電,37
2022/11/29,Re: [新聞] 陸國務院防疫政策未調整 僅提醒地方政府,2
2022/11/29,[情報] 111年11月29日信用交易統計,23
2022/11/29,[新聞] 解封題材激勵 航空雙雄終場漲逾半根漲停,13
2022/11/29,[新聞] 連假瘋出國 華航、台虎重押日本線,10
2022/11/29,[新聞] 大陸證監會射第三箭救房企 公布五項優化,24
2022/11/29,Re: [新聞] 堅持清零不動搖 官媒人民日報15度發聲,12
2022/11/29,Re: [新聞] 陸多城推新政 核酸篩查不必全員參與,4
2022/11/29,[新聞] 陸多城推新政 核酸篩查不必全員參與,46
2022/11/29,[情報] 2338光罩 代子公司處分聯電股票,15
2022/11/29,[新聞] 國際電價漲國內也要漲？經濟部這樣回應,33
2022/11/29,"[新聞] 華爾街知名分析師：年底前美股將「放煙火」 有望漲至4,500點",53
2022/11/29,Re: [新聞] 堅持清零不動搖 官媒人民日報15度發聲,3
2022/11/29,[情報] 1129八大公股銀行買賣超排行,13
2022/11/29,[新聞] 卜蜂董座：蛋、雞、豬價格很難下來,96
2022/11/29,[情報] 1129 上市櫃外資投信同買排行,1
2022/11/29,[標的] 1522 堤維西 突破區間多,17
2022/11/29,[情報] 2889 國票金 現金增資股款催繳公告,29
2022/11/29,Re: [新聞] 零股交易女性更積極 台積電成小資族最愛,13
2022/11/29,"[情報] 2363 矽統 賣聯電13,600張",29
2022/11/29,[情報] 1129 上市櫃外資投信買超金額排行,3
2022/11/29,[新聞] 今年GDP下修至3.06％！　明年經濟成長率,58
2022/11/29,[新聞] 陸國務院防疫政策未調整 僅提醒地方政府,100
2022/11/29,[新聞] 堅持清零不動搖 官媒人民日報15度發聲,55
2022/11/29,[情報] 1129 上市外資買賣超排行,43
2022/11/29,[新聞] 零股交易女性更積極 台積電成小資族最愛,12
2022/11/29,[新聞] 新光金前3季每股淨值11.16元 談明年配股：有壓力,25
2022/11/29,Re: [新聞] 傳放寬防疫？中國大陸國務院下午記者會,100
2022/11/29,[情報] 4743合一 十月自結 -0.72,34
2022/11/29,[請益] 認真請教，大戶大量買賣會有事嗎,4
2022/11/29,[情報] 111年11月29日 三大法人買賣金額統計表,31
2022/11/29,[情報] 111年11月28日 三大法人買賣金額統計表,27
2022/11/29,[情報] 1129 上市投信買賣超排行,15
2022/11/29,[新聞] 台幣急升 壽險單月匯損恐逾千億,45
2022/11/29,[請益] 11/30 13:45買一小口1月台指期(有推薦嗎),11
2022/11/29,[閒聊] 2022/11/29 盤後閒聊,100
2022/11/29,[新聞] 傳放寬防疫？中國大陸國務院下午記者會,100
2022/11/29,[標的] 00864B中信美債0-1年 多,18
2022/11/29,[新聞] 筆電面板出貨創10年低　估Q4仍低迷、明年,22
2022/11/29,Re: [新聞] 美駐中使團：中國擴大疫情防控 鼓勵美民,75
2022/11/29,[心得] 這波00878換股誰受惠？,24
2022/11/29,[新聞] 抗議遍地開花害慘股匯市 高盛預言中國提,55
2022/11/29,[新聞] 貶值加劇輸入性通膨？ 楊金龍：尚屬可控,37
2022/11/29,[新聞] 集保大數據揭露零股族青睞績優股 前十月,11
2022/11/29,[標的] 2618.TW 長榮航 盤整完多,38
2022/11/29,[新聞] Fed鷹王嗆聲　美股重挫500點、台股開盤,44
2022/11/29,[閒聊] 2022/11/29盤中閒聊,100
2022/11/29,[新聞] 美駐中使團：中國擴大疫情防控 鼓勵美民,54
2022/11/29,[新聞] Fed官員放鷹 道瓊崩近500點 費半挫2.6%,56
2022/11/28,[情報] 11/28全市場當沖虧損最多的股票,10
2022/11/28,[新聞] Hololive母社Cover可能準備上市。,77
2022/11/28,[情報] 111年11月28日信用交易統計,28
2022/11/28,Re: [新聞] 禁空令、國安基金 護盤措施有望退場,24
2022/11/28,[標的] 2317 TW 鴻海 為什麼靠鴻華噴的公司，鴻海沒噴？,31
2022/11/28,Re: [新聞] 台灣家戶全球第三富有？主計長：看到也,3
2022/11/28,[新聞] 台灣家戶全球第三富有？主計長：看到也,100
2022/11/28,[標的] 瓦城一CB多多,10
2022/11/28,[情報] 上市金控、銀行股 Q3財報 (落後指標),23
2022/11/28,[新聞] 霍華馬克斯：未來10年利率將維持在近5%,33
2022/11/28,[新聞] 外資變臉？今日賣超台積電11598張創11/3,100
2022/11/28,[情報] 1128 上市櫃外資投信同買排行,0
2022/11/28,[情報] 1128八大公股銀行買賣超排行,5
2022/11/28,[新聞] 東哥訂單看到2025年,39
2022/11/28,[情報] 2514龍邦[泰山董事] 子公司取得泰山股票,5
2022/11/28,[情報] 1128 上市櫃外資投信買超金額排行,0
2022/11/28,[新聞] 禁空令、國安基金 護盤措施有望退場,99
2022/11/28,[情報] 2882國泰金現增價35元,99
2022/11/28,Re: [情報] 10月份景氣燈號 續亮黃藍燈,7
2022/11/28,[情報] 1128 上市外資買賣超排行,42
2022/11/28,[情報] 10月份景氣燈號 續亮黃藍燈,59
2022/11/28,[情報] 8440 綠電 取得台積電股票,9
2022/11/28,[請益] 推薦的免費investment calculator?,1
2022/11/28,[新聞] 12月1日起口罩令鬆綁！室外免戴口罩、餐,59
2022/11/28,[情報] 1128 上市投信買賣超排行,16
2022/11/28,[閒聊] 2022/11/28 盤後閒聊,43
2022/11/28,[新聞] 九合一選後首個交易日 台股早盤一度跌逾2,13
2022/11/28,[新聞] 綠營大輸台股跌！一度挫逾200點台積電挫2,99
2022/11/28,[請益] 想問有關台灣石油相關ETF,13
2022/11/28,[新聞] 面板悲歌 電視跳樓價搶市,63
2022/11/28,[新聞] 選後更多防疫鬆綁政策將出爐 吃喝玩樂股,10
2022/11/28,[新聞] 原油交易提醒：G7將俄石油價格上限設為30,46
2022/11/28,[新聞] 富士康大規模抗爭！大白持棍棒包圍狂扁,100
2022/11/28,[創作]口袋台股APP 提供意見並留言抽LINE POINTS,93
2022/11/28,[新聞] 富邦期貨：選擇權未平倉顯示萬五以上賣,7
2022/11/28,[閒聊] 2022/11/28 盤中閒聊,42
2022/11/28,[新聞] 國安基金沒賺夠！2關鍵因素　定調不退場,55
2022/11/28,[新聞] 政院力推總預算 帶動內需,17
2022/11/28,Re: [請益] 這波是否只是反彈波,7
2022/11/27,[新聞] 選舉落幕！市場擬三劇本 估週一台股恐「開,55
2022/11/27,[新聞] 獨家／爆雷！ 歐洲最大療養集團債務重整,75
2022/11/27,Re: [心得] 只有我在擔心嗎...,30
2022/11/27,[請益] 這波是否只是反彈波,44
2022/11/27,Re: [標的] 1795 美時 生技股相關討論,6
2022/11/27,[新聞] 《富爸爸》作者：全球經濟已成世界史上,23
2022/11/27,[新聞] 外資、投信雙雙回補 台股月內漲幅16％,20
2022/11/27,[新聞] 歷史經驗 選後台股表現不淡,61
2022/11/27,[新聞] 台股攻萬五 投顧：利空不應悲觀 選股電子,10
2022/11/27,[新聞] 定期定額0050太無感！妹子轉念「1動作」,11
2022/11/27,[新聞] 股利優於資本利得？存股族請注意,11
2022/11/27,[新聞] 九合一選舉結果揭曉 工商界：創造全民利,15
2022/11/27,[新聞] 台經院：經濟最糟情況還沒來,59
2022/11/27,[新聞] 美黑五線上銷售 料創新高,39
2022/11/27,[新聞] 羅瑋：央行12月估升息半碼,36
2022/11/27,[新聞] 選舉變數消弭 五名師：台股將回歸基本面,5
2022/11/27,[請益] 租用電器誰會獲利？,4
2022/11/27,[新聞] 台積落腳桃園進度待觀察,98
2022/11/27,[新聞] 執政黨慘敗法人憂心 台股護盤力道減,88
2022/11/27,[心得]11/28~12/02 美股經濟數據&財報行事曆,16
2022/11/27,Re: [新聞] 鄭州富士康發補貼平息抗爭 10萬新進勞工,23
2022/11/27,[新聞] 迎慶祝行情 台股漲聲響,62
2022/11/27,[標的]  2303 聯電 空,23
2022/11/26,[新聞] 「財報空窗期」台股9成機率漲 投信看好6,29
2022/11/26,[新聞] 馬斯克：蘋果若擋推特 我就自己出手機,100
2022/11/26,[情報] 美國領先經濟指標持續負成長,43
2022/11/26,Re: [新聞] 民進黨地方若選不好 謝金河:恐不利台經濟,20
2022/11/26,[新聞] 民進黨地方若選不好 謝金河:恐不利台經濟,2
2022/11/26,[新聞] 一度大漲68%！曼聯(MANU.US)投資者度過,9
2022/11/26,[新聞] 中共央行「放水」 多家房企獲1.2萬億授信,60
2022/11/26,Re: [標的] 6547 高端疫苗,0
2022/11/26,[新聞] 美國鐵路12月9日大罷工 經濟拋震撼彈,61
2022/11/26,[公告] 九合一選舉 閒聊文,69
2022/11/26,Re: [標的] 道瓊,24
2022/11/25,Re: [標的] 大立光 底部保守多(文字多，誤入),28
2022/11/25,[新聞] 全國電:購買力趨保守 實體店將汰弱留強,18
2022/11/25,[新聞] 地方選舉後台股看漲 法人：正報酬機率達8,23
2022/11/25,[情報] 11/25全市場當沖虧損最多的股票,12
2022/11/25,[新聞] 選舉終將過去 投信:進場台股享受紅包行情,33
2022/11/25,[新聞] 力拚明年續發股利 富邦金:仍有逾1100億未分配盈餘可分配,7
2022/11/25,[標的] 道瓊,55
2022/11/25,[創作] 我難過,0
2022/11/25,[情報] 111年11月25日信用交易統計,25
2022/11/25,[請益] 稅務問題,0
2022/11/25,"[請益]為什麼stoxx usa 500的報酬跟voo,spy不同?",1
2022/11/25,[新聞] 中國央行年內第二次降準 釋放5000億元人,50
2022/11/25,[新聞] 倫飛今年股價「飛」6.5倍 法說會僅「11,39
2022/11/25,[情報] 1125八大公股銀買賣超暨歷史買超金額排行,25
2022/11/25,[情報] 1125 上市櫃外資投信同買排行,3
2022/11/25,[情報] 《半導體》矽統擬處分聯電1880萬股,21
2022/11/25,[情報] 1125 上市櫃外資投信買超金額排行,3
2022/11/25,[標的] 中華電 多,46
2022/11/25,[請益] 為何價值投資法多數人辦不到?,46
2022/11/25,[新聞] 完成併購日盛金 全台已有近6成人口是富邦,27
2022/11/25,Re: [新聞] 〈台幣〉熱錢蜂擁強升逾1.4角 暌違2個半,4
2022/11/25,[新聞] 鴻海、裕隆股價兩樣情！面對利空不斷 投,15
2022/11/25,[心得] 目前只有幾個人30年長期贏過指數投資,49
2022/11/25,[情報] 1125 上市外資買賣超排行,57
2022/11/25,Re: [新聞] 〈台幣〉熱錢蜂擁強升逾1.4角 暌違2個半,41
2022/11/25,Re: [新聞] 〈台幣〉熱錢蜂擁強升逾1.4角 暌違2個半,3
2022/11/25,[新聞] 富邦人壽出脫哈爾濱銀行 富邦金：持股先,12
2022/11/25,Re: [請益] 石油還會漲到140嗎,3
2022/11/25,Re: [新聞] 〈台幣〉熱錢蜂擁強升逾1.4角 暌違2個半,10
2022/11/25,[情報] 111年11月25日 三大法人買賣金額統計表,55
2022/11/25,Re: [新聞] 央行宣布升息半碼、存準率1碼 明年GDP無,15
2022/11/25,Re: [新聞] 〈台幣〉熱錢蜂擁強升逾1.4角 暌違2個半,1
2022/11/25,[情報] 1125 SCFI 1229.90 (-76.94) -5.9%,38
2022/11/25,[情報] 1125 上市投信買賣超排行,19
2022/11/25,Re: [新聞] 〈台幣〉熱錢蜂擁強升逾1.4角 暌違2個半,24
2022/11/25,[新聞] 美元存款戶心驚! 1個月匯損吃掉1年利息,84
2022/11/25,[閒聊] 2022/11/25 盤後閒聊,30
2022/11/25,[公告] 巨型處置,76
2022/11/25,Re: [新聞] 〈台幣〉熱錢蜂擁強升逾1.4角 暌違2個半,26
2022/11/25,Re: [標的] 2412.TW 中華電信 多,52
2022/11/25,[新聞] 〈台幣〉熱錢蜂擁強升逾1.4角 暌違2個半,99
2022/11/25,[新聞] 交易員耳語…匯市風向變了,97
2022/11/25,[新聞] 防彈陶瓷這麼猛？和成六天股價飆漲六成,58
2022/11/25,[標的] 6533.TW晶心科 隔日沖刻意差價多,4
2022/11/25,[請益] 石油還會漲到140嗎,76
2022/11/25,[新聞] 郭哲榮：巴菲特加上黃金右下角 台股勝利方程式！,24
2022/11/25,[閒聊] 2022/11/25 盤中閒聊,100
2022/11/25,[新聞] 見好就收？ 巨型韭菜賣中興電工5千張 賺,32
2022/11/25,[心得] 資金管理策略研究-馬丁格爾vs反馬丁格爾,56
2022/11/25,Re: [新聞] 鄭州富士康發補貼平息抗爭 10萬新進勞工,65
2022/11/25,Re: [標的] 8069 TW 元太,17
2022/11/24,Re: [新聞] 外資大力回補233億 台股衝上14784點 創2,30
2022/11/24,[新聞] 再降6碼！土耳其央行：結束降息週期,47
2022/11/24,[情報] 11/24全市場當沖虧損最多的股票,12
2022/11/24,[情報] 111年11月24日信用交易統計,16
2022/11/24,[新聞] 鄭州富士康發補貼平息抗爭 10萬新進勞工,80
2022/11/24,[新聞] 航運股票築底完畢 貨櫃散裝衝高一路北上,34
2022/11/24,[新聞] 國際大咖降臨 雲豹能源為何有實力簽下魔,17
2022/11/24,[新聞] 鴻海認了技術失誤 向鄭州員工道歉,100
2022/11/24,Re: [標的] 8069 TW 元太,17
2022/11/24,[新聞] 韓央行放慢升息步調 僅升1碼符合預期,14
2022/11/24,[新聞] 金融大軍蓄勢補漲？外資狂敲2檔逾萬張,12
2022/11/24,[情報] 1124八大公股銀行買賣超排行,13
2022/11/24,[情報] 00918 大華優利高填息30 完整成分股,9
2022/11/24,[新聞] 外資大力回補233億 台股衝上14784點 創2,7
2022/11/24,[情報] 1124 上市櫃外資投信同買排行,0
2022/11/24,[標的] 8069 TW 元太,37
2022/11/24,[情報] 上市金控、銀行股 已公告的Q3累計OCI,67
2022/11/24,[情報] 1124 上市櫃外資投信買超金額排行,2
2022/11/24,[情報] 00878成分股納入聯發科/瑞昱/中鋼,58
2022/11/24,[新聞] 安聯伊爾艾朗：經濟衰退絕非暫時性的 而,32
2022/11/24,Re: [新聞] 〈長榮航法說〉看航空市況「客漲貨消」,7
2022/11/24,[新聞] 臺企銀前三季淨收益 雙報捷,27
2022/11/24,[情報] 1124 上市外資買賣超排行,41
2022/11/24,[新聞] 〈長榮航法說〉看航空市況「客漲貨消」,17
2022/11/24,[情報] 8440 綠電 子公司處分台積電股票,20
2022/11/24,[情報] 5871 中租-KY 10月自結1.39 累計14.69,6
2022/11/24,[新聞] 台企銀、高雄銀 股息不樂觀,52
2022/11/24,[情報] 1124 上市投信買賣超排行,47
2022/11/24,Re: [新聞] 護盤力道增 選舉行情有譜,15
2022/11/24,[新聞] 健身雙雄疫後拚場 柏文擬結盟全聯互帶人,14
2022/11/24,[情報] 111年11月24日 三大法人買賣金額統計表,76
2022/11/24,Re: [新聞] 製鞋龍頭也受不了！寶成越南廠啟動帶薪輪,19
2022/11/24,Re: [新聞] 彭博：三大因素 巴菲特抄底台積電,0
2022/11/24,[閒聊] 2022/11/24 盤後閒聊,99
2022/11/24,[請益] 現空借券利率設定請益,21
2022/11/24,[新聞] NVIDIA「棄港來台」設物流中心 王美花證,30
2022/11/24,[新聞] Fed放鴿 新台幣午盤強升1.83角挑戰31元,100
2022/11/24,[標的] 2915 TW 潤泰全 瘋狂微笑請益,26
2022/11/24,[請益] 收到國票金增資發行新股通知信該怎辦?,25
2022/11/24,[請益] 現在台股有什麼黑天鵝嗎,99
2022/11/24,[新聞] 只承諾解決「蛋荒」沒說解決「蛋價」,48
2022/11/24,Re: [標的] 大麻股最近怎麼了,8
2022/11/24,[新聞] 製鞋龍頭也受不了！寶成越南廠啟動帶薪輪,38
2022/11/24,[新聞] 獨家床墊股！「床的世界」去年毛利率63,80
2022/11/24,[閒聊] 2022/11/24盤中閒聊,100
2022/11/24,[新聞] 顯卡RTX 4080全球各地賣不好　外媒批NVID,41
2022/11/24,[新聞] 金控未實現損失 超過兆元,48
2022/11/24,[標的] TSLA.US 多,19
2022/11/24,Re: [新聞] Fed officials see smaller rate hikes,4
2022/11/24,[新聞] Fed officials see smaller rate hikes,44
2022/11/23,[新聞] 王美花：輝達將來台設立物流中心,11
2022/11/23,[情報] 11/23全市場當沖虧損最多的股票,8
2022/11/23,[新聞] 越南瘋世足踢出商機 電視機銷量增6成,59
2022/11/23,Re: [新聞] 淡馬錫因FTX破產慘賠85億，聲明中感嘆太,8
2022/11/23,[情報] 111年11月23日信用交易統計,11
2022/11/23,[新聞] 避免台美利差擴大 台企銀：央行明年首季前持續升息,45
2022/11/23,[新聞] 2大因素 高盛調降Q4油價預測,12
2022/11/23,[新聞] 明年股利發不發？開發金坦言有挑戰,62
2022/11/23,[情報] 1123 上市櫃外資投信同買排行,2
2022/11/23,[情報] 1123八大公股銀行買賣超排行,13
2022/11/23,Re: [請益] 股利的問題,0
2022/11/23,Re: [新聞] 淡馬錫因FTX破產慘賠85億，聲明中感嘆太,60
2022/11/23,[新聞] 大同拿下台電百萬具智慧電表標案 營收貢,16
2022/11/23,[請益] 請問有太電持股的人領到股利入帳了嗎,3
2022/11/23,[情報] 8487愛爾達 撤回上櫃申請案,34
2022/11/23,[請益] 股利的問題,22
2022/11/23,[情報] 1123 上市櫃外資投信買超金額排行,2
2022/11/23,Re: [新聞] 有填息才算賺！首檔「高填息ETF」 00918將於11月初募集,32
2022/11/23,Re: [新聞] 淡馬錫因FTX破產慘賠85億，聲明中感嘆太,36
2022/11/23,Re: [新聞] 有填息才算賺！首檔「高填息ETF」 00918將於11月初募集,22
2022/11/23,[新聞] 韓媒：三星將為輝達、高通、百度代工3奈,81
2022/11/23,Re: [標的] 台積電的出走是不是長線起漲的埋點?,13
2022/11/23,[新聞] 公股4金2銀明年股息曝 3家殖利率近4％,43
2022/11/23,[情報] 1123 上市外資買賣超排行,53
2022/11/23,[新聞] 彭博：鴻海鄭州廠宿舍外爆發暴力抗議 對峙,59
2022/11/23,[新聞] 《DJ在線》地緣衝突加溫，軍工股能見度,16
2022/11/23,[情報] 111年11月23日 三大法人買賣金額統計表,34
2022/11/23,[情報] 1123 上市投信買賣超排行,35
2022/11/23,Re: [新聞] 淡馬錫因FTX破產慘賠85億，聲明中感嘆太,36
2022/11/23,[請益] 美股現在是大多頭沒錯吧？,75
2022/11/23,[新聞] 僅剩2家未熄燈！八方雲集年底前「撤出中,55
2022/11/23,[閒聊] 2022/11/23 盤後閒聊,94
2022/11/23,[新聞] 淡馬錫因FTX破產慘賠85億，聲明中感嘆太,100
2022/11/23,Re: [新聞] 難脫鉤？日媒：陸企13類高科技產品全球,41
2022/11/23,[新聞] 當沖作手瘋搶 本土投顧喊買 美時成交量,0
2022/11/23,[新聞] 外傳祖克柏明年辭職 Meta發言人闢謠,15
2022/11/23,[新聞] 難脫鉤？日媒：陸企13類高科技產品全球,8
2022/11/23,Re: [標的] 1795.TW 美時 價值投資多,46
2022/11/23,[新聞] 美歐貿易熱 翻轉經濟地圖,12
2022/11/23,"[新聞] 惠普宣布裁員多達6,000人",67
2022/11/23,[閒聊] 2022/11/23 盤中閒聊,86
2022/11/23,[新聞] 謝金河欲邀巴菲特來台參訪,-10
2022/11/23,Re: [標的] 台積電的出走是不是長線起漲的埋點?,40
2022/11/23,[情報] 證券業 Q3與10月自結 eps,12
2022/11/22,[新聞] 宏遠改口 看空航運,44
2022/11/22,[新聞] 汽車晶片缺貨變過剩？大摩祭震撼彈：瑞,31
2022/11/22,[新聞] 紡纖業第一槍 1451年興賴索托廠停工9天,48
2022/11/22,[標的] 1795 美時 生技股相關討論,29
2022/11/22,[情報] 11/22全市場當沖虧損最多的股票,20
2022/11/22,[情報] 3312弘憶股 2022 Q3=0.65,7
2022/11/22,[情報] 111年11月22日信用交易統計,9
2022/11/22,[新聞] LGD下修明年電視面板業務目標,9
2022/11/22,[新聞] 台積赴美設廠 王美花:台灣是半導體主動,0
2022/11/22,[標的] 友達 面板多,85
2022/11/22,[標的] 台積電的出走是不是長線起漲的埋點?,24
2022/11/22,[新聞] 大摩：面板價回升 群創優於大盤,24
2022/11/22,[新聞] 《電子通路》聯強連20年獲台灣最佳國際品,2
2022/11/22,[新聞] 英特爾代工事業挫敗？晶圓代工業務負責人請辭,30
2022/11/22,Re: [新聞] 八方雲集年底前退出中國市場 Q4再認逾2600萬元減損,27
2022/11/22,[新聞] 元太Q3表現佳 卻遭外資霸凌,33
2022/11/22,[新聞] 元太首度榮登「台灣最佳國際品牌價值」,15
2022/11/22,[新聞] 八方雲集年底前退出中國市場 Q4再認逾2600萬元減損,69
2022/11/22,[情報] 1122 上市櫃外資投信同買排行,0
2022/11/22,[新聞] Q3上市櫃營收獲利創新高　4家公司再不交,2
2022/11/22,[情報] 1122八大公股銀行買賣超排行,5
2022/11/22,[新聞] 證交所 審議通過長榮航太股票上市案,5
2022/11/22,[情報] 1122 上市櫃外資投信買超金額排行,0
2022/11/22,[新聞] 中華電信工會提出加薪7500元,70
2022/11/22,[新聞] 金管會救股市！　開放外資用台股作擔保,98
2022/11/22,[情報] 1122 上市外資買賣超排行,60
2022/11/22,[新聞] 華碩 九度登台灣最具價值國際品牌,38
2022/11/22,[情報] 111年11月22日 三大法人買賣金額統計表,59
2022/11/22,[情報] 1122 上市投信買賣超排行,14
2022/11/22,[新聞] 恩妻（n7）買車錢裕隆來！當沖客搶進裕,14
2022/11/22,[新聞] 鴻海延聘蔣尚義博士 擔任集團半導體策略,99
2022/11/22,[閒聊] 2022/11/22 盤後閒聊,76
2022/11/22,[新聞] 特力90億元聯貸案 一銀主辦完成簽約,9
2022/11/22,[標的] 6782視陽,-10
2022/11/22,[新聞] 2024開徵碳費！　環保署：每公噸300元,100
2022/11/22,[新聞] 股市信心回升 20.6%民眾想解定存進台股,100
2022/11/22,[新聞] 特斯拉傳向台積電下大量次代自駕晶片訂單,98
2022/11/22,[新聞] 新聞眼／台積最先進製程仍留台,45
2022/11/22,[新聞] 彭博:日本警告LNG長約未來幾年已售完,80
2022/11/22,[閒聊] 2022/11/22 盤中閒聊,100
2022/11/22,[標的] TSLA.US 特斯拉繼續空，不要停,67
2022/11/22,[新聞] 沈榮津：台積1奈米廠落腳龍潭,7
2022/11/22,[新聞] 欣興ABF產能利用率有雜音？ 摩根大通：沒,12
2022/11/21,[情報] 111年11月21日信用交易統計,10
2022/11/21,[標的] 2201 裕隆 漲停討論,51
2022/11/21,[新聞] 2檔漲幅逾7％「魔獸」效應帶動雙票房,22
2022/11/21,Re: [標的] 8069元太  鰻魚飯吃完空,21
2022/11/21,[新聞] 集邦：驅動IC供應鏈朝「去美化」與「去,13
2022/11/21,[新聞] 張忠謀爆在美加碼3奈米廠 台積電：目前尚,7
2022/11/21,[新聞] 半導體去台化？張忠謀：很多人嫉妒台灣,39
2022/11/21,[新聞] 群創、友達 旺季效應失靈,36
2022/11/21,[新聞] 傳兩大龍頭找台積電下單 王美花：盼車用,7
2022/11/21,[情報] 1121八大公股銀行買賣超排行,3
2022/11/21,[新聞] 在美國加碼3奈米廠？台積電：目前尚無進,17
2022/11/21,Re: [新聞] 台積電南科3奈米產能縮減？傳將移2萬片赴,46
2022/11/21,[情報] 2323中環 子公司取得陽明股票,80
2022/11/21,[情報] 1121 上市櫃外資投信同買排行,2
2022/11/21,[情報] 1121 上市櫃外資投信買超金額排行,6
2022/11/21,[新聞] 外銷訂單〉10月金額554億美元連2黑 雙減,33
2022/11/21,[情報] 1121 上市外資買賣超排行,41
2022/11/21,[新聞] 〈國泰金法說〉國壽今年大砍台股1140億元 Q3股債投資罕虧56,37
2022/11/21,"Re: [請益] 請推薦提升""第二層思考""能力的書",27
2022/11/21,[新聞] 台積電南科3奈米產能縮減？傳將移2萬片赴,100
2022/11/21,[情報] 111年11月21日 三大法人買賣金額統計表,68
2022/11/21,[情報] 1121 上市投信買賣超排行,17
2022/11/21,[新聞] 彭博：三大因素 巴菲特抄底台積電,36
2022/11/21,[情報] 4142國光生技 買回庫藏股執行完畢,4
2022/11/21,[新聞] 台積電建廠確定了！高雄28奈米廠已發包,96
2022/11/21,[情報] 2002中鋼 10月自結稅前-14.4億,57
2022/11/21,[閒聊] 2022/11/21 盤後閒聊,29
2022/11/21,Re: [新聞] 賠慘了！建設公司老董炒股慘賠再吃官司,22
2022/11/21,Re: [新聞] 快訊／張忠謀證實：台積電最先進3奈,23
2022/11/21,[請益] 車用晶片是指什麼部分？,26
2022/11/21,[新聞] 魔獸旋風！雲豹連4漲　法人：政策加持有望帶動營運表現,10
2022/11/21,[新聞] 張忠謀：賀錦麗對晶片特別有興趣 重申美,100
2022/11/21,[新聞] 快訊／張忠謀證實：台積電最先進3奈米製,100
2022/11/21,[新聞] 與土耳其攜手發展無人機 跨國結盟提升國,6
2022/11/21,[新聞] 億光撤回訴訟 特力屋：盼雙方未來加強合作,11
2022/11/21,Re: [標的] 4105 東洋 一柱擎天多,4
2022/11/21,[新聞] 賠慘了！建設公司老董炒股慘賠再吃官司,39
2022/11/21,Re: [標的] 期街口布蘭特正2 震盪多,11
2022/11/21,[新聞] 金控：央行12月最多升息半碼,57
2022/11/21,[閒聊] 2022/11/21 盤中閒聊,99
2022/11/21,[新聞] 晶圓代工雙雄 挑戰500+50,5
2022/11/21,[新聞] 世足賽概念股 投資新亮點,30
2022/11/21,Re: [心得] 小散戶 GG已畢業……,37
2022/11/21,Re: [新聞] 張忠謀：台積先進產能不排除赴美,93
2022/11/21,Re: [新聞] 張忠謀：台積先進產能不排除赴美,0
2022/11/20,[新聞] ASML大手筆投資台灣 金額為南韓5倍 韓企,32
2022/11/20,[新聞] 高盛看淡台股 按讚陸、韓股,21
2022/11/20,[標的] 大盤,69
2022/11/20,Re: [新聞] 張忠謀：台積先進產能不排除赴美,96
2022/11/20,[創作]口袋台股APP 提供意見並留言抽LINE POINT,70
2022/11/20,[標的] 8091翔名公司是不是有甚麼問題？,30
2022/11/20,[新聞] 景氣底部漸露端倪 全球面板廠稼動率回升,28
2022/11/20,[新聞] 選前台南狂轟88槍！網曝「雲豹能源千萬,37
2022/11/20,[新聞] 元太苦吞跌停 大摩：靜待更好買點,11
2022/11/20,[新聞] 商業活動恢復 10月失業率可望下降,13
2022/11/20,[新聞] 張忠謀：台積先進產能不排除赴美,99
2022/11/20,[新聞] 疾控封城影響消費者購物慾　阿里巴巴Q3虧,11
2022/11/20,[新聞] 頭一遭千人大遷移！台積電首班包機飛美,98
2022/11/20,Re: [新聞] 不止巴菲特 索羅斯Q3也搶進台積電,1
2022/11/20,[新聞] Fed官員： 12月會議將提出放棄升息3碼,80
2022/11/20,[新聞] 韓國24日央行會議 估再調高利率1碼,30
2022/11/20,[新聞] 不止巴菲特 索羅斯Q3也搶進台積電,61
2022/11/20,[新聞] 台股最壞狀況已過 下波主攻手鎖定5類股,76
2022/11/20,[新聞] 台股高股息、債券、ETF 國人最愛,19
2022/11/20,[新聞] 運價跌回起漲點 航運明年2顆未爆彈待拆,34
2022/11/20,[新聞] 上漲動能強 外資擴大買超 強強滾,16
2022/11/20,[新聞] 巴菲特、橋水豪買台積！法人：台股上攻,32
2022/11/19,[新聞] 世界盃牽動股市 陸股三族群看漲,13
2022/11/19,[新聞] 一周熱門零股/台泥、富邦台50 躋身十強,15
2022/11/19,[新聞] 大賣空本尊：FTX破產效應蔓延 買黃金時機,65
2022/11/19,Re: [請益] 長期投資的退休金計畫,9
2022/11/19,Re: [新聞] 世衛擬要求藥廠 公開疫苗價格合約,29
2022/11/19,[公告] 11/19 處置公告,0
2022/11/19,[請益] 每週集保人數問題請教,16
2022/11/19,[新聞] 台股選後看萬五 利多利空一表大盤點,17
2022/11/19,[新聞] 台股大四喜 選後看萬五,54
2022/11/19,[請益] 存股新手的疑問,53
2022/11/19,[新聞] 3奈米良率想超車台積電 三星找美企求援,56
2022/11/19,[新聞] 台積電反彈成逃命波！股東人數單周驟減逾,100
2022/11/19,[新聞] 世衛擬要求藥廠 公開疫苗價格合約,100
2022/11/19,Re: [請益] 長期投資的退休金計畫,7
2022/11/19,[新聞] 反擊美國 荷蘭官員：不效仿美對中禁令,52
2022/11/19,Re: [新聞] FTX破產我國50萬人受害！金管會三大聲明,34
2022/11/19,[新聞] 熱錢回流瘋狗浪,6
2022/11/19,[新聞] 中鋼看景氣 下季迎春燕,37
2022/11/18,[情報] 111年11月18日信用交易統計,40
2022/11/18,[新聞] 台積展望 大摩、高盛按讚,43
2022/11/18,[情報] 1118 上市櫃外資投信同買排行,1
2022/11/18,[新聞] 美聯儲觀察：FOMC來年新票委或影響政策,22
2022/11/18,[情報] 1118 上市櫃外資投信買超金額排行,0
2022/11/18,[新聞] 路透調查：Fed下月升2碼 終點利率恐更高,79
2022/11/18,[新聞] 台積電幫大忙台股週線飆497點,0
2022/11/18,[情報] 1118八大公股銀行買賣超排行,20
2022/11/18,[標的] 8299.TWO 群聯 心得(我解套賣出了),32
2022/11/18,[新聞] 南港豪宅才創186萬天價 2戶入手未滿半年,68
2022/11/18,Re: [請益] 為什麼台灣投資人存股愛存高股息?,15
2022/11/18,[新聞] FTX新任執行長：40年職業生涯從未見過如,97
2022/11/18,[情報] 2882國泰金增資股數與相關日期 價格未確定,42
2022/11/18,[新聞] 芬蘭總理：我們太依賴台灣晶片了！ 籲歐,100
2022/11/18,Re: [請益] 為什麼台灣投資人存股愛存高股息?,18
2022/11/18,[情報] 1118 上市外資買賣超排行,36
2022/11/18,[新聞] 郭哲榮：巴菲特減持大陸比亞迪，開始轉進,50
2022/11/18,Re: [請益] 為什麼台灣投資人存股愛存高股息?,6
2022/11/18,[標的] 富邦 00900-TW 成分股問題,9
2022/11/18,[情報] 1118 SCFI 指數 1306.84 (-136.45) -9.45%,77
2022/11/18,[情報] 111年11月18日 三大法人買賣金額統計表,49
2022/11/18,[情報] 1118 上市投信買賣超排行,17
2022/11/18,Re: [請益] 為什麼台灣投資人存股愛存高股息?,0
2022/11/18,[閒聊] 2022/11/18 盤後閒聊,20
2022/11/18,Re: [請益] 為什麼台灣投資人存股愛存高股息?,21
2022/11/18,[請益] 為什麼台灣投資人存股愛存高股息?,69
2022/11/18,[新聞] 明年春節後口罩全面解禁？上櫃觀光股漲,37
2022/11/18,[請益] 長期投資的退休金計畫,98
2022/11/18,Re: [標的] 8069元太  鰻魚飯吃完空,15
2022/11/18,[新聞] 外媒曝：美參議員擬限制聯邦政府與中晶片,7
2022/11/18,[新聞] Fed官員鷹浪太強 債市警鈴大作 三大指數,22
2022/11/18,[新聞] 外資降評+放緩擴產腳步 元太早盤殺至跌停,18
2022/11/18,Re: [新聞] 暴雪提分手！網易股價暴跌14％,18
2022/11/18,[請益] 興櫃進出疑問,8
2022/11/18,[請益] 世界各國減持美債會有何風險嗎？,29
2022/11/18,Re: [標的] 元太 過高就空,64
2022/11/18,Re: [新聞] 理財達人無牌照開「當沖一日班」收費 「,11
2022/11/18,Re: [標的] 元太 過高就空,0
2022/11/18,Re: [標的] 2618.TW 長榮航 解封多,2
2022/11/18,[新聞] 元太資本支出 連二年維持高檔,39
2022/11/18,[閒聊] 2022/11/18 盤中閒聊,100
2022/11/18,[標的] 2330.TW 台積電 除息錢不多,32
2022/11/18,[標的] M.US 財報 梅西百貨:通膨..那是甚麼?,14
2022/11/18,[新聞] 理財達人無牌照開「當沖一日班」收費 「,97
2022/11/17,[新聞] 力積電董座黃崇仁 台版晶片法案不能獨厚,68
2022/11/17,[新聞] 馬斯克：不想當特斯拉和推特的CEO,30
2022/11/17,[新聞] Fed布拉德：即使採取最鴿派的政策 進一步,55
2022/11/17,[新聞] 道指突然跳水跌超300點,66
2022/11/17,[情報] 111年11月17日信用交易統計,24
2022/11/17,[新聞] 騰訊「分紅式減持」捨棄美團、京東，中國,9
2022/11/17,Re: [新聞] 暴雪提分手！網易股價暴跌14％,0
2022/11/17,[新聞] 暴雪提分手！網易股價暴跌14％,41
2022/11/17,[新聞] 郭明錤:iPhone15全改採USB-C 三家台廠優先受惠,48
2022/11/17,[新聞] 蔡明興獨子蔡承儒出任富邦人壽董事 接班,58
2022/11/17,[情報] 11/17全市場當沖虧損最多的股票,20
2022/11/17,[新聞] 台積高雄建廠帶動 半導體產業鏈廠加碼投,32
2022/11/17,[心得] 11/21 ~ 11/25 世界經濟數據行事曆,10
2022/11/17,[情報] 1117 上市櫃外資投信同買排行,3
2022/11/17,[新聞] 台股反彈急行軍 半導體看旺,3
2022/11/17,[新聞] 長榮60個月年終？ 網酸「幹嘛進科技業」,21
2022/11/17,[新聞] ABF漲了兩個月 欣興景碩南電現在該賣出？,14
2022/11/17,Re: [新聞] FTX破產我國50萬人受害！金管會三大聲明,34
2022/11/17,[情報] 1117八大公股銀行買賣超排行,8
2022/11/17,[新聞] FTX破產我國50萬人受害！金管會三大聲明,100
2022/11/17,[情報] 1117 上市櫃外資投信買超金額排行,2
2022/11/17,[標的] 大盤多？空？,23
2022/11/17,[新聞] 國泰證券：明年股債市場有望築底反彈,23
2022/11/17,[新聞] 元太2023年保守看整體營運 惟仍會朝成長,39
2022/11/17,[新聞] 元太法說會打臉外資報告 重申Q4營運優於,9
2022/11/17,[情報] 1117 上市外資買賣超排行,51
2022/11/17,[情報] 111年11月17日 櫃買法人買賣金額統計表,20
2022/11/17,[標的] 期街口布蘭特正2 震盪多,24
2022/11/17,[情報] 111年11月17日 三大法人買賣金額統計表,84
2022/11/17,[情報] 1117 上市投信買賣超排行,17
2022/11/17,Re: [標的] 雷虎-無人機未來戰爭主流,26
2022/11/17,Re: [新聞] 沒在怕！女股神抄底比特幣基金GBTC,16
2022/11/17,[閒聊] 2022/11/17 盤後閒聊,99
2022/11/17,[新聞] 外資狂讚創意 目標價升至「8」字頭,62
2022/11/17,[新聞] 收耶誕大禮！AM汽零業Q4衝,12
2022/11/17,Re: [請益] 現在是沒有人管 US10YY 了嗎?,25
2022/11/17,[新聞] 美10月零售銷售優於預期 消費者支出有望,31
2022/11/17,[新聞] 愛之味獲利看俏 股價吸引買盤布局,31
2022/11/17,[新聞] 行政院拍板台版晶片法！明年上路　抵減稅,27
2022/11/17,[請益] 有關券商研究報告,43
2022/11/17,[新聞] 沒在怕！女股神抄底比特幣基金GBTC,62
2022/11/17,[新聞] 外資喊買聯詠，目標價調升至 360 元,20
2022/11/17,[新聞] 美光最先進製程導入台灣生產 力成、南茂,14
2022/11/17,[新聞] 洋基簽訂30億元大單,100
2022/11/17,[心得] 挑逗人類敏感神經的120日均線,30
2022/11/17,[新聞] 《營建股》力麒郭淑珍：明年房市關鍵要,7
2022/11/17,[標的] 3141 晶宏 多多多,3
2022/11/17,[新聞] 再次擊退三星！台積電獨吞高通新驍龍,73
2022/11/17,[新聞] 英國10月CPI年增11.1% 通膨創41年新高,63
2022/11/17,[新聞] 「台泥」這麼便宜！　達人揭出手安心價,41
2022/11/17,[閒聊] 2022/11/17盤中閒聊,99
2022/11/17,[標的] NVDA.US 財報,21
2022/11/17,[新聞] 輝達Q3營收優於預期 資料中心業務成長31%,15
2022/11/17,Re: [請益] 板上有沒有2014以前做指數投資的前輩？,34
2022/11/17,[標的] TSLA.NA 探測打底多,24
2022/11/17,Re: [新聞] 楊金龍信心喊話:與2019年底比台股漲7.9%,10
2022/11/16,Re: [新聞] 呼應蔡總統！ASML證實：史上最大在台,23
2022/11/16,Re: [新聞] 台積電賺爛了？統神駁斥「網路亂傳」：,12
2022/11/16,[新聞] 買台積電、賣比亞迪 巴菲特又一次實踐其,20
2022/11/16,[新聞] 巴菲特按讚台積電 台灣5G ETF大受「積」勵,6
2022/11/16,[新聞] 凱基彭博全球菁英55ETF 標的指數資格認可過關,7
2022/11/16,[情報] 11/16全市場當沖虧損最多的股票,10
2022/11/16,[新聞] 意外 大陸10月消費負成長,82
2022/11/16,Re: [請益] 現在是沒有人管 US10YY 了嗎?,29
2022/11/16,[情報] 111年11月16日信用交易統計,19
2022/11/16,[新聞] 元太科技連續6年獲頒TCSA台灣企業永續獎,7
2022/11/16,[新聞] 萬海董座：實質不好僅3成、明年中迎轉機,0
2022/11/16,[新聞] 連9年獲台灣永續獎 華航再拿最高榮譽,3
2022/11/16,[新聞] 長線剛性需求 有助半導體題材表現,3
2022/11/16,Re: [新聞] G7、北約緊急圓桌會議！　拜登：轟波蘭飛,0
2022/11/16,[新聞] 統領百貨遭遇網路攻擊事件，部份資訊系,3
2022/11/16,Re: [新聞] 台股大漲要冷靜!台灣先生谷月涵:暫時反彈,17
2022/11/16,Re: [新聞] 台積電賺爛了？統神駁斥「網路亂傳」：,43
2022/11/16,[新聞] 呼應蔡總統！ASML證實：史上最大在台投資,63
2022/11/16,[新聞] 注意訊號！谷月涵分析台股明年初探底 謝,14
2022/11/16,[情報] 1116八大公股銀行買賣超排行,10
2022/11/16,[新聞] 房價鬆動了嗎？展望明年房市景氣 合庫銀,29
2022/11/16,[情報] 1116 上市櫃外資投信同買排行,2
2022/11/16,[新聞] 美銀調查：超過9成基金經理人 估明年出現,27
2022/11/16,[情報] 1116 上市櫃外資投信買超金額排行,0
2022/11/16,[新聞] 台積電大漲！股民勸「人多地方別去」　網,96
2022/11/16,[情報] 1101台泥 111年度第二次無擔保普通公司債,15
2022/11/16,[新聞] 台積電賺爛了？統神駁斥「網路亂傳」：,100
2022/11/16,[新聞] 【合庫金法說3】台股占投資部位3％ 總經理陳美足：無加碼空,9
2022/11/16,[情報] 2753 八方雲集 12/15除息約2.49元,8
2022/11/16,[情報] 1116 上市外資買賣超排行,50
2022/11/16,[新聞] 2.5萬輛納智捷n7電動車來了! 裕隆:明年Q4,30
2022/11/16,[新聞] 連20季下滑 有線電視戶數下探466.9萬戶新,53
2022/11/16,[標的] 回檔多,100
2022/11/16,[新聞] 高端疫苗今屆效、不展延　王必勝：已使用近7成、餘160萬劑銷,61
2022/11/16,Re: [新聞] 洛馬將委託中信造船造艦 售予東協國家,4
2022/11/16,[情報] 111年11月16日 三大法人買賣金額統計表,98
2022/11/16,[情報] 111年11月15日 三大法人買賣金額統計表,37
2022/11/16,[情報] 1116 上市投信買賣超排行,10
2022/11/16,[新聞] 金融海嘯來罕見！第3季DRAM營收季減近3,24
2022/11/16,[新聞] 台版晶片法來了！半導體產業將有大利多,64
2022/11/16,[新聞] 洛馬將委託中信造船造艦 售予東協國家,12
2022/11/16,Re: [新聞] 股神巴菲特之威 台積ADR盤前飆破10％,7
2022/11/16,[閒聊] 2022/11/16 盤後閒聊,98
2022/11/16,[標的] 大盤 有人幫你找工作 不怕被嘎空,12
2022/11/16,Re: [新聞] 美大廠吹去中潮 台積等台廠2023接單暢旺,2
2022/11/16,[新聞] 證交所「我是股神」模擬下單競賽 第二階,29
2022/11/16,Re: [新聞] G7、北約緊急圓桌會議！　拜登：轟波蘭飛,37
2022/11/16,Re: [新聞] 股神巴菲特之威 台積ADR盤前飆破10％,9
2022/11/16,[新聞] 世足賽來了！超商雙雄搶商機,33
2022/11/16,[新聞] 日系外資看好智原明年營運持續成長，重,4
2022/11/16,Re: [新聞] 股神巴菲特之威 台積ADR盤前飆破10％,35
2022/11/16,[新聞] G7、北約緊急圓桌會議！　拜登：轟波蘭飛,100
2022/11/16,[新聞] 救經濟！蘇建榮：明年將採擴張性財政政策,47
2022/11/16,[新聞] 小摩：電動自行車、Type-C是明年焦點 評,20
2022/11/16,[新聞] 谷月涵：台股還有探底可能,88
2022/11/16,[新聞] 王品加薪搶人才！明年起薪33K起「調薪幅.,31
2022/11/16,Re: [新聞] 美大廠吹去中潮 台積等台廠2023接單暢旺,0
2022/11/16,[新聞] 沒跟進Big Tech裁員風 維權股東批Alphabe,14
2022/11/16,[新聞] 美大廠吹去中潮 台積等台廠2023接單暢旺,25
2022/11/16,[閒聊] 2022/11/16 盤中閒聊,100
2022/11/16,[新聞] 蘋果準備從亞洲轉向美國製造的晶片,58
2022/11/16,[新聞] 巴菲特買日五大商社「股價最少漲一倍」謝金河：台積電股價,41
2022/11/16,[新聞] 股神巴菲特之威 台積ADR盤前飆破10％,31
2022/11/16,[新聞]兩枚導彈落在波蘭境內金融市場一時風聲鶴唳,71
2022/11/16,[標的] 6180橘子-背影多,25
2022/11/16,[標的] 1605 華新 請支援結帳,13
2022/11/16,[新聞]  高盛堅定看多油價 預計布油明年初115美,14
2022/11/16,Re: [請益] 這波回檔各位買滿幾成持股了,36
2022/11/15,[新聞] 華航、長榮航推估元月出現第一波出國潮,5
2022/11/15,[情報] 111年11月15日 櫃買法人買賣金額統計表,10
2022/11/15,[新聞] 沈榮津：艾司摩爾在台最大額投資案 明年7,44
2022/11/15,[情報] 111年11月15日信用交易統計,57
2022/11/15,[新聞] 股神大買台積電 吳東亮早就說便宜,27
2022/11/15,Re: [新聞] 矽谷創投教父卓普:中國已非投資地 看好台灣太空產業,3
2022/11/15,[新聞] 谷月涵：小心熊市騙光你的錢,56
2022/11/15,[請益] 用國外平台交易倒閉錢拿得回來嗎?,5
2022/11/15,[新聞] 巴菲特、國安基金齊挺 郭哲榮:台股上兩萬,40
2022/11/15,[標的] 台股上萬八 心得,23
2022/11/15,Re: [新聞] 統神神預言「ALL IN台積電」全家爆買20張,26
2022/11/15,[情報] 1115 上市櫃外資投信同買排行,0
2022/11/15,Re: [新聞] FTX破產台灣逾50萬人受害！　財長：可列,10
2022/11/15,[新聞] 央行重兵防守小升收31.105元 續攀2個月,65
2022/11/15,[標的] 8299.TWO 群聯 討論,0
2022/11/15,[新聞] 新世紀長期虧損 宣布全面停工、聲請破產,27
2022/11/15,Re: [新聞] 鄭州富士康招工 河南當局下令「每村,14
2022/11/15,Re: [標的] 到現在多軍只有我套牢？持股請益,14
2022/11/15,[新聞] 覬覦台積電客戶 三星稱業者想找第2替代,16
2022/11/15,[情報] 1115八大公股銀行買賣抄排行,18
2022/11/15,[新聞] 高市府:台積電高雄廠施工進度符預期 2座,5
2022/11/15,[情報] 1115 上市櫃外資投信買超金額排行,2
2022/11/15,[新聞] 矽谷創投教父卓普:中國已非投資地 看好台灣太空產業,18
2022/11/15,Re: [心得] 最壞的時刻，也是最好的時刻,3
2022/11/15,[新聞] 快訊／噴爆！　台積電ADR盤前大漲11％,100
2022/11/15,[新聞] 台股大漲要冷靜!台灣先生谷月涵:暫時反彈,100
2022/11/15,Re: [新聞] 統神神預言「ALL IN台積電」全家爆買20張,7
2022/11/15,[新聞] 神山翻身覺醒!波克夏、魏哲家大舉買進台積電 法人這樣說,7
2022/11/15,[新聞] 雲豹能源送件申請台灣創新板 成今年第三家,16
2022/11/15,Re: [新聞] 統神神預言「ALL IN台積電」全家爆買20張,30
2022/11/15,Re: [新聞] 統神神預言「ALL IN台積電」全家爆買20張,31
2022/11/15,[新聞] 紐約Fed調查：美國民眾通膨預期上升 裁,25
2022/11/15,[新聞] 魏哲家10月加碼台積電200張 內部主管也買,63
2022/11/15,Re: [新聞] 統神神預言「ALL IN台積電」全家爆買20張,14
2022/11/15,[新聞] 巴菲特大買台積電 躍居第五大股東 台積貢,26
2022/11/15,[情報] 1115 上市外資買賣超排行,62
2022/11/15,Re: [請益] 所以台積電Q3是誰在賣？,54
2022/11/15,[新聞] 他台積電買688元嘆「何時攤平」？網傻眼,6
2022/11/15,Re: [新聞] 統神神預言「ALL IN台積電」全家爆買20張,77
2022/11/15,[新聞] 外資觀點：元太成長趨勢放緩，美系外資,18
2022/11/15,Re: [新聞] 大摩：對台積電走勢重申優於大盤 可趁壞消息時買進,8
2022/11/15,Re: [標的] 8069元太  鰻魚飯吃完空,20
2022/11/15,Re: [新聞] 老虎全球Q3新建倉台積電 增持微軟Alphabe,39
2022/11/15,[情報] 1115 上市投信買賣超排行,26
2022/11/15,[請益] 台積電這幾天就是拼命做多沒問題吧,61
2022/11/15,[新聞] 老虎全球Q3新建倉台積電 增持微軟Alphabe,42
2022/11/15,[標的] TSM.US 台積電ADR 股神多,9
2022/11/15,Re: [標的] 台積電 跟單多 TW.2330,12
2022/11/15,[新聞] 美限晶令下，全球最大對沖基金橋水Q3首次,62
2022/11/15,[閒聊] 2022/11/15 盤後閒聊,100
2022/11/15,[請益] 這波接下來的滿足點在哪,40
2022/11/15,[標的] 2330.TW 台積電 不良品變精品的關鍵原因?,13
2022/11/15,[心得] 反彈行情之下，高股息漲勢ETF分析,15
2022/11/15,[新聞] 巴菲特買台積竟是跟單巴肥特?上網打臉專,14
2022/11/15,Re: [標的] 台積電 跟單多 TW.2330,26
2022/11/15,[新聞] 巴菲特砸1275億大買台積電股票 分析師曝原因,21
2022/11/15,[標的] 4930.燦星網 前三季EPS2.84 每年高配息多,9
2022/11/15,[標的] 台積電 跟單多 TW.2330,-10
2022/11/15,[新聞] 麥可貝瑞Q3持股從1檔增至6檔 押注監獄、,31
2022/11/15,[新聞] 史上最長 台股明年春節休市12天,43
2022/11/15,[新聞] 亞馬遜史上最大裁員 大約10000人最快本周,41
2022/11/15,[請益］50反1,36
2022/11/15,[標的] 2330 台積電,52
2022/11/15,[標的] Nvda空。,12
2022/11/15,Re: [情報] 老巴建倉台積電,8
2022/11/15,Re: [情報] 老巴建倉台積電,44
2022/11/15,Re: [請益] 有可能出的價錢比成交價高還交易失敗嗎？,10
2022/11/15,Re: [標的]  大盤 國安基金點位多,5
2022/11/15,Re: [情報] 老巴建倉台積電,16
2022/11/15,[請益] 兩個禮拜漲完半年跌的,9
2022/11/15,[新聞] 拜登「窒息式」封殺！大陸晶片找到解藥,26
2022/11/15,[新聞] 同開、中福、如興財報難產 恐遭暫停交易,8
2022/11/15,Re: [標的]  大盤 國安基金點位多,9
2022/11/15,[新聞] 巴菲特加持！台積電大漲20元至465　台股,80
2022/11/15,[閒聊] 2022/11/15 盤中閒聊,100
2022/11/15,[新聞] 波克夏Q3新建倉逾41億美元台積電 加碼能,100
2022/11/15,[新聞] 富邦「慘賠80多億」踩雷　急甩哈爾濱銀,64
2022/11/15,[新聞] 小資族愛定期定額 00878直逼10萬戶,21
2022/11/15,[新聞] 印和闐：盤點巴菲特今年套牢的那些股票,26
2022/11/15,[新聞] 美通膨降溫 Fed副主席：可能很快會放慢升,45
2022/11/15,[新聞] 波克夏首度買進41.2億美元台積電股票,100
2022/11/15,[公告] 1115 警告 水桶 多人,2
2022/11/15,[標的] 2337旺宏 好運旺旺來的多,11
2022/11/15,[新聞] 拜登當面對習表示反對中國對台「侵略性」,17
2022/11/14,Re: [請益] 槓桿正二ETF安全嗎？,26
2022/11/14,[情報] 11/14全市場當沖虧損最多的股票,12
2022/11/14,[情報] 111年11月14日信用交易統計,23
2022/11/14,[新聞] 大摩籲投資者入市停止持有現金 料美元明,59
2022/11/14,Re: [標的] 2059川湖 請益,15
2022/11/14,[情報] 1558紳興前三季eps 8.06,11
2022/11/14,[標的] 2059川湖 請益,18
2022/11/14,[請益] 槓桿正二ETF安全嗎？,70
2022/11/14,[標的] 8076.TWO 伍豐 世足賽&魔獸 超級多,14
2022/11/14,[情報] 1114違約交割,33
2022/11/14,[情報] 1114八大公股銀行買賣超排行,10
2022/11/14,[情報] 1114 上市櫃外資投信同買排行,7
2022/11/14,[情報] 4977 眾達-KY 第3季合併財務報告,8
2022/11/14,[新聞] 元太逆勢大舉徵人,35
2022/11/14,[新聞] FTX破產台灣逾50萬人受害！　財長：可列,66
2022/11/14,[新聞] IMF警告全球經濟前景 比先前預測更加悲觀,20
2022/11/14,[情報] 1114 上市櫃外資投信買超金額排行,5
2022/11/14,[新聞] 匯市爆出逾33億美元天量！ 台幣強升2.94,100
2022/11/14,[情報] 中環代子公司公告處分有價證券長榮海,32
2022/11/14,[新聞] 銅價強彈 期街口道瓊銅ETF今爆量上漲,6
2022/11/14,[新聞] 大谷翔平損失大筆代言費 FTX倒閉延燒體育,26
2022/11/14,[新聞] 台泥保守看水泥後市 估電池事業2024業績,26
2022/11/14,Re: [請益] 投資第一件事是不是要克服心理？,15
2022/11/14,Re: [請益] 有可能出的價錢比成交價高還交易失敗嗎？,12
2022/11/14,[新聞] PTT鄉民慘了！高端：假離職員工散播偽造,100
2022/11/14,[情報] 1114 上市外資買賣超排行,97
2022/11/14,[新聞] 黃天牧：台股基本面有撐 短期關注4風險,7
2022/11/14,[請益] 有可能出的價錢比成交價高還交易失敗嗎？,49
2022/11/14,[標的] 3501 維熹  多,0
2022/11/14,[情報] 111年11月14日 櫃買法人買賣金額統計表,12
2022/11/14,[情報] 2542興富發111年第三季合併財務報告,57
2022/11/14,[新聞] 財長證實國安基金護盤跨年 4大原因不退場,16
2022/11/14,[情報] 111年11月14日 三大法人買賣金額統計表,100
2022/11/14,[情報] 6446 藥華藥 Q3累計-4.37,57
2022/11/14,[情報] 1114 上市投信買賣超排行,18
2022/11/14,[新聞] 台積電漲勢凌厲 散戶反賣股逃跑 零股人,81
2022/11/14,[請益] 營業員會主動打來問要不要賣股嗎,13
2022/11/14,[閒聊] 2022/11/14 盤後閒聊,99
2022/11/14,[新聞] 敦泰Q3大虧裁員減薪！股價跳空跌停,73
2022/11/14,Re: [請益] 投資第一件事是不是要克服心理？,20
2022/11/14,[創作］口袋台股APP 未來功能規劃 歡迎批評指教,7
2022/11/14,[新聞] 台股漲逾200點站穩萬四 分析師:反彈趨勢,27
2022/11/14,[請益] 投資第一件事是不是要克服心理？,51
2022/11/14,[請益] 所以景氣到底有沒有衰退？,56
2022/11/14,[標的]  2915 潤泰全 微笑曲線結束 討論,23
2022/11/14,[新聞] 近一個月強彈千點 張錫:此波有「基」之彈,10
2022/11/14,[新聞] 寶鋼12月盤價開平低盤 中鋼:去庫存進尾聲,6
2022/11/14,[標的] 日盛金沒賣的股票問題,7
2022/11/14,[新聞] 台股站穩萬四、限空令何時退場？金管會主委：時候未到,15
2022/11/14,[新聞] 前3季海賺3千億元 獲利提前超車去年 長榮海運年終獎金挑戰60,49
2022/11/14,[閒聊] 2022/11/14 盤中閒聊,100
2022/11/14,[新聞] 三星要砍單 手機鏈有壓,8
2022/11/14,[新聞] 台股三大行情 添多頭柴火,13
2022/11/14,[新聞] 費半勁揚 台積ADR報復性反彈,13
2022/11/14,Re: [請益] 移動停利/停損 如何有好的交易心態/手法？,13
2022/11/13,[新聞] 搭台股賺錢列車 五種題材必買,23
2022/11/13,[新聞] 目標 2024 年量產，鴻海泰國電動車廠今動土,15
2022/11/13,[標的] 3004 豐達科 多,15
2022/11/13,Re: [請益] 現在是不是All in的最佳時間點,24
2022/11/13,[請益] 有通膨概念股嗎？,11
2022/11/13,[新聞] 安集前3季EPS1.24元賺贏去年,16
2022/11/13,[新聞] 2023年我國半導體景氣趨緩 台經院：留意,10
2022/11/13,[請益] 移動停利/停損 如何有好的交易心態/手法？,50
2022/11/13,Re: [新聞] 華爾街：看出美通膨轉折 美股可再漲25％,12
2022/11/13,[新聞] 台積電3奈米製程移美國 蘋果促成的？,55
2022/11/13,[新聞] 台泥跌破10年線！存股族逆勢搶進　股東,60
2022/11/13,[標的] 2885.TW 元大金 睿涵姐新節目多,58
2022/11/13,[新聞] 股價已低 運輸同業決定持有長榮等配息,40
2022/11/13,[新聞] 配息5％大紅包來了 12檔台股ETF,20
2022/11/13,[請益] 我們軟著陸了嗎？,57
2022/11/13,[請益] 台幣貶值對股市會有很大的影響嗎??,18
2022/11/13,[新聞] 半導體減產風暴又+1 華邦電產能砍3成,20
2022/11/13,[新聞] 友達恢復尾牙 彭双浪曝員工年終數字,14
2022/11/13,[新聞] 新台幣狂飆4.95角 近23年來單日最大升幅,91
2022/11/13,Re: [標的] 大盤 萌智子智能高點空,0
2022/11/13,Re: [新聞] 華爾街：看出美通膨轉折 美股可再漲25％,42
2022/11/13,[新聞] 世足賽熱度加溫 製鞋業盼運動消費力打敗,36
2022/11/13,[心得] 11/14~11/18 美股經濟數據&財報行事曆,33
2022/11/13,[新聞] 台股V轉 4檔半導體ETF笑傲市場,1
2022/11/13,[新聞] 跌了1整年…台股「非常大助力」出現,47
2022/11/13,[新聞] 華爾街：看出美通膨轉折 美股可再漲25％,29
2022/11/13,Re: [請益] 借貸套利?,5
2022/11/13,[新聞] 葉倫：別因CPI數據降溫高興過頭,62
2022/11/13,[新聞] 怕護國神山斷氖？俄增25％氖氣供應 喊話,27
2022/11/13,Re: [新聞] CNN：Fed正在輸掉抗通膨戰爭,99
2022/11/13,Re: [請益] 借貸套利?,11
2022/11/12,[標的] 3702.TW 大聯大 討論,0
2022/11/12,[情報] 5876 上海商銀 Q3累計2.91,8
2022/11/12,[新聞] 海運價大跌 歐洲線重災區,27
2022/11/12,Re: [新聞] 全球央行導師：終點利率需升至6%才能馴服,44
2022/11/12,[新聞] 國光生技Q3虧轉盈 宣布買回庫藏股5千張,55
2022/11/12,[新聞] 華航獲國際肯定 奪全球五星航空公司獎,7
2022/11/12,[新聞] 成都楊桃冰 店面拍出！合庫8502萬標下！,37
2022/11/12,[新聞] ABF載板需求強勁 南電加碼明年資本支出,19
2022/11/12,[新聞] 美元指數下殺至半年線、創13年來最重單日,100
2022/11/12,[新聞] 老公辭年薪150萬工作玩當沖 半年賠800萬,53
2022/11/12,Re: [請益] 借貸套利?,12
2022/11/12,[新聞] 08年海嘯重現？1／筆電打「2折」仍賣不,53
2022/11/12,[創作] 阿娘哈細腰 俗女Part III,0
2022/11/12,[新聞] 全球央行導師：終點利率需升至6%才能馴服,36
2022/11/12,[新聞] 台積電股價狂飆！股民示警：僅「逃命波」,85
2022/11/12,[創作] 感恩的心,4
2022/11/12,Re: [請益] 借貸套利?,14
2022/11/12,[新聞] 大摩挺權王 唱旺聯發科,3
2022/11/12,[請益] 借貸套利?,100
2022/11/12,[新聞] 金融股拉高股票股利　股海老牛給存股族1,8
2022/11/12,[公告] 11/12 處置公告,6
2022/11/12,[新聞] 格芯開始裁員並凍結招聘,30
2022/11/12,[新聞] 基本、籌碼面面俱到 ABF需求旺 貨櫃三雄,15
2022/11/12,Re: [請益] 今天雖然大漲 但幾乎都是開高走低,14
2022/11/12,[新聞] IC寒冬 敦泰大虧裁員、減薪,40
2022/11/12,[新聞] 禮來在假推特賬戶承諾免費胰島素後爆跌,28
2022/11/12,[新聞] 美國11月密大消費者信心指數初值大跌 通,27
2022/11/12,Re: [心得] 股票漲個幾天多軍全都滿血復活？,95
2022/11/12,Re: [新聞] FTX 發布媒體稿：正式申請Chapter11破產,28
2022/11/11,Re: [請益] 今天雖然大漲 但幾乎都是開高走低,7
2022/11/11,[新聞] 樂陞案坑殺投資人 許金龍更一審改判10年,51
2022/11/11,[新聞] 證交所:MSCI調整前後的權重差距不代表台股資金的流向,8
2022/11/11,[情報] 11/11全市場當沖虧損最多的股票,21
2022/11/11,[新聞] Gogoro稱中國不確定性多決定延後擴展 聚焦印度印尼,38
2022/11/11,[情報] 111年11月11日信用交易統計,67
2022/11/11,[新聞] 台達電鄭崇華：2030年營收可達360億美元,20
2022/11/11,[新聞] 台股大反攻00919飆漲 專家看好明年高成長、產業復甦股,4
2022/11/11,[情報]  6223 旺矽 Q3累積10.34,4
2022/11/11,[新聞] MSCI笑納藥華藥、北極星、智擎、保瑞 生,16
2022/11/11,[情報] 2324 仁寶 前三季 EPS 1.43,15
2022/11/11,Re: [請益] 上個月賣股票買美元的人怎麼辦,11
2022/11/11,[情報] 2323中環 Q3 EPS -0.25,8
2022/11/11,[新聞] 全球航運業遭遇新問題：貨櫃太多 集散場,28
2022/11/11,[情報]  9904 寶成 Q3 1.94,34
2022/11/11,[標的] 8069元太  鰻魚飯吃完空,25
2022/11/11,[新聞] 愛地雅第3季稅後純益年增率216% 每股稅後,15
2022/11/11,[新聞] 鄭州富士康招工 河南當局下令「每村出一,99
2022/11/11,[情報] 1111八大公股銀行買賣超排行,18
2022/11/11,[情報] 1111 上市櫃外資投信同買排行,8
2022/11/11,[情報] 華碩2357、技嘉2376、微星2377 Q3 EPS,28
2022/11/11,Re: [請益] 現在是不是All in的最佳時間點,5
2022/11/11,[情報] 1111 上市櫃外資投信買超金額排行,0
2022/11/11,Re: [新聞] 美元利率漲到5%、投資人恐瘋存？楊金龍：,13
2022/11/11,[新聞] 美股強彈激勵 女股神旗下ARKK迎來史上最,21
2022/11/11,[新聞] 新台幣貶破32元 新壽今年來匯兌利益逾60,19
2022/11/11,Re: [新聞] Fed官員樂見通膨降溫但還是太高 寧可過,10
2022/11/11,[情報] 2027/8415 大成鋼/大國鋼 Q3 0.87/1.63,15
2022/11/11,[情報] 潤泰全111年Q3財報,8
2022/11/11,Re: [請益] 現在是不是All in的最佳時間點,3
2022/11/11,[新聞] 高雄7奈米廠延後 龔明鑫喊話:台積電會持續,22
2022/11/11,[新聞] SCFI又崩逾百點 運價連21黑 貨櫃3雄會是,41
2022/11/11,[情報] 1111 上市外資買賣超排行,95
2022/11/11,Re: [新聞] 美元利率漲到5%、投資人恐瘋存？楊金龍：,37
2022/11/11,Re: [情報] 3545敦泰 Q3 EPS -13.57,7
2022/11/11,[情報] 111年11月11日 三大法人買賣金額統計表,100
2022/11/11,[情報] 111年11月11日 櫃買法人買賣金額統計表,15
2022/11/11,Re: [新聞] 楊金龍：新台幣貶受股市影響 非利差因素,49
2022/11/11,[新聞] 美維權投資人艾康：儘管美股近日大幅反彈,32
2022/11/11,[情報] 8403 盛弘 Q3 0.86  2.78,8
2022/11/11,[情報] 1111 上市投信買賣超排行,25
2022/11/11,Re: [請益] 現在是不是All in的最佳時間點,63
2022/11/11,[標的]  2330 亞洲股神巴肥特 多,83
2022/11/11,[情報] 3545敦泰 Q3 EPS -13.57,100
2022/11/11,[閒聊] 2022/11/11 盤後閒聊,100
2022/11/11,[請益] 這根周線超級大棒棒，台股重回多頭?,20
2022/11/11,Re: [心得] 恭喜多多 空蛙認輸了,16
2022/11/11,[公告] Stock 樂透開獎,8
2022/11/11,[新聞] 祖克柏憔悴面容，對Meta員工談話曝光！,46
2022/11/11,Fw: [新聞] 元宇宙投資太巨大失利！Meta本週大規模裁,8
2022/11/11,[標的] 4111 濟生 洗腎多,8
2022/11/11,[心得] 恭喜多多 空蛙認輸了,100
2022/11/11,[新聞] 萬海 上月營收年減38%,13
2022/11/11,[新聞] 魏哲家：台積電高雄廠7奈米暫延後,100
2022/11/11,Re: [新聞] 美元利率漲到5%、投資人恐瘋存？楊金龍：,2
2022/11/11,[情報] 006208收益分配0.97->1.03元,15
2022/11/11,[新聞] 友達預期面板庫存將趨健康；明年下半好,11
2022/11/11,[標的] 4105 東洋 一柱擎天多,2
2022/11/11,[新聞] 星宇航空10月總營收3.83億 年增455.89%,7
2022/11/11,[新聞] 長榮航前10月合併營收年增38.18%，客運,5
2022/11/11,Re: [情報] 2488 漢平 Q3 EPS:1.79,14
2022/11/11,[新聞] Fed官員樂見通膨降溫但還是太高 寧可過,100
2022/11/11,[新聞] 台積電股價開盤大漲逾8% 市值重上11兆元,28
2022/11/11,[標的] 4915.TW 致伸 風水輪流轉 多,45
2022/11/11,Re: [新聞] 美元利率漲到5%、投資人恐瘋存？楊金龍：,49
2022/11/11,[標的] 2330.TW 台積電 400以下的GG真的是上天的,41
2022/11/11,[請益] 所以限空令是在限什麼？,33
2022/11/11,[請益] 現在是不是All in的最佳時間點,92
2022/11/11,Re: [新聞] 美10月CPI降至7.7％ 美股盤前狂飆900點,20
2022/11/11,[新聞]《台北股市》MSCI半年調 台股成分股增2減1,10
2022/11/11,[新聞] 馬斯克：不排除推特可能在明年聲請破產,100
2022/11/11,[閒聊] 2022/11/11 盤中閒聊,100
2022/11/11,Re: [新聞] 美股大多頭：一旦Fed政策轉向 道瓊將飆,0
2022/11/11,[新聞] 美股大多頭：一旦Fed政策轉向 道瓊將飆,78
2022/11/11,Re: [標的]  大盤 國安基金點位多,11
2022/11/11,[新聞] 欺負自己人！　85度C剝削台灣留學生　遭,100
2022/11/11,Re: [請益] 接下來美金的走勢?,33
2022/11/11,Re: [情報] 美國10月CPI 7.7% 核心6.3%,33
2022/11/10,[新聞] 電信三雄前10月財報出爐 中華電蟬聯EPS王,12
2022/11/10,[新聞] 北富銀總經理程耀輝辭職 將轉任台泥總經理,19
2022/11/10,Re: [情報] 美國10月CPI 7.7% 核心6.3%,76
2022/11/10,[情報] 6128上福 前三季EPS:4.20,5
2022/11/10,[情報] 11/10全市場當沖虧損最多的股票,14
2022/11/10,[標的]  大盤 國安基金點位多,4
2022/11/10,[請益] 接下來美金的走勢?,100
2022/11/10,[新聞] 奇景第4季營收看增8% 平板AMOLED兩大需求,6
2022/11/10,[情報] 111年11月10日信用交易統計,24
2022/11/10,[情報] 東鹼(1708) Q3 EPS 1.72元，創歷史新高,5
2022/11/10,[新聞] 美10月CPI降至7.7％ 美股盤前狂飆900點,100
2022/11/10,[情報] 1795 美時 前三季eps 10.96,9
2022/11/10,[情報]  安集10月營收3.80億元年增81.53% 1—10,10
2022/11/10,Re: [情報] 美國10月CPI 7.7% 核心6.3%,32
2022/11/10,[情報] 1110 上市櫃外資投信買超金額排行,0
2022/11/10,[情報] 美國10月CPI 7.7% 核心6.3%,100
2022/11/10,[新聞] 謝金河：股價跌深就是最大利多,21
2022/11/10,[情報] 4938 和碩 前三季 EPS 3.77,18
2022/11/10,Re: [新聞] 鄭州富士康大批員工徒步返鄉 鴻海：園區,12
2022/11/10,[新聞] 郭哲榮：今晚CPI見7 台股噴出直上萬四,99
2022/11/10,[情報] 2753八方雲集 前三季EPS:7.53,33
2022/11/10,[標的] 群創去庫存多,5
2022/11/10,[新聞] 星宇航空興櫃價重回19元再度超越華航!張,20
2022/11/10,[情報] 全科 前三季EPS:4.24,11
2022/11/10,[情報] 111年【10月份金控股】EPS排名(全已公布),14
2022/11/10,[情報] 9940 信義房屋 10月 mom-8.43% yoy-51.3%,19
2022/11/10,"[新聞] Toyota, Sony等八家公司合資成立新公司",78
2022/11/10,[新聞] 英特爾推出Max系列超級CPU與GPU！為HPC和,7
2022/11/10,[情報] 9939宏全 前三季EPS 6.92,8
2022/11/10,[情報] 1101台泥 Q3 EPS 0.22,37
2022/11/10,[情報] 1110八大公股銀行買賣超排行,13
2022/11/10,[情報] 3711 日月光投控 10月營收,11
2022/11/10,[新聞] 華碩第3季獲利大減45％！第4季PC出貨估,30
2022/11/10,[情報] 高端疫苗10月營收 月增688%,37
2022/11/10,[情報] 2904匯橋 前三季eps 1.24,6
2022/11/10,[標的] 6570維田 多,4
2022/11/10,[情報] 2207和泰車Q3 EPS -24.99,34
2022/11/10,[情報] 111年【1-10月金控含銀行】累績EPS排行,41
2022/11/10,[情報] 2882 國泰金 10月自結0.22 累計至4.03,31
2022/11/10,[情報] 2897 王道銀行10月自結0.05 累計至0.63,4
2022/11/10,[新聞] 蘋果、亞馬遜遭控合謀推高iPhone售價,4
2022/11/10,Re: [情報] 5278尚凡 Q3 EPS -0.18,37
2022/11/10,[情報] 8433弘帆前三季EPS 8.68,9
2022/11/10,[情報] 2881 富邦金10月自結-0.55 累計至6.07,80
2022/11/10,[情報] 2454聯發科 10月營收,100
2022/11/10,[情報] 2388威盛10月營收yoy-15% mom-48%,47
2022/11/10,[情報] 1110 上市外資買賣超排行,53
2022/11/10,[情報] 2812 台中銀10月自結0.09 累計至0.92,21
2022/11/10,[情報] 陽明111年Q3財報 Q3單季EPS:14.25,46
2022/11/10,[情報] 2615萬海 10月營收 mom-19% yoy-39%,33
2022/11/10,[情報] 8284三竹取得元大台灣50反1股票,46
2022/11/10,[情報] 8077 洛碁 通過111年度第三季合併財報,4
2022/11/10,[新聞] 國產化進程超前！Vestas製造30支本土風,22
2022/11/10,[情報] 111年11月10日 櫃買法人買賣金額統計表,19
2022/11/10,[情報] 2754 亞洲藏壽司 Q3 2.23(H1 1.82),41
2022/11/10,[情報] 力積電10月營收 月減4.95%年減7.22%,28
2022/11/10,[情報] 111年11月10日 三大法人買賣金額統計表,66
2022/11/10,[情報] 1110 上市投信買賣超排行,26
2022/11/10,Re: [請益] 新手猶豫是否存股,4
2022/11/10,Re: [情報] 2488 漢平 Q3 EPS:1.79,7
2022/11/10,[情報] 3128昇銳 111年9月自結0.27元,1
2022/11/10,[情報] 1217愛之味10月營收MOM-32.00% YOY+3.48%,9
2022/11/10,[情報] 2845遠東銀 10月自結0.06,37
2022/11/10,[標的] 3005.TW 神基 多,7
2022/11/10,[情報] 鴻海111年Q3合併財報 Q3單季EPS:2.79,38
2022/11/10,[情報] 1101/1102 台泥/亞泥 10月營收 M+/+ Y+/-,17
2022/11/10,[閒聊] 2022/11/10 盤後閒聊,100
2022/11/10,[情報] 2330台積電10月營收 mom+1% yoy+56.3%,100
2022/11/10,Re: [請益] 債券問題請益,10
2022/11/10,[請益] 債券問題請益,13
2022/11/10,[新聞] 10月景氣燈號轉低迷藍燈?國發會:有這可能,58
2022/11/10,[標的] 2357華碩 西哥上班很忙 多,100
2022/11/10,[公告] 水桶加重改判,15
2022/11/10,[請益] 日K線變當天走勢的網站,0
2022/11/10,[新聞] 拜登：馬斯克與他國的關係「值得檢視」,100
2022/11/10,[閒聊] 2022/11/10 盤中閒聊,100
2022/11/10,[新聞] 台股買氣噴發 蓄勢雙軋,50
2022/11/10,[新聞] 道瓊跌646點 那指跌逾2% 選情、財報多重,25
2022/11/10,Re: [新聞] 微軟收購暴雪有害市場競爭？歐盟將深入進,12
2022/11/10,[新聞] 美中期選舉將落幕、股市僅1種劇本 專家：,15
2022/11/10,Re: [請益] 板上有沒有2014以前做指數投資的前輩？,13
2022/11/09,[新聞] 中國10月進出口雙降…2年來首見負成長 復,62
2022/11/09,Re: [請益] 新手猶豫是否存股,29
2022/11/09,Fw: [公告] 關於利用網路擄人、囚禁等議題請板主宣導,0
2022/11/09,[新聞] 8外資看聯詠 目標價最高3字頭,26
2022/11/09,[情報] 111年11月09日信用交易統計,39
2022/11/09,Re: [新聞] 台積電7奈米產能跌破5成 聯發科、超微等,4
2022/11/09,[情報] 2501 國建 前三季eps 0.1,100
2022/11/09,[新聞] A股商品行情可期,7
2022/11/09,[新聞] 台積助陣 聯發科秀新5G晶片,4
2022/11/09,[新聞] 美國期中選舉「股海指南」：兩大黨政策與,18
2022/11/09,[情報] Meta 宣布裁員 11000 人,100
2022/11/09,[請益] 板上有沒有2014以前做指數投資的前輩？,25
2022/11/09,[情報] 11/9 全市場當沖虧損最多的股票,13
2022/11/09,Re: [情報] 2603長榮10月營收 mom-9% yoy-13.4%,14
2022/11/09,[情報]  1737 臺鹽 前三季 eps  1.68,11
2022/11/09,[情報] 2916 滿心 前三季 eps 1.58,1
2022/11/09,[情報]  1102 亞泥 Q3 1.33,20
2022/11/09,[新聞] 越南股匯房市大震盪 謝金河:3類台商當心,35
2022/11/09,[新聞] 加碼美國3奈米120億美元投資？台積電回,26
2022/11/09,[新聞] 10月營收亮麗 ABF載板三雄量價齊揚,7
2022/11/09,[新聞] 萬海前三季EPS 33.18元 Q4至明年出貨佳,9
2022/11/09,[新聞] 華航前三季營收突破千億元 每股稅後0.6,2
2022/11/09,[情報] 2883 開發金10月自結0.02 累計至1.23,48
2022/11/09,[新聞] 運價下跌影響 陽明10月營收239.90億元、,6
2022/11/09,[新聞] 祖克伯承認 Meta 因他個人過於樂觀導致,86
2022/11/09,[情報] 3356 奇偶 111年10月自結0.2元,17
2022/11/09,[情報] 2880 華南金10月自結0.08 累計至1.10,12
2022/11/09,[情報] 1109八大公股銀行買賣超排行,10
2022/11/09,[情報] 2888 新光金10月自結0.07 累計至0.71,17
2022/11/09,Re: [情報] 2603長榮10月營收 mom-9% yoy-13.4%,27
2022/11/09,[情報] 2357華碩、2376技嘉、2377微星10月營收,33
2022/11/09,[情報] 1109 上市櫃外資投信同買排行,1
2022/11/09,[新聞] 前十月營收超車去年全年 緯軟豐收 徵才50,4
2022/11/09,Re: [情報] 華航111年Q3合併財務報告 Q3單季EPS:0.02,6
2022/11/09,[情報] 2603長榮10月營收 mom-9% yoy-13.4%,100
2022/11/09,[情報] 1109 上市櫃外資投信買超金額排行,0
2022/11/09,[新聞] 共和黨似未橫掃美國期中選舉 日股收跌,30
2022/11/09,[新聞] 台積電傳未來幾個月宣布新廠計畫 將在美,55
2022/11/09,[情報] 聯華食1231、生達1720、邦特4107 10月營,3
2022/11/09,[情報] 5425 台半 Q3財報,8
2022/11/09,[情報] 萬海111年Q3合併財務報告 Q3單季EPS:7.97,24
2022/11/09,[情報] 華航111年Q3合併財務報告 Q3單季EPS:0.02,14
2022/11/09,[情報] 2886兆豐金 10月自結 0.16,49
2022/11/09,[情報] 2442新美齊 第三季營收+收購案,3
2022/11/09,[情報] 1109 上市外資買賣超排行,44
2022/11/09,[新聞] 台積電高雄7奈米廠生變？王美花:沒正式說,58
2022/11/09,[標的] 4162 智擎 一線解盲通過多,32
2022/11/09,[情報] 111年11月09日 櫃買法人買賣金額統計表,17
2022/11/09,Re: [標的] 台積電_大盤多,29
2022/11/09,[新聞] WSJ：台積電將宣布在鳳凰城再蓋一座晶圓,71
2022/11/09,[情報] 6550.TW北極星藥業-KY 月增999999%,17
2022/11/09,[新聞] 狙擊女股神!ARKK反向ETF上市一年狂賺111%,30
2022/11/09,[情報] 111年11月09日 三大法人買賣金額統計表,100
2022/11/09,[新聞] 台積電7奈米產能跌破5成 聯發科、超微等,55
2022/11/09,[情報] 1109 上市投信買賣超排行,24
2022/11/09,[情報] 5880 合庫金 10月自結0.11,35
2022/11/09,[情報] 2636 台驊投控 10月營收,16
2022/11/09,[情報] 2002中鋼 10月營收 M +8.28%，Y -25.03%,17
2022/11/09,[情報] 群創10月合併營收 月減8.0%年減41.7%,22
2022/11/09,[新聞] 富士通投入2奈米晶片設計 將委由台積電代,38
2022/11/09,[閒聊] 2022/11/09 盤後閒聊,29
2022/11/09,[情報] 友達10月合併營收 月增5.50%年減43.47%,23
2022/11/09,[新聞] 馬斯克再賣近40億美元特斯拉持股 累計售,27
2022/11/09,[新聞] 欣興、南電營收亮眼,31
2022/11/09,Re: [標的] 台積電_大盤多,100
2022/11/09,[新聞] 任天堂股價因下調Switch銷量預期暴跌,32
2022/11/09,[新聞] 砍單潮來了？這檔電商成衣概念股10月營,18
2022/11/09,[新聞] 全球最夯電競遊戲英雄聯盟台灣代理權,65
2022/11/09,[情報] 大汽電 第三季每股盈餘1.38元,13
2022/11/09,Re: [新聞] 10月CPI年增2.72% 重要民生物資飆13年半新高,31
2022/11/09,[新聞] 「疾管署認證」高端保護力 財經專家說話,26
2022/11/09,[新聞] 馬斯克出售價值至少39.5億美元特斯拉股票,65
2022/11/09,[公告] 簡易處置,12
2022/11/09,[標的]  1234.TW 黑松沙士存股多,27
2022/11/09,[新聞] 北京反殺拜登失敗？德晶片廠賣大陸 竟180,29
2022/11/09,[新聞] 包裹需求反轉過快 聯邦快遞砍貨機班次並讓部分飛機閒置,2
2022/11/09,[新聞] 輝達躲禁令 特製陸版晶片,41
2022/11/09,[標的] UPST.US 財報 不如預期 盤後-22%,55
2022/11/09,[閒聊] 2022/11/09 盤中閒聊,68
2022/11/09,[新聞] 工具機業明年Q2春燕報到,10
2022/11/09,Re: [新聞] 無人機國家隊竟是大陸製 蘇貞昌震怒徹查,19
2022/11/09,[新聞] 大摩︰共和黨若掌參眾院 美股可望續彈,40
2022/11/09,[標的] 006204 永豐臺灣加權（討論）,20
2022/11/09,[新聞] Tesla每輛車淨利是Toyota的8倍 股價卻摔,75
2022/11/08,[新聞] 緯穎獲利灌頂，緯創Q3合併營業利益創高,4
2022/11/08,[情報] 4543萬在 前三季EPS2.92,5
2022/11/08,Re: [請益] 存股獲利的迷思,78
2022/11/08,[情報] 8942森鉅 Q3 EPS 3.51,9
2022/11/08,[新聞] 加密貨幣周二上午急跌 比特幣失守2萬美,26
2022/11/08,[情報] 11/8全市場當沖虧損最多的股票,9
2022/11/08,[新聞] 央行12月升息 打保守拳,83
2022/11/08,[情報] 111年11月08日信用交易統計,26
2022/11/08,[新聞] 不妙！財部估11月出口年減5至8％ Q4恐成,41
2022/11/08,[新聞] 聯詠王守仁：明年Q1供應鏈庫存可望回復,11
2022/11/08,Re: [其他] 0050每年最高與最低點進場的報酬差異,6
2022/11/08,[標的]  4968立積多,13
2022/11/08,Re: [標的] 2409 友達 (最新面板報價 開始起漲),85
2022/11/08,Re: [請益] 存股獲利的迷思,17
2022/11/08,[新聞] 航運起風！貨櫃散裝輪漲 外資為何猛敲？,9
2022/11/08,[心得] 長期投資報酬率與損益計算,10
2022/11/08,[新聞] 看好 ABF 未來一年供需前景！外資喊買,26
2022/11/08,[新聞] 萬海進入交船密集期 舉行三艘新造船命名,21
2022/11/08,[新聞] 超越疫前 華航旅展售票倍增,2
2022/11/08,[情報] 2027/8415 大成鋼/大國鋼 10月營收,11
2022/11/08,[情報] 6279胡連 3季合併財務報告,7
2022/11/08,[情報] 2891 中信金10月自結-0.18 累計至1.67,48
2022/11/08,[情報] 1108八大公股銀行買賣超排行,9
2022/11/08,[新聞] Howard加盟T1 雲豹能源漲近7％、永豐金漲,21
2022/11/08,[新聞] 10月CPI年增2.72% 重要民生物資飆13年半新高,87
2022/11/08,[情報] 2328 廣宇 前三季 EPS 1.88,3
2022/11/08,[情報] 3706神達 前三季EPS 8.05,22
2022/11/08,[新聞] 大陸一旦封控鬆綁 銅需求提升,25
2022/11/08,Re: [創作] 口袋台股APP選股判斷 留言抽LINE POINTS,3
2022/11/08,[情報] 3707 漢磊 Q3 EPS 0.96,8
2022/11/08,[情報] 2887 台新金10月自結0.3 累計至0.88,49
2022/11/08,[情報] 6285 啟碁 10月營收102.98億,8
2022/11/08,[新聞] 無人機國家隊竟是大陸製 蘇貞昌震怒徹查,100
2022/11/08,[情報] 2892 第一金 10月0.1,20
2022/11/08,[情報] 6592和潤企業 10月營收歷史新高,6
2022/11/08,[新聞] 聯電10月營收月減 法人對後市展望中立,19
2022/11/08,[情報] 8941關中 前三季 EPS=8.07，Q3=2.75,12
2022/11/08,[情報] 2836 高雄銀10月自結0.05 累計至0.68,4
2022/11/08,[情報] 111年11月08日 櫃買法人買賣金額統計表,3
2022/11/08,[新聞] 智原10月營收月增 法人看好訂單能見度到2,14
2022/11/08,[情報] 4438廣越 前三季 EPS 12.27  Q3 8.94,13
2022/11/08,[情報] 1108 上市外資買賣超排行,38
2022/11/08,[情報] 2884 玉山金10月自結0.08 累計至0.90,34
2022/11/08,[新聞] 合勤控(3704)第3季每股純益1.88元 單季新,0
2022/11/08,[情報] 聯詠10月合併營收 月增11.37%年減45.42%,35
2022/11/08,[情報] 2801 彰銀10月自結0.09 累計至0.89,8
2022/11/08,[新聞] 《金融》公股行庫明年拉高配股比重,21
2022/11/08,[情報] 111年11月08日 三大法人買賣金額統計表,75
2022/11/08,[情報] 1108 上市投信買賣超排行,12
2022/11/08,[情報] 元太10月合併營收 月減12.08%年增17.43%,47
2022/11/08,[情報] 3037 欣興 10月營收,24
2022/11/08,Re: [情報] 2488 漢平 Q3 EPS:1.79,12
2022/11/08,Re: [標的] 4931 新盛力 (空),4
2022/11/08,[情報] 2834臺企銀 10月自結 0.16,62
2022/11/08,"[情報] 1476儒鴻 10月營收 -22.2%MOM,-11.0%YOY",14
2022/11/08,[情報] 台塑、南亞、台化、台塑化 2022/10自結,18
2022/11/08,[閒聊] 2022/11/08 盤後閒聊,34
2022/11/08,[情報] 8033 雷虎 達注意標準公布財報,45
2022/11/08,[新聞] NBA球星加入雲豹 網友虧：股票可買到了？,44
2022/11/08,Re: [標的] 2915 潤泰全 請益,13
2022/11/08,[標的] 2729瓦城 /27291 瓦城ㄧ 綠咖哩雞多,10
2022/11/08,[新聞] 大摩：企業開始猛裁員 美股牛市關鍵訊號,19
2022/11/08,[新聞] 《DJ在線》IC載板三雄Q3獲利亮眼 Q4拼持,6
2022/11/08,[新聞] 路透：Nvidia向中國提供A800新晶片 規避,62
2022/11/08,[標的] 6903 巨漢長高多,3
2022/11/08,Re: [新聞] 台股熊市／政府18招救市反彈竟無力,1
2022/11/08,[標的] 2890永豐金 魔獸多多 多,19
2022/11/08,[新聞] 賓士CEO公開反對疏遠中國,100
2022/11/08,Re: [標的] 長榮滿手現金最後會做什麼?,28
2022/11/08,Re: [標的] 2618.TW 長榮航 解封多,20
2022/11/08,[標的] 長榮滿手現金最後會做什麼?,42
2022/11/08,[新聞] 川普擬再戰白宮，川概股搭火箭、DWAC 噴,41
2022/11/08,[閒聊] 2022/11/08 盤中閒聊,100
2022/11/08,[新聞] 台股熊市／政府18招救市反彈竟無力,35
2022/11/08,[新聞] 特斯拉跌破200美元 抹去17個月漲幅,60
2022/11/08,Re: [請益] 存股獲利的迷思,1
2022/11/08,[情報] 5274信驊 Q3 EPS 15.83元及買回庫藏股資訊,4
2022/11/08,[新聞]投資人觀望期中選舉和通膨數據 美股勁揚423,5
2022/11/08,Re: [請益] 存股獲利的迷思,19
2022/11/08,[新聞] 270萬好市多卡掰了！國泰世華聲明未續約,36
2022/11/07,[心得] 盤後資料整理(Excel格式),3
2022/11/07,Re: [請益] 存股獲利的迷思,5
2022/11/07,[新聞] 王品經查違反「重大訊息規定」！遭證交所,24
2022/11/07,Re: [請益] 存股獲利的迷思,26
2022/11/07,[情報] 11/7全市場當沖虧損最多的股票,12
2022/11/07,[新聞] 化工族群 今年業績大爆發,17
2022/11/07,[情報] 3209全科111年10月營收 50.45億,5
2022/11/07,[新聞] 大摩：世芯-KY受到美國出口禁令的衝擊非,14
2022/11/07,Re: [標的] 4931 新盛力 (空),5
2022/11/07,[新聞] 海運價格暴跌70% 航運巨頭馬士基：全球貿,24
2022/11/07,[新聞] 中國官媒入股抖音、快手 持股1％卻擁否決,30
2022/11/07,[新聞] 景氣落入黃藍燈成「股市明燈」？歷史統計,27
2022/11/07,[情報] 111年11月07日信用交易統計,29
2022/11/07,Re: [新聞] 美期中選舉對股市有何影響？歷史經驗這麼,18
2022/11/07,[新聞] 台股10月破底 32萬散戶揮別台股,44
2022/11/07,[情報] 3653 健策 10月營收,4
2022/11/07,"[公告] 11/07 處置名單：wind731123, Murasaki0110",2
2022/11/07,[請益] 選電子五哥來存股有戲嗎？,38
2022/11/07,[情報] 4114健喬 10月營收 歷史新高,12
2022/11/07,[新聞] 中鼎承攬台灣北部首座再生水廠開工動土,13
2022/11/07,[新聞] 豐興鋼筋、廢鋼同步降價 10月獲利大降50%,4
2022/11/07,[情報] 1451年興 Q3 EPS 0.57,20
2022/11/07,[情報] 1107八大公股銀行買賣超排行,10
2022/11/07,[新聞] 隱形眼鏡廠視陽光學8日起競拍 28日掛牌上市,8
2022/11/07,[新聞] 光罩Q3賺近6億元，前三季轉盈，宣布追加,18
2022/11/07,[情報] 9960 邁達康 Q3 1.39元 前3季累積2.77元,15
2022/11/07,[新聞] 被LED大廠億光控告求償 特力屋駁並無侵害他人專利權,9
2022/11/07,Re: [請益] 新手猶豫是否存股,18
2022/11/07,[情報] 1107 上市櫃外資投信同買排行,1
2022/11/07,[情報] 高端疫苗111年Q3財報 前三季EPS:-2.35,61
2022/11/07,[情報] 2009第一銅 Q3 0.49業外賺爛,3
2022/11/07,[新聞] 中國封控紛擾 郭明錤：明年鴻海印度iPhon,13
2022/11/07,[新聞] 毛利率狂飆 法人讚元太,44
2022/11/07,[情報] 1107 上市櫃外資投信買超金額排行,2
2022/11/07,[新聞] 元太 攻智慧醫療商機,9
2022/11/07,Re: [請益] 新手猶豫是否存股,21
2022/11/07,[情報] 4919新唐十月營收 月減-12.9%年減-10.95%,11
2022/11/07,[情報] 2889 國票金10月自結0.01 累計至0.39,25
2022/11/07,[新聞] 美國期中選舉明登場 拜登的黨選輸了對美股,47
2022/11/07,[情報] 6727亞泰金屬 Q3 2.64,12
2022/11/07,[請益] 新手猶豫是否存股,70
2022/11/07,[情報] 2890永豐金 10月自結,27
2022/11/07,[情報] 1107 上市外資買賣超排行,37
2022/11/07,[情報] 111年11月07日 櫃買法人買賣金額統計表,4
2022/11/07,[情報] 2488 漢平 Q3 EPS:1.79,20
2022/11/07,[請益] 各位現在是看空還看多？,72
2022/11/07,[標的] 台指期 利空出盡持續多,11
2022/11/07,[情報] 1802台玻 Q3 EPS -0.51,38
2022/11/07,Re: [標的] 3035.TW智原 短線多多多,10
2022/11/07,[情報] 111年11月07日 三大法人買賣金額統計表,56
2022/11/07,[情報] 1107 上市投信買賣超排行,14
2022/11/07,[情報] 6147頎邦 10月營收,39
2022/11/07,[情報] 聯電10月自結合併營收 月減3.47% 年增27.07%,50
2022/11/07,[情報] 元大金控公告111年10月份自結合併損益,20
2022/11/07,[閒聊] 2022/11/07 盤後閒聊,48
2022/11/07,Re: [請益] 存股獲利的迷思,13
2022/11/07,[新聞] 今年來前50大市值公司 遠傳漲幅居冠,19
2022/11/07,[標的]  TW 1737 臺鹽 存股多,14
2022/11/07,Re: [標的] 2303 聯電 養樂多,9
2022/11/07,[標的] 第一銅2009嘎空多,4
2022/11/07,Re: [請益] 存股獲利的迷思,95
2022/11/07,[心得] 為甚麼我認為空頭年更適合存高股息ETF?,32
2022/11/07,[公告] 推特11月8日下市 相關文章請至tech_job板,5
2022/11/07,[標的] 2618.TW 長榮航 解封多,30
2022/11/07,[新聞] 抗通膨成持久戰！　大摩指聯準會可能願,44
2022/11/07,[標的] 4931 新盛力 (空),15
2022/11/07,[公告] 即日起 嚴格審核新聞格式,11
2022/11/07,［創作］口袋台股APP選股判斷 留言抽LINE POINTS,98
2022/11/07,Re: [請益] 存股獲利的迷思,4
2022/11/07,[新聞] 面板驅動IC急凍 引爆裁員潮,62
2022/11/07,[新聞] 蘋果首度發聲！鴻海鄭州廠警報解除　下半,35
2022/11/07,[標的] 3548.TW 兆利  短中期多,0
2022/11/07,Re: [新聞] 美科技業最大波裁員 Meta傳本周將裁員數,-10
2022/11/07,Re: [請益] 存股獲利的迷思,69
2022/11/07,[閒聊] 2022/11/07 盤中閒聊,59
2022/11/07,[新聞] 陸經濟趨緩 鋼市雪地負重前行,11
2022/11/07,[新聞] 蘋果警告：中國清零傷害iPhone 生產,29
2022/11/07,[新聞] 台股上攻 看兩大關鍵密碼,2
2022/11/07,[新聞] 美科技業最大波裁員 Meta傳本周將裁員數,75
2022/11/07,[情報] 2317鴻海 10月營收,44
2022/11/06,Re: [新聞] 長榮海運財報有多猛？ 五關鍵數字一次看,33
2022/11/06,Re: [請益] 存股獲利的迷思,33
2022/11/06,[新聞] 中國堅持動態清零 金融市場料將迎來更多,28
2022/11/06,[新聞] 陷入財務困境 瑞信將啟動裁員,27
2022/11/06,[請益] 假設升息到6%,41
2022/11/06,[新聞] 人行副行長范一飛 涉嚴重違紀違法受查,21
2022/11/06,[新聞] 外資狂賣散戶不棄 台積股東衝150萬人,56
2022/11/06,Re: [請益] 存股獲利的迷思,16
2022/11/06,[新聞] 印尼擬成立鎳礦OPEC 有望降低價格波動,9
2022/11/06,[新聞] 電子紙再添新應用 現身F1賽車車身、車手,34
2022/11/06,[新聞] 長榮海運財報有多猛？ 五關鍵數字一次看,75
2022/11/06,[心得] 台指期當沖x小台沖一下x薯條加大,19
2022/11/06,[新聞] 台積1奈米廠恐耗電百億度 台電要買電,46
2022/11/06,Re: [請益] 存股獲利的迷思,9
2022/11/06,[請益] 請問債券持有至到期的對資產的影響,31
2022/11/06,Re: [請益] 存股獲利的迷思,26
2022/11/06,[新聞] 美股投資人嚴懲財報不如預估的上市公司,15
2022/11/06,Re: [請益] 存股獲利的迷思,78
2022/11/06,Re: [情報]PTT存股文章變熱門時大盤變化的統計,7
2022/11/06,[新聞] 台股黑翻紅重返萬三關卡 法人：這幾種產,4
2022/11/06,[新聞] 經濟學人示警晶片業榮景陷超大型破滅,44
2022/11/06,[新聞] 遠銀樂觀看台灣明年景氣 會升息但步調不像美國!,7
2022/11/06,Re: [新聞] 經濟部提開發行政契約 風電業者：沒有一,4
2022/11/06,[情報]PTT存股文章變熱門時大盤變化的統計,39
2022/11/06,Re: [請益] 存股獲利的迷思,11
2022/11/06,Re: [請益] 存股獲利的迷思,52
2022/11/06,[公告] 股票板板規 v4.5 (2024/05/19 修正),0
2022/11/06,Re: [請益] 存股獲利的迷思,3
2022/11/06,[新聞] 費半強彈4.6％ 台積電可望率領台股上攻,23
2022/11/06,[公告] 板規 V4.1 修正事項,0
2022/11/06,[新聞] 台灣分析師中國驚魂3年！5坪睡23人、1年,88
2022/11/06,[新聞] 法人：台股再跌有限 短線反彈波蠢動,59
2022/11/06,Re: [新聞] 美期中選舉對股市有何影響？歷史經驗這,9
2022/11/06,[新聞] 天鈺：韓系客戶拉貨 電視急單到,36
2022/11/06,[新聞] 0056擴編 潛力股現蹤,20
2022/11/06,Re: [請益] 存股獲利的迷思,9
2022/11/06,[新聞] 「晶圓二哥」中彈？IC大廠開第一槍、急,20
2022/11/06,[心得] 11/07~11/11 美股財報&經濟數據行事曆,14
2022/11/06,Re: [請益] 存股獲利的迷思,4
2022/11/06,Re: [請益] 存股獲利的迷思,51
2022/11/06,Re: [請益] 存股獲利的迷思,13
2022/11/06,[新聞] 美期中選舉對股市有何影響？歷史經驗這麼,11
2022/11/06,[新聞] 中國房企旭輝停付境外債　股價崩跌25%,45
2022/11/06,Re: [請益] 存股獲利的迷思,7
2022/11/06,Re: [請益] 存股獲利的迷思,17
2022/11/05,Re: [請益] 存股獲利的迷思,13
2022/11/05,Re: [請益] 存股獲利的迷思,12
2022/11/05,[新聞] Carvana Q3財報印證二手車前景灰暗,16
2022/11/05,Re: [請益] 存股獲利的迷思,24
2022/11/05,[新聞] 櫃買本週大漲5.8% 投顧:多頭追價意願強烈,17
2022/11/05,Re: [請益] 存股獲利的迷思,1
2022/11/05,[新聞] 義隆電爆賠錢解約 驚傳「晶圓二哥」中彈,41
2022/11/05,Re: [請益] 存股獲利的迷思,4
2022/11/05,[新聞] 桑默斯：美國經濟仍強 就算終點利率破6%,100
2022/11/05,Re: [請益] 存股獲利的迷思,94
2022/11/05,Re: [新聞] 聯準會放鷹、台幣狂貶 楊金龍12月期末考難度高,0
2022/11/05,Re: [請益] 存股獲利的迷思,10
2022/11/05,Re: [請益] 存股獲利的迷思,49
2022/11/05,[新聞] 徐旭東對百貨景氣有信心 談大巨蛋店很有挑戰性,22
2022/11/05,[新聞] 自馬斯克開金口收購推特 特斯拉股價迄今,19
2022/11/05,[新聞] 聯準會放鷹、台幣狂貶 楊金龍12月期末考難度高,54
2022/11/05,[新聞] 聯電第三代半導體遇逆風,3
2022/11/05,[新聞] 國家衛健委重申堅持動態清零不動搖,100
2022/11/05,Re: [請益] 存股獲利的迷思,8
2022/11/05,[新聞] 長榮航開航慕尼黑 謝志偉有信心旅客不斷,3
2022/11/05,[新聞] ITF旅展 星宇航空A350全艙等座椅首公開,0
2022/11/05,[標的] 雷虎-無人機未來戰爭主流,15
2022/11/05,[新聞] 解封後航班暴增8成！ 外籍航空搶復飛台灣,4
2022/11/05,Re: [請益] 存股獲利的迷思,5
2022/11/05,[請益] 非凡週刊星系國際政策,3
2022/11/05,Re: [心得] 小散戶 GG已畢業……,27
2022/11/05,Re: [請益] 存股獲利的迷思,0
2022/11/05,Re: [請益] 存股獲利的迷思,6
2022/11/05,Re: [請益] 存股獲利的迷思,1
2022/11/05,Re: [請益] 存股獲利的迷思,5
2022/11/05,Re: [請益] 存股獲利的迷思,6
2022/11/05,Re: [請益] 存股獲利的迷思,6
2022/11/05,Re: [請益] 存股獲利的迷思,4
2022/11/05,[心得] 為什麼不能升息防資金外流來救股市,92
2022/11/05,Re: [新聞] NVIDIA黃仁勳來台安軍心　傳本週密會台積,45
2022/11/05,Re: [請益] 存股獲利的迷思,7
2022/11/05,[新聞] 地方沒錢了 中國核酸檢測企業應收帳款比,27
2022/11/05,Re: [新聞] 馬斯克入主後大規模裁員 遭裁員工對,11
2022/11/05,[新聞] 經濟部提開發行政契約 風電業者：沒有一,22
2022/11/05,[情報] 3008大立光10月營收 mom+2.15% yoy+24.15%,19
2022/11/05,[新聞] 美聯航也撤推特廣告 微軟、HBO等大客戶密,20
2022/11/05,[情報] 5516 雙喜 10月財報,4
2022/11/05,Re: [請益] 存股獲利的迷思,86
2022/11/05,Re: [新聞] 馬斯克入主後大規模裁員 遭裁員工對推特,59
2022/11/05,[新聞] 馬斯克接管 Twitter 後，女股神再度看好,5
2022/11/05,Re: [請益] 存股獲利的迷思,20
2022/11/05,Re: [請益] 存股獲利的迷思,19
2022/11/05,Re: [請益] 存股獲利的迷思,1
2022/11/05,Re: [請益] 存股獲利的迷思,2
2022/11/05,Re: [請益] 存股獲利的迷思,4
2022/11/05,Re: [請益] 存股獲利的迷思,4
2022/11/05,[新聞] 馬斯克入主後大規模裁員 遭裁員工對推特,48
2022/11/05,Re: [請益] 存股獲利的迷思,70
2022/11/05,Re: [請益] 存股獲利的迷思,18
2022/11/05,Re: [請益] 存股獲利的迷思,5
2022/11/05,Re: [請益] 存股獲利的迷思,5
2022/11/05,Re: [請益] 存股獲利的迷思,15
2022/11/05,Re: [請益] 存股獲利的迷思,8
2022/11/05,Re: [請益] 存股獲利的迷思,20
2022/11/05,Re: [請益] 存股獲利的迷思,27
2022/11/05,Re: [心得] 小散戶 GG已畢業……,14
2022/11/05,Re: [新聞] 「不是美升 台灣就要升」台跟進升息？ 要,11
2022/11/05,Re: [新聞] 高端疫苗符合保護效益 早盤股價亮燈,19
2022/11/05,[請益] 預估FED加息加到多少% 才有可能極限到頂?,67
2022/11/04,Re: [請益] 存股獲利的迷思,15
2022/11/04,[新聞] 網家前3季每股虧0.48元 旗下商店街減資99.99%,8
2022/11/04,[標的] 群聯(8299)獲利衰退了還適合當存股嗎?,0
2022/11/04,[請益] 存股獲利的迷思,43
2022/11/04,[心得] 盤後資料整理(Excel格式),2
2022/11/04,[新聞] 開嗆馬士基 台驊老董：10次預測8次錯,16
2022/11/04,[情報] 11/4全市場當沖虧損最多的股票,15
2022/11/04,[新聞] 高端：沒料到陳宜民再抹黑 蒐證維護高端,15
2022/11/04,[情報] 111年11月04日信用交易統計,29
2022/11/04,Re: [情報] 2603長榮 Q3 EPS 37.25,68
2022/11/04,[新聞] 美股跌深反彈？花旗策略師舉3理由：沒得,29
2022/11/04,[公告] 11/04 處置公告＋樂透開設通知＋板規調整預告,5
2022/11/04,Re: [情報] 2603長榮 Q3 EPS 37.25,22
2022/11/04,Re: [新聞] EUA保住了！食藥署專家會議14人同意高端,5
2022/11/04,[情報] 10月非農就業公佈,59
2022/11/04,[標的］請益5388中磊還有救嗎？,25
2022/11/04,[新聞] 美國傳提前完成對中概股首輪現場審計,6
2022/11/04,[新聞] 防疫鬆綁與展店效益 全家第3季淨利年增8成,17
2022/11/04,[情報] 1104八大公股銀行買賣超排行,8
2022/11/04,[情報] 3293.TW 鈊象 10月營收,16
2022/11/04,Re: [標的] 6670.TW 復盛應用,5
2022/11/04,[心得] 從歷史尋見機會,34
2022/11/04,[情報] 5289 宜鼎 Q3 EPS 6.28,7
2022/11/04,Re: [情報] 2603長榮 Q3 EPS 37.25,61
2022/11/04,[情報] 2338 光罩 Q3 2.82,7
2022/11/04,[新聞] 長榮海運砸38億 買7.9萬張長榮鋼股票,24
2022/11/04,[情報] 1104 上市櫃外資投信同買排行,1
2022/11/04,[新聞] 4款疫苗保護力公開！高端保護中重症、死,43
2022/11/04,[情報] 8069元太 Q3 EPS 3.72,54
2022/11/04,[情報] 1104 上市櫃外資投信買超金額排行,1
2022/11/04,[創作] 自由,6
2022/11/04,[情報] scfi本期 1579.21(-118.44）,23
2022/11/04,[情報] 2603長榮 Q3 EPS 37.25,100
2022/11/04,[情報] 8044網家 Q3 EPS -0.22,19
2022/11/04,Re: [新聞] EUA保住了！食藥署專家會議14人同意,22
2022/11/04,[情報] 2838 聯邦銀 10月0.07,13
2022/11/04,[新聞] 擁千萬積蓄仍不夠財富自由　廚師加LINE群,58
2022/11/04,[新聞] 新唐總座估Q4營收季減幅大於Q3 產能下滑,7
2022/11/04,[情報] 1104 上市外資買賣超排行,45
2022/11/04,[情報] 6153嘉聯益 10月eps0.33 營收月減年增,6
2022/11/04,[情報] 111年11月04日 櫃買法人買賣金額統計表,17
2022/11/04,[情報] 2034允強 Q3 EPS 0.6,4
2022/11/04,[情報] 6237驊訊 Q3 EPS -1.26,15
2022/11/04,[情報] 6669緯穎9月自結 10.89,19
2022/11/04,Re: [新聞] EUA保住了！食藥署專家會議14人同意,-10
2022/11/04,[標的] 6153.TW 嘉聯益 希望多,9
2022/11/04,[情報] 111年11月04日 三大法人買賣金額統計表,77
2022/11/04,Re: [情報] 6592 和潤企業 第3季財報,5
2022/11/04,[情報]宏達電10月合併營收月減34.04%年減12.57%,59
2022/11/04,[標的] 台指期 多 韓國收復季線台指還遠嗎,12
2022/11/04,[新聞] 國巨:澄清111/11/04經濟日報報導,4
2022/11/04,[情報] 1104 上市投信買賣超排行,10
2022/11/04,[情報] 6592 和潤企業 第3季財報,1
2022/11/04,[情報] 2002中鋼 Q3 EPS 0.13,12
2022/11/04,[情報] 華新111年第3季財報 Q3單季EPS:2.66,15
2022/11/04,[閒聊] 2022/11/04 盤後閒聊,28
2022/11/04,[情報] 中華電111年第3季財報 Q3單季EPS:1.21,20
2022/11/04,Re: [新聞] 「不是美升 台灣就要升」台跟進升息？ 要,37
2022/11/04,[標的] 2412.TW 中華電信 多,75
2022/11/04,[新聞] 飼料成本又拉高 蛋價漲定了,41
2022/11/04,[新聞] 傳三星4奈米難解，自家處理器棄用改5奈米,65
2022/11/04,[新聞] 元宇宙概念股 衝鋒,3
2022/11/04,[新聞] 《電子零件》這新血加入 建準Q4營運看增,3
2022/11/04,[新聞] 《港股》陸股、科技股衝高 恆指飆漲4%,39
2022/11/04,[新聞] 聯強第三季每股賺5元 締新猷,6
2022/11/04,[標的] 2388.TW 威盛多 嘎尾概念FU糗股,8
2022/11/04,Re: [新聞] 「不是美升 台灣就要升」台跟進升息？ 要,32
2022/11/04,Re: [新聞] EUA保住了！食藥署專家會議14人同意高端,6
2022/11/04,Re: [新聞] 台幣會貶到33元？楊金龍給1暗示　買美元,29
2022/11/04,[新聞] 全球運價何時反轉？台驊：還有兩波出貨潮,25
2022/11/04,[新聞] 高端疫苗符合保護效益 早盤股價亮燈漲停,50
2022/11/04,[情報] 8916光隆 第三季財報,21
2022/11/04,Re: [新聞] EUA保住了！食藥署專家會議14人同意高端,0
2022/11/04,[閒聊]  2022/11/04盤中閒聊,100
2022/11/04,Re: [新聞] 「不是美升 台灣就要升」台跟進升息？ 要,16
2022/11/04,[新聞] 「不是美升 台灣就要升」台跟進升息？ 要,58
2022/11/04,[新聞] 央行理事：台灣實際通膨壓力遠高於數據,100
2022/11/04,[新聞] 楊金龍：台股表現仍優於多數國家,17
2022/11/04,[新聞] 歐盟新法上路！蘋果被迫開放第三方App,30
2022/11/04,[新聞] 台幣會貶到33元？楊金龍給1暗示　買美元,74
2022/11/04,Re: [標的] 小道瓊.US 長空開始,13
2022/11/04,Re: [請益] 若考量戰爭風險，如何投資比較安全？,0
2022/11/03,[情報] 11/3全市場當沖虧損最多的股票,15
2022/11/03,[新聞] 快訊／英國央行宣布升息3碼  創下33年來,100
2022/11/03,Re: [新聞] EUA保住了！食藥署專家會議14人同意高端,42
2022/11/03,[新聞] EUA保住了！食藥署專家會議14人同意高端,100
2022/11/03,[新聞] 南電Q3毛利率衝破4成 EPS 8.54元再締新猷,9
2022/11/03,[情報] 6150 撼訊 111年第3季合併財務報告,15
2022/11/03,[心得] 盤後資料整理(Excel格式),3
2022/11/03,[新聞] 龍潭科學園區第3期計畫 蘇貞昌宣布啟動！,73
2022/11/03,[新聞] 大摩：對台積電走勢重申優於大盤 可趁壞消息時買進,44
2022/11/03,[情報] 111年11月03日信用交易統計,29
2022/11/03,[情報] 1103八大公股銀行買賣超排行,7
2022/11/03,[新聞] 金管會公布6家不能倒銀行！與去年相同,73
2022/11/03,[新聞] 中國統制經濟來臨 騰訊京東阿里和3大國企,100
2022/11/03,[新聞] 郭哲榮：想預測股市及Fed動向「就問這個,5
2022/11/03,[情報] 1103 上市櫃外資投信同買排行,0
2022/11/03,[新聞] 存股族衝一波! 00731績效打趴其他台股ETF 還配息2.8元,4
2022/11/03,[新聞] 南亞科10月營收降至10年多新低 跌破30億,30
2022/11/03,[情報] 1103 上市櫃外資投信買超金額排行,0
2022/11/03,[新聞] 顏益財：大家對於海運市場展望過度悲觀了,15
2022/11/03,[標的] 2458.TW 義隆 討論,0
2022/11/03,[情報] 2636台驊投控 授權處分航運相關股票,95
2022/11/03,[情報] 1476 儒鴻 22Q3 EPS  7.91元,14
2022/11/03,[新聞] 央行應升息抑房價？鷹派理事批：不重視,100
2022/11/03,Re: [請益] 若考量戰爭風險，如何投資比較安全？,2
2022/11/03,[新聞] 義隆電第4季營收估減逾29% 晶圓代工合約,26
2022/11/03,[情報] 3272東碩111年第3季合併財務報告,15
2022/11/03,[新聞] 一生花10萬元買衛生棉 各校下學年起提供,36
2022/11/03,[新聞] 國巨執行長：今年兩起併購案 營運每年貢,17
2022/11/03,[情報] 中美晶111年第3季合併財務報告,22
2022/11/03,[情報] 王品111年第3季合併財報 Q3單季EPS:3.77,22
2022/11/03,[情報] 1103 上市外資買賣超排行,37
2022/11/03,[情報] 2014中鴻 Q3 EPS -0.78,47
2022/11/03,[情報] 111年11月03日 櫃買法人買賣金額統計表,16
2022/11/03,[創作] 空軍來了！投資專家帶你飛,2
2022/11/03,[情報] 111年11月03日 三大法人買賣金額統計表,70
2022/11/03,[情報] 1103 上市投信買賣超排行,10
2022/11/03,Re: [請益] 若考量戰爭風險，如何投資比較安全？,25
2022/11/03,Re: [情報] 鮑威爾:沒有跡象表明通貨膨脹正在下降。,69
2022/11/03,[新聞] 機票要變貴了 燃油附加費7日起漲1成,0
2022/11/03,[創作] 如夢令,11
2022/11/03,[請益] 若考量戰爭風險，如何投資比較安全？,96
2022/11/03,[新聞] 金麗科10月營收為0.26億元，年增20.22%,15
2022/11/03,[新聞] Fed四度升3碼 櫃買市場抗震 光電族群領漲,3
2022/11/03,[情報] 2385群光 第三季合併財務報告,10
2022/11/03,[情報] 南電10月合併營收 月增1.66%年增17.70%,12
2022/11/03,[新聞] 如何穩住股市跌勢？金管會:不排除限跌令,71
2022/11/03,[閒聊] 2022/11/03 盤後閒聊,20
2022/11/03,[情報] 9942茂順 第三季合併財務報告,8
2022/11/03,Re: [情報] 鮑威爾:沒有跡象表明通貨膨脹正在下降。,37
2022/11/03,[新聞] 央行12月再升息？ 楊金龍：不一定要跟進,100
2022/11/03,"[新聞] 國安基金錢夠用？財長：2,000億繼續操作",49
2022/11/03,[新聞] MSCI半年度調整 藥華藥等6檔可望納入,18
2022/11/03,[情報] 三星電子公布2022年第三季營運績效,7
2022/11/03,Re: [情報] 鮑威爾:沒有跡象表明通貨膨脹正在下降。,49
2022/11/03,[新聞] 美國再放鷹 黃天牧：若有必要會進一步穩,36
2022/11/03,[新聞] 美暴力升息恐釀金融風暴？央行總裁掛保證,26
2022/11/03,[新聞] 台股重挫 但全市場只有這檔跌停,8
2022/11/03,[新聞] 台積電龍潭設1奈米廠宣示戰略布局!謝金河,0
2022/11/03,[新聞] 台積電叛將恐遭致命一擊？中芯7奈米驚人,20
2022/11/03,Re: [情報] 美國再度升息三碼,33
2022/11/03,[新聞] 美元利率漲到5%、投資人恐瘋存？楊金龍：,87
2022/11/03,[新聞] 逢高倒貨？八大官股券商連3天賣超台股 台,33
2022/11/03,[新聞] 台股逢低就可進 金管會提七點進場理由,25
2022/11/03,[新聞] 美荷本月新一輪談判 美擬施壓ASML擴大禁,44
2022/11/03,[標的] 大盤 最後機會多,24
2022/11/03,[新聞] 長榮航空「首航慕尼黑」來回全滿！,10
2022/11/03,[新聞] 外資大量撤離 楊金龍揮4拳穩匯,30
2022/11/03,[新聞] 手握賣彰銀190億現金 台新金考慮向外併購或強化子公司體質,16
2022/11/03,[閒聊] 2022/11/03 盤中閒聊,100
2022/11/03,[新聞] 財金部會動起來 台股站回萬三,35
2022/11/03,[新聞] 高通2023年仍將供貨蘋果數據機晶片 但發,12
2022/11/03,[新聞] 美Fed料第4度升息3碼 外界估央行跟進升半,100
2022/11/03,[新聞] Fed再升息3碼 鮑爾：談停止升息言之過早,40
2022/11/03,Re: [情報] 美國再度升息三碼,100
2022/11/03,[情報] 鮑威爾:沒有跡象表明通貨膨脹正在下降。,100
2022/11/03,[情報] 美國再度升息三碼,100
2022/11/03,Re: [新聞] 大陸官方力挺 供銷社概念股大漲,-10
2022/11/03,Re: [標的] 創惟 6104 多,8
2022/11/03,[標的] 啟基6285爆炸多,32
2022/11/02,[新聞] 監管帳戶資金被轉 分析：融創與政府合割,22
2022/11/02,[心得] 盤後資料整理(Excel格式),3
2022/11/02,[情報] 11/2 全市場當沖虧損最多的股票,6
2022/11/02,[情報] 111年11月02日信用交易統計,14
2022/11/02,[新聞] 美國10月ADP私營企業新增32.9萬個職位,47
2022/11/02,[新聞] 22家金融業增資總規模破1200億元 明年還,15
2022/11/02,Re: [新聞] 楊金龍信心喊話:與2019年底比台股漲7.9%,49
2022/11/02,[新聞] 黃崇仁:明年Q1半導體景氣落底 看好下半年,63
2022/11/02,[新聞] 獲利衰退恐讓明年股利難產？台新金有信心,3
2022/11/02,[情報] 1102 上市櫃外資投信同買排行,0
2022/11/02,[新聞] 大陸官方力挺 供銷社概念股大漲,100
2022/11/02,[情報] 1102八大公股銀行買賣超排行,8
2022/11/02,[新聞] 推特藍勾勾要收費了！馬斯克：每月只要8,48
2022/11/02,[新聞] 馬士基Q3稅前獲利增6成 警告Q4遠洋風暴將,54
2022/11/02,[情報] 1102 上市櫃外資投信買超金額排行,0
2022/11/02,[情報] 6285 啟碁 22Q3 EPS:3.13,31
2022/11/02,[情報] 2851中再保 Q3 EPS -0.1,12
2022/11/02,[情報] 00891 00894 11月配息結果,9
2022/11/02,[新聞] 大陸國家市場監管總局 批准中國聯通與騰,22
2022/11/02,Re: [情報] 長榮航111年Q3財務報告 Q3單季EPS:0.23,6
2022/11/02,[新聞] 出手救台股 金管會：三大「抑空方」措施,5
2022/11/02,[標的] TSLA生活選股法,43
2022/11/02,[新聞] 《半導體》宏捷科前3季每股盈餘0.45元,12
2022/11/02,[情報] 長榮航111年Q3財務報告 Q3單季EPS:0.23,26
2022/11/02,[情報] 1102 上市外資買賣超排行,22
2022/11/02,Re: [新聞] 楊金龍信心喊話:與2019年底比台股漲7.9%,33
2022/11/02,[情報] 京城銀111年10月自結盈餘相關資訊,28
2022/11/02,[新聞] 賣彰銀擁190億元現金 台新金總座林維俊：找併購機會,28
2022/11/02,[新聞] 財長蘇建榮：國安基金初步發揮穩盤效果,0
2022/11/02,[情報] 111年11月02日 櫃買法人買賣金額統計表,16
2022/11/02,[情報] 111年11月02日 三大法人買賣金額統計表,90
2022/11/02,[情報] 1102 上市投信買賣超排行,19
2022/11/02,[新聞] 楊金龍信心喊話:與2019年底比台股漲7.9%,-10
2022/11/02,[新聞] 台積電「最先進制程」在台投資 經濟部備,36
2022/11/02,[新聞] 晶豪科 Q3每股純益0.3元,30
2022/11/02,[新聞] 彭博：中國新危機 離岸房地產債券正崩潰,72
2022/11/02,[閒聊] 2022/11/02 盤後閒聊,26
2022/11/02,[新聞] MSCI調整權重 11日公布,39
2022/11/02,[新聞] 財政部：輸入性通膨、金融風險升高,1
2022/11/02,[新聞] 緯穎通過財報期中考 Q4展望樂觀 擴產不變,11
2022/11/02,[新聞] 美國限制晶片出口大陸 日媒爆：日本考慮,80
2022/11/02,Re: [新聞] 蘋果整體業績超預期 股價開市後升超過6%,6
2022/11/02,[新聞] 台積電投資桃園？經濟部：最適合半導體發,98
2022/11/02,[標的] 大盤 持續多,35
2022/11/02,[新聞] 哪些股票適合存股？算利教官說一說資產配,45
2022/11/02,[閒聊] 2022/11/02 盤中閒聊,90
2022/11/02,[新聞] 需求強勁生產擔憂將對黃豆玉米構成支撐,5
2022/11/02,[標的] AMD.US 財報,57
2022/11/02,[新聞] 鄭州廠726宿舍員工被傳疫歿 鴻海澄清：惡,84
2022/11/02,[新聞] 愛普第三季營收年減 41%！毛利回穩到 44%,5
2022/11/01,[情報] 11/1全市場當沖虧損最多的股票,10
2022/11/01,[新聞] 美10月ISM製造業指數報50.2 創近兩年半以,18
2022/11/01,[心得] 盤後資料整理(Excel格式),10
2022/11/01,[新聞] 台積美國廠 將切入3奈米,100
2022/11/01,[情報] 111年11月01日信用交易統計,15
2022/11/01,[新聞] 三大退休基金合虧6165億 9月就虧逾2300億,100
2022/11/01,[新聞] 最壞情況已過 外資啟動電子股目標價調升,38
2022/11/01,[新聞] 大 小摩異口同聲:美通膨率在明年顯著下滑,13
2022/11/01,[情報] 矽格 前三季EPS:6.16,17
2022/11/01,[新聞] SIA：9月全球半導體銷售額年減3％ 中國,1
2022/11/01,[新聞] 台股攻上萬三、底部到了嗎? 分析師:Fed利率決策會議後再說,11
2022/11/01,[新聞] 台積電樹大招風 學者：武功在身無懼口水,39
2022/11/01,[新聞] 即日起符合條件 上市公司子公司可豁免上市輔導,9
2022/11/01,[新聞] 股市真有二八法則嗎? 近期一直破底 網曝:要看總損益,16
2022/11/01,[情報] 3130 一零四 111年第三季合併財務報告,8
2022/11/01,[情報] 1101八大公股銀行買賣超排行,6
2022/11/01,Re: [新聞] 明年分紅沒了！今年9月底新制勞工平均每,4
2022/11/01,[新聞] 「6高富帥網紅」慘了！涉違法代操台股,24
2022/11/01,[情報] 4736泰博 第三季合併財務報表,9
2022/11/01,[情報] 1101 上市櫃外資投信同買排行,7
2022/11/01,[情報] 和泰2207在車廠的營收世界排名第31,41
2022/11/01,[標的] 15.79的國泰永續高股息(00878)是好買點嗎,28
2022/11/01,[情報] 1101 上市櫃外資投信買超金額排行,0
2022/11/01,[情報] 緯穎111年Q3合併財報 Q3單季EPS:24.69,17
2022/11/01,[情報] 4919 新唐 前三季 EPS 8.36 元,9
2022/11/01,[情報] 00850 2022年配息1.48元,0
2022/11/01,[情報] 00692/006208/00892/00900配息公告,42
2022/11/01,[情報] 2206三陽工業代子公司公告取得農林股票,21
2022/11/01,[新聞] 美前財長：數據並不支持Fed政策轉向 本週,45
2022/11/01,Re: [新聞] 明年分紅沒了！今年9月底新制勞工平均每,70
2022/11/01,[情報] 1101 上市外資買賣超排行,49
2022/11/01,[情報] 111年11月01日 三大法人買賣金額統計表,49
2022/11/01,[新聞] 明年分紅沒了！今年9月底新制勞工平均每,100
2022/11/01,[情報] 111年11月01日 櫃買法人買賣金額統計表,19
2022/11/01,[情報] 2465麗臺 自結111/09 -0.16 111/Q3 -1.09,14
2022/11/01,[情報] 6488 環球晶  22Q3 EPS 11.75元,14
2022/11/01,[新聞] 李在鎔 三星：被中國企業追趕的焦躁,21
2022/11/01,[情報] 1101 上市投信買賣超排行,17
2022/11/01,[情報] 4931新盛力9月自結0.96元,24
2022/11/01,[請益] ETF太大隻能不能分割,5
2022/11/01,[新聞] Fed這次會升2或3碼？鴿或鷹調？美股走勢,67
2022/11/01,[閒聊] 2022/11/01 盤後閒聊,44
2022/11/01,[情報] 00878 11月配息0.28元,75
2022/11/01,[新聞] 生華科合併輝瑞用藥治攝護腺癌,9
2022/11/01,[新聞] 大陸iPhone銷量銳減24%,54
2022/11/01,[新聞] 勞動基金前9月大虧5124.6億 基金局：空頭,49
2022/11/01,[新聞] 中媒自嘲：解放軍晶片技術落後,33
2022/11/01,[新聞] 勞動基金單月虧1920億！前9月平均每個新,100
2022/11/01,[公告] 水桶加重改判,27
2022/11/01,[新聞] 台積電美國廠將舉行「移機典禮」　美國總,65
2022/11/01,[標的] 大盤,64
2022/11/01,[新聞] 美期中選舉前夕 拜登矛頭指向石油企業,37
2022/11/01,[新聞] 兆豐金明年擬現增250億,69
2022/11/01,[閒聊] 2022/11/01 盤中閒聊,95
2022/11/01,[情報] 2498宏達電 22Q3 EPS虧損1.18元,94
2022/11/01,[新聞] 四大名師看行情 台股11月有望挑戰萬四,15
2022/11/01,[新聞] 美股指數中止連跌 道瓊46年來最佳10月表,21
2022/11/01,[新聞] 地中海航運建造中貨櫃運力已與第五大貨櫃,12
2022/10/31,[新聞] 鎧俠：長江存儲技術有跳躍式進展 必須監,34
2022/10/31,[情報] 10/31全市場當沖虧損最多的股票,6
2022/10/31,[新聞] 中國10月綜合PMI降至49.0，製造業PMI跌至,34
2022/10/31,[心得] 盤後資料整理(Excel格式),6
2022/10/31,[情報] 111年10月31日信用交易統計,18
2022/10/31,[新聞] 嘉聯益Q3獲利創高 前三季EPS 0.85元,13
2022/10/31,[新聞] Fed傳聲筒發文曝鷹派立場 主要指數開低,69
2022/10/31,[標的] 2498 宏達電 準備進入第一層 多,6
2022/10/31,[新聞] 為何央行不給前瞻指引?楊金龍:台灣不適合,98
2022/10/31,[新聞] 大盤每跌3%就加碼00878 小資理財教主:報酬率變負也不怕,6
2022/10/31,[新聞] 11月電業天然氣調漲5%　台灣中油：民生,40
2022/10/31,[新聞] 再創新高！歐元區10月通膨達10.7％,29
2022/10/31,[新聞] 2480 敦陽科前三季每股賺5.03元,1
2022/10/31,"[情報] 威健 Q3EPS:0.88,前三季3.38",18
2022/10/31,Re: [新聞] 用景氣燈號操作股市 他舉0050為例：「這,68
2022/10/31,[新聞] 迎國境解封商機 高市7條航線復飛招手遊客,2
2022/10/31,[新聞] 邊境解封復甦力道強 華航長榮Q4增班50%,1
2022/10/31,[新聞] 賣方主導ABF市場 美系外資送暖載板三雄,14
2022/10/31,[情報] 2851中再保 補充現增價格15.8,15
2022/10/31,[情報] 1031八大公股銀行買賣超排行,14
2022/10/31,[創作] 莎喲娜拉 俗女Part II,2
2022/10/31,[新聞] 台積電一奈米傳設龍潭　竹科管理局：已無,65
2022/10/31,Re: [標的] 做空台股0050反1適合嗎?,6
2022/10/31,[新聞] 傳第三季度起台積電客戶陸續砍單 聯發科,44
2022/10/31,Re: [標的] 做空台股0050反1適合嗎?,8
2022/10/31,[情報] 3189景碩 22Q3 EPS 4.79元,12
2022/10/31,[情報] 高端疫苗針對公司新聞稿內容發佈重訊公告,33
2022/10/31,[新聞] 美元唯我獨尊 學者：台幣一因素貶到35都,80
2022/10/31,[新聞] 台積電1奈米落腳龍科 知情人士：要好幾年,30
2022/10/31,[情報] 1031 上市外資買賣超排行,46
2022/10/31,[情報] 111年10月31日 櫃買法人買賣金額統計表,15
2022/10/31,[新聞] 自動駕駛初創公司 Argo AI 將被關閉解散,23
2022/10/31,[標的] 做空台股0050反1適合嗎?,16
2022/10/31,[新聞] 台股利多護體 11月醞釀反彈,32
2022/10/31,[請益] 台股這樣適合定期定額嗎,6
2022/10/31,[情報] 3036文曄 Q3 EPS2.33,18
2022/10/31,[新聞] 國票金現金增資案(價格:10),16
2022/10/31,[情報] 111年10月31日 三大法人買賣金額統計表,74
2022/10/31,[情報] 5904寶雅 第三季財務報告,50
2022/10/31,[情報] 1031 上市投信買賣超排行,10
2022/10/31,[標的]VLA.EU疫苗免疫橋接測抗體通過歐盟授權,13
2022/10/31,[新聞] 看H2毛利壓力減緩，愛之味今年營收拚微增,6
2022/10/31,[標的] 4736.TW 泰博 多,15
2022/10/31,[新聞] 高端3點聲明　每劑疫苗價「840元」,85
2022/10/31,[閒聊] 2022/10/31 盤後閒聊,100
2022/10/31,[公告] Stock 樂透開獎,6
2022/10/31,[情報] 輸入性通膨發威 飼料開出第一槍漲價,77
2022/10/31,[新聞] 雷虎、台船、漢翔 業績看俏,16
2022/10/31,[標的] 6024.TW 群益期,20
2022/10/31,[新聞] 驚傳疫情 外媒：鴻海鄭州廠11月愛瘋出貨,43
2022/10/31,[新聞] 1奈米廠落腳桃園龍潭園區？台積電回應了,53
2022/10/31,[創作]口袋台股APP 當沖選股功能介紹,100
2022/10/31,[新聞] 伺服器三傑 大摩按讚,51
2022/10/31,[新聞] 台積電1奈米將落腳桃園龍潭,100
2022/10/31,[新聞] 美管制陸晶片 台積將受惠,16
2022/10/31,[閒聊] 2022/10/31 盤中閒聊,100
2022/10/31,[新聞] 限空令效應 外資圈傳下達台股減碼令,41
2022/10/31,[新聞] 台股落後補漲 有影,25
2022/10/31,[標的] 我知道你還有錢  現在好標的很多,12
2022/10/30,[新聞] 中國疫情升溫擴大封控 原油收低周線仍升,1
2022/10/30,[新聞] 鄭州富士康大批員工徒步返鄉 鴻海：園區,93
2022/10/30,[新聞] 蘋果整體業績超預期 股價開市後升超過6%,22
2022/10/30,[新聞] 運費沒跌完 花旗環球狠砍陽明、長榮目標,34
2022/10/30,Re: [請益]金融特別股,16
2022/10/30,[新聞] IMF示警：若全球經濟分裂 亞洲是最大輸家,83
2022/10/30,[新聞] 亞系外資降評立積至減碼 目標價大幅下調,3
2022/10/30,[新聞] FB改名後市值蒸發「一個台灣GDP」謝金河:,46
2022/10/30,[新聞] 高股息ETF投等債 投信新寵,3
2022/10/30,[新聞] 跌到底部？ 外資回頭搶進金融股,2
2022/10/30,[新聞] 周線連三黑 法人估盤勢可望逐步落底,29
2022/10/30,[請益]金融特別股,34
2022/10/30,[新聞] 驚！SCFI跌勢又擴大 「這檔」貨櫃逆風行,4
2022/10/30,Re: [新聞] 星宇新機報到 攻北美航線,32
2022/10/30,[新聞] 鄭州疫情嚴重 富士康人員：當地政府已派,100
2022/10/30,Re: [新聞] 投資人當心！賣美股商品型ETF 將課10％重,24
2022/10/30,[新聞] 投資人當心！賣美股商品型ETF 將課10％重,91
2022/10/30,[創作］開始損了,6
2022/10/30,[標的] 台積電_大媽多,71
2022/10/30,[標的] 創惟 6104 多,21
2022/10/30,[公告] 簡易處置,7
2022/10/30,[新聞] 高端保護效益報告已完成補件！薛瑞元：審,21
2022/10/30,[新聞] 十大台股高息ETF成軍 人氣夯,20
2022/10/30,[心得] 10/31 ~ 11/04 美股財報行事曆,15
2022/10/30,[新聞] 輝達黃仁勳訪台 分析師點名這13檔有戲,23
2022/10/30,[新聞] 5檔航運股套牢可續抱? 老手:攤平首選這家,11
2022/10/30,[新聞] 航空產業強烈復甦 漢翔、亞航蓄勢衝雲霄,1
2022/10/30,[新聞] 星宇新機報到 攻北美航線,4
2022/10/30,[新聞] 搶解封商機 航空客運大增班,0
2022/10/30,[標的] 台積電_大盤多,78
2022/10/29,[新聞] 美國升息讓存債族激增 元大美債20年受益人數飆破3.1萬,100
2022/10/29,[標的] 00878 國泰永續高股息 多,46
2022/10/29,[新聞] 元宇宙分行超夯! 一文抓住金融科技展公民營金控亮點,7
2022/10/29,[新聞] 台積電遭「一掛美國人」兇猛轟炸後 謝金,0
2022/10/29,[請益] 關於正二和長抱的問題,14
2022/10/29,[新聞] 用景氣燈號操作股市 他舉0050為例：「這,35
2022/10/29,Re: [新聞] 維持流動性 央行釋逾1.18兆調節資金水位,21
2022/10/29,Re: [新聞] 江啟臣指經貿談判不及格 王美花反駁,98
2022/10/29,[公告] 10/29 處置公告＋樂透開設通知,9
2022/10/29,Re: [請益] 正二+定期定額,41
2022/10/29,[情報] SHEL.US殼牌第三季財報+股息+回購,30
2022/10/29,[創作] 套也不說出口的我,11
2022/10/29,[新聞] 連19黑! 貨櫃運價跌幅未見收斂,35
2022/10/29,Re: [新聞] 維持流動性 央行釋逾1.18兆調節資金水位,5
2022/10/29,[新聞] 二手船重挫25% 新船驟跌近20% 全球貨櫃,35
2022/10/29,Re: [請益] 美國公司債目前是好標的？,13
2022/10/29,[標的] 6150 撼訊 (代PO),49
2022/10/29,[新聞] 台積380元是雙11特價?老謝:利多訊號已現,99
2022/10/29,[新聞] 老先覺大膽預言一次漲足3個月 台股V轉秀,82
2022/10/29,[新聞] Q3獲利雙減 瑞昱坦言庫存恐調整至這時,30
2022/10/29,[新聞] 馬斯克入主Twitter擬推私有化 標普500指,15
2022/10/29,[新聞] 維持流動性 央行釋逾1.18兆調節資金水位,24
2022/10/29,[新聞] 通膨高漲 美核心PCE物價指數年增5.1％,74
2022/10/29,[新聞] 華航、長榮航 解封助攻,4
2022/10/29,[新聞] 歐洲線運價有撐 華航增班搶貨,2
2022/10/29,[新聞] 馬斯克正式接管推特! 上市9年的社交巨頭,15
2022/10/29,[新聞] 星宇航空首架A350張國煒今親駕抵台,51
2022/10/29,Re: [心得] 台股留給法人自己互搞，來去美股吧各,33
2022/10/29,[新聞] 大摩：台積評價低估40%,75
2022/10/29,[標的] 大盤多,36
2022/10/29,Re: [請益] 道瓊準備反攻了吧,66
2022/10/29,[請益] 正二+定期定額,16
2022/10/28,[新聞] 江啟臣指經貿談判不及格 王美花反駁,41
2022/10/28,[情報] 10/28 全市場當沖虧損最多的股票,23
2022/10/28,[新聞] 辜仲諒啟動接班 長子辜昱銓出任中信金旗下三公司董事,59
2022/10/28,[新聞] 快訊／美股三大指數走高 道瓊大漲614點,42
2022/10/28,Re: [請益] 道瓊準備反攻了吧,25
2022/10/28,[新聞] 押房子借千萬「All in台積電」！,-10
2022/10/28,[心得] 盤後資料整理(Excel格式),3
2022/10/28,[情報] 111年10月28日信用交易統計,8
2022/10/28,[請益] 道瓊準備反攻了吧,91
2022/10/28,[新聞] 美9月PCE通膨指標大幅上升 Fed下周將四,33
2022/10/28,[新聞] Pinterest Q3用户數維穩 營收同比增8%,3
2022/10/28,[新聞] 蘋果Q3營收增幅減緩 庫克稱供不應求,37
2022/10/28,[新聞] 亞馬遜Q3營收1271億美元 淨利潤同比降9%,7
2022/10/28,Re: [情報] 聯詠111年第三季財報 Q3單季EPS:7.07,15
2022/10/28,Re: [新聞] 加強管制半導體人才赴陸 吳政忠：人才流,18
2022/10/28,[新聞] 胡睿涵升任元大投顧董座 賴建宏接總經理,100
2022/10/28,[情報] 2323中環代子公司 公告取得陽明海運,34
2022/10/28,[情報] 1028八大公股銀行買賣超排行,16
2022/10/28,[新聞] 景氣前景不樂觀 合庫董座雷仲達:明年景氣回溫看2大因素,26
2022/10/28,[情報] 1028 上市櫃外資投信同買排行,0
2022/10/28,[情報] 1028 上市櫃外資投信買超金額排行,1
2022/10/28,[新聞] 談防疫險疏忽風險管理 富邦董座蔡明忠:對不起父親,0
2022/10/28,[新聞] 股災來襲，只有這種類股逃過一劫：年初,15
2022/10/28,[情報] 聯詠111年第三季財報 Q3單季EPS:7.07,32
2022/10/28,[創作] 沒有煙抽的日子,14
2022/10/28,[新聞] 確診同住家人居隔走入歷史 金管會：防疫,24
2022/10/28,[情報] 1028 上市外資買賣超排行,43
2022/10/28,[情報] 彩晶111年第3季合併財務報告,22
2022/10/28,[新聞] 〈聯發科法說〉Q4客戶調整力道達高峰 再,43
2022/10/28,[情報] 111年10月28日 櫃買法人買賣金額統計表,27
2022/10/28,[新聞] 台股即將落底？ 多家投信認為年底前有望,74
2022/10/28,[情報] 111年10月28日 三大法人買賣金額統計表,79
2022/10/28,[情報] 1028 SCFI 1697.65(-81.04),57
2022/10/28,[情報] 1028 上市投信買賣超排行,16
2022/10/28,Re: [新聞] 台灣通膨數字有問題！ 學者：央行利率政,86
2022/10/28,[情報] 2454聯發科 Q3 EPS 19.54,50
2022/10/28,[新聞] 長榮航：人潮漸漸到 客收月月高,48
2022/10/28,[新聞] 中信金：元宇宙分行預計2023年上線,44
2022/10/28,Re: [心得] INTC.US 營運部門重新分類後兩期比較,3
2022/10/28,[情報] 穩懋111年第3季自結損益 Q3單季EPS:0.83,31
2022/10/28,[閒聊] 2022/10/28 盤後閒聊,44
2022/10/28,[新聞] 台股續挫百點 黃天牧喊話:基本面非常良好,94
2022/10/28,[情報] 6147頎邦Q3 EPS 2.14,58
2022/10/28,Re: [新聞] 台灣通膨數字有問題！ 學者：央行利率政,34
2022/10/28,[新聞] 2023仍是光明一年 外資升評喊買創意,28
2022/10/28,[新聞] 華郵：馬斯克完成收購推特 立刻開除執行長等4位最高層,63
2022/10/28,[新聞] 台灣通膨數字有問題！ 學者：央行利率政,100
2022/10/28,[新聞] Meta燒錢沒成果 祖克柏籲保持耐心,66
2022/10/28,Re: [標的] 生產碘片相關公司產業推薦,40
2022/10/28,[心得] INTC.US 營運部門重新分類後兩期比較,21
2022/10/28,Re: [情報] 9月份景氣燈號為黃藍燈,4
2022/10/28,[新聞] 面板雙虎今年恐虧500億,73
2022/10/28,[標的] 3035.TW智原 短線多多多,10
2022/10/28,Re: [新聞] Intel 財報 Q3高於預期 激勵盤,5
2022/10/28,[新聞] 影》不是通膨！ 是生活支出變多！ 裴洛,100
2022/10/28,[新聞] 全球伺服器出貨 明年估增5.2％,19
2022/10/28,[請益] 如何投資台灣的外資?,1
2022/10/28,[新聞] 美晶片戰「把中國打回石器時代」！經濟,57
2022/10/28,[新聞] Intel 財報 Q3高於預期 激勵盤,30
2022/10/28,[標的] 生產碘片相關公司產業推薦,22
2022/10/28,[閒聊] 2022/10/28 盤中閒聊,100
2022/10/28,[新聞] 學者觀點－美元何時反轉？(洽ForeignEX),13
2022/10/28,[情報] 10/27全市場當沖虧損最多的股票,16
2022/10/28,[標的] 小道瓊.US 長空開始,100
2022/10/27,Re: [新聞] 三星無視晶片業寒冬將至 逆勢提高供應和,20
2022/10/27,[新聞] 台股9月大跌幫兇 銀行業大賣台股1365億,43
2022/10/27,[心得] 盤後資料整理(Excel格式),5
2022/10/27,[新聞] 重摔6成 北極星大復活 攜合一藥華藥領頭,15
2022/10/27,[新聞] 施振榮:AI結合醫療 為台打造下一個護國神山產業,20
2022/10/27,[新聞] 外資回頭買超台股百億 連2天買超台積電,19
2022/10/27,[情報] 1027 上市櫃外資投信同買排行,0
2022/10/27,[新聞] 東方財富發布三季報 三季度業績下滑14%,3
2022/10/27,[新聞] 00878、00692、2884該選哪支存?網曝第一優先是00692,36
2022/10/27,[情報] 1027 上市櫃外資投信買超金額排行,0
2022/10/27,[新聞] ICE調整指數編製規則 統一FANG+,14
2022/10/27,Re: [新聞] 通膨影響景氣？ 9月景氣燈號分數降至紅燈,1
2022/10/27,[新聞] ABF載板爆最後利空 欣興老董鬆口做1事,9
2022/10/27,[新聞] 國發基金踩雷如興 龔明鑫「我們也是受騙者」,24
2022/10/27,[情報] 111年10月27日信用交易統計,20
2022/10/27,[新聞] Q3大虧40億瑞士法朗 瑞信續推重整計畫,18
2022/10/27,[新聞] 郭哲榮:友達說斷崖式衰退 投資人更要興奮,55
2022/10/27,Re: [標的] 2409 友達 (今日再加碼10張),65
2022/10/27,Re: [新聞] 〈日月光法說〉Q3 EPS 4.03元衝次高 前三季大賺超過一股,5
2022/10/27,Re: [新聞] 裕隆關鍵一役！鴻海不能輸的第一步 嚴陳,20
2022/10/27,[新聞] 三星無視晶片業寒冬將至 逆勢提高供應和,62
2022/10/27,[新聞] 漢翔研發新一代戰機 馮世寬曝進度,27
2022/10/27,[情報] 3088艾訊111年第三季合併財務報告,9
2022/10/27,[新聞] 面板產業逆風 群創高階主管10/1起自動減,92
2022/10/27,Re: [請益] 景氣燈可以準確參考嗎？,21
2022/10/27,[情報] 1027八大公股銀行買賣超排行,9
2022/10/27,[新聞] 零壹前三季獲利創高，EPS 3.14元,7
2022/10/27,[新聞] 〈日月光法說〉Q3 EPS 4.03元衝次高 前三季大賺超過一股本,33
2022/10/27,Re: [請益] 景氣燈可以準確參考嗎？,67
2022/10/27,[新聞] 路透：美司法部對特斯拉自動駕駛技術,26
2022/10/27,[新聞] 嘉澤Q3獲利創高可期，低價銅庫存助攻，H2,10
2022/10/27,Re: [情報] 9月份景氣燈號為黃藍燈,99
2022/10/27,Re: [情報] 9月份景氣燈號為黃藍燈,28
2022/10/27,[情報] 9月份景氣燈號為黃藍燈,100
2022/10/27,[新聞] 馬斯克自封「推特領導人」！扛水槽造訪,32
2022/10/27,[情報] 1027 上市外資買賣超排行,36
2022/10/27,Re: [新聞] 裕隆關鍵一役！鴻海不能輸的第一步 嚴陳,4
2022/10/27,[新聞] 9月景氣燈變燈？國發會主委龔明鑫不否認,51
2022/10/27,[情報] 3481群創 Q3 EPS -1.27,59
2022/10/27,[情報] 111年10月27日 櫃買法人買賣金額統計表,8
2022/10/27,Re: [請益] 美股今晚開高走高吧？,16
2022/10/27,[新聞] 裕隆關鍵一役！鴻海不能輸的第一步 嚴陳,14
2022/10/27,[情報] 111年10月27日 三大法人買賣金額統計表,70
2022/10/27,[情報] 1027 上市投信買賣超排行,15
2022/10/27,[新聞] 晶片禁令發酵 科磊：將重挫美半導體,21
2022/10/27,"[新聞] 希捷上季業績不如預期、要裁員3,000人 凸",26
2022/10/27,[新聞] 國巨吃下施耐德電機感測部門,40
2022/10/27,[閒聊] 2022/10/27 盤後閒聊,100
2022/10/27,Re: [新聞] 馬斯克證實恢復 Twitter 收購案：儘管買貴但感到興奮,11
2022/10/27,[新聞] 長榮航總座：航空客運迎春燕 營收月月高,42
2022/10/27,[新聞] 外資報告》高盛：欣興獲利強勁 目標價上,34
2022/10/27,Re: [請益] 主跌段早過了吧？,26
2022/10/27,[請益] 還有資金該all in 還是先進50%再觀察??,71
2022/10/27,[新聞] 直飛米蘭！長榮航孫嘉明：航空業復甦可期,17
2022/10/27,Re: [請益] 主跌段早過了吧？,5
2022/10/27,Re: [請益] 利空出盡了吧,3
2022/10/27,[新聞] 金融市場出現轉折？謝金河揭5指標,29
2022/10/27,Re: [新聞] 澳洲央行意外偏鴿！宣布只升息1碼 澳幣,22
2022/10/27,[標的]  聯發科 2454.TW 法會空,10
2022/10/27,Re: [新聞] 格芯提告台積電侵權 要求美國禁止進口其,28
2022/10/27,Re: [新聞] 台灣半導體逢雙重考驗 王美花信心喊話,7
2022/10/27,[新聞] 台積電鼓勵員工休假 陳其邁：不影響高雄,8
2022/10/27,[新聞] 面板寒冬暫緩新投資　友達彭双浪：斷崖式,50
2022/10/27,[新聞] 加拿大央行升息從3碼變2碼,46
2022/10/27,[閒聊] 2022/10/27 盤中閒聊,96
2022/10/27,[新聞] NVDA因FB財報的元宇宙願景而受益 盤後+4%,32
2022/10/27,"[新聞] FB財報 營收連兩季下跌,指引不佳 盤後-18%",49
2022/10/27,[情報] WOLF 2023 Q1,17
2022/10/27,Re: [新聞] 剛繳清20年房貸...他抵押借1千萬「全買60,14
2022/10/27,[新聞] 台灣半導體逢雙重考驗 王美花信心喊話,-10
2022/10/27,[新聞] LGD慘虧 進入危機經營體制,13
2022/10/27,Re: [新聞] 台積電罕發聲明：未逼員工休假及無薪假計,43
2022/10/27,Re: [新聞] 格芯提告台積電侵權 要求美國禁止進口其,85
2022/10/27,Re: [請益] 2022台積電到底怎麼了...,-10
2022/10/27,Re: [請益] 2022台積電到底怎麼了...,8
2022/10/27,Re: [新聞] 葉倫暗示 買回20年期美債,15
2022/10/27,[新聞] Intel旗下Mobileye(NASDAQ:MBLY)登陸美股,14
2022/10/26,[新聞] 台積電罕發聲明：未逼員工休假及無薪假計,100
2022/10/26,[新聞] 葉倫暗示 買回20年期美債,46
2022/10/26,[情報] 10/26全市場當沖虧損最多的股票,10
2022/10/26,Re: [新聞] 剛繳清20年房貸...他抵押借1千萬「全買60,8
2022/10/26,[新聞] 航太、車用輕量化趨勢發酵 八貫、上緯布,5
2022/10/26,[心得] 盤後資料整理(Excel格式),3
2022/10/26,Re: [新聞] 剛繳清20年房貸...他抵押借1千萬「全買60,7
2022/10/26,[情報] 111年10月26日信用交易統計,13
2022/10/26,[新聞] 美晶片禁令發酵！陸廠遭台積電斷貨重創：,47
2022/10/26,[新聞] 剛繳清20年房貸...他抵押借1千萬「全買60,17
2022/10/26,[新聞] SK海力士澄清：目前並無撤出中國計畫,57
2022/10/26,Re: [標的] 2409 友達 (繼續加碼),100
2022/10/26,[新聞] 搶先3奈米尬不贏台積 三星強攻成熟製程,52
2022/10/26,[情報] 2323中環 代子公司公告取得長榮2330張,53
2022/10/26,[新聞] 友達：需求面斷崖式衰退 調整時間長,68
2022/10/26,[新聞] 地緣政治風險 衝擊台積電領導地位,23
2022/10/26,[情報] 1026八大公股銀行買賣超排行,12
2022/10/26,[情報] 3454晶睿 第3季合併財務報告,9
2022/10/26,[新聞] 元太攜手澎湖全縣37所國小 打造電子書閱,41
2022/10/26,[情報] 1026 上市櫃外資投信同買排行,0
2022/10/26,[情報] 聯電2022年第三季財務報告,30
2022/10/26,[新聞] 歐洲陷能源危機 德州天然氣價格卻跌至接,33
2022/10/26,[情報] 3228金麗科Q3 EPS -0.2,30
2022/10/26,[新聞] 〈聯電法說〉Q3毛利率衝47.3%飛越財測,29
2022/10/26,[新聞] 聯電下修資本支出至30億美元 長期展望依然,16
2022/10/26,[情報] 1026 上市櫃外資投信買超金額排行,0
2022/10/26,[新聞] 看好Q4，解定存從408元台積電往下買！,58
2022/10/26,[情報] 1026 上市外資買賣超排行,51
2022/10/26,[情報] 111年10月26日 櫃買法人買賣金額統計表,4
2022/10/26,[情報] 111年10月26日 三大法人買賣金額統計表,93
2022/10/26,[情報] 1026 上市投信買賣超排行,16
2022/10/26,[新聞] 美中冷戰怎麼辦？明年投資5戰術 雷虎、,28
2022/10/26,Re: [新聞]快訊／高端二期試驗找陸資公司食藥署回應了,17
2022/10/26,[閒聊] 2022/10/26 盤後閒聊,100
2022/10/26,[請益] 是不是控制夜盤拉高 外資就得買回,22
2022/10/26,[情報] 2409友達 Q3 EPS -1.23,100
2022/10/26,[新聞] 美股避風港？高股息ETF跑贏大盤,10
2022/10/26,[公告] 板規宣導,28
2022/10/26,[新聞] 久等了 台積電股價早盤翻紅,87
2022/10/26,[新聞] 加強管制半導體人才赴陸 吳政忠：人才流,34
2022/10/26,[請益] 存股跟買房，版上會選?,95
2022/10/26,Re: [新聞] NVIDIA黃仁勳來台安軍心　傳本週密會台積,69
2022/10/26,[新聞] 衛福部：不排除重啟高端疫苗2期藥品臨床,70
2022/10/26,[新聞] 退休姊妹「抽中未上市股票」忙匯款　結果,28
2022/10/26,[新聞] 美國最新禁令壓力！海力士法說會宣布：全面撤出中國,100
2022/10/26,[新聞] 股市跌跌不休有害健康 專家:中風風險提高,48
2022/10/26,[新聞] 旺宏因應需求減弱 本季減產20~25％,32
2022/10/26,[請益] 如何知道法人佔股市的比重?,0
2022/10/26,[新聞] 高端與中資公司合作 薛瑞元：沒有不法,32
2022/10/26,[新聞] 聖誕旺季遇「寒流」，越南代工廠苦喊訂,9
2022/10/26,[新聞] 無薪假要來了？群創再傳鼓勵員工休假,70
2022/10/26,[新聞] 史上訂單數累積最快！Luxgen N7預售接單,34
2022/10/26,Re: [新聞] 金管會會再祭出「全面禁空令」？　主委：,11
2022/10/26,Re: [請益] 2022台積電到底怎麼了...,3
2022/10/26,[新聞] 金管會會再祭出「全面禁空令」？　主委：,45
2022/10/26,[新聞] 英特爾示警 台灣晶片供應鏈岌岌可危,51
2022/10/26,[新聞] 台股熊市洗劫／金融股殖利率最高破7％,32
2022/10/26,[閒聊] 2022/10/26盤中閒聊,100
2022/10/26,[新聞] 台積外媒、外資同步看淡前景,33
2022/10/26,[新聞] NVIDIA黃仁勳來台安軍心　傳本週密會台積,100
2022/10/26,[新聞] 中國保稅銅倉近被清空，融資銅交易已停,25
2022/10/26,[新聞] Alphabet、微軟、德儀 財報令人失望,61
2022/10/26,[標的] 5530龍巖怎麼了,38
2022/10/25,[新聞] 股市跌跌不休、股民手頭緊 意外使這兩項,41
2022/10/25,Re: [請益] 2022台積電到底怎麼了...,25
2022/10/25,"[新聞] 台股摜破頸線12,682點 金管會:將適時採行措施",9
2022/10/25,[標的] 大盤 給我一手的多多,21
2022/10/25,[新聞]快訊／高端二期試驗找陸資公司食藥署回應了,-10
2022/10/25,[新聞] 部分台積電供應商坦言 Q4已被砍單,96
2022/10/25,[心得] 盤後資料整理(Excel格式),3
2022/10/25,[情報] 111年10月25日信用交易統計,17
2022/10/25,[新聞] 壽險業淨值前3季蒸發1.89兆元 創八年新低,34
2022/10/25,[新聞] 〈智原法說〉Q4營收季增1-3%續創高 明年Q,24
2022/10/25,[心得] 台股這次會被德股超越多久?,15
2022/10/25,[新聞] 遭爆二期臨床由陸資經手？ 高端認了籲：,62
2022/10/25,[新聞] 景碩：ABF明年供需吃緊,28
2022/10/25,[新聞] 星宇首架A350預定29日抵台 頭等艙開箱,10
2022/10/25,Re: [請益] 2022台積電到底怎麼了...,70
2022/10/25,[新聞] 華航線上旅展25日開跑 5「利」玩轉全球,0
2022/10/25,[新聞] 交長：期待國內航空2024年重返榮景,3
2022/10/25,[新聞] 聯電100％控股廈門聯芯 經部同意通過,28
2022/10/25,[標的] 2330 台積電大家都虧多少錢?,99
2022/10/25,Re: [請益] 2022台積電到底怎麼了...,15
2022/10/25,[新聞] 傳南韓金融企業擬資助馬斯克逾2億美元收,20
2022/10/25,[情報] HLAG CEO:我非常確定我們看到過度反應,12
2022/10/25,Re: [請益] 唉不是 南北韓鬧成這樣怎麼沒崩？,16
2022/10/25,[新聞] 股匯雙殺！台幣連5貶收32.319元 再寫波段,84
2022/10/25,[情報] 1025八大公股銀行買賣超排行,12
2022/10/25,[新聞] 京元電Q4業績估續降溫，惟全年仍可拼新高,9
2022/10/25,[請益] 唉不是 南北韓鬧成這樣怎麼沒崩？,100
2022/10/25,[新聞] 中租-KY 9月獲利年增15%，前三季每股賺13,42
2022/10/25,[情報] 1025 上市櫃外資投信同買排行,2
2022/10/25,[情報] 3037欣興 第三季財務報告,32
2022/10/25,[情報] 1025 上市櫃外資投信買超金額排行,4
2022/10/25,[新聞] 睽違3年再辦PTT鄉民法說 尚凡明年續拼獲,43
2022/10/25,[新聞] 傳五組買家議價三商壽 高層鬆口:正進行中,38
2022/10/25,Re: [請益] 2022台積電到底怎麼了...,57
2022/10/25,[情報] 1025 上市外資買賣超排行,76
2022/10/25,Re: [請益] 2022台積電到底怎麼了...,8
2022/10/25,[情報] 111年10月25日 櫃買法人買賣金額統計表,7
2022/10/25,[新聞] 好市多聯名卡明年8/7到期 國泰世華首回應,25
2022/10/25,[創作] 蜜豆奶 Part II,10
2022/10/25,Re: [新聞] 中國全盤習化，金龍指數成份股大跌台積,37
2022/10/25,[情報] 111年10月25日 三大法人買賣金額統計表,100
2022/10/25,"[新聞] 台股再破底！跌破32年前高點12,682點",54
2022/10/25,[情報] 1025 上市投信買賣超排行,29
2022/10/25,[新聞] 中國全盤習化，金龍指數成份股大跌台積,29
2022/10/25,[標的] 00859B 群益0-1年美債 多,20
2022/10/25,[閒聊] 2022/10/25 盤後閒聊,100
2022/10/25,[新聞] 台積電大跌4.1%至371元市值破10兆　指數,72
2022/10/25,Re: [請益] 2022台積電到底怎麼了...,100
2022/10/25,[標的] 大盤外資空,1
2022/10/25,[請益] 這波大跌為什麼還有人人罵當沖,29
2022/10/25,[新聞] 聯發科法說後 大摩：7成看漲,61
2022/10/25,Re: [請益] 2022台積電到底怎麼了...,4
2022/10/25,[新聞] 接受BBC專訪 唐鳳：「矽盾」代表世界信賴,-10
2022/10/25,[新聞] 為何蔡政府12682非守不可？ 事情得從32年,53
2022/10/25,[新聞] 台泥(1101)從50 →31元，幾乎年年填息、,62
2022/10/25,Re: [標的] 印尼 全球之王多,13
2022/10/25,[請益] 120%融券利息歸屬,9
2022/10/25,Re: [請益] 2022台積電到底怎麼了...,100
2022/10/25,Re: [新聞] 科技業裁員潮》台積電也起風了！魏哲家罕,36
2022/10/25,Re: [請益] 長輩在LINE上答應買未公發股票來得及擋？(後續),13
2022/10/25,Re: [請益] 2022台積電到底怎麼了...,46
2022/10/25,[新聞] 習稱帝，港股夢迴1997回歸時,45
2022/10/25,[新聞] 中鋼外資逢低布局 意味濃厚,13
2022/10/25,Re: [標的] 2330台積電又變成dead money了嗎？,6
2022/10/25,Re: [新聞] 科技業裁員潮》台積電也起風了！魏哲,9
2022/10/25,Re: [請益] 2022台積電到底怎麼了...,13
2022/10/25,[新聞] 下一座護國神山在這！電動車市場達2兆美,12
2022/10/25,Re: [新聞] 科技業裁員潮》台積電也起風了！魏哲家罕,49
2022/10/25,[新聞] 陳培哲：高端能否EUA已不重要 應研發次世,38
2022/10/25,Re: [請益] 長輩在LINE上答應買未公發股票來得及擋？,9
2022/10/25,Re: [新聞] 不給習近平面子？市場憂心共同富裕來,11
2022/10/25,Re: [新聞] 科技業裁員潮》台積電也起風了！魏哲家罕,0
2022/10/25,[新聞] 台積電盤中市值失守10兆！　國安基金認護,27
2022/10/25,[新聞] FT一篇報導 台積電ADR一度下殺6%,22
2022/10/25,Re: [情報] 尚凡(5278)第2屆PTT鄉民法說會+20週年慶,58
2022/10/25,Re: [新聞] 不給習近平面子？市場憂心共同富裕來了,13
2022/10/25,[閒聊] 2022/10/25 盤中閒聊,100
2022/10/25,[新聞] 科技業裁員潮》台積電也起風了！魏哲家罕,100
2022/10/25,[情報] 10/24全市場當沖虧損最多的股票,40
2022/10/24,Re: [請益] 長輩在LINE上答應買未公發股票來得及擋？,13
2022/10/24,[新聞] 散戶縮手 9月證券劃撥存款大減 外匯存款創新高,86
2022/10/24,Re: [新聞] 禁空令發揮功效 業界：台股基本面好,9
2022/10/24,[新聞] 兆豐金老董張兆順:明年景氣比今年差 但台股不會再慘了,31
2022/10/24,Re: [新聞] 不給習近平面子？市場憂心共同富裕來了,84
2022/10/24,[標的] 2330 台積電 空爆不良品討論,53
2022/10/24,[新聞] 剛傳好市多卡被搶 國泰世華宣布收掉KOKO,57
2022/10/24,[心得] 盤後資料整理(Excel格式),2
2022/10/24,[新聞] 禁空令發揮功效 業界：台股基本面好,35
2022/10/24,[請益] 長輩在LINE上答應買未公發股票來得及擋？,66
2022/10/24,[情報] 111年10月24日信用交易統計,15
2022/10/24,Re: [標的] YANG.US 三倍放空中國ETF,17
2022/10/24,[新聞] 追趕台積電市占率 三星成熟/特殊製程產,14
2022/10/24,Re: [新聞] 國務院救市，中概股全面逆轉,7
2022/10/24,[新聞] Counterpoint：台積電7、6納米產能將下跌,33
2022/10/24,[新聞] 旅展機票大促銷 華航宿霧不到5千,15
2022/10/24,[新聞] 華航帛琉線11/16起每週2班 票價減半,15
2022/10/24,[新聞] 談ABF載板景氣 景碩執行長：明年不用擔心,34
2022/10/24,[新聞] 美禁令帶動轉單 台廠受惠,19
2022/10/24,[新聞] 快訊／高端宣布買單！　接種者赴日旅遊「,99
2022/10/24,Re: [新聞]終於公布！中國第3季經濟成績單出爐：GDP,0
2022/10/24,Re: [新聞] 美Fed鷹派鬆動 專家：央行Q4續升半碼,35
2022/10/24,Re: [新聞] 不給習近平面子？市場憂心共同富裕來了,97
2022/10/24,[情報] 1024八大公股銀行買賣超排行,9
2022/10/24,[情報] 1024 上市櫃外資投信同買排行,3
2022/10/24,[情報] 1024 上市櫃外資投信買超金額排行,1
2022/10/24,[新聞] 美Fed鷹派鬆動 專家：央行Q4續升半碼,99
2022/10/24,[新聞]終於公布！中國第3季經濟成績單出爐：GDP,100
2022/10/24,[標的] 大盤多多,67
2022/10/24,[新聞] 國泰金市值跌出台股前十強榜外 被聯電超車,28
2022/10/24,[新聞] 邱臣遠爆「高端二期臨床由中資公司處理」,100
2022/10/24,[標的] 美股 大盤討論,37
2022/10/24,[新聞] 馬斯克：我和巴菲特不同 有在打造東西,99
2022/10/24,[情報] 1024 上市外資買賣超排行,48
2022/10/24,[新聞] 美台合作生產武器 加速軍備移交,39
2022/10/24,[情報] 6104創惟 九月自結0.01 Q3自結0.28,46
2022/10/24,Re: [請益] 「人多的地方不要去」適用於美元嗎？,82
2022/10/24,[情報] 111年10月24日 櫃買法人買賣金額統計表,8
2022/10/24,[情報] 5278尚凡 自辦法人說明會,39
2022/10/24,[新聞] 衰退看法一致，馬斯克稱 2024 年春天,19
2022/10/24,Re: [請益] 怎樣判斷這次的禁空令是成功或失敗?,4
2022/10/24,[情報] 5876上海商銀現增價37元,24
2022/10/24,[情報] 111年10月24日 三大法人買賣金額統計表,80
2022/10/24,[情報] 1024 上市投信買賣超排行,11
2022/10/24,Re: [請益] 怎樣判斷這次的禁空令是成功或失敗?,0
2022/10/24,Re: [請益] 「人多的地方不要去」適用於美元嗎？,40
2022/10/24,"[新聞] 港股暴跌影響 台股小漲37點收12,856點",23
2022/10/24,[閒聊] 2022/10/24 盤後閒聊,74
2022/10/24,[公告] Stock 樂透開獎,11
2022/10/24,[新聞] 外資預期聯發科法說會仍有好消息,17
2022/10/24,[新聞] 虎航Q3虧損擴大 本土投顧：留意航空股財,18
2022/10/24,[情報] 證交所統計 上週外資賣台積最多 買群創最多,6
2022/10/24,[情報] 2002中鋼 9月自結稅前-14.1億,55
2022/10/24,[情報] 中再保111年現金增資認股基準日等相關事,11
2022/10/24,[新聞] 俄要在2028年量產7奈米製程微影曝光設備,75
2022/10/24,[新聞] 不給習近平面子？市場憂心共同富裕來了,100
2022/10/24,[新聞] EUA保衛戰 4.6萬高端小股民剉咧等,40
2022/10/24,Re: [請益] 這次真的比 2008 還慘吧,13
2022/10/24,[情報] 00918 大華高填息ETF 成分股公布,16
2022/10/24,[新聞] 不到400元的台積電 小股東搶著要,66
2022/10/24,"[新聞] 勞動基金恐賠逾5,000億",100
2022/10/24,[標的] 友達 停車場多,19
2022/10/24,[創作]口袋台股APP選股功能　送LINE POINTS,100
2022/10/24,[閒聊] 2022/10/24 盤中閒聊,96
2022/10/24,[新聞] 5大利多浮現 台股拚千點反彈,46
2022/10/24,[新聞] 美晶片禁令效應！晶圓成熟製程 意外翻紅,28
2022/10/24,[新聞] 韓國擴大救市！擬提供1.23兆救市基金,36
2022/10/24,Re: [請益] 房地產比指數投資還賺嗎？,24
2022/10/24,Re: [新聞] 台積電高層帶頭 加碼自家股票,5
2022/10/23,Re: [標的] 6547高端套在400多要麼操作,-10
2022/10/23,[新聞] 銀團融資現變數 馬斯克下週可能被迫拋售,19
2022/10/23,[新聞] 金管會：禁空令是特效藥 不能等破底,99
2022/10/23,[請益] 房地產比指數投資還賺嗎？,61
2022/10/23,Re: [請益] 指數投資派常說主動投資一定輸,14
2022/10/23,[新聞] 美股科技財報週登場！法人：利空持續測試,0
2022/10/23,[心得] 投行大空頭喊多，Fed官員拋升息放緩言論,84
2022/10/23,[新聞] 台韓股市受兩利空重擊 當局救市難度高,1
2022/10/23,[請益] 萬2可以進場了嗎？,96
2022/10/23,Re: [標的] 6547高端套在400多要麼操作,20
2022/10/23,[公告] 1023 警告 水桶 多人,27
2022/10/23,[新聞] 台股跌翻怎買？專家點名：2檔金融股「殖,50
2022/10/23,Re: [心得] FED 3月份縮表後的成果變化,6
2022/10/23,[請益] 禁空令實施多久?達到什麼成效才會停止?,28
2022/10/23,[公告] 10/23 處置公告＋樂透開設通知,2
2022/10/23,[新聞] 一表看懂！9月前10大定期定額,19
2022/10/23,[心得] FED 3月份縮表後的成果變化,36
2022/10/23,[新聞] 晶片禁令需求衰 彭博:台韓擋不住股匯雙殺,29
2022/10/23,Re: [新聞] 禁令發威！外媒：台積電暫停供貨　中資競,0
2022/10/23,Re: [新聞] 金管會出大招救台股 下週一152檔不得放空,24
2022/10/23,Re: [新聞] 能源干預奏效 歐洲天然氣價格閃崩7成,21
2022/10/23,[新聞] 獨家／台積電將彈升？專家喊「不必一直盯,64
2022/10/23,[新聞] 8大公股行庫銜命護盤 政府撐腰股一次看,7
2022/10/23,Re: [新聞] 她問均價34元的0056還有救嗎？ 網：,49
2022/10/23,[新聞] 金管會出大招救台股 下週一152檔不得放空,34
2022/10/23,Re: [標的] 6547高端套在400多要麼操作,0
2022/10/23,[標的] 有哪些好集團的好公司？,54
2022/10/23,Re: [標的] 大盤 多,13
2022/10/23,Re: [標的] 大盤 多,17
2022/10/23,Re: [新聞] 謝金河評台股 洩台積電下檔目標價,7
2022/10/23,Re: [心得] 10月美股財報季行事曆(超級財報週,7
2022/10/23,Re: [標的] 6547高端套在400多要麼操作,38
2022/10/23,[新聞] 禁令發威！外媒：台積電暫停供貨　中資競,-10
2022/10/23,Re: [新聞] 能源干預奏效 歐洲天然氣價格閃崩7成,33
2022/10/23,[新聞] 能源干預奏效 歐洲天然氣價格閃崩7成,54
2022/10/23,[新聞] 純屬巧合或協調行動？美日央行疑似「聯手,21
2022/10/22,[新聞] 台股擂台 郭哲榮本周選金麗科 合機,27
2022/10/22,[新聞] 華航、長榮及星宇 明年新機大量投入,20
2022/10/22,Re: [標的] 大盤 多,-10
2022/10/22,[新聞] 史上最大筆！國泰金現金增資450億　股海,41
2022/10/22,[標的] 大盤 多,0
2022/10/22,[新聞] 謝金河評台股 洩台積電下檔目標價,77
2022/10/22,[新聞] 10月集裝箱海運價續跌 航運大規模停航,11
2022/10/22,[新聞] 特斯拉預期第四季大爆發,31
2022/10/22,[請益] 美國封殺中國半導體,58
2022/10/22,Re: [標的] 大盤 跟萌智子借錢空,11
2022/10/22,Re: [新聞] Fed官員暗示明年應謹慎行事 將討論終點利,23
2022/10/22,[標的] 大盤 跟萌智子借錢空,52
2022/10/22,Re: [新聞] 她問均價34元的0056還有救嗎？ 網：睡不,20
2022/10/22,Re: [新聞] Fed官員暗示明年應謹慎行事 將討論終點利,18
2022/10/22,[新聞] 台股2023年「先跌後漲」挑戰萬六 兆豐證,62
2022/10/22,[新聞] 台股跌跌不休 王美花：對中長期經濟發展,23
2022/10/22,Re: [心得] 愛榭克：美股將再無低點 把握最後九月,8
2022/10/22,[新聞] 頎邦 明年營運先蹲後跳,71
2022/10/22,Re: [新聞] Fed官員暗示明年應謹慎行事 將討論終點利,33
2022/10/22,[新聞] 聯電看後市 明年Q2觸底回升,15
2022/10/22,Re: [新聞] 央行：房市觀望氣氛濃厚　房貸利率創近6,62
2022/10/22,[新聞] 銀團融資現變數 馬斯克下週可能被迫拋售,26
2022/10/22,Re: [新聞] Fed官員暗示明年應謹慎行事 將討論終點利,36
2022/10/22,[新聞] 台積電高層帶頭 加碼自家股票,80
2022/10/22,[新聞] 鐵礦砂狂跌 中鋼：短期震盪,11
2022/10/22,Re: [請益] 這波修正 各位有抗跌神股嗎,45
2022/10/22,Re: [心得] 愛榭克：美股將再無低點 把握最後九月,8
2022/10/22,Re: [新聞] 「赴日PCR」高端要幫忙出錢了！王必勝鬆,11
2022/10/22,[新聞] Fed官員暗示明年應謹慎行事 將討論終點利,48
2022/10/22,[新聞] 護盤力道增 選舉行情有譜,49
2022/10/22,[請益] 美國股市能維持現狀的原因？,54
2022/10/22,[新聞] 央行：房市觀望氣氛濃厚　房貸利率創近6,48
2022/10/22,[請益] 台股轉弱的關鍵點是什麼??,57
2022/10/21,[新聞] 伺服器增長幅度遇壓，白牌相對抗衰退,17
2022/10/21,[新聞] 國泰金辦史上最大現增股價慘摔 億元教授:百年難得的機會,55
2022/10/21,[新聞] 升息循環下強化營運動能 永豐金將現金增,33
2022/10/21,Re: [新聞] 禁空令出 新光投信：無法改變台股下跌,14
2022/10/21,[新聞] 光利率就能賺4%！ 盤點美元定存最強銀行,49
2022/10/21,[情報] 10/21全市場當沖虧損最多的股票,17
2022/10/21,[新聞] 美聯儲可能考慮暗示縮小12月加息幅度,94
2022/10/21,[情報] 111年10月21日信用交易統計,9
2022/10/21,[心得] 盤後資料整理(Excel格式),2
2022/10/21,[新聞] 經濟學人:房價崩潰來了,99
2022/10/21,[新聞] 抗晶片禁令 陸企加速國產替代,44
2022/10/21,[新聞] 首次萬點以上限空 金管會：因投資人信心,57
2022/10/21,Re: [新聞] 她問均價34元的0056還有救嗎？ 網：睡不,13
2022/10/21,Re: [心得] 講解 美國財政部買回公債計畫,5
2022/10/21,Re: [新聞] 英特爾將啟動裁員計畫！11月細節出爐、規,22
2022/10/21,[新聞] 她問均價34元的0056還有救嗎？ 網：睡不,32
2022/10/21,[新聞] 指數頻破底 櫃買持續推4大措施提振市場信,4
2022/10/21,Re: [心得] 這次比2008年嚴重多了吧,69
2022/10/21,[心得] 2股台積電錯買成兩張(補對帳單),100
2022/10/21,[創作] 愛的代價,5
2022/10/21,[情報] 1021八大公股銀行買賣超排行,18
2022/10/21,[新聞] 高端EUA恐遭廢止！10月底前須完成疫苗確效,80
2022/10/21,Re: [新聞] 禁空令出 新光投信：無法改變台股下跌,11
2022/10/21,[新聞] 0056除息逆勢漲要不要追？法人這樣說,10
2022/10/21,Re: [情報] 弱勢股 平盤下禁空 即日起實施,29
2022/10/21,[情報] 1021 上市櫃外資投信同買排行,1
2022/10/21,[情報] 2890永豐金決議辦理現金增資,85
2022/10/21,[情報] 1021 上市櫃外資投信買超金額排行,2
2022/10/21,[情報] 弱勢股 平盤下禁空 即日起實施,72
2022/10/21,[新聞] 台股禁空令來了！　金管會宣布股價跌逾3.,100
2022/10/21,[情報] 111年10月21日 櫃買法人買賣金額統計表,8
2022/10/21,[請益] 台股與國際股市的連動性,8
2022/10/21,[新聞] 通膨逾80％也不怕？土耳其再降息6碼,74
2022/10/21,Re: [請益] 這波修正 各位有抗跌神股嗎,9
2022/10/21,Re: [新聞] 「赴日PCR」高端要幫忙出錢了！王必勝鬆,16
2022/10/21,[創作] 萬Two股利熊,100
2022/10/21,[情報] 1021 上市外資買賣超排行,27
2022/10/21,[創作] 再見My Love,1
2022/10/21,Re: [請益] 如果銀行公債爆倉 通常會怎麼運作???,5
2022/10/21,"Re: [請益] 如果台海發生戰爭,股市是否就會停止運作?",8
2022/10/21,[新聞] 9月產業電力景氣燈號首度轉黃藍燈,71
2022/10/21,[新聞] 「赴日PCR」高端要幫忙出錢了！王必勝鬆,62
2022/10/21,[情報] 111年10月21日 三大法人買賣金額統計表,55
2022/10/21,[情報] 1021 SCFI 1778.69 (-35.31),59
2022/10/21,[新聞] 台股重要風向球!領先指標預告 進場甜蜜點到,23
2022/10/21,[情報] 1021 上市投信買賣超排行,14
2022/10/21,[新聞] 英特爾將啟動裁員計畫！11月細節出爐、規,36
2022/10/21,[請益] 請問美國一直升息 難道美聯儲不會破產?,38
2022/10/21,[新聞] 台股資金的新避風港 面板驅動IC與MLCC,13
2022/10/21,[新聞] 00919有航運股這ETF還能存嗎? 專家:該看的是選股邏輯,7
2022/10/21,Re: [標的] 台指 昨天創新低放空不對嗎？,15
2022/10/21,"[新聞] 國安基金澄清媒體報導虧損3,000多億元",70
2022/10/21,[創作] 再見股板,79
2022/10/21,[閒聊] 2022/10/21 盤後閒聊,100
2022/10/21,Re: [標的] 台指 昨天創新低放空不對嗎？,24
2022/10/21,"Re: [請益] 如果台海發生戰爭,股市是否就會停止運作?",3
2022/10/21,"Re: [請益] 如果台海發生戰爭,股市是否就會停止運作?",2
2022/10/21,[請益] 如果銀行公債爆倉 通常會怎麼運作???,14
2022/10/21,"Re: [請益] 如果台海發生戰爭,股市是否就會停止運作?",13
2022/10/21,Re: [新聞] 明年會更苦 中經院估GDP不保3,18
2022/10/21,"Re: [請益] 如果台海發生戰爭,股市是否就會停止運作?",17
2022/10/21,[標的] 台指 昨天創新低放空不對嗎？,15
2022/10/21,[新聞] 萬三都不保的台股更該貪婪買進？ 給存股,15
2022/10/21,[標的] 美時底部支撐多,8
2022/10/21,"Re: [請益] 如果台海發生戰爭,股市是否就會停止",0
2022/10/21,"Re: [請益] 如果台海發生戰爭,股市是否就會停止運作?",10
2022/10/21,"Re: [請益] 如果台海發生戰爭,股市是否就會停止運作?",53
2022/10/21,"Re: [請益] 如果台海發生戰爭,股市是否就會停止運作?",17
2022/10/21,"Re: [請益] 如果台海發生戰爭,股市是否就會停止運作?",0
2022/10/21,"Re: [請益] 如果台海發生戰爭,股市是否就會停止運作?",20
2022/10/21,"Re: [請益] 如果台海發生戰爭,股市是否就會停止運作?",21
2022/10/21,Re: [情報] 0056將於12月新增成分股檔數為50檔,13
2022/10/21,[閒聊] 2022/10/21 盤中閒聊,100
2022/10/21,[新聞] 近13年半最慘 大陸對台下單蒸發44億美元,99
2022/10/21,[新聞] 明年會更苦 中經院估GDP不保3,71
2022/10/21,Re: [新聞] 馬斯克證實恢復 Twitter 收購案：儘管買貴但感到興奮,37
2022/10/21,[標的] SNAP.US 財報:窩就爛,22
2022/10/21,[新聞] Fed兩官員接連鷹派發言 估今年利率將遠高,42
2022/10/21,[標的] 9908.TW 大台北 吞得下嗎,16
2022/10/21,Re: [請益] 指數投資派常說主動投資一定輸,16
2022/10/21,Re: [請益] 為什麼股版好像比較看不起存股？,0
2022/10/21,[新聞] 巴克萊:Fed可能不得不在明年放慢或停止縮,37
2022/10/20,[標的]  大盤多,100
2022/10/20,Re: [請益] 為什麼升息縮表還有人想做多,8
2022/10/20,[新聞] 前財長劉憶如:為了阻貶大幅升息 恐賠上國家景氣復甦,69
2022/10/20,[情報] 10/20全市場當沖虧損最多的股票,33
2022/10/20,[心得] 盤後資料整理(Excel格式),3
2022/10/20,[情報] 111年10月20日信用交易統計,19
2022/10/20,[新聞] 台股近日殺聲隆隆 謝金河：總統問,26
2022/10/20,Re: [情報] 2882國泰金擬辦理111年現金增資發行新股,33
2022/10/20,[新聞] 10月電視面板報價 全尺寸平均上漲1美元,28
2022/10/20,[新聞] 新手臉綠了 00878從18元跌到15元 分析師1張圖曝下跌真相,27
2022/10/20,[新聞] 美鋁財報意外虧損 暗示全球經濟將有更多,28
2022/10/20,Re: [新聞] 國安基金出手？台股強拉尾盤 操盤手,7
2022/10/20,[情報] 1020 上市櫃外資投信同買排行,0
2022/10/20,[新聞] 海運、陸運通通押！中環再公告敲進萬張台灣高鐵,11
2022/10/20,[情報] 1020 上市櫃外資投信買超金額埋行,0
2022/10/20,[請益] 快40歲才開始打算存股的建議配置,53
2022/10/20,[新聞] 國安基金出手？台股強拉尾盤 操盤手回應,43
2022/10/20,Re: [標的] 喬山1736多,8
2022/10/20,[新聞] 限空令奏效了！金管會曝2大數字明顯成效,8
2022/10/20,[新聞] 不敵全球通膨、升息 外銷訂單9月又翻黑,9
2022/10/20,[新聞] 郭哲榮：台積電跌破400元 就是高層惹的,20
2022/10/20,[新聞] 金管會公布 五家期貨商明年有望多發股票股利,11
2022/10/20,[心得] Fed研究：美股、企業獲利長期將大幅下降,80
2022/10/20,[新聞] 三星擴大日本晶圓代工業務，召開說明會展,15
2022/10/20,[情報] 1020八大公股銀行買賣超排行,9
2022/10/20,[情報] 2323中環取得有價證券 搭高鐵囉!!!,25
2022/10/20,[情報] 0056將於12月新增成分股檔數為50檔,26
2022/10/20,[新聞] 三星增加非記憶體產品外包聯電，力積電、,13
2022/10/20,[新聞] 馬斯克證實恢復 Twitter 收購案：儘管買貴但感到興奮,4
2022/10/20,[新聞] 通膨風暴自行車產業也慘？業者：非全部衰,25
2022/10/20,[情報] 2882國泰金擬辦理111年現金增資發行新股,88
2022/10/20,[新聞] 台股近日殺聲隆隆 蔡總統關切,51
2022/10/20,[標的] 喬山1736多,13
2022/10/20,[新聞] 新台幣收盤32.11元續刷近6年新低 學者揭,42
2022/10/20,Re: [請益] 指數投資派常說主動投資一定輸,10
2022/10/20,[情報] 1020 上市外資買賣超排行,55
2022/10/20,[新聞] 日經：白宮擬與台灣聯手生產武器 已展開,100
2022/10/20,[新聞] 32.5 台幣下個關卡,68
2022/10/20,[新聞] 全球貨運旺季不旺 雖「長鞭效應」所致 卻,6
2022/10/20,[新聞] 大手筆！台積電總裁魏哲家設質1600張股票,100
2022/10/20,Re: [請益] 指數投資派常說主動投資一定輸,64
2022/10/20,[創作]套慕蓉-一棵開花的樹,16
2022/10/20,[問卷] 複委託投資行為研究問卷（抽禮券）,50
2022/10/20,[情報] 美元兌日元觸及150,23
2022/10/20,[新聞] 「台股演了一整天！」尾盤爆量直線噴漲，,12
2022/10/20,[情報] 111年10月20日 櫃買法人買賣金額統計表,14
2022/10/20,[創作] 鬼迷心竅（改編自李宗盛）,22
2022/10/20,Re: [新聞] 苦了！景氣到明年都「非常悲觀」 學者示,7
2022/10/20,[新聞] 保護效益報告「品質不好」！高端恐失EUA,50
2022/10/20,[情報] 1020 上市投信買賣超排行,21
2022/10/20,[情報] 111年10月20日 三大法人買賣金額統計表,100
2022/10/20,[新聞] 台積電跌到386元「骨折還有更骨折價」,47
2022/10/20,"[情報] 3228金麗科 8,9月自結共-0.19 Q3 -0.2",27
2022/10/20,[新聞] 政府不忍了？護盤使者狠砸45億元吃進台積,51
2022/10/20,[新聞] 苦了！景氣到明年都「非常悲觀」 學者示,15
2022/10/20,Re: [請益] 為什麼股版好像比較看不起存股？,24
2022/10/20,[創作]兒時記趣,87
2022/10/20,[閒聊] 2022/10/20 盤後閒聊,92
2022/10/20,[新聞] 台積電也躲不過訂單冰風暴 危機再燒一年,52
2022/10/20,[新聞] 3大法人瘋存股！搶買聯電、長榮、中鋼、,20
2022/10/20,Re: [新聞] 人幣重貶 陸資本出走 民眾似悄搬452億美,24
2022/10/20,Re: [新聞] iPhone 14 Plus砍單幅度達4成　蘋果力守,15
2022/10/20,[新聞] 情有獨鍾　中環子公司中嘉買進陽明4996張,39
2022/10/20,Re: [請益] 指數投資派常說主動投資一定輸,33
2022/10/20,[標的] 1521大億,13
2022/10/20,[新聞] 退撫基金今年大虧 考試院：明年度收益目標,25
2022/10/20,[新聞] 美房貸利率飆 專家：CRT瀉 如憂2008年風,44
2022/10/20,[新聞] 黃天牧接受彭博專訪：有信心外資終將回流,0
2022/10/20,[新聞] 信心喊話 政院：國際短期影響 基本面仍好,38
2022/10/20,[新聞] 台股再破底 逾半散戶認為未來半年繼續跌,39
2022/10/20,[心得] 台幣匯率/股市/美台利差,48
2022/10/20,Re: [新聞] iPhone 14 Plus砍單幅度達4成　蘋果力守,27
2022/10/20,Re: [新聞] 美國要求芯片大廠交出機密數據：三星台積,16
2022/10/20,[新聞] iPhone 14 Plus砍單幅度達4成　蘋果力守,57
2022/10/20,[標的]  2412中華電,62
2022/10/20,[新聞] 欣耀脂肪肝炎新藥二期臨床結果,22
2022/10/20,[新聞] 小資女出社會2年「存到第一桶金」！曝存,-10
2022/10/20,[標的] 2330 台積電 創高要幾年 討論,100
2022/10/20,Re: [請益] 為什麼股版好像比較看不起存股？,16
2022/10/20,Re: [請益] 為什麼股版好像比較看不起存股？,14
2022/10/20,[新聞] 台積電再破底殺至388元　指數跌逾250點回,81
2022/10/20,[閒聊] 2022/10/20 盤中閒聊,100
2022/10/20,Re: [新聞] 0056配息創歷年新高！現在還能買？施昇輝,12
2022/10/20,[新聞] 年底百里侯選戰逼近　台股探底段存股迎,31
2022/10/20,Re: [情報] Tesla 第三季財報低於預期,50
2022/10/20,Re: [請益] 指數投資派常說主動投資一定輸,80
2022/10/20,[情報] Tesla 第三季財報低於預期,52
2022/10/20,[新聞] 明年新造貨櫃船增8.2% 長榮與萬海都有逾,37
2022/10/20,Re: [新聞] 0056配息創歷年新高！現在還能買？施昇輝,0
2022/10/20,Re: [請益] 為什麼股版好像比較看不起存股？,23
2022/10/20,[新聞] 美債曲線倒掛加劇 利差上看100個基點,15
2022/10/20,[新聞] 遠東銀行法說 揭目標2026年登資產兆元俱,10
2022/10/19,[新聞] 歐元區9月CPI終值僅微幅下修 ECB升息3碼,8
2022/10/19,[新聞] 野村 大摩一致看好：亞洲股市幾周內將觸底,67
2022/10/19,[標的] 9955佳龍 俄核飛彈威脅 多,27
2022/10/19,Re: [新聞] 台積電補助員工買股 全部住套房,0
2022/10/19,Re: [新聞] 台積電補助員工買股 全部住套房,3
2022/10/19,Re: [新聞] 台積電補助員工買股 全部住套房,22
2022/10/19,[情報] 10/19全市場當沖虧損最多的股票,8
2022/10/19,[新聞] 不只一台小牛！Joeman嘴硬「不賣台積電」,62
2022/10/19,[新聞] 國泰台灣5G+等五檔台股ETF成分股調整一次看,21
2022/10/19,Re: [新聞] 台積電補助員工買股 全部住套房,9
2022/10/19,[心得] 盤後資料整理(Excel格式),2
2022/10/19,[新聞] 人幣重貶 陸資本出走 民眾似悄搬452億美,30
2022/10/19,[情報] 111年10月19日信用交易統計,25
2022/10/19,[新聞] 0056除息日爆史上最大成交量！逾17萬張,35
2022/10/19,[新聞] WSJ：傳台積電考慮擴大在日本的產能 降低,100
2022/10/19,[新聞] 導入彩色電子紙 元太受惠大,43
2022/10/19,[新聞] 台積電補助員工買股 全部住套房,59
2022/10/19,Re: [新聞] 楊金龍：新台幣貶受股市影響 非利差因素,12
2022/10/19,Re: [請益] 為什麼股版好像比較看不起存股？,24
2022/10/19,[新聞] 宏碁陳俊聖：在台灣痛苦感受不大「但最糟,76
2022/10/19,[新聞] 元大集團馬志玲辭世 第二代接班掌舵已定,26
2022/10/19,Re: [心得] 講解 美國財政部買回公債計畫,2
2022/10/19,[情報] 1019八大公股銀行買賣超排行,10
2022/10/19,Re: [新聞] 高端認了！3聲明喊冤意外揭「唯一買主指,94
2022/10/19,Re: [請益] 為什麼股版好像比較看不起存股？,29
2022/10/19,[情報] 1019 上市櫃外資投信同買排行,4
2022/10/19,[情報] 對如興公司違反重大訊息規定，處以新台幣10,21
2022/10/19,[新聞]  睽違近6年新台幣再現32元,69
2022/10/19,[新聞] 證交所穩台股 四措施齊發,50
2022/10/19,Re: [請益] 為什麼股版好像比較看不起存股？,12
2022/10/19,Re: [請益] 為什麼股版好像比較看不起存股？,8
2022/10/19,Re: [新聞] 楊金龍：新台幣貶受股市影響 非利差,6
2022/10/19,[新聞] 高端認了！3聲明喊冤意外揭「唯一買主指,48
2022/10/19,Re: [新聞] 楊金龍：新台幣貶值受股市影響 絕非利差,0
2022/10/19,Re: [請益] 長期投資的人會出借股票嗎？,3
2022/10/19,Re: [新聞] 楊金龍：新台幣貶值受股市影響 絕非利差,14
2022/10/19,[情報] 1019 上市櫃外資投信買超金額排行,1
2022/10/19,Re: [新聞] 楊金龍：新台幣貶受股市影響 非利差因素,48
2022/10/19,[請益] 升息的投資建議,36
2022/10/19,[新聞]「那天，公司禁止所有人去中國出差」一份,36
2022/10/19,[情報] 111年10月19日 櫃買法人買賣金額統計表,2
2022/10/19,[請益] 長期投資的人會出借股票嗎？,48
2022/10/19,[情報] 1019 上市外資買賣超排行,56
2022/10/19,[新聞] 楊金龍：新台幣貶受股市影響 非利差因素,34
2022/10/19,[新聞] 劉德音：大家好好發展台灣半導體 大家放心,51
2022/10/19,[新聞] 英國9月通膨漲到10.1% 40年來最高,22
2022/10/19,[情報] 2867三商壽Q3自結 0.41,16
2022/10/19,Re: [心得] 講解 美國財政部買回公債計畫,0
2022/10/19,[新聞] 友達推太陽能板清潔機器人 拚明年下半年量產,37
2022/10/19,[新聞] 蘋果沒說的事…1圖看舊iPad系列也「漲爆,22
2022/10/19,[新聞] 中鴻 外銷報價調漲遇阻力,2
2022/10/19,Re: [心得] 講解 美國財政部買回公債計畫,4
2022/10/19,[新聞] 鈺齊-KY(9802)Q3雙率跳升 EPS 6.85元,33
2022/10/19,[新聞] 央行總裁楊金龍看台灣明年低成長低通膨,6
2022/10/19,[情報] 111年10月19日 三大法人買賣金額統計表,89
2022/10/19,Re: [心得] 我感覺很多人根本不懂定期定額,9
2022/10/19,[新聞] 黃崇仁:明年半導體沒那麼悲觀 頂多不成長,68
2022/10/19,[創作] 股市總司令-空軍版,57
2022/10/19,[情報] 1019 上市投信買賣超排行,41
2022/10/19,Re: [心得] 講解 美國財政部買回公債計畫,9
2022/10/19,[新聞] 德企寶馬集團在中國電池項目 傳將增資百,21
2022/10/19,[閒聊] 2022/10/19 盤後閒聊,83
2022/10/19,[新聞] 鴻海強攻電動車，和特斯拉招手,44
2022/10/19,[情報] ASML 2022第三季營收58億歐元,34
2022/10/19,Re: [新聞] 謝金河曝重量級大老將「All in台積電」！,9
2022/10/19,[新聞] 業內人士：大尺寸DDI需求跌勢趨緩 市況將,9
2022/10/19,[新聞] 謝金河曝重量級大老將「All in台積電」！,100
2022/10/19,[新聞]《電腦設備》宏碁ESG綠化全球 外資持股比,12
2022/10/19,Re: [新聞] 俄羅斯將試射核飛彈！中國凌晨突發「緊,5
2022/10/19,[新聞] 半導體雙雄 內外資喊買,18
2022/10/19,[新聞] 00878受益人突破70萬大關！法人: 劇烈波,32
2022/10/19,Re: [心得] 講解 美國財政部買回公債計畫,26
2022/10/19,Re: [心得] 講解 美國財政部買回公債計畫,9
2022/10/19,Re: [心得] 講解 美國財政部買回公債計畫,3
2022/10/19,Re: [新聞] 離開中芯後首度現身 蔣尚義：不會再回中,41
2022/10/19,Re: [心得] 講解 美國財政部買回公債計畫,2
2022/10/19,[新聞] 運價穩 慧洋、裕民受惠,12
2022/10/19,[新聞] 《台北股市》選戰催化劑 低接存股拚翻轉,2
2022/10/19,[新聞] 確保供給 大陸停止天然氣轉售歐洲,97
2022/10/19,[新聞] 英國央行證實啟動縮表 11月1日起出售公債,14
2022/10/19,[閒聊] 2022/10/19 盤中閒聊,100
2022/10/19,[新聞] 三利多 台股短線拚反彈,18
2022/10/19,[新聞] 〈財報〉Netflix訂閱會員止跌回升、估本,39
2022/10/19,[新聞] 離開中芯後首度現身 蔣尚義：不會再回中,97
2022/10/19,Re: [新聞] 美股道瓊大漲640點 企業財報強勁帶動,4
2022/10/19,Re: [心得] 講解 美國財政部買回公債計畫,93
2022/10/19,Re: [心得] 講解 美國財政部買回公債計畫,9
2022/10/19,Re: [心得] 講解 美國財政部買回公債計畫,59
2022/10/19,Re: [心得] 我感覺很多人根本不懂定期定額,18
2022/10/19,Re: [新聞] 美股道瓊大漲640點 企業財報強勁帶動,14
2022/10/18,Re: [請益] 這波修正 各位有抗跌神股嗎,15
2022/10/18,"[請益] 世芯3661, 創意3443打下來敢不敢買？",36
2022/10/18,[新聞] 美股道瓊大漲640點 企業財報強勁帶動,66
2022/10/18,Re: [心得] 我感覺很多人根本不懂定期定額,6
2022/10/18,[心得] 講解 美國財政部買回公債計畫,17
2022/10/18,[情報] 10/18全市場當沖虧損最多的股票,18
2022/10/18,Re: [心得] 我感覺很多人根本不懂定期定額,2
2022/10/18,[新聞] 股災賠掉「購屋自備款」！竹科新貴、年,45
2022/10/18,Re: [請益] 這波修正 各位有抗跌神股嗎 拓凱4536,9
2022/10/18,[心得] 盤後資料整理(Excel格式),3
2022/10/18,[情報] 111年10月18日信用交易統計,12
2022/10/18,Re: [新聞] 美債流動性不足 美國財政部可能加快實施,5
2022/10/18,[新聞] 證交所：持續辦理投資講座 提振台股量能,52
2022/10/18,Re: [心得] 我感覺很多人根本不懂定期定額,16
2022/10/18,Re: [標的] 2449.tw 京元電子  技術線型多,9
2022/10/18,Re: [心得] 我感覺很多人根本不懂定期定額,4
2022/10/18,Re: [請益] 這波修正 各位有抗跌神股嗎,14
2022/10/18,[新聞] 遭疑虧3000多億、被外資當韭菜割!國安基,40
2022/10/18,[新聞] 美債流動性不足 美國財政部可能加快實施,71
2022/10/18,Re: [心得] 現在不分批進場？難道要等漲再買？,51
2022/10/18,Re: [請益] 這波修正 各位有抗跌神股嗎,8
2022/10/18,[情報] 1018八大公股銀行買賣超排行,8
2022/10/18,Re: [新聞] 墨比爾斯示警 美利率恐飆至9% 把資金放台,8
2022/10/18,[新聞] 生華科前總座涉內線交易 退休影響股價,9
2022/10/18,Re: [心得] 我感覺很多人根本不懂定期定額,6
2022/10/18,Re: [心得] 我感覺很多人根本不懂定期定額,5
2022/10/18,[情報] 1018 上市櫃外資投信同買排行,1
2022/10/18,Re: [新聞] 數據：美國經濟未來12個月衰退機率已達10,17
2022/10/18,[情報] 1018 上市櫃外資投信買超金額排行,1
2022/10/18,Re: [心得] 我感覺很多人根本不懂定期定額,11
2022/10/18,Re: [心得] 我感覺很多人根本不懂定期定額,2
2022/10/18,[新聞] 數據：美國經濟未來12個月衰退機率已達10,78
2022/10/18,Re: [請益] 明知會虧損為何還進場？,16
2022/10/18,[心得] 給股市小白的操作淺見,8
2022/10/18,Re: [心得] 我感覺很多人根本不懂定期定額,19
2022/10/18,Re: [新聞] BoE set to further delay quantita,53
2022/10/18,[情報] 1018 上市外資買賣超排行,50
2022/10/18,Re: [心得] 我感覺很多人根本不懂定期定額,7
2022/10/18,Re: [請益] 這波修正 各位有抗跌神股嗎,16
2022/10/18,Re: [心得] 我感覺很多人根本不懂定期定額,4
2022/10/18,Re: [心得] 我感覺很多人根本不懂定期定額,8
2022/10/18,Re: [新聞] 英減稅計畫引發熱議 拜登:並非只有我,6
2022/10/18,[情報] 3443創意 2022/Q3自結7.9，2022/09 4.62,35
2022/10/18,[心得] 定期定額到底是不是話術,28
2022/10/18,[情報] 111年10月18日 櫃買法人買賣金額統計表,12
2022/10/18,Re: [標的] 2845遠東銀 怎麼一直跌,13
2022/10/18,[情報] 111年10月18日 三大法人買賣金額統計表,100
2022/10/18,[情報] 1018 上市投信買賣超排行,35
2022/10/18,[創作] 模仿空頭的嘎偉老蘇,19
2022/10/18,[新聞] 群益00919獲准成立 募集逾30億,29
2022/10/18,[心得] 我感覺很多人根本不懂定期定額,100
2022/10/18,[閒聊] 2022/10/18 盤後閒聊,92
2022/10/18,[標的] 2845遠東銀 怎麼一直跌,69
2022/10/18,Re: [新聞] 墨比爾斯示警 美利率恐飆至9% 把資金放台,11
2022/10/18,[新聞] 美股反彈 法人：台股拚順勢開高站上萬三,7
2022/10/18,[新聞] 美晶片管制影響台積電？王美花回應,18
2022/10/18,[新聞] BoE set to further delay quantitative,16
2022/10/18,[新聞] 習近平強調安全甚於經濟 權力不受成長遲,44
2022/10/18,[新聞] IC設計廠度小月 凍結人事,25
2022/10/18,[標的] 2915 潤泰全 請益,10
2022/10/18,[標的] 0050正2 的溢價與流動性風險,57
2022/10/18,[請益] 板上做單的高手，都看幾分k的呀？,41
2022/10/18,Re: [請益] 為什麼升息縮表還有人想做多,6
2022/10/18,Re: [請益] cpi用年增率評估是否代表未來下降機率高?,3
2022/10/18,[請益] cpi用年增率評估是否代表未來下降機率高?,20
2022/10/18,Re: [請益] 為什麼升息縮表還有人想做多,7
2022/10/18,[新聞] 墨比爾斯示警 美利率恐飆至9% 把資金放台,72
2022/10/18,[標的] 這波修正 各位有抗跌神股嗎,100
2022/10/18,[新聞] 勞退賠3204億 蘇貞昌：也不是虧那麼多,42
2022/10/18,Re: [請益] 為什麼升息縮表還有人想做多,7
2022/10/18,[新聞] 郭台銘親駕Model B登場 看好電動車產業三特性,39
2022/10/18,Re: [請益] 為什麼升息縮表還有人想做多,7
2022/10/18,[新聞] 美元明年可能繼續走強 高盛說市場忽略三,13
2022/10/18,[請益] 為什麼升息縮表還有人想做多,26
2022/10/18,[情報] 現場直播／鴻海科技日Hon Hai Tech Day,31
2022/10/18,[新聞] 看圖論市：恒生指數跌穿逾三十年支撐線,60
2022/10/18,[新聞] 大立光斥資6億元投資三實科技 取得75%股,20
2022/10/18,[新聞] 250萬卡友飛了！國泰世華哭哭 北富銀搶下,100
2022/10/18,[閒聊] 2022/10/18盤中閒聊,100
2022/10/18,[新聞] 科技股定期定額戶數下滑,23
2022/10/18,[新聞] 長約護體 環球晶Q4產能滿載,49
2022/10/17,[新聞] 股市課程2天竟花十萬！黃少谷親曝「慘痛,93
2022/10/17,[新聞] 台股修正別太悲觀 吳東亮：台積電哪有這,83
2022/10/17,[情報] 3289宜特 Q3 2.28,9
2022/10/17,[新聞] 摩通大砍四大壽險金控目標價,43
2022/10/17,[新聞] 憂影響二十大氣氛？陸無預警延後公布Q3 G,26
2022/10/17,[新聞] 戴蒙：Fed要壓低通膨 恐須升息到7%,73
2022/10/17,[心得] 盤後資料整理(Excel格式),4
2022/10/17,[標的]6695 芯鼎 蜜月行情多,5
2022/10/17,[情報] 10/17全市場當沖虧損最多的股票,20
2022/10/17,[新聞] 快訊／美股開盤道瓊「暴漲500點」第三季,100
2022/10/17,[新聞] 航空股愈跌愈買！法人示警「類台積電」,15
2022/10/17,[情報] 111年10月17日信用交易統計,20
2022/10/17,[新聞] 外資海空運不同調 大賣長榮 反買航空雙雄,5
2022/10/17,[新聞] 歐盟、東協簽署全球首個區對區航空協定,4
2022/10/17,[情報] 1017 上市櫃外資投信同買排行,2
2022/10/17,[新聞] 營建股 Q4業績大躍進,26
2022/10/17,[情報] 2023燁輝 決議買回庫藏股_上限3萬張,22
2022/10/17,[情報] 1017 上市櫃外資投信買超金額排行,2
2022/10/17,[新聞] 大立光斥資6億元投資三實科技 取得75%,13
2022/10/17,Re: [新聞] 二十大後終結「清零」政策幻想破滅 上海,61
2022/10/17,[新聞] 長榮總座謝惠全 被海運耽誤的詩人,41
2022/10/17,Re: [新聞] 二十大後終結「清零」政策幻想破滅 上海,7
2022/10/17,[情報] 1017八大公股銀行買賣超排行,14
2022/10/17,[新聞] 特斯拉股價已從歷史高點腰斬 市值蒸發641,52
2022/10/17,[新聞] 運價連17跌 長榮早盤重挫至跌停,64
2022/10/17,Re: [心得] 這次比2008年嚴重多了吧,28
2022/10/17,[新聞] 台股狂跌延燒到房市！最大受災戶曝光：自,99
2022/10/17,Re: [新聞] 二十大後終結「清零」政策幻想破滅 上海,26
2022/10/17,[新聞] 挽救股市跌勢，中國證監會鼓勵企業回購,11
2022/10/17,[新聞] 台股下跌162點失守萬三 證交所信心喊話,67
2022/10/17,"[新聞] 勞動基金大虧逾3,200億元 許銘春：今年績",85
2022/10/17,[新聞] 電視面板 10月下旬全面漲,86
2022/10/17,Re: [新聞] 鄭州突宣布「生產經營活動」暫停！,21
2022/10/17,[情報] 台中銀辦理111年度現金增資,48
2022/10/17,Re: [心得] 最壞的時刻，也是最好的時刻,26
2022/10/17,[情報] 1017 上市外資買賣超排行,63
2022/10/17,[新聞] 賓士2022第三季銷售報告出爐 中國就佔了,41
2022/10/17,[新聞] 二十大後終結「清零」政策幻想破滅 上海,100
2022/10/17,Re: [請益] 退休金存股推薦,0
2022/10/17,Re: [其他] (禁止回覆至看板) 我被合一告了,100
2022/10/17,[創作] 空軍之歌,4
2022/10/17,[創作] 康康(康晉榮)-或許你是對的,5
2022/10/17,[新聞] 台股崩跌！吳東亮：還沒到谷底不悲觀、台,46
2022/10/17,Re: [心得] 這次比2008年嚴重多了吧,4
2022/10/17,[新聞] 鄭州突宣布「生產經營活動」暫停！,98
2022/10/17,[新聞] 台股再破萬三 三大法人同站賣方 聯手賣超,44
2022/10/17,Re: [心得] 這次比2008年嚴重多了吧,16
2022/10/17,[情報] 111年10月17日 三大法人買賣金額統計表,100
2022/10/17,[情報] 1017 上市投信買賣超排行,31
2022/10/17,Re: [心得] 這次比2008年嚴重多了吧,35
2022/10/17,[創作] 洗積積~ 洗積積~ 積積黑手洗~,5
2022/10/17,[閒聊] 2022/10/17 盤後閒聊,100
2022/10/17,[創作]  套牢,6
2022/10/17,[創作] 一人一半 俗女Part I,4
2022/10/17,[新聞] 電視面板市況落底訊號浮現 驅動IC廠股價,31
2022/10/17,Re: [心得] 這次比2008年嚴重多了吧,31
2022/10/17,Re: [請益] 為何台灣不能升息 有何實際困難？(本串禁回),3
2022/10/17,Re: [請益] 為何台灣不能升息 有何實際困難？(本串禁回),63
2022/10/17,Re: [請益] 為何台灣不能升息 有何實際困難？(本串禁回),7
2022/10/17,Re: [請益] 為何台灣不能升息 有何實際困難？(本串禁回),19
2022/10/17,Re: [請益] 為何台灣不能升息 有何實際困難？(本串禁回),6
2022/10/17,Re: [請益] 為何台灣不能升息 有何實際困難？(本串禁回),3
2022/10/17,Re: [請益] 為何台灣不能升息 有何實際困難？(本串禁回),36
2022/10/17,Re: [請益] 為何台灣不能升息 有何實際困難？(本串禁回),19
2022/10/17,"[新聞] 美股""失落十年""機率降 年化總報酬達8%",13
2022/10/17,[新聞] 電子股又綠了 台積電掀400元保衛戰,27
2022/10/17,[新聞] 血汗錢沒了！勞動基金虧損恐破兆 勞長許,99
2022/10/17,Re: [請益] 為何台灣不能升息 有何實際困難？(本串禁回),10
2022/10/17,Re: [請益] 為何台灣不能升息 有何實際困難？(本串禁回),84
2022/10/17,Re: [請益] 為何台灣不能升息 有何實際困難？(本串禁回),3
2022/10/17,Re: [請益] 為何台灣不能升息 有何實際困難？(本串禁回),5
2022/10/17,Re: [請益] 為何台灣不能升息 有何實際困難？(本串禁回),22
2022/10/17,Re: [請益] 退休金存股推薦,7
2022/10/17,Re: [請益] 為何台灣不能升息 有何實際困難？(本串禁回),32
2022/10/17,[標的] 2603 長榮,100
2022/10/17,Re: [標的] 2603 長榮 航運體質有變嗎？,9
2022/10/17,Re: [請益] 退休金存股推薦,1
2022/10/17,[新聞] 鷹浪太強 台幣貶破32元創五年九個月新低,94
2022/10/17,[新聞] 台積電熊本廠現場照曝光!日經濟產業大臣:,59
2022/10/17,Re: [請益] 退休金存股推薦,14
2022/10/17,Re: [請益] 台灣有什麼公司會寫信給股東嗎?,2
2022/10/17,[請益] 為何台灣不能升息 有何實際困難？(本串禁回),98
2022/10/17,[請益] 台灣有什麼公司會寫信給股東嗎?,8
2022/10/17,[標的] 2603 長榮 航運體質有變嗎？,46
2022/10/17,[新聞] 台幣年底前難逆轉 32元恐成新常態,88
2022/10/17,Re: [請益] 退休金存股推薦,26
2022/10/17,[創作]口袋APP定期不定額功能 送LINE POINTS,100
2022/10/17,[新聞] 美經濟前景 CEO憂陷衰退,14
2022/10/17,[標的] 大家覺得瑞昱(2379)的股價有被市場低估嗎,2
2022/10/17,Re: [心得] 最壞的時刻，也是最好的時刻,14
2022/10/17,[閒聊] 2022/10/17 盤中閒聊,100
2022/10/17,Re: [心得] 最壞的時刻，也是最好的時刻,7
2022/10/17,[請益] 請問有股市分析好用的app或網頁嗎？,12
2022/10/17,Re: [新聞] 台股今面臨萬三保衛戰!國安基金持續緊盯,12
2022/10/17,[新聞] 開計程車養家！五月天師弟「噴10萬買炒,48
2022/10/17,[新聞] 公股行庫護盤前十強 出列,12
2022/10/17,[新聞] 台股今面臨萬三保衛戰!國安基金持續緊盯,45
2022/10/17,Re: [心得] 這次比2008年嚴重多了吧,9
2022/10/17,Re: [請益] 退休金存股推薦,21
2022/10/17,[新聞] 特斯拉Q3盈餘看增26%,11
2022/10/17,[請益] 退休金存股推薦,85
2022/10/17,[心得] 最壞的時刻，也是最好的時刻,100
2022/10/17,Re: [心得] 這次比2008年嚴重多了吧,33
2022/10/16,[新聞] 五名師預測 上市櫃Q3賺1兆,16
2022/10/16,[新聞] 瑞信填補缺口 欲出售本土銀行持股,29
2022/10/16,Re: [新聞] Fed鷹王支持12月升息3碼 但終端利率無需更高,30
2022/10/16,[標的] 夏都2722 多,44
2022/10/16,[新聞] 歷年Q4勝率高 可分批低接,48
2022/10/16,[創作] 你知不知道什麼是QE…？,12
2022/10/16,[新聞] 歐洲含淚吞下去！美國天然氣1船狂削30億,99
2022/10/16,[標的] 2727 王品 多,35
2022/10/16,Re: [心得] 這次比2008年嚴重多了吧,65
2022/10/16,Re: [心得] 這次比2008年嚴重多了吧,27
2022/10/16,[新聞] 捍衛強勢美元 拜登：經濟惡化是各國失策,100
2022/10/16,[新聞] 週一守住萬三？ 專家：美股若續跌台股恐,9
2022/10/16,Re: [心得] 這次比2008年嚴重多了吧,86
2022/10/16,[新聞] 台股萬三剉咧等 國安基金以巴菲特名言鎮,98
2022/10/16,Re: [心得] 這次比2008年嚴重多了吧,46
2022/10/16,[新聞] 動態清零造成長期傷害！彭博經濟學家：,73
2022/10/16,Re: [新聞] 無懼跌破400、法說利空！台積電股東,4
2022/10/16,[新聞] 投資新貴給力 紅酒指數比股市好,8
2022/10/16,Re: [新聞] 無懼跌破400、法說利空！台積電股東,44
2022/10/16,[新聞] 日銀總裁重申維持貨幣寬鬆：日本經濟水,100
2022/10/16,Re: [心得] 這次比2008年嚴重多了吧,19
2022/10/16,Re: [新聞] 無懼跌破400、法說利空！台積電股東達147,0
2022/10/16,Re: [新聞]美頒晶片禁令恐第一步 PCB、伺服器恐為下,11
2022/10/16,[心得] 這次比2008年嚴重多了吧,96
2022/10/16,Re: [心得] 有趣的大師，三個月內對台積電的態度,17
2022/10/16,[心得] 有趣的大師，三個月內對台積電的態度,51
2022/10/16,[新聞] 無懼跌破400、法說利空！台積電股東達147,66
2022/10/16,[新聞] 借錢搶買台積電等反彈好聰明？投顧老董,31
2022/10/16,[新聞]美頒晶片禁令恐第一步 PCB、伺服器恐為下,60
2022/10/16,[新聞]英國債市危機恐是微震 桑默斯：預警,11
2022/10/16,[新聞] 運價雪崩 航運公司大規模停航盼止跌,53
2022/10/16,Re: [情報] 日本經濟爛掉到底誰的錯?,0
2022/10/16,[請益] 方舟投資稱Ai產業將大於網路通訊六倍！,19
2022/10/16,[新聞] 二十大助攻 鋼市迎轉機？中鋼翁朝棟解析,11
2022/10/16,Re: [新聞] CNN：Fed正在輸掉抗通膨戰爭,8
2022/10/16,[新聞] 英減稅計畫引發熱議 拜登:並非只有我認為這是錯誤的,40
2022/10/16,Re: [心得] 10月美股財報季行事曆(更新,5
2022/10/16,[新聞] 投顧:總經、產業均偏空 本週台股遇反彈宜減碼,5
2022/10/16,Re: [標的] 大盤抄底 10年線10958 15年9787 20年,7
2022/10/16,[標的] 大盤抄底 10年線10958 15年9787 20年8917,56
2022/10/16,Re: [新聞] 小摩CEO：英退休基金瀕臨崩潰 未來還有,39
2022/10/16,[新聞] 航海王慘了?本土法人最新預估「貨櫃三雄,48
2022/10/16,[新聞] 邊境開放利多出盡 航空雙雄單周挫逾16%,21
2022/10/16,[新聞] 疫情後人力挑戰 虎航取消部分日本航線,3
2022/10/16,[新聞] 華信航空明年3月有望開航「台北飛馬祖」,8
2022/10/16,[新聞] 買的是信仰！星宇股東數半個月暴增25倍,17
2022/10/16,Re: [新聞] CNN：Fed正在輸掉抗通膨戰爭,15
2022/10/16,Re: [請益] 怎麼知道自己是還沒成功還是不適合投資,15
2022/10/16,Re: [情報] 日本經濟爛掉到底誰的錯?,44
2022/10/16,Re: [請益] 如果發生核戰如何以最快速度避險,37
2022/10/16,Re: [情報] 日本經濟爛掉到底誰的錯?,9
2022/10/16,Re: [情報] 日本經濟爛掉到底誰的錯?,8
2022/10/15,[請益] 如果發生核戰如何以最快速度避險,100
2022/10/15,[新聞] Fed鷹王支持12月升息3碼 但終端利率無需更高,62
2022/10/15,Re: [新聞] 電視面板亮觸底訊號 這些驅動IC供應鏈樂,14
2022/10/15,[新聞] 悲觀情緒濃厚！華爾街CEO看衰美國經濟,32
2022/10/15,Re: [新聞] CNN：Fed正在輸掉抗通膨戰爭,99
2022/10/15,Re: [情報] 日本經濟爛掉到底誰的錯?,13
2022/10/15,[新聞] 美財政部評估交易商買回公債 向市場挹注流動性,76
2022/10/15,[新聞] 光學龍頭廠啟動接班，新總座黃有執是誰？,12
2022/10/15,Re: [新聞] 台積電破400元還有百元下跌空間？,74
2022/10/15,[新聞] 日本沖繩現撈海鮮將搭上華航復飛的班機,23
2022/10/15,[新聞] 國境解封首日 法蘭克福直飛台北班機載客,9
2022/10/15,Re: [心得] 愛榭克：美股將再無低點 把握最後九月,14
2022/10/15,[新聞] 旅日先緩緩！「日機場量能不足」航班狂砍,17
2022/10/15,[標的] 2884.TW 玉山金怎麼了,77
2022/10/15,Re: [情報] 日本經濟爛掉到底誰的錯?,20
2022/10/15,[新聞] 電視面板亮觸底訊號 這些驅動IC供應鏈樂,32
2022/10/15,Re: [新聞] 台積電破400元還有百元下跌空間？,6
2022/10/15,Re: [新聞]台積電破400元還有百元下跌空間？,50
2022/10/15,Re: [新聞] 台積電破400元還有百元下跌空間？,19
2022/10/15,[新聞] 台積電破400元還有百元下跌空間？,100
2022/10/15,[新聞] 投資大師羅傑斯：留下大量中國股票給子孫,88
2022/10/15,Re: [新聞] CNN：Fed正在輸掉抗通膨戰爭,25
2022/10/15,Re: [情報] 日本經濟爛掉到底誰的錯?,64
2022/10/15,Re: [新聞] CNN：Fed正在輸掉抗通膨戰爭,9
2022/10/15,[新聞] 小摩CEO：英退休基金瀕臨崩潰 未來還有,55
2022/10/15,Re: [新聞] CNN：Fed正在輸掉抗通膨戰爭,8
2022/10/15,[請益] 台股與外國股票該如何分配比例,8
2022/10/15,Re: [心得] 日本經濟爛掉到底誰的錯?,65
2022/10/15,Re: [請益] QQQ，SPY，VTI轉進TLT？,8
2022/10/15,[新聞] 中鋼開平盤 讓利客戶,73
2022/10/15,[情報] 10/17 ~ 10/21 世界經濟數據行事曆,10
2022/10/15,[新聞] 敦陽科、凌群獲利拚20年高峰,11
2022/10/15,[新聞] 工商社論》公股金融機構的問題與改革,16
2022/10/15,Re: [新聞] 美就半導體和積體電路 調查台積電、三星,38
2022/10/15,[新聞] Fed可能連兩月升3碼,100
2022/10/15,[新聞] CNN：Fed正在輸掉抗通膨戰爭,100
2022/10/15,Re: [情報] 兩年期美債殖利率4.5%,9
2022/10/15,[新聞] 大漲後又走跌！道瓊重挫逾400點 台積電A,98
2022/10/15,[情報] 日本經濟爛掉到底誰的錯?,99
2022/10/15,Re: [情報] 兩年期美債殖利率4.5%,8
2022/10/15,[新聞] 美升息衝擊台灣出口 主菜才剛上,6
2022/10/15,Re: [情報] 兩年期美債殖利率4.5%,39
2022/10/15,[新聞] 美國10月消費者通膨預期大幅攀升 Fed壓力,8
2022/10/15,[新聞] 傳特斯拉德國廠因技術問題 暫停電池生產,18
2022/10/15,[新聞] 美就半導體和積體電路 調查台積電、三星,71
2022/10/15,Re: [情報] 兩年期美債殖利率4.5%,11
2022/10/15,[請益] QQQ，SPY，VTI轉進TLT？,35
2022/10/15,[新聞] 道指跌403點 全周升逾1%,20
2022/10/15,[新聞] 英財政大臣夸騰遭解職 前外交大臣繼任,24
2022/10/15,Re: [情報] 兩年期美債殖利率4.5%,0
2022/10/15,[情報] 兩年期美債殖利率4.5%,78
2022/10/15,Re: [情報] IMF預估台灣今年人均gdp超越日本,48
2022/10/15,Re: [情報] IMF預估台灣今年人均gdp超越日本,0
2022/10/15,[創作] 月亮代表我的心,9
2022/10/15,Re: [情報] IMF預估台灣今年人均gdp超越日本,19
2022/10/15,Re: [新聞] 巴克萊上修Fed升息預估 利率恐升至5%以上,0
2022/10/15,[新聞] 他買完股票遺忘帳戶！15年被通知「盈利50,46
2022/10/15,[請益] 怎麼知道自己是還沒成功還是不適合投資,55
2022/10/15,Re: [新聞] 巴克萊上修Fed升息預估 利率恐升至5%以上,27
2022/10/14,[新聞] 馬斯克：SpaceX沒辦法無限期資助烏克蘭星,92
2022/10/14,[標的] nvda.us 英偉達 蘋果冰綠空？,8
2022/10/14,[新聞] 0056除權息該不該參加? 專家分析:高價進場者要忍痛認賠出場,21
2022/10/14,Re: [新聞] 普亭提出恢復歐洲天然氣供應 德國拒絕,46
2022/10/14,[心得] 盤後資料整理(Excel格式),6
2022/10/14,[情報] 10/14全市場當沖虧損最多的股票,22
2022/10/14,Re: [新聞] 普亭提出恢復歐洲天然氣供應 德國拒絕,18
2022/10/14,[情報] 111年10月14日信用交易統計,42
2022/10/14,[新聞] 普亭提出恢復歐洲天然氣供應 德國拒絕,100
2022/10/14,"Re: [標的] 納斯達克, 費半 以2008股災預測走勢",19
2022/10/14,[新聞] 拜登打貿易戰與川普何異？克魯曼：真強硬,31
2022/10/14,[新聞] 蘋果攜高盛推出高利率儲蓄帳戶，免管理費,25
2022/10/14,[情報] 8121越峰決議暫停111年現金增資相關作業,3
2022/10/14,[情報] 1014八大公股銀行買賣超排行,29
2022/10/14,[情報] 1014 上市櫃外資投信同買排行,1
2022/10/14,[新聞] 石化業惡化遠超預期 台塑四寶目標價全砍,71
2022/10/14,Re: [新聞] 2022金融生活調查 國人14%無儲蓄 近2成1,24
2022/10/14,[情報] 1014 上市櫃外資投信買超金額排行,0
2022/10/14,[新聞] 明年保守不悲觀！長榮總座用這首詩形容,49
2022/10/14,Re: [新聞] 長榮總座信心喊話！今年續創新高 明年轉,27
2022/10/14,Re: [情報] IMF預估台灣今年人均gdp超越日本,100
2022/10/14,[新聞] ABF載板需求有撐 明年仍看供不應求,77
2022/10/14,[公告] 水桶改判,0
2022/10/14,[請益] 現沖賣出借 利率訂多少出借機率最高,14
2022/10/14,[情報] 1014 上市外資買賣超排行,47
2022/10/14,[新聞] 2022金融生活調查 國人14%無儲蓄 近2成1,68
2022/10/14,[新聞] 長榮總座信心喊話！今年續創新高 明年轉,31
2022/10/14,[新聞] 巴克萊上修Fed升息預估 利率恐升至5%以上,42
2022/10/14,[新聞] 長榮總座嘆氣：下半年獲利逐季減少,64
2022/10/14,[情報] 111年10月13日 櫃買法人買賣金額統計表,11
2022/10/14,[情報] 111年10月14日 三大法人買賣金額統計表,99
2022/10/14,[情報] 1014 SCFI 1814.00 (-108.95) -5.6%,37
2022/10/14,[情報] 1014 上市投信買賣超排行,31
2022/10/14,[新聞] 摩根大通CEO：通膨續升恐將利率推升至4.5,24
2022/10/14,Re: [標的] 0056 元大高股息 現在還可以買嗎?,59
2022/10/14,[閒聊] 2022/10/14 盤後閒聊,94
2022/10/14,Re: [請益] 拜登的政策真的是對市場好嗎？,19
2022/10/14,Re: [情報] IMF預估台灣今年人均gdp超越日本,30
2022/10/14,Re: [情報] IMF預估台灣今年人均gdp超越日本,27
2022/10/14,[新聞] 道瓊盤中暴力拉升逾1500點 美股暴漲背後,42
2022/10/14,[新聞] 台積電高雄廠生變 魏哲家鬆口：7奈米廠將,100
2022/10/14,Re: [請益] 為什麼CPI高於預期 結果是大噴噴,15
2022/10/14,[標的] 0056 元大高股息 現在還可以買嗎?,79
2022/10/14,[公告] 簡易大處置,38
2022/10/14,Re: [情報] IMF預估台灣今年人均gdp超越日本,52
2022/10/14,Re: [新聞] 美9月CPI年增8.2%高於預期 Fed升息3碼成,26
2022/10/14,[新聞] 台積電暴跌！台南Josh血虧金額曝光,49
2022/10/14,Re: [新聞] 美9月CPI年增8.2%高於預期 Fed升息3碼成,12
2022/10/14,Re: [心得] 是不是要一張不賣奇蹟自來才對,19
2022/10/14,Re: [請益] 為什麼CPI高於預期 結果是大噴噴,7
2022/10/14,[請益] 選舉行情是不是來了？,30
2022/10/14,[心得] 是不是要一張不賣奇蹟自來才對,18
2022/10/14,Re: [請益] 為什麼CPI高於預期 結果是大噴噴,18
2022/10/14,Re: [請益] 為什麼CPI高於預期 結果是大噴噴,11
2022/10/14,[新聞] 台幣重貶 大立光匯兌收益大補,12
2022/10/14,[新聞] 美國9月核心通膨數據不降反升 分析師憂Fe,26
2022/10/14,[心得] 停損第一天就後悔了,100
2022/10/14,[新聞] 達美航空第3季營收創紀錄,9
2022/10/14,[閒聊] 2022/10/14 盤中閒聊,100
2022/10/14,Re: [新聞] 通膨未退燒 Fed將繼續大幅升息 甚至,2
2022/10/14,Re: [請益] 為什麼CPI高於預期 結果是大噴噴,0
2022/10/14,Re: [請益] 為什麼CPI高於預期 結果是大噴噴,5
2022/10/14,Re: [請益] 為什麼CPI高於預期 結果是大噴噴,8
2022/10/14,[新聞] 台股跌破萬三 追繳令將齊發,37
2022/10/14,Re: [請益] 為什麼CPI高於預期 結果是大噴噴,8
2022/10/14,[新聞] EIA報告抵消通脹影響，國際油價上漲,8
2022/10/14,[新聞] CPI似已見頂…美股道瓊下挫後急彈1500點,68
2022/10/14,Re: [請益] 為什麼CPI高於預期 結果是大噴噴,3
2022/10/14,Re: [請益] 為什麼CPI高於預期 結果是大噴噴,31
2022/10/14,Re: [心得] 通膨真的無解了嗎,16
2022/10/14,[新聞] 通膨未退燒 Fed將繼續大幅升息 甚至開始,25
2022/10/14,Re: [請益] 為什麼CPI高於預期 結果是大噴噴,9
2022/10/14,Re: [心得] 通膨真的無解了嗎,13
2022/10/14,Re: [請益] 為什麼CPI高於預期 結果是大噴噴,35
2022/10/14,Re: [心得] 通膨真的無解了嗎,3
2022/10/14,Re: [新聞] 〈台積電法說〉7奈米稼動率下滑影響至明,3
2022/10/13,[請益] 為什麼CPI高於預期 結果是大噴噴,100
2022/10/13,Re: [情報] IMF預估台灣今年人均gdp超越日本,59
2022/10/13,Re: [心得] 通膨真的無解了嗎,22
2022/10/13,Re: [心得] 通膨真的無解了嗎,14
2022/10/13,[新聞] 老公台積電買550元，老婆就該離婚嗎？郭,32
2022/10/13,[情報] 10/13全市場當沖虧損最多的股票,12
2022/10/13,Re: [心得] 通膨真的無解了嗎,17
2022/10/13,[新聞] 「還剩三天」 英國央行無意延長救市市場,11
2022/10/13,[新聞] 金管會修法防堵大股東干政 違者最重恐被拔董事代表!,16
2022/10/13,[心得] 華爾街給市場的＜制約反應＞,7
2022/10/13,Re: [心得] 通膨真的無解了嗎,3
2022/10/13,[新聞] 配息還要能填息! 大華銀台灣優選股利高填息30ETF自11/1開募,1
2022/10/13,Re: [新聞] 美國禁止其國民任職中國半導體廠  中國各,0
2022/10/13,Re: [新聞] 美9月CPI年增8.2%高於預期 Fed升息3碼成,17
2022/10/13,Re: [請益] Fed主席鮑爾是不是世界罪人,9
2022/10/13,Re: [請益] 12682等了30年 而這次18619要等多久???,70
2022/10/13,[心得] 盤後資料整理(Excel格式),3
2022/10/13,[新聞] 美上周初領失業金人數升至22.8萬 寫6周新,33
2022/10/13,Re: [請益] Fed主席鮑爾是不是世界罪人,22
2022/10/13,Re: [新聞] 美9月CPI年增8.2%高於預期 Fed升息3碼成,24
2022/10/13,[情報] 111年10月13日信用交易統計,58
2022/10/13,[標的] DWAC.US 川普TruthAPP登陸安卓而大漲35%,3
2022/10/13,Re: [請益] Fed主席鮑爾是不是世界罪人,19
2022/10/13,"[請益] 去年罵Fed錯估通膨,現在Fed就是對的?",38
2022/10/13,[情報] 美元對台幣匯率,66
2022/10/13,[新聞] 聯發科新武器 槓蘋果、高通,35
2022/10/13,Re: [新聞] 美國禁止其國民任職中國半導體廠  中國各,20
2022/10/13,[新聞] 美9月CPI年增8.2%高於預期 Fed升息3碼成,93
2022/10/13,Re: [請益] 晚點的cpi，是不是大家普遍看壞？,12
2022/10/13,Re: [新聞] 央行示警美元高利定存風險,56
2022/10/13,[心得] 橡樹資本&Tiger Global 2022 Q2持倉,4
2022/10/13,[公告] Stock 樂透開獎,16
2022/10/13,[情報] 美國9月CPI,100
2022/10/13,Re: [請益] 晚點的cpi，是不是大家普遍看壞？,14
2022/10/13,[新聞] 美重磅通膨數據今晚出爐 預估9月核心CPI,47
2022/10/13,[情報] 1013 上市櫃外資投信同買排行,0
2022/10/13,Re: [新聞] 台股若再繼續跌 證期局：最壞就是禁止放,6
2022/10/13,[新聞] 台股若再繼續跌 證期局：最壞就是禁止放,89
2022/10/13,[新聞] 防瑞信風暴 金管會：逾7成銀行停售相關,4
2022/10/13,[新聞] 砍比台積電凶！力積電資本支出大降逾4成,22
2022/10/13,[情報] 1013 上市櫃外資投信買超金額排行,1
2022/10/13,[新聞] 解封！點燃機票價格戰 這航線成殺盤焦點,0
2022/10/13,[新聞] 航空股慘跌 華航、長榮航：市場機制調整,9
2022/10/13,[新聞] 蘇揆對各部會下達「救市令」 經濟部這,42
2022/10/13,[新聞] 高票價恐回不去了 航空雙雄跳水,32
2022/10/13,[標的] 3088 艾訊 多,15
2022/10/13,[新聞] 〈力積電法說〉Q4營運續降溫 董座喊話本益比偏低,27
2022/10/13,[新聞] 美新禁令衝擊半導體股價大跌 業者:過度反,11
2022/10/13,[新聞] 美國禁止其國民任職中國半導體廠  中國各,100
2022/10/13,[情報] 1013八大公股銀行買賣超排行,21
2022/10/13,[請益]為啥餐飲業者會被分類為觀光股？,8
2022/10/13,Re: [請益] 晚點的cpi，是不是大家普遍看壞？,49
2022/10/13,[標的] 富邦分點這樣買彩晶是想幹嘛？,13
2022/10/13,[標的] 00653L台美股留給法人搞，來去印度,14
2022/10/13,[情報] 2867三商壽 補充現增價(5.2)及相關資訊,27
2022/10/13,Re: [請益] 印度阿三484要崩潰了,10
2022/10/13,Re: [新聞] 日本入境檢疫受阻？高端急發3聲明回擊！,22
2022/10/13,[情報] 1013 上市外資買賣超排行,62
2022/10/13,[心得] 台股沒有空頭問題，個股走自己的路,0
2022/10/13,Re: [新聞] 〈台積電法說〉7奈米稼動率下滑影響至明,52
2022/10/13,[情報] 力積電111年Q3自結損益 Q3單季EPS:1.61,32
2022/10/13,[新聞] 日本入境檢疫受阻？高端急發3聲明回擊！,-10
2022/10/13,[新聞] 再砍資本支出！台積電估今年降至360億元,61
2022/10/13,[請益] 1987股災為什麼香港最嚴重？,22
2022/10/13,Re: [情報] IMF預估台灣今年人均gdp超越日本,58
2022/10/13,[新聞] 〈台積電法說〉7奈米稼動率下滑影響至明,100
2022/10/13,[情報] 2330台積電2022年第四季的業績展望,71
2022/10/13,[請益] 拜登的政策真的是對市場好嗎？,32
2022/10/13,[新聞] 魏哲家：明年半導體產業恐陷衰退 台積電,45
2022/10/13,[情報] 111年10月13日 櫃買法人買賣金額統計表,24
2022/10/13,[新聞] 台積電跌破400！Joeman算命被勸「趕快賣,36
2022/10/13,[情報] 1013 上市投信買賣超排行,17
2022/10/13,[新聞] 航空雙雄利多出盡? 美銀凱基喊賣,14
2022/10/13,[情報] 111年10月13日 三大法人買賣金額統計表,100
2022/10/13,Re: [請益] 各位高手，請問這跌勢到幾點會觸底,6
2022/10/13,[新聞] 大立光Q3每股盈餘61.01元 創12季來新高,26
2022/10/13,Re: [標的] 2330台積電500以上空,4
2022/10/13,Re: [情報] IMF預估台灣今年人均gdp超越日本,8
2022/10/13,Re: [請益] 各位高手，請問這跌勢到幾點會觸底,6
2022/10/13,[情報] 陸行之整理半導體龍頭資本支出調整,13
2022/10/13,Re: [標的] 2330台積電500以上空,36
2022/10/13,[新聞] 台股跌破5年線 國安基金加碼？阮清華：進,23
2022/10/13,[標的] 3023.TW 信邦 大空頭中還能做多的題材?,18
2022/10/13,[新聞] 有填息才算賺！首檔「高填息ETF」 00918將於11月初募集,44
2022/10/13,[新聞] 群創楊柱祥：心境上覺得面板最壞的時刻過,44
2022/10/13,[閒聊] 2022/10/13 盤後閒聊,69
2022/10/13,Re: [心得] 關於進場台積的心態,22
2022/10/13,Re: [請益] 各位高手，請問這跌勢到幾點會觸底,6
2022/10/13,[新聞] 〈台積電法說〉Q3毛利率衝破6成 每股賺10.83元再創高略優預,60
2022/10/13,Re: [請益] 各位高手，請問這跌勢到幾點會觸底,15
2022/10/13,[情報] 2330台積電 Q3 EPS 10.83,100
2022/10/13,[新聞] 新制勞退慘賠 等績效好再領,92
2022/10/13,Re: [新聞] 國安基金成外資提款機？阮清華：不會空手,13
2022/10/13,Re: [新聞] 國安基金成外資提款機？阮清華：不會空手,8
2022/10/13,[新聞] 樂桃航空11/17起「台北-沖繩」天天飛！,38
2022/10/13,Re: [請益] 各位高手，請問這跌勢到幾點會觸底,59
2022/10/13,Re: [請益] 各位高手，請問這跌勢到幾點會觸底,36
2022/10/13,[新聞] 國安基金成外資提款機？阮清華：不會空手,71
2022/10/13,[新聞] 發戰爭財？美國天然氣一船賺超1億美元,100
2022/10/13,Re: [請益] 印度阿三484要崩潰了,25
2022/10/13,[新聞] 日美最嚴晶片禁令台積電獲1年豁免,100
2022/10/13,[新聞] 元太今年營收攻高/看增5成；電子紙標籤,24
2022/10/13,[請益] 表弟：好羨慕當初買美金儲蓄險的人...,73
2022/10/13,[心得] 股價終究會回到疫情前,21
2022/10/13,Re: [情報] IMF預估台灣今年人均gdp超越日本,0
2022/10/13,Re: [新聞] 晶片管制，台股崩跌，台積電逼近400元大,4
2022/10/13,Re: [新聞] 德媒：台積電擬在德國設廠 10月將派團考,0
2022/10/13,Re: [情報] IMF預估台灣今年人均gdp超越日本,41
2022/10/13,[標的] 振樺電8114,22
2022/10/13,[新聞] 國泰金 敲定在本季增資,50
2022/10/13,[新聞] 德媒：台積電擬在德國設廠 10月將派團考,71
2022/10/13,[新聞] 宏達電攜大咖 衝刺元宇宙,31
2022/10/13,[閒聊] 2022/10/13盤中閒聊,100
2022/10/13,Re: [情報] IMF預估台灣今年人均gdp超越日本,79
2022/10/13,Re: [新聞] 對中晶片出口管制 SK海力士、三星獲美豁,5
2022/10/13,[新聞] 股市不好 救市措施會更強,38
2022/10/13,Re: [心得] 愛榭克：美股將再無低點 把握最後九月,100
2022/10/13,Re: [情報] IMF預估台灣今年人均gdp超越日本,33
2022/10/13,Re: [情報] IMF預估台灣今年人均gdp超越日本,67
2022/10/13,Re: [新聞] 對中晶片出口管制 SK海力士、三星獲美豁,13
2022/10/13,[情報] IMF預估台灣今年人均gdp超越日本,100
2022/10/12,[公告] 10/12 處置公告＋樂透開設通知,14
2022/10/12,[新聞] 證交所:113年起申報各季財報 應先公告董事會日期,10
2022/10/12,Re: [請益] 先進製程的優勢是不是在幾年內就沒了,100
2022/10/12,[新聞] 台積電股價驚見3字頭，ADR三天崩逾1成是,19
2022/10/12,Re: [心得] 愛榭克：美股將再無低點 把握最後九月,16
2022/10/12,[預測] 預測明天美國CPI%數,100
2022/10/12,[情報] 10/12全市場當沖虧損最多的股票,20
2022/10/12,[心得] 盤後資料整理(Excel格式),3
2022/10/12,[新聞] 獨／貨櫃三雄明年股利會不會縮水 長榮,59
2022/10/12,[新聞] 證交所通過 復華投信標普500成長指數ETF標的指數資格認可,11
2022/10/12,[新聞] 美擬修訂規範讓外送員可能變正職 Uber股價瀉10%,23
2022/10/12,[新聞] 美國賣天然氣爆賺了！歐洲2大國慘被坑：,98
2022/10/12,[新聞] 宏達電 VIVERSE攜手阿聯酋集團打造元宇宙,28
2022/10/12,[情報] 111年10月12日信用交易統計,17
2022/10/12,[新聞] 台股收復萬三！ 國安基金操盤手認「中午,49
2022/10/12,[新聞] 達里歐警告：Fed將繼續升息 美國經濟經濟正面臨完美風暴,12
2022/10/12,[新聞] 美國9月PPI漲幅高於預期 通膨壓力將使Fed,37
2022/10/12,[新聞] 拜登坦言 美國經濟可能陷入衰退 但「非常,43
2022/10/12,[新聞] 「華爾街大亨」郭哲榮：政策作多、年線,61
2022/10/12,[新聞] 台積電買550「結婚基金梭哈了」 他完美計,44
2022/10/12,[新聞] 全球前十大金融「脆弱國」 亞洲有三國入,8
2022/10/12,[新聞] 航空客運Q4大有可為，拉高航班成關鍵,14
2022/10/12,[新聞] 華航Q3營收 今年單季最佳,7
2022/10/12,[新聞] 哈日、韓族有福了！華航增「100班」,18
2022/10/12,[新聞] 日本線大降價! 長榮降3~5千.華航彈性調整,31
2022/10/12,Re: [新聞] 陸股午後翻紅大反彈 分析:一股神秘力量,6
2022/10/12,"Re: [標的] 納斯達克, 費半 以2008股災預測走勢",11
2022/10/12,[情報] 1012八大公股銀行買賣超排行,8
2022/10/12,[新聞]美晶片禁令，聯電有望獲轉單,54
2022/10/12,[新聞] 金融資產重分類擴大至銀行業？黃天牧：,13
2022/10/12,[新聞] 凜冬降臨！半導體巨頭傳千人大裁員 專家,35
2022/10/12,[情報] 老爺知8月自結0.31元,9
2022/10/12,[新聞] 美再擴大晶片禁令 中國伺服器需求恐進入,12
2022/10/12,[新聞] 北極星同步啟動兩項腦癌臨床試驗,30
2022/10/12,[新聞] 陸股午後翻紅大反彈 分析:一股神秘力量,51
2022/10/12,[新聞] 〈金管會備詢〉黃天牧：四家壽險已要資,32
2022/10/12,[情報] 1012 上市櫃外資投信同買排行,5
2022/10/12,Re: [新聞] 【筆電庫存風暴】筆電業凜冬來襲 庫存風,12
2022/10/12,[情報] 1012 上市櫃外資投信買超金額排行,2
2022/10/12,Re: [新聞] 科磊傳明起停止對中國客戶的銷售與服務,22
2022/10/12,[新聞] Fed梅斯特：央行打通膨未見進展還需繼,80
2022/10/12,[情報]  6770 力積電　10/13 第三季法說會,41
2022/10/12,[新聞] 沙烏地聯手俄羅斯帶頭OPEC+減產 拜登警告,100
2022/10/12,Re: [新聞] 防下假單誤導開盤 明年3/20新增暫緩開盤措施,6
2022/10/12,Re: [請益] 印度阿三484要崛起惹,41
2022/10/12,Re: [新聞] 防下假單誤導開盤 明年3/20新增暫緩開盤措施,8
2022/10/12,[新聞] 外資尚有2000億美元在台 黃天牧：一半是,88
2022/10/12,[情報] 1012 上市外資買賣超排行,49
2022/10/12,[新聞] 對中晶片出口管制 SK海力士、三星獲美豁,31
2022/10/12,[新聞] 防下假單誤導開盤 明年3/20新增暫緩開盤措施,52
2022/10/12,[情報] 111年10月12日 櫃買法人買賣金額統計表,7
2022/10/12,[新聞] 亞股於早盤重挫後反攻 韓股因兩大公司豁,38
2022/10/12,[新聞] 中鋼9月營收創今年新低 翁朝棟：已有築底,19
2022/10/12,Re: [請益] 印度阿三484要崛起惹,3
2022/10/12,[情報] 111年10月12日 三大法人買賣金額統計表,100
2022/10/12,[情報] 1012 上市投信買賣超排行,33
2022/10/12,[新聞] 景氣調整「沒什麼了不起」！　徐旭東：下,63
2022/10/12,[新聞] 景氣擴張力道放緩 國泰金下修今年經濟成,6
2022/10/12,Re: [新聞] 科磊傳明起停止對中國客戶的銷售與服務,46
2022/10/12,[新聞] 美零工經濟者有望變雇員，Uber 股價瀉 10%,16
2022/10/12,[新聞] 景氣何時回溫？王文淵：油價下來通膨才會改善,4
2022/10/12,Re: [請益] 印度阿三484要崛起惹,6
2022/10/12,[新聞] 葉倫：全球經濟不穩 但美國做的很好,72
2022/10/12,Re: [新聞] 祖克柏3秀元宇宙自拍照「有腳了」,12
2022/10/12,[閒聊] 2022/10/12 盤後閒聊,87
2022/10/12,Re: [請益] 印度阿三484要崛起惹,7
2022/10/12,Re: [請益] 印度阿三484要崛起惹,26
2022/10/12,[新聞] 祖克柏3秀元宇宙自拍照「有腳了」,51
2022/10/12,[新聞] 經濟放緩 龔明鑫：景氣燈號不排除變黃藍,50
2022/10/12,[新聞] SK海力士與美完成協商 未來一年中國廠設,62
2022/10/12,[新聞] PC產業寒冬　外媒爆英特爾將大規模裁員數千人,10
2022/10/12,[請益] 國泰證券下單系統出現異常,37
2022/10/12,Re: [新聞] 【筆電庫存風暴】筆電業凜冬來襲 庫存風,10
2022/10/12,[新聞] 太熱門!藥華藥現增凍結465億元、中籤率1,13
2022/10/12,[新聞] 台積電被往死裡打？謝金河曝晶片戰台灣,23
2022/10/12,[情報] 6446藥華藥媒體報導說明,4
2022/10/12,[新聞] 違約仲裁／藥華藥獲「撤銷賠償」 AOP︰,28
2022/10/12,[新聞] 【筆電庫存風暴】筆電業凜冬來襲 庫存風,52
2022/10/12,[新聞] IMF上調2022台灣經濟成長至3.3% 通膨低於,100
2022/10/12,[新聞] 保時捷設計「中國標準」菜刀！一把1.1萬,49
2022/10/12,[新聞] 天上掉下的禮物砸死人！台積電跌破400,76
2022/10/12,Re: [新聞] 科磊傳明起停止對中國客戶的銷售與服,13
2022/10/12,Re: [新聞] 台股重挫、零股交頭熱 台積電盤中成交超,11
2022/10/12,[心得] 白銀美股+台股延畢文,33
2022/10/12,[新聞] 台塑四寶 Q3純益劇減九成,15
2022/10/12,[新聞] 韓國央行宣布升息2碼 三個月來第二度,100
2022/10/12,[新聞] 限制外資放空恐加速外流?黃天牧:是兩面刃,7
2022/10/12,[情報]  美籍高管受限 影響的中國半導體名單,33
2022/10/12,Re: [新聞] 谷月涵：不用急著進場台股,28
2022/10/12,[新聞] 以史為鑒！摩根大通警告：若周四CPI數,36
2022/10/12,[請益] 外資一直賣但持股比重上升，為何？,9
2022/10/12,Re: [心得] 愛榭克：美股將再無低點 把握最後九月,78
2022/10/12,[新聞] 星宇航空9月營收年增率271.57%、月增4.42,39
2022/10/12,[閒聊] 2022/10/12 盤中閒聊,100
2022/10/12,[新聞] 半導體只是前菜 10大科技產業剉咧等,14
2022/10/12,[新聞] 打擊禿鷹 金管會擴大限空令,42
2022/10/12,[新聞] PC市況很糟 傳英特爾擬裁員數千人並藉分,49
2022/10/12,[新聞] 台積電守400元 外資不悲觀,100
2022/10/12,Re: [新聞] 科磊傳明起停止對中國客戶的銷售與服務,12
2022/10/12,Re: [請益] 台積電南京廠 怎麼辦？,18
2022/10/12,Re: [新聞] 科磊傳明起停止對中國客戶的銷售與服,23
2022/10/12,[新聞] 你們還剩3天 英國央行行長一句話引發恐慌,33
2022/10/12,[新聞] 台股重挫、零股交頭熱 台積電盤中成交超,24
2022/10/12,Re: [新聞] 科磊傳明起停止對中國客戶的銷售與服務,24
2022/10/12,Re: [新聞] 科磊傳明起停止對中國客戶的銷售與服務,91
2022/10/12,"Re: [標的] 納斯達克, 費半 以2008股災預測走勢",14
2022/10/11,[心得] 盤後資料整理(Excel格式),6
2022/10/11,Re: [請益] 先進製程的優勢是不是在幾年內就沒了,51
2022/10/11,"[標的] 納斯達克, 費半 以2008股災預測走勢",60
2022/10/11,[新聞] 台股暴跌596點 刷新史上第七大單日跌點,37
2022/10/11,Re: [新聞] 科磊傳明起停止對中國客戶的銷售與服務,33
2022/10/11,[情報] 10/11全市場當沖虧損最多的股票,50
2022/10/11,[新聞] 美股早盤走低 費半挫跌約3% 台積電ADR跌,59
2022/10/11,Re: [請益] 明天還有基本麵可以吃 吧？,12
2022/10/11,[新聞] 「資產重分類」准了 南山人壽：淨值比可,34
2022/10/11,[新聞] 科磊傳明起停止對中國客戶的銷售與服務,99
2022/10/11,[情報] 6446 藥華藥 現金增資股款催繳公告,62
2022/10/11,[心得] 這次台股也畢業了,100
2022/10/11,[新聞]快訊／俄羅斯宣布：臉書母公司Meta是「恐怖,60
2022/10/11,[情報] 111年10月11日信用交易統計,74
2022/10/11,[新聞] 煉油廠罷工致燃料短缺 法國政府準備介入,16
2022/10/11,[請益] 友達減資請教。,38
2022/10/11,Re: [新聞] 新台幣大貶1.99角 央行盤中砸10億美元阻,10
2022/10/11,[情報] 3711 日月光投控 9月營收,30
2022/10/11,[新聞] 投信3理由看好台股「萬三」有支撐 此時,57
2022/10/11,[新聞] 台股帶量下殺596點 證交所：沒大規模融,55
2022/10/11,Re: [請益] 明天還有基本麵可以吃 吧？,2
2022/10/11,[新聞] 三陽汽車9月營收50.14億元 再創新高,6
2022/10/11,[新聞] 華航43年資深員工當董座 最重細節與團結,1
2022/10/11,[新聞] 日本即起開放自由行！華航宣布每日3班,11
2022/10/11,[新聞] 航空雙雄9月營收仍旺 客運收入暴增逾4倍,11
2022/10/11,[新聞] 亞洲大解封 華航準備好了,13
2022/10/11,[新聞] 台積電超車三星榮登Q3全球半導體市場龍頭,32
2022/10/11,Re: [標的] 黃金 色即是空,6
2022/10/11,[請益] 先進製程的優勢是不是在幾年內就沒了,54
2022/10/11,[請益] 50反會出現溢價嗎？,11
2022/10/11,Re: [新聞] 新台幣大貶1.99角 央行盤中砸10億美元阻,21
2022/10/11,Re: [新聞] 金管會擴大台股限空令！明起2門檻再提高,1
2022/10/11,[新聞] 新台幣大貶1.99角 央行盤中砸10億美元阻,100
2022/10/11,[情報] 1011八大公股銀買賣超暨歷史買超金額排行,14
2022/10/11,[新聞] 星展下修台灣經濟成長至2.9% 估央行還會升息2次,17
2022/10/11,[新聞] 股匯大逃殺 新台幣爆量重貶1.99角收31.86,34
2022/10/11,[新聞] 近期國際股市波動影響臺股，國安基金持續,19
2022/10/11,Re: [新聞] 金管會擴大台股限空令！明起2門檻再提高,7
2022/10/11,[情報] 111年【9月份金控股】EPS排名(全已公布),49
2022/10/11,[新聞] 0056、0050越跌越買 股民激增逾40萬! 專家示警:不要貪,33
2022/10/11,[新聞] 金管會擴大台股限空令！明起2門檻再提高,99
2022/10/11,[新聞] 台積電一度差點破400元 跌破四字頭怎麼辦,46
2022/10/11,[情報] 2845遠東銀 9月自結 0.03,61
2022/10/11,[情報] 1011 上市櫃外資投信同買排行,0
2022/10/11,[情報] 1011 上市櫃外資投信買超金額排行,3
2022/10/11,[新聞] 櫃買中心 呼籲投資人理性因應近期行情波動,39
2022/10/11,[情報] 2882國泰金 9月自結 0.09,44
2022/10/11,[情報] 聯發科9月營收 月增26.56% 年增18.09%,79
2022/10/11,Re: [標的] 8040.TW 九暘 多,1
2022/10/11,[情報] 9945潤泰新 訂定除權交易日10/27,12
2022/10/11,[情報] 宏全9月營收為22.06億元，年增41.94%,27
2022/10/11,[情報] 2881富邦金9月自結獲利,74
2022/10/11,[情報] 1011 上市外資買賣超排行,83
2022/10/11,Re: [新聞] 台積電落難半導體血流成河 台股崩跌596點,5
2022/10/11,Re: [新聞] 谷月涵：不用急著進場台股,27
2022/10/11,[新聞] 日本首相：支持央行超寬鬆政策 直到薪資,40
2022/10/11,[新聞] 台股近期波動大，證交所呼籲投資人審慎操作,29
2022/10/11,[情報] 2409 友達 9月營收 M+1.61 Y-50.67,29
2022/10/11,Re: [標的] 2409 友達 (持續加碼),31
2022/10/11,[情報] 111年10月11日 櫃買法人買賣金額統計表,14
2022/10/11,Re: [新聞] 台積電落難半導體血流成河 台股崩跌596點,7
2022/10/11,[新聞] 台股暴跌近600點 證交所：無出現大規模,100
2022/10/11,Re: [情報] 4533協易機111年9月營收,2
2022/10/11,[創作] 救命(謝金晶-啾咪),3
2022/10/11,[情報] 111年10月11日 三大法人買賣金額統計表,100
2022/10/11,"[情報] 2002中鋼 9月營收 -17.5%mom,-28.8%yoy",41
2022/10/11,Re: [新聞] 美國只撤台積電工程師？陸行之：其它台灣,28
2022/10/11,Re: [新聞] 台股活水來了 勞退基金700億上膛,77
2022/10/11,[情報] 台塑/南亞/台化/台塑化 2022/09暨Q3自結,9
2022/10/11,[創作] 半倒台股 (半島鐵盒),31
2022/10/11,[情報] 1217愛之味9月營收 MOM-26.68% YOY+0.38%,13
2022/10/11,[新聞] 台積電落難半導體血流成河 台股崩跌596點,39
2022/10/11,[新聞] 阮清華：國安基金一直在場內,34
2022/10/11,[新聞] 《半導體》外資看聯詠續中立 明年Q1營收,1
2022/10/11,[創作] 香豆奶 Part I,0
2022/10/11,[創作] 五百(黃明志),17
2022/10/11,[創作] 失戀無罪,1
2022/10/11,[閒聊] 2022/10/11 盤後閒聊,67
2022/10/11,Re: [新聞] 央行示警美元高利定存風險,47
2022/10/11,[新聞] 美國只撤台積電工程師？陸行之：其它台灣,69
2022/10/11,[情報] 八方雲集9月營收 月減0.53% 年增17.01%,17
2022/10/11,[新聞] 台積剩4字頭還能買？專家：越跌越要存,38
2022/10/11,Re: [新聞] 撐不住！大戶狠賣600張台積電「慘賠9千萬,39
2022/10/11,[新聞] 以後沒有了!7-11明起停止免費提供咖啡鮮,57
2022/10/11,[請益] 基本面派需要考慮政治因素嗎？,41
2022/10/11,[標的] 2330.TW 台積電 長線合理價位討論,100
2022/10/11,[標的] 0050 該繼續加碼還是停損,12
2022/10/11,[新聞] 台股重挫逾500點 國安基金：補跌效應 基本,46
2022/10/11,[新聞] 晶片管制，台股崩跌，台積電逼近400元大,45
2022/10/11,[新聞] 長榮航Q3營收352.05億元，疫情來單季新,16
2022/10/11,[新聞] 美擴大輸中禁令　IC設計服務廠恐受波及,23
2022/10/11,[新聞] 台積電砍單效應4Q顯現　未來半年產能利,99
2022/10/11,[標的] 2408南亞科,14
2022/10/11,Re: [心得] 小散戶 GG已畢業……,24
2022/10/11,[新聞] 台股大跌500點 國安基金密切關注台積電,46
2022/10/11,Re: [心得] 小散戶 GG已畢業……,84
2022/10/11,Re: [新聞] 台股殺紅眼！盤中重挫逾460點　國安,6
2022/10/11,[情報] 鴻海MIH 百萬內純電動休旅車 量產版,13
2022/10/11,[新聞] 航運需求增… 運價有望跌深反彈？,14
2022/10/11,Re: [新聞] 台股殺紅眼！盤中重挫逾460點　國安基金,7
2022/10/11,[標的] 2884玉山金 9月獲利未公布,30
2022/10/11,[新聞] AI需求大 威盛9月營收攀9年新高,22
2022/10/11,[新聞] 台股殺紅眼！盤中重挫逾460點　國安基金,100
2022/10/11,Re: [新聞] 國安基金決定不走 12檔光輝十月點火反彈,17
2022/10/11,[情報] 華航9月營收 月減5.90% 年減7.99%,4
2022/10/11,[標的] 6574 高端疫苗,0
2022/10/11,[新聞] 國安基金決定不走 12檔光輝十月點火反彈,78
2022/10/11,"[情報] 2741老四川 9月營收-6%mom,+54%yoy",12
2022/10/11,Re: [新聞] 張忠謀:若開戰會摧毀台積,10
2022/10/11,Re: [標的] 沒想到...中華電還是來到110了,8
2022/10/11,Re: [創作]口袋台股APP功能介紹 送LINE POINTS 50點,36
2022/10/11,Re: [新聞] 13F 大賣空主角原型Q2幾乎清倉所有持股,30
2022/10/11,[新聞] 聯詠遇逆風 評價中立,0
2022/10/11,[新聞] 面板雙虎 友達、群創今重新掛牌,17
2022/10/11,Re: [請益] 十字線,3
2022/10/11,[創作]口袋台股APP功能介紹 送LINE POINTS 50點,100
2022/10/11,[閒聊] 2022/10/11 盤中閒聊,100
2022/10/11,"[情報] 1795美時 9月營收 +236%mom,+231%yoy",31
2022/10/11,Re: [標的] 台積電 2330 無腦空,9
2022/10/11,[新聞] 防壽險負現金流 金管會盯,22
2022/10/11,[新聞] 台積電ADR三天大跌9.5% 較台北交易出現罕,80
2022/10/11,[新聞] 惠普、聯想、戴爾等業者第3季PC出貨量持,5
2022/10/11,[新聞] 半導體股暴跌 那指創兩年新低,43
2022/10/11,Re: [新聞] 張忠謀:若開戰會摧毀台積,6
2022/10/11,Re: [新聞] 央行示警美元高利定存風險,8
2022/10/11,Re: [新聞] 台幣重貶 鋼鐵業很匯賺,0
2022/10/11,[新聞] 摩根大通CEO警告：美國經濟恐在6至9個月內陷入衰退,14
2022/10/11,Re: [新聞] 央行示警美元高利定存風險,12
2022/10/11,[標的] 明日喜迎融資斷頭潮?,55
2022/10/11,"[情報] 保瑞 9月營收 MoM 285%, YoY 309%",2
2022/10/11,[情報] 8038 長園科 111年9月營收 Yoy 800%,3
2022/10/10,[新聞] 政策紅利連發 國家隊偏愛 16檔紅利股帶勁,15
2022/10/10,[新聞] 美股費半重挫 港股跌逾2% 亞股面臨補跌,50
2022/10/10,[新聞] 張忠謀:若開戰會摧毀台積,99
2022/10/10,Re: [新聞] 央行示警美元高利定存風險,12
2022/10/10,[情報] 昇銳 111年9月營收7540萬、年減1.83%,6
2022/10/10,Re: [新聞] 央行示警美元高利定存風險,8
2022/10/10,Re: [新聞] 投資人逢低買進 美股開高,8
2022/10/10,[新聞] 核戰恐成「十月驚奇」？ 川普：末日核戰,31
2022/10/10,[新聞] 投資人逢低買進 美股開高,51
2022/10/10,[新聞] 十一假期消費暴跌 中國經濟再度承壓,29
2022/10/10,[新聞] 美對陸晶片鎖喉戰 台系工程設備商警戒,20
2022/10/10,[情報] 3088 艾訊111年9月營收,16
2022/10/10,Re: [新聞] 央行示警美元高利定存風險,20
2022/10/10,Re: [新聞] 央行示警美元高利定存風險,97
2022/10/10,Re: [新聞] 央行示警美元高利定存風險,14
2022/10/10,[新聞] 〈 府城廣角鏡 〉台灣經濟進入轉折，應,19
2022/10/10,Re: [新聞] 央行示警美元高利定存風險,7
2022/10/10,[新聞] 台幣重貶 鋼鐵業很匯賺,12
2022/10/10,[情報] 4549 桓達111年9月營收,13
2022/10/10,Re: [新聞] 央行示警美元高利定存風險,32
2022/10/10,Re: [新聞] 央行示警美元高利定存風險,39
2022/10/10,Re: [新聞] 央行示警美元高利定存風險,24
2022/10/10,[新聞] 台電秋冬祭多元措施 確保穩定供電,20
2022/10/10,[新聞] 傳週末請產業自行發電 台電：自由參與,100
2022/10/10,[新聞] 房地產女王遭逮引發賣壓 越南股市下探,43
2022/10/10,"[情報] 6541 泰福-KY YoY +999,999.99%；∞%",13
2022/10/10,Re: [新聞] 散戶撿便宜 台積電股東數141.88萬人奔新,6
2022/10/10,"[情報] 2308台達電 9月營收 續創高 M+5,Y+35",26
2022/10/10,[新聞] 央行示警美元高利定存風險,100
2022/10/10,[新聞] 美新1波晶片管制 中科技股集體暴跌、華虹,25
2022/10/10,Re: [新聞] 散戶撿便宜 台積電股東數141.88萬人奔新,17
2022/10/10,Re: [新聞] 散戶撿便宜 台積電股東數141.88萬人奔新,11
2022/10/10,[創作] 青蛙池(青花瓷),81
2022/10/10,Re: [新聞] 散戶撿便宜 台積電股東數141.88萬人,3
2022/10/10,Re: [新聞] 散戶撿便宜 台積電股東數141.88萬人奔新,9
2022/10/10,Re: [新聞] 散戶撿便宜 台積電股東數141.88萬人奔新,29
2022/10/10,[新聞] 散戶撿便宜 台積電股東數141.88萬人奔新,100
2022/10/10,[標的] SOXS 反向絆倒體 反愛洩客送分多,3
2022/10/10,[新聞] 台股迎光輝十月？名師揭技術性反彈時機點,8
2022/10/10,Re: [新聞] Fed傳聲筒：非農數據公布後 11月有望再,-10
2022/10/10,[請益] 請益資產分配與投資規劃,48
2022/10/10,Re: [新聞] 桑默斯：即使存在金融風險 Fed仍應繼續,19
2022/10/10,[公告] 1010 警告 水桶 多人,34
2022/10/10,[新聞] 強美元風暴來襲 2新興市場貨幣逆勢挺住,44
2022/10/10,[新聞] 〈能源盤後〉OPEC+站世界對立面 原油連5,18
2022/10/09,Re: [新聞] 桑默斯：即使存在金融風險 Fed仍應繼續,0
2022/10/09,[新聞] 存股族注意！配息指標惡化 國銀普通股比1,22
2022/10/09,[新聞] 六家「不能倒」銀行資本吃鱉！股債市崩跌,48
2022/10/09,[標的] SH EFZ EUM  色即是空，天川空也是空,8
2022/10/09,[新聞] 9月CPI年增2.75%漲幅擴大 主計總處：颱,78
2022/10/09,[新聞] 金融時報：中國晶片廠被美國打回石器時代,69
2022/10/09,[新聞] 靜待企業基本面好轉 投顧:擴底之際建議少量逢低布局,5
2022/10/09,[新聞] 瑞信買自家債券 穩定軍心,6
2022/10/09,Re: [新聞] 砸450萬買0050「慘賠100萬」他崩潰：套在,0
2022/10/09,Re: [新聞] 美股利空襲擊 台股雙十後恐補跌,14
2022/10/09,[公告] 雙十前夕 處置公告,67
2022/10/09,[新聞] 台股連假後行情走勢 法人看好選前指數守,17
2022/10/09,[心得] 機構反指標對做機會 Fed重擊Pivot預期,64
2022/10/09,[新聞] 美官員：不能依賴台灣晶片,97
2022/10/09,[新聞] FT：美管制對陸晶片出口 將釀全球科技業,27
2022/10/09,[新聞] 防利差擴大 韓銀將升2碼,100
2022/10/09,[新聞] 美股利空襲擊 台股雙十後恐補跌,30
2022/10/09,Re: [新聞] Fed傳聲筒：非農數據公布後 11月有望再,9
2022/10/09,Re: [新聞] 桑默斯：即使存在金融風險 Fed仍應繼續,11
2022/10/09,[請益] 台積電的廠房很特別嗎？,56
2022/10/09,[新聞] 桑默斯：即使存在金融風險 Fed仍應繼續,20
2022/10/09,[新聞] Fed傳聲筒：非農數據公布後 11月有望再,81
2022/10/09,[新聞]台應關注聯電 格芯赴星擴廠 台積電評估中,47
2022/10/09,[新聞] 今日單一證券鉅額成交股票,16
2022/10/09,[新聞] 半導體多頭指標怎了？ABF載板3雄破底,17
2022/10/09,[請益] 對 斑馬該批評 但萬一多碼呢？,25
2022/10/09,[新聞] 美對中晶片及設備出口管制 經濟部說話了,14
2022/10/09,Re: [新聞] 砸450萬買0050「慘賠100萬」他崩潰：,10
2022/10/09,[情報] 3028 增你強 9月營收,42
2022/10/09,[情報] 4533協易機111年9月營收,3
2022/10/09,[心得] 2023年6月前空手才是最佳解,39
2022/10/09,Re: [新聞] Gogoro「吃到飽宣布退場」時間點曝光！,27
2022/10/09,[創作] 黑又黑黑黑又黑,18
2022/10/09,[新聞] AMD董事長蘇姿丰從小接受什麼教育？,32
2022/10/09,[新聞] 台美兩道曙光 台股Q4迎反彈 跌深是買點,34
2022/10/09,Re: [標的] 沒想到...中華電還是來到110了,33
2022/10/09,Re: [標的] 沒想到...中華電還是來到110了,26
2022/10/09,[情報] 3360尚立 111年9月營收,13
2022/10/09,Re: [新聞] 砸450萬買0050「慘賠100萬」他崩潰：,48
2022/10/09,Re: [請益] 沒想到...中華電還是來到110了,11
2022/10/09,Re: [請益] 沒想到...中華電還是來到110了,13
2022/10/09,Re: [新聞] 砸450萬買0050「慘賠100萬」他崩潰：,4
2022/10/09,Re: [新聞] 砸450萬買0050「慘賠100萬」他崩潰：套在,100
2022/10/09,Re: [新聞] 砸450萬買0050「慘賠100萬」他崩潰：套在,8
2022/10/09,"[標的] 下周CPI公布後續跌的選股APPL, GOOG, T",25
2022/10/09,Re: [請益] 沒想到...中華電還是來到110了,24
2022/10/09,Re: [請益] 沒想到...中華電還是來到110了,11
2022/10/09,Re: [新聞] 砸450萬買0050「慘賠100萬」他崩潰：套在,17
2022/10/09,Re: [請益] 沒想到...中華電還是來到110了,5
2022/10/09,Re: [新聞] 國安基金砸112億護盤 至9月底虧損8.16億,29
2022/10/08,Re: [請益] 沒想到...中華電還是來到110了,4
2022/10/08,Re: [請益] 沒想到...中華電還是來到110了,4
2022/10/08,Re: [請益] 沒想到...中華電還是來到110了,15
2022/10/08,Re: [請益] 沒想到...中華電還是來到110了,3
2022/10/08,[新聞] 砸450萬買0050「慘賠100萬」他崩潰：套在,58
2022/10/08,Re: [標的] 6547高端套在400多要麼操作,9
2022/10/08,[標的] 沒想到...中華電還是來到110了,99
2022/10/08,Re: [新聞] 股民心聲》ABF喊冤 營收創高股價探底,10
2022/10/08,Re: [請益] 正二哥的正二大法在美股會有用嗎,36
2022/10/08,[新聞] 股民心聲》ABF喊冤 營收創高股價探底,55
2022/10/08,[請益] 光洋科董事長帶賽？,17
2022/10/08,[請益] 正二哥的正二大法在美股會有用嗎,21
2022/10/08,[標的] 6670.TW 復盛應用,19
2022/10/08,[情報] 10/10 ~ 10/14 美國重大經濟數據,35
2022/10/08,Re: [新聞] 美國兵推保護晶片!彭博:考慮協助撤離台積,19
2022/10/08,Re: [新聞] 美國兵推保護晶片!彭博:考慮協助撤離台積,0
2022/10/08,[標的] 6547高端套在400多要麼操作,100
2022/10/08,Re: [心得] 前兩年投資美股的人，現在在幹嘛,36
2022/10/08,[新聞] 馬斯克：台海衝突不可避免 建議台灣成為中,36
2022/10/08,[新聞]Tesla股價單周下跌16%，創2020年疫情來最差,31
2022/10/08,Re: [新聞] 美國兵推保護晶片!彭博:考慮協助撤離台積,3
2022/10/08,Re: [心得] 前兩年投資美股的人，現在在幹嘛,14
2022/10/08,Re: [心得] 前兩年投資美股的人，現在在幹嘛,47
2022/10/08,[標的] 2330 台積電 島狀反轉破底資增400見 空,50
2022/10/08,[新聞] 美股大跌利空再襲！投顧：若不再破底 11,53
2022/10/08,Re: [新聞] 美國兵推保護晶片!彭博:考慮協助撤離台積,2
2022/10/08,[標的] 台積電 放空,8
2022/10/08,Re: [新聞] Gogoro「吃到飽宣布退場」時間點曝光！,14
2022/10/08,[新聞] 美非農就業強勁  美股嚇跌,13
2022/10/08,[標的] 2303 聯電 空,11
2022/10/08,[公告] 簡易處置,0
2022/10/08,[新聞] 瑞信爆財務危機 國壽曝險350億元,14
2022/10/08,Re: [新聞] 美國兵推保護晶片!彭博:考慮協助撤離台積,9
2022/10/08,[新聞] Gogoro「吃到飽宣布退場」時間點曝光！,88
2022/10/08,Re: [請益] 空頭是空手好 還是放空爽,12
2022/10/08,[新聞] 市場憂心瑞信成風暴開端 專家示警未來半,9
2022/10/08,Re: [請益] 空頭是空手好 還是放空爽,24
2022/10/08,[情報] 6870騰雲 9月營收0.399億元 +6.33%YOY,2
2022/10/08,Re: [新聞] 非農之夜成肅殺之夜 道瓊狂瀉逾630點 費,6
2022/10/08,Re: [新聞] 非農之夜成肅殺之夜 道瓊狂瀉逾630點 費,21
2022/10/08,Re: [新聞] 非農之夜成肅殺之夜 道瓊狂瀉逾630點 費,8
2022/10/08,Re: [標的] 持股健檢,1
2022/10/08,[新聞] 美國兵推保護晶片!彭博:考慮協助撤離台積,100
2022/10/08,[新聞] 美股重挫！道瓊大跌630點 台積電ADR崩破,91
2022/10/08,Re: [新聞] 非農之夜成肅殺之夜 道瓊狂瀉逾630點 費,18
2022/10/08,Re: [標的] 大立光 底部保守多(文字多，誤入),20
2022/10/08,Re: [新聞] 美國消費者借貸上升 信用卡使用超過預期,6
2022/10/08,[新聞] 美宣布對中晶片出口新限制 南韓、台灣廠,45
2022/10/08,[新聞] 非農之夜成肅殺之夜 道瓊狂瀉逾630點 費,67
2022/10/08,[新聞] 美國消費者借貸上升 信用卡使用超過預期,37
2022/10/08,Re: [心得] 我的全職交易人生 最終回,100
2022/10/08,[請益] Server 需求有下修的雜音嗎？,27
2022/10/08,[新聞] 失業率意外下滑道瓊盤中殺500點！費,48
2022/10/08,[請益] 空頭是空手好 還是放空爽,46
2022/10/08,[標的] 分享幾支非金融抱得安心的股票,26
2022/10/08,Re: [心得] 航運股免驚啦~~~,18
2022/10/08,Re: [心得] 此時不存股，更待何時?,3
2022/10/08,Re: [心得] 航運股免驚啦~~~,14
2022/10/08,[創作] 燃燒,2
2022/10/07,Re: [標的] SQQQ.US 3x空QQQ 小心熊出沒,6
2022/10/07,Re: [心得] 愛榭克：美股將再無低點 把握最後九月,47
2022/10/07,Re: [新聞] 美就業市場仍強 道瓊期指跌逾300點,38
2022/10/07,"[情報] 2609陽明 9月營收M-20.28,Y-15.79",79
2022/10/07,[心得] 盤後資料整理(Excel格式),3
2022/10/07,[新聞] 全球外匯存底今年來銳減約1兆美元 韓9月,50
2022/10/07,[新聞] 別心存幻想！Fed官員：激進升息不踩煞車,60
2022/10/07,[情報] 5880合庫金9月自結0.09 目前累計至1.06,18
2022/10/07,[情報] 5258虹堡111年9月營收,10
2022/10/07,[情報] 111年10月07日信用交易統計,23
2022/10/07,[新聞] 美就業市場仍強 道瓊期指跌逾300點,72
2022/10/07,[新聞] 美國9月非農就業新增人數超預期 美股指,92
2022/10/07,[情報] 2887 台新金9月自結0.09 目前累計至0.58,28
2022/10/07,[情報] 6285啟碁111年9月營收,21
2022/10/07,Re: [情報] 2886兆豐金 9月自結 -0.09,38
2022/10/07,[新聞] 和碩9月營收月增11.1% 10月喜迎iPhone 14,8
2022/10/07,[情報] 亞泥9月營收,14
2022/10/07,[新聞] 永豐金前九月賺129.3億 金控唯一正成長,11
2022/10/07,[新聞] 愈跌愈接！這些股慘摔三成 股民照樣埋單,30
2022/10/07,[新聞] 老大、老三合作！長榮國際推舉張國政支,26
2022/10/07,[新聞] 9月出口翻黑、年減5.3% 結束26個月正成長,40
2022/10/07,[情報] 2897王道銀  1-9月自結合併損益0.58,7
2022/10/07,[情報] 1007八大公股銀行買賣超排行,9
2022/10/07,[情報] 3558 神準 9月營收 mom+7.4% yoy+104%,11
2022/10/07,[情報] 2888新光金 9月自結 0.21,39
2022/10/07,Re: [情報] 長榮9月營收 月減12.61% 年增5.5%,29
2022/10/07,[情報]  2883 開發金9月自結 單月0.1,32
2022/10/07,[新聞] 挽救壽險業淨值 吳東亮:金融資產重分類是好事,15
2022/10/07,[情報]  2891 中信金 9月自結 0.19,34
2022/10/07,[情報] 2636 台驊投控 9月營收,9
2022/10/07,Re: [情報] 長榮9月營收 月減12.61% 年增5.5%,30
2022/10/07,[情報] 1007違約交割,48
2022/10/07,[情報] 6804 明係 111年9月營收,3
2022/10/07,[情報] 4532瑞智 9月營收,3
2022/10/07,[情報] 6147 頎邦 111年9月營收,17
2022/10/07,[新聞] 帳面一台小牛飛了照買！ 大俠武林見跌心,42
2022/10/07,[情報] 2615萬海9月營收MoM-12.66% YoY-27.74%,51
2022/10/07,[新聞] 和美股反指標CNBC名嘴對做!基金公司擬推反向克雷默ETF,5
2022/10/07,[情報] 3209 全科 111年9月 營收,5
2022/10/07,[情報] 崑鼎6803、日友8341、可寧衛8422 9月營收,9
2022/10/07,[情報] 1007 上市櫃外資投信同買排行,2
2022/10/07,[新聞] 大停電衝擊投資？日工商會：台灣供電穩定,54
2022/10/07,Re: [請益]台股加權指數正二V.S.長期兩倍槓桿期貨,7
2022/10/07,[情報] 6279 胡連 111年9月營收,5
2022/10/07,[情報] 2377微星 9月營收,9
2022/10/07,[新聞] 《金融股》華南金前9月每股稅後盈餘1.02,24
2022/10/07,[情報] 1007 上市櫃外資投信買超金額排行,5
2022/10/07,[情報] 5425台半 111年9月營收,7
2022/10/07,[情報] 長榮9月營收 月減12.61% 年增5.5%,100
2022/10/07,[情報] 2480敦陽科、3029零壹 9月營收,7
2022/10/07,[情報] 2618長榮航9月營收 mom-5.7% yoy+32.9%,15
2022/10/07,[新聞] 馬堅勇向台鋼道歉！　董事長王炯棻：遲,29
2022/10/07,[情報] 1605華新 111年9月營收,5
2022/10/07,[情報] 6547高端疫苗9月營收 月增170.41%,27
2022/10/07,[情報] 1720生達、4107邦特 9月營收,5
2022/10/07,Re: [情報] 9940信義房屋 9月 mom-23.32% yoy-45.85%,10
2022/10/07,Re: [請益]台股加權指數正二V.S.長期兩倍槓桿期貨,25
2022/10/07,[新聞] 世界9月營收銳減25.7% 單月最大跌勢,15
2022/10/07,[情報]  2890 永豐金 9月自結0.11累積1.14,42
2022/10/07,[新聞] 9月出口375.3億美元年減5.3% 中止連26紅,19
2022/10/07,[情報] 9940信義房屋 9月 mom-23.32% yoy-45.85%,66
2022/10/07,[情報] 2886兆豐金 9月自結 -0.09,100
2022/10/07,[情報] 1007 上市外資買賣超排行,31
2022/10/07,[情報] 2812 台中銀 9月0.09,16
2022/10/07,[情報] 2892 第一金 9月0.13,15
2022/10/07,[情報] 2836 高雄銀 9月自結 eps 0.05,2
2022/10/07,[情報] 6550北極星藥業KY9月營收 mom-100% yoy-100%,74
2022/10/07,[新聞] 瑞信危機加劇 金控抱648.7億寶島債面臨提,37
2022/10/07,[情報] 2027/8415 大成鋼/大國鋼 9月營收,7
2022/10/07,[情報] 2801 彰化銀 9月自結 eps 0.08,4
2022/10/07,[情報] 2834 台企銀 9月自結 eps 0.1,32
2022/10/07,[情報] 111年10月07日 櫃買法人買賣金額統計表,11
2022/10/07,[新聞] 瑞信爆雷 李長庚證實：國壽曝險350億,51
2022/10/07,[情報] 4919 新唐九月營收 月增3.14% 年減-1.14%,5
2022/10/07,[情報] 6770力積電 -6.5%mom -0.38%yoy,23
2022/10/07,[情報] 2357華碩9月營收 mom+23.9% yoy+6.7%,33
2022/10/07,[情報] 2376技嘉 111年9月營收,9
2022/10/07,[情報] 8916光隆 111年9月營收,7
2022/10/07,[新聞] 美元續強／第四季指數恐見117！專家佈局,43
2022/10/07,[情報] 3037欣興 111年9月營收,30
2022/10/07,[情報] 111年10月07日 三大法人買賣金額統計表,50
2022/10/07,[情報] 1007 上市投信買賣超排行,14
2022/10/07,[情報] 8478東哥遊艇 9月營收5.93億,13
2022/10/07,[情報] 2388威盛9月營收 mom+4.47% yoy+58.05%,21
2022/10/07,[情報] 3481群創 9月營收,21
2022/10/07,"[情報] 8069元太 +6.5%MOM,+57.5%YOY",25
2022/10/07,[情報] 2889國票金 111年9月自結 0.01,29
2022/10/07,[情報] 2885 元大金 111年9月自結 0.17,30
2022/10/07,[情報] 2488漢平111年9月營收,17
2022/10/07,Re: [請益]台股加權指數正二V.S.長期兩倍槓桿期貨,1
2022/10/07,[閒聊] 2022/10/07 盤後閒聊,51
2022/10/07,[心得] 希望明年降息? 跟你們說不可能!!!,78
2022/10/07,"[情報] 9906欣巴巴 9月營收-100%mom,-100%yoy",48
2022/10/07,[情報] 2330台積電9月營收 mom-4.5% yoy+36.4%,100
2022/10/07,[新聞] 美兩黨參議員力推NOPEC法案 誓言打擊不,36
2022/10/07,[標的] 持股健檢,44
2022/10/07,Re: [請益] 股民為什麼不能像房東一樣惜售不賣？,13
2022/10/07,Re: [新聞] 暗酸台積電硬撐 陸行之：希望護國神山,31
2022/10/07,[新聞] 彭博：台灣將下修持股揭露門檻 壽險業尋,8
2022/10/07,[請益] 十年線以下的時間,35
2022/10/07,Re: [新聞] 壽險業賣樓湊錢「恐壓垮房市」？學者曝,20
2022/10/07,[情報] 5483中美晶111年9月營收,5
2022/10/07,[新聞] Fed理事華勒：通膨未取得有意義進展 明年,41
2022/10/07,[新聞] 暗酸台積電硬撐 陸行之：希望護國神山,63
2022/10/07,[新聞] 面板大減產 催動景氣落底,10
2022/10/07,Re: [請益] 股民為什麼不能像房東一樣惜售不賣？,10
2022/10/07,[新聞] 台股逆風 50%上班族今年買過台股，其中,31
2022/10/07,[新聞] 三星獲利銳減31.7% 全球記憶晶片產業景,29
2022/10/07,Re: [請益]台股加權指數正二V.S.長期兩倍槓桿期貨,10
2022/10/07,[新聞] 蘋果PCB供應鏈華通、台郡 9月營收同創新,6
2022/10/07,Re: [請益]台股加權指數正二V.S.長期兩倍槓桿期貨,6
2022/10/07,[新聞] 台泥今年摔3成存股族傻眼 手握百張達人：,49
2022/10/07,[新聞] 京元電子決議與臺銀等 簽96億元聯貸案,6
2022/10/07,[情報] 4958臻鼎-KY 111年9月營收,13
2022/10/07,[閒聊] 2022/10/07 盤中閒聊,100
2022/10/07,[新聞] 中鋼「115萬股東」慘住套房　分析師曝1,42
2022/10/07,[新聞] 國泰金控總座李長庚：景氣明年下半年轉好,29
2022/10/07,[新聞] AMD盤後因營收預測差於預期10億美元而下滑,100
2022/10/06,[新聞] 馬斯克願原價買推特 傳阿波羅第六街退出,33
2022/10/06,[情報] 1476儒鴻 9月營收mom-26％，yoy +41.5％,20
2022/10/06,Re: [情報] 鴻海發佈MIH model B底盤車款,22
2022/10/06,[新聞] 禮來將展開機動送審 希望今年內其肥胖藥,12
2022/10/06,Re: [新聞] 谷月涵：通膨見頂、台股半年內再跌有,13
2022/10/06,[情報] 111年10月06日信用交易統計,18
2022/10/06,[新聞] 大摩等3大咖齊發功 郭哲榮揭台股爆噴時機,53
2022/10/06,[心得] 盤後資料整理(Excel格式),6
2022/10/06,[情報] 1101台泥9月營收104.05億,24
2022/10/06,Re: [心得] 大人會衝嗎？,4
2022/10/06,[新聞] 聯詠9月營收61.7億元 創27個月以來新低,31
2022/10/06,[新聞] 壽險業賣樓湊錢「恐壓垮房市」？學者曝,18
2022/10/06,[新聞] 華航明年1月開航峴港 吸引北美留學探親,8
2022/10/06,[新聞] 強化台德航線布局 華航串接德鐵共用班號,3
2022/10/06,[新聞] 台灣虎航官網又卡住 民眾瘋搶,6
2022/10/06,[新聞] 北溪2號外洩增強 傳俄羅斯持續注天然氣,60
2022/10/06,[請益] 如果每月閒錢和獎金都丟ETF到退休,97
2022/10/06,[請益] 新股認購但不是認購母公司,5
2022/10/06,[情報] 3661世芯-KY 9月營收 mom+25.5% yoy+61.8%,16
2022/10/06,[新聞] 國安基金砸112億護盤 至9月底虧損8.16億,74
2022/10/06,[新聞] 群光9月營收101億元 連四個月達百億,14
2022/10/06,[情報] 1006八大公股銀行買賣超排行,10
2022/10/06,Re: [新聞] 不妙！物價又漲回來了 9月CPI年增率反轉,100
2022/10/06,[新聞] 無意隨美光減產？三星：未討論調降記憶,12
2022/10/06,[情報] 1006 上市櫃外資投信同買排行,0
2022/10/06,[情報] 2323中環取得陽明股票,60
2022/10/06,Re: [新聞] 石油危機3.0？沙烏地阿拉伯與俄羅斯率眾,35
2022/10/06,[新聞] 國安基金救台股！截至9月底砸逾110億元護,35
2022/10/06,[新聞] 富果Fugle獲工研院創新領投1億元A輪募資,30
2022/10/06,[情報] 1006 上市櫃外資投信買超金額排行,1
2022/10/06,[情報] WCI Index 世界貨櫃運價指數 10/6,35
2022/10/06,Re: [新聞] 不妙！物價又漲回來了 9月CPI年增率反轉,12
2022/10/06,[新聞] 不妙！物價又漲回來了 9月CPI年增率反轉,99
2022/10/06,[情報] 1006 上市外資買賣超排行,41
2022/10/06,[新聞] 國安基金不退場！截至9月底進場逾100億元,94
2022/10/06,[情報] 3406 玉晶光 九月營收,15
2022/10/06,[新聞] 智邦9月營收73.48億元 首度站上70億元,25
2022/10/06,[情報] 111年截至9月30日止外資投資上市(櫃)情形,16
2022/10/06,[情報] 1006 上市投信買賣超排行,13
2022/10/06,[情報] 111年10月06日 櫃買法人買賣金額統計表,21
2022/10/06,[新聞] 大摩曝現在買台積 1年後有機會賺這麼多,22
2022/10/06,[情報] 2498宏達電9月營收 月增48.2% 年減22.9%,58
2022/10/06,[情報] 111年10月06日 三大法人買賣金額統計表,100
2022/10/06,[情報] 2303聯電9月營收 mom-0.5% yoy+34.5%,59
2022/10/06,Re: [請益] 菜雞請問股價和營收的關係?,3
2022/10/06,[情報] 3034聯詠9月營收 月減5.46% 年減52.28%,69
2022/10/06,[新聞] 俄國若反擊油價上限計畫，估日減300萬桶,1
2022/10/06,Re: [心得] 此時不存股，更待何時?,65
2022/10/06,[新聞] 170萬劑高端報廢 薛瑞元：不會再買,100
2022/10/06,[新聞] 俄國若反擊油價上限計畫 專家估可能減產,31
2022/10/06,[閒聊] 2022/10/06 盤後閒聊,2
2022/10/06,[情報] 鴻海發佈MIH model B底盤車款,29
2022/10/06,[新聞] 國安基金第3季例會今照常召開　砸多少銀,64
2022/10/06,[新聞] 少了飛騰營收也不怕！美系外資：世芯明年,2
2022/10/06,[新聞] 誰要搞垮歐洲？北溪漏氣後這國也出事,25
2022/10/06,[心得] 此時不存股，更待何時?,100
2022/10/06,[新聞] 王國材：華航正研究台灣直航捷克布拉格,83
2022/10/06,[新聞] 高端逾期30日以上未能履約交貨 衛福部扣,95
2022/10/06,[心得] 10/5某分點大戶慘套台半,-10
2022/10/06,[新聞] Fed官員又放鷹 澆熄放緩升息預期 不認為2,40
2022/10/06,[新聞] 強勢美元禍害全球 專家曝Fed恐被迫轉彎,81
2022/10/06,[新聞] 電視面板價築底訊號現 市調點出反彈關鍵,21
2022/10/06,[新聞] 谷月涵：不用急著進場台股,100
2022/10/06,[新聞] 雲豹能源擴大「離岸風電台灣隊」攜6大在,24
2022/10/06,[請益] 菜雞請問股價和營收的關係?,16
2022/10/06,[新聞] 謝金河示警：除了美元，六大皆空,100
2022/10/06,[閒聊] 2022/10/06盤中閒聊,97
2022/10/06,[新聞] 台股三軋走勢 拚V型反轉,16
2022/10/06,[新聞] 大摩讚半導體 首選台積電,56
2022/10/06,Re: [新聞] OPEC+發聲明　將每日產油量降至1050萬桶,9
2022/10/06,[情報] 3293.TW 鈊象 9月營收,15
2022/10/05,[新聞] OPEC+發聲明 將每日產油量降至1050萬桶,100
2022/10/05,[標的] 持股健檢,58
2022/10/05,[新聞] 小非農數據澆熄Fed轉鴿預期 主要指數開低,53
2022/10/05,Re: [新聞] 【光洋科台柱閃辭】氣跑大股東半年後閃辭,14
2022/10/05,[情報] 10/5全市場當沖虧損最多的股票,26
2022/10/05,[新聞] 女股神凱西·伍德的ARK基金抄底特斯拉股票,22
2022/10/05,Re: [標的] 2330 台積電 W底多,0
2022/10/05,[心得] 盤後資料整理(Excel格式),4
2022/10/05,[標的] 黃金 色即是空,11
2022/10/05,[情報] 111年10月05日信用交易統計,38
2022/10/05,[新聞] 經濟衰退陰影逼近 WTO大幅下修2023年全球,12
2022/10/05,[新聞] 台股淪提款機!外資前9月跑逾7千億創新高,29
2022/10/05,[新聞] 商用動能暢旺 聯強9月營收連5個月同期新,2
2022/10/05,[新聞] 【光洋科台柱閃辭】氣跑大股東半年後閃辭,22
2022/10/05,[新聞] 勞動基金慘賠3200億 平均每名勞工賠1.7萬,99
2022/10/05,[問卷]基金投資人行為學術調查問卷(抽獎),20
2022/10/05,[情報] 1005八大公股銀行買賣超排行,10
2022/10/05,[情報] 2637慧洋-KY 9月自結,18
2022/10/05,[新聞] 0056配息創歷年新高！現在還能買？施昇輝,37
2022/10/05,[標的] 環工三雄：崑鼎、日友、可寧衛 請益,46
2022/10/05,[新聞] 歐洲議會通過新法 規定充電器規格統一,47
2022/10/05,[情報] 1005 上市櫃外資投信同買排行,0
2022/10/05,[情報] 1005 上市櫃外資投信買超金額排行,2
2022/10/05,[新聞] 可85折買股！台積電員工買股補助10月啟動,92
2022/10/05,[情報] 2323中環處分長榮股票,72
2022/10/05,[新聞] 信義房屋推「員工持股信託」　月付2千存3,21
2022/10/05,[情報] 藥華藥9月營收 月增23.14% 年增821.85%,38
2022/10/05,[情報] 1005 上市外資買賣超排行,45
2022/10/05,[請益] 板上有人參加ETF 募集嗎?,21
2022/10/05,[新聞] 央行澄清：9月28日台股下跌與央行總裁楊,27
2022/10/05,[情報] 3008大立光9月營收 月增14.88% 年增22.31%,29
2022/10/05,[情報] 111年10月05日 櫃買法人買賣金額統計表,50
2022/10/05,[情報] 111年10月05日 三大法人買賣金額統計表,100
2022/10/05,[新聞] 沒有高端！日本開放自由行「新增5款認可,100
2022/10/05,[新聞] 三星電子成立特別工作組應對股價下跌,9
2022/10/05,[情報] 1005 上市投信買賣超排行,12
2022/10/05,[新聞] 大摩：新興市場及亞股已近熊市尾聲,36
2022/10/05,"[情報] 3105 穩懋 9月營收-13.9%mom,-48.1%yoy",61
2022/10/05,Re: [新聞] 谷月涵：通膨見頂、台股半年內再跌有,33
2022/10/05,[情報] 5274 信驊 九月營收,4
2022/10/05,[情報] 3443 創意 九月營收,16
2022/10/05,[閒聊] 2022/10/05 盤後閒聊,83
2022/10/05,Re: [新聞] 谷月涵：通膨見頂、台股半年內再跌有,12
2022/10/05,[情報] 4966 譜瑞-KY 九月營收,14
2022/10/05,[新聞] 石油危機3.0？沙烏地阿拉伯與俄羅斯率眾,69
2022/10/05,Re: [標的] 大盤 萌智子可愛多,4
2022/10/05,Re: [標的] 2488 空 感謝各位,0
2022/10/05,[新聞] 張國煒：星宇航空要在華人市場做品牌,35
2022/10/05,[新聞] 台股恐跌到萬二！　台灣先生谷月涵：進場,100
2022/10/05,Re: [標的] 美元指上週爆大量長上影線,29
2022/10/05,[新聞] 立委批國安基金誤導散戶成禿鷹 財長要股,77
2022/10/05,[新聞] 蘇建榮暗示：國安基金不會退場,52
2022/10/05,[新聞] 台積電大漲「重返榮耀」 網坐等衝470元,49
2022/10/05,[新聞] 化解壽險淨值危機 金融三業適用資產重分,62
2022/10/05,[新聞] 聯準會升息速度可望放緩 歐股早盤勁漲,57
2022/10/05,[新聞] 世足賽成航運救星 Q4運價醞釀絕地大反攻,44
2022/10/05,[新聞] 氣跑大股東半年後閃辭 專訪馬堅勇：向台,9
2022/10/05,[新聞] K董看員工大賣星宇股票很正常　法人看短,11
2022/10/05,[新聞] 國安基金例會「不會有重大決定」估繼續護,18
2022/10/05,[新聞] 國安基金 已砸逾50億護盤,98
2022/10/05,[閒聊] 2022/10/05 盤中閒聊,100
2022/10/05,"[新聞] 美光宣布 將投入1,000億美元在紐約蓋超",72
2022/10/05,[新聞] 美封殺效應 台記憶體撿到槍,28
2022/10/05,[新聞] 台股這一波 醞釀千點反彈,84
2022/10/05,[新聞] 大摩升評台股：進場要快,53
2022/10/05,[新聞] 彭博：馬斯克提議以440億美元原始報價完,46
2022/10/05,[標的] 2330 台積電 W底多,0
2022/10/05,[新聞] 馬斯克擬繼續收購TWTR,22
2022/10/05,Re: [心得] 愛榭克：美股將再無低點 把握最後九月,10
2022/10/05,Re: [新聞] 散兵游勇已過去 花敬群推不動產證券化,20
2022/10/04,Re: [心得] 愛榭克：美股將再無低點 把握最後九月,57
2022/10/04,[新聞] 防疫雙險理賠1135億 承保前6大產險已5家,19
2022/10/04,[新聞] 金融業罰單將破2億元 銀行業占近一半成最大苦主,12
2022/10/04,[新聞] 群益台灣精選高息ETF(00919)展開募集 預估股利率12.2%,19
2022/10/04,[情報] 10/4全市場當沖虧損最多的股票,26
2022/10/04,Re: [標的] 2330.TW 台積電 GG不太硬,4
2022/10/04,[心得] 盤後資料整理(Excel格式),4
2022/10/04,[新聞] 美股開盤「道瓊大漲400點」延續昨日反彈,100
2022/10/04,Re: [標的] 2488 空 感謝各位,0
2022/10/04,[情報] 1004 上市櫃外資投信同買排行,2
2022/10/04,[情報] 111年10月04日信用交易統計,14
2022/10/04,[請益] 大漲時持股沒漲反跌 是不是選股有問題,28
2022/10/04,[情報] 1004 上市櫃外資投信買超金額排行,0
2022/10/04,[新聞] 面板驅動IC廠：業績急跌期已過 營運拚逐,14
2022/10/04,Re: [情報] 中信託股務「股利 e 通知」服務,8
2022/10/04,[標的] 營建股 2538 基泰/2542 興富發/2501 國建,38
2022/10/04,[新聞] 滙豐砍ABF目標價 「這檔」股價預期最低,28
2022/10/04,Re: [新聞] 蘋果接受台積電漲價決定，影響輝達也同意,24
2022/10/04,[情報] 1004八大公股銀行買賣超排行,9
2022/10/04,[情報] 2838 聯邦銀 9月0.08,26
2022/10/04,Re: [標的] 美元指上週爆大量長上影線,22
2022/10/04,[標的] 美元指上週爆大量長上影線,100
2022/10/04,[新聞] 需求強勁 三星5年內擴增先進晶片產能逾,35
2022/10/04,[新聞] 國發基金決議不參與藥華藥增資,38
2022/10/04,Re: [請益] 退休前要存幾張0050? 希望年收百萬的話,86
2022/10/04,[新聞] 蘋果接受台積電漲價決定，影響輝達也同意,99
2022/10/04,[新聞] 南電9月營收逾59億 創新高,33
2022/10/04,[新聞] 若台股跌破3、5年線 國泰金總座李長庚：,29
2022/10/04,Re: [新聞] 聯合國籲Fed和多國央行停止升息 以免,24
2022/10/04,[情報] 2364 倫飛 8月自結EPS 0.43元(+62626.88%YOY),24
2022/10/04,[情報] 2809京城銀9月自結 -0.88,55
2022/10/04,[情報] 1004 上市外資買賣超排行,31
2022/10/04,[情報] 111年10月04日 櫃買法人買賣金額統計表,14
2022/10/04,Re: [新聞] 散兵游勇已過去 花敬群推不動產證券化,32
2022/10/04,Re: [新聞] 蘋果公佈2021年供應鏈名單　3台廠進榜,5
2022/10/04,[情報] 2317鴻海9月營收 月增83.18% 年增40.39%,100
2022/10/04,[新聞] 散兵游勇已過去 花敬群推不動產證券化,97
2022/10/04,[情報] 2408南亞科9月營收 月減6.23% 年減58.23%,25
2022/10/04,[標的] 大盤 萌智子可愛多,13
2022/10/04,[情報] 111年10月04日 三大法人買賣金額統計表,99
2022/10/04,[情報] 1004 上市投信買賣超排行,19
2022/10/04,[新聞] 台積電拚止穩 外資送暖喊買,54
2022/10/04,"[情報] 1477聚陽 9月營收 -25.6%mom,-2.6%yoy",36
2022/10/04,[閒聊]2022/10/04 盤後閒聊,93
2022/10/04,[請益] 獲利了結的美金應該投資在哪裡,100
2022/10/04,[新聞] 中鋼9月出貨量 今年新低,21
2022/10/04,[新聞] 特斯拉新一代自駕晶片 明年轉投台積5奈,49
2022/10/04,[新聞] 澳洲央行意外偏鴿！宣布只升息1碼 澳幣,38
2022/10/04,[新聞] 抄底時刻到？國泰金總座：閉眼就買 別怕,100
2022/10/04,[新聞] 華碩成立元宇宙公司 NFT平台進攻Web 3.0,43
2022/10/04,[請益] 美國白銀法案為何造成經濟危機？,9
2022/10/04,[新聞] 達里歐 不再認為「現金是是垃圾」,38
2022/10/04,[新聞] 台股跌深反彈 護國群山、生醫族群領漲,29
2022/10/04,[新聞] 聯合國籲Fed和多國央行停止升息 以免加劇,100
2022/10/04,[情報] 00908富邦入息REITs+ETF首次配息0.223,7
2022/10/04,Re: [新聞] 潤泰雙雄：每股淨值仍大於10元,28
2022/10/04,[公告] 簡易處置,8
2022/10/04,[標的] 2303 聯電 養樂多,39
2022/10/04,[新聞] 台股黃金10月來了 高股息ETF超前部署,10
2022/10/04,[新聞] 慘賠大學4年學費！妹子折損70%「果斷放了,57
2022/10/04,[新聞] 紐約聯儲總裁:Fed在冷卻需求和降低通膨,18
2022/10/04,[新聞] 台股量急凍 捍衛萬三關,26
2022/10/04,[閒聊] 2022/10/04 盤中閒聊,100
2022/10/04,[新聞] 美元太強 泰銘10月營運有壓,19
2022/10/04,[請益] 雷曼發生前的情況跟瑞信有相似嗎？,50
2022/10/03,Re: [請益] 台股現在是空頭嗎?,13
2022/10/03,[新聞] 谷月涵:台擁潛力新經濟企業 具絕佳投資機,31
2022/10/03,[新聞] 34.3萬輛！特斯拉上季交車量不如預期 都,45
2022/10/03,[新聞] 中鴻：鋼市本季回溫,26
2022/10/03,[新聞] 台積電愈跌股東愈多!9月底股東人數飆升至141.75萬人,59
2022/10/03,[標的] 2882國泰金,92
2022/10/03,[新聞] 美股開高為第4季揭開序幕 道瓊指數漲逾50,58
2022/10/03,[心得] 盤後資料整理(Excel格式),3
2022/10/03,[新聞] 郭哲榮：雷曼時刻來臨，瑞士信貸即將破,100
2022/10/03,[新聞] 00888、00907、006204三檔台股ETF 發布最新配息,8
2022/10/03,[情報] 全市場當沖虧損最多的股票,25
2022/10/03,[新聞] 富邦全球ESG綠色電力ETF 10月3日起募集,19
2022/10/03,[情報] 111年10月03日信用交易統計,25
2022/10/03,[新聞] 庫克：擴增實境是趨勢 不看好元宇宙,78
2022/10/03,[新聞] 台積漲價IC設計廠證實了 法人笑看獲利,100
2022/10/03,[新聞] 看不下去！本土壽險公司總座致電公會 反,57
2022/10/03,[新聞] 瑞信集團驚傳財務危機 金管會回應了,45
2022/10/03,[新聞] 黃天牧：穩定台股 表達政府關切態度,10
2022/10/03,Re: [情報] 0056配息2.1元,72
2022/10/03,[新聞] 快訊／基泰董座陳世銘等13人遭約談,28
2022/10/03,[新聞] 0056配息第一階段公告 金額創歷史新高,19
2022/10/03,[情報] 1003八大公股銀行買賣超排行,19
2022/10/03,[情報] 1003 上市櫃外資投信同買排行,3
2022/10/03,[情報] 1003 上市櫃外資投信買超金額排行,3
2022/10/03,Re: [情報] 0056配息2.1元,43
2022/10/03,[新聞] 摩根史坦利將退役硬碟到網路拍賣遭罰35M,43
2022/10/03,[新聞] 價值崩壞年代 謝金河：台積電也逃不了,99
2022/10/03,[情報] 2022/10/3 台股漲跌停圖鑑,0
2022/10/03,Re: [請益] 當市場看法太一致時,23
2022/10/03,[新聞] 台積電跌破 500 元，就可以安心買？下半,92
2022/10/03,[新聞] 土耳其降息通膨再惡化 9月CPI攀上83.45%,89
2022/10/03,[情報] 1003 上市外資買賣超排行,60
2022/10/03,[新聞] 美銀警告：Fed須放慢升息腳步 以防信貸,68
2022/10/03,[新聞] 三商壽董座創辦人翁肇喜回鍋 掌舵後首要,11
2022/10/03,[新聞] 潤泰雙雄：每股淨值仍大於10元,40
2022/10/03,[新聞] 700億絕對報酬委託計畫 勞動部：非護盤計,21
2022/10/03,[新聞] 蘋果公佈2021年供應鏈名單　3台廠進榜,31
2022/10/03,[請益] 請問真的有人這樣凹單的嗎？,42
2022/10/03,[情報] 111年10月03日 櫃買法人買賣金額統計表,14
2022/10/03,[情報] 111年10月03日 三大法人買賣金額統計表,76
2022/10/03,[新聞] 欣銓 第三季逆勢突圍,11
2022/10/03,[情報] 1003 上市投信買賣超排行,27
2022/10/03,[情報] 3228金麗科9月營收 mom-27% yoy-26.9%,41
2022/10/03,[情報] 0056配息2.1元,100
2022/10/03,[新聞] 今年外資出逃台股金額是疫情2倍　法人看M,15
2022/10/03,Re: [新聞] Fed官員波斯提克：年底前再升息5碼,19
2022/10/03,[情報] 8046南電9月營收 mom+2.6% yoy+31%,94
2022/10/03,[新聞] 股神重押蘋果推手 巴菲特摯友去世 享壽96,52
2022/10/03,[閒聊] 2022/10/03 盤後閒聊,84
2022/10/03,[新聞] 允壽險「債券重分類」是掩蓋風險？,68
2022/10/03,[情報] 006204、00888、00907 10月配息結果,21
2022/10/03,[新聞] 瑞信面臨財務危機？ CDS狂飆、高管急Call,38
2022/10/03,[新聞] 雷曼兄弟慘劇重演？這家銀行驚傳瀕臨破,62
2022/10/03,Re: [請益] 五年內翻倍的股票,11
2022/10/03,[標的] 1583 程泰 多,13
2022/10/03,[新聞] 壽險9月底淨值比慘跌 南山人壽轉負、6家,51
2022/10/03,[新聞] 台股入熊市遛狗理論遛到哪?黃天牧:基本面,24
2022/10/03,[新聞] 星宇航空最新股東人數大揭密 員工趁興櫃,35
2022/10/03,[新聞] 金管會救市2招上路 黃天牧：緊盯台股價量,31
2022/10/03,Re: [新聞] 限空令加速外資撤離?金管會:台股還有內資,26
2022/10/03,[新聞] 全球央行升息294次 前三季股債市蒸發1143,8
2022/10/03,[新聞] 限空令加速外資撤離?金管會:台股還有內資,52
2022/10/03,[新聞] 台積漲代工報價 鐵了心,93
2022/10/03,[新聞] 金融股全改存00878！「存股選配股or配息,7
2022/10/03,[新聞] 七家壽險業淨值比低於3%曝光 含國泰人壽,53
2022/10/03,[新聞] 還在賠！　勞動基金前8月虧損3204.6億元,100
2022/10/03,[標的] 2845遠東銀,-10
2022/10/03,[新聞] 台股限空令首發 黃天牧:要告訴市場這三件,31
2022/10/03,[請益] 當市場看法太一致時,25
2022/10/03,Re: [心得] 有沒有人也一起在看北極星,7
2022/10/03,[新聞] 安聯投信:對照6、7月的後市 台股浮現回穩,4
2022/10/03,Re: [新聞] CPI增幅有望回落,42
2022/10/03,[新聞] 台積電下跌3.5元至418.5！　台股跌逾14,48
2022/10/03,[閒聊] 2022/10/03 盤中閒聊,100
2022/10/03,Re: [心得] 有沒有人也一起在看北極星,6
2022/10/03,Re: [新聞] CPI增幅有望回落,15
2022/10/03,[新聞] 台股多空大戰 有望先蹲後跳,58
2022/10/03,Re: [請益] 瑞士信貸發生什麼事,2
2022/10/03,[新聞] Eurozone inflation reaches new record,6
2022/10/03,[新聞] 救市！限空令登場 7劇本備戰,33
2022/10/03,[心得] 有沒有人也一起在看北極星,74
2022/10/03,[心得] 產業營收整理-part3,33
2022/10/03,Re: [請益] 五年內翻倍的股票,8
2022/10/03,[新聞] Fed「鷹式升息」決策 出現鬆動跡象,47
2022/10/03,Re: [新聞] CPI增幅有望回落,5
2022/10/03,[情報] TESLA 2022 Q3 Production & Deliveries,42
2022/10/02,[情報] 上週當沖三天王大PK,30
2022/10/02,[新聞] 升息對壽險業影響 金管會：具3正面效益,40
2022/10/02,Re: [請益] 說真的外資一直賣會怎樣?,5
2022/10/02,[新聞] 空前危機！壽險業第三季淨值失守兆元,98
2022/10/02,[請益] 瑞士信貸發生什麼事,50
2022/10/02,[新聞] CPI增幅有望回落,90
2022/10/02,[請益] 五年內翻倍的股票,94
2022/10/02,[新聞] 「德勤中國」違規 業內人士指恐非個案,11
2022/10/02,Re: [新聞] 官方房價出爐 Q2狂漲、六都全創歷史新高,26
2022/10/02,Re: [新聞] 10月反攻將是必然？國慶行情點火,33
2022/10/02,[請益] 為什麼只有道瓊跌到2019年的位置,41
2022/10/02,Re: [新聞] 台股大跌金管會不忍了　證期局局長宣布限空令「空軍哭哭,100
2022/10/02,[心得] Fed輪番上陣，最準分析師vs.最多分析師,77
2022/10/02,[新聞] 10月反攻將是必然？國慶行情點火,85
2022/10/02,[新聞] 台股ETF配息 衝破182億元,18
2022/10/02,[新聞] 中國20大前金融維穩 下令券商不得「動搖,46
2022/10/02,Re: [請益] 說真的外資一直賣會怎樣?,47
2022/10/02,[新聞] 謝金河爆曾勸沈榮津「國安基金不該太早護,40
2022/10/02,[請益] 00772B目前進場,12
2022/10/02,Re: [標的] 持股健檢,-10
2022/10/02,Re: [新聞] 臉書只剩老人在玩！祖克柏：Meta近期將大,30
2022/10/02,[新聞] 每人少賠1萬多！國泰產：3理由確診者住院,1
2022/10/02,[新聞]〈Q4投資策略〉10月聚焦三重點 不確定未除,11
2022/10/02,[標的] 大盤安心多,90
2022/10/02,[新聞] 臉書只剩老人在玩！祖克柏：Meta近期將大,96
2022/10/02,[新聞] 全球升息潮！各國央行利率決議一次看,60
2022/10/02,[請益] 說真的外資一直賣會怎樣?,49
2022/10/02,[新聞] 台股總開戶人數 連二月下滑,29
2022/10/02,[新聞] 強調百分百中國產「龍芯」CPU被爆竟連中,24
2022/10/02,Re: [新聞] Fed官員波斯提克：年底前再升息5碼,23
2022/10/02,Re: [新聞] 官方房價出爐 Q2狂漲、六都全創歷史新高,46
2022/10/02,[新聞] 官方房價出爐 Q2狂漲、六都全創歷史新高,98
2022/10/02,[標的] 持股健檢,30
2022/10/02,[新聞] 效仿蘋果，消息稱英偉達打算拒絕台積電 2,96
2022/10/02,[新聞] 國安基金為何擋不住下跌？前小組成員嘆,52
2022/10/02,[情報] 10/03 ~ 10/07 美國一週重大經濟數據,16
2022/10/02,Re: [新聞] 市場瘋美元定存 楊金龍提醒小心賺到利率,37
2022/10/02,[新聞] 明年預計可以轉盈？星宇航空：以公告為準,7
2022/10/02,Re: [新聞] 市場瘋美元定存 楊金龍提醒小心賺到利率,32
2022/10/02,[心得] 個股畢業 + 第一次當主力心得,12
2022/10/02,[新聞] 台股轉多訊號浮現 光輝10月反攻是必然,38
2022/10/02,Re: [新聞] 馬斯克新玩具 特斯拉機器人「Optimus」,26
2022/10/02,[新聞] 星宇掀比價效應 這檔股價嚴重被低估,7
2022/10/02,[新聞] Fed官員波斯提克：年底前再升息5碼,100
2022/10/02,[新聞] 疫後航空產業迎曙光 飛航講座學子反應佳,0
2022/10/02,[新聞] 10/13入境0+7 航空雙雄跌深反彈買點到?,10
2022/10/02,[新聞] 國門開放喜憂參半 華信航空對國旅有信心,1
2022/10/02,Re: [新聞] 市場瘋美元定存 楊金龍提醒小心賺到利率,70
2022/10/02,Re: [新聞] 離岸風電區塊開發首期選商截止 沃旭能源未投標,6
2022/10/01,[新聞] 台股擂台 挑戰者郭哲榮本周布局保瑞 倫飛,27
2022/10/01,Re: [新聞] 馬斯克新玩具 特斯拉機器人「Optimus」,70
2022/10/01,Re: [新聞] 馬斯克新玩具 特斯拉機器人「Optimus,16
2022/10/01,Re: [新聞] 台中銀收購美國大陸銀行 擴大金融版圖,2
2022/10/01,Re: [新聞] 市場瘋美元定存 楊金龍提醒小心賺到利率,69
2022/10/01,[新聞] 財新中國9月份製造業PMI降至48.1，不如預,13
2022/10/01,[新聞] 台股四線齊黑 醞釀反彈,77
2022/10/01,[新聞] 統一投顧：台股10月迎反彈契機,37
2022/10/01,[新聞] 台股最慘韭月 醞釀10月反攻,47
2022/10/01,Re: [新聞] 馬斯克新玩具 特斯拉機器人「Optimus」,2
2022/10/01,Re: [新聞] 馬斯克新玩具 特斯拉機器人「Optimus」,8
2022/10/01,[新聞] 離岸風電區塊開發首期選商截止 沃旭能源未投標,62
2022/10/01,[新聞] 中租辜仲立餐飲版圖再擴大! 清酒品牌「仲酣」成立,13
2022/10/01,[新聞] 英國市場動蕩不安，經濟和政治危機一觸即,12
2022/10/01,[新聞] 台中銀收購美國大陸銀行 擴大金融版圖,58
2022/10/01,Re: [新聞] 馬斯克新玩具 特斯拉機器人「Optimus」,37
2022/10/01,[新聞] 台積電止跌關鍵 外資持股平均成本洩玄機,60
2022/10/01,Re: [新聞] 國泰金現3字頭存股時機到？老手曝眉,18
2022/10/01,Re: [心得] 反向投資工具 50反的優缺點,14
2022/10/01,[新聞] 星宇股漲 張國煒身價衝460億,26
2022/10/01,[新聞] 《產業》國門解封 長汎假期推抗漲旅遊,6
2022/10/01,[新聞] 布局東北亞！ 華航、星宇、虎航採購A320,1
2022/10/01,[新聞] 松山東京 華航皮卡丘彩繪機明首航,0
2022/10/01,[心得] 存股第二週,24
2022/10/01,Re: [新聞] 馬斯克新玩具 特斯拉機器人「Optimus,11
2022/10/01,[新聞] 台股大跌金管會不忍了　證期局局長宣布限空令「空軍哭哭」,82
2022/10/01,[新聞] 馬斯克新玩具 特斯拉機器人「Optimus」,98
2022/10/01,[新聞] 伊爾艾朗：央行貨幣政策轉向前 會先發生,7
2022/10/01,[新聞] 「金髮女孩」經濟離去 熊市噩夢籠罩,28
2022/10/01,Re: [新聞] 市場瘋美元定存 楊金龍提醒小心賺到利率,46
2022/10/01,[新聞] 國泰金現3字頭存股時機到？老手曝眉角,34
2022/10/01,[新聞] 長榮買230只能等「隔代沖」？高手：別怕,21
2022/10/01,Re: [請益] 大家跑去定存美元會是美元下跌的時機嗎,21
2022/10/01,Re: [新聞] 市場瘋美元定存 楊金龍提醒小心賺到利率,24
2022/10/01,Re: [心得] TQQQ三倍指數ETF存股發大財？論文探討可,4
2022/10/01,[心得] 今年投資大師的績效整理，看了心情比較好,98
2022/10/01,[新聞] 萬八存股多久能解套？內行人點「這年限」,0
2022/10/01,Re: [新聞] 市場瘋美元定存 楊金龍提醒小心賺到利率,44
2022/10/01,Re: [心得] 反向投資工具 50反的優缺點,29
2022/10/01,[心得] 反向投資工具 50反的優缺點,44
2022/10/01,Re: [心得] TQQQ三倍指數ETF存股發大財？論文探討可,34
2022/10/01,Re: [心得] TQQQ三倍指數ETF存股發大財？論文探討可,47
2022/10/01,[新聞] 金管會昨才鼓勵 國泰金今響應實施員工信,52
2022/10/01,Re: [新聞] 市場瘋美元定存 楊金龍提醒小心賺到利率,15
2022/10/01,Re: [新聞] 市場瘋美元定存 楊金龍提醒小心賺到,5
2022/10/01,Re: [心得] TQQQ三倍指數ETF存股發大財？論文探討可,80
2022/10/01,Re: [新聞] 國泰金：明年還會配發股利,87
2022/10/01,Re: [請益] 萬八存股多久能解套？,98
2022/10/01,Re: [新聞] 市場瘋美元定存 楊金龍提醒小心賺到利率,22
2022/10/01,[新聞] 馬士基CEO：因消費需求降溫 將放慢航行速,45
2022/10/01,Re: [請益] 萬八存股多久能解套？,7
2022/10/01,[創作] 忽然之間,11
2022/10/01,Re: [新聞] 市場瘋美元定存 楊金龍提醒小心賺到利率,47
2022/9/30,[心得] 盤後資料整理(Excel格式),7
2022/9/30,[新聞] 因應美國升息衝擊 王美花:把產業基本面顧好,-10
2022/9/30,[新聞] 美西線航空貨運運價已較高峰價減83%,17
2022/9/30,[情報] 9/30全市場當沖虧損最多的股票,41
2022/9/30,Re: [請益] 萬八存股多久能解套？,83
2022/9/30,Re: [請益] 萬八存股多久能解套？,14
2022/9/30,[新聞] 美8月公寓租金近兩年來首降 有望減輕租屋,30
2022/9/30,[新聞] 台股好慘! 投資小白不敢買ETF 想放高利率活存 老鳥全暈了,17
2022/9/30,[新聞] 衛星護地球 第一金太空衛星ETF掌握星際商機,11
2022/9/30,[情報] 111年09月30日信用交易統計,47
2022/9/30,[新聞] 蘋果電動車復活 鴻海利多,12
2022/9/30,[新聞] TDR研討會引發迴響 中華人權協會促請重,25
2022/9/30,[情報] US August PCE core inflation +0.6% m/m,49
2022/9/30,[請益] 同樣都很綠挑台股加碼比較好還是美股,39
2022/9/30,Re: [新聞] 市場瘋美元定存 楊金龍提醒小心賺到利率,39
2022/9/30,[標的] 群聯(8299)在265賣掉請問是合適停損點嗎,28
2022/9/30,Re: [請益] 如何才能創造2008大跌盛況,6
2022/9/30,[情報] 0930八大公股銀行買賣超排行,17
2022/9/30,Re: [請益] 萬八存股多久能解套？,100
2022/9/30,[新聞] 台積電剩4字頭還能買?網驚「老天送的禮物,31
2022/9/30,[新聞] 分析師看限空令2措施 要使股市轉強「不,13
2022/9/30,[新聞] 力抗通膨 印度央行再升息2碼,38
2022/9/30,Re: [新聞] 台股再破底 金管會宣布10/1起祭限空令,39
2022/9/30,[情報] 0930 上市櫃外資投信同買排行,2
2022/9/30,Re: [請益] 萬八存股多久能解套？,28
2022/9/30,[心得] 股市緩跌跟借券賣出沒什麼關係吧,21
2022/9/30,[情報] 0930 上市櫃外資投信買超金額排行,4
2022/9/30,[新聞] 市場瘋美元定存 楊金龍提醒小心賺到利率,97
2022/9/30,[新聞] Vanda：一旦蘋果、特斯拉也大跌 散戶將,28
2022/9/30,"[新聞] 台積該停扣?億元教授:重回18,619恐花30",72
2022/9/30,Re: [標的] 大盤 還有人沒上車空,10
2022/9/30,[創作] 你是我的眼,17
2022/9/30,[情報] 0930 上市外資買賣超排行,51
2022/9/30,Re: [新聞] 台股面臨萬3保衛戰 金管會宣布周一起限,3
2022/9/30,[情報] 111年09月30日 櫃買法人買賣金額統計表,14
2022/9/30,[新聞] 台股面臨萬3保衛戰 金管會宣布周一起限,69
2022/9/30,[新聞] 金管會救台股2措施！　調降借券數量、調,99
2022/9/30,[新聞] 要出手救台股？金管會3點半緊急記者會,35
2022/9/30,[情報] 0930 SCFI 1922.95 (-149.09) -7.2%,65
2022/9/30,[請益] 短期利空出盡了嗎？,43
2022/9/30,Re: [新聞] 半導體代工銷售增加率創五個季度新低,0
2022/9/30,[新聞] 中韓參戰OLED搶食 這3檔驅動IC雪上加霜,12
2022/9/30,Re: [請益] 台積電也是景氣循環股嗎？,5
2022/9/30,[情報] 111年09月30日 三大法人買賣金額統計表,71
2022/9/30,[情報] 0930 上市投信買賣超排行,12
2022/9/30,Re: [請益] 台積電也是景氣循環股嗎？,9
2022/9/30,[新聞] 817一路崩潰！一個半月重挫2千點,98
2022/9/30,[請益] 提高線上交易額度,51
2022/9/30,[新聞] 英國央行購債可能為救退休基金 風行多時,16
2022/9/30,[公告] 簡易處置,3
2022/9/30,[新聞] ABF產業可能還會更糟　亞系外資下修欣興,65
2022/9/30,[閒聊] 2022/09/30 盤後閒聊,21
2022/9/30,[心得] 我終於想通FED為什麼是採取升息了,16
2022/9/30,Re: [標的] 持股健檢,2
2022/9/30,[請益] 中國公司開放認股,24
2022/9/30,[標的] 航運股   請問大家如何操作？,97
2022/9/30,[新聞] 特斯拉AI Day本周登場 人形機器人Optimus,19
2022/9/30,Re: [新聞] 英國財政風暴來了！我金融業曝險1.5,61
2022/9/30,[標的] 持股健檢,98
2022/9/30,Re: [標的] 2610 華航 愛的迫降空,10
2022/9/30,Re: [請益] 如何才能創造2008大跌盛況,9
2022/9/30,[新聞] Meta宣布首次重大削減計劃將縮小公司規模,49
2022/9/30,[新聞] 美光示警股價利空出盡 陸行之：有些半導,27
2022/9/30,[新聞] 美CDC：機上「梅花座」暴露風險降近六成,8
2022/9/30,[新聞] 台積電頻創新低！小資族零股瘋搶　分析,66
2022/9/30,Re: [請益] 台gg怎辦？,17
2022/9/30,[請益] 請問大家 這支00712 不太懂,14
2022/9/30,Re: [新聞] 英國財政風暴來了！我金融業曝險1.5,1
2022/9/30,[新聞] 鴻海自製電動皮卡車「MODEL V」首亮相！,37
2022/9/30,Re: [心得] 關於陽明未來的一些看法討論,-10
2022/9/30,[請益] 台gg怎辦？,43
2022/9/30,[新聞] 外資持股台積電 比率降至14年來新低,68
2022/9/30,[新聞] 釋出細節！鴻海首次揭秘全新電動皮卡,16
2022/9/30,Re: [請益] 台積電也是景氣循環股嗎？,16
2022/9/30,Re: [心得] 經過一年，所有的利空對台積來說都無效,4
2022/9/30,Re: [請益] 台積電也是景氣循環股嗎？,6
2022/9/30,[新聞] 美前財長桑默斯：全球市場風險蓄積 有如,2
2022/9/30,Re: [請益] 如何才能創造2008大跌盛況,3
2022/9/30,[新聞] 英國財政風暴來了！我金融業曝險1.5兆元,38
2022/9/30,Re: [請益] 台積電也是景氣循環股嗎？,16
2022/9/30,Re: [請益] 如何才能創造2008大跌盛況,9
2022/9/30,[新聞] 陸：國內電價、煤價在合理區間　與國外,6
2022/9/30,[新聞] 星宇今登興櫃逆勢開紅盤　最高衝上25.2,22
2022/9/30,Re: [請益] 如何才能創造2008大跌盛況,6
2022/9/30,[請益] 台積電也是景氣循環股嗎？,39
2022/9/30,Re: [請益] 如何才能創造2008大跌盛況,31
2022/9/30,[新聞] 苦日子要來了台灣該如何因應？王美花說,-10
2022/9/30,[新聞] 傳OPEC+將在下周會議討論減產計畫,25
2022/9/30,[新聞] 股票賠115萬心涼了！怒砸400萬轉美金,60
2022/9/30,Re: [其他] 今年台積法人目標價整理,2
2022/9/30,[新聞] 華航、長榮航 迎解封商機,23
2022/9/30,Re: [請益] 如何才能創造2008大跌盛況,8
2022/9/30,[新聞] 95億累虧星宇怎麼補 大考驗,58
2022/9/30,[新聞] 華航千億購新機 增班搶客,8
2022/9/30,[閒聊] 2022/09/30 盤中閒聊,100
2022/9/30,Re: [請益] 如何才能創造2008大跌盛況,50
2022/9/30,[新聞] Nike shares fall as overstocked invent,12
2022/9/30,[新聞] 國安基金 提前一周召開例會,94
2022/9/30,[標的] US:MU 財報:降2023Q1指引/計畫削減50%支出,39
2022/9/30,[情報] Fed官員談話:Evans/Mester/Bullard,33
2022/9/30,Re: [新聞] 美上周初領失業金人數降至5個月新低 Q2實,10
2022/9/30,[新聞] 台美利差擴大　楊金龍：升半碼沒有選舉,2
2022/9/30,[新聞] 美上周初領失業金人數降至5個月新低 Q2實,14
2022/9/30,[新聞] 英國市場動蕩殃及房貸發放,9
2022/9/30,[新聞] 德國9月CPI增10%創新高　北溪管道洩漏觸能源危機、總理：德,43
2022/9/30,[新聞] 星宇航空今12元登錄興櫃　喊價29元將見真,20
2022/9/30,"[新聞] 美光 Q4 每股盈利 勝預期, 營收 低於預",13
2022/9/30,Re: [請益] 如何才能創造2008大跌盛況,26
2022/9/30,Re: [請益] 如何才能創造2008大跌盛況,1
2022/9/30,Re: [心得] 股市留給糖漿，來去美金定存吧,41
2022/9/30,Re: [請益] 投入1/4資金 現在該先殺出還是攤平?,17
2022/9/29,Re: [請益] 投入1/4資金 現在該先殺出還是攤平?,14
2022/9/29,Re: [請益] 美國一邊升息，一邊加薪要怎麼壓通膨？,3
2022/9/29,[請益] 國安基金沒進場會不會少賠一點,26
2022/9/29,Re: [新聞] 快訊／美股大挫！四大指數皆跌　道瓊指,18
2022/9/29,Re: [請益] 如何才能創造2008大跌盛況,10
2022/9/29,[請益] 投入1/4資金 現在該先殺出還是攤平?,60
2022/9/29,[請益] 如何才能創造2008大跌盛況,56
2022/9/29,[情報] 9/29全市場當沖虧損最多的股票,30
2022/9/29,Re: [新聞] 快訊／美股大挫！四大指數皆跌　道瓊指,38
2022/9/29,[新聞] 快訊／美股大挫！四大指數皆跌　道瓊指,100
2022/9/29,[情報] 合一:本公司舉辦111年第三季線上法說會,19
2022/9/29,[心得] 盤後資料整理(Excel格式),3
2022/9/29,Re: [請益] 目前美元指數下跌-1.32%，該進場了？,28
2022/9/29,Re: [心得] 2022賠錢賣屁股總結,5
2022/9/29,Re: [標的] 2409 友達 (參與減資),5
2022/9/29,[請益] 想請問借券利率如何調整?,6
2022/9/29,[新聞] 保時捷掛牌首日股價漲 無視全球市場震盪,4
2022/9/29,[情報] 111年09月29日信用交易統計,37
2022/9/29,[新聞] 他股票虧損30％「怨氣無處發」網酸教一招,3
2022/9/29,[新聞] 台股下殺起來存股族怎麼辦? 專家:價格下跌不會影響公司,21
2022/9/29,[心得] 2022賠錢賣屁股總結,43
2022/9/29,[標的] 6279胡連 投信大哥多,26
2022/9/29,Re: [新聞] 關於北溪天然氣管道洩漏，我們目前所知道,31
2022/9/29,[新聞] 高股息ETF穩居主流占四席 中國高股息拿下爆紅榜第一名,13
2022/9/29,[新聞] 今年台股會跌到什麼時候？郭哲榮說「11,4
2022/9/29,Re: [標的] 2330.TW 台積電 GG不太硬,2
2022/9/29,[新聞] 護盤新力量 金管會鼓勵金控擴大員工持股,49
2022/9/29,[請益] 投信近期不斷買超 算是看好台股嗎？,37
2022/9/29,[情報] 尚凡(5278)第2屆PTT鄉民法說會+20週年慶,100
2022/9/29,[情報] 0929八大公股銀行買賣超排行,5
2022/9/29,[情報] 0929 上市櫃外資投信同買排行,4
2022/9/29,[新聞] 逾10檔個股盤中急拉有貓膩？金管會：元大,45
2022/9/29,Re: [標的] 2409 友達 (參與減資),19
2022/9/29,[情報] 0929 上市櫃外資投信買超金額排行,2
2022/9/29,[新聞] 十餘檔個股拔尖拉高 被點名三家投信均無,9
2022/9/29,[新聞] 英特爾仍尋求贏回蘋果晶片業務,37
2022/9/29,[新聞] 力積電盤中創新低價26元 市值降至1026億,84
2022/9/29,Re: [新聞] 央行何時停止升息 楊金龍：通膨降溫才會,16
2022/9/29,[心得] 最懂壽司的分點？,17
2022/9/29,[新聞] 股市情緒悲觀！投信：台股第4季「萬三」,23
2022/9/29,[標的] 元宇宙今年有望起飛?,51
2022/9/29,[情報] 0929 上市外資買賣超排行,46
2022/9/29,[新聞]台積電又破底！尾盤遭摜壓至432元 距高點,81
2022/9/29,[新聞] 醫療耗材業績回穩，美元走強助毛利率,10
2022/9/29,[新聞] 全球能源價格上漲 中國承認輸入性通膨,29
2022/9/29,[新聞] 外匯管制變管理 請喝央行咖啡 外資賣盤縮,35
2022/9/29,[新聞] 如興股臨會出席率69.11%　董座張水江：非,6
2022/9/29,[新聞] 楊金龍：任內不會外匯管制 調節匯率疏導,31
2022/9/29,[新聞] 台股回神 金管會：並沒有斷頭危機,43
2022/9/29,[新聞] 央行何時停止升息 楊金龍：通膨降溫才會,25
2022/9/29,[新聞] 專家：等待絕對底部是一個錯誤 投資人現,38
2022/9/29,[情報] 111年09月29日 櫃買法人買賣金額統計表,17
2022/9/29,[情報] 111年09月29日 三大法人買賣金額統計表,80
2022/9/29,[情報] 0929 上市投信買賣超排行,22
2022/9/29,[新聞] 殺到見骨就是存股好時機？「分批進場」,21
2022/9/29,Re: [心得] 現在就是買股的時機,10
2022/9/29,[新聞] 第3季財報可期 高盛證券上調台積電目標,37
2022/9/29,Re: [請益] 空頭但是期貨價格高於現貨,7
2022/9/29,[心得] 現在就是買股的時機,34
2022/9/29,[閒聊] 2022/09/29 盤後閒聊,85
2022/9/29,Re: [請益] 十字線,3
2022/9/29,[新聞] 阻資金流出　楊金龍承認「偶爾」找大戶喝,59
2022/9/29,Re: [請益] 目前美元指數下跌-1.32%，該進場了？,59
2022/9/29,Re: [請益] 十字線,3
2022/9/29,Re: [新聞] 英減稅計畫 美財政部藉IMF施壓特拉斯政府,21
2022/9/29,Re: [請益] 十字線,7
2022/9/29,Re: [新聞] 分手光洋科？台鋼傳出清持股,8
2022/9/29,[請益] 十字線,48
2022/9/29,[心得] 大型ETF抬轎分析時間軸,12
2022/9/29,[新聞] 星宇航空9/30登興櫃 盼2023年始獲利,19
2022/9/29,[請益] 11:50國安進場or胖手指?,91
2022/9/29,[新聞] 華航皮卡丘彩繪機亮相！全機都有寶可夢,21
2022/9/29,[新聞] 台股嚇破膽 國安基金喊話︰在場內,74
2022/9/29,[新聞] 波音、華航宣布：已敲定787夢幻客機訂單,18
2022/9/29,[新聞] 華航11、12月訂位爆量 高票價會維持,26
2022/9/29,[新聞] 美房貸利率升破6.5% 購屋房貸需求較去年,54
2022/9/29,Re: [請益] 現在還不肯停損砍單的在想什麼？？,16
2022/9/29,[新聞] 半導體代工銷售增加率創五個季度新低,7
2022/9/29,Re: [請益] 開市後長老拼命買50反1 到底?,1
2022/9/29,[請益] 空頭但是期貨價格高於現貨,29
2022/9/29,Re: [請益] 現在還不肯停損砍單的在想什麼？？,16
2022/9/29,[新聞] 華爾街：不要被美債強彈態勢給騙了 Fed態,25
2022/9/29,[新聞] 立委質疑僅升半碼「為選舉」楊金龍：不會,70
2022/9/29,[新聞] 電信新三雄併出火氣 中華電揮3拳打臉台灣,16
2022/9/29,[新聞] 台積電600元以下閉眼買「現跌到4字頭」,49
2022/9/29,[新聞] 慘！今年下半年19檔新股破發 高端一張賠1,38
2022/9/29,[標的] 下一個有fu糗的產業?,97
2022/9/29,[情報] 潤泰全現金增資收足股款暨增資基準日,14
2022/9/29,[請益] 各國QE準備再出動!大家準備好賺一波?,59
2022/9/29,[新聞] 英特爾基辛格：摩爾定律仍活的很好,18
2022/9/29,Re: [新聞] 英減稅計畫 美財政部藉IMF施壓特拉斯政府,14
2022/9/29,[閒聊] 2022/09/29 盤中閒聊,100
2022/9/29,[新聞] 眼前的低不是低，台股何時反彈 ?,13
2022/9/29,[新聞] 英減稅計畫 美財政部藉IMF施壓特拉斯政府,53
2022/9/29,[新聞] 台股活水來了 勞退基金700億上膛,99
2022/9/29,[新聞] Google員工質疑削減福利 執行長:樂趣不總,37
2022/9/29,Re: [新聞] 新ETF迎台股逆風!00916掛牌破承銷價 2檔下月募集熱度不,6
2022/9/29,[新聞] 台電全年恐大虧逾2000億 穩定基金耗盡明,100
2022/9/29,Re: [請益] 各國又要開始QE了嗎？,9
2022/9/29,[請益] 別人的股東通知書，一直寄到我家,38
2022/9/29,[新聞] 股市跌到受不了！　韓國政府研擬祭出禁,46
2022/9/28,Re: [請益] 急跌趕底是好事？,9
2022/9/28,Re: [請益] 美國一邊升息，一邊加薪要怎麼壓通膨？,3
2022/9/28,[新聞] 10年期美債殖利率14年來首度升逾4% 英國,25
2022/9/28,[情報] 9/28全市場當沖虧損最多的股票,38
2022/9/28,Re: [新聞] 美抗通膨勝利在望但Fed不信,7
2022/9/28,[新聞] 台股融資3天減118億 法人:若持續減肥有利反彈,24
2022/9/28,Re: [新聞] 新機iPhone 14吃悶棍！中國銷量大減逾1成,23
2022/9/28,Re: [新聞] 反駁外匯管制之說 央行晚間四大點澄清,25
2022/9/28,[心得] 盤後資料整理(Excel格式),4
2022/9/28,[請益] 美國一邊升息，一邊加薪要怎麼壓通膨？,59
2022/9/28,[新聞] 遠東銀:公告本公司111年增資新股發放暨上,43
2022/9/28,[新聞] 新機iPhone 14吃悶棍！中國銷量大減逾1成,40
2022/9/28,[新聞] 美抗通膨勝利在望但Fed不信,16
2022/9/28,[情報] 1101台泥現增發行GDR之發行條件,24
2022/9/28,[請益] 經濟進入衰退，最好的投資標的？,20
2022/9/28,[新聞] 第一金人壽替東森保代養電銷 分別遭罰120萬、50萬元,5
2022/9/28,[新聞] 證交所:融資維持率仍達157％ 並無大規模融資斷頭,100
2022/9/28,[標的] 中華電(2412)是台股最適合當穩健存股嗎,36
2022/9/28,[情報] 111年09月28日信用交易統計,57
2022/9/28,[新聞] 金管會：投資人已逢低承接 關注外資動向,46
2022/9/28,[新聞] 反駁外匯管制之說 央行晚間四大點澄清,100
2022/9/28,[請益] 為何收熱錢避免通膨不直接加稅?,8
2022/9/28,[心得] 個人常用美股投資網站 & 工具,54
2022/9/28,[請益] 急跌趕底是好事？,76
2022/9/28,[新聞] 今年跌最慘的五檔ETF！00900「不在榜單內,34
2022/9/28,[新聞] 潤泰新斥逾35億元參與潤泰全現增 持股攀升至14.08%,13
2022/9/28,[新聞] 昔外資天后教戰！ 國泰金投資長程淑芬：是時候撿便宜挑3類,30
2022/9/28,[新聞] 俄烏戰爭重創前蘇聯集團經濟 歐銀下修明,17
2022/9/28,[情報] 0928八大公股銀行買賣超排行,18
2022/9/28,[新聞] 星宇航空法說會 張國煒喊話：長榮華航一,100
2022/9/28,[新聞] 投信連十買難敵外資出逃 三大法人大賣140,18
2022/9/28,Re: [新聞] 進場抄底變接刀 分析師曝止跌關鍵看它 (內文修正),1
2022/9/28,[新聞] 台積電跌破440元！是「大好進場時機」？,84
2022/9/28,Re: [請益] 台股會不會就從此卡在這個低點,7
2022/9/28,[新聞] 明尼亞波利斯聯儲總裁認為，Fed目前升息,5
2022/9/28,[新聞] 勞退新舊制700億元委外代操 預計今年底進,56
2022/9/28,"[新聞] 國安基金5,000億夠救台股？阮清華這麼說",40
2022/9/28,Re: [請益] 台股會不會就從此卡在這個低點,38
2022/9/28,[情報] 0928 上市櫃外資投信同買排行,0
2022/9/28,Re: [請益] 台股會不會就從此卡在這個低點,7
2022/9/28,[情報] 0928 上市櫃外資投信買超金額排行,8
2022/9/28,[請益] 信貸撥款 買甚麼,92
2022/9/28,[新聞] 維護新台幣動態穩定 楊金龍：央行上半年,52
2022/9/28,[新聞] 韓股跌至兩年多新低 政府預計啟動股市平,81
2022/9/28,[新聞] 女股神：美國經濟可能在半年內面臨通縮,35
2022/9/28,[請益] 查詢壽險債券整體部位的平均久期(durati,15
2022/9/28,[情報] 0928 上市自營買賣超排行,23
2022/9/28,[新聞] 台海緊繃風險升…外銀應變控管 瑞銀檢討,34
2022/9/28,[情報] 0928 上市外資買賣超排行,55
2022/9/28,[心得] 長榮期後續報導,66
2022/9/28,[新聞] 納智捷「n7」首次亮相時程曝 ！現場限量,24
2022/9/28,[標的] 00878 國泰永續高股息,48
2022/9/28,[新聞] 葉倫將卸任？傳拜登整頓經濟團隊，期中,22
2022/9/28,[新聞] 白宮：美元強勢反映了美國的經濟實力,84
2022/9/28,[請益] 做空標的選擇,59
2022/9/28,[新聞] 國艦國造挹注業績揚，中信造船近期登興櫃,7
2022/9/28,[請益] 是否因楊金龍說要管制外匯，讓外資落跑?,43
2022/9/28,[情報] 111年09月28日 櫃買法人買賣金額統計表,19
2022/9/28,[新聞] 國安基金點亞股重挫主因 仍看好台基本面,24
2022/9/28,[情報] 111年09月28日 三大法人買賣金額統計表,100
2022/9/28,Re: [新聞] 勞保破產倒數計時.. 政院撥補450億搶救,34
2022/9/28,[新聞] 面板雙虎減資最後交易日遇亂流 明起暫停交,20
2022/9/28,[情報] 0928 上市投信買賣超排行,34
2022/9/28,[新聞] 能源荒，歐日核電政策轉向，鈾礦 ETF 飆 4%,7
2022/9/28,[新聞] 上櫃指數今跌4.69％ OTC喊話投資人：勿過,33
2022/9/28,[新聞] 外資短期大舉撤離?楊金龍：央行必要時,0
2022/9/28,[新聞] 國安基金操盤手壓力山大 阮清華靠這招紓,34
2022/9/28,[請益] 有原神手機概念股嗎？,18
2022/9/28,[新聞] 歐洲引爆雷曼危機？德巨頭倒台股價崩9成,61
2022/9/28,Re: [標的] AMD超微 Intel英特爾 MU美光,40
2022/9/28,[創作] 讓我們放空去 (讓我們看雲去),10
2022/9/28,[新聞] 勞保破產倒數計時.. 政院撥補450億搶救,100
2022/9/28,[創作] 賠到發慌 (飄向北方),75
2022/9/28,[創作] 在沒玩台股以後,5
2022/9/28,[閒聊] 2022/09/28 盤後閒聊,100
2022/9/28,[創作] 可不可以漲回去一下下就好,30
2022/9/28,[創作]戀愛頻率,6
2022/9/28,[新聞] 籲擴大國安基金 財政部：可討論,100
2022/9/28,Re: [標的] 台積 技術反彈多,2
2022/9/28,[新聞] 《台北股市》跌到地下室 349檔破淨值,36
2022/9/28,[新聞] DDIC需求惡化，亞系外資喊賣聯詠及瑞鼎,12
2022/9/28,Re: [標的] 2330台積電 股價4字頭了 大家敢買嗎？,17
2022/9/28,[新聞] 這個理由讓台股破底？法人這麼看,18
2022/9/28,Re: [標的] 2488 空 感謝各位,5
2022/9/28,[新聞] 北極星又趴地 生醫股病懨懨,42
2022/9/28,Re: [標的] 2330台積電 股價4字頭了 大家敢買嗎？,1
2022/9/28,Re: [新聞] 台股創新低高息族不怯戰 國泰永續高股息,14
2022/9/28,Re: [標的] 2609 陽明股價是不是低於淨值了?,7
2022/9/28,[新聞] 中華電超車 聯發科市值跌破9千億居第四,58
2022/9/28,Re: [標的] 2330台積電 股價4字頭了 大家敢買嗎？,12
2022/9/28,[標的] 5530 龍巖,10
2022/9/28,Re: [請益] 飛機怎麼了？,37
2022/9/28,[標的] 單車小折概念股有哪些？,23
2022/9/28,[標的] 2609 陽明股價是不是低於淨值了?,54
2022/9/28,Re: [請益] 今年還在玩股票的人是不是很猛,16
2022/9/28,Re: [請益] 明年房市崩and無薪假的話，股市會有,8
2022/9/28,Re: [標的] 2330台積電 股價4字頭了 大家敢買嗎？,11
2022/9/28,[新聞] 存股族心碎…兆豐金、中信金遭降評，外,43
2022/9/28,[新聞] 股票全賣慘賠600萬！他怒衝銀行吼～,42
2022/9/28,[標的] 大盤,23
2022/9/28,[請益] 債券etf會像反一一樣歸0嗎,19
2022/9/28,Re: [請益] 2886再跌什麼?,14
2022/9/28,[新聞] 台股盤中下殺逾300點　國安基金：會設法,100
2022/9/28,[新聞] 華爾街看好特斯拉Q3交車再創高，股價逆,14
2022/9/28,[請益] 這次升息循環會不一樣？,24
2022/9/28,Re: [請益] 明年房市崩and無薪假的話，股市會有,2
2022/9/28,Re: [請益] 明年房市崩and無薪假的話，股市會有啥影,23
2022/9/28,Re: [請益] 「人多的地方不要去」適用於美元嗎？,10
2022/9/28,[心得] 休學買美金囉！,99
2022/9/28,[新聞] 里昂：年底再布局半導體,14
2022/9/28,Re: [請益] 明年房市崩and無薪假的話，股市會有,13
2022/9/28,[標的] 歐元,4
2022/9/28,Re: [請益] 明年房市崩and無薪假的話，股市會有啥影,5
2022/9/28,[新聞] 需求未如預期激增 蘋果傳撤銷iPhone 14系,24
2022/9/28,[新聞] 震撼 光洋科精神領袖馬堅勇離職,20
2022/9/28,[新聞] 女股神方舟投資瞄準散戶 推出創投基金,13
2022/9/28,[新聞] 跟進外資 大型本國投顧降評台積電,17
2022/9/28,[心得] 10月美股財報季行事曆,18
2022/9/28,[公告] 簡易處置,1
2022/9/28,[新聞] 長榮集團家變落幕？,22
2022/9/28,[新聞] 土耳其進口我工具機最多、是我第三大出,26
2022/9/28,[閒聊] 2022/09/28 盤中閒聊,98
2022/9/28,[新聞] 集邦：晶片缺貨潮落幕 Q2晶圓代工產值成,37
2022/9/28,Re: [新聞] 蘋果也難受 台積電漲價喊卡 IP廠紅利退潮,5
2022/9/28,[新聞] 美股跌入更深熊市　道瓊再殺125點,33
2022/9/28,[新聞] 美股自2年低點反彈！道瓊漲近400點　費半,5
2022/9/28,[新聞] 台塑化董座：三因子帶動 11-12月油價,9
2022/9/28,[新聞] IMO法規將上路揭新紀元 長榮:擁競爭優勢,0
2022/9/28,Re: [新聞] 傳台積電明年漲價方案遭最大客戶蘋果拒絕,12
2022/9/28,[新聞] 半導體需求急踩煞車 全球出貨額32個月,36
2022/9/28,Re: [標的] 8040.TW 九暘 多,5
2022/9/28,Re: [新聞] 蘋果也難受 台積電漲價喊卡 IP廠紅利退潮,18
2022/9/28,Re: [請益] 美國公司債目前是好標的？,18
2022/9/27,[公告] 09/27 臨時處置公告,17
2022/9/27,[標的] 8040.TW 九暘 多,9
2022/9/27,[新聞] 蘋果也難受 台積電漲價喊卡 IP廠紅利退潮,58
2022/9/27,[新聞] 廣達驚爆「棄單付2.5億」違約金　急發重,28
2022/9/27,[請益] LME銅價-99.96%？,17
2022/9/27,[新聞] 聯發科:2030年全球辦公室電力100%用再生能源,21
2022/9/27,[請益] 如何計算槓桿比例 (槓桿 ETF / 貸款),3
2022/9/27,[新聞] 官股帶頭示範金金併?金管會:尊重財政部意見,7
2022/9/27,[心得] 盤後資料整理(Excel格式),4
2022/9/27,[新聞] 景氣燈號「變燈」瀕臨界點 專家示警：恐,57
2022/9/27,[情報] 9/27全市場當沖虧損最多的股票,12
2022/9/27,[心得] 存股享受生活vs當沖享受刺激,21
2022/9/27,Re: [請益] 「人多的地方不要去」適用於美元嗎？,1
2022/9/27,[新聞] 傳台積電明年漲價方案遭最大客戶蘋果拒絕,99
2022/9/27,[新聞] 可成[2474]董座洪水樹發聲指週刊爆料不實,20
2022/9/27,[情報] 111年09月27日信用交易統計,22
2022/9/27,Re: [新聞] 阮清華：國安基金5000億尚足夠 是否擴大,29
2022/9/27,[新聞] 阮清華：國安基金5000億尚足夠 是否擴大,45
2022/9/27,[創作] ALIVE(活下去) 莉可麗絲片頭曲改編,14
2022/9/27,[新聞] 能源成本狂飆，英國電動車充電幾乎跟油,31
2022/9/27,[新聞] 和泰產擴大私募現增價出爐 要籌226億元資金,19
2022/9/27,[新聞] 美強勢升息 壽險業淨值8月再蒸發1600億元,26
2022/9/27,Re: [新聞] 央行稱必要時祭外匯管制 匯銀人士直呼,51
2022/9/27,[新聞] 美元升升不息 其他貨幣苦不堪言,11
2022/9/27,[新聞] 獨家/蝦皮台灣傳裁員當天拿N+2走人 國泰,99
2022/9/27,[情報] 0927八大公股銀行買賣超排行,12
2022/9/27,[新聞] RTX 40 系列顯卡從三星 8 奈米升級到台積,26
2022/9/27,[請益] 分散風險標的求推薦,14
2022/9/27,[新聞] 《經濟》9月轉衰亮黃藍燈？國發會：審慎,26
2022/9/27,[新聞] 央行稱必要時祭外匯管制 匯銀人士直呼,68
2022/9/27,[情報] 2886 兆豐 兆豐產物保險(股)公司現金增資,34
2022/9/27,Re: [請益] 這波下跌算是存股族的好時機嗎？,10
2022/9/27,[情報] 0927 上市櫃外資投信同買排行,1
2022/9/27,Re: [請益] 這波下跌算是存股族的好時機嗎？,0
2022/9/27,[情報] 0927 上市櫃外資投信買超金額排行,3
2022/9/27,[新聞] 元太攜手夏普 開發新世代電子紙IGZO背板,30
2022/9/27,[標的] 2382.TW 廣達 討論,0
2022/9/27,[請益] 這波下跌算是存股族的好時機嗎？,96
2022/9/27,Re: [心得] 從2017年至今 外資已賣出台股2兆4000億,2
2022/9/27,[新聞] BP跟CVX暫停墨西哥灣部分海上平台的石油,4
2022/9/27,Re: [請益] 金融股不再是存股首選？,13
2022/9/27,[情報] 0927 上市外資買賣超排行,54
2022/9/27,[情報] 0927 上市投信買賣超排行,15
2022/9/27,[情報] 8月景氣對策信號23分，燈號續呈綠燈,29
2022/9/27,[請益] 00830跟0050選哪一個好,9
2022/9/27,Re: [請益] 現在換美金真的不會被割嗎？,83
2022/9/27,[情報] 111年09月27日 櫃買法人買賣金額統計表,15
2022/9/27,Re: [心得] 現在換美金真的不會被割嗎？,18
2022/9/27,[新聞] 上海、深圳證交所下令 二十大前禁拋售股,64
2022/9/27,[請益] 長期投資ETF會虧嗎,42
2022/9/27,[請益] 現在換美金真的不會被割嗎？,89
2022/9/27,[情報] 廣達澄清媒體報導,24
2022/9/27,[情報] 111年09月27日 三大法人買賣金額統計表,66
2022/9/27,[請益] 5227立凱-KY,16
2022/9/27,[心得] 從2017年至今 外資已賣出台股2兆4000億,40
2022/9/27,Re: [新聞] 外資大量撤離如何應對?楊金龍:將採外匯管,20
2022/9/27,[閒聊] 2022/09/27 盤後閒聊,100
2022/9/27,[新聞] 突辭長榮國際董座　鄭深池：階段任務完,44
2022/9/27,[新聞] 張國煒辭去立榮航空董事長 代管立榮的階,23
2022/9/27,[新聞] 外資大量撤離如何應對?楊金龍:將採外匯管,100
2022/9/27,[新聞] 5大客戶縮手削弱台積明年成長力道　半導,44
2022/9/27,[請益] 股市空頭資金該往哪裡去？,6
2022/9/27,[新聞] 台股大幅震盪 投信：存股族可逢低分批布,42
2022/9/27,[新聞] 儒鴻董座洪鎮海：短暫寒冬很快會過去 估,17
2022/9/27,[請益] 金融股不再是存股首選？,17
2022/9/27,Re: [請益] 2886再跌什麼?,28
2022/9/27,[請益] 6235在跌什麼？,0
2022/9/27,[新聞] 拜登將頒新規 藉打擊附加費 促進產業競爭,58
2022/9/27,[請益] 2886再跌什麼?,51
2022/9/27,Re: [新聞] 新台幣創5年半新低　32元告急,20
2022/9/27,[心得] 尾盤多跟空各做？,11
2022/9/27,[新聞] 泰、越貨櫃航運 爆1美元殺盤價,50
2022/9/27,[新聞] 欣耀生醫止痛新藥小鼠試驗確認無肝毒性,10
2022/9/27,[新聞] 北極星眼淚停不住 生醫族群哭成一團,21
2022/9/27,[新聞] 龍巖出脫錠嵂三成持股 認賠1.6億元,10
2022/9/27,[請益] 為何不放空?,44
2022/9/27,[標的] 2206無腦多,0
2022/9/27,[新聞] 解封利多出盡了？旅行社、飯店、航空股,4
2022/9/27,Re: [情報] 中信託股務「股利 e 通知」服務,0
2022/9/27,[新聞] 產業分析》高盛：看好ABF 叫進欣興、南電,12
2022/9/27,[新聞] 富比世：穩定貨幣才是救通膨的真解方,20
2022/9/27,[請益] 這個月跌這麼慘 大家是怎麼操作,85
2022/9/27,[新聞] 國安基金是否護盤 蘇揆：各種衝擊都會嚴,2
2022/9/27,[新聞] 生技醫療股價指數類股表現疲軟，跌幅2.21,3
2022/9/27,[新聞] ARK 職務大調整，女股神卸任兩檔 ETF 投,13
2022/9/27,[新聞] 同欣電火災恐影響產能 股價下跌,8
2022/9/27,[新聞] 新台幣創5年半新低　32元告急,100
2022/9/27,Re: [請益] 加權指數與ETF正反不一?,5
2022/9/27,[新聞] 大摩下調 AMD 目標價，2022 年股價下跌逾,43
2022/9/27,[新聞] 英國央行：將在必要時「毫不猶豫」改變利,41
2022/9/27,[新聞] 股匯重挫 台幣最快27日貶破32元,25
2022/9/27,[標的] 如何判斷拉高出貨？,12
2022/9/27,[新聞] 筆電市場疲弱…廣達棄單 付2.5億違約金,43
2022/9/27,Re: [標的] 6550 北極星藥業-KY 外資多,38
2022/9/27,[閒聊] 2022/09/27 盤中閒聊,100
2022/9/27,Re: [請益] 加權指數與ETF正反不一?,5
2022/9/27,[情報] 兩年期美債殖利率4.33%,45
2022/9/27,[新聞] 國安基金 全力護盤,66
2022/9/27,[新聞] 超級央行日升息狂潮 瑞士告別負利率 土,19
2022/9/27,[新聞] 台股創新低高息族不怯戰 國泰永續高股息,19
2022/9/27,Re: [請益] 借劵賣出是不是才是禍首,8
2022/9/27,[新聞] 國安基金10月中前例會 將揭露最新護盤銀,45
2022/9/27,[心得] 股市留給糖漿，來去美金定存吧,75
2022/9/27,[請益] 是不是該停損了,74
2022/9/27,[請益] 定期定額存ETF可以屌打股板一半的人嗎？,22
2022/9/27,Re: [請益] 借劵賣出是不是才是禍首,1
2022/9/27,[請益] 美股TLT殖利率問題,2
2022/9/27,Re: [請益] 借劵賣出是不是才是禍首,5
2022/9/27,Re: [請益] 抄底早抄晚抄哪個比較賺？,2
2022/9/26,[心得] 09/26~09/30 美國經濟數據行事曆,11
2022/9/26,[情報] 9/26全市場當沖虧損最多的股票,21
2022/9/26,[情報] 出售新興農化工(南通)有限公司100%股,6
2022/9/26,Re: [請益] 加權指數與ETF正反不一?,46
2022/9/26,[心得] 盤後資料整理(Excel格式),4
2022/9/26,[新聞] 綠色金融3.0 公司治理評鑑擬擴大為ESG評鑑,31
2022/9/26,[新聞] 北極星股價再吞跌停 法人提兩理由真相了,41
2022/9/26,[情報] 111年09月26日信用交易統計,73
2022/9/26,Re: [心得] 國安應該不會送頭吧,3
2022/9/26,Re: [心得] 國安應該不會送頭吧,31
2022/9/26,Re: [心得] 歷史不會重覆 但總是驚人地相似,3
2022/9/26,[請益] 政府壓制油電價格到明年會反映出來嗎？,39
2022/9/26,Re: [新聞] 全球運價、股價跌不停 海運業者：兩指標,13
2022/9/26,[新聞] 全球景氣趨緩 8月工業生產這兩個行業負,5
2022/9/26,[新聞] 全球運價、股價跌不停 海運業者：兩指標,22
2022/9/26,[新聞] 美元定存利率 衝上3.88%,60
2022/9/26,[新聞] 景氣冷了！8月三大測驗點齊跌 廠商對未,17
2022/9/26,[新聞] 台股重挫、金管會救市!黃天牧鬆口「準備,97
2022/9/26,[新聞] 無效護盤？ 國安基金：會與其他部會合作,20
2022/9/26,[新聞] 台股暴跌蒸發14.6兆　 「這族群」荷包慘,27
2022/9/26,Re: [新聞] 台股又吊車尾！單周遭外資提款逾17億美,10
2022/9/26,Re: [新聞] 台股又吊車尾！單周遭外資提款逾17億美,4
2022/9/26,Re: [請益] 借劵賣出是不是才是禍首,7
2022/9/26,[請益] 5年月線低點買的有需要恐慌嗎?,15
2022/9/26,[新聞] 0056 將發10月大紅包!挑戰台股首檔配息百億級ETF,35
2022/9/26,[新聞] 開發金董座張家祝請辭 信託教父黃思國接任,6
2022/9/26,[情報] 0926八大公股銀行買賣超排行,16
2022/9/26,Re: [新聞] 台股又吊車尾！單周遭外資提款逾17億美,49
2022/9/26,Re: [心得] 愛榭克：美股將再無低點 把握最後九月,40
2022/9/26,[新聞] 台股又吊車尾！單周遭外資提款逾17億美,88
2022/9/26,[情報] 0926 上市櫃外資投信同買排行,1
2022/9/26,[請益] 借劵賣出是不是才是禍首,21
2022/9/26,Re: [心得] 愛x克今年怎麼失準的這麼嚴重,4
2022/9/26,[情報] 0926 上市櫃外資投信買超金額排行,4
2022/9/26,[新聞] 新ETF迎台股逆風!00916掛牌破承銷價 2檔下月募集熱度不減,7
2022/9/26,[新聞] 上櫃公司基本面穩健 櫃買中心呼籲投資人,15
2022/9/26,[創作] 再見北極雪,26
2022/9/26,[新聞] 台股創21個月新低 新光投信喊：勇敢加碼,60
2022/9/26,[新聞] 聯發科車用布局 傳捷報,55
2022/9/26,[新聞] 航運股大逃殺！台驊（2636）率先跌停,33
2022/9/26,[新聞] 造價上揚破滅?營造工程物價指數首見連3跌,50
2022/9/26,[心得] 今日被割韭菜了,45
2022/9/26,[新聞] 美西線海運價3個月跌五成,22
2022/9/26,[情報] 潤泰全現金增資股款催繳相關事宜,46
2022/9/26,[請益] 短線仔開始定期定額存股ETF建議,32
2022/9/26,[新聞] 美台升息幅度如市場預期 法人首選中信金,16
2022/9/26,Re: [新聞] 台股摜破國安基金進場點 操盤手阮清華信,0
2022/9/26,[情報] 0926 上市外資買賣超排行,82
2022/9/26,[情報] 6271 同欣電 台北廠區發生火災事件說明,30
2022/9/26,[新聞] 韓華集團有望成為大宇造船新主人 韓政府,0
2022/9/26,[新聞] 英國減稅恐慌蔓延！英鎊狂瀉4.5%跌到37年,46
2022/9/26,Re: [標的] 大盤,5
2022/9/26,[請益] 不是說低買高賣嗎 大家在怕什麼,48
2022/9/26,Re: [心得] 國安應該不會送頭吧,35
2022/9/26,Re: [請益] 出社會10年還沒看到海嘯,22
2022/9/26,[新聞] 頻寬超標爭議 台灣大：1/3上限是防止競,11
2022/9/26,[新聞] 台股跌破國安基金進場前低點 阮清華：大盤,25
2022/9/26,[請益] 現階段該保留幾成現金,94
2022/9/26,[情報] 111年09月26日 櫃買法人買賣金額統計表,41
2022/9/26,Re: [新聞] 證交所：台股體質相對穩健 投資人莫慌,10
2022/9/26,[情報] 111年09月26日 三大法人買賣金額統計表,100
2022/9/26,[情報] 0926 上市投信買賣超排行,22
2022/9/26,[心得] 國安應該不會送頭吧,87
2022/9/26,[心得] 各位還有錢加碼嗎？,83
2022/9/26,Re: [新聞] 存股族買不停 高息ETF規模飆,16
2022/9/26,[創作] 天地劫,9
2022/9/26,[新聞] 證交所：台股體質相對穩健 投資人莫慌,62
2022/9/26,[心得] 愛x克今年怎麼失準的這麼嚴重,58
2022/9/26,[心得] 唉唉叫的人都是被疫情QE寵壞了吧,17
2022/9/26,[請益] 日本10年公債利率又被攻破了,41
2022/9/26,[新聞] 存股族買不停 高息ETF規模飆,26
2022/9/26,[創作] 你的甜蜜,25
2022/9/26,[閒聊] 2022/09/26 盤後閒聊,100
2022/9/26,[心得] 今天的心情...,31
2022/9/26,[請益] 加權指數與ETF正反不一?,25
2022/9/26,[請益] 預估跌到哪時會是底部,57
2022/9/26,[標的] 台指期要看連續月還是季月？,7
2022/9/26,[新聞] 國安基金防線在哪裡？法人三個字回應,73
2022/9/26,[新聞] 00916掛牌首日遇台股暴跌逆風 挾全球市值龍頭優勢跌幅收斂,6
2022/9/26,Re: [請益] 這波算是金融海嘯以來最大的股災了吧,6
2022/9/26,[新聞] 跌回護盤前 國安：跨部會合作採必要措施,85
2022/9/26,Re: [請益] 這波算是金融海嘯以來最大的股災了吧,22
2022/9/26,[心得] 台積電休學文,86
2022/9/26,[公告] 2022/09/26 黑特區,48
2022/9/26,[新聞] 布林肯：半導體大多台灣製 出事恐有毀滅性,65
2022/9/26,[心得] 歷史不會重覆 但總是驚人地相似,95
2022/9/26,[標的] 宏達電 2498 反彈多,44
2022/9/26,[心得] 被兩主力打趴的北極星,53
2022/9/26,Re: [心得] 愛榭克：美股將再無低點 把握最後九月,29
2022/9/26,Re: [請益] 這波算是金融海嘯以來最大的股災了吧,57
2022/9/26,[新聞] 安聯投信：基本面嚴峻下修時間點已開始,20
2022/9/26,Re: [請益] 索羅斯為何能成功放空英鎊？,13
2022/9/26,[新聞] 台股摜破國安基金進場點 操盤手阮清華信,80
2022/9/26,[請益] 這波算是金融海嘯以來最大的股災了吧,94
2022/9/26,Re: [標的] 正新2105 中橡2104 復甦多,19
2022/9/26,Re: [請益] 索羅斯為何能成功放空英鎊？,55
2022/9/26,[新聞]〈觀察〉水泥進入產業高原期 雙雄擴大投,12
2022/9/26,Re: [標的] 2488 空 感謝各位,0
2022/9/26,[新聞] 生技股續航力全解盲 後市起伏看2大關鍵,9
2022/9/26,[新聞] 美股今年逢低承接策略失效 散戶愈接愈慘,27
2022/9/26,[請益] 索羅斯為何能成功放空英鎊？,35
2022/9/26,[閒聊] 2022/09/26 盤中閒聊,100
2022/9/26,[新聞] Cathie Wood Steps Down As Portfolio,11
2022/9/26,[新聞] 半導體景氣下行 延燒矽晶圓,7
2022/9/26,[新聞] 輝達新顯卡買氣弱 台廠失望,100
2022/9/26,Re: [新聞] 台股寄望國安基金救援,14
2022/9/26,[新聞] 聯準會堅定放鷹！台股缺乏主流股　將上演,30
2022/9/26,[新聞] 台股寄望國安基金救援,33
2022/9/26,[新聞] 義國政盪 歐洲股市剉著等,15
2022/9/26,[心得] 愛榭克：美股將再無低點 把握最後九月,100
2022/9/26,Re: [新聞] 美股跳水跌破三萬點 台股明面臨萬四保衛戰,42
2022/9/26,[新聞] 台股壓力大 外資瞄準台積電止跌價位,29
2022/9/25,Re: [請益] 這兩年才開槓桿的人會不會很慘？,17
2022/9/25,Re: [請益] 這兩年才開槓桿的人會不會很慘？,0
2022/9/25,[請益] 這兩年才開槓桿的人會不會很慘？,35
2022/9/25,Re: [請益] 公司是否有義務收購公司正在下跌的股票,3
2022/9/25,[新聞] Costco要漲會員年費？財務長曝光時間表,42
2022/9/25,[新聞] 美股跳水跌破三萬點 台股明面臨萬四保衛戰,100
2022/9/25,Re: [請益] 「人多的地方不要去」適用於美元嗎？,7
2022/9/25,Re: [標的] 2409 友達 (參與減資),100
2022/9/25,Re: [請益] 「人多的地方不要去」適用於美元嗎？,5
2022/9/25,[新聞] 谷歌全員大會詢答交鋒 CEO皮查：別把金,26
2022/9/25,Re: [請益] 「人多的地方不要去」適用於美元嗎？,8
2022/9/25,[心得] 本周機構Fed觀點整理：最一面倒的一次了,100
2022/9/25,Re: [請益] 公司是否有義務收購公司正在下跌的股票,4
2022/9/25,[新聞] 中鋼再跌可買？內外資想法曝,28
2022/9/25,[請益] etf在台股中的角色,33
2022/9/25,[心得] 這次的股市下跌不一樣，大家準備好了嗎?,35
2022/9/25,Re: [請益] 「人多的地方不要去」適用於美元嗎？,25
2022/9/25,[請益] 公司是否有義務收購公司正在下跌的股票,10
2022/9/25,[新聞] iPhone14價格大跳水 陸黃牛路邊擺攤賠售,24
2022/9/25,[標的] 為升(2231),0
2022/9/25,Re: [請益] 「人多的地方不要去」適用於美元嗎？,56
2022/9/25,Re: [請益] 「人多的地方不要去」適用於美元嗎？,9
2022/9/25,Re: [心得] 台美利率繼續擴大下，台灣股匯將續弱,7
2022/9/25,Re: [請益] 「人多的地方不要去」適用於美元嗎？,46
2022/9/25,[新聞] 外資今年累計賣超台股1.21兆 過去6年的1.,37
2022/9/25,[情報] 智擎全球獨家授權合約,33
2022/9/25,Re: [美股] 道瓊空,22
2022/9/25,[情報] 2003-2022 美股 美債 利率 通膨 圖表,10
2022/9/25,Re: [請益] 「人多的地方不要去」適用於美元嗎？,53
2022/9/25,Re: [請益] 現在真的不適合做多?,9
2022/9/25,[新聞] 美國銀行：油價跌勢已近尾聲,15
2022/9/25,[新聞] 機械業盼新台幣落至32元 縮短與日圓貶值,50
2022/9/25,Re: [新聞] 美元狂飆！行員曝「一堆人換300萬定存」,11
2022/9/25,Re: [請益] 「人多的地方不要去」適用於美元嗎？,33
2022/9/25,[請益] 美金飆漲 各國資金外流+升息,6
2022/9/25,[新聞] 美元狂飆！行員曝「一堆人換300萬定存」,71
2022/9/25,Re: [新聞] 台股今年已跌22.5% 金管會緊盯外資動,18
2022/9/25,[新聞] 罕見熱賣！iPhone 14 Pro日本配銷逾5成,35
2022/9/25,Re: [新聞] 鴻海、裕隆看過來 中華電信將採購電動車,1
2022/9/25,Re: [新聞] 鴻海、裕隆看過來 中華電信將採購電動車,6
2022/9/25,Re: [請益] 現在真的不適合做多?,26
2022/9/25,[新聞] 廉航88元機票萬人搶 華航日韓增班逾三倍,7
2022/9/25,[新聞] 國境解封倒數！華航航班增5成 沖繩線復飛,33
2022/9/25,Re: [新聞] 鴻海、裕隆看過來 中華電信將採購電動車,3
2022/9/25,[心得] 存股第一週,64
2022/9/25,Re: [請益] 現在真的不適合做多?,6
2022/9/25,[新聞] 台股今年已跌22.5% 金管會緊盯外資動向,78
2022/9/25,[新聞] 投顧:基本面乏善可陳 台股已逼近今年低點,27
2022/9/25,[新聞] 越跌越愛！台積電股東人數創新高　ADR慘,51
2022/9/25,Re: [請益] 現在真的不適合做多?,21
2022/9/25,[新聞] 聯準會續吹「鷹」風！台股周線連五黑,21
2022/9/25,[請益] 「人多的地方不要去」適用於美元嗎？,96
2022/9/24,Re: [請益] 大家從疫情後賺得錢歸零了嗎？,59
2022/9/24,[新聞] 全球運價暴跌 大陸東南亞航線驚見負運價,96
2022/9/24,Re: [心得] CPI通膨率3%跟體感不一樣? 公視P新聞解說,0
2022/9/24,[標的] 大家覺得聯發科(2454)股價有被市場低估嗎,62
2022/9/24,[標的] 國巨(2327),16
2022/9/24,[新聞] 減資非蜜糖！長榮股東數降至1年低點 零股,18
2022/9/24,[新聞] 再創新高！iPhone估將打破平均銷售單價紀,77
2022/9/24,[公告] 09/24 處置公告,42
2022/9/24,Re: [標的] 特斯拉的一體式壓鑄是否是強的護城河?,14
2022/9/24,[新聞] 鴻海、裕隆看過來 中華電信將採購電動車,25
2022/9/24,[新聞] 亞昕姚連地：買房不用不吃不喝10幾年,0
2022/9/24,Re: [標的] 大盤,0
2022/9/24,Re: [請益] 大家從疫情後賺得錢歸零了嗎？,62
2022/9/24,[新聞] 孫正義、李在鎔10月首爾會面 洽談三星、,2
2022/9/24,[新聞] AMD宣布6000系列顯示卡價格調降最多達30%,68
2022/9/24,[新聞] 長榮10/14法說PK空單大軍 1巧合掀陰謀,36
2022/9/24,Re: [心得] 台積電空,13
2022/9/24,Re: [心得] CPI通膨率3%跟體感不一樣? 公視P新聞解說,11
2022/9/24,[新聞] 真的成韭菜　中環賣陽明4114張虧2114萬,30
2022/9/24,Re: [標的] 特斯拉的一體式壓鑄是否是強的護城河?,17
2022/9/24,Re: [心得] 台積電空,5
2022/9/24,Re: [心得] CPI通膨率3%跟體感不一樣? 公視P新聞解說,1
2022/9/24,[心得] 升息過少進口成本增 蛋價年底恐漲,59
2022/9/24,[新聞] 外資狠降目標價 台積電、聯發科抱頭哭,37
2022/9/24,[新聞] 散戶小心！台積電ADR慘殺破底 433地板恐,52
2022/9/24,[標的] 特斯拉的一體式壓鑄是否是強的護城河?,35
2022/9/24,Re: [心得] 台積電空,15
2022/9/24,Re: [心得] CPI通膨率3%跟體感不一樣? 公視P新聞解說,48
2022/9/24,[新聞] 鴻海衝電動車 三箭齊發,19
2022/9/24,[新聞] 美銀估：全球公債今年損失 寫下1949年以,22
2022/9/24,[新聞] 〈美股盤後〉黑色星期五！道瓊大跌近500,31
2022/9/24,Re: [心得] 台積電空,6
2022/9/24,Re: [心得] 台積電空,3
2022/9/24,[請益] 現金滿手的抄底策略?,83
2022/9/24,[請益] 地方選舉60天佈局多單勝率80% 下週一怎,12
2022/9/24,Re: [心得] 台積電空,3
2022/9/24,Re: [新聞] 美前財長：英國減稅政策太天真 恐導致英,5
2022/9/24,Re: [請益] 所以台積電的利多是什麼??,3
2022/9/24,Re: [心得] 台積電空,100
2022/9/24,[新聞] 50年來最猛！英國救經濟 祭1.58兆減稅,26
2022/9/24,[新聞] 衰退恐慌再襲 美股道瓊指數跌486點,50
2022/9/24,[新聞] 美前財長：英國減稅政策太天真 恐導致英,33
2022/9/24,Re: [心得] CPI通膨率3%跟體感不一樣? 公視P新聞解說,49
2022/9/24,[創作] 曲終人散,12
2022/9/24,[新聞] 新台幣兌美元貶值11.7% 台積電、聯電利潤,44
2022/9/24,[新聞] 宏碁智新 2022家電新品增淨水器、吸塵器,10
2022/9/24,[新聞] 市場憂Fed升息過頭引經濟衰退道指跌破3萬,33
2022/9/24,[新聞] 分析師稱「台股年底上兩萬」 網秀算式曝,63
2022/9/24,Re: [心得] CPI通膨率3%跟體感不一樣? 公視P新聞解說,11
2022/9/23,[情報] 9/23全市場當沖虧損最多的股票,49
2022/9/23,[請益] 大跌時精進方向建議,33
2022/9/23,[心得] 盤後資料整理(Excel格式),2
2022/9/23,[新聞] 八方雲集想退出大陸了？主因竟是因為....,97
2022/9/23,Re: [心得] CPI通膨率3%跟體感不一樣? 公視P新聞解說,25
2022/9/23,[情報] 0923 上市櫃外資投信同買排行,1
2022/9/23,[情報] 0923 上市櫃外資投信買超金額排行,5
2022/9/23,[心得] CPI通膨率3%跟體感不一樣? 公視P新聞解說,100
2022/9/23,[情報] 111年09月23日信用交易統計,37
2022/9/23,Re: [新聞] 升息+政策打炒房奏效 房貸、土建融餘額年,6
2022/9/23,[新聞] 升息+政策打炒房奏效 房貸、土建融餘額年,36
2022/9/23,[情報] 0056調整前後持股比例排名及張數差異2022/09,29
2022/9/23,[新聞] iPhone 14不全是先進製程 外資降台積電,72
2022/9/23,[情報] 2323中環 處分陽明海運股票,100
2022/9/23,[情報] 0923八大公股銀行買賣超排行,31
2022/9/23,[請益] 台股為何不取消漲跌幅限制?,57
2022/9/23,[新聞] 認購意願低！潤泰全現增抽籤 中籤率88.6%,70
2022/9/23,[新聞] 瑞銀：預估央行12月會再升息半碼,76
2022/9/23,Re: [心得] 台股瘋狂提款中,31
2022/9/23,Re: [心得] 台股瘋狂提款中,67
2022/9/23,[新聞] NVIDIA RTX 40 系列台積電 4 奈米助攻，R,59
2022/9/23,[情報] 0923 上市外資買賣超排行,71
2022/9/23,[情報] 111年09月23日 櫃買法人買賣金額統計表,22
2022/9/23,Re: [心得] 台股瘋狂提款中,94
2022/9/23,Re: [請益] 2412與0056哪個比較推？,9
2022/9/23,[情報] 0923 SCFI 指數 2072.04 (-240.61),100
2022/9/23,[情報] 111年09月23日 三大法人買賣金額統計表,81
2022/9/23,[情報] 0923 上市投信買賣超排行,43
2022/9/23,Re: [請益] 台股一定要萬點嗎?,19
2022/9/23,[新聞] 台股今摜破國安基金防線 面臨萬四保衛戰,60
2022/9/23,[新聞] 巷仔內／台灣央行為何老神在在？,14
2022/9/23,[請益] 無風險套利與放空 選哪個,43
2022/9/23,Re: [心得] 台股瘋狂提款中,38
2022/9/23,[新聞] 證券劃撥存款餘額 創新高,31
2022/9/23,[創作] 不哭了 BY2,6
2022/9/23,Re: [新聞] 葉倫：台灣身為最先進半導體唯一來源  構,25
2022/9/23,[閒聊] 2022/09/23 盤後閒聊,100
2022/9/23,[創作] 北極雪,31
2022/9/23,[創作] 全部都給你,5
2022/9/23,[新聞] 南韓下周完全解除戶外口罩令 生活有望,27
2022/9/23,[新聞] 高端疫苗：3疫苗並進 2023年開花結果,39
2022/9/23,[新聞] EVA價格Q4續強 明年Q1有下跌隱憂,18
2022/9/23,[請益] 台股一定要萬點嗎?,22
2022/9/23,Re: [新聞] 葉倫：台灣身為最先進半導體唯一來源  構,19
2022/9/23,[心得] FED未來可能尾大不掉,6
2022/9/23,Re: [標的] Nvidia、AMD盤中破52周低點,0
2022/9/23,Re: [心得] 台股瘋狂提款中,79
2022/9/23,[新聞] 日本僅認可6疫苗 打高端入境需PCR,94
2022/9/23,Re: [新聞] 葉倫：台灣身為最先進半導體唯一來源  構,10
2022/9/23,[標的] 1164.HK 中廣核礦業,13
2022/9/23,[新聞] 「北極星墜落」逃命？上車？專家：後續,50
2022/9/23,[新聞] 葉倫：台灣身為最先進半導體唯一來源  構,98
2022/9/23,[新聞] 金融業持有俄債 須揭露,18
2022/9/23,[新聞] 美系外資雙降台積電、聯發科目標價,22
2022/9/23,[請益] 不是在跌，怎麼一堆銀行股在漲？,60
2022/9/23,Re: [標的] 2488 空 感謝各位,2
2022/9/23,[新聞] 基金女神主播糗了！直播「腫一大圈」,56
2022/9/23,[新聞] 國安基金慘遭外資割韭菜！紀萬生痛批：可,82
2022/9/23,Re: [新聞] AMD和英特爾：PC市場需求惡化,33
2022/9/23,Re: [新聞] 熱錢急撤 台幣爆量貶1.76角,17
2022/9/23,Re: [新聞] 台股禿鷹現蹤 國家隊穩盤,7
2022/9/23,[請益] 2412與0056哪個比較推？,51
2022/9/23,Re: [新聞] 台股禿鷹現蹤 國家隊穩盤,-10
2022/9/23,[請益] 現金轉美金，等利率翻轉買美股,85
2022/9/23,[新聞] 北極星藥業-KY解盲成功行情只有一天？,72
2022/9/23,Re: [新聞] 熱錢急撤 台幣爆量貶1.76角,29
2022/9/23,[新聞] AMD和英特爾：PC市場需求惡化,52
2022/9/23,[閒聊] 2022/09/23 盤中閒聊,100
2022/9/23,[新聞] 美系外資曝驅動IC毛利率「恐歸零」點名,34
2022/9/23,[新聞] 台股禿鷹現蹤 國家隊穩盤,32
2022/9/23,[新聞] 熱錢急撤 台幣爆量貶1.76角,80
2022/9/23,[新聞] 0+7確定了 觀光股大解放,32
2022/9/23,[新聞] 谷月涵提台股投資新三部曲,17
2022/9/23,[標的] Nvidia、AMD盤中破52周低點,51
2022/9/23,Re: [新聞] 央行升息半碼 楊金龍：通膨續降年底利率,42
2022/9/23,[新聞] 快訊／標榜「正派經營」　美好證券董座涉,17
2022/9/23,[情報] 美國經濟領先指標 -0.3%,43
2022/9/23,Re: [心得] AMD畢業嘍,3
2022/9/23,[標的] 全新2455，已經生鏽了嗎？,16
2022/9/22,Re: [新聞] 央行升息半碼 楊金龍：通膨續降年底,35
2022/9/22,[新聞] 標普要暴跌40%！　末日博士憂經濟陷「漫,30
2022/9/22,Re: [新聞] 新台幣貶值 央行估Q4貶到31.92元通膨仍可,10
2022/9/22,Re: [新聞] 央行總裁楊金龍：外資流出與台美利差,6
2022/9/22,[情報] 9/22全市場當沖虧損最多的股票,35
2022/9/22,[新聞] 新台幣貶值 央行估Q4貶到31.92元通膨仍可,78
2022/9/22,[新聞] 聯強搶下台達電「 Innergie 」全系列萬,44
2022/9/22,[新聞] 央行升息半碼 楊金龍：通膨續降年底利率,56
2022/9/22,[新聞] 南非央行升息3碼 南非幣一度應聲大漲1.7%,19
2022/9/22,[新聞] 央行升息救台股?郭哲榮:問題本質在「它」,1
2022/9/22,[新聞] 英國央行升息2碼打通膨 顧不了衰退,44
2022/9/22,Re: [新聞] 央行總裁楊金龍：外資流出與台美利差沒,23
2022/9/22,[心得] 盤後資料整理(Excel格式),2
2022/9/22,[情報] 111年09月22日信用交易統計,17
2022/9/22,[新聞] 解封商機來了 投信押寶長榮航破萬張,35
2022/9/22,[新聞] 美系外資保守看待驅動IC，重申聯詠、世界,5
2022/9/22,[新聞] 央行未祭第五波信用管制措施 楊金龍：有3,17
2022/9/22,[新聞] 通膨飆破80％ 土耳其央行再降4碼,100
2022/9/22,[新聞] 成本高擋不住和泰車5車款漲價幅度上看7%,11
2022/9/22,[新聞] 〈央行理監事會〉佛系升息拖累新台幣貶,10
2022/9/22,Re: [新聞] 央行總裁楊金龍：外資流出與台美利差沒,30
2022/9/22,Re: [情報] 央行決議升息半碼,19
2022/9/22,[新聞] 快訊／台積電高雄廠建造執照拿到了 按計畫,34
2022/9/22,Re: [情報] 00878 00881 收益分配通知書發放,9
2022/9/22,[新聞] 航海王退流行？這家公司改押長榮航獲利,9
2022/9/22,[情報] 0922八大公股銀行買賣超排行,19
2022/9/22,[新聞] 強升息暴風圈 金管會出手救市看這三指標,16
2022/9/22,[新聞] 升息半碼！理監事會2人持不同意見 楊金龍,97
2022/9/22,[新聞] 央行總裁楊金龍：外資流出與台美利差沒,21
2022/9/22,[新聞] 高市府今天核准台積電高雄廠建照 全案進,40
2022/9/22,Re: [新聞] 新台幣匯率 下探32大關,22
2022/9/22,Re: [新聞] 新台幣匯率 下探32大關,13
2022/9/22,Re: [新聞] 高盛估央行升1碼 台股整體量能有望回溫,14
2022/9/22,Re: [情報] 央行決議升息半碼,0
2022/9/22,Re: [情報] 央行決議升息0.5碼,0
2022/9/22,Re: [心得] 低利 +護盤 +護匯,13
2022/9/22,Re: [心得] 日本是不是在下一盤大棋,12
2022/9/22,[新聞] 3產品助威 高端疫苗明年營運鑲金,28
2022/9/22,Re: [情報] 央行決議升息半碼,56
2022/9/22,Re: [情報] 央行決議升息0.5碼,10
2022/9/22,Re: [新聞] 台股下萬四支撐 國安基金：恐慌氣氛收斂,17
2022/9/22,[新聞] 央行宣布升息半碼、存準率1碼 明年GDP無,39
2022/9/22,Re: [情報] 中央銀行理監事聯席會議會後記者會,22
2022/9/22,[情報] 0922 上市櫃外資投信同買排行,7
2022/9/22,[新聞] 菲律賓央行再升息2碼 打壓高通膨並支撐,35
2022/9/22,[新聞] 印尼意外升息2碼 寫下2018年來最大升幅,32
2022/9/22,[情報] 央行決議升息半碼,99
2022/9/22,[情報] 0922 上市櫃外資投信買超金額排行,3
2022/9/22,[情報] 2323中環取得陽明股票,70
2022/9/22,[心得] 股票還是要放久一點比較好?,54
2022/9/22,Re: [情報] 中央銀行理監事聯席會議會後記者會,14
2022/9/22,[新聞] 日本財務省進場干預匯市,33
2022/9/22,[新聞] 觀光股利多大禮包來了！飯店股、旅行社,30
2022/9/22,[情報] 0922 上市外資買賣超排行,73
2022/9/22,Re: [情報] 中央銀行理監事聯席會議會後記者會,10
2022/9/22,[請益] 明年不升息也不降息是利多嗎？,12
2022/9/22,Re: [標的] 大盤 利空出盡,9
2022/9/22,[新聞] 獨／太想出國！ 虎航開賣88元機票 訂票系統「塞爆」,7
2022/9/22,[情報] 中央銀行理監事聯席會議會後記者會,100
2022/9/22,Re: [其他] 有人想參加尚凡PTT股版第一次法說會嗎？,7
2022/9/22,Re: [心得] 日本是不是在下一盤大棋,16
2022/9/22,[情報] 111年09月22日 三大法人買賣金額統計表,100
2022/9/22,[情報] 111年09月22日 櫃買法人買賣金額統計表,11
2022/9/22,[情報] 0922 上市投信買賣超排行,48
2022/9/22,Re: [標的] 長榮航 2618 怎麼突然下殺了,5
2022/9/22,[新聞] 恐慌指數VIX曲線倒掛 美股罕見不祥之兆,26
2022/9/22,Re: [其他] 有人想參加尚凡PTT股版第一次法說會嗎？,100
2022/9/22,Re: [新聞] 加拿大升息5次「房價崩跌22％」台灣呢？,12
2022/9/22,Re: [心得] 日本是不是在下一盤大棋,12
2022/9/22,[新聞] 聯發科跌破前低、失守6字頭 創2年來新低,63
2022/9/22,[創作] 紅綠燈 - 鄭融 （水手改編版）,9
2022/9/22,[閒聊] 2022/09/22 盤後閒聊,100
2022/9/22,Re: [心得] 日本是不是在下一盤大棋,3
2022/9/22,[標的] 台積電 2330 600公分的GG怎麼處置？,36
2022/9/22,[新聞] 傳退出中國市場 八方雲集：營運不佳門市,49
2022/9/22,Re: [心得] 日本是不是在下一盤大棋,10
2022/9/22,[請益] TQQQ還是UPRO?,17
2022/9/22,Re: [心得] 日本是不是在下一盤大棋,58
2022/9/22,[新聞] 台股下萬四支撐 國安基金：恐慌氣氛收斂,52
2022/9/22,Re: [標的] 長榮航 2618 怎麼突然下殺了,51
2022/9/22,[標的] 中電1611 路燈多更多,2
2022/9/22,[標的] 長榮航 2618 怎麼突然下殺了,74
2022/9/22,[新聞] 聯準會年底前可能再升息5碼 鮑爾暗示衰退,31
2022/9/22,[新聞] 韓元匯率創13年來新低 韓財長揚言出手,15
2022/9/22,[新聞] 大賣空本尊發布特斯拉「空襲警報」,41
2022/9/22,[新聞] 0＋7來了！行政院宣布 10／13邊境解封,52
2022/9/22,[新聞] Fed暴力升息現金為王？瑞銀：難逃通膨侵,24
2022/9/22,[標的] 3114.TW好德 好der多,10
2022/9/22,[請益] 如何放空台灣房地產？,87
2022/9/22,Re: [標的］友達 空,15
2022/9/22,[請益] 6285 啟碁逆價差大,7
2022/9/22,Re: [新聞] Nvidia新顯卡被批漲太兇?黃仁勳：摩爾定,3
2022/9/22,Re: [新聞] Nvidia新顯卡被批漲太兇?黃仁勳：摩爾定,28
2022/9/22,[新聞] Nvidia新顯卡被批漲太兇?黃仁勳：摩爾定,99
2022/9/22,[標的] 大盤 利空出盡,44
2022/9/22,[心得] 外匯存底統計,23
2022/9/22,[新聞] 葉銀華：三大理由 央行會升息半碼,64
2022/9/22,[新聞] Fed升3碼！指數跌逾250點　晶圓雙雄帶頭,4
2022/9/22,[新聞] 跟隨Fed腳步 香港宣布升息3碼,100
2022/9/22,[新聞] 可以出國了！王必勝：10／15前「開放國,43
2022/9/22,[新聞] 《觀光股》全面解封 國慶大禮包來了？ 觀,15
2022/9/22,[新聞] 盤中速報 - 觀光類指數類股表現強勁,1
2022/9/22,[新聞] 解盲成功 北極星新藥2023拚藥證,14
2022/9/22,[新聞] 金融股明年不發股息？投資達人點名國泰,8
2022/9/22,[新聞] 鮑爾：曾經火熱的美國房市恐迎來「難難,85
2022/9/22,[新聞] 央行阻貶 組守匯國家隊,97
2022/9/22,[閒聊] 2022/09/22盤中閒聊,100
2022/9/22,[新聞] 一文掌握Fed重點決策：更鷹點狀圖、更多,25
2022/9/22,[新聞] 央行今理監事會 穩內需估升息半碼,97
2022/9/22,[新聞] Fed如預期升息3碼 明年終點利率預估升至4,41
2022/9/22,[新聞] Fed升息3碼「沒有意外」，為何美股還是大,42
2022/9/22,[新聞] 聯準會再升3碼 美股收黑道瓊跌逾500點,32
2022/9/22,Re: [標的] SQQQ.US 3x空QQQ 小心熊出沒,1
2022/9/22,[情報] FED 宣布升息3碼,100
2022/9/22,Re: [心得] 大家希望升息是真的希望救股市還是房,12
2022/9/22,[標的] 3357臺慶科，實施庫藏股,32
2022/9/22,[新聞] 加拿大升息5次「房價崩跌22％」台灣呢？,100
2022/9/21,[請益] 關於法說會的幾個問題,8
2022/9/21,[請益] ETF or 投資型保單的選擇,27
2022/9/21,Re: [新聞] 中鋼8月稅前盈餘 年減96％,11
2022/9/21,[心得] 聯準會會開出 4碼 加上 終端利率4.5%以上,-10
2022/9/21,[新聞] 台股本益比偏低 買點浮現,49
2022/9/21,Re: [心得] 大家希望升息是真的希望救股市還是房,8
2022/9/21,[情報] 9/21全市場當沖虧損最多的股票,59
2022/9/21,Re: [心得] 大家希望升息是真的希望救股市還是房,9
2022/9/21,[新聞] 中鋼8月稅前盈餘 年減96％,57
2022/9/21,Re: [標的] 高端疫苗(空),21
2022/9/21,[新聞] 創新板上市再鬆綁！上市市值降至10億,9
2022/9/21,[情報] 111年09月21日信用交易統計,23
2022/9/21,[新聞] 長榮航太今送件申請股票上市,11
2022/9/21,[心得] 盤後資料整理(Excel格式),5
2022/9/21,[新聞] 睽違三年多 傳AMD執行長蘇姿丰最快下周訪,94
2022/9/21,[新聞] 橘子手遊改版 衝Q4業績,10
2022/9/21,[情報] 9945潤泰新 擬認購潤泰全現增相關事宜,17
2022/9/21,[新聞] 央行明升息半碼？首購族利率飆破1.81%,99
2022/9/21,Re: [新聞] 普亭宣布部分動員令 國際油價應聲大漲,14
2022/9/21,[新聞] 台美升息在即限空令要出鞘了？金管會：,55
2022/9/21,[新聞] 打造ADC產業價值鏈 永昕與建誼簽MOU,4
2022/9/21,[心得] 行為金融學：行為偏誤如何影響投資決策？,35
2022/9/21,[情報] 0921八大公股銀行買賣超排行,7
2022/9/21,[創作] 勇氣~~~只要船也一樣的航行,6
2022/9/21,[創作] 可不可以漲回去 一 點 點 就好,18
2022/9/21,[情報] 0921 上市櫃外資投信同買排行,4
2022/9/21,[新聞] 友達軋空行情變空包彈 老手解密揭1原因,28
2022/9/21,[情報] 0921 上市櫃外資投信買超金額排行,2
2022/9/21,[新聞] 宏碁智醫AI篩檢軟體獲TFDA認證 累計取得,9
2022/9/21,[標的] 4163 鐿鈦 多,0
2022/9/21,[情報] 0921 上市外資買賣超排行,46
2022/9/21,[新聞] 普亭宣布部分動員令 國際油價應聲大漲,100
2022/9/21,[創作] 股市總司令-多重宇宙空軍版,47
2022/9/21,"[新聞] 陽明11,000TEU新船交付 投入美西線",29
2022/9/21,[情報] 111年09月21日 櫃買法人買賣金額統計表,12
2022/9/21,[新聞] 谷月涵解讀外資鍾情「這族群」,10
2022/9/21,[新聞] 北極星停牌宣布肺間皮癌新藥三期解盲成功,100
2022/9/21,[情報] 111年09月21日 三大法人買賣金額統計表,68
2022/9/21,[情報] 0921 上市投信買賣超排行,22
2022/9/21,[新聞] 加拿大央行升息策略奏效 8月CPI增速再,43
2022/9/21,[情報] 6550 北極星藥業-KY　重大訊息記者會,100
2022/9/21,[閒聊] 2022/09/21 盤後閒聊,100
2022/9/21,[新聞] 紐時：歐洲企業對投資中國失去興趣,31
2022/9/21,Re: [請益] 組每月配息的組合實際上有意義嗎？,0
2022/9/21,Re: [心得] 大家希望升息是真的希望救股市還是房市崩,11
2022/9/21,[新聞] 彭博唱衰亞洲IC設計廠,7
2022/9/21,Re: [心得] 大家希望升息是真的希望救股市還是房市崩,0
2022/9/21,[新聞] 邊境有望鬆綁，雄獅Q4迎解封商機,10
2022/9/21,[新聞] 學會兩大招術 好好退休過好日,11
2022/9/21,[新聞] 台積電安安寶寶 首次LINE貼圖閃亮登場,66
2022/9/21,[心得] 美國企業的強度已今非昔比,45
2022/9/21,Re: [心得] 大家希望升息是真的希望救股市還是房市崩,48
2022/9/21,Re: [請益] 組每月配息的組合實際上有意義嗎？,46
2022/9/21,[新聞] 福特市值一日蒸發70億美元 汽車供應鏈改,15
2022/9/21,[情報] 2542興富發&1808潤隆 台中建案工地火警,28
2022/9/21,Re: [心得] 大家希望升息是真的希望救股市還是房市崩,12
2022/9/21,[情報] 北極星解盲時間,63
2022/9/21,[標的] 台灣ETF 買全市場,13
2022/9/21,[新聞] 散裝、餐飲抗跌 台股整理 聚焦5族群,0
2022/9/21,[新聞] 末日博士羅比尼：漫長且醜陋的衰退,21
2022/9/21,[新聞] 蘋果好甜 外銷訂單翻紅,14
2022/9/21,[新聞] 蘋果機殼大廠「可成科技」爆內線交易近,60
2022/9/21,[閒聊] 2022/09/21盤中閒聊,100
2022/9/21,Re: [請益] 組每月配息的組合實際上有意義嗎？,29
2022/9/21,Re: [心得] 大家希望升息是真的希望救股市還是房市崩,34
2022/9/21,[新聞] 三星備貨 傳明年擴大下單聯電,32
2022/9/21,Re: [心得] 大家希望升息是真的希望救股市還是房市崩,9
2022/9/21,[心得] 你的選股標準是什麼？,26
2022/9/21,[新聞] 金融股明年不會發股息？ 大俠「Google就,0
2022/9/21,Re: [請益] 組每月配息的組合實際上有意義嗎？,18
2022/9/21,Re: [心得] AMD畢業嘍,7
2022/9/21,Re: [新聞] 市場聚焦Fed會議 主要指數承壓 道指跌逾3,16
2022/9/21,[標的] 3678 聯享  多,0
2022/9/21,Re: [新聞] 希臘土耳其恐爆發戰爭,25
2022/9/21,Re: [新聞] 全台瘋搶美元 台幣會一路貶到33.5？ 專家,17
2022/9/21,Re: [心得] 大家希望升息是真的希望救股市還是房市崩,22
2022/9/20,[新聞] 全台瘋搶美元 台幣會一路貶到33.5？ 專家,99
2022/9/20,Re: [心得] 大家希望升息是真的希望救股市還是房市崩,6
2022/9/20,[情報] 0920 上市櫃外資投信同買排行,2
2022/9/20,Re: [請益] 組每月配息的組合實際上有意義嗎？,10
2022/9/20,[情報] 0920 上市櫃外資投信買超金額排行,0
2022/9/20,[新聞] 市場聚焦Fed會議 主要指數承壓 道指跌逾3,7
2022/9/20,[情報] 9/20全市場當沖獲利最多的股票,31
2022/9/20,Re: [新聞] 郭哲榮：友達的軋空題材會成空包彈嗎？,4
2022/9/20,[新聞] 黑田估堅持負利率 日本成全球央行界「最,61
2022/9/20,[新聞] 36家券商年度財報須提前15天申報公告,1
2022/9/20,Re: [請益] 要押寶核能的話買哪隻比較好,31
2022/9/20,Re: [標的] 2610 華航 愛的迫降空,22
2022/9/20,[情報] 111年09月20日信用交易統計,21
2022/9/20,[新聞] 郭哲榮：友達的軋空題材會成空包彈嗎？,21
2022/9/20,[心得] 盤後資料整理(Excel格式),6
2022/9/20,[新聞] 跌破淨值仍不護股價 航運股最慘殺戮還在,40
2022/9/20,[新聞] Fed傳聲筒：鮑爾重寫央行年會講稿 粉碎鴿,75
2022/9/20,[新聞] 瑞典央行稱通膨過高 一口氣升息100基點,91
2022/9/20,[情報] 6133 金橋 說明本公司遭病毒感染,14
2022/9/20,[新聞] 金管會拯救保險業防疫保單危機的措施,1
2022/9/20,[請益] 美債ETF 利息和美元定存差不多嗎？,12
2022/9/20,Re: [請益] 組每月配息的組合實際上有意義嗎？,15
2022/9/20,[情報] 0920八大公股銀行買賣超排行,7
2022/9/20,Re: [請益] 想找一個台股加複委託推薦券商,5
2022/9/20,[新聞] 北極星藥業- KY（6550）明天暫停交易 「,83
2022/9/20,[新聞] 防疫保單鬆口氣！金管會出2招　產險業大,24
2022/9/20,[情報] 6550.TW 北極星藥業-KY 重訊,100
2022/9/20,[新聞] 愛車被擦撞！植物肉營運長抓狂「開葷」,44
2022/9/20,[新聞] 富邦金併日盛金　金管會過了！,49
2022/9/20,[心得] 美債2Y & 10Y殖利率剛剛持續創下52週高,34
2022/9/20,[情報] 台灣2022年8月外銷訂單統計-月增年增,42
2022/9/20,[情報] 0920 上市外資買賣超排行,39
2022/9/20,[心得] 台積電（多）,0
2022/9/20,[新聞] 拜登宣告新冠疫情大流行結束！餐飲股、飯,62
2022/9/20,[情報] 111年09月20日 櫃買法人買賣金額統計表,15
2022/9/20,[新聞] 對股市不樂觀 逾4成民眾估台股未來半年下,51
2022/9/20,Re: [新聞] 蘋果下月提高部分國家App Store定價 日韓歐均在調漲範圍,6
2022/9/20,[標的] 2488 空,17
2022/9/20,[情報] 111年09月20日 三大法人買賣金額統計表,79
2022/9/20,[情報] 0920 上市投信買賣超排行,32
2022/9/20,[新聞] 台電電網強化商機，法人點名宏泰唯一獲台,12
2022/9/20,[新聞] 元晶擬再擴400MW M10電池產能 估明年Q2開,13
2022/9/20,[新聞] 路博邁調查：近6成投資人認為台股低點已,42
2022/9/20,[閒聊] 2022/09/20 盤後閒聊,99
2022/9/20,[新聞] 蘋果下月提高部分國家App Store定價 日韓歐均在調漲範圍內,19
2022/9/20,"[新聞] 需求突放緩 紙箱原料""庫存嚴重過剩"" 美造",31
2022/9/20,[新聞] 台灣8月手機銷量慘兮兮 比金融海嘯時期還,43
2022/9/20,[新聞] 台積電股東數近140萬人創新高,68
2022/9/20,[新聞] 國境解封有望！航空股高飛 長榮航股價飆,33
2022/9/20,[新聞] 拉全家人貸款2千萬all in！投顧業務血本,94
2022/9/20,[心得] 新來的高股息ETF 這樣是不是很故意？,33
2022/9/20,[新聞] 中鋼看鋼市 10月是底部,57
2022/9/20,[新聞] 希臘土耳其恐爆發戰爭,99
2022/9/20,[新聞] 買400股長榮抱1年 他忍痛出清「虧損15萬,-10
2022/9/20,Re: [標的］友達 空,49
2022/9/20,[新聞]  出遊需求超旺！和潤iRent前八月賺逾5000,53
2022/9/20,[新聞] 美元太強 恐壓垮新興市場,43
2022/9/20,[新聞] 潤泰全球(2915)公告8月底財務資訊,27
2022/9/20,[閒聊] 2022/09/20盤中閒聊,100
2022/9/20,[新聞] 花旗環球降評頎邦 目標價腰斬,51
2022/9/20,[新聞] 迎戰升息周 金管會救市措施上膛,54
2022/9/20,[新聞] 大數字／散戶四個疑慮 不敢大舉追買,18
2022/9/20,[新聞] 拜登表示新冠大流行已過 疫苗股趴倒 莫德,36
2022/9/20,[新聞] 科技業匯兌利益 大豐收,16
2022/9/19,[新聞] 經濟部：10月電價凍漲 明年起高壓用戶夏,67
2022/9/19,Re: [新聞] 日元重貶 日本GDP、薪資倒退30年 國力,40
2022/9/19,[新聞] 花旗：危機蔓延 中國房地產業的不良貸款,39
2022/9/19,[標的] BA.US 波音公司 請益,24
2022/9/19,[新聞] 傳俠盜飛車手最新作品遭駭 Take-Two股價,16
2022/9/19,[新聞] 威強電今年業績戰新高，Q3營運恐見高峰,18
2022/9/19,[心得] 盤後資料整理(Excel格式),3
2022/9/19,[情報] 111年09月19日信用交易統計,20
2022/9/19,[心得] 保羅論：我們與崩盤的距離,7
2022/9/19,Re: [新聞] 日元重貶 日本GDP、薪資倒退30年 國力,8
2022/9/19,[情報] 9/19全市場當沖虧損最多的股票,72
2022/9/19,[新聞] 央行本22日召開會議 房貸利率將突破2%,94
2022/9/19,Re: [請益] 2603長榮忍痛出清,41
2022/9/19,[請益] 組每月配息的組合實際上有意義嗎？,24
2022/9/19,[新聞] 日元重貶 日本GDP、薪資倒退30年 國力,100
2022/9/19,[新聞] 2022年五檔最佳存股名單,60
2022/9/19,[心得] AMD畢業嘍,100
2022/9/19,Re: [情報] 00919 vs 00915 兩檔新出的高息etf,15
2022/9/19,[情報] 0919八大公股銀行買賣超排行,10
2022/9/19,[情報] 0919 上市櫃外資投信同買排行,1
2022/9/19,[情報] 6446藥華藥現增價408元,58
2022/9/19,[新聞] 需求急凍 中鋼8月稅前獲利3.44億月減逾8,41
2022/9/19,[情報] 0919 上市櫃外資投信買超金額排行,3
2022/9/19,[新聞] 10月起新電價凍漲 大戶夏月電價期間前後,28
2022/9/19,[請益] 群益融資減資零股強制轉現股？（長榮）,12
2022/9/19,[新聞] 緊縮氣氛濃烈 比特幣跌至2020以來最低,71
2022/9/19,[標的] 3515華擎.tw 做多,10
2022/9/19,[新聞] 晶片業恐釀大崩潰！專家揭恐怖暴跌潮：這,75
2022/9/19,[情報] 0919 上市外資買賣超排行,54
2022/9/19,[新聞] 〈新股IPO〉保時捷發行價曝光 估值最高750億歐元,20
2022/9/19,[情報] 111年09月19日 櫃買法人買賣金額統計表,16
2022/9/19,[心得] 2915潤泰全畢業囉～,57
2022/9/19,[心得] 2603長榮 嫁妝多（發錢）,100
2022/9/19,[情報] 111年09月19日 三大法人買賣金額統計表,63
2022/9/19,[情報] 0919 上市投信買賣超排行,15
2022/9/19,Re: [請益] 2603長榮忍痛出清,43
2022/9/19,[請益] 2603長榮忍痛出清,100
2022/9/19,[新聞] 台積電高雄廠鋼構案 傳敲定由中鋼構承包,13
2022/9/19,[情報] 2002中鋼8月份自結合併營收及稅前盈餘,44
2022/9/19,[閒聊] 2022/09/19 盤後閒聊,100
2022/9/19,Re: [新聞] 超級央行周 金管會要開股期市會議,12
2022/9/19,[新聞] 超級央行周 金管會要開股期市會議,40
2022/9/19,Re: [請益] 借錢買ETF套利,0
2022/9/19,[標的] 2385.TW 群光 積少成多,27
2022/9/19,[新聞] 新台幣匯率 下探32大關,100
2022/9/19,[新聞] 外資估央行升息一碼  九月下旬台股翻身,100
2022/9/19,[新聞] 林修銘讚台股擁3優勢：禁空令還不是時候,7
2022/9/19,Re: [標的] 2409 友達 (倒數5天回補日),18
2022/9/19,[新聞] 8月券商定期定額突破55億,30
2022/9/19,[新聞] 跌深是利多 台股布局正逢時,34
2022/9/19,Re: [請益] 借錢買ETF套利,19
2022/9/19,[新聞] 台積電高雄廠至今未動工!業界憂今年恐跳,100
2022/9/19,[公告] 簡易處置 改判,9
2022/9/19,[標的] 2498宏達電的停券原因(券商轉券)?,29
2022/9/19,[新聞] 《半導體》聯發科首攜華碩 電競手機傳捷,23
2022/9/19,[請益] 借錢買ETF套利,20
2022/9/19,[新聞] 耿鼎 Q3營運不看淡,8
2022/9/19,[閒聊] 2022/09/19 盤中閒聊,100
2022/9/19,[新聞] 谷底已過 板卡三雄齊盼Q4動能揚,31
2022/9/19,[新聞] 輝達急單到 台積大進補,40
2022/9/19,Re: [新聞] 美國房租為何勁揚？克魯曼帶出兩個關鍵,99
2022/9/19,Re: [新聞] 台灣9月恐再升息！　央行陷兩難景氣堪憂,38
2022/9/19,Re: [新聞] 台灣9月恐再升息！　央行陷兩難景氣堪憂,4
2022/9/18,[新聞] 美國房租為何勁揚？克魯曼帶出兩個關鍵,22
2022/9/18,[新聞] 長榮恢復交易 多空目標價竟差逾2倍,42
2022/9/18,[標的] 高端疫苗(空),65
2022/9/18,[新聞] 這3檔金融股「股價太委屈」　專家揭地板,18
2022/9/18,[心得] 本周美股機構觀點整理：滿山滿谷拓海,89
2022/9/18,[公告] 板規宣導,14
2022/9/18,[新聞] 「陶朱隱園」自動啟動隔震系統 結構體耐震等級同核電廠,96
2022/9/18,[新聞] 震不停！ 群創：台南廠部分機台保護性自動停機,32
2022/9/18,[新聞] 聯電高階主管Q2出脫持股近500張後2名副總,94
2022/9/18,Re: [標的] 2603長榮 禮拜一如果直直崩 該如何處置？,9
2022/9/18,[新聞] 台東強震 台積電南科廠疏散員工、聯電少,71
2022/9/18,[新聞] 長榮復牌首日會噴？法人最新看法出爐,32
2022/9/18,Re: [請益] 未來股市也是輕易向上突破前高嗎？,3
2022/9/18,Re: [新聞] 台灣9月恐再升息！　央行陷兩難景氣堪憂,9
2022/9/18,Re: [新聞] 台灣9月恐再升息！　央行陷兩難景氣堪憂,6
2022/9/18,Re: [新聞] 台灣9月恐再升息！　央行陷兩難景氣堪憂,35
2022/9/18,Re: [心得] Fed無法縮表到底，對股市的影響|論文解讀,15
2022/9/18,Re: [新聞] 台灣9月恐再升息！　央行陷兩難景氣,8
2022/9/18,Re: [新聞] 台灣9月恐再升息！　央行陷兩難景氣堪憂,4
2022/9/18,Re: [新聞] 台灣9月恐再升息！　央行陷兩難景氣堪憂,12
2022/9/18,Re: [新聞] 台灣9月恐再升息！　央行陷兩難景氣堪憂,97
2022/9/18,Re: [新聞] 台灣9月恐再升息！　央行陷兩難景氣堪憂,7
2022/9/18,Re: [標的] 2409 友達 (倒數5天回補日),39
2022/9/18,Re: [新聞] 台灣9月恐再升息！　央行陷兩難景氣堪憂,29
2022/9/18,Re: [新聞] 台灣9月恐再升息！　央行陷兩難景氣堪憂,13
2022/9/18,[新聞] 台股高息ETF規模衝破3千億 3數據創新高,14
2022/9/18,[請益] 有少子化受益股嗎,65
2022/9/18,[新聞] 投資人預期Fed擴大升息幅度 2年期美債殖,8
2022/9/18,[新聞] 匯價31元成起手式 台幣驟貶七傷拳,42
2022/9/18,[新聞] 黃天牧：台股沒有信心危機,10
2022/9/18,[新聞] 外銷訂單不妙 恐連二黑,14
2022/9/18,[新聞] 大數字／台股反彈 散戶激情不再,18
2022/9/18,[請益] 質押問題,5
2022/9/18,Re: [請益] 信貸買債券是否合理,16
2022/9/18,Re: [新聞] 台灣9月恐再升息！　央行陷兩難景氣堪憂,100
2022/9/18,[新聞] 張國煒送員工大禮！星宇航空登興櫃前加薪,15
2022/9/18,Re: [請益] 信貸買債券是否合理,13
2022/9/18,Re: [新聞] 台灣9月恐再升息！　央行陷兩難景氣堪憂,1
2022/9/17,[標的] 2376.tw 技嘉，對手停產多,37
2022/9/17,[公告] 0917 警告 水桶 多人,51
2022/9/17,Re: [新聞] 台灣9月恐再升息！　央行陷兩難景氣堪憂,17
2022/9/17,Re: [標的] 2603長榮 禮拜一如果直直崩 該如何處置？,10
2022/9/17,[新聞] 桑默斯：若Fed對激進升息有絲毫遲疑 美國,54
2022/9/17,[新聞] 台股週線連4黑 法人:待Fed會議後伺機反彈,30
2022/9/17,[新聞] 快訊／捷克參議院主席德拉霍斯率團訪台！,31
2022/9/17,Re: [新聞] 台灣9月恐再升息！　央行陷兩難景氣堪憂,49
2022/9/17,[新聞] 永豐金：Q4出口可能衰退,34
2022/9/17,[新聞] 中國半導體寒冬　3470家廠商倒閉、IC產量,37
2022/9/17,[新聞] 三大理由 長榮19日復牌有亮點,87
2022/9/17,[請益] 美股大家都怎麼選標的?,51
2022/9/17,Re: [新聞] 台灣9月恐再升息！　央行陷兩難景氣堪憂,5
2022/9/17,Re: [新聞] 台灣9月恐再升息！　央行陷兩難景氣堪憂,0
2022/9/17,Re: [新聞] 台灣9月恐再升息！　央行陷兩難景氣堪憂,3
2022/9/17,[標的] 2603長榮 禮拜一如果直直崩 該如何處置？,74
2022/9/17,[公告] 09/17 處置公告,2
2022/9/17,Re: [新聞] 台灣9月恐再升息！　央行陷兩難景氣堪憂,0
2022/9/17,[新聞] 謝金河示警台灣成「最危險國度」外資,29
2022/9/17,Re: [新聞] EVGA：將不會推出 NV 40顯卡與後續,0
2022/9/17,Re: [請益] 有沒有廠商生產邊運動邊發電的設備?,3
2022/9/17,[新聞] 市場估美升息4碼機率低 預測台灣央行半碼,16
2022/9/17,Re: [新聞] 台灣9月恐再升息！　央行陷兩難景氣堪憂,13
2022/9/17,Re: [新聞] 台灣9月恐再升息！　央行陷兩難景氣堪憂,100
2022/9/17,[請益] 股票停損變現的選擇,33
2022/9/17,[新聞] 不甩拜登警告 iPhone14拆解見陸廠長江存,24
2022/9/17,[新聞] 全球升息狂潮 世銀警告經濟加速衰退,38
2022/9/17,[請益] 00713元大高息低波是不是低調不錯？,58
2022/9/17,Re: [新聞] 台灣9月恐再升息！　央行陷兩難景氣堪憂,41
2022/9/17,Re: [請益] 信貸買債券是否合理,11
2022/9/17,[新聞] 群聯高層 加碼自家股,8
2022/9/17,Re: [請益] 信貸買債券是否合理,13
2022/9/17,[心得]當沖前後任王者大對決世芯VS.??,16
2022/9/17,[新聞] 高盛估央行升1碼 台股整體量能有望回溫,88
2022/9/17,Re: [新聞] 台灣9月恐再升息！　央行陷兩難景氣堪憂,36
2022/9/17,Re: [請益] 面對漲漲跌跌 心態該怎麼調整呢,2
2022/9/17,Re: [請益] 信貸買債券是否合理,5
2022/9/17,[標的] 今年是不是沒有一個總經高手預測的準,66
2022/9/17,[新聞] 德銀預估：Fed終點利率將逼近5%,38
2022/9/17,Re: [新聞] 台灣9月恐再升息！　央行陷兩難景氣堪憂,26
2022/9/17,[請益] 有沒有廠商生產邊運動邊發電的設備?,27
2022/9/17,[請益] 定期定額-新手發問,40
2022/9/17,[新聞] EVGA：將不會推出 NV 40顯卡與後續,86
2022/9/17,[新聞] 報告：散戶持續逢低買入美股 但若跌破6,19
2022/9/17,[新聞] 台灣9月恐再升息！　央行陷兩難景氣堪憂,95
2022/9/17,Re: [新聞] 美國本周房貸利率升破6% 創2008年金融危機以來新高,-10
2022/9/17,[創作] 哈囉,17
2022/9/16,[心得] 盤後資料整理(Excel格式),4
2022/9/16,[情報] 9/16全市場當沖虧損最多的股票,50
2022/9/16,[新聞] 經濟衰退陰霾籠罩 標普500指數跌破3900點,28
2022/9/16,[新聞] 邊境解封有望！ 觀光股開趴「這2檔超漲」,20
2022/9/16,[情報] 111年09月16日信用交易統計,17
2022/9/16,[請益] 力積電6770今天爆15萬張是甚意思?,15
2022/9/16,[情報]  6547 高端疫苗 受邀舉辦法說會,41
2022/9/16,[新聞] 台灣50納入永豐金、剔除力積電 外資投信,16
2022/9/16,[新聞] 美國本周房貸利率升破6% 創2008年金融危機以來新高,100
2022/9/16,[標的] 富邦NASDQA正2 00670L,22
2022/9/16,[新聞] 國泰金(2882)下半年是存股好時機？,56
2022/9/16,[新聞] 外資大賣永豐金 押寶力積電1.5萬張,12
2022/9/16,[新聞] 投信好瘋狂 敲進這檔金融股逾11萬張,10
2022/9/16,[新聞] 港務公司靠陽明2年賺60億元 成本回收差一步,41
2022/9/16,[新聞] 中華工程新董座周志明 走馬上任！,11
2022/9/16,[新聞] 股利發很大！00900股價跌慘「有救嗎？」,0
2022/9/16,[情報] 0916八大公股銀行買賣超排行,10
2022/9/16,[情報] 0916 上市櫃外資投信同買排行,1
2022/9/16,[請益] 0056為什麼不出正二,44
2022/9/16,[情報] 0916 上市櫃外資投信買超金額排行,4
2022/9/16,Re: [情報] 0916 SCFI 指數 2312.65 (-249.47),21
2022/9/16,[請益] 金融股 投資方法大家怎麼選?,32
2022/9/16,[情報] 外資及陸資買賣超成值50名 20220916,9
2022/9/16,[情報] 0916 上市外資買賣超排行,47
2022/9/16,[創作] 無間道,8
2022/9/16,[新聞] SCFI腰斬 法人降評 陽明萬海的股價逆轉秀,26
2022/9/16,[創作]當你孤單你會想起誰,18
2022/9/16,Re: [情報] 3504揚明光 H1EPS 0.62,13
2022/9/16,[情報] 111年09月16日 櫃買法人買賣金額統計表,20
2022/9/16,[情報] 0916 SCFI 指數 2312.65 (-249.47),88
2022/9/16,[情報] 111年09月16日 三大法人買賣金額統計表,100
2022/9/16,[新聞] 拜登調解 勞資協議 加薪24%+獎金5000元,100
2022/9/16,[創作] 不怕不怕,7
2022/9/16,[情報] 0916 上市投信買賣超排行,24
2022/9/16,Re: [新聞] 金管會：建構複委託管理平台,5
2022/9/16,[標的] 大盤 韭留美也做空,15
2022/9/16,[標的] 4935.TW 茂林-KY 多,18
2022/9/16,[創作] 韭勇者 (孤勇者),33
2022/9/16,[閒聊] 2022/09/16 盤後閒聊,39
2022/9/16,[新聞] 通膨飆 阿根廷央行利率調升550基點至75％,100
2022/9/16,R:[請益] 股市崩盤時對00878等ETF的影響??,9
2022/9/16,[新聞] 美股今年收在哪 策略師：比現在略漲,7
2022/9/16,[標的] SOXS 吃FED豆腐多,8
2022/9/16,Re: [請益] 股市崩盤時對00878等ETF的影響??,7
2022/9/16,[新聞] 傳10月10日邊境解封「0+7」上線 旅行社,79
2022/9/16,Re: [新聞] 凌陽車用晶片獲導入前裝市場，明年Q2放量,5
2022/9/16,[標的] 1736.TW 喬山,6
2022/9/16,[新聞] 凌陽車用晶片獲導入前裝市場，明年Q2放量,13
2022/9/16,[標的] 正新2105 中橡2104 復甦多,44
2022/9/16,[新聞] 銀行、壽險業避險 砍台股600億,32
2022/9/16,[新聞] 聯邦快遞CEO：全球經濟即將步入衰退,32
2022/9/16,[閒聊] 2022/09/16 盤中閒聊,91
2022/9/16,[新聞] 台幣匯率 確立31元新常態,100
2022/9/16,[新聞] 什麼都賣的雅虎電商　這回要把自己賣了？,42
2022/9/16,[新聞] 面板雙虎減資 有利可圖,33
2022/9/16,Re: [心得] Fed無法縮表到底，對股市的影響|論文解讀,17
2022/9/16,[請益] 200張友達該賣嗎？減資行情嗎？,55
2022/9/15,[新聞] 面板庫存何時達成去化？集邦估：最快明年,34
2022/9/15,[新聞] 沈榮津：上市櫃具基本面 市場終給合理價,8
2022/9/15,[新聞] 宏碁小金虎 倚天酷碁將IPO,23
2022/9/15,[新聞] 金管會：建構複委託管理平台,17
2022/9/15,[情報] 9/15全市場當沖虧損最多的股票,31
2022/9/15,Re: [新聞] 美債殖利率走升 預期Fed擴大升息幅度 2年,11
2022/9/15,[情報] 111年09月15日信用交易統計,42
2022/9/15,[心得] 盤後資料整理(Excel格式),5
2022/9/15,[新聞] 車用半導體商機多大?黃崇仁透露和台積,28
2022/9/15,Re: [新聞] 美債殖利率走升 預期Fed擴大升息幅度 2年,14
2022/9/15,[新聞] 台股擂台/「多空狙擊手」莊佳螢：蘋果追,17
2022/9/15,[新聞] 政院宣布延長降稅穩物價 財部：稅損近百,57
2022/9/15,[新聞] 證交所引資 鴻海等47家公司將參與谷月涵,53
2022/9/15,[標的] 興富發(2542)適合當長期存股標的嗎,31
2022/9/15,[新聞] 美債殖利率走升 預期Fed擴大升息幅度 2年,25
2022/9/15,[請益] 股市崩盤時對00878等ETF的影響??,22
2022/9/15,[請益] 有關亞泥,50
2022/9/15,[情報] 0915八大公股銀行買賣超排行,10
2022/9/15,[新聞] 華廣CGM策略調整，台灣先練兵拚Q1上市，,5
2022/9/15,[情報] 0915 上市櫃外資投信同買排行,0
2022/9/15,[新聞] 中媒示弱:中晶片已被鎖喉 不值得美再出拳,93
2022/9/15,[情報] 0915 上市櫃外資投信買超金額排行,0
2022/9/15,[新聞] 華爾街第一槍！高盛集團下周裁員百人　2,35
2022/9/15,[情報] 外資及陸資買賣超成值50名 20220915,3
2022/9/15,[情報] 0915 上市外資買賣超排行,51
2022/9/15,[情報] 00919 群益台灣精選高息ETF成分股,49
2022/9/15,[情報] 111年09月15日 櫃買法人買賣金額統計表,23
2022/9/15,[新聞] 中鋼10月及第4季全產品基價 平均調降2.64,39
2022/9/15,[情報] 0915 上市投信買賣超排行,25
2022/9/15,[情報] 111年09月15日 三大法人買賣金額統計表,76
2022/9/15,[新聞] 《航運股》神隊友助攻業績 榮運飆漲停,22
2022/9/15,[閒聊] 2022/09/15 盤後閒聊,100
2022/9/15,[新聞] 中信3原因降評萬海 示警明年獲利驟減8成,38
2022/9/15,[新聞] 台積電開低走高 除息首日順利填息完封,43
2022/9/15,[情報] 00878 00881 收益分配通知書發放,22
2022/9/15,[新聞] 昇銳客戶拉貨動能強，9月營收估續攻堅,8
2022/9/15,[新聞] 美國鐵路罷工威脅大宗商品市場,14
2022/9/15,Re: [新聞] 中華電：同業頻譜超標應繳回,11
2022/9/15,[新聞] 中華電：同業頻譜超標應繳回,28
2022/9/15,[新聞] 假男友幫投資...妙齡女險遭詐10萬,24
2022/9/15,[新聞] 《傳產》散裝船運價 9月漲勢驚人,33
2022/9/15,[新聞] 鈺太 打進車用麥克風生態系,27
2022/9/15,Re: [請益] 存ETF到底有什麼問題？,12
2022/9/15,Re: [新聞] 墨比爾斯：Fed利率可能升到9%才觸頂,32
2022/9/15,Re: [標的] 4438.TW 廣越 拉貨多,48
2022/9/15,[新聞] 美參院外委會通過台灣政策法案,100
2022/9/15,[閒聊] 2022/09/15盤中閒聊,100
2022/9/15,Re: [心得] Fed無法縮表到底，對股市的影響|論文解讀,6
2022/9/15,[新聞] 高股息ETF大PK 00900配最高跌最重 00731,20
2022/9/15,[新聞] 市況轉淡 萬海長約價重談,58
2022/9/15,[新聞] 傳爭取如興股東委託書　國發基金發2點聲,4
2022/9/15,Re: [請益] 技術分析我到底漏了什麼,5
2022/9/15,[新聞] 台積電今除息2.75元　市值將減713億元,24
2022/9/15,[情報] 00878收益分配,19
2022/9/15,[新聞] 傳油價若跌破80美擬回補戰備儲油,2
2022/9/15,[標的] 歐洲繼續升息美股就不容易大跌吧？,11
2022/9/15,[新聞] 墨比爾斯：Fed利率可能升到9%才觸頂,100
2022/9/14,[新聞] 美8月PPI捎來好消息 主要指數開高走高,36
2022/9/14,[請益] 存ETF到底有什麼問題？,82
2022/9/14,[情報] 9/14全市場當沖獲利最多的股票,17
2022/9/14,[新聞] 蔡英文總統：讓台灣半導體產業再創高峰,-10
2022/9/14,[新聞] 美國8月生產者物價指數下滑0.1% 通膨壓力,25
2022/9/14,[新聞] 抑制天然氣價格飆漲 歐盟9月30日緊急開會,15
2022/9/14,[心得] 盤後資料整理(Excel格式),5
2022/9/14,[新聞] 馬斯克：建議Fed降息1碼 大幅升息恐引發,68
2022/9/14,[新聞] 野村預估Fed下周將升息4碼,27
2022/9/14,[情報] 111年09月14日信用交易統計,19
2022/9/14,[新聞] 台美10月將討論晶片法案細節 經濟部：盼,13
2022/9/14,Re: [心得] Fed無法縮表到底，對股市的影響|論文解讀,9
2022/9/14,[新聞] 美前財長支持聯準會升息4碼：若不調升至,48
2022/9/14,[新聞] 美銀初評航空雙雄 劣於大盤,24
2022/9/14,Re: [請益] 股息不是左手換右手再扣二代健保嗎？,29
2022/9/14,[請益] 投信出ETF績效爛沒有罰則嗎,65
2022/9/14,[新聞] 外資提款重災區集中金融股 轉賣超台積電,0
2022/9/14,[心得] Fed無法縮表到底，對股市的影響|論文解讀,100
2022/9/14,[情報] 0914八大公股銀行買賣超排行,8
2022/9/14,Re: [心得] 2020-2022投資心得,29
2022/9/14,[新聞] 財部金管會喊話：國安基金持續護盤,79
2022/9/14,[情報] 0914 上市櫃外資投信同買排行,0
2022/9/14,[情報] 0914 上市櫃外資投信買超金額排行,0
2022/9/14,Re: [請益] 股息不是左手換右手再扣二代健保嗎？,22
2022/9/14,Re: [新聞] 高股息ETF新兵報到！群益台灣精選高息ETF,15
2022/9/14,[情報] 外資及陸資買賣超成值50名 20220914,8
2022/9/14,[請益] 非美國稅務居民 wash sale 有差嗎?,20
2022/9/14,[情報] 0914 上市外資買賣超排行,46
2022/9/14,[情報] 111年09月14日 櫃買法人買賣金額統計表,23
2022/9/14,[新聞] 方略參與國際半導體展 秀圓柱型新世代面,16
2022/9/14,[情報] 111年09月14日 三大法人買賣金額統計表,100
2022/9/14,[情報] 0914 上市投信買賣超排行,27
2022/9/14,[新聞] 國泰金：明年還會配發股利,56
2022/9/14,[閒聊] 2022/09/14 盤後閒聊,100
2022/9/14,[請益] 夜盤大跌 日盤ALLIN做多是不是勝利方程式,44
2022/9/14,Re: [新聞] 央行下周升息？ 市場估半碼,33
2022/9/14,[請益] 股息不是左手換右手再扣二代健保嗎？,85
2022/9/14,[新聞] 傳大陸海思高薪向台灣人才招手 經長：修,39
2022/9/14,[新聞] 台積電除息要買嗎? 法人:以國安基金角度,27
2022/9/14,[新聞] 台股跌300點 專家:目前看不出國安護盤跡,58
2022/9/14,[心得] 投資是否一定要讀書？讀多少本才夠？,61
2022/9/14,[新聞] 台灣巴菲特吸金41億更一審宣判　改判14年,33
2022/9/14,[新聞] 證交所：企業基本面佳 投資人應理性操作,42
2022/9/14,Re: [標的] 6820.tw連訊(興櫃) 多,6
2022/9/14,[新聞] 股價跌至三字頭　力積電黃崇仁：市場過度,98
2022/9/14,Re: [請益] 油價跌=CPI急跌 是不是最天真的想法,75
2022/9/14,[新聞] Fed這波升息循環的終點利率可能超過4%,59
2022/9/14,Re: [標的] YANG.US 三倍放空中國ETF,0
2022/9/14,Re: [請益] Line投顧群組都會割韭菜嗎,16
2022/9/14,[新聞] 外資大逃亡！台幣暴貶2.4角、殺破31元 創,100
2022/9/14,[請益] 要怎麼分辨是盤整盤或趨勢盤,6
2022/9/14,[新聞] 美股雪崩美富豪們財富一天蒸發2.9兆元 貝佐斯最大苦主,33
2022/9/14,[新聞] 央行下周升息？ 市場估半碼,100
2022/9/14,[閒聊] 2022/09/14盤中閒聊,100
2022/9/14,[新聞] 台股基金 買點浮現,30
2022/9/14,[新聞] 拜登喊話安撫市場：股市不必然反映經濟,97
2022/9/14,Re: [標的] SQQQ.US 3x空QQQ 小心熊出沒,7
2022/9/14,[請益] 除權息前後對於ETF折溢價的影響,7
2022/9/14,[新聞] 逾2年最慘！道瓊狂瀉近1300點　納指及費,100
2022/9/14,Re: [請益] Line投顧群組都會割韭菜嗎,2
2022/9/14,[新聞] 防疫雙險理賠破900億 業者哀求：改回PCR,56
2022/9/14,Re: [請益] 油價跌=CPI急跌 是不是最天真的想法,13
2022/9/14,Re: [請益] 油價跌=CPI急跌 是不是最天真的想法,43
2022/9/14,[請益] 總經、企業數據的預期值都是誰訂的啊？,20
2022/9/14,[情報] 9/13全市場當沖虧損最多的股票,4
2022/9/13,Re: [請益] Line投顧群組都會割韭菜嗎,9
2022/9/13,[新聞] 美升息外資跑 黃天牧:台股資金非只靠外資,50
2022/9/13,[標的] 花仙子1730 請益,11
2022/9/13,[心得] 盤後資料整理(Excel格式),3
2022/9/13,[請益] 油價跌=CPI急跌 是不是最天真的想法,61
2022/9/13,[請益] 會計師意見準嗎？,14
2022/9/13,[新聞] 亞洲線運價驚見破盤價 長榮下周復牌能買,22
2022/9/13,[新聞] 金融逆勢抗跌 法人：靜待升息紅利發酵,6
2022/9/13,Re: [情報] 美國8月CPI,41
2022/9/13,[請益] 先知道CPI數據的人不就賺翻？,41
2022/9/13,Re: [請益] 信貸買債券是否合理,3
2022/9/13,[新聞] 壽險淨值比不到3％ 金管會考慮出手救,37
2022/9/13,[新聞] 捷流閥業前八月合併營收寫同期新高,2
2022/9/13,[請益] 定期定額策略請教,12
2022/9/13,[新聞] 連展科技插旗電動車充電站運營,6
2022/9/13,[新聞] 攜手印度Vedanta設半導體廠 鴻海證實選址,13
2022/9/13,[新聞] 不忍了！美國物價、房租漲翻 天后歌手怒,100
2022/9/13,[情報] 111年09月13日信用交易統計,22
2022/9/13,[新聞] 通膨不妙！美股期指直線下殺 道瓊期翻黑,56
2022/9/13,[新聞] 美國8月CPI年增8.3%高於預期 美股期貨短,44
2022/9/13,[新聞] 瑞鼎、聯詠 法人看好,22
2022/9/13,[新聞] 高股息ETF新兵報到！群益台灣精選高息ETF,15
2022/9/13,Re: [新聞] 美禁AI晶片銷陸 暴風圈擴大,100
2022/9/13,Re: [情報] 美國8月CPI,99
2022/9/13,[情報] 美國8月CPI,100
2022/9/13,[請益] 信貸買債券是否合理,38
2022/9/13,[情報] 2327國巨減資換發股票基準日 10/28,24
2022/9/13,[請益] 00646S&P500為何值得買?,30
2022/9/13,[情報] 0913八大公股銀行買賣超排行,15
2022/9/13,[新聞] 藥明生物等製藥股下跌，拜登簽署行政令,5
2022/9/13,[情報] 0913 上市櫃外資投信同買排行,0
2022/9/13,[新聞] 規模破千億元！不敗教主揭「超猛2數據」,-10
2022/9/13,[情報] 3228 金麗科 7月自結-0.01,55
2022/9/13,[請益] 年線上買年線下賣搭配開槓桿,6
2022/9/13,[情報] 0913 上市櫃外資投信買超金額排行,1
2022/9/13,[新聞] 海運後市雜音不斷 台驊董座顏益財：明年,96
2022/9/13,[新聞] 盤中零股撮合縮短至1分鐘 12/19上路,42
2022/9/13,"[標的] 有未來趨勢的標的: Pfizer (NYSE:PFE), FANG+ ETF 00757",20
2022/9/13,[標的] 群聯(8299)跟瑞昱(2379)哪個未來性比較好,8
2022/9/13,Re: [新聞] 美禁AI晶片銷陸 暴風圈擴大,34
2022/9/13,[標的] 6153 嘉聯益 關鍵分點再買？,0
2022/9/13,[情報] 0913 上市外資買賣超排行,30
2022/9/13,[新聞] 美8月CPI今晚揭曉　瑞信警告「通膨崩潰」,76
2022/9/13,[情報] 111年09月13日 櫃買法人買賣金額統計表,18
2022/9/13,[情報] 百和（9938）8月份自結合併損益相關資訊,3
2022/9/13,[新聞] 美國司法部調查做空亞馬遜、微軟、摩根大,22
2022/9/13,[創作] 公開資訊觀測站轉發訊息,13
2022/9/13,[情報] 111年09月13日 三大法人買賣金額統計表,63
2022/9/13,[情報] 0913 上市投信買賣超排行,29
2022/9/13,Re: [情報] 上市上櫃處置行事曆,1
2022/9/13,[新聞] 愛達荷州新廠動工 美光：另一美國廠近期公布,9
2022/9/13,[新聞] 《興櫃股》乾杯8月營收衝新高 搶入秋商,19
2022/9/13,[新聞] 馬士基噴噴ing 長榮買不到改買陽明 這大,9
2022/9/13,[閒聊] 2022/09/13 盤後閒聊,100
2022/9/13,[情報] 2743山富現增價50元,28
2022/9/13,[新聞] 《熱門族群》5G FWA設備今年出貨量倍增,10
2022/9/13,[新聞] 脫口秀概念股出現 陸股洲際油氣節後漲停,9
2022/9/13,[新聞] 富邦媒8月營收寫同期新高，網家再探22個,30
2022/9/13,Re: [請益] 利用高股息ETF實行複利的可行性？,9
2022/9/13,[請益] 填息一定要完全填嗎？,21
2022/9/13,[新聞] 美禁AI晶片銷陸 暴風圈擴大,13
2022/9/13,[新聞] 這檔紡織黑馬8月營收年增148% 飆漲超過4,28
2022/9/13,[新聞] 聯電22奈米報喜 奪美商航太高密度MRAM訂,28
2022/9/13,Re: [新聞] 房市轉淡興富發大舉推案500億 鄭欽天：2%,25
2022/9/13,[新聞] 任天堂盤中大漲6% 「斯普拉遁3」開賣三天,74
2022/9/13,[請益] 價差和股利的權衡？,40
2022/9/13,[新聞] 新唐 拿下日系車廠大單,14
2022/9/13,Re: [請益] 美國公司債目前是好標的？,4
2022/9/13,[標的] 4908前鼎多 (8月 月增4.18%，年增7.31%),3
2022/9/13,[新聞] 投行高盛 開始大規模裁員,22
2022/9/13,[閒聊] 2022/09/13 盤中閒聊,100
2022/9/13,Re: [心得] 有人完全靠技術分析賺錢的嗎？,100
2022/9/13,Re: [新聞] 外資青睞航運金融等族群 投信連56個交易,10
2022/9/12,[新聞] 美通膨依舊太高 Fed 9月升息3碼機率達88,25
2022/9/12,[情報] 4432銘旺實 八月營收 月增年增,7
2022/9/12,[新聞] 摩根大通：蘋果新iPhone和Apple Watch備,35
2022/9/12,[情報] 9/12全市場當沖虧損最多的股票,15
2022/9/12,Re: [請益] 未上市股票推薦認購?,11
2022/9/12,[請益］航空股的股價超過航運的可能性？,20
2022/9/12,[心得] 盤後資料整理(Excel格式),5
2022/9/12,[請益] 0052怎麼前幾年配很少，去年突然發10元？,8
2022/9/12,[新聞] 蘋果新品火熱 鴻海大贏家,29
2022/9/12,[情報] 111年09月12日信用交易統計,23
2022/9/12,[情報] 111年【8月份金控股】EPS排名(全已公布),37
2022/9/12,[新聞] 美升息續壓台股量能？金管會暗示：利率,0
2022/9/12,[新聞] 前八月稅收2.26兆元創同期新高 證交稅連,3
2022/9/12,[新聞] 寶成：製鞋業務比疫前還好 8月營收年增逾,44
2022/9/12,[新聞] AirPods Pro2 吊繩賣到缺貨  力麗可望受,50
2022/9/12,[新聞] 外資青睞航運金融等族群 投信連56個交易,5
2022/9/12,[新聞] 航運景氣恐墜谷底？日媒曝2大驚人反轉：,24
2022/9/12,[新聞] 強勢美元！會掀起新興市場危機嗎？央行總,13
2022/9/12,[新聞] 央行總裁楊金龍：台灣經濟前景三隱憂,32
2022/9/12,[情報] 0912八大公股銀行買賣超排行,13
2022/9/12,[情報] 111年【1-8月金控含銀行】累績EPS排行,68
2022/9/12,[情報] 0912 上市櫃外資投信同買排行,1
2022/9/12,[新聞] 日本擬大幅放寬入境人數上限 並開放個人,54
2022/9/12,[情報] 0912 上市櫃外資投信買超金額排行,1
2022/9/12,[情報] 2882國泰金8月 0.11,84
2022/9/12,[請益] CCAM CCIB套利,0
2022/9/12,[情報] 中環取得有價證券陽明海運,61
2022/9/12,[情報] 彩晶買回股份之金額達新台幣三億元以上,0
2022/9/12,[情報] 3702 大聯大8月自結合併營收,2
2022/9/12,[新聞] 運價直落壞預兆？專家:長榮出關有望補漲,29
2022/9/12,[情報] 2881富邦金 8月自結,54
2022/9/12,[請益] 未上市股票推薦認購?,13
2022/9/12,[情報] 0912 上市外資買賣超排行,33
2022/9/12,[新聞] 台灣PS遊戲主機唯一代理商 宏碁遊戲13日興櫃掛牌,21
2022/9/12,[情報] 111年09月12日 櫃買法人買賣金額統計表,14
2022/9/12,[新聞] 以後不用排隊結帳！小七宣布年底前門市,100
2022/9/12,Re: [請益] 美國公司債目前是好標的？,11
2022/9/12,[情報] 潤泰新 潤泰全 111年8月營收,36
2022/9/12,[新聞] 馬斯克重磅警告!大幅加息將導致通貨緊縮,42
2022/9/12,[情報] 111年09月12日 三大法人買賣金額統計表,69
2022/9/12,[情報] 0912 上市投信買賣超排行,27
2022/9/12,[情報] 2308台達電8月營收 mom+3.05% yoy+35.71%,14
2022/9/12,[情報] 8931 大汽電 八月營收 年增53.88%,1
2022/9/12,[創作] 股市總司令,96
2022/9/12,[情報] 1217愛之味8月營收 MOM+23.78% YOY+4.88%,22
2022/9/12,[情報] 2610華航8月營收 mom-1.39% yoy+14.20%,14
2022/9/12,[情報] 8044網家 8月營收,13
2022/9/12,[新聞] 塞港緩解？陽明董座曝1現象否認　後市看3,7
2022/9/12,[請益] 股票現金再平衡，錢跟不上股票漲幅怎辦,4
2022/9/12,[閒聊] 2022/09/12 盤後閒聊,100
2022/9/12,[情報] 1101 台泥 八月營收,11
2022/9/12,[情報] 2753八方雲集8月營收 mom+0.4% yoy+16.2%,29
2022/9/12,[情報] 2002中鋼 8月營收-7.4%MoM -13.1%YoY,41
2022/9/12,Re: [新聞] 金融存股族進場1／財政部預算書「洩底」,12
2022/9/12,[新聞]大同王光祥：原物料工資皆漲 今年房價下修,27
2022/9/12,Re: [新聞] 金融存股族進場1／財政部預算書「洩底」,2
2022/9/12,[新聞] 宏碁小虎隊添新兵 旗下PS5代理商13日登興,19
2022/9/12,Re: [新聞] 金融存股族進場1／財政部預算書「洩底」,2
2022/9/12,Re: [新聞] 搶蘋果商機 PChome推iPhone訂閱方案,6
2022/9/12,[新聞] 金融存股族進場1／財政部預算書「洩底」,14
2022/9/12,[新聞] 台積電早盤大漲15元 市值增加3889億元,29
2022/9/12,[新聞] 路透社：美國將再禁止3家公司出口14奈米,34
2022/9/12,[情報] 6609瀧澤科 8月營收-8.9%MoM -8.1%YoY,9
2022/9/12,[閒聊] 2022/09/12 盤中閒聊,100
2022/9/12,[新聞] 台股軋空 四跡象浮現,28
2022/9/12,[新聞] 10月新電價 可望凍漲,28
2022/9/11,Re: [請益] 技術分析我到底漏了什麼,7
2022/9/11,[新聞] 南亞科八月業績-22% 旺季不旺,24
2022/9/11,[新聞] 台積電除息行情來了？台股領中秋禮包,26
2022/9/11,[新聞] 台股短線醞釀跌深反彈 12檔強勢股受關注,8
2022/9/11,[新聞] 搶蘋果商機 PChome推iPhone訂閱方案,16
2022/9/11,Re: [新聞] 日本政府：須防止日圓過度貶值,39
2022/9/11,[新聞] 烏克蘭大捷 可望激勵全球股市,100
2022/9/11,Re: [請益] 技術分析我到底漏了什麼,8
2022/9/11,[新聞] 大力改革？PChome 內部信流出，從微軟 36,68
2022/9/11,[情報] 0908 處置股風險統計排行,2
2022/9/11,[新聞] 合一利多加持 法人買超,2
2022/9/11,Re: [請益] 技術分析我到底漏了什麼,9
2022/9/11,[新聞] 美西塞港不再 全球供應鏈瓶頸緩解,50
2022/9/11,[新聞] 日本政府：須防止日圓過度貶值,100
2022/9/11,[心得] 本周Fed觀點、褐皮書、機構觀點整理,36
2022/9/11,[新聞] 台股新一波回補潮啟動 友達、群創領銜添,22
2022/9/11,[心得] 產業營收整理-part2,100
2022/9/11,Re: [請益] 技術分析我到底漏了什麼,9
2022/9/11,[新聞] 美國電力芯片制造商Wolfspeed宣布建設世,20
2022/9/11,Re: [請益] 技術分析我到底漏了什麼,3
2022/9/11,Re: [心得] 有人完全靠技術分析賺錢的嗎？,17
2022/9/11,[請益] 技術分析我到底漏了什麼,100
2022/9/11,Re: [新聞] 亞幣狂貶國際資金外流？央行難題全解析,3
2022/9/11,[新聞] 郭哲榮：台幣貶夠了嗎？台股跌夠了嗎？,18
2022/9/11,Re: [新聞] 亞幣狂貶國際資金外流？央行難題全解析,2
2022/9/11,[新聞] 亞幣狂貶國際資金外流？央行難題全解析,89
2022/9/11,[請益] 買股票的成交價高於網路下單的限價,0
2022/9/11,[新聞] 貨櫃大哥長榮19日關出來更大尾？大咖法人,54
2022/9/11,[創作] 肥韭好慘,5
2022/9/11,[新聞] 新制勞退報酬率 明年力拚3.83％,7
2022/9/11,[心得] 如何穩定產出每天當沖獲利的對帳單,20
2022/9/11,Re: [請益] 電子化股利通知書,10
2022/9/11,[新聞] 美國升息已近目標利率！可逢低分批佈局了,39
2022/9/11,[新聞] 就在下周！美國另一場經濟災難 拜登恐也,37
2022/9/11,[請益] 電子化股利通知書,30
2022/9/11,[請益] 長期存美股可能要被扒兩層皮優點在哪,32
2022/9/11,Re: [心得] 有人完全靠技術分析賺錢的嗎？,1
2022/9/11,[請益] UVXY 漲跌根據,9
2022/9/11,Re: [心得] 有人完全靠技術分析賺錢的嗎？,16
2022/9/10,[請益] 00891現在適合默默低撿屯倉嗎？,26
2022/9/10,Re: [心得] 有人完全靠技術分析賺錢的嗎？,43
2022/9/10,Re: [心得] 有人完全靠技術分析賺錢的嗎？,4
2022/9/10,Re: [新聞] 萬海美國線缺長約支撐8月營收年減13.6%,12
2022/9/10,[新聞] 《金融股》今年獲利亮眼 臺企銀：明年不,45
2022/9/10,[請益] 除權息前搶買有平準金的ETF的意義？,22
2022/9/10,Re: [心得] 有人完全靠技術分析賺錢的嗎？,100
2022/9/10,[新聞] 快訊／國鼎新冠新藥EUA書面審查結果出爐,38
2022/9/10,[新聞] Fed：美國抗通膨須持續升息政策至2023年,42
2022/9/10,Re: [請益] 借1000W投資 vs.借1500W(其中500W純還貸,28
2022/9/10,Re: [新聞] 美國通脹開始逆轉？大摩預計8月CPI月率將,3
2022/9/10,Re: [新聞] 美國通脹開始逆轉？大摩預計8月CPI月率將,3
2022/9/10,[新聞] iPhone 14將用中國晶片？ 美議員警告蘋果,34
2022/9/10,[創作] 中秋狂想曲,3
2022/9/10,[新聞] 英特爾執行長：大陸5年內不會攻台,69
2022/9/10,Re: [新聞] 美國通脹開始逆轉？大摩預計8月CPI月率將,49
2022/9/10,Re: [心得] 有人完全靠技術分析賺錢的嗎？,19
2022/9/10,[新聞] 女股神批鮑爾升息升錯了 美國正從通膨轉,60
2022/9/10,[新聞] 美國通脹開始逆轉？大摩預計8月CPI月率將,60
2022/9/10,Re: [心得] 有人完全靠技術分析賺錢的嗎？,49
2022/9/10,[新聞] 中秋節後投資大解碼 台股資金將歸隊,17
2022/9/10,Re: [心得] 大盤殺到底之時 可能在明年第一季,0
2022/9/10,[情報] 花仙子1730、宏全9939 8月營收,5
2022/9/10,[創作] 寂寞邊界,28
2022/9/09,[新聞] 美元走弱、油價強升 道瓊升逾0.5% 帶動主,52
2022/9/09,[情報] 2206 三陽工業 8月營收,28
2022/9/09,Re: [標的] 兆豐金(2886)的股價目前算是被市場高估嗎,15
2022/9/09,Re: [心得] 我想的一生投資的股現金配置,9
2022/9/09,[心得] 09/12 ~09/16 美國重要經濟數據,33
2022/9/09,Re: [請益] 個股停利之後結果股價飛出去是看錯嗎?,2
2022/9/09,[新聞] 卡位秒填息？台積電股東飆升逾139萬,44
2022/9/09,[新聞] 富采傳旗下公司強迫員工休假 公司：是鼓,42
2022/9/09,Re: [標的] 2330 台積電 討論殖利率與US-10yr回歸,4
2022/9/09,[標的] 2330 台積電 討論殖利率與US-10yr回歸,21
2022/9/09,[請益] 個股停利之後結果股價飛出去是看錯嗎?,76
2022/9/09,Re: [標的] 8091 翔名科技低檔慢慢存,28
2022/9/09,[情報] 0909 SCFI 指數 2562.12 (-285.5),100
2022/9/09,[新聞] 歐美各國擬設俄油價格上限44美元　俄威脅,99
2022/9/09,Re: [新聞] 馬斯克：SpaceX與蘋果談過iPhone衛星,0
2022/9/09,[新聞] 蝦皮母公司正退出數個拉丁美洲國家市場,43
2022/9/09,[情報] 3221 台嘉碩 8月 -17.29YoY -33.99%MoM,7
2022/9/09,Re: [心得] 有人完全靠技術分析賺錢的嗎？,50
2022/9/09,[標的] 兆豐金(2886)的股價目前算是被市場高估嗎,48
2022/9/09,[新聞] 網家執行長張瑜珊 上任一個月首要任務曝,96
2022/9/09,[新聞] 南早：中國以色列年底擬簽自貿協議,16
2022/9/09,Re: [新聞] 馬斯克：SpaceX與蘋果談過iPhone衛星通訊合作,14
2022/9/09,[新聞] 萬海美國線缺長約支撐8月營收年減13.6%,25
2022/9/09,[新聞] 台新銀向第3人不當催收「父債子還」 金管會重罰1000萬,22
2022/9/09,Re: [請益] 借1000W投資 vs.借1500W(其中500W純還貸,12
2022/9/09,[新聞] 馬斯克：SpaceX與蘋果談過iPhone衛星通訊合作,23
2022/9/09,[新聞] Google執行長暗示裁員：希望將營運效率,22
2022/9/09,[請益] 為什麼00713比起00878討論度很低?,42
2022/9/09,[新聞] 不要離場！劉坤錫：台股年底拚返萬六,31
2022/9/09,[新聞] 太陽能模組需求旺 元晶、安集8月營收年增,10
2022/9/08,[情報] 0908 上市櫃外資投信同買排行,5
2022/9/08,[心得] 盤後資料整理(Excel格式),3
2022/9/08,[新聞] 鮑爾再放鷹 9月升3碼成定局,96
2022/9/08,[情報] 9/8全市場當沖虧損最多的股票,17
2022/9/08,[請益] 想請問00891最近被低調？抬頭00900？,9
2022/9/08,Re: [請益] 鴻海是最後一棒嗎?,7
2022/9/08,[新聞] SNAP CEO內部信:上調2023指引,9
2022/9/08,[新聞] 加拿大央行升息3碼 預告還會再升,26
2022/9/08,[情報] 3479 安勤 111年8月營收,3
2022/9/08,[心得] 從萬六存到萬四，到底能不能存股？,96
2022/9/08,[情報] 111年09月08日信用交易統計,15
2022/9/08,[新聞] 連四次升息兩碼後，澳央總裁暗示不排除,9
2022/9/08,[新聞] 歐洲央行史無前例地加息 75 個基點,70
2022/9/08,[新聞] 劉坤錫：萬四將成W短底 外資賣超停手要,13
2022/9/08,[新聞] 為抑制高通膨 韓國央行：須先發制人,47
2022/9/08,[新聞] 楊金龍：台灣不以Fed政策為師,100
2022/9/08,Re: [情報] 111年09月08日 櫃買法人買賣金額統計表,45
2022/9/08,[請益] 求推薦冷門非電子績優定存股,100
2022/9/08,[情報] 0908八大公股銀行買賣超排行,7
2022/9/08,[情報] 2615萬海8月-10.83%MoM -13.58%YoY,100
2022/9/08,[情報] 2367燿華 8月營收MoM+7.57% YoY+83.86%,12
2022/9/08,[情報] 2887 台新金8月自結0.12 /累計0.49,23
2022/9/08,[情報] 租賃三雄 8月營收,12
2022/9/08,[情報] 0908 上市櫃外資投信買超金額排行,0
2022/9/08,[情報] 6279胡連 8月營收 +18.5%MoM  +65.4%YoY,10
2022/9/08,[情報] 2845 遠東銀 8月自結 0.1,44
2022/9/08,[情報] 2636台驊投控 8月 -10.8%MoM -46.0%YoY,35
2022/9/08,[情報] 華碩2357、技嘉2376、微星2377 8月營收,24
2022/9/08,[情報] 2454聯發科8月營收 月增9.32% 年增4.42%,43
2022/9/08,[情報] 2609陽明 8月營收-4.5%mom +7.03%yoy,53
2022/9/08,[情報] 2883 開發金8月自結0.11 /累計1.11,46
2022/9/08,[情報] 3030 德律8月自結 單月EPS:0.79,6
2022/9/08,[標的]  台灣高鐵 2633 未來解封多,36
2022/9/08,[創作]美股K線 專屬台灣人的即時看盤軟體,100
2022/9/08,[情報] 6547高端疫苗8月營收 mom-22.7% yoy-99.9%,100
2022/9/08,[情報] 2888新光金 8月自結,18
2022/9/08,[情報] 1102 亞泥 8月營收,9
2022/9/08,[情報] 6116彩晶8月營收MOM+6.05% YOY-32.16%,6
2022/9/08,[情報]  2886兆豐金 8月自結0.2 /累計1.07,29
2022/9/08,[情報] 生達1720、邦特4107 8月營收,2
2022/9/08,[情報] 敦陽科2480、零壹3029 8月營收,5
2022/9/08,[情報] 2884 玉山金 8月自結,29
2022/9/08,[情報] 正隆1904、聯華食1231、聯強2347 8月營收,2
2022/9/08,[情報] 2027/8415 大成鋼/大國鋼 8月營收,14
2022/9/08,[情報] 6770力積電 8月營收,36
2022/9/08,[新聞] 成都封城時間一再延長！ 7成區域仍封鎖,51
2022/9/08,[情報] 2880 5880 華南金 合庫金111年8月自結,14
2022/9/08,[情報] 5880 合庫金 8月自結 0.11/累計0.97,13
2022/9/08,[情報] 0908 上市外資買賣超排行,28
2022/9/08,[情報] 2812 台中銀 8月自結 0.09 /累計0.74,18
2022/9/08,[情報] 致茂8月營收23.12億 mom+12.5% yoy+63%,4
2022/9/08,[情報] 111年09月08日 櫃買法人買賣金額統計表,13
2022/9/08,[新聞] 廣越8月營收創新高 訂單能見度達年底,7
2022/9/08,[請益] 如何判斷台積電股價不是國巨2.0？,58
2022/9/08,[情報] 8069元太8月營收 mom+15.8% yoy+221.3%,39
2022/9/08,[情報] 3481群創 8月營收 mom-3.0% yoy-51.3%,14
2022/9/08,[情報] 2892 第一金 8月自結,20
2022/9/08,[情報] 漢平 8月營收3.39億 YoY:+66.94%,8
2022/9/08,[新聞] 海運運價持續疲軟 再添全球經濟衰退疑慮,14
2022/9/08,[新聞] 騰訊永久放棄蝦皮全部投票權並退出董事會,66
2022/9/08,[創作]谷市,1
2022/9/08,[情報] 111年09月08日 三大法人買賣金額統計表,99
2022/9/08,[情報] 0908 上市投信買賣超排行,17
2022/9/08,[情報] 2836 高雄銀 8月自結 eps 0.03,17
2022/9/08,[情報] 2388威盛8月營收 mom+67.96% yoy+69.11%,45
2022/9/08,Re: [情報] 2409 友達 8月營收 月減8.1%年減51%,29
2022/9/08,[情報] 2834 臺企銀 8月自結 eps 0.1,26
2022/9/08,[情報] 8916光隆8月營收 mom+16.9% yoy+148.9%,29
2022/9/08,[閒聊] 2022/09/08 盤後閒聊,24
2022/9/08,[情報] 6216居易8月營收 mom-16.2% yoy-29.4%,25
2022/9/08,[情報] 2409 友達 8月營收 月減8.1%年減51%,68
2022/9/08,[情報] 3360尚立8月營收 mom+48.3% yoy+39.8%,21
2022/9/08,[情報] 2330台積電 8月營收,100
2022/9/08,[新聞] 營收衝新高！雲豹能源子公司台普威建置台,25
2022/9/08,Re: [標的] 3454 晶睿有富爸爸撐腰！,8
2022/9/08,Re: [請益] 大盤跟7月初一樣，為什麼昨天沒人畢業,21
2022/9/08,[新聞] 擴大去美元化 中俄天然氣採購改用人民幣,100
2022/9/08,[標的] 2327.TW 國巨 1.0 泰銘哥發中秋節禮金,13
2022/9/08,[新聞] WSJ：Fed 9月很可能連三度升息3碼,29
2022/9/08,Re: [新聞] 駁央行政策致經濟失落 楊金龍：台灣穩定成,4
2022/9/08,[閒聊] 2022/09/08盤中閒聊,100
2022/9/08,[新聞] 三大關鍵新品亮相！蘋果發表會盤點,40
2022/9/08,[新聞] 新款iPhone最大驚喜：沒有漲價,36
2022/9/08,Re: [新聞] 駁央行政策致經濟失落 楊金龍：台灣穩定成,27
2022/9/08,Re: [標的] GSAT.US 14多,6
2022/9/08,Re: [新聞] 駁央行政策致經濟失落 楊金龍：台灣穩定成,37
2022/9/08,[新聞] 新台幣將測試31元心理關卡 貶勢踩煞車端,32
2022/9/08,[新聞] 股市剉咧等 Fed 9月升息3碼機率達82％,29
2022/9/08,[請益] 核心CPI並沒有降 ?,35
2022/9/07,[情報] 9/7全市場當沖最賺錢的股票,12
2022/9/07,Re: [新聞] 駁央行政策致經濟失落 楊金龍：台灣穩定成,100
2022/9/07,Re: [標的] 4120 友華 PTT法人 人踩人空,11
2022/9/07,[心得] 盤後資料整理(Excel格式),1
2022/9/07,[新聞] 光寶8月合併營收創3年同期新高 年增14%,9
2022/9/07,[情報] 111年09月07日信用交易統計,28
2022/9/07,[情報] 0907 上市櫃外資投信同買排行,3
2022/9/07,[新聞] 台積電跌16.5元 市值日減4278.5億元,46
2022/9/07,[新聞] 三星：半導體前景黯淡 看不到明年復甦,73
2022/9/07,[情報] 0907 上市櫃外資投信買超金額排行,0
2022/9/07,[請益] 請問外資報告可以從哪裡取得?,20
2022/9/07,[情報] 2891中信金 8月自結,26
2022/9/07,Re: [情報] 2603長榮8月營收 mom-8.5% yoy+14.8%,53
2022/9/07,Re: [新聞] 駁央行政策致經濟失落 楊金龍：台灣穩定成,14
2022/9/07,[情報]  3406 玉晶光 八月營收,20
2022/9/07,[新聞] 金管會：必要時採相應穩定措施,41
2022/9/07,[情報] 0907八大公股銀行買賣超排行,13
2022/9/07,[新聞] 上櫃公司基本面穩健 櫃買中心呼籲投資人,15
2022/9/07,[情報] 群聯買回庫藏股累積數量占已發行股份總,6
2022/9/07,[新聞] 上市公司體質穩、韌性強 證交所:投資大眾,11
2022/9/07,[新聞] 8月出口不如預期　財部估第3季起吹冷風、,32
2022/9/07,[新聞] 先進製程頻傳遭砍單 台積電重申「前景展,27
2022/9/07,[情報] 2603長榮8月營收 mom-8.5% yoy+14.8%,100
2022/9/07,[新聞] 生技大逃殺 北極星製藥續跌停 上市生技,39
2022/9/07,[新聞] 芯片法案後續：美國宣佈10年禁令，擁有「,96
2022/9/07,[情報] 2890永豐金 8月自結,34
2022/9/07,[情報] 外資買賣前50名 20220907,5
2022/9/07,[新聞] 運價跌勢難預測 陽明：合約價面臨重新談,99
2022/9/07,[創作] 天黑請閉眼,31
2022/9/07,[新聞] 限空令出不出？證交所董座林修銘這樣說,41
2022/9/07,[情報] 達欣工 8月營收 YOY +53.4%,23
2022/9/07,[情報] 0907 上市外資買賣超排行,43
2022/9/07,[創作] 一場遊戲一場夢,7
2022/9/07,[情報] 3035 智原 8月營收 年增48.52%,18
2022/9/07,[請益] 日圓正二是不是下一檔原油正二？,18
2022/9/07,[情報] 6237驊訊8月營收 mom-15.3% yoy-85.6%,28
2022/9/07,[情報] 0907 上市投信買賣超排行,23
2022/9/07,[情報] 4919 新唐八月營收 月增4.96% 年增7.17%,21
2022/9/07,[情報] 111年09月07日 櫃買法人買賣金額統計表,19
2022/9/07,[情報] 2889國票金 8月自結,32
2022/9/07,[創作] 崩 The crash,13
2022/9/07,[新聞] 駁央行政策致經濟失落 楊金龍：台灣穩定成,100
2022/9/07,[創作]北極星的眼淚,9
2022/9/07,[情報] 111年09月07日 三大法人買賣金額統計表,96
2022/9/07,[新聞] 馬斯克擔心「第三次世界大戰快爆發」不買推特,30
2022/9/07,[標的] 9934 成霖 笑死多,49
2022/9/07,[情報] 2885 元大金 111年8月自結 0.23,40
2022/9/07,[創作] 笑死,78
2022/9/07,[情報] 1301 1303 6505 1326 台塑四寶8月營收,20
2022/9/07,[閒聊] 2022/09/07 盤後閒聊,30
2022/9/07,[請益] 奇怪的K線,13
2022/9/07,[新聞] 浦項鋼鐵、現代製鐵位於浦項廠都停產 災,16
2022/9/07,[新聞] 陽明今日舉辦法說會，Q4市況受矚目,53
2022/9/07,[情報] 6147頎邦8月營收 mom-6.8% yoy-29.2%,55
2022/9/07,[新聞] 設備業：台積關四台EUV 是為升級,100
2022/9/07,[新聞] 股匯雙殺！台幣早盤重貶近1.5角 31關卡不,81
2022/9/07,Re: [標的] 台積 技術反彈多,0
2022/9/07,[新聞]車用晶片缺貨潮 畫休止符,63
2022/9/07,Re: [請益] 從高點存股到現在還在存是不是錯了？,27
2022/9/07,[新聞] 台股盤中》生技股爆大逃殺！氣氛低迷,29
2022/9/07,[新聞] 台積目標價 驚見3字頭,81
2022/9/07,Re: [新聞] 台積電遭四大客戶砍單 領跌台股早盤,58
2022/9/07,[情報] 3189景碩 111年8月營收,19
2022/9/07,[新聞] 美元升高亞幣疲弱 謝金河:新版亞洲金融風,28
2022/9/07,Re: [心得] 大盤殺到底之時 可能在明年第一季,33
2022/9/07,[標的] 2409.TW 友達,24
2022/9/07,[新聞] 宏碁小虎隊 前8月營收續站高,24
2022/9/07,[新聞] 台積電遭四大客戶砍單 領跌台股早盤挫,99
2022/9/07,Re: [請益] 從高點存股到現在還在存是不是錯了？,0
2022/9/07,[新聞] 不怕暈船 台驊加碼長榮海持股,17
2022/9/07,Re: [請益] 美國公司債目前是好標的？,11
2022/9/07,[請益] 從高點存股到現在還在存是不是錯了？,49
2022/9/07,[閒聊] 2022/09/07 盤中閒聊,100
2022/9/07,Re: [新聞] 英鎊跌至1985年以來新低 新首相出爐未阻,44
2022/9/07,Re: [情報] 愛榭克：美股關鍵買點浮現 Q3絕地大反攻,21
2022/9/07,[新聞] 顯卡報價跳水 台鏈營運承壓,99
2022/9/07,[新聞] DXY氣勢如虹 日元賣壓重 盤中失守143關卡,24
2022/9/07,[新聞] 大盤低點 內資看到萬一,70
2022/9/07,[情報] 兩年期美債殖利率3.5%了,50
2022/9/07,Re: [新聞] 投信好會！趕在停牌前上船 買爆長榮6千多,6
2022/9/07,[新聞] 苦日子要到了！聯準會升息吞噬消費力,19
2022/9/06,[新聞] 10檔蘋概股破底翻法人押寶 1類股卻轉弱,5
2022/9/06,[情報] 8183 精星 8月營收,15
2022/9/06,[新聞] 聯準會真的無法軟著陸了嗎？,62
2022/9/06,[標的] 2610 華航 愛的迫降空,16
2022/9/06,[新聞]群光8月營收102.6億元連三個月突破百億大,21
2022/9/06,[情報] 9/6全市場當沖虧損最多的股票,33
2022/9/06,[情報] 111年09月06日信用交易統計,23
2022/9/06,[新聞] 0056輸00878一大截...多年股價30之下？專,-10
2022/9/06,[新聞] 台積電將關閉四台EUV 小摩：維持「優於大,86
2022/9/06,[新聞] 台股萬五築底後露曙光？ 他說國安基金可,5
2022/9/06,[心得] 盤後資料整理(Excel格式),4
2022/9/06,[情報] 2809京城銀庫藏股執行完畢,7
2022/9/06,[情報] 華南永昌 8月營收,3
2022/9/06,[情報] 6446 藥華藥 8月營收 mom-40% yoy+573%,58
2022/9/06,[情報] 0906 上市櫃外資投信同買排行,0
2022/9/06,[情報] 0906 上市櫃外資投信買超金額排行,1
2022/9/06,Re: [新聞] 投信好會！趕在停牌前上船 買爆長榮6千多,35
2022/9/06,[新聞] 川普旗下TMGT上市計畫恐泡湯 DWAC盤前股價崩跌逾23%,2
2022/9/06,Re: [標的] 3454 晶睿有富爸爸撐腰！,6
2022/9/06,[新聞] 美晶片法案施行細節出爐 明年2月前接受業,14
2022/9/06,[新聞] 力積電跌幅48%不怕？網喊「黃董已給暗示,54
2022/9/06,[情報] 2881富邦金 訂定除權交易日及新股上市日,22
2022/9/06,[情報] 0906八大公股銀行買賣超排行,9
2022/9/06,"Re: [新聞] 外資落跑潮 匯出5,000億",36
2022/9/06,[新聞] 越南南定省打人才戰 盼高科技台廠進駐帶,35
2022/9/06,[新聞] 瑞信：美國晶片法對台積電影響有限,10
2022/9/06,[新聞] 「金絲雀」為全球經濟敲響警報 韓元再創1,48
2022/9/06,[新聞] 3家壽險淨值比低於3%紅線 金管會緊盯,11
2022/9/06,[新聞] 聯電台幣匯率加持連11個月創新高,22
2022/9/06,Re: [新聞] 投信好會！趕在停牌前上船 買爆長榮6千多,19
2022/9/06,Re: [請益] 凹單是人性 哪有那麼衰我才不信！,10
2022/9/06,[新聞] 投信好會！趕在停牌前上船 買爆長榮6千多,13
2022/9/06,"[新聞] 外資落跑潮 匯出5,000億",43
2022/9/06,Re: [新聞] 航運陷供過於求 滙豐砍長榮目標價至90元,8
2022/9/06,[情報] 4114健喬8月營收 mom+5% yoy+44%,11
2022/9/06,[請益] 凹單是人性 哪有那麼衰我才不信！,26
2022/9/06,[新聞] 主計總處：8月CPI年增率降至2.66%,94
2022/9/06,[情報] 0906 上市外資買賣超排行,41
2022/9/06,[情報]4763材料-KY 8月營收 mom 11.9% yoy 98.3%,10
2022/9/06,[情報] 2303聯電8月營收 mom+2% yoy+34.9%,63
2022/9/06,[請益] 平準金制度真的好嗎？,16
2022/9/06,"[情報] 2498宏達電 8月營收 +2.7%mom,-14.6%yoy",66
2022/9/06,[情報] 6531愛普*8月營收 mom-5.7% yoy-43.8%,20
2022/9/06,[情報] 5299杰力 111年8月營收,6
2022/9/06,[情報]  6435大中111年8月營收,8
2022/9/06,[情報] 111年09月06日 櫃買法人買賣金額統計表,24
2022/9/06,[情報] 0906 上市投信買賣超排行,65
2022/9/06,Re: [請益] 縮表對股市的影響是什麼?,5
2022/9/06,[情報] 111年09月06日 三大法人買賣金額統計表,78
2022/9/06,[情報] 9938百和 8月營收,3
2022/9/06,[情報] 3034聯詠8月營收mom-4.9% yoy-49.5%,55
2022/9/06,[新聞] 長榮減資60％ 減資後9月19日以187元登場,59
2022/9/06,[情報] 新光鋼8月營收月增65.59%年增51.42%,14
2022/9/06,[情報] 2497怡利電 8月營收 年增94.49%,35
2022/9/06,[閒聊] 2022/09/06 盤後閒聊,25
2022/9/06,Re: [請益] 想請教ETF規模變大的問題,20
2022/9/06,[新聞] 庫存消不完 穩懋全新8月營收受寒,17
2022/9/06,[新聞] 民不聊生 土耳其通膨率飆破80% 24年來首,68
2022/9/06,[請益] 美股投資稅務問題,4
2022/9/06,[心得] 大盤殺到底之時 可能在明年第一季,61
2022/9/06,[請益] 想請教ETF規模變大的問題,10
2022/9/06,Re: [請益] 目前手上只剩1成現金會不會太危險?,10
2022/9/06,[新聞] 長榮「瘦身」倒數明起停牌　本土法人喊,29
2022/9/06,Re: [請益] 目前手上只剩1成現金會不會太危險?,4
2022/9/06,[新聞] 軒嵐諾害南韓水深火熱　工廠火災淹水同,19
2022/9/06,[新聞] 福斯集團：年底前保時捷首次公開發行,27
2022/9/06,[標的] 2603.TW 長榮 要不要來減資一下？,29
2022/9/06,[新聞] 俄斷天然氣 德急發650億歐元補助 多個產,100
2022/9/06,[新聞] 長榮減資倒數計時 本土法人看目標價177元,28
2022/9/06,[標的] 3105 穩懋 對岸封城搶糧搶豬肉多,7
2022/9/06,[新聞] 嘉聯益8月營收18.24億元 創44個月新高,23
2022/9/06,Re: [新聞] OPEC+決定減產 下月每日總產量少10萬桶,26
2022/9/06,[新聞] 貨櫃運價指數料再跌 明年恐有航商轉虧,77
2022/9/06,[閒聊] 2022/09/06盤中閒聊,100
2022/9/06,[新聞] 中秋節前賣壓重、節後回升機率高 鎖定,11
2022/9/06,[新聞] 英鎊跌至1985年以來新低 新首相出爐未阻,18
2022/9/06,[新聞] 油金銀期貨大漲 連動ETF齊漲1～2％,6
2022/9/06,[心得] 產業營收整理-part1,100
2022/9/06,[請益] 早期高利率配息大約多少呢,8
2022/9/06,[情報] 華通 111年8月營收71.88億、年增23.68%,14
2022/9/06,Re: [請益] 縮表對股市的影響是什麼?,10
2022/9/06,[情報] 6104 創惟 8月營收 MoM -16.7% Yo,23
2022/9/05,Re: [請益] 合資開投資公司,8
2022/9/05,[情報] 9/5全市場當沖虧最多的股票,24
2022/9/05,[情報] 3293.TW 鈊象 8月營收,14
2022/9/05,Re: [新聞] OPEC+決定減產 下月每日總產量少10萬桶,19
2022/9/05,[新聞] 手機衛星通訊夯 聯發科利多,8
2022/9/05,Re: [新聞] OPEC+決定減產 下月每日總產量少10萬桶,9
2022/9/05,[標的] 3454 晶睿有富爸爸撐腰！,5
2022/9/05,[新聞] OPEC+決定減產 下月每日總產量少10萬桶,49
2022/9/05,[新聞] 黃天牧：待情勢明朗 外資仍會回歸台股,28
2022/9/05,[新聞] 運價殺戮有多慘？謝金河：不只航運 2大,31
2022/9/05,[請益] 目前手上只剩1成現金會不會太危險?,99
2022/9/05,[心得] 盤後資料整理(Excel格式),4
2022/9/05,[新聞] 台股量縮至2000億上下 黃天牧：需要關注,9
2022/9/05,Re: [標的] 2409 友達 (中環減資軋空即將重新上演),39
2022/9/05,[情報] 111年09月05日信用交易統計,30
2022/9/05,Re: [請益] 美國公司債目前是好標的？,3
2022/9/05,Re: [請益] 美國公司債目前是好標的？,9
2022/9/05,[標的] 3034.TW 聯詠  逢低攤平多,29
2022/9/05,[新聞] 投信連52買！今年來13檔每月必買股出列,14
2022/9/05,[新聞] 中國人行下調外匯存款準備金率2個百分點 阻人民幣貶勢,40
2022/9/05,Re: [請益] 海運股價回歸到10元左右的機率有多大？,0
2022/9/05,[新聞] 7至9月持續進埸調節 央行強調「沒有放手,73
2022/9/05,[情報] 0905 上市櫃外資投信同買排行,5
2022/9/05,[新聞] 快訊／高端「新冠疫苗」評估數據曝光！,-10
2022/9/05,[新聞] 台船將與韓國造船廠合作爭取陽明5艘LNG船,27
2022/9/05,[情報] 2838聯邦銀 8月自結,22
2022/9/05,[情報] 0905八大公股銀行買賣超排行,8
2022/9/05,Re: [請益] 海運股價回歸到10元左右的機率有多大？,50
2022/9/05,[情報] 3141晶宏8月營收 mom-8.5% yoy-21%,28
2022/9/05,[情報] 0905 上市櫃外資投信買超金額排行,0
2022/9/05,[新聞] 力積電為什麼跌這麼多？法人曝主要關鍵,57
2022/9/05,[新聞] 華航「皮卡丘彩繪機」首航時間點出爐！9／30先飛日本微旅行,13
2022/9/05,[情報] 2474可成7月自結1.74,31
2022/9/05,Re: [請益] 美國公司債目前是好標的？,9
2022/9/05,Re: [請益] 持續升息會影響存股意願嗎?,12
2022/9/05,[新聞] 大立光8月營收44.41億元、月增14% 為今年,27
2022/9/05,[新聞] 南亞科8月營收34億元 探近42個月低點,36
2022/9/05,[新聞] 俄天然氣斷供 歐盟曝2大炸彈隨時引爆,58
2022/9/05,Re: [請益] 持續升息會影響存股意願嗎?,0
2022/9/05,"[新聞] 鴻海8月營收4,489億元創同期新高",18
2022/9/05,[請益] 縮表對股市的影響是什麼?,20
2022/9/05,[情報] 0905 上市外資買賣超排行,56
2022/9/05,[新聞] 快訊／旭隼曝：疑有投資Line群冒名傳中籤,19
2022/9/05,[請益] 持續升息會影響存股意願嗎?,28
2022/9/05,[情報] 2317 鴻海 八月營收,38
2022/9/05,[情報] 4958臻鼎8月營收 年增13.9%,7
2022/9/05,[新聞] 中國鋼鐵人軟腳 最大鋼企獲利腰斬,22
2022/9/05,[情報] 111年09月05日 櫃買法人買賣金額統計表,24
2022/9/05,[新聞] 任澤平：新能源是未來3-5年最好的賽道,15
2022/9/05,[情報] 111年09月05日 三大法人買賣金額統計表,74
2022/9/05,[情報] 0905 上市投信買賣超排行,25
2022/9/05,[情報] 8942森鉅 8月營收,5
2022/9/05,[情報] 3443創意 八月營收月增年增,20
2022/9/05,[新聞] 中籤率僅0.9%！伊雲谷明將抽籤 抽中現賺5,57
2022/9/05,[閒聊] 2022/09/05 盤後閒聊,24
2022/9/05,[情報] 6768志強-KY 111年8月營收,8
2022/9/05,Re: [請益] 美國公司債目前是好標的？,17
2022/9/05,[標的] 有沒有追蹤低本益比指數的ETF,16
2022/9/05,[新聞] 中共20大前疫情難控　成都延長封控、深圳,96
2022/9/05,Re: [請益] 美國公司債目前是好標的？,25
2022/9/05,Re: [請益] 美國公司債目前是好標的？,11
2022/9/05,[標的] 6770.TW 力積電要怎麼懂？,100
2022/9/05,[新聞] 央行22日估連三升 預期再升半碼,99
2022/9/05,Re: [新聞] 美元指數飆破110 新台幣重貶逾一角、觸,1
2022/9/05,[新聞] 力積電盤中重挫8%至30.5元 網友：相信黃,65
2022/9/05,[新聞] 美國電商客戶給力 聚陽獲外資調高目標價,6
2022/9/05,Re: [新聞] 晶圓代工砍單風暴延燒 台廠成熟製程報價,-10
2022/9/05,Re: [請益] 美國公司債目前是好標的？,8
2022/9/05,[新聞] 新光啟動金金併 高盛任財顧,22
2022/9/05,[新聞] 電視面板冷 三星Q4傳再砍單2成,26
2022/9/05,[新聞] 美元指數飆破110 新台幣重貶逾一角、觸,57
2022/9/05,[新聞] 台積電報價撐著 跟竹北房價一樣,30
2022/9/05,[請益] 三竹損益表跟其他網站差異太大,5
2022/9/05,Re: [請益] 美國公司債目前是好標的？,14
2022/9/05,[新聞] 晶圓代工砍單風暴延燒 台廠成熟製程報價,57
2022/9/05,[新聞] 股債走空 8金控明年恐無法配息,28
2022/9/05,[閒聊] 2022/09/05 盤中閒聊,100
2022/9/05,[請益] 美國公司債目前是好標的？,32
2022/9/05,[新聞] 台驊董座顏益財預估：貨櫃運價Q4止跌,37
2022/9/05,Re: [請益] 為什麼小資族動不動就是100張起跳的ETF?,40
2022/9/04,[請益] 請問目前建議存股或買美金定存?,76
2022/9/04,[新聞] 迷因股BBBY的CFO跳樓自殺,49
2022/9/04,Re: [新聞] 陽明海運決策效率太差 兩位獨董請辭,20
2022/9/04,[心得] 重看<景氣循環投資>成長期,1
2022/9/04,[新聞] 長聖8月營收連4月創新高 今年逐季成長可,8
2022/9/04,Re: [請益] 如何評估自己最多能貸多少錢來投資?,7
2022/9/04,[新聞] 8家金控明年配息難！總股息恐剩1200億,73
2022/9/04,Re: [請益] 如何評估自己最多能貸多少錢來投資?,9
2022/9/04,Re: [請益] 為什麼小資族動不動就是100張起跳的ETF?,7
2022/9/04,Re: [請益] 該繼續存股嗎,23
2022/9/04,[新聞] 晶心科世芯金麗科大漲 ic設計是台股救世,21
2022/9/04,[心得] 本周機構與Fed觀點整理：Fed看到股市很爽,68
2022/9/04,[新聞] ABF三雄力拚破底翻 外資按讚樂看業績,56
2022/9/04,[新聞] 美晶片毀滅戰 追殺大陸！拜登最狠下一,18
2022/9/04,Re: [請益] 為什麼小資族動不動就是100張起跳的ETF?,6
2022/9/04,Re: [請益] 為什麼小資族動不動就是100張起跳的ETF?,4
2022/9/04,Re: [新聞] 陽明海運決策效率太差 兩位獨董請辭,7
2022/9/04,Re: [新聞] 陽明海運決策效率太差 兩位獨董請辭,10
2022/9/04,Re: [新聞] 不離不棄？中環連三買長榮 最新買價84.02,46
2022/9/04,Re: [新聞] 不離不棄？中環連三買長榮 最新買價84.02,6
2022/9/04,[創作] 霜花店,8
2022/9/04,[新聞] 散戶沒在怕!台股單週狂跌605點融資逆勢增,85
2022/9/04,[公告] 九月Ｐ幣徵文活動：中秋月・人紛飛,2
2022/9/04,Re: [情報] 愛榭克：美股關鍵買點浮現 Q3絕地大反攻,47
2022/9/04,[新聞] 蘋果新品發表會、8月出口統計、中秋連假,16
2022/9/04,Re: [新聞] 不離不棄？中環連三買長榮 最新買價84.02,9
2022/9/04,Re: [新聞] 謝金河嘆肅殺苦日子來了 揪台股急殺元兇,33
2022/9/04,Re: [新聞] 不離不棄？中環連三買長榮 最新買價84.02,4
2022/9/04,[請益] 電話下單盤中零股交易,28
2022/9/04,Re: [請益] 如何評估自己最多能貸多少錢來投資?,21
2022/9/04,Re: [新聞] 不離不棄？中環連三買長榮 最新買價84.02,28
2022/9/04,[新聞] 因應能源價格飄漲 德國製造企業紛紛停產,41
2022/9/04,[新聞] 壽險買房地 前七月砸358億,36
2022/9/04,Re: [情報] 愛榭克：美股關鍵買點浮現 Q3絕地大反攻,29
2022/9/04,[新聞] 謝金河嘆肅殺苦日子來了 揪台股急殺元兇,23
2022/9/04,Re: [新聞] 不離不棄？中環連三買長榮 最新買價84.02,9
2022/9/04,[請益] 如何評估自己最多能貸多少錢來投資?,42
2022/9/04,[請益] 資產配置管理,26
2022/9/04,[心得] 今年開始主動投資,20
2022/9/04,[新聞] 陽明海運決策效率太差 兩位獨董請辭讓董,42
2022/9/04,Re: [新聞] 不離不棄？中環連三買長榮 最新買價84.02,100
2022/9/04,Re: [請益] 房貸抵押入住高價水手套房要如何處理？,47
2022/9/03,Re: [新聞] 1台幣換4.6日圓 日幣持續走貶創25年新低,49
2022/9/03,[新聞] 陸防疫嚴 許勝雄：台商很困擾,54
2022/9/03,Re: [請益] 把房子賣了來投資的可行性,43
2022/9/03,Re: [標的] 萬海跌到78元了請問是進場的好時機嗎,19
2022/9/03,[新聞] 高端「次世代新冠疫苗」一期結果曝光！,53
2022/9/03,[請益] 股市菜鳥請益,51
2022/9/03,[情報] 元大金(2885) 盈餘轉增資新股9/26起發放,10
2022/9/03,[請益] 房貸抵押入住高價水手套房要如何處理？,35
2022/9/03,[標的] 萬海(2615)跌到78元了請問是進場的好時機嗎,100
2022/9/03,[心得] 美股 指數&產業 走勢回顧,34
2022/9/03,[新聞] 歐元區通膨達到9.1%新高峰,25
2022/9/03,[情報] 9/2全市場當沖虧損最多的股票,52
2022/9/03,[請益] 把房子賣了來投資的可行性,100
2022/9/03,Re: [新聞] 年底前關閉部分EUV省成本，台積電：,7
2022/9/03,[標的] 1817 凱薩衛 每一個馬桶都是英雄,96
2022/9/03,[公告] 09/03 處置公告,26
2022/9/03,Re: [標的] SQQQ.US 3x空QQQ 小心熊出沒,8
2022/9/03,[情報] 8046南電8月營收 mom+4% yoy+21.8%,99
2022/9/03,[新聞] 放寬外國團客可自由行動 日本觀光廳修正,52
2022/9/03,[新聞] 《台北股市》外資單周賣超台股逾800億,6
2022/9/03,Re: [新聞] 俄氣：無限期停止北溪天然氣管道供氣,0
2022/9/03,[新聞] 央行放手 台幣逼近30.6,100
2022/9/03,[新聞] NAND Flash價崩 Q3擴至三成,43
2022/9/03,"[標的] ""近""保本型商品請益 (希望追求3~6%)",37
2022/9/03,[新聞] 蘋果發表會下周登場 法人看好台股朝16000,55
2022/9/03,[新聞] 臺灣50成分股 永豐金入列,32
2022/9/03,[請益] ETF更換成分股的損益,7
2022/9/03,[新聞] IMF：印度踢下英國 躍升全球第5大經濟體,57
2022/9/03,[新聞] 歐洲電價飆、民眾叫苦連天 綠能政策惹禍,99
2022/9/03,[請益] 領股息 為什麼不存ETF 而去存個股？,63
2022/9/03,"[請益] 以前沒國安基金,股民遇到股災是怎挺過的?",36
2022/9/03,[新聞] 不離不棄？中環連三買長榮 最新買價84.02,26
2022/9/03,[新聞] ISM 美國製造業 PMI 勝預期，油價續跌、,8
2022/9/03,[標的]大盤，現在是採取分批進場的最佳時機,54
2022/9/03,[新聞] 收逾400件請求 拜登政府宣布延續對中關稅,20
2022/9/03,[新聞] 14檔投信不放手 先衝,10
2022/9/03,Re: [新聞] 年底前關閉部分EUV省成本，台積電：不評,5
2022/9/03,Re: [新聞] 央行總裁楊金龍面臨挑戰 綠營有人力拱陳,17
2022/9/03,[新聞] 俄氣：無限期停止北溪天然氣管道供氣,100
2022/9/03,[新聞] 大陸國鐵集團負債6萬億 上半年虧損804億,68
2022/9/03,[創作] 新不了情,11
2022/9/02,Re: [新聞] 年底前關閉部分EUV省成本，台積電：不評,93
2022/9/02,[標的] 4737 華廣 多,0
2022/9/02,[新聞] 美股道瓊漲逾100點 美就業平穩緩解Fed更,67
2022/9/02,[新聞] 《光電股》大立光打蘋果光 重登股王,12
2022/9/02,[新聞] 三星電子正在推進多個大型併購項目,7
2022/9/02,[心得] 盤後資料整理(Excel格式),4
2022/9/02,Re: [新聞] 年底前關閉部分EUV省成本，台積電：不評,70
2022/9/02,[情報] 111年09月02日信用交易統計,28
2022/9/02,[請益] 元大中型100指數之個股成分比重,9
2022/9/02,[新聞] 陽明：獨董是因個人生涯規劃請辭 但內部,24
2022/9/02,[新聞] 陳斐娟傳不滿《這！不是新聞》時段遭砍,100
2022/9/02,[請益] 2家證券戶現金減資退還股款問題,3
2022/9/02,[情報] 0902 上市櫃外資投信買超金額排行,1
2022/9/02,[新聞] 秋節變盤？專家：台股早在下行趨勢中,27
2022/9/02,Re: [新聞] 央行總裁楊金龍面臨挑戰 綠營有人力拱陳,34
2022/9/02,[新聞] 外資賣超146.25億 提款鎖定金融、權王、,10
2022/9/02,[新聞] 街口投信「獨厚自己人」海撈6600萬　前,17
2022/9/02,[新聞] 台灣電支戰國大洗牌！全盈、全支付強攻，,22
2022/9/02,Re: [新聞] 年底前關閉部分EUV省成本，台積電：不評,29
2022/9/02,Re: [新聞] 官股砸111億銜命護盤 3大理由大盤守1450,8
2022/9/02,[新聞] 《半導體》台灣企業領袖100強 聯發科蔡-,7
2022/9/02,[請益] 請教一下八大的庫存查得到嗎？(非買賣超),1
2022/9/02,[新聞] 官股砸111億銜命護盤 3大理由大盤守1450,69
2022/9/02,[新聞] 美西線運價跌破4千美元、SCFI跌破3千點,85
2022/9/02,[情報] 0902八大公股銀行買賣超排行,9
2022/9/02,[新聞]  陽明海運董事會人事大地震 2獨董突,31
2022/9/02,[新聞] 中鋼：鋼市Q4動能強,17
2022/9/02,[新聞] 陽明二獨董 傳理念不合請辭,16
2022/9/02,[情報] 2114鑫永銓處分陽明股票,14
2022/9/02,Re: [新聞] 貨櫃三雄被降評 投顧大咖喊話顛覆投資學,26
2022/9/02,[情報] 2609陽明公告本公司獨立董事辭任,29
2022/9/02,Re: [新聞] 國安基金操盤手：此次護盤與上次經濟情,24
2022/9/02,[情報] 2323中環取得長榮股票,88
2022/9/02,[情報] 臺灣50指數成分股審核結果,59
2022/9/02,[新聞] 貨櫃三雄被降評 投顧大咖喊話顛覆投資學,25
2022/9/02,[情報] 外資買賣前50名 20220902,10
2022/9/02,[情報] 0902 上市外資買賣超排行,75
2022/9/02,Re: [請益] 現在到底該投資什麼？,8
2022/9/02,[情報] 京城銀111年08月自結盈餘相關資訊,13
2022/9/02,[新聞] 國安基金操盤手：此次護盤與上次經濟情,98
2022/9/02,Re: [標的] 2454.TW 聯發科怎麼了？,13
2022/9/02,[情報] 111年09月02日 櫃買法人買賣金額統計表,14
2022/9/02,Re: [情報] 09/02 SCFI 2847.62 (-306.65),14
2022/9/02,Re: [請益] 存股應該看是否填息嗎？,25
2022/9/02,[新聞] 美允許輝達持續在大陸開發AI晶片,49
2022/9/02,[情報] 09/02 SCFI 2847.62 (-306.65),100
2022/9/02,[情報] 111年09月02日 三大法人買賣金額統計表,61
2022/9/02,[新聞] 年底前關閉部分EUV省成本，台積電：不評,68
2022/9/02,[情報] 0902 上市投信買賣超排行,23
2022/9/02,Re: [標的] 2454.TW 聯發科怎麼了？,24
2022/9/02,[閒聊] 2022/09/02 盤後閒聊,93
2022/9/02,[新聞] 新加坡室內口罩令8/29解禁　新航部分航線,60
2022/9/02,[新聞] 美中晶片風暴再起 矽智財族,24
2022/9/02,Re: [請益] 現在到底該投資什麼？,38
2022/9/02,[標的] 2454.TW 聯發科怎麼了？,100
2022/9/02,Re: [新聞] 基本工資明年起月薪調高為26400元、時薪,39
2022/9/02,[新聞] 台股九月開門重挫   國安基金會怎麼做因,14
2022/9/02,[新聞] 高盛：美禁高階AI晶片輸中 ABF安啦,42
2022/9/02,Re: [標的] 6550 北極星藥業-KY 外資多,69
2022/9/02,Re: [新聞] 基本工資明年起月薪調高為26400元、時薪,18
2022/9/02,[新聞] Fed官員暗示再升息6碼 亞幣全倒、日圓跌,79
2022/9/02,[新聞] 輝達晶片禁售有緩衝期 中國恐先屯貨有利,30
2022/9/02,[新聞] 台股8月開戶人數 消風近34萬人,29
2022/9/02,Re: [情報] 00916 國泰全球品牌50ETF 申購,0
2022/9/02,[請益] 閒錢推薦的存股,93
2022/9/02,[新聞] 鴻海裕隆推電動車為何掛納智捷名？陳文茜,6
2022/9/02,[新聞] 高所得者消費未因通膨手軟 Lululemon調高,26
2022/9/02,[標的] 2707 晶華 多,15
2022/9/02,[新聞] 郭哲榮：同樣是9月減資，友達跟長榮差很,6
2022/9/02,Re: [請益] 現在到底該投資什麼？,0
2022/9/02,[新聞] 外資賣332億台股 自營商同步殺出148億元,5
2022/9/02,[標的] 5871中租、8341日友、8422可寧衛 請益,30
2022/9/02,[請益] 現在到底該投資什麼？,95
2022/9/02,[閒聊] 2022/09/02 盤中閒聊,100
2022/9/02,[新聞] 女股神光環盡失 ARKK上月資金流出近一年,46
2022/9/02,[標的] 大盤,13
2022/9/02,Re: [新聞] 就愛高股息ETF！年增逾千億規模　「進化,1
2022/9/02,[請益] 存股應該看是否填息嗎？,17
2022/9/02,"Re: [標的] TSLA, AMD, TSM.US 歐印誰 討論",17
2022/9/01,Re: [新聞] 就愛高股息ETF！年增逾千億規模　「進化,11
2022/9/01,[新聞] 航運陷供過於求 滙豐砍長榮目標價至90元,60
2022/9/01,[新聞] 央行總裁楊金龍面臨挑戰 綠營有人力拱陳,100
2022/9/01,"Re: [標的] TSLA, AMD, TSM.US 歐印誰 討論",59
2022/9/01,[新聞] 證券自營商賣超近149億元 寫歷史新紀錄,18
2022/9/01,Re: [新聞] 台股再大跌 證交所：上市公司上半年獲利,32
2022/9/01,[心得] 盤後資料整理(Excel格式),3
2022/9/01,[標的] 8299.TWO 群聯 討論,0
2022/9/01,[新聞] 需求疲軟訂單減少 財新中國製造業PMI降至,17
2022/9/01,[情報] 111年09月01日信用交易統計,44
2022/9/01,[新聞] 角逐2024總統大位 CNN：川普權衡延後決定,58
2022/9/01,Re: [新聞] 台股再大跌 證交所：上市公司上半年獲利,2
2022/9/01,[新聞] 就愛高股息ETF！年增逾千億規模　「進化,34
2022/9/01,[新聞] 台股再大跌 證交所：上市公司上半年獲利,35
2022/9/01,[新聞] 美股連四黑 台積電下跌14.5元收490.5元,26
2022/9/01,[標的] 大盤 多,6
2022/9/01,Re: [新聞] 傳三星電子將為Google代工3奈米晶片,5
2022/9/01,[新聞] 豐田調漲零件商鋼鐵供應售價30% 日企恐同感震撼,5
2022/9/01,[新聞] 00713首次季配息 第一階段評價結果出爐,19
2022/9/01,Re: [情報] 0901 上市外資買賣超排行,17
2022/9/01,[情報] 0901八大公股銀買賣超暨歷史買超金額排行,33
2022/9/01,Re: [新聞] 成都下令封城！今18時起超2000萬人「原則,100
2022/9/01,[情報] 0901 上市櫃外資投信同買排行,0
2022/9/01,Re: [其他] 太平洋電纜股利發放通知,2
2022/9/01,Re: [請益] 如果外資全面撤出台股會怎樣,9
2022/9/01,[情報] 0901 上市櫃外資投信買超金額排行,1
2022/9/01,[新聞] 巨路營收 挑戰十年新高,7
2022/9/01,[新聞] 三商、宏泰、南山人壽踩監理紅線,23
2022/9/01,[請益] 友達賣就暴漲，如何改進（圖,100
2022/9/01,[新聞] 永豐銀遭重罰1800萬元！總座停職三個月,51
2022/9/01,[情報] 8996高力7月自結,10
2022/9/01,[新聞] 美擬禁高階晶片銷中國 ABF三雄股價重挫,26
2022/9/01,Re: [請益] 如果外資全面撤出台股會怎樣,62
2022/9/01,[情報] 0901 上市外資買賣超排行,39
2022/9/01,[情報] 2915潤泰全現增價50元,67
2022/9/01,[情報] 3228金麗科8月營收 mom-31.5% yoy+1.4%,49
2022/9/01,[新聞] 三陽機車銷售再傳捷報，連四個月市佔第一,50
2022/9/01,[情報] 111年09月01日 櫃買法人買賣金額統計表,14
2022/9/01,[情報] 美時1795.TW 重訊 學名藥通過FDA,47
2022/9/01,Re: [新聞] 基本工資明年起月薪調高為26400元、時薪,20
2022/9/01,Re: [新聞] 成都下令封城！今18時起超2000萬人「原則,39
2022/9/01,[新聞] 外資擬壓低吃貨 迎接慢牛行情,86
2022/9/01,[新聞] 兩宗電信合併案 NCC將開聽證會,8
2022/9/01,[情報] 111年09月01日 三大法人買賣金額統計表,100
2022/9/01,[情報] 0901 上市投信買賣超排行,37
2022/9/01,Re: [新聞] 基本工資明年起月薪調高為26400元、時薪,35
2022/9/01,[標的] 2387.TW 精元 多,10
2022/9/01,[閒聊] 2022/09/01 盤後閒聊,100
2022/9/01,[新聞] 基本工資明年起月薪調高為26400元、時薪,99
2022/9/01,[標的] 2498宏達電 是在哈囉 ?,23
2022/9/01,Re: [新聞] 央行再升息也嚇不了賴正鎰!「房貸利率頂,46
2022/9/01,[新聞] 成都下令封城！今18時起超2000萬人「原則,99
2022/9/01,[新聞] 央行再升息也嚇不了賴正鎰!「房貸利率頂,100
2022/9/01,[新聞] 匯銀：台幣本月下測31元,52
2022/9/01,[新聞] 美國禁AMD、輝達晶片出口中國！外資：對,31
2022/9/01,Re: [請益] 從千元跌下來的國泰金為何沒人撻伐,6
2022/9/01,[請益] 融券標借費的風險如何衡量？,8
2022/9/01,[新聞] 葛拉漢警告：股市的「超級泡沫」仍未消失,27
2022/9/01,[新聞] Fed鷹浪持續發酵 日元刷24年新低、2年期,40
2022/9/01,[新聞] 美管制AMD與NVIDIA中國GPU供貨，AI與超,68
2022/9/01,[新聞] 納智捷電動車「n7網大當機」！官方回應了,36
2022/9/01,[新聞] 納智捷純電休旅車正名n!1000元就可預購,14
2022/9/01,"[新聞] 還在賠！勞動基金7月底累虧2,912.4億",97
2022/9/01,[新聞] 救運費中國黃金週前貨櫃航運商取消近9%運,28
2022/9/01,[標的] 3141 晶宏 空,10
2022/9/01,Re: [請益] 救命..要違約了...,18
2022/9/01,"Re: [情報] 南山人壽111H1綜合損益總額：-4,218億",16
2022/9/01,Re: [標的] NVDA/AMD 討論,16
2022/9/01,Re: [請益] 救命..要違約了...,22
2022/9/01,[新聞] 美股連4黑 法人預估台股短線偏整理,18
2022/9/01,[新聞] 晶圓一哥攻3D IC 結盟兩夥伴,12
2022/9/01,[閒聊] 2022/09/01 盤中閒聊,100
2022/9/01,[新聞] 聯準會加大縮表力度，加密投資產品交易,24
2022/9/01,[新聞] 鴻海Model C來了！電動車整車工業 啟動,60
2022/9/01,Re: [標的] SQQQ.US 3x空QQQ 小心熊出沒,10
2022/9/01,[新聞] Fed梅斯特：利率需升至4%以上 明年不會,74
2022/9/01,[新聞] 通膨竄高 ECB升息3碼機率攀升,13
2022/9/01,[新聞] 美命令Nvidia AI晶片停止出口到中國,79
2022/9/01,[新聞] 馬斯克稱瘋了才關核電，需石油天然氣,76
2022/9/01,Re: [心得] 買股票，到底要看哪些書？,36
2022/9/01,[心得] 盤後資料整理(Excel格式),1
2022/8/31,[新聞] 俄羅斯今關北溪1號管線 對歐發動經濟鬥爭,100
2022/8/31,"Re: [情報] 南山人壽111H1綜合損益總額：-4,218億",56
2022/8/31,[新聞] 宏碁遊戲、聯友 申請登錄興櫃一般板及戰略,18
2022/8/31,[新聞] 中國三大航上半年虧近500億 創歷史最差業,22
2022/8/31,[新聞] 支持“保交樓” 2000億元全國性專項借款啟動,22
2022/8/31,[新聞] 亞利桑那州州長訪台 為該州台積電新廠吸,7
2022/8/31,[新聞] 看好台積電3奈米結構性需求 外資喊上815,49
2022/8/31,[新聞] 陸房企債重 4大AMC自身難保,12
2022/8/31,[心得] 買股票，到底要看哪些書？,100
2022/8/31,[情報] 111年08月31日信用交易統計,31
2022/8/31,Re: [新聞] 中國多地發布緊急通知！深圳、成都、,6
2022/8/31,[新聞] 魏哲家：全球化有效率供應時代已過去 成,39
2022/8/31,[新聞] 重登萬五！外資買超長榮航、貨櫃三雄 投,10
2022/8/31,[新聞] 台股再測一隻腳 黃蔭基：萬四是進場好時,36
2022/8/31,"[請益] 想組月月配1,4,7,10四個月份有推薦標的嗎",39
2022/8/31,[新聞] 童子賢：下半年也許還有黑天鵝 通膨怪獸要先馴服,19
2022/8/31,[新聞] Snap 傳裁員二成，Zenly 團隊也遭裁員重,27
2022/8/31,[情報] 2646 星宇航空 111年度第二次增資基準日,6
2022/8/31,[情報] 0831八大公股銀行買賣超排行,11
2022/8/31,[新聞] 〈永豐金法說〉前7月唯一獲利正成長金控,22
2022/8/31,[情報] 0831 上市櫃外資投信同買排行,5
2022/8/31,[新聞] 海空運旺季恐不旺 寄望蘋果新機帶動行情,33
2022/8/31,"[情報] 南山人壽111H1綜合損益總額：-4,218億",100
2022/8/31,[情報] 0831 上市櫃外資投信買超金額排行,6
2022/8/31,[新聞] 台幣貶成救星 壽險未避險匯兌利益將破兆,13
2022/8/31,Re: [心得] 真的很多人在股票市場賺錢嗎？,20
2022/8/31,[新聞] 傳三星電子將為Google代工3奈米晶片,94
2022/8/31,[情報] 0831 上市外資買賣超排行,46
2022/8/31,[新聞] 賺翻了！美國倍數增加向歐洲輸送LNG 專家估單次運輸獲利逾1,100
2022/8/31,[標的] 2610 華航 主力偷買被抓包？,12
2022/8/31,Re: [新聞] 中國多地發布緊急通知！深圳、成都、,27
2022/8/31,[新聞] 影／陳吉仲掛保證 年底前國內肥料不調漲,51
2022/8/31,[情報] 111年08月31日 櫃買法人買賣金額統計表,27
2022/8/31,[新聞] 美國至明年估升息14碼 永豐金：Q4台股恐,62
2022/8/31,[情報] 0831 上市投信買賣超排行,15
2022/8/31,[情報] 111年08月31日 三大法人買賣金額統計表,97
2022/8/31,Re: [新聞] 中國多地發布緊急通知！深圳、成都、,11
2022/8/31,[標的] 2474.tw 可成走勢請益，是否參加除息？,32
2022/8/31,[新聞] 鮑爾必要之惡來了 專家：這族群恐跳水,25
2022/8/31,[新聞] 風向變了 貨櫃三雄遭降評,50
2022/8/31,Re: [新聞] 訂購16架波音客機 華航重申:政府完全尊重,0
2022/8/31,[新聞]【Hot台股】生技衝衝衝網喊「小英生技快樂,15
2022/8/31,[新聞] 《熱門族群》BA.5帶動另類返校需求！這幾,13
2022/8/31,[閒聊] 2022/08/31 盤後閒聊,20
2022/8/31,Re: [新聞] 中國多地發布緊急通知！深圳、成都、,5
2022/8/31,[新聞] 鈾礦類股表現不凡 因能源危機促使各國,13
2022/8/31,Re: [新聞] 中國多地發布緊急通知！深圳、成都、,77
2022/8/31,[新聞] 新光、台新金金併 吳東進提三條件,8
2022/8/31,Re: [新聞] 拜登執政滿意度上升至44%,16
2022/8/31,[請益] 朋友抽到18張 中探針 該怎處理？（圖）,100
2022/8/31,[新聞] 巴菲特賣股 比亞迪股價早盤暴跌13%,25
2022/8/31,[新聞] 中國8月製造業PMI連兩月萎縮 凸顯缺電危,15
2022/8/31,Re: [新聞] 美強銷我24架波音787 華航不想埋單,0
2022/8/31,[新聞] 7月製造業景氣連亮第五顆黃藍燈,30
2022/8/31,Re: [請益] 什麼是漲停插隊,1
2022/8/31,Re: [新聞] 英國7月通膨升至10.1% 超過預期 寫40年新,86
2022/8/31,[標的] 中興電工 空 小江董涉嫌業務侵占,7
2022/8/31,[新聞] 快訊／日本首相宣布：重新開放非團客入境,80
2022/8/31,[情報] 00916 國泰全球品牌50ETF 申購,28
2022/8/31,[新聞] 貶勢難止！新台幣早盤一度貶破30.5關卡,67
2022/8/31,[新聞] 大摩減持力積電 目標價下調至27元,50
2022/8/31,Re: [新聞] 訂購16架波音客機 華航重申:政府完全尊重,58
2022/8/31,[新聞] 拜登執政滿意度上升至44%,51
2022/8/31,Re: [新聞] 中國多地發布緊急通知！深圳、成都、,60
2022/8/31,[新聞] 韓國擬大砍再生能源發電目標 缺口全由核,98
2022/8/31,[閒聊] 2022/08/31 盤中閒聊,100
2022/8/31,[新聞] 9月股息2千億 台股迎活水,39
2022/8/31,[新聞] 台股翻紅 內資護盤不手軟,8
2022/8/31,Re: [新聞] 台股今年慘跌逾18％ 金管會喊穩！,17
2022/8/31,[新聞] 壽險業7月大減碼台股,26
2022/8/31,Re: [新聞] BA.5升溫「防疫雙險」理賠逼近千億！產險,37
2022/8/30,Re: [新聞] 中國多地發布緊急通知！深圳、成都、,17
2022/8/30,[標的] 大盤 明天開始短多,100
2022/8/30,[新聞] 地方財政能力不足 中國經濟下行的「罰款,33
2022/8/30,Re: [請益] 什麼是漲停插隊,55
2022/8/30,[新聞] 訂購16架波音客機 華航重申:政府完全尊重,57
2022/8/30,[新聞] BA.5升溫「防疫雙險」理賠逼近千億！產險,53
2022/8/30,Re: [新聞] Fed鮑爾放鷹恐升息3碼「央行跟不跟？」,27
2022/8/30,[情報] 111年08月30日信用交易統計,43
2022/8/30,Re: [新聞] 中國多地發布緊急通知！深圳、成都、武漢,43
2022/8/30,[心得] 盤後資料整理(Excel格式),4
2022/8/30,[新聞] Fed鮑爾放鷹恐升息3碼「央行跟不跟？」,100
2022/8/30,[新聞] 台積電新危機？老美出招拉攏三星：豁免,17
2022/8/30,[新聞] 台股今年慘跌逾18％ 金管會喊穩！,61
2022/8/30,[新聞] 半導體檢測廠Q3接單旺 樂觀看下半年,4
2022/8/30,[新聞] 日本經營之神稻盛和夫辭世 曾率日航起死,19
2022/8/30,[新聞] 快訊／美亞利桑那州長率團訪台 將與總統,44
2022/8/30,[新聞] 《金融股》包租公口袋空空？ 新光金：升息導致評價損失,11
2022/8/30,[新聞] 台股重挫 證券單位信心喊話,13
2022/8/30,"[新聞] 華航夢幻機來了！宣布砸1,382億買16架波",100
2022/8/30,[情報] 0830八大公股銀行買賣超排行,17
2022/8/30,[情報] 0830 上市櫃外資投信同買排行,0
2022/8/30,[新聞] 新台幣收30.468元 續創逾29個月新低,99
2022/8/30,[情報] 0830 上市櫃外資投信買超金額排行,1
2022/8/30,[新聞] 邦特今年營運重回成長，宜科新廠將投產，,8
2022/8/30,[新聞] 胡睿涵轉戰元大被詐騙集團盯上 連親姐姐,60
2022/8/30,Re: [請益] 長榮航大家怎麼看？,8
2022/8/30,[情報] 1101台泥決議現增發行普通股參與發行GDR,25
2022/8/30,[標的] 2371.TW 大同 多,16
2022/8/30,Re: [新聞] 中國多地發布緊急通知！深圳、成都、武漢,13
2022/8/30,[新聞] 中國多地發布緊急通知！深圳、成都、武漢,100
2022/8/30,[情報] 111年08月30日 櫃買法人買賣金額統計表,18
2022/8/30,[情報] 0830 上市外資買賣超排行,51
2022/8/30,[請益] 長榮 2603,36
2022/8/30,[新聞] 日本「經營之聖」稻盛和夫去世 享耆壽90歲,55
2022/8/30,[新聞] 貨櫃三雄股價低於淨值、本益比與本淨比,99
2022/8/30,[情報] 遠東銀公告辦理111年現金增資之發行價格,97
2022/8/30,[情報] 0830 上市投信買賣超排行,20
2022/8/30,[情報] 111年08月30日 三大法人買賣金額統計表,100
2022/8/30,[新聞] 南韓啟動賣空調查 大摩被列首家調查對象,52
2022/8/30,Re: [心得] 政府是否該限制空方的無理下殺,13
2022/8/30,[閒聊] 2022/08/30 盤後閒聊,100
2022/8/30,[新聞] 魏哲家嗆三星 3奈米不只好看 還要實用,46
2022/8/30,Re: [新聞] 投資加line詐騙猖獗！謝金河痛訴「成天冒,3
2022/8/30,[新聞] 深圳疫情增 電子市場「華強北」關4天,35
2022/8/30,[新聞] 第三季NAND Flash產品價格跌幅惡化,30
2022/8/30,Re: [新聞] 審計部示警大潭電廠天然氣缺口恐達115萬,99
2022/8/30,[新聞] 法人調降貨櫃三雄參考價並給中立評等,49
2022/8/30,[新聞] Fed 9月量化緊縮全速前進 恐再添市場動盪,19
2022/8/30,[新聞] 大摩：國泰金獲利下行 目標價47.9元,45
2022/8/30,[新聞] Fed官員樂見鮑爾放鷹、引爆美股大屠殺,30
2022/8/30,[新聞] 審計部示警大潭電廠天然氣缺口恐達115萬,100
2022/8/30,[請益] 每月2萬定期定額ETF存股選擇?,100
2022/8/30,[閒聊] 2022/08/30 盤中閒聊,99
2022/8/30,[新聞] 友達壯大太陽能版圖 籌百億聯貸,67
2022/8/30,[新聞] 憂利率續升 美股道瓊跌百點,15
2022/8/30,[新聞] 國際原油大漲 2檔連動原油期正向ETF反彈,13
2022/8/30,[新聞] 台股被「鮑」圍 國安基金打持久戰,12
2022/8/30,Re: [請益] 該繼續存股嗎,17
2022/8/30,[情報] 0829 處置股風險統計排行,2
2022/8/30,[標的] 台股大盤 多！,14
2022/8/29,[新聞] 鮑爾放鷹 法人：台股短線看14500點支撐,51
2022/8/29,Re: [新聞] 升息衝擊金控投資績效 上半年投資大虧827,22
2022/8/29,[心得] 盤後資料整理(Excel格式),9
2022/8/29,[情報] 111年08月29日信用交易統計,30
2022/8/29,[心得]  簡單回測軟體使用心得,30
2022/8/29,[新聞] 升息衝擊金控投資績效 上半年投資大虧827,16
2022/8/29,[新聞] 大同子公司華映 經法院裁定宣告破產,39
2022/8/29,[情報] 2323中環波克比取得2603長榮船票,90
2022/8/29,[新聞] 趁護盤上車！指數急殺400點　8大官股券,21
2022/8/29,[新聞] SCFI、BDI雙降 火燒連環船 水鬼抓交替？,21
2022/8/29,[新聞] SCFI農曆年後跌36%　貨櫃船公司有信心「,24
2022/8/29,[情報] 0829八大公股銀行買賣超排行,15
2022/8/29,[情報] 0829 上市櫃外資投信同買排行,2
2022/8/29,Re: [新聞] 反制Chip 4 陸揪韓加強供應鏈合作,-10
2022/8/29,[情報] 2323中環處分台積電股票,46
2022/8/29,[新聞] 台股失守萬五關卡 金管會緊盯,36
2022/8/29,[情報] 0829 上市櫃外資投信買超金額排行,7
2022/8/29,[新聞] 反制Chip 4 陸揪韓加強供應鏈合作,77
2022/8/29,[新聞] 櫃買中心 呼籲投資人關注上櫃公司基本面,65
2022/8/29,[請益] 停損點都是怎麼抓,100
2022/8/29,[情報] 0829 上市外資買賣超排行,49
2022/8/29,[情報] 111年08月29日 櫃買法人買賣金額統計表,29
2022/8/29,"[新聞] 國泰金法說-上半年每股淨值剩26.4元,縮水",82
2022/8/29,[情報] 0829 上市投信買賣超排行,22
2022/8/29,[情報] 111年08月29日 三大法人買賣金額統計表,100
2022/8/29,[請益] 為何台股大盤看本益比不準了,37
2022/8/29,[新聞] 證交所:若非理性下跌將執行穩定市場措施,71
2022/8/29,Re: [請益] 該繼續存股嗎,8
2022/8/29,Re: [新聞] Fed官員呼籲升息不能停 超過4%也不無可能,22
2022/8/29,[閒聊] 2022/08/29 盤後閒聊,100
2022/8/29,[新聞] 股匯雙殺！台股破萬五大關 台幣觸30.325,42
2022/8/29,[新聞] 大摩:美晶片法 台積電約可獲20億美元補助,49
2022/8/29,[心得] 今天怎麼跟計畫的不一樣..,56
2022/8/29,Re: [新聞] 全美2000萬家庭繳不出水電費 創歷史新高,7
2022/8/29,Re: [新聞] 全美2000萬家庭繳不出水電費 創歷史新高,7
2022/8/29,[新聞] 台股週一遍地烽火  國安基金要怎麼救？,56
2022/8/29,[新聞] 因應旱澇急轉 川渝啟動防汛四級應急回應,44
2022/8/29,[新聞] 三星TV重啟拉貨 面板叫好,13
2022/8/29,Re: [新聞] 全美2000萬家庭繳不出水電費 創歷史新高,39
2022/8/29,[新聞] 全美2000萬家庭繳不出水電費 創歷史新高,89
2022/8/29,Re: [新聞] Fed官員呼籲升息不能停 超過4%也不無可能,17
2022/8/29,[新聞] 因應長榮減資 期交所長榮期貨及選擇權相,21
2022/8/29,[新聞] 鮑爾警告家庭企業會痛苦，道瓊狂瀉千點,54
2022/8/29,[新聞] 美股暴跌台股早盤失守萬五 政府基金護盤,47
2022/8/29,Re: [新聞] Fed官員呼籲升息不能停 超過4%也不無可能,21
2022/8/29,Re: [標的] NVDA/AMD 討論,27
2022/8/29,[閒聊] 2022/08/29 盤中閒聊,100
2022/8/29,Re: [新聞] Fed官員呼籲升息不能停 超過4%也不無可能,14
2022/8/29,[標的] 仁寶(2324)適合當一輩子的定存股嗎,0
2022/8/29,[新聞] 貨櫃、散裝海運價 爆出雙殺,41
2022/8/29,[請益] 開盤前全部掛市價還是跌停,49
2022/8/29,[標的] 5283 禾聯碩,61
2022/8/29,Re: [請益] 該繼續存股嗎,5
2022/8/29,Re: [請益] 該繼續存股嗎,2
2022/8/28,Re: [標的] NVDA/AMD 討論,3
2022/8/28,[新聞] FED談話後美股重挫 法人看明可穩住萬五,57
2022/8/28,Re: [請益] 該繼續存股嗎,100
2022/8/28,[新聞] 無痛存退休金》高股息ETF買幾張才夠？內,24
2022/8/28,Re: [請益] 該繼續存股嗎,21
2022/8/28,Re: [新聞] 〈中國限電〉四川缺電危機緩解 全面恢復一般工商業用電,18
2022/8/28,[心得] 本周Fed傑克森洞發言與機構多空觀點整理,87
2022/8/28,Re: [新聞] 美國鷹派升息 台灣央行9月恐升1碼,2
2022/8/28,[新聞] 連七漲！明年基本工資「調幅不低」 有望,100
2022/8/28,[新聞] 台股擂台/挑戰者「股市令狐沖」楊基政,48
2022/8/28,[新聞] 樂觀→保守 紡纖Q4展望逆轉 2關鍵原因曝,11
2022/8/28,[請益] 選擇權賣方等待部位歸零是多數還少數?,5
2022/8/28,[新聞] 金融股息收、利差雙增 沖淡利空,17
2022/8/28,[新聞] 投信本周買賣超前10名 永豐金回補1.2萬張,4
2022/8/28,[新聞] 乏人問津卻是寶！　他傳給女兒的是這5檔,54
2022/8/28,[新聞] 〈中國限電〉四川缺電危機緩解 全面恢復一般工商業用電,50
2022/8/28,Re: [新聞] 美國鷹派升息 台灣央行9月恐升1碼,66
2022/8/28,[新聞] 7月餐飲業營收創同期高 疫情後首度全年,8
2022/8/28,[請益] 該繼續存股嗎,100
2022/8/28,Re: [新聞] 經濟成長恐剩2.8%！中國經濟為何出大問題,13
2022/8/28,Re: [新聞] 美國鷹派升息 台灣央行9月恐升1碼,15
2022/8/28,Re: [新聞] 美國鷹派升息 台灣央行9月恐升1碼,19
2022/8/28,[請益] 有大大會利差套利嗎？,17
2022/8/28,Re: [新聞] 經濟成長恐剩2.8%！中國經濟為何出大問題,31
2022/8/28,Re: [新聞] 美國鷹派升息 台灣央行9月恐升1碼,12
2022/8/28,[新聞] 歐洲央行官員：9月應大力升息 至少應升2,17
2022/8/28,[請益] 真正影響通膨的主因是勞動環境吧？,0
2022/8/28,Re: [請益] 政府是不是該降證交稅救成交量,5
2022/8/28,[新聞] 美國鷹派升息 台灣央行9月恐升1碼,100
2022/8/28,[新聞] 美股狂瀉 國安基金：憂外溢效果場邊備戰,66
2022/8/28,Re: [請益] 怎麼很多人認為升息縮表打不了通膨?,0
2022/8/28,[心得] Re: [新聞] 經濟成長恐剩2.8%！中國經濟為何出大問題,6
2022/8/28,Re: [請益] 怎麼很多人認為升息縮表打不了通膨?,4
2022/8/28,[新聞] IC設計跌深反彈能追嗎 老謝看聰明錢這麼,2
2022/8/28,[新聞] 美股崩千點 謝金河：股市利空考驗來了,29
2022/8/28,Re: [新聞] 經濟成長恐剩2.8%！中國經濟為何出大問題,22
2022/8/28,Re: [新聞] 全球經濟快崩了？日媒警告：5大強國同時,4
2022/8/28,Re: [請益] 怎麼很多人認為升息縮表打不了通膨?,0
2022/8/28,Re: [請益] 政府是不是該降證交稅救成交量,3
2022/8/28,[新聞] 金融股 可望躍護盤標的,27
2022/8/28,Re: [請益] 怎麼很多人認為升息縮表打不了通膨?,3
2022/8/28,Re: [新聞] 經濟成長恐剩2.8%！中國經濟為何出大問題,37
2022/8/28,[新聞] 台股備戰 國安基金待命,69
2022/8/28,[請益] 怎麼很多人認為升息縮表打不了通膨?,65
2022/8/28,[公告] 0828 警告 水桶 多人,18
2022/8/28,Re: [標的] NVDA/AMD 討論,99
2022/8/28,Re: [請益] 政府是不是該降證交稅救成交量,10
2022/8/28,[請益] 政府是不是該降證交稅救成交量,0
2022/8/27,[新聞] 經濟成長恐剩2.8%！中國經濟為何出大問題,100
2022/8/27,"Re: [標的] 房貸增貸1000萬,建議投資的方法?",7
2022/8/27,Re: [新聞] 美聯準會矢言強力抗通膨 法人：台股恐回,20
2022/8/27,[標的] NVDA/AMD 討論,38
2022/8/27,[情報] 08/29 ~ 09/02 美股財報行事曆,30
2022/8/27,Re: [請益] 技術上有機會看到無量跌停嗎,16
2022/8/27,[新聞] 中芯國際公佈核心技術家底：最新55nm已,100
2022/8/27,Re: [標的] 金融股明年配息配得出來嗎？,15
2022/8/27,Re: R: [新聞] 全球經濟快崩了？日媒警告：5大強國同,20
2022/8/27,[標的] 金融股明年配息配得出來嗎？,55
2022/8/27,Re: [標的] 1712興農在噴什麼?,56
2022/8/27,[標的] 00738U 元大道瓊白銀，17以下買進,11
2022/8/27,[新聞] 美聯準會矢言強力抗通膨 法人：台股恐回,64
2022/8/27,"Re: [標的] 房貸增貸1000萬,建議投資的方法?",42
2022/8/27,[新聞] 投信連續第10週站在買方 資金轉向中小型,9
2022/8/27,[新聞] 鮑爾矢言抗通膨警告家庭及企業將痛苦 美,63
2022/8/27,R: [新聞] 全球經濟快崩了？日媒警告：5大強國同,14
2022/8/27,[新聞] 台股作帳行情 提前啟動,21
2022/8/27,Re: [新聞] 全球經濟快崩了？日媒警告：5大強國同時,100
2022/8/27,Re: [新聞] 〈航運指數〉SCFI重挫 創疫情來單周最大,8
2022/8/27,[創作] 狂風裡擁抱,6
2022/8/27,[新聞] 全球經濟快崩了？日媒警告：5大強國同時,31
2022/8/27,[請益] 要押寶核能的話買哪隻比較好,8
2022/8/27,Re: [請益] 技術上有機會看到無量跌停嗎,3
2022/8/27,Re: [新聞] 網傳旅遊業被告知9月底開放 觀光局澄,17
2022/8/27,Re: [新聞] 鮑爾「放鷹」將維持高利率一段時間 9月,28
2022/8/27,[新聞] 《熱門族群》驅動IC拚明年回神 2檔股拚衝,5
2022/8/27,"Re: [標的] 房貸增貸1000萬,建議投資的方法?",0
2022/8/27,[新聞] 83萬股東注意！鴻海攜肯德基推股東優惠,23
2022/8/27,[請益] 技術上有機會看到無量跌停嗎,31
2022/8/27,"Re: [標的] 房貸增貸1000萬,建議投資的方法?",13
2022/8/27,Re: [標的] 大盤 送分題空,14
2022/8/27,"[標的] 房貸增貸1000萬,建議投資的方法?",86
2022/8/27,Re: [請益] Line投顧群組都會割韭菜嗎,13
2022/8/27,Re: [新聞] 今年已調3次！蝦皮店到店運價再調漲 9月1,28
2022/8/27,[新聞] 台經院：明年經濟衰退機率高,52
2022/8/27,[新聞] 疫情以來最慘 貨櫃輪運價暴跌8%,33
2022/8/27,Re: [新聞] 鮑爾「放鷹」將維持高利率一段時間 9月,35
2022/8/27,[新聞] 今年已調3次！蝦皮店到店運價再調漲 9月1,61
2022/8/27,Re: [標的] 2330台積電500以上空,7
2022/8/27,[新聞] 29歲男存到100張玉山金（2884）...單押,34
2022/8/27,[新聞]鮑爾矢言強力對抗通膨 美股重挫道指跌逾千,47
2022/8/27,Re: [標的] 台積 技術反彈多,13
2022/8/27,[標的] GSAT.US 14多,2
2022/8/27,[標的] SQQQ.US 3x空QQQ 小心熊出沒,20
2022/8/27,Re: [新聞] 鮑爾「放鷹」將維持高利率一段時間 9月,42
2022/8/27,[新聞] 鮑爾演說曝鷹派立場 高利率將維持一段時,48
2022/8/27,[創作] 堅持到底,11
2022/8/26,[標的] 大盤 多,77
2022/8/26,Re: [新聞] 鮑爾「放鷹」將維持高利率一段時間 9月,54
2022/8/26,[新聞] 車價漲太兇 美國車貸創新高,28
2022/8/26,[新聞] 快訊／莫德納提告輝瑞、BNT「侵犯mRNA專,45
2022/8/26,[新聞] 鮑爾「放鷹」將維持高利率一段時間 9月,99
2022/8/26,[情報] 111年08月26日信用交易統計,34
2022/8/26,[新聞] 傳亞馬遜可能收購 藝電股價早盤漲5%,19
2022/8/26,[新聞] 德國在中國投資創新高,46
2022/8/26,[新聞] 美股已蠢動 投信：再晚恐錯過反彈行情,98
2022/8/26,[心得] 盤後資料整理(Excel格式),4
2022/8/26,[情報] 台產(2832)通過111年上半年度財務報告,36
2022/8/26,[新聞] 〈航運指數〉SCFI重挫 創疫情來單周最大,74
2022/8/26,[情報] 0826 上市櫃外資投信同買排行,1
2022/8/26,Re: [標的] 8926台汽電，業績這麼差為何股價還在漲,9
2022/8/26,[標的] 8926台汽電，業績這麼差為何股價還在漲,30
2022/8/26,[情報] 2888 新光金 第二季財報,39
2022/8/26,Re: [心得] 我想的一生投資的股現金配置,7
2022/8/26,[新聞] 第1槍！看壞智慧機 外資3理由喊賣大立光,16
2022/8/26,[情報] 0826八大公股銀行買賣超排行,27
2022/8/26,[請益] 長榮航大家怎麼看？,62
2022/8/26,[情報] 2323 中環取得有價證券（中興電）,13
2022/8/26,[新聞] 臺鹽子公司臺鹽綠能切入投資案場 將辦理公發,12
2022/8/26,[情報] 0826 上市櫃外資投信買超金額排行,2
2022/8/26,[新聞] 台股Q3旺季不旺 但最壞已過別太保守,38
2022/8/26,Re: [心得] 程式交易策略討論,19
2022/8/26,[新聞] 7月景氣燈號連五綠 領先指標連九降,44
2022/8/26,[情報] 5516 雙喜9/14 除權息,8
2022/8/26,[新聞] 網傳旅遊業被告知9月底開放 觀光局澄清,100
2022/8/26,[新聞] 英特爾期望小晶片戰略能拯救公司，並將,11
2022/8/26,[情報] 和泰產險111H1 EPS：-226.31,100
2022/8/26,"[請益] 營業員跟著大戶操作,跟單賺錢的勝率",27
2022/8/26,[情報] 0826 上市外資買賣超排行,56
2022/8/26,[新聞] 預期高溫29日解除 四川限電再延4天,46
2022/8/26,[情報] 3665 貿聯-KY Q2 7.68,13
2022/8/26,[心得] 真的很多人在股票市場賺錢嗎？,61
2022/8/26,[情報] 1410南染 決議轉型為不動產租賃業務為主,19
2022/8/26,Re: [標的] 2245 詠勝昌 (興櫃) 多,4
2022/8/26,[新聞] 日本核能政策大轉彎！岸田要求建設下一代,94
2022/8/26,[情報] 08/26 SCFI指數 3154.26 (-275.57),100
2022/8/26,[新聞] 規模破千億 高股息買00878還是0056好？,32
2022/8/26,[情報] 111年08月26日 三大法人買賣金額統計表,52
2022/8/26,Re: [新聞] 航空雙雄急漲逾7%　觀光股全面大漲！專家,29
2022/8/26,[情報] 0826 上市投信買賣超排行,19
2022/8/26,[閒聊] 2022/08/26 盤後閒聊,100
2022/8/26,[新聞] 俄羅斯6月起狂燒天然氣 專家：原應賣給德國,75
2022/8/26,[心得] 程式交易策略討論,13
2022/8/26,[新聞] 車用電子再起 台半耿鼎倉佑 後市誰最猛？,10
2022/8/26,Re: [請益] 為什麼貴州茅台股價那麼高？,44
2022/8/26,[新聞] 航空雙雄急漲逾7%　觀光股全面大漲！專家,35
2022/8/26,[新聞] 盤中速報 - 華航(2610)股價大漲至22.35,53
2022/8/26,[請益] 畫線下單功能的券商？,6
2022/8/26,[新聞] 財經青紅燈》生技業的老鼠屎,11
2022/8/26,[新聞] 蘋果邀請函暗示iPhone 14擬搭載衛星通訊,24
2022/8/26,[新聞] 力麗集團完成遞補成風場 300MW拚2025年,9
2022/8/26,"Re: [新聞] 蘋果iPhone 14下單9,000萬支 蘋鏈大補",78
2022/8/26,[標的] 2449.tw 京元電子  技術線型多,12
2022/8/26,"[新聞] 蘋果iPhone 14下單9,000萬支 蘋鏈大補",63
2022/8/26,"[請益] 如果0050手續費太貴, 那怎還這多人買?????",25
2022/8/26,[新聞] Mini LED商機看好 長華集團磨刀霍霍搶市,6
2022/8/26,[新聞] 六角國際「段純貞牛肉麵」海外再下一城,55
2022/8/26,[閒聊] 2022/08/26盤中閒聊,100
2022/8/26,[新聞] Fed官員呼籲升息不能停 超過4%也不無可能,67
2022/8/26,Re: [新聞] 輝達財測遜，電玩晶片銷售恐續疲、資料,31
2022/8/25,[新聞] 散裝航運景氣掉谷底？四維航董座這樣說,13
2022/8/25,[新聞] iPhone轉向印度越南生產 外資製造業逐漸,30
2022/8/25,[新聞] 通膨成本上漲吃不消 台積電明年報價,26
2022/8/25,[心得] 盤後資料整理(Excel格式),7
2022/8/25,[請益] 複委託特斯拉分割股票今天會發嗎？,36
2022/8/25,[新聞] 台開股東會流會熄燈「拉黑」　邱于芸力,12
2022/8/25,[情報] 111年08月25日信用交易統計,28
2022/8/25,[新聞] 陸乾旱導致水電大省缺電　重慶地鐵黑漆漆,100
2022/8/25,[新聞] 郭哲榮:傑克森霍爾年會後 台股只兩種走勢,36
2022/8/25,[新聞] 7月房貸餘額年增率連4跌 續寫逾1年半新低,19
2022/8/25,Re: [情報] 台新金(2887) 08/24除息+權 0.605+0.495,21
2022/8/25,[情報] 0825 上市櫃外資投信同買排行,1
2022/8/25,[新聞] 外資轉買台股終結連8賣 投信連45買,8
2022/8/25,[新聞] 華為任正非：全球經濟衰退 企業活下來最,24
2022/8/25,[情報] 0825 上市櫃外資投信買超金額排行,0
2022/8/25,[新聞] 繼面板業後，工具機、鋼鐵業也「鼓勵休假」：台灣7月外銷訂,65
2022/8/25,[新聞] 前高管爆料推特五大安全隱患,4
2022/8/25,[新聞] EVA價格下滑 台聚：對產業健康並非壞事,48
2022/8/25,[新聞] 金融市場爛頭寸 明顯少了,18
2022/8/25,[情報] 0825八大公股銀行買賣超排行,10
2022/8/25,Re: [新聞] 勞保基金上半年虧損逾700億 行政院擬提0,1
2022/8/25,Re: [新聞] 拜登宣布減免學貸「每人少還30萬元」估,3
2022/8/25,[新聞] 勞保基金上半年虧損逾700億 行政院擬提뀰,100
2022/8/25,[情報] 00878 規模正式突破千億,77
2022/8/25,[標的] 為什麼貴州茅台股價那麼高？,100
2022/8/25,[情報] 0825 上市外資買賣超排行,39
2022/8/25,[情報] 111年08月25日 櫃買法人買賣金額統計表,21
2022/8/25,[新聞] 拜登宣布減免學貸「每人少還30萬元」估,100
2022/8/25,[請益] 現沖賣出借,39
2022/8/25,[情報] 111年08月25日 三大法人買賣金額統計表,84
2022/8/25,[情報] 0825 上市投信買賣超排行,19
2022/8/25,[標的] 4120 友華 PTT法人 人踩人空,6
2022/8/25,[閒聊] 2022/08/25 盤後閒聊,100
2022/8/25,[標的] 6244 茂迪,9
2022/8/25,[新聞] 台開下市後開股東會　小股東場外拉布條,27
2022/8/25,Re: [新聞] 鄱陽湖變「草原」 專家：中國熱浪創世界,91
2022/8/25,[新聞] 訂單荒來襲！運價失速 美西線跌破5千美元,100
2022/8/25,[新聞] 英特爾獲加國金主 300億美元融資,19
2022/8/25,[新聞] 雷虎科技助陣國防 發表無人機中控指揮塔,11
2022/8/25,[請益] 2915潤泰全期貨逆價差,32
2022/8/25,[新聞] Fed官員鷹聲振耳欲聾 美債殖利率創6月來,32
2022/8/25,[新聞] 【獨家】星宇航空神祕新股東曝光　張國,13
2022/8/25,[新聞] 蜜月期籌碼高檔賣出 錼創科技-KY創今打入,19
2022/8/25,[標的] 大盤 短空,51
2022/8/25,Re: [標的] 9928 即將脫離全額交易,10
2022/8/25,[新聞] iPhone 14要來了 蘋果9/8活動邀請函藏玄,87
2022/8/25,[閒聊] 2022//8/25盤中閒聊,100
2022/8/25,[新聞] 輝達財測遜，電玩晶片銷售恐續疲、資料,51
2022/8/25,[新聞] IC設計業呼喚台積電讓利,100
2022/8/25,Re: [新聞] 鄱陽湖變「草原」 專家：中國熱浪創世界,46
2022/8/25,[新聞] 韓國人的致富美夢！買不起房子　將賭注押,63
2022/8/25,[新聞] 重慶限電延長 結束時間未定,100
2022/8/24,[新聞] 鄱陽湖變「草原」 專家：中國熱浪創世界,80
2022/8/24,[新聞] 惠普心冷 第五度下修筆電出貨目標,24
2022/8/24,[請益] 是詐騙嗎? 興櫃股賠償變成靈骨塔,17
2022/8/24,[新聞] 四川限電大量關閉充電站，電動車主難以行,100
2022/8/24,[情報] 111年08月24日信用交易統計,35
2022/8/24,"[新聞] 建築業最大掃地機器人  手握4,739億案量",52
2022/8/24,[新聞] 長科開發Mini LED導線架 切入車用及監視,4
2022/8/24,[心得] 盤後資料整理(Excel格式),5
2022/8/24,[請益] 抽到股票該先卷賣嗎,12
2022/8/24,[情報] 0824 處置股風險統計排行,0
2022/8/24,[新聞] M1B、M2驚見死亡交叉 央行：台股資金動,15
2022/8/24,"[新聞] 9,500億元現金股利挹注 7月證券劃撥餘額重返3兆元",23
2022/8/24,[新聞] 疑機密投影片外洩 台積電N3E良率超乎預期,36
2022/8/24,[情報] 0824 上市櫃外資投信同買排行,5
2022/8/24,[新聞] 高盛首席經濟學家：鮑爾不會效法伏克爾 9,21
2022/8/24,[新聞] 新台幣連5貶 收30.271元下探逾28個月低,66
2022/8/24,[新聞] 英特爾 200 億美元蓋晶片廠遇難題：缺 7 千名建築工,55
2022/8/24,[心得]  投資股市只抄底可行嗎？論文研究分享,82
2022/8/24,Re: [心得] 勞退保證收益與有限度自選,11
2022/8/24,[情報] 0824八大公股銀行買賣超排行,14
2022/8/24,[情報] 9928中視7月自結 0.03,17
2022/8/24,[情報] 0824 上市櫃外資投信買超金額排行,4
2022/8/24,[新聞] 〈IC設計併購〉安格溢價14.57% 收購展匯,18
2022/8/24,[情報] 0824 上市外資買賣超排行,55
2022/8/24,[情報] 2915潤泰全 9/17現增認股基準日,61
2022/8/24,[情報] 111年08月24日 櫃買法人買賣金額統計表,26
2022/8/24,[情報] 111年08月24日 三大法人買賣金額統計表,90
2022/8/24,[新聞] 看四川限電影響 上銀、東元不同調,12
2022/8/24,[心得] 航運反攻的號角來啦！,100
2022/8/24,[情報] 0824 上市投信買賣超排行,17
2022/8/24,[新聞] Zoom下修前景 股價跳水16% 花旗:財測還是,23
2022/8/24,[標的] 6807.TW 峰源-KY,3
2022/8/24,Re: [請益] 該直接做空好還是買反向ETF?,5
2022/8/24,[新聞] 南韓廣大散戶熱愛特斯拉 重押身家拼階級翻轉,36
2022/8/24,[標的] 1308 亞聚 當我是塑膠空,16
2022/8/24,[閒聊] 2022/08/24 盤後閒聊,100
2022/8/24,Re: [標的] 環宇KY 4991,0
2022/8/24,[請益] 元大 投資先生 一直閃退,74
2022/8/24,[新聞] 「巨型韭菜」又來了？中環公告減資前買進長榮3280張,31
2022/8/24,[新聞] 阿斯特捷利康考慮退出疫苗業務！AZ新冠,100
2022/8/24,[閒聊] 2022/08/24 盤中閒聊,100
2022/8/24,[新聞] 國安基金仍在場內 法人：本周將力守萬五,48
2022/8/24,[新聞] 面板寒冬 群創遭爆強制員工休假！勞部指,83
2022/8/24,[新聞] 台積電守500元大關 外資送暖,43
2022/8/23,[新聞] 投信連43買創紀錄 包養面板雙虎近3萬張,27
2022/8/23,[新聞] 興櫃股心悅生醫「新冠新藥」解盲消息違,7
2022/8/23,[情報] 合一與中天之SN812 申請美FDA一期IND,53
2022/8/23,[情報] 111年08月23日信用交易統計,51
2022/8/23,[心得] 盤後資料整理(Excel格式),9
2022/8/23,Re: [標的] 6550 北極星藥業-KY 外資多,36
2022/8/23,[情報] FB的靠X群創走空,44
2022/8/23,[新聞] 金控聯姻條款出爐！新光金總座吳欣儒夫妻檔恐一人要辭職,30
2022/8/23,[新聞] 華爾街最準分析師喊美股僅是熊市反彈　「,39
2022/8/23,[新聞] DHL：航運旺季即將來臨 堵塞看不到盡頭,8
2022/8/23,[新聞] 德翔海運1900TEU全貨櫃船 德翔天津輪交船,6
2022/8/23,[新聞] 陽明、長榮獲利創新高 正榮汽船是大貴人,0
2022/8/23,[新聞] 印尼央行意外升息 承認通膨壓力上升,24
2022/8/23,[新聞] 防疫雙險理賠給付655億元 賠光產險業過去,77
2022/8/23,[情報] 0823八大公股銀行買賣超排行,16
2022/8/23,[新聞] 新台幣重貶1.09角 連破兩關收30.204元,74
2022/8/23,[情報] 0823 上市櫃外資投信同買排行,3
2022/8/23,[新聞] 減產效應面板廠鼓勵員工休假,7
2022/8/23,[情報] 2323中環取得有價證券(長榮海運,34
2022/8/23,[請益] 該直接做空好還是買反向ETF?,30
2022/8/23,[新聞] 陸晶片業恐再遇襲 外媒爆危險名單剉咧等,40
2022/8/23,[情報] 0823 上市櫃外資投信買超金額排行,5
2022/8/23,[請益] 空單停損完隔天跌停該如何調適心情？,100
2022/8/23,[新聞] IC設計砍單大刀4Q續揮　閃避台積電直衝二,32
2022/8/23,[新聞] 從小米和特斯拉看機器人的發展趨勢出現,12
2022/8/23,[請益] 力晶配發現金股利1元,9
2022/8/23,[情報] 0823 上市外資買賣超排行,47
2022/8/23,Re: [新聞] 合一授權金 很有想像空間,38
2022/8/23,[請益] 如何安穩睡覺,100
2022/8/23,[情報] 111年08月23日 櫃買法人買賣金額統計表,20
2022/8/23,[情報] 0823 上市投信買賣超排行,20
2022/8/23,[新聞] 美中兩強地緣政治升溫 台灣半導體嚴陣以,3
2022/8/23,[情報] 2002 中鋼 7月份自結合併營收及稅前盈餘,29
2022/8/23,[新聞] 暴雨阻煤運 加重四川電荒,50
2022/8/23,[請益] 信貸買美國公債是個好的選項嗎？,22
2022/8/23,[情報] 111年08月23日 三大法人買賣金額統計表,79
2022/8/23,[新聞] 力積電填息路顛簸,25
2022/8/23,[請益] 台灣有辦法再弄出一間大企業嗎？,100
2022/8/23,[情報] 東哥遊艇6月每股純益3.59元,89
2022/8/23,[新聞] 合一授權金 很有想像空間,45
2022/8/23,[閒聊] 2022/08/23 盤後閒聊,100
2022/8/23,[新聞]  中共對台演習  77%在台美商：未受影響,9
2022/8/23,[新聞] 長榮現金減資六成 9/7~16舊股票停買,31
2022/8/23,[請益]存股請益,47
2022/8/23,[新聞] 三商壽再度賣樓 底價23億,24
2022/8/23,[新聞] 景氣放緩 台綜院：鋼鐵 塑橡膠已走向衰退,18
2022/8/23,[心得] 美國401K與基富通好好退休簡單比較,10
2022/8/23,[新聞] 大摩：8月面板續跌 看壞友達、群創,43
2022/8/23,Re: [標的] 2382 廣達 存股請益,11
2022/8/23,[新聞] 全球最賺錢公司沙烏地阿美奪冠！　台積電,33
2022/8/23,[標的] 友華,20
2022/8/23,[新聞] EDA變成美中晶片戰爭下的下一個戰爭前線,12
2022/8/23,[標的] 2382 廣達 存股請益,44
2022/8/23,[新聞] 大摩：ABF出現供過於求,44
2022/8/23,[標的] 500元出頭的台積電(2330)是好的進場點嗎,37
2022/8/23,Re: [請益] 生技是不是目前的避風港？,12
2022/8/23,[新聞] 面板報價止跌 景氣迎曙光,25
2022/8/23,[標的] 大盤 這位置有點東西空,17
2022/8/23,[閒聊] 2022/08/23盤中閒聊,100
2022/8/23,[新聞] 錢愈存愈薄? 存股達人曝少做1事 30年後下,-10
2022/8/23,[新聞] 大摩策略師：Cash is king　回報跑贏美,16
2022/8/23,[新聞] LME銅價一個月反彈逾10%,8
2022/8/23,[新聞] 激進升息恐慌再現 美股道瓊指數重挫643點,41
2022/8/22,[新聞] 傳統旺季 聚陽:Q3營運挑戰新高,100
2022/8/22,[新聞] 專家：Fed縮表幅度恐高於預期 市場尚未反應過來,18
2022/8/22,[情報] 2364 倫飛 公告除息日9/6(股利1元),49
2022/8/22,[新聞]全球央行年會25日召開 Fed縮表計畫聚焦,18
2022/8/22,Re: [心得] 我想的一生投資的股現金配置,13
2022/8/22,[情報] 111年08月22日信用交易統計,35
2022/8/22,[心得] 盤後資料整理(Excel格式),3
2022/8/22,[標的] 8046 南電 短空,23
2022/8/22,[請益] 生技是不是目前的避風港？,89
2022/8/22,[標的] 1446宏和,4
2022/8/22,[新聞] 對陸半導體出口太依賴 韓國報告:風險激增,32
2022/8/22,[新聞] 運價反彈向上 要看兩關鍵,8
2022/8/22,[新聞] 上海南僑獲利下滑拖累 南僑7月EPS 0.1元,24
2022/8/22,[新聞] 貨櫃海運價 一路往下跌,18
2022/8/22,[新聞] 英國最大港佛利斯多罷工8天,1
2022/8/22,[新聞] 外資狙擊晶圓雙雄、金融股 投信今年買超,2
2022/8/22,[新聞] 阿海破底了！水手哭變水鬼,26
2022/8/22,[請益] ETF選殖利率高還是穩定成長好,36
2022/8/22,[請益] 如果護盤是為了保經濟,-10
2022/8/22,[情報] 0822八大公股銀行買賣超排行,15
2022/8/22,[情報] 0822 上市櫃外資投信同買排行,1
2022/8/22,[新聞] 台韓匯率死亡交叉擴大,64
2022/8/22,[情報] 0822 上市櫃外資投信買超金額排行,7
2022/8/22,[情報] 2845遠東銀 9/12現增認股基準日,29
2022/8/22,[情報] 0822 上市外資買賣超排行,42
2022/8/22,[新聞] 淨值低於票面 潤泰全等5檔個股8/23起暫停信用交易,31
2022/8/22,[情報] 111年08月22日 櫃買法人買賣金額統計表,23
2022/8/22,[情報] 0822 上市投信買賣超排行,17
2022/8/22,Re: [新聞] 合一飆漲停鎖死近5萬張買單排隊等 中天鎖,26
2022/8/22,[情報] 111年08月22日 三大法人買賣金額統計表,94
2022/8/22,[標的] 6609 瀧澤科 CNC多,25
2022/8/22,[新聞] 台積電500元以上套牢股東超過82萬人,95
2022/8/22,[閒聊] 2022/08/22 盤後閒聊,100
2022/8/22,[新聞] 合一飆漲停鎖死近5萬張買單排隊等 中天鎖,65
2022/8/22,[新聞] 「天國一輝」回來了 股價全面攻頂 生技股,36
2022/8/22,[新聞] 大跌行情中加碼 16家大股東7月狂敲自家股,15
2022/8/22,[標的] 大盤 空,31
2022/8/22,Re: [新聞] 中國經濟超車美國？美前財長：將重演日,100
2022/8/22,Re: [標的] 4162 短線突破解盲搶劫多,1
2022/8/22,[新聞] 中國央行1、5年期LPR利率雙降 力拚提振,15
2022/8/22,[標的] 3426台興電子,10
2022/8/22,[新聞] Chip4組抗中聯盟？ 學者：可能聚焦出口,27
2022/8/22,[公告] 簡易處置,5
2022/8/22,[新聞] 想買顯卡再等等！AMD、NVIDIA持續清庫存,97
2022/8/22,[新聞] 《熱門族群》BTC將登場 生技股話題熱燒,10
2022/8/22,[新聞] 英最大貨櫃港罷工 供應鏈恐重傷,29
2022/8/22,[新聞] 〈國泰金經濟調查〉股市樂觀指數上揚 逾,7
2022/8/22,[新聞] 高效運算年會本周登場 台積電通吃大單,21
2022/8/22,[閒聊] 2022/08/22盤中閒聊,100
2022/8/22,[新聞] 聯詠瑞鼎 2023出貨重回成長,32
2022/8/22,[新聞] 小米第二季獲利暴跌8成　北京總部開鍘逾9,100
2022/8/21,[新聞] 四川限電今起「輪停輪供」台廠暫時鬆口氣,79
2022/8/21,[情報] 08/19 處置股風險統計排行,11
2022/8/21,[新聞] 〈中國限電〉多晶矽供給受限 太陽能產業鏈再掀一波漲價潮,16
2022/8/21,[新聞] 日本擬引進星鏈服務 減輕官兵長期航海壓,48
2022/8/21,[新聞] 美國印第安納州長晚間抵台 將拜訪半導體廠,73
2022/8/21,[心得] 本周機構與Fed觀點整理分享：多空激辯,47
2022/8/21,[新聞] 推特員工「年終獎金砍半」內部信件,19
2022/8/21,[公告] 08/21 處置名單：cpblgu 等,21
2022/8/21,[新聞] 投信認養股 領軍闖萬六,34
2022/8/21,"Re: [請益] 現在美國處在""景氣循環""哪個階段?",5
2022/8/21,[新聞] 中國經濟超車美國？美前財長：將重演日,100
2022/8/21,"Re: [請益] 現在美國處在""景氣循環""哪個階段?",4
2022/8/21,"Re: [請益] 現在美國處在""景氣循環""哪個階段?",8
2022/8/21,Re: [請益] 想抗通膨，月定期定額3000，有適合標,36
2022/8/21,[新聞] 長榮、友達等12檔減資瘦身秀 行情增溫,29
2022/8/21,[新聞] SCFI連10跌 郭哲榮:跌到「這價位」就快逃,37
2022/8/21,[新聞] 塑化業陷全面減產 H2籠罩5大逆風,28
2022/8/21,[情報] 08/22 ~ 08/26 美股財報行事曆,7
2022/8/21,[新聞]17檔內資買不停 躍黑馬,15
2022/8/21,Re: [請益] 想抗通膨，月定期定額3000，有適合標的嗎,8
2022/8/21,"[請益] 現在美國處在""景氣循環""哪個階段?",63
2022/8/21,[新聞] 陽明增開中東加班船,5
2022/8/21,[新聞] 慧洋船隊給力 營運樂觀,8
2022/8/21,[新聞] 歐洲大旱 多瑙河二戰沉船 炸藥影響航運,17
2022/8/21,[新聞] 壽險資金恐大量撤出台股？尹崇堯這樣說,10
2022/8/21,Re: [新聞] 四川：工業用電暫時不能恢復,17
2022/8/21,Re: [請益] 想抗通膨，月定期定額3000，有適合標的嗎,12
2022/8/21,Re: [新聞] 四川：工業用電暫時不能恢復,100
2022/8/20,[新聞] 富邦壽上半年台股賺545億 下半年伺機加碼,26
2022/8/20,[情報] 4743合一 接獲FDA通知通過認定及上市許可,90
2022/8/20,[新聞] 〈熱門股〉晶宏電子紙驅動IC沾光 單周帶量強漲18%,14
2022/8/20,[新聞] 四川晚間公布 限電延長至25日,100
2022/8/20,Re: [請益] 想抗通膨，月定期定額3000，有適合標的嗎,7
2022/8/20,Re: [標的] 2409 友達 (中環減資軋空即將重新上演),100
2022/8/20,[標的] 瑞昱(2379)的整體成長性算是很強嗎,1
2022/8/20,[新聞] 四川：工業用電暫時不能恢復,100
2022/8/20,Re: [請益] 想抗通膨，月定期定額3000，有適合標的嗎,10
2022/8/20,[新聞] 中興電營運逐年成長至2025年 衝上新天價,26
2022/8/20,[請益] 想抗通膨，月定期定額3000，有適合標的嗎,49
2022/8/20,[新聞] 群創下修大面板出貨預估,34
2022/8/20,[標的] 合一 多到爆,99
2022/8/20,[新聞] 鮑爾料在傑克森霍爾年會對通膨鷹派表態,10
2022/8/20,[新聞] 一帶一路裝闊坑人 亞銀斷金脈 擬終止借,8
2022/8/20,[新聞] 陽明砸31億元買貨櫃,13
2022/8/20,[標的] 6550 北極星藥業-KY 外資多,41
2022/8/20,Re: [標的] 到現在多軍只有我套牢？持股請益,44
2022/8/20,[新聞] 貨櫃運價底部近了？陽明航線還開加班船,5
2022/8/20,[新聞] 貨櫃航運有戲？歐洲大旱斷航令箭在弦上,15
2022/8/20,[新聞] 中國免非洲17國債務 中網友求+1「我很努,61
2022/8/20,[新聞] BCI、BDI指數跌深 散裝航運沉了 龍頭示警,10
2022/8/20,[新聞] 複委託買賣國外股票雖便利　卻隱藏這些,12
2022/8/20,Re: [心得] 代Po航運股心得就是爽,100
2022/8/20,[新聞] 外資賣超逾兆何時轉買？谷月涵：很難講,40
2022/8/20,[新聞] 中國救援爛尾樓風暴 多部門推進「保交樓,22
2022/8/20,[新聞] 兩樣情：避險基金美股空單飆歷史高、散戶,32
2022/8/20,Re: [請益] 台積電ESPP可以長期投資嗎?,28
2022/8/20,[公告] 08/20 處置公告＋板務雜談,25
2022/8/20,"[請益] ""殖利率倒掛""造成問題的請益",16
2022/8/20,[新聞] 證交所引資 林修銘:找Top 20外資行銷台灣,15
2022/8/20,[請益] 佳格1227的董監持股,70
2022/8/20,[新聞] 股神巴菲特旗下波克夏 獲准收購西方石油最多50%股票,39
2022/8/20,[新聞] 馬斯克傳入股腦部晶片新創公司Synchron,7
2022/8/20,[請益] 台積電ESPP可以長期投資嗎?,17
2022/8/20,Re: [標的] ZIM.US 複製台股航海王多,30
2022/8/20,[標的] 宏達電 （2498）短空長多,24
2022/8/20,[新聞] 他複委託買美股卻遇下市　遭清算慘賠170,91
2022/8/20,[創作] 你好毒,3
2022/8/19,[新聞] 台股戰年線靠誰？謝金河：兩大族群扮要角,6
2022/8/19,[請益] 台積電 為啥 不發股票股利？,12
2022/8/19,[新聞] 傳吉利擬讓旗下曹操出行赴港上市 最快明,54
2022/8/19,[心得] 盤後資料整理(Excel格式),9
2022/8/19,[心得] 中國A股101,48
2022/8/19,Re: [新聞] 央行放手 新台幣收30.02元創2年新低,31
2022/8/19,[新聞] 「薩德」部署攸關國安、沒有妥協空間 南,39
2022/8/19,[新聞] 謝金河嘆工商大老「嚴責台灣，寬待對岸」,69
2022/8/19,[情報] 111年08月19日信用交易統計,50
2022/8/19,[新聞] 四川限電「上海替特斯拉討電」公文曝光,31
2022/8/19,[新聞] 量產vs.繼續突破 中芯國際陷入戰略兩難,22
2022/8/19,[情報] 0819 上市櫃外資投信同買排行,5
2022/8/19,[新聞] SCFI連十跌創新低 三大航線運價未止跌,49
2022/8/19,[新聞] 中鴻9月內銷盤價續降 助客戶維持接單及營運動能,12
2022/8/19,[情報] 0819 上市櫃外資投信買超金額排行,0
2022/8/19,[新聞] 央行放手 新台幣收30.02元創2年新低,67
2022/8/19,[新聞] 經濟放緩影響 調查：美國有半數企業正計,10
2022/8/19,[新聞] 台股成提款機 外資今年賣超逾1兆元創紀錄,27
2022/8/19,[新聞] SCFI貨櫃運價指數連十周下滑 跌幅達3.73%,44
2022/8/19,[情報] 8069元太 處分有價證券(晶宏 報酬率16倍,75
2022/8/19,[情報] 0819八大公股銀行買賣超排行,13
2022/8/19,[新聞] 小資女抱123張0056！預測股利嗨喊「每月,57
2022/8/19,Re: [新聞] 一季燒掉近10億美元！蝦皮母公司虧損翻,13
2022/8/19,[新聞] 原物料能源成本仍處高檔　正隆衛生紙下半年將調漲5到20%,16
2022/8/19,[新聞] 印尼總統佐科威：今年可能對鎳礦出口徵稅,11
2022/8/19,Re: [新聞] 倫飛連拉7根漲停 盤中123.5元續創新高,14
2022/8/19,[情報] 0819 獨家美股中文資料庫分享,4
2022/8/19,[情報] 慧洋-KY111年第2季合併財報 H1:9.3,17
2022/8/19,Re: [新聞] 土洋對作 外資今年砍殺台股破兆元,25
2022/8/19,[情報] 0819 上市外資買賣超排行,29
2022/8/19,[新聞] 土洋對作 外資今年砍殺台股破兆元,39
2022/8/19,Re: [情報] 111年08月19日 三大法人買賣金額統計表,25
2022/8/19,[情報] 111年08月19日 櫃買法人買賣金額統計表,23
2022/8/19,[情報] 111年08月19日 三大法人買賣金額統計表,96
2022/8/19,Re: [新聞] Chip 4預備會議 經部將拋供應鏈與晶片安,3
2022/8/19,[新聞] 通膨率近80%土耳其央行竟降息4碼,65
2022/8/19,[情報] 0819 上市投信買賣超排行,20
2022/8/19,[閒聊] 2022/08/19 盤後閒聊,45
2022/8/19,Re: [新聞] 倫飛連拉7根漲停 盤中123.5元續創新高,47
2022/8/19,[新聞] 蔡總統：行政院將評估開放邊境時程表,31
2022/8/19,[新聞] 仁寶5G研發中心成立 陳其邁：感謝看好高,25
2022/8/19,[標的] 大盤 延續空,14
2022/8/19,[新聞] 一季燒掉近10億美元！蝦皮母公司虧損翻,100
2022/8/19,[新聞] Chip 4預備會議 經部將拋供應鏈與晶片安,29
2022/8/19,Re: [請益] 能看到ETF成份股即時漲跌的網頁/App ?,4
2022/8/19,[新聞] 小摩：全球經濟衰退疑慮被誇大，建議逢低,40
2022/8/19,[新聞] 南韓將出席 Chip 4 初步會議，台經濟部,31
2022/8/19,[標的] 大盤 短空,60
2022/8/19,[新聞] 群創Q3稼動率降至七成，面板景氣年底可望,38
2022/8/19,[新聞] 鷹浪太強！美元指數創一個月新高 台幣續,19
2022/8/19,Re: [請益] 為什麼喜歡現金股利 而非股票股利,2
2022/8/19,[新聞] 四川嚴重缺電企業被迫停工 衝擊特斯拉,28
2022/8/19,[標的] 宇峻 市場遺忘多,23
2022/8/19,[新聞] 官商勾結炒股坑殺勞動基金 前勞動部貪官,37
2022/8/19,[標的] 6469大樹 主力真的猛,19
2022/8/19,Re: [請益] 買上市權值是不是阿呆,5
2022/8/19,[新聞] 倫飛連拉7根漲停 盤中123.5元續創新高,75
2022/8/19,[請益] 券商FCN產品請益！,7
2022/8/19,[請益] 能看到ETF成份股即時漲跌的網頁/App ?,8
2022/8/19,Re: [請益] 買上市權值是不是阿呆,1
2022/8/19,[新聞] Cohen真賣光了！ BBBY 盤後再崩跌逾44%,6
2022/8/19,[閒聊] 2022/08/19 盤中閒聊,100
2022/8/19,[新聞] 泰豐中壢舊廠土地開發 9月有解,14
2022/8/19,[新聞] Fed大鷹派布拉德：傾向9月升息3碼 通膨,93
2022/8/19,[新聞] 金管會開鍘！ 13家壽險利變保單「亂升息,11
2022/8/18,[新聞] 財經專家：市場準備降溫 投資人應獲利了,36
2022/8/18,[新聞] 沙烏地抄底美股 本季加碼75億美元 買進微軟等科技股,21
2022/8/18,Re: [請益] 00692存到100張後的投資方向,53
2022/8/18,[新聞] 從東哥遊艇到元太科技 郭哲榮：下一檔飆,47
2022/8/18,[心得] 小資族定期定額的標的與比例討論,12
2022/8/18,[心得] 盤後資料整理(Excel格式),4
2022/8/18,[情報] 111年08月18日信用交易統計,52
2022/8/18,[新聞] 車用電子 IDM 廠曾一片晶圓也接單,9
2022/8/18,[新聞] 資本逃離 華爾街最親共大佬拋售中概股,35
2022/8/18,Re: [請益]9941裕融大家怎麼看？,9
2022/8/18,[新聞] 南加大20歲學生買這支股票 1個多月賺了1,58
2022/8/18,[新聞] 史上最貴藥物！美FDA批准定價280萬美元的,22
2022/8/18,[請益] 9941裕融大家怎麼看？,44
2022/8/18,Re: [請益] 為什麼喜歡現金股利 而非股票股利,0
2022/8/18,[標的] META.US (FB) 數位中介法 合規 多,3
2022/8/18,[情報] 0818八大公股銀行買賣超排行,18
2022/8/18,[新聞] 廣越8、9月營收看續衝高，全年有望賺逾一,10
2022/8/18,[情報] 0818 上市櫃外資投信同買排行,3
2022/8/18,[新聞] 13家壽險、21張利變保單下架 金管會祭壽,6
2022/8/18,[情報] 0818 上市櫃外資投信買超金額排行,5
2022/8/18,[情報] 2845遠東銀9/6除權息,35
2022/8/18,Re: [請益] 為什麼喜歡現金股利 而非股票股利,5
2022/8/18,Re: [請益] 為什麼喜歡現金股利 而非股票股利,18
2022/8/18,Re: [請益] 台灣矽盾會被晶片法案影響嗎？,13
2022/8/18,Re: [請益] ETF的收益分配通知書跟股利憑單,5
2022/8/18,[新聞] 達人存股年領200萬提早退休了 秘笈曝光,86
2022/8/18,Re: [請益] 為什麼喜歡現金股利 而非股票股利,7
2022/8/18,[情報] 0818 上市外資買賣超排行,29
2022/8/18,[情報] 2371大同公告總經理辭職,42
2022/8/18,[標的] 大聯大(3702)跌破50元了是進場的好時機嗎,19
2022/8/18,[情報] 111年08月18日 櫃買法人買賣金額統計表,29
2022/8/18,[情報] 0818 上市投信買賣超排行,15
2022/8/18,[新聞] 最懂海的男人開示 台驊顏益財曝長榮、陽,45
2022/8/18,[新聞] 和泰車總座：汽車缺料太嚴重 下修全年車,14
2022/8/18,[情報] 111年08月18日 三大法人買賣金額統計表,65
2022/8/18,[新聞] 代理商怨「PChome不聞不問產品在momo賣更,82
2022/8/18,[新聞] 砍斷主力「下假單」這招有用?他嗆爆政府,24
2022/8/18,Re: [請益] 台灣矽盾會被晶片法案影響嗎？,7
2022/8/18,[新聞] BA.5疫情爆 全台確診下周反轉？買盤卡位,33
2022/8/18,[新聞] 市場不佳 退撫基金上半年收益率-8.07%,42
2022/8/18,[閒聊] 2022/08/18 盤後閒聊,99
2022/8/18,[請益] 台灣矽盾會被晶片法案影響嗎？,17
2022/8/18,Re: [請益] 為什麼喜歡現金股利 而非股票股利,4
2022/8/18,Re: [請益] 為什麼喜歡現金股利 而非股票股利,2
2022/8/18,[標的] 元太 8069.tw 主力表態多,0
2022/8/18,[標的] 6844諾貝兒 奶凍捲不會太甜好吃多,43
2022/8/18,[創作] 方舟價值股app(免費下載),16
2022/8/18,Re: [請益] 為什麼喜歡現金股利 而非股票股利,13
2022/8/18,[新聞] 市場震盪、終端需求疲軟 高盛下調台積電,8
2022/8/18,[新聞] 倫飛7月自結EPS 0.36元,47
2022/8/18,[請益] 為什麼喜歡現金股利 而非股票股利,46
2022/8/18,[請益] 中短期穩健型投資建議,60
2022/8/18,[新聞] 萬美玲曝高端耗損率是BNT485倍追討1.6億,10
2022/8/18,Re: [標的] 大盤,2
2022/8/18,[新聞] 聯準會：將進一步升息 但會適時放緩腳步,26
2022/8/18,[請益] 00692存到100張後的投資方向,79
2022/8/18,Re: [標的] 元太 8069.tw 過高就空,59
2022/8/18,[新聞] 挪威石油基金 上半年虧幅創紀錄,24
2022/8/18,[新聞] 維權股東擬拋售BBBY 盤後跌逾18%,8
2022/8/18,Re: [標的] 9928 即將脫離全額交易,4
2022/8/18,[新聞] 美元升幅收斂 Fed紀錄出爐後市場估9月升,17
2022/8/18,[新聞] 元宇宙大會加持，類股上漲機會大,50
2022/8/18,[新聞] Fed會議記錄顯示，通膨壓力尚未消退，加,18
2022/8/18,[新聞] 台塑化：油價Q4重返100美元,26
2022/8/18,[閒聊] 2022/08/18 盤中閒聊,100
2022/8/18,Re: [新聞] 零售數據超預期！美股開盤大漲 道瓊強彈,9
2022/8/18,[新聞] 碳化矽大廠Wolfspeed財報財測勝預期，盤,19
2022/8/18,[新聞] 陸擴大限電 衝擊長三角,99
2022/8/18,[新聞] 台灣創新板首發18日掛牌　錼創李允立曝在,12
2022/8/18,[新聞] 投信近1月砸16億 狂存永豐金近10萬張,21
2022/8/17,Fw: [情報] 36屆小天使招考（8/15～8/25）,0
2022/8/17,[新聞] iPhone旺季前投震撼彈 外資降評玉晶光,19
2022/8/17,[標的] 演算法當沖交易:ES &  NQ,12
2022/8/17,[情報] 111年08月17日信用交易統計,49
2022/8/17,[心得] 盤後資料整理(Excel格式),5
2022/8/17,[情報] 0817 上市櫃外資投信同買排行,1
2022/8/17,Re: [新聞] 鄉民界航海王棄船了！搖身一變成「新藥師,100
2022/8/17,[新聞] 丹堤將熄燈？八方雲集總座：第4季若沒起,65
2022/8/17,[請益]初上市股票競價拍賣,3
2022/8/17,[心得] 7/13-8/16 三大法人買賣超金額統計,16
2022/8/17,[新聞] Crypto.com 傳更大規模二度裁員！美三大,11
2022/8/17,[公告] 簡易處置,7
2022/8/17,[新聞] 警訊？蘋果罕見裁員 1周解僱百名約聘員,44
2022/8/17,[新聞] 台驊指出承攬業受景氣波動小 年年配息,2
2022/8/17,[新聞] 航運穩獲利 啟動控油大作戰,8
2022/8/17,[新聞] 德業界：萊茵河乾涸運貨難 工廠恐需停工,30
2022/8/17,[新聞] 返校潮＋罷工塞港 海運翻多訊號來了,10
2022/8/17,Re: [情報] 2364倫飛7月自結 0.36,9
2022/8/17,Re: [新聞] 重慶宣布限電11天 大批半導體企業剉咧等,100
2022/8/17,[情報] 0817八大公股銀行買賣超排行,12
2022/8/17,[新聞] 富邦產險宣布增資150億元 明天再添和泰,8
2022/8/17,Re: [心得] 第一次券賣就被嘎了9支漲停板,54
2022/8/17,[新聞] 貨櫃運價連9跌 小摩：需求仍佳不需過度悲,23
2022/8/17,[情報] 0817 上市櫃外資投信買超金額排行,0
2022/8/17,[情報] 2834 臺企銀 第二季財報,30
2022/8/17,[新聞] 八方雲集踩油門！美國加速展店 2024建,37
2022/8/17,Re: [心得] 2021年開始存華南金,3
2022/8/17,[新聞] 重慶宣布限電11天 大批半導體企業剉咧等,100
2022/8/17,[新聞] 〈元太法說〉電子紙貨架標籤ESL需求續強,43
2022/8/17,[情報] 2364倫飛7月自結 0.36,52
2022/8/17,[新聞] 中國西南限電致鋼產停產 鐵礦砂價格連4日下挫,11
2022/8/17,[新聞] 馬斯克最新回應：收購曼聯只是開玩笑,44
2022/8/17,[新聞] 百和Q3降、Q4回升，房地產收入將進補,14
2022/8/17,[情報] 0817 上市外資買賣超排行,62
2022/8/17,[新聞] 台新藥：71歲獨立董事李仁芳過世,7
2022/8/17,[新聞] 美國半導體和科技公司正面臨短期逆境的,8
2022/8/17,Re: [請益] 這投資績可以做全職了嗎,37
2022/8/17,[情報] 9958 世紀鋼 更改4~7月營收(8/15公告),19
2022/8/17,[情報] 111年08月17日 櫃買法人買賣金額統計表,11
2022/8/17,[新聞] 英國7月通膨升至10.1% 超過預期 寫40年新,34
2022/8/17,[情報] 111年08月17日 三大法人買賣金額統計表,56
2022/8/17,[情報] 0817 上市投信買賣超排行,34
2022/8/17,[新聞] 長榮減資前股價就先跳水 所為何事？,33
2022/8/17,[請益] 這投資績可以做全職了嗎,100
2022/8/17,[閒聊] 2022/08/17 盤後閒聊,100
2022/8/17,[新聞] 江蘇傳限電 NB鏈再受重擊,97
2022/8/17,[新聞] 正新:代子公司正新橡膠(重慶)有限公司公告配合當地政,9
2022/8/17,[標的] 道瓊多,1
2022/8/17,[新聞] Intelsat和OneWeb合作為全球航空公司提,1
2022/8/17,Re: [美股] 道瓊空,4
2022/8/17,[新聞] 馬斯克又放話！「我要買曼聯、不用謝」,93
2022/8/17,[新聞] 台灣創新板明迎首家掛牌公司 證交所加,2
2022/8/17,[新聞] 半年大減3800億！南山人壽大股東潤成投,33
2022/8/17,[標的] 大眾控 開高就是空,5
2022/8/17,Re: [新聞] 中國令科技巨頭交出演算法,-10
2022/8/17,Re: [標的] 台積 技術反彈多,14
2022/8/17,[標的] 還有人在等sqqq上百元嗎？,36
2022/8/17,[新聞] 三星剉咧等！台積電3奈米 9月量產,16
2022/8/17,[新聞] IPO利多 定價至掛牌擬加快時程,1
2022/8/17,[請益] 為何有股票可以單日跌超過20%,21
2022/8/17,[新聞] 運價連九跌 台驊董座顏益財仍看好海運市,12
2022/8/17,[新聞] 中國令科技巨頭交出演算法,80
2022/8/17,[閒聊] 2022/08/17 盤中閒聊,99
2022/8/17,[新聞] 掐斷主力下假單 個股擬暫緩開盤,100
2022/8/17,[標的] CCL.US 嘉年華 井底多蛙,23
2022/8/17,[心得] 近期多空交戰 分享一下三年操作心得,60
2022/8/16,[新聞] 大摩降評群聯 全面看空記憶體,49
2022/8/16,[情報] CNN 恐慌指數上貪婪,35
2022/8/16,[新聞] 大聯大：半導體庫存調整 還得等兩季,20
2022/8/16,[標的] 海期-ES-多-當沖,0
2022/8/16,[新聞] 散戶不敢買！台股站上季線 融資不增反減,47
2022/8/16,[新聞] 全球央行總裁評比　楊金龍拿下第三A,44
2022/8/16,[情報] 111年08月16日信用交易統計,35
2022/8/16,[心得] 盤後資料整理(Excel格式),1
2022/8/16,[新聞] 龍光集團五筆美元債違約 富二代提前離場,6
2022/8/16,[情報] 誠研 2022年第 2季淨利 年增 -101.37%,32
2022/8/16,[新聞] 證交所：中福及如興 18日起停止買賣,15
2022/8/16,[心得] 我想的一生投資的股現金配置,8
2022/8/16,[新聞] 四川限電 林伯豐：台商生產勢必受影響,25
2022/8/16,[請益] 去展覽會跟業界交流會得到有用資訊嗎?,11
2022/8/16,[標的] 9907.TW 統一實 不知道漲什麼多,15
2022/8/16,[心得] 股市菜雞 今年以來的挑股心得,100
2022/8/16,[新聞] 防疫雙險黑洞 吞掉產險過去三年盈餘,33
2022/8/16,[情報] (上市公司) 6289 華上公告終止上市,4
2022/8/16,[新聞] 美國運費可能已達頂點 暗喻通膨將緩解,5
2022/8/16,[新聞] 旅遊旺季長榮營收創新高 投資人伺機布局,0
2022/8/16,[新聞] 航海王又擱淺！8大多空因素總盤點,11
2022/8/16,[情報] 新世紀3383公告下市,71
2022/8/16,[情報] 0816八大公股銀行買賣超排行,9
2022/8/16,[標的] 群聯(8299)307.5的股價有被市場低估了嗎,2
2022/8/16,[情報] 0816 上市櫃外資投信同買排行,2
2022/8/16,[情報] 4414如興接獲交易所通知股票停止買賣日期,34
2022/8/16,[情報] 0816 上市櫃外資投信買超金額排行,8
2022/8/16,[請益] 請問是否有可以看預估量的APP,26
2022/8/16,[新聞] 面板雙虎員工分紅開獎！傳最多6~8個月,44
2022/8/16,[新聞] 中國瞄準台灣金融 立委籲做金融戰兵推,20
2022/8/16,[新聞] 如興8/18停止買賣！ 證交所強化相關監理,47
2022/8/16,[情報] 0816 上市外資買賣超排行,38
2022/8/16,[心得] 美股-職業當沖-交易策略：ORB 閃電,9
2022/8/16,[情報] 0816 上市投信買賣超排行,13
2022/8/16,[請益] 定期定額國內 VS 國外公司,14
2022/8/16,[新聞] 大摩：亞洲通膨到頂 央行不必大升息,78
2022/8/16,[情報] 111年08月16日 櫃買法人買賣金額統計表,30
2022/8/16,[新聞] 戴誠志：台股應不會再跌破前波低點,34
2022/8/16,[新聞] 中鋼9月盤價跌3.32% 期待創造打底效應,23
2022/8/16,[情報] 111年08月16日 三大法人買賣金額統計表,100
2022/8/16,[新聞] 降低通膨法案在短期對美國電動車銷售帶,9
2022/8/16,[閒聊] 2022/08/16 盤後閒聊,32
2022/8/16,[新聞] 台積電：曾見美國會團 交流在美投資議題,19
2022/8/16,[新聞] 經部擬提前適用夏月電價 林伯豐：衝擊用電大戶,-10
2022/8/16,[標的] 元太 8069.tw 過高就空,31
2022/8/16,[請益] 已經賺10% 短線過熱 要先賣嗎,41
2022/8/16,[新聞] 四川限電令衝擊台廠 林伯豐:這6天總會過,-10
2022/8/16,Re: [新聞] 四川限電衝擊陸系面板廠 友達/群創有望,4
2022/8/16,[心得] 美股-職業當沖-提升勝率/提升盈虧比率,9
2022/8/16,[新聞] 航商「大小通吃」 擴張船隊搶市,9
2022/8/16,[新聞] 眾家半導體業者法說會展望 透露業績強弱,2
2022/8/16,[新聞] 13F 市場重挫 基金大咖Q2紛紛減持股票,25
2022/8/16,[新聞] 四川限電衝擊蘋果供應鏈？郭明錤：富士康,21
2022/8/16,Re: [標的] 2610 華航 鄉民韭菜超級多,17
2022/8/16,[新聞] 國銀上半年柬埔寨獲利20億創歷史同期最高,28
2022/8/16,[請益] 現在是減碼時機嗎？,27
2022/8/16,[新聞] 四川限電衝擊陸系面板廠 友達/群創有望,18
2022/8/16,[新聞] 13F 波克夏Q2加碼蘋果、雪佛龍、西方石油,13
2022/8/16,[新聞] 柯P：大巨蛋今年難營運,-10
2022/8/16,[閒聊] 2022/08/16 盤中閒聊,100
2022/8/16,[新聞] 13F 大賣空主角原型Q2幾乎清倉所有持股,43
2022/8/16,[新聞] 美股不畏經濟數據疲軟全收高　道瓊漲151,14
2022/8/16,[新聞] NVIDIA遊戲業務收入下滑44%，RTX 30等顯,100
2022/8/16,[心得] 美股-職業當沖-交易心理,11
2022/8/16,[新聞] 日本軟銀上季投資失利虧損230億美元創紀,18
2022/8/15,[新聞] 清零封城又趕跑一家！ 馬自達Q1虧損43億,84
2022/8/15,[新聞] Q3科技黑馬 大摩點名台積等7大將,11
2022/8/15,[新聞] 美國8月Fed製造業指數暴跌至-31.3 降幅,54
2022/8/15,[新聞] 高階測試有撐 京元電下半年業績拚持穩,9
2022/8/15,[新聞] 降息來了!「這家銀行」利率逆勢下調10個,33
2022/8/15,[心得] 盤後資料整理(Excel格式),11
2022/8/15,[請益] 這幾個月石油油價大跌的原因？,43
2022/8/15,[情報] 111年08月15日信用交易統計,45
2022/8/15,Re: [標的] 持股健檢,10
2022/8/15,Re: [新聞] 四川暫停供電至20日 這些台廠營運遭衝擊,25
2022/8/15,Re: [新聞] 〈中國限電〉四川省供電拉警報 令所,21
2022/8/15,Re: [請益] 賠錢總是砍不下手,25
2022/8/15,Re: [新聞] 全球緊縮潮中 人行救經濟逆勢降息,3
2022/8/15,[新聞] 四川暫停供電至20日 這些台廠營運遭衝擊,87
2022/8/15,[心得] 2020年存合庫金,35
2022/8/15,[情報] 0815八大公股銀行買賣超排行,4
2022/8/15,[新聞] 全球緊縮潮中 人行救經濟逆勢降息,34
2022/8/15,[新聞] 泰福TX01獲美國FDA受理藥證申請,4
2022/8/15,Re: [請益] 賠錢總是砍不下手,84
2022/8/15,[情報] 0815 上市櫃外資投信同買排行,4
2022/8/15,[新聞] SCFI又價跌 水手變水鬼？別暈船！專家洩,15
2022/8/15,[新聞] 亞系外資憂仁寶毛利率 目標價18元,29
2022/8/15,[情報] 0815 上市櫃外資投信買超金額排行,0
2022/8/15,[情報] 中環取得有價證券陽明海運,41
2022/8/15,[新聞] 隨地緣政治風險提升 蘋果正在減少對中國,32
2022/8/15,[請益] 賠錢總是砍不下手,100
2022/8/15,[情報] 0815 上市外資買賣超排行,54
2022/8/15,Re: [新聞] 〈中國限電〉四川省供電拉警報 令所有企,24
2022/8/15,[新聞] 小資看過來!盤中零股撮合時間縮短至1分鐘,81
2022/8/15,Re: [新聞] 快訊／又要實彈射擊！美參眾議員訪台引關,34
2022/8/15,[情報] 2809京城銀111年第二季財報,25
2022/8/15,[創作] 籌碼K線APP 新功能介紹 送權限,100
2022/8/15,[情報]  0815 上市投信買賣超排行,32
2022/8/15,[心得] 2021年開始存華南金,84
2022/8/15,[情報] 111年08月15日 櫃買法人買賣金額統計表,16
2022/8/15,[情報] 111年08月15日 三大法人買賣金額統計表,100
2022/8/15,[新聞] 宏達電攜中國移動等發起元宇宙聯盟,63
2022/8/15,[新聞] 玉晶光Q2毛利率站六季高點，H1每股賺6.22,14
2022/8/15,[新聞] 《鋼鐵股》鋼價翻揚 豐興廢鋼、鋼筋漲400元,21
2022/8/15,Re: [標的] 華碩(2357)現在262的股價是好的進場點嗎,17
2022/8/15,[閒聊] 2022/08/15 盤後閒聊,35
2022/8/15,[標的] 分享一下對富邦金的一些研究與思考,26
2022/8/15,[新聞] 多家華爾街銀行恢復俄羅斯債券交易,34
2022/8/15,[標的] 日盛金今天的操作,7
2022/8/15,[新聞] 〈中國限電〉四川省供電拉警報 令所有企,100
2022/8/15,[新聞] 護國更要護民 台中媽媽陳情台積電:用自己,82
2022/8/15,[標的] 大盤 空,-10
2022/8/15,[心得] 美股-職業當沖技術分析—ABCD趨勢策略,31
2022/8/15,[新聞] Why Rocket Lab Stock Took Off Today,0
2022/8/15,[新聞] 台美貿易倡議談判 最快本周啟動,52
2022/8/15,[新聞] 落腳嘉義 無人機國家隊成軍,87
2022/8/15,[新聞] 貨櫃三雄半年報暴衝可續抱?老手曝:放手吧,52
2022/8/15,[新聞] 俄將領盛讚大疆無人機帶來戰爭新革命,47
2022/8/15,[閒聊] 2022/08/15盤中閒聊,99
2022/8/15,Re: [請益] 操作到底是心態重要？還是策略技術？,6
2022/8/15,Re: [標的] 華碩(2357)現在262的股價是好的進場點嗎,15
2022/8/15,[新聞]【國安基金好威2】護盤1個月體檢！大盤漲,8
2022/8/15,[標的] 8277商丞 (有人研究這支嗎?求健檢持股),20
2022/8/15,[新聞] 殺手級半導體禁令！美管制EDA出口 中國嚇,100
2022/8/15,[新聞] 美銀：大規模資金連八周流向科技股,19
2022/8/15,Re: [標的] 華碩(2357)現在262的股價是好的進場點嗎,32
2022/8/14,[新聞] 亞德客-KY董座等高層兼前三大股東 今年以來賣股454張,10
2022/8/14,[新聞] 光電業吹休假風 LED大廠億光也啟動黃金旅,32
2022/8/14,[新聞] 中鋼離岸風電布局新里程碑 興達海基水下基礎出海安裝,11
2022/8/14,[新聞] 快訊／又要實彈射擊！美參眾議員訪台引關,100
2022/8/14,[新聞] 「印度巴菲特」金君瓦拉辭世 5000盧比股,22
2022/8/14,[新聞] 不甩共軍演？美參、眾議員又「搭軍機」,19
2022/8/14,[新聞] 收緊支出 南韓2023年大幅削減預算,28
2022/8/14,Re: [標的] TSLA 特斯拉 信仰多,36
2022/8/14,[標的] 華碩(2357)現在262的股價是好的進場點嗎,100
2022/8/14,[心得] 本周Fed與機構觀點整理：Fed鷹派又怎樣,34
2022/8/14,"Re: [請益] 抽回350萬資金,下周要進場嗎",21
2022/8/14,[新聞] PC產業庫存警報，力拚今年底解除,45
2022/8/14,[新聞] 市場風險降低　金融股反彈！法人看好下半,28
2022/8/14,Re: [標的] 大盤,28
2022/8/14,[公告] 0814 警告 水桶 多人,21
2022/8/14,Re: [請益] 操作到底是心態重要？還是策略技術？,5
2022/8/14,[新聞] 銷售欠佳 美國最大電子零售商進行裁員,11
2022/8/14,[請益] 如興小韭菜的疑問：可以對報社求償嗎,10
2022/8/14,Re: [請益] 操作到底是心態重要？還是策略技術？,28
2022/8/14,[新聞] 〈美股13F報告〉索羅斯Q2加碼大型科技股,4
2022/8/14,[新聞] 證期局：台股基本面佳 會有表現,47
2022/8/14,[新聞] 電子股回神台股周線收紅 三大利多助攻,4
2022/8/14,[新聞] 小心虧到！買賣權證注意「合理價」　防,32
2022/8/14,[新聞] 外資機構︰美明年降息救經濟 Fed官員︰,45
2022/8/14,[新聞] 美股熊轉牛！反轉訊號有望帶動台股,5
2022/8/14,[新聞] 力積電 上半年獲利猛,44
2022/8/14,[新聞] SCFI連九跌 貨櫃航運股逆勢漲,1
2022/8/14,[新聞] 「這檔未上市股票一定大漲」　他誤信上,48
2022/8/14,Re: [標的] 特斯拉年生產2000萬台額目標是否不合理？,15
2022/8/14,[新聞] 小摩策略師：投資人該趁近期股市反彈進場,28
2022/8/13,[新聞] 妖鎳再起 不銹鋼類股共舞,25
2022/8/13,[標的] 大盤,58
2022/8/13,[新聞] 如興財報難產　恐面臨暫停交易,42
2022/8/13,Re: [新聞] 美國通膨飆上8.5% 福斯新聞：家庭每月多,24
2022/8/13,Re: [請益] 操作到底是心態重要？還是策略技術？,6
2022/8/13,[情報] 08/15 ~ 08/19 美股財報行事曆,17
2022/8/13,[新聞] 美國通膨飆上8.5% 福斯新聞：家庭每月多,50
2022/8/13,Re: [請益] 操作到底是心態重要？還是策略技術？,3
2022/8/13,[公告] 08/13 處置公告,18
2022/8/13,[新聞] 中芯Q2獲利年減25.2% CEO趙海軍辭執行董,95
2022/8/13,[情報] 5876 上海商銀H1 1.62 Q2 0.81&現金增資,15
2022/8/13,[新聞] 投信挺台股！連36買追平紀錄 掃貨這十檔,36
2022/8/13,Re: [新聞] 大賣空本尊：消費者債務上升 經濟凜冬將,36
2022/8/13,[新聞] 大萌妹子翻版！又爆2網紅「1天賺10萬」,32
2022/8/13,[情報] 6289 華上 22Q2淨值為負 面臨下市規定,16
2022/8/13,[新聞] 日圓巨大貶值，全球看衰唯獨他看好！巴,6
2022/8/13,[新聞] 臺慶科：7月庫存水位已見下降,83
2022/8/13,[新聞] 一天賺10萬！大尺度女網紅教投資 金管會,36
2022/8/13,[新聞] 美國通膨削減法案在眾院過關 拜登期中選,88
2022/8/13,[標的] 3596智易 撿便宜多,63
2022/8/13,Re: [標的] 國泰永豐華碩微星聯發科請益 持股健檢,45
2022/8/13,[標的] 特斯拉年生產2000萬台額目標是否不合理？,84
2022/8/13,Re: [新聞] 房價貴、物價漲…央行知道台灣通膨被遠,8
2022/8/13,Re: [心得] 如果要輕鬆又刺激的賭博，買vti不錯,5
2022/8/13,Re: [新聞] 熱浪燒中國 生產重鎮限電 安徽獨立電爐,20
2022/8/13,[新聞] 大賣空本尊：消費者債務上升 經濟凜冬將,73
2022/8/13,[情報] 興富發（2542）09/26 除權除息,25
2022/8/13,[情報] 6217中探針 Q2 1.13,99
2022/8/13,[新聞] 譴責中國反應過度 白宮：將宣布美台貿易,43
2022/8/13,[標的] 8091 翔名科技低檔慢慢存,11
2022/8/13,[新聞] 美8月密大消費者信心升至3個月新高 通膨,11
2022/8/13,"[新聞] 華碩高庫存…衝上2,000億元",67
2022/8/13,[新聞] 馬斯克坐收漁翁之利？歐空局考慮與SpaceX,9
2022/8/13,[新聞] 熱浪燒中國 生產重鎮限電 安徽獨立電爐,68
2022/8/13,[創作] 新鴛鴦蝴蝶夢,10
2022/8/12,[新聞] 多家中國國企傳紐交所下市 阿里巴巴等中,21
2022/8/12,[情報] 2323 中環 H1 -0.6(Q2 -0.48)&減資事宜,13
2022/8/12,[情報] 藍天 Q2 0.06 H1 1.07,19
2022/8/12,Re: [新聞] 房價貴、物價漲…央行知道台灣通膨被遠,7
2022/8/12,[情報] 111年08月12日信用交易統計,29
2022/8/12,[請益] 操作到底是心態重要？還是策略技術？,49
2022/8/12,[新聞] 郭哲榮：神祕的那隻手 讓台股週線連6紅K,46
2022/8/12,[新聞] 不跟美國玩了？ 多家國企中概股主動宣布,31
2022/8/12,[新聞] 資金流向美國科技股 規模創八周最大,15
2022/8/12,[心得] 盤後資料整理(Excel格式),8
2022/8/12,Re: [新聞] 房價貴、物價漲…央行知道台灣通膨被遠,39
2022/8/12,[情報] 8487愛爾達 第二季及7月財務,13
2022/8/12,[情報] 4707磐亞 第二季0.39,15
2022/8/12,[心得] 如果要輕鬆又刺激的賭博，買vti不錯,0
2022/8/12,[新聞] 萬海美西殺價，其他航商跟進機率不大,52
2022/8/12,[新聞] 貨攬業傳砍價出清艙位 三雄：僅零星地區,40
2022/8/12,[新聞] 減資題材發酵！長榮外資目標價出爐,19
2022/8/12,Re: [標的] 樂意 7584 多,30
2022/8/12,[新聞] 中國公司遺失巨額銅礦，大企業斷絕往來,100
2022/8/12,[情報] 2324 仁寶 2022H1  EPS0.96元,22
2022/8/12,[情報] 2401 凌陽 Q2 -0.07,17
2022/8/12,[新聞] 全年CPI上修至2.92％創14年新高 電價影響,43
2022/8/12,[情報] 08/12 SCFI指數 3562.67 (-177.05),59
2022/8/12,[情報] 0812八大公股銀行買賣超排行,15
2022/8/12,[情報] 2915潤泰全Q2 EPS 8.61,45
2022/8/12,[新聞] 中鋼董事長翁朝棟為了百萬股東 竟然做這件事,4
2022/8/12,[情報] 9904 寶成 Q2 1.72 H1 3.29,36
2022/8/12,[情報] 0812 上市櫃外資投信同買排行,3
2022/8/12,[情報] 2376技嘉Q2 1.55,20
2022/8/12,[新聞] 敦泰OLED TDDI報捷 OPPO Watch獨家供應商,46
2022/8/12,[情報] 0812 上市櫃外資投信買超金額排行,1
2022/8/12,Re: [標的] 3221 台嘉碩 空,3
2022/8/12,[情報] 潤泰新111年第2季合併財務報告 H1:4.78,34
2022/8/12,[情報] 莫德納CEO:Covid疫苗將像iphone一樣,49
2022/8/12,[情報] 8403盛弘 Q2 0.9 H1 1.92,10
2022/8/12,[情報] 0812上市外資買賣超排行,47
2022/8/12,[新聞] VideoLabs控告宏碁、華碩、微星、聯想與,14
2022/8/12,[新聞] 房價貴、物價漲…央行知道台灣通膨被遠,52
2022/8/12,[新聞] SpaceX的衛星共乘運載任務需求持續強勁,4
2022/8/12,[情報] 111年08月12日 櫃買法人買賣金額統計表,17
2022/8/12,[情報] 0812上市投信買賣超排行,25
2022/8/12,[情報] 111年08月12日 三大法人買賣金額統計表,68
2022/8/12,[情報] 2382廣達Q2 1.03,67
2022/8/12,[請益] 五檔單量分析,25
2022/8/12,[閒聊] 2022/08/12 盤後閒聊,55
2022/8/12,[標的] 2618長榮航 無嘴貓空,0
2022/8/12,[新聞] 彰銀案糾葛17年 吳東亮：台新有委屈,45
2022/8/12,[標的] 2610 華航 鄉民韭菜超級多,13
2022/8/12,[新聞] 馬斯克回應近期食言兜售特斯拉股票原因,41
2022/8/12,[請益] 定期定額設定問題,11
2022/8/12,[新聞] Matter迫使蘋果加快研發智慧音箱和智慧,8
2022/8/12,[標的] 6820.tw連訊(興櫃) 多,6
2022/8/12,[新聞] 藥華藥:公告本公司董事會通過111年第二季,32
2022/8/12,[新聞] 橋水基金Q2仍重押消費股、加碼CVS和Meta,17
2022/8/12,[情報] 三星李在鎔正式獲得特赦,85
2022/8/12,[新聞] 單季獲利年減8成 華碩：第2季是今年低點,28
2022/8/12,[心得] 尾盤接的股是黃金還是大便？,14
2022/8/12,[新聞] MSCI季調台股2大權重遭連14降！　華航權,6
2022/8/12,[新聞] 擁26張00878、15張00900！小資女問「金,43
2022/8/12,[新聞] 華碩庫存驚天爆！外資砍目標價185元,100
2022/8/12,[閒聊]  2022/08/12盤中閒聊,98
2022/8/12,[新聞] MSCI季調公布！台股成分股無新增剔除,34
2022/8/12,[請益] 華為裁員6萬人是否影響華為概念股？,25
2022/8/12,[新聞] 投資人憂升息 美股多收跌,18
2022/8/12,[新聞] 台積電在地緣政治衝突下面臨迫切挑戰，,37
2022/8/12,[標的] 3221 台嘉碩 空,9
2022/8/12,[新聞] 小米首批140輛自動駕駛測試車 2024進入,20
2022/8/12,Re: [標的] QQQ 愛榭客到底準不準,10
2022/8/11,[新聞] 南韓研究：三星要超車台積電 仍需政府積,18
2022/8/11,[心得] 4414 如興 操作心得,13
2022/8/11,[新聞] 通膨接連出現降溫跡象 四大指數開高,13
2022/8/11,[新聞] 中國鋼鐵全行業虧損 鋼企紛紛停產裁員,45
2022/8/11,[新聞] 美PPI意外不升反降！道瓊漲逾200點　晶,22
2022/8/11,[請益] 借券賣還券的問題,22
2022/8/11,[請益] 熊市這樣算徹底結束了吧?,98
2022/8/11,[新聞] 郭哲榮觀點：CPI數據見轉折，台股還會漲,12
2022/8/11,[請益] 通膨到頂了，然後呢？,9
2022/8/11,Re: [心得] 輸給了大媽盤,8
2022/8/11,[情報] 2327 國巨 Q2 EPS：11.06元,5
2022/8/11,[情報]  4536 拓凱 H1 EPS 11.03,12
2022/8/11,[心得] 盤後資料整理(Excel格式),3
2022/8/11,[情報] 6271 同欣電 Q2 EPS：5.59元,13
2022/8/11,[新聞] 防堵KY公司掏空落跑 金管會祭兩大緊箍咒,9
2022/8/11,[情報] 111年08月11日信用交易統計,53
2022/8/11,[情報] 6235 華孚 Q2 EPS 0.09,11
2022/8/11,[情報] 1731 美吾華 Q2 eps 0.34元,3
2022/8/11,[情報] 3706 神達 Q2 eps 0.44元,15
2022/8/11,[新聞] 金融股抓升息大機遇 台企銀7天填權息達陣,30
2022/8/11,[新聞] 軟銀將減持阿里巴巴股份，料獲利約340億,14
2022/8/11,[新聞] 近四年首次升息 泰國央行10日調升1碼,13
2022/8/11,[情報] 0811 上市櫃外資投信同買排行,1
2022/8/11,[情報] 邦特4107 Q2 eps 1.79,6
2022/8/11,[情報] 0811 上市櫃外資投信買超金額排行,0
2022/8/11,[情報] 台新藥 合併虧損2.03億，每股稅後-2.05,24
2022/8/11,[新聞] 外資寵、官股愛 12檔金融股「錢」景佳,12
2022/8/11,[情報] 至上 Q2:1.65 上半季：3.74,21
2022/8/11,[新聞] 貨櫃三雄H1好狂！　長榮穩居獲利王,61
2022/8/11,[新聞] 外資給緯創目標價39元 看好母以子貴,23
2022/8/11,[新聞] 蛋價降不下來 業界估仍缺一成,23
2022/8/11,[新聞] 蔣尚義：台積電成功祕訣為「文化」,98
2022/8/11,[情報] 0811八大公股銀行買賣超排行,14
2022/8/11,Re: [請益] 什麼時候會再買入美股的郵輪、航空股,20
2022/8/11,[情報] 4938 和碩 2022H1 EPS1.79元,19
2022/8/11,[情報] 1506 正道Q2 昨日盤後定價盤出量今日漲停,4
2022/8/11,[情報] 3260 威剛 H1 eps 1.96,30
2022/8/11,[新聞] 樺漢估2023年高雙位數成長,17
2022/8/11,[情報] 3209 全科 EPS Q2 1.52 H1 2.84,18
2022/8/11,[情報] 微星2377 Q2 eps 3.6,24
2022/8/11,[新聞] 25台廠合組5G智慧杆聯盟，和碩、台達電、,25
2022/8/11,[情報] 1312國喬Q2 -0.2,14
2022/8/11,[情報] 裴洛西:禮拜五通過降低通膨法案,41
2022/8/11,[新聞] 拜登簽署《晶片與科學法案》以鞏固美國在,9
2022/8/11,[情報] 2207和泰車 Q2 EPS -1.49,35
2022/8/11,[新聞] 美科技大佬庫班：買元宇宙土地是史上最蠢,54
2022/8/11,[新聞] 華碩Q2三率三降純益僅18.96億元EPS2.6元,100
2022/8/11,[新聞] 三商壽今年第三度增資自救 擬私募方式引進策略投資人,16
2022/8/11,[情報] 0811 上市外資買賣超排行,45
2022/8/11,[情報] 0811 上市投信買賣超排行,8
2022/8/11,[情報] 1268漢來美食Q2 -2.42,16
2022/8/11,[情報] 2609陽明Q2 EPS 15.9,100
2022/8/11,[情報] 1539 巨庭 Q2 3.06/ H1 4.56,18
2022/8/11,[情報] 2027/8415 大成鋼/大國鋼 H1 5.04/2.16,23
2022/8/11,[情報] 2206三陽工業Q2 0.84,40
2022/8/11,[情報] 6414  Q2營收創同期新高,8
2022/8/11,[情報] 111年08月11日 櫃買法人買賣金額統計表,20
2022/8/11,[情報] 111年08月11日 三大法人買賣金額統計表,56
2022/8/11,[新聞] 戴琪：中國不公平貿易損害美國 將採取新,49
2022/8/11,[標的] 3541 西柏 會議多~,16
2022/8/11,[閒聊] 2022/08/11 盤後閒聊,72
2022/8/11,[情報] 2542興富發Q2 0.04,82
2022/8/11,[請益] 興櫃股 如果券商手上的股票都被買光?,11
2022/8/11,Re: [標的]  大盤 萌智子多,14
2022/8/11,[情報] 韓國政府發放折價券降低中秋前物價,34
2022/8/11,[新聞] 鳳梨打咩！達美樂披薩7年經營慘退場 義大,66
2022/8/11,[情報] 9921 巨大 七月營收歷史新高,31
2022/8/11,[標的] 3481.TW 群創 多喵訊號來了,-10
2022/8/11,[情報] 益得7月營收為20.5萬元，年減85.81%,15
2022/8/11,Re: [新聞] Disney影音用戶超過Netflix 成為全球最大,12
2022/8/11,[新聞] 元宇宙太花錢 Meta首發債籌100億美元 股,31
2022/8/11,[新聞] 統一上半年獲利衰退15.75% 每股純益1.6元,31
2022/8/11,[標的] 1524 耿鼎 多,7
2022/8/11,Re: [請益] 我是不是不適合買股，買就跌，賣就漲,30
2022/8/11,[情報] 瑞典超越法國成為歐洲最大電力淨出口國,58
2022/8/11,[新聞] 從最鴿變最鷹 Fed官員：7月通膨降溫不改,40
2022/8/11,Re: [請益] 持股健檢,51
2022/8/11,[新聞] 六公股行庫 銜命買彰銀股票,20
2022/8/11,[請益] 我是不是不適合買股，買就跌，賣就漲,100
2022/8/11,Re: [新聞]  美股道瓊漲535點那斯達克邁入牛市,32
2022/8/11,[新聞] Disney+美國無廣告版漲價38% 現行價格,60
2022/8/11,[新聞] 智易上半年營收創新高 但獲利逆勢衰,24
2022/8/11,[情報] 1731美吾華 7月 MOM:-10.26% YOY:-11.05%,23
2022/8/11,[新聞]  美股道瓊漲535點那斯達克邁入牛市,61
2022/8/11,[新聞] 聯想副總裁毛世傑：元宇宙將充分打開,10
2022/8/11,[新聞] 導線架廠7月營收表現分歧，Q3以守代攻,7
2022/8/11,[新聞] 蔣尚義：加入中芯人生最愚蠢決定,100
2022/8/11,[閒聊] 2022/08/11 盤中閒聊,99
2022/8/11,[新聞] Disney影音用戶超過Netflix 成為全球最大,99
2022/8/11,Re: [新聞] 航海王暈船「美東、美西運價再創高！」,15
2022/8/11,[新聞] 萬海美西線震撼價5200美元,52
2022/8/11,[情報] 0810 處置股風險統計排行,1
2022/8/11,Re: [情報] 美國CPI 8.5%,76
2022/8/11,Re: [標的] 2409 友達 (現金減資退款日:2022/10/11),0
2022/8/10,[標的] 2892第一金 VS2890永豐金 比較心得,41
2022/8/10,[新聞] 又有3名芯片高層落馬 中國芯片業地震內幕,81
2022/8/10,[新聞] 油金反彈 正向ETF跟漲,8
2022/8/10,"[情報] 寬宏藝術7月營收年成長率144,719.30%",61
2022/8/10,[心得] 盤後資料整理(Excel格式),9
2022/8/10,Re: [請益] 兩百萬一年內投入股市 長期投資選擇,23
2022/8/10,Re: [標的] 2409 友達 (現金減資退款日:2022/10/11),100
2022/8/10,[新聞] 南山人壽7月淨值回升逾700億元,33
2022/8/10,[情報] BlackSky(BKSY) 2022Q2財報,0
2022/8/10,[情報] 111年08月10日信用交易統計,60
2022/8/10,[新聞] 爭彰銀經營權纏訟7年 台新銀與財政部調,5
2022/8/10,[新聞] 國安基金＋禁空令 他斷言 台股難創新高,-10
2022/8/10,Re: [請益] 兩百萬一年內投入股市 長期投資選擇,27
2022/8/10,[新聞] 法人：美7月CPI增速若如預期放緩 台股可,14
2022/8/10,[情報] 美國CPI 8.5%,100
2022/8/10,[請益] 網通設備算是電子族群逆勢股嗎？,44
2022/8/10,[情報] 111年【7月份金控股】EPS排名(全已公布),51
2022/8/10,[情報] 8942森鉅 Q2 1.99 H1 4.50,6
2022/8/10,[情報] 1104環泥 Q2 0.5 H1 1.32,8
2022/8/10,[新聞] 公股金融圈史上最大股權承接 趕在彰銀除權前最後一刻,18
2022/8/10,[新聞] 外資賣超178億 晶圓雙雄、貨櫃、金融股是,6
2022/8/10,[新聞] 萬海7月營收239.03億元 股價與長榮打平,10
2022/8/10,[新聞] 貨櫃輪商獲利 有望攀峰,0
2022/8/10,[新聞] 群聯財報事件二審判決，潘健成獲得緩刑,6
2022/8/10,[情報] 1102亞泥 Q2 EPS 1.35,13
2022/8/10,[情報] 1101台泥Q2 -0.04,87
2022/8/10,[情報] 1101 台泥 第二季財報,5
2022/8/10,[新聞] 量能萎縮 7月證交稅收142億元連七黑,14
2022/8/10,[情報] 所羅門 董事會決議不分派股利,28
2022/8/10,[標的] 鴻海(2317)算是電子股風險最低的標的嗎,12
2022/8/10,[情報] 2851 中再保 第二季財報及辦理增資,16
2022/8/10,[新聞] 網家拚撙節 取消8月、雙11演唱會,60
2022/8/10,[新聞] 鴻海上修全年營收，下半年毛利率看升,9
2022/8/10,[新聞] 貨櫃船運東南亞線運價跌幅最深,12
2022/8/10,[情報] 8032 光菱七月營收跟Q2財報,4
2022/8/10,[新聞] 寶鋼9月盤價逆勢緩跌 中鋼：築底意味濃,9
2022/8/10,[新聞] 宏碁董事長陳俊聖示警 PC業黑天鵝亂舞,12
2022/8/10,[新聞] 休假帶兒子到台積電加班　外媒指「台灣,75
2022/8/10,[情報] 3045 台灣大 七月營收,9
2022/8/10,[情報] 0810八大公股銀行買賣超排行,8
2022/8/10,[新聞] 紫光投資案 鴻海劉揚偉親上火線說明,45
2022/8/10,[情報] 6221晉泰第二季財報+七月營收+除權日,3
2022/8/10,[情報] 2882 國泰金7月自結,49
2022/8/10,[情報] 0810 上市櫃外資投信同買排行,0
2022/8/10,[新聞] 庫存高 學者:面板業最快明年下半年才回春,11
2022/8/10,[情報] 5530龍巖 H1 2.36(Q2 1.29+ Q1 1.07),24
2022/8/10,[情報] 2615萬海7月營收 月減5.53%,32
2022/8/10,[情報] 台新金控撤回對彰銀之訴訟,37
2022/8/10,[新聞] 台灣之光Acerpure空氣清淨機日本人氣排行,13
2022/8/10,[情報] 0810 上市櫃外資投信買超金額排行,0
2022/8/10,[情報] 1540喬福 7月 MOM:273% YOY:128%,5
2022/8/10,[標的] 持股健檢,34
2022/8/10,[新聞] 韓外長：南韓入晶片聯盟可為中方扮演橋,81
2022/8/10,[情報] 2454聯發科 7月營收,100
2022/8/10,[情報] 6216 居易 H1 1.58,8
2022/8/10,[情報] 6547高端疫苗7月合併營收,5
2022/8/10,[標的] 持股健檢,39
2022/8/10,[情報] 2881富邦金 7月自結,28
2022/8/10,[請益] 融資不足導致我融券要借券？,29
2022/8/10,Re: [請益] 兩百萬一年內投入股市 長期投資選擇,42
2022/8/10,[情報] 6192 巨路 Q2 1.94 H1 3.91,8
2022/8/10,[情報] 6139亞翔 6613朋億 7月營收,4
2022/8/10,[情報] 2753八方雲集7月營收 yoy+21.41%,63
2022/8/10,[情報]  6533晶心科 七月營收,3
2022/8/10,[情報] 0810 上市外資買賣超排行,27
2022/8/10,[情報] 長榮航7月合併營收,15
2022/8/10,[情報] 0810 上市投信買賣超排行,12
2022/8/10,[情報] 6128 上福 Q2 1.07 H1 1.96,15
2022/8/10,[情報] 8916光隆 七月營收,15
2022/8/10,[情報] 2206 三陽工業 7月營收,44
2022/8/10,[情報] 6477安集7月營收 年增241.24%,15
2022/8/10,[情報] 6770 力積電 111年7月營收,22
2022/8/10,[情報] 2388威盛 7月營收 -9.1%yoy,30
2022/8/10,[情報] 台泥1101、敦陽科2480、邦特4107七月營收,10
2022/8/10,[情報] 1540喬福 Q2 EPS:0.32,14
2022/8/10,[情報] 6150撼訊7月營收 月減31.8% 年減58.31%,16
2022/8/10,[情報] 111年08月10日 櫃買法人買賣金額統計表,4
2022/8/10,[情報] 2317鴻海Q2三率三升EPS2.4元,35
2022/8/10,[新聞] Q3旺季不旺揭序幕，板卡廠7月業績垂淚，,8
2022/8/10,[情報] 111年08月10日 三大法人買賣金額統計表,85
2022/8/10,[情報] 全科3209 六月單月eps0.49和七月營收,10
2022/8/10,[情報] 漢平2488 7月份營收 YoY +111.24%,3
2022/8/10,"[情報] 2002中鋼 7月營收 -12.5%mom,-6.5%yoy",30
2022/8/10,[情報] 4438.tw 廣越 7月營收,6
2022/8/10,[新聞] 伍德砸逾6千萬美元大買輝達、ARKK今年,36
2022/8/10,"[新聞] 台積電7月營收逾1,867億元、月增6.2% 再",16
2022/8/10,"[情報] 8044網家 7月營收 -14.4%mom,-16.8%yoy",29
2022/8/10,Re: [情報] 3545敦泰 7月營收 -41.0%MOM -68.5%YOY,23
2022/8/10,[閒聊] 2022/08/10 盤後閒聊,30
2022/8/10,[新聞] 宏達電進軍電影產業 虛擬製作解決方案上,31
2022/8/10,[請益] 兩百萬一年內投入股市 長期投資選擇,100
2022/8/10,[情報] 6216居易7月營收 mom-30% yoy-28.6%,60
2022/8/10,[情報] 2330 台積電 111年7月營收 MoM 6.2% YoY 49.9%,99
2022/8/10,[新聞] 蘋果王子郭明錤 金管會盯上,5
2022/8/10,[請益] 沒券的標的,11
2022/8/10,Re: [請益] 股市菜鳥想知道如果成交金額不足1000億?,20
2022/8/10,[新聞] 國際汽車大廠與新創合作推動電動車電池,2
2022/8/10,Re: [新聞] 空中計程車時代將於2024年來臨 汽車廠商,16
2022/8/10,Re: [新聞] 馬斯克出售價值43億美元的特斯拉股票,14
2022/8/10,[請益] 股市菜鳥想知道如果成交金額不足1000億?,80
2022/8/10,[新聞] 金融時報：國安官員希望鴻海撤出對大陸,83
2022/8/10,[標的] 台半5425借券大減多,6
2022/8/10,[新聞] 馬斯克出售價值43億美元的特斯拉股票,99
2022/8/10,[標的] 1233 天仁 爛到不行多,43
2022/8/10,[新聞] 中菲行 上半年大賺逾一股本,3
2022/8/10,[新聞] 彭博：美司法部最快下月起訴Google 指控,14
2022/8/10,[新聞] 面板雙虎「7月營收遭腰斬」！友達跌破200,47
2022/8/10,[新聞] 台新藥眼科新藥三期臨床 解盲成功,26
2022/8/10,[新聞] 空中計程車時代將於2024年來臨 汽車廠商,62
2022/8/10,[新聞] 台積電產能滿到年底,67
2022/8/10,[閒聊] 2022/08/10 盤中閒聊,99
2022/8/10,[新聞] 費半大跌4.6％ 台積電ADR下挫近3％,35
2022/8/10,[標的] US 大型股 美國國會議員ETF..?,3
2022/8/10,[新聞] 台積電成要脅美國王牌？　路透：大陸恐,98
2022/8/10,Re: [心得] 勞退保證收益與有限度自選,21
2022/8/10,Re: [新聞] 日企史上最慘、軟銀慘虧逾3兆；願景基金,2
2022/8/10,[新聞] Novavax新冠疫苗銷售慘淡、大砍財測 盤,50
2022/8/10,[情報] 拜登：晶片未來將在美國製造,100
2022/8/09,Re: [新聞] 限空令何時推？金管會四點穩信心,6
2022/8/09,[新聞] 台積電董事會拍板3議案 季配息維持2.75元,41
2022/8/09,[標的] 23元的仁寶(2324)適合當定存的標的嗎,0
2022/8/09,[新聞] 國安問題？金管會盯上蘋果最強分析師郭,17
2022/8/09,[心得] 勞退保證收益與有限度自選,54
2022/8/09,[心得] 盤後資料整理(Excel格式),4
2022/8/09,[新聞] 輝達財報利空》第2季遊戲收入暴跌44％,56
2022/8/09,[情報]  3045 台灣大 2022H1 EPS2.03元,9
2022/8/09,[情報] 歐盟加購1500萬劑莫德納次世代疫苗,3
2022/8/09,Re: [情報] 2324仁寶7月營收 mom-20.2% yoy-9.6%,6
2022/8/09,Re: [新聞] 美光連續給出悲觀財測 盤前股價跌逾4%,5
2022/8/09,[標的] 2809京城銀 2882國泰金 2886兆豐金請益,36
2022/8/09,[情報] 111年08月09日信用交易統計,16
2022/8/09,[情報] 1464 得力H1財報,16
2022/8/09,[新聞] 阿里巴巴3個月裁員近萬人,17
2022/8/09,[新聞] 白內障病患福音　台新藥眼科用藥三期解,22
2022/8/09,[新聞] 日企史上最慘、軟銀慘虧逾3兆；願景基金,34
2022/8/09,[情報] 聯華食1231、宏全9939  Q2 eps,11
2022/8/09,Re: [請益] 只有本金夠大，才能放著配都舒服吧？,37
2022/8/09,[情報] 台新金(2887) 08/24除息+權 0.605+0.495,31
2022/8/09,[情報] 0809 上市櫃外資投信同買排行,0
2022/8/09,[請益] 配股配息殖利率算法,3
2022/8/09,[情報] 技嘉2376、微星2377  七月營收,20
2022/8/09,[情報] 2027/8415 大成鋼/大國鋼 7月營收,14
2022/8/09,[情報] 0809 上市櫃外資投信買超金額排行,0
2022/8/09,[請益] 今天收到一封信說可以用大戶系統？,5
2022/8/09,[新聞] 美光連續給出悲觀財測 盤前股價跌逾4%,25
2022/8/09,[新聞] 股息+升息循環利多 金融股扮撐盤指標,7
2022/8/09,[新聞] 兩岸疫情夾擊 乾杯上半年每股虧損5.59元,7
2022/8/09,[新聞] 長科*股票再分拆 9/5新股上市,23
2022/8/09,[情報] 4580 捷流閥業 Q2 2.39 和7月營收,2
2022/8/09,[新聞] 限空令何時推？金管會四點穩信心,49
2022/8/09,[新聞] 外資再砍華新1.6萬張 土洋聯手加碼金融股,8
2022/8/09,[新聞] 貨攬業：供應鏈恐難回常態,6
2022/8/09,[新聞] 海關證實出口商被要求加註「中國台灣」,3
2022/8/09,[新聞] 長榮、萬海再掀航海爭霸戰,6
2022/8/09,[情報] 台積電 H1 16.96,82
2022/8/09,[新聞] 面板市場雜音不斷！雙虎友達、群創7月營,22
2022/8/09,[情報] 華南金(2880) 7月自結,19
2022/8/09,[新聞] 台積電已經選邊站？！美中惡鬥升級 這些,9
2022/8/09,[新聞] 華邦電：市況複雜難判斷 估至11月態勢可,9
2022/8/09,[情報] 3545敦泰 7月營收 -41.0%MOM -68.5%YOY,88
2022/8/09,[情報] 0809八大公股銀行買賣超排行,7
2022/8/09,[情報] 2883開發金七月自結,41
2022/8/09,[情報] 5880合庫金 7月份自結 EPS 0.2,20
2022/8/09,[情報] 2368金像電 7月月減9%,19
2022/8/09,Re: [情報] 華航111年第2季合併財務報告 H1:0.58,5
2022/8/09,[新聞] 心臟要強！新制勞退大虧、勞工平均賠2.3,52
2022/8/09,[情報] 陽明 7月營收 mom-5.07% yoy+24.8%,100
2022/8/09,[情報] 2812台中銀 111年7月份財務,29
2022/8/09,[新聞] 儒鴻洪鎮海：明年首季產品報價恐下調,18
2022/8/09,[情報] 2888新光金 7月自結,33
2022/8/09,Re: [請益] 請問裁員新聞多，美股卻走揚是為啥,8
2022/8/09,[情報] 3360.tw 尚立H1 &7月營收,8
2022/8/09,[情報] 高端疫苗111年第2季合併財報 H1:-2.1,49
2022/8/09,"Re: [新聞] 台零件輸中須標""中國台灣"" 經濟部:先改",5
2022/8/09,[情報] 生達1720、聯強2347  七月營收,2
2022/8/09,[情報] 6776展碁國際7月營收,20
2022/8/09,[情報] 華航111年第2季合併財務報告 H1:0.58,42
2022/8/09,[情報] 2014中鴻7月營收 mom-37.9% yoy-44.4%,47
2022/8/09,[情報] 4438.TW廣越 H1,2
2022/8/09,[情報] 0809 上市外資買賣超排行,51
2022/8/09,Re: [請益] 請問裁員新聞多，美股卻走揚是為啥,11
2022/8/09,[情報] 光寶科技七月份全球合併營收NT$148億元,9
2022/8/09,[請益] 請問裁員新聞多，美股卻走揚是為啥,32
2022/8/09,[新聞] 可成(2474.TW)Q2 EPS 4.88元創1年半新高,19
2022/8/09,[情報] 5609中菲行 111年第二季合併財務報告,10
2022/8/09,[情報] 0809 上市投信買賣超排行,17
2022/8/09,[情報] 2357 華碩 2382 廣達 7月營收,35
2022/8/09,[情報] 111年08月09日 櫃買法人買賣金額統計表,22
2022/8/09,[新聞] 航海王大洗牌！長榮料擠下萬海稱霸　外,54
2022/8/09,[情報] 111年08月09日 三大法人買賣金額統計表,54
2022/8/09,[情報] 3357臺慶科7月營收 mom-14.6% yoy-32.3%,64
2022/8/09,"Re: [標的] TSLA, AMD, TSM.US 歐印誰 討論",11
2022/8/09,Re: [新聞] 小摩列舉10大理由 看好當前美股,8
2022/8/09,[情報] 2845遠東銀暫緩執行現金增資相關作業,40
2022/8/09,[新聞] 蘋果近兩年大幅降低收購 除了監管考量 經,1
2022/8/09,[情報] 2324仁寶7月營收 mom-20.2% yoy-9.6%,41
2022/8/09,[情報] 6189 豐藝 H1 2.82,8
2022/8/09,[情報] 2892第一金 7月自結,21
2022/8/09,[情報] 2409友達 3481群創 7月營收,71
2022/8/09,[情報]  2834 臺企銀 7月營收 & 7月自結eps,100
2022/8/09,[新聞] 推美元優惠定存3.1％ 陽信銀前7月稅前盈,12
2022/8/09,[情報] 2364 倫飛 7月營收 +3.6%YOY,13
2022/8/09,[閒聊] 2022/08/09 盤後閒聊,52
2022/8/09,[新聞] 外資報告》高盛看好宏達電轉型VR市場 維,20
2022/8/09,"Re: [新聞] 台零件輸中須標""中國台灣"" 經濟部:先",0
2022/8/09,[情報] 9955佳龍111年第二季合併財務報告,16
2022/8/09,Re: [心得] 為何勞團會反對勞退自選?,31
2022/8/09,Re: [新聞] BMW將燃料電池車納入其電氣化戰略 2025年,1
2022/8/09,"Re: [新聞] 台零件輸中須標""中國台灣"" 經濟部:先改",20
2022/8/09,"Re: [新聞] 台零件輸中須標""中國台灣"" 經濟部:先改",72
2022/8/09,[新聞] 女股神:美經濟已陷衰退 聯準會明年將降息,72
2022/8/09,[心得] 為何勞團會反對勞退自選?,80
2022/8/09,[新聞] 長榮股價有機會超車萬海？理由看這裡,13
2022/8/09,[請益] 選擇權 執行認購 實際如何操作?,3
2022/8/09,Re: [新聞] 台電砸148億 穩定台積2奈米廠用電,7
2022/8/09,Re: [新聞] BMW將燃料電池車納入其電氣化戰略 2025年,2
2022/8/09,[新聞] 台股有反彈行情？里昂證券提十理由：言之,17
2022/8/09,[新聞] 台股最新MSCI權重恐遭降！可能剔除這5檔,23
2022/8/09,[新聞] 論2022年下半年我國外銷、內需市場的景,1
2022/8/09,[情報] 2614 東森 7月營收 MOM 12.54%,4
2022/8/09,[新聞] 可成香港股東發難 要求歸還部分現金,25
2022/8/09,[新聞] 外資保守看待京元電，亞系外資降評至「劣於大盤」，目標價36,2
2022/8/09,[新聞]「00878、00900」存股哪支最長久？網秒選,49
2022/8/09,[新聞] 盤中速報 - 如興(4414)股價大漲至3.15元,16
2022/8/09,[新聞] 每年花8萬「7年賺到8張中華電」！他從存3,-10
2022/8/09,[新聞] PChome網家新總經理出爐！ 由母嬰團購「,80
2022/8/09,Re: [新聞] 長榮重返百元 2老手背書 水手這樣看,25
2022/8/09,[新聞] BMW將燃料電池車納入其電氣化戰略 2025年,14
2022/8/09,"Re: [新聞] 台零件輸中須標""中國台灣"" 經濟部:先改",41
2022/8/09,[閒聊] 2022/08/09盤中閒聊,100
2022/8/09,[新聞] 台電砸148億 穩定台積2奈米廠用電,68
2022/8/09,[情報] 安力-KY 7月營收2.2億元 +19.7%YoY,2
2022/8/09,[標的] UPST.US 財報 EPS-99% 下季指導疲軟,31
2022/8/09,"[新聞] 台零件輸中須標""中國台灣"" 經濟部:先改",100
2022/8/09,[標的] LULU.US 露露檸檬 台布料供應商,13
2022/8/08,[情報] 8069元太 7月營收 -4.82%MoM +43.6%YoY,40
2022/8/08,[情報] Palantir(PLTR.US)Q2營收同比增26% 業績,24
2022/8/08,[新聞] 東聯 H1每股淨損0.3元,13
2022/8/08,[情報] TSLA將在8/24收盤後拆股（1拆3）,39
2022/8/08,[情報] NVDA.US 二季度營收大幅不及預期,56
2022/8/08,[請益] 券商投顧的研究報告哪一家寫的比較深入?,37
2022/8/08,[心得] 盤後資料整理(Excel格式),6
2022/8/08,[情報] 3558神準 7月營收 +8.1%MoM +75.3%YOY,24
2022/8/08,[情報] 111年08月08日信用交易統計,22
2022/8/08,[情報] 9921 巨大 公告本公司新任集團策略長,42
2022/8/08,[標的] 9960.TW 邁達康,10
2022/8/08,[新聞] 不敗教主：8月台股將好轉,-10
2022/8/08,[情報] 2636 台驊投控 7月營收,32
2022/8/08,Re: [請益] 這時間信貸如何？,14
2022/8/08,[標的] 1708 東鹼,14
2022/8/08,[新聞] 快訊／台耀明停牌、攜子公司台新藥開記者,29
2022/8/08,[情報]  6592 和潤企業 7月營收（又創新高）,14
2022/8/08,[情報] 2836高雄銀7月營收,4
2022/8/08,[新聞] 貨櫃航運不利因素增，運價尋求支撐,3
2022/8/08,[新聞] 再創新高！長榮營收627.99億、年增36.88%,26
2022/8/08,[新聞] 運費不再漲 HMM海運Q2獲利光環失？,12
2022/8/08,[新聞] 長榮重返百元 2老手背書 水手這樣看,16
2022/8/08,[新聞] 台積電楠梓產業園才動土 周邊房市一年最,11
2022/8/08,[新聞]〈航運業表現分歧〉台驊7月營收22.3億元,10
2022/8/08,[情報] 中環公告處分有價證券,8
2022/8/08,[情報] 2323 中環 處分 富邦金&長榮 有價證券,35
2022/8/08,[情報] 2887台新金 7月自結,46
2022/8/08,[情報] 0808八大公股銀行買賣超排行,13
2022/8/08,[情報] 6596寬宏藝術 Q2 EPS (0.76),26
2022/8/08,[情報] 0808 上市櫃外資投信同買排行,0
2022/8/08,[情報] 0808 上市櫃外資投信買超金額排行,4
2022/8/08,[新聞] 亞馬遜以價值17億美元收購iRobot，往更,22
2022/8/08,[新聞] 韓媒：韓國提出尊重中國的一中原則作為「,99
2022/8/08,[情報] 00692收益分配通知書發放,8
2022/8/08,Re: [情報] 8044 網家 公告本公司總經理暨執行長委任,7
2022/8/08,[新聞] 7月出口433.2億美元創單月次高 連25紅達,17
2022/8/08,[新聞] 金融穩盤、中小型股助攻 台股量縮小跌15,5
2022/8/08,[情報]2845 遠東銀7月自結 0.10(稅後),39
2022/8/08,[情報] 0808 上市外資買賣超排行,43
2022/8/08,[情報] 2615萬海 22H1 EPS 25.21元 (Q2 8.57元),100
2022/8/08,[情報] 2884玉山金 7月自結,28
2022/8/08,[新聞] 防疫保單拖累半年報轉虧 裕隆、中華車跳,13
2022/8/08,[情報] 2344華邦電 7月營收 -17.0%MoM -18.7%YoY,25
2022/8/08,[情報] 2886兆豐金 7月自結,18
2022/8/08,[情報] 愛之味(1217) 2022H1 EPS=0.07元,24
2022/8/08,[新聞] 群光上半年營收獲利雙創歷史新猷　每股.,13
2022/8/08,[情報] 4919新唐 7月營收 -14.4%mom -4.9%yoy,30
2022/8/08,[請益] 股市小白的心態調整,22
2022/8/08,[情報] 8044 網家 公告本公司總經理暨執行長委任,39
2022/8/08,[情報] 8044網家Q2 EPS -0.01  (H1:-0.26),18
2022/8/08,[新聞] 中芯國際傳12吋晶圓廠CIM國產化計畫喊卡,21
2022/8/08,[情報] 111年08月08日 櫃買法人買賣金額統計表,9
2022/8/08,[請益] ETF的收益分配通知書跟股利憑單,3
2022/8/08,[情報] 2603長榮7月營收 mom+4% yoy+36.8%,100
2022/8/08,[情報] 111年08月08日 三大法人買賣金額統計表,54
2022/8/08,[情報] 台塑 台化 南亞公告7月合併營業額,22
2022/8/08,[情報] 0808 上市投信買賣超排行,18
2022/8/08,[標的] 0050 外資流出空,11
2022/8/08,[請益] 巴菲特指標還有參考意義嗎？,15
2022/8/08,[標的] 3029 零壹科技 資安零股多,9
2022/8/08,[情報] 3037欣興 111年7月營收,33
2022/8/08,[請益] 台股2000E已經是極限了嗎?,22
2022/8/08,[情報] 2337旺宏7月營收 mom-7.8% yoy-15.8%,21
2022/8/08,[閒聊] 2022/08/08 盤後閒聊,33
2022/8/08,[情報] 2385群光7月營收,24
2022/8/08,[新聞] 三星電子勞資將首簽薪資協議,4
2022/8/08,[情報] 金橋 2022年7月合併營收1.38億元 年增40.,3
2022/8/08,[情報] 6147頎邦7月營收 mom-13.7% yoy-22.7%,100
2022/8/08,Re: [標的] 2610 華航起飛多,10
2022/8/08,[新聞] 數量翻倍 三星已找到第二家3nm芯片客戶：,51
2022/8/08,Re: [新聞] 限空令+國安基金！台股盤中漲300點 攻上,16
2022/8/08,Re: [情報] 6206飛捷Q2 2.48  QoQ+29.6% YoY+134.9%,15
2022/8/08,[標的] 3289 宜特 多,8
2022/8/08,Re: [新聞] 限空令+國安基金！台股盤中漲300點 攻上,27
2022/8/08,[標的] 9928 即將脫離全額交易,7
2022/8/08,[情報] 8433弘帆Q2:2.85 H1:4.48,5
2022/8/08,[標的] 2059川湖 本土券商大幅調高,8
2022/8/08,[新聞] 貨櫃海運附加費 將連17漲,32
2022/8/08,[新聞] 大江第2季所得稅費用激增 首見單季虧損,14
2022/8/08,[新聞] 長榮Q2獲利再創新高，EPS19.33元,57
2022/8/08,[新聞] 聯詠Q3財測失色 保守派悲觀看1字頭,33
2022/8/08,[新聞] 漢翔上半年EPS 0.85元,6
2022/8/08,[新聞] 韓向美表明有意參與晶片四方聯盟預備磋,42
2022/8/08,[閒聊] 2022/08/08盤中閒聊,100
2022/8/08,[新聞] 美這檔妖股噴漲23倍 「大賣空」本尊11字,15
2022/8/08,[新聞] 錢進台股 掌握PELOSI,13
2022/8/08,[新聞] 勞動基金買股 900億上膛,96
2022/8/08,[新聞] 抗通膨 Fed理事：美國9月應再升息3碼,18
2022/8/08,[新聞] 房價保證班！亞利桑那州長大讚台積電是,42
2022/8/08,[新聞] 國際油價跌回俄烏戰爭前,34
2022/8/08,[請益] 台灣美國CPI採納項目比例不同?,4
2022/8/08,[請益] 投資美股ETF長抱 vs 存銀行領利息,46
2022/8/07,Re: [標的] 華航、長榮航還有機會嗎,3
2022/8/07,"[新聞] 7月非農數據""造假""? 美聯儲會否激進加息?",0
2022/8/07,[新聞] 萬海航運舉行3輪命名儀式暨公益捐贈,4
2022/8/07,[標的] 華航、長榮航還有機會嗎,64
2022/8/07,[新聞] 五大公股金控Q2持股曝光 華南金、合庫金,19
2022/8/07,[新聞] 無懼共軍武嚇 台股漲幅冠全球,56
2022/8/07,[情報] 下週(8/8~8/12)除權息之股票,21
2022/8/07,[新聞] 陸AMC出手救房企 中國華融宣布紓困陽光城,16
2022/8/07,[新聞] 15檔三優股 有績之彈,10
2022/8/07,[新聞] 新制勞工虧大！今年上半年每人賠2.3萬元,100
2022/8/07,[新聞] 法人:台股回萬五 若無新利空本週再戰季線,29
2022/8/07,[新聞] 4年存滿10張玉山金　存股男嗨曝「股利股,96
2022/8/07,[新聞] 央行出手調節匯市 7月外匯存底終止連2升,3
2022/8/07,[新聞] 台股攻上「萬五」後 法人：鎖定這3種概,9
2022/8/07,Re: [新聞] 中共軍演台股竟漲300點！趙少康：台灣是,1
2022/8/07,[新聞] 〈觀察〉半導體業揮別2年榮景 晶圓代工廠,15
2022/8/07,[新聞] SCFI連8跌 水手們注意！逆風啟航？,14
2022/8/07,[新聞] 外資回頭認錯大買！ 搶補這5檔個股,47
2022/8/07,[新聞] 韓智庫：高物價和海外利空加重經濟下行,8
2022/8/07,[標的] 3293. 鈊象是優質存股標的嗎,27
2022/8/07,[新聞] 楠梓產業園區動土 陳其邁：2年後坐火車,10
2022/8/07,[新聞] 台股上演V轉秀！法人：有望迎來補漲行情,33
2022/8/07,[公告] 微型處置,5
2022/8/07,[新聞] 美股陷熊市 波克夏Q2投資虧損達1.5兆,39
2022/8/07,Re: [請益] 再問一個~真的有散戶靠攤平減少損失嗎?,1
2022/8/07,[新聞] 長榮賺爛、股價躺 謝金河揭翻身大戲看這,3
2022/8/07,Re: [請益] 再問一個~真的有散戶靠攤平減少損失嗎?,2
2022/8/07,Re: [請益] 再問一個~真的有散戶靠攤平減少損失嗎?,11
2022/8/07,Re: [新聞] 新安東京海上產險減資99.99％ 股東持股,11
2022/8/06,[新聞] 台海危機散戶怕 法人:台股連續大跌機率低,41
2022/8/06,Re: [請益] 網紅吸金代操[當事人要澄清謠言很容易吧?],82
2022/8/06,Re: [新聞] 純貨機暴利已結束、客運獲利不足以彌補,16
2022/8/06,[新聞] 退撫基金6月大虧301億元 上半年收益率,72
2022/8/06,[標的] 關於聯詠(3034)未來中長期獲利能力的討論,18
2022/8/06,[新聞] 郭明錤：iPhone 14 首次印度及中國同步出,14
2022/8/06,[情報] 08/08 ~ 08/12 美股財報行事曆,19
2022/8/06,[新聞] 翁朝棟：調整產線度難關 迎Q4旺季,25
2022/8/06,Re: [新聞] 日經：蘋果要求台灣零件標示「中國台灣」,43
2022/8/06,[新聞] 華新上半年EPS 2.71元創新高 Q3不銹鋼落底,20
2022/8/06,[新聞] 外資看衰面板 反手買超友達群創各4.4萬張,36
2022/8/06,[新聞] 韓外長：將與中方討論朝核問題和供應鏈,33
2022/8/06,[新聞] 台海危機 央行證實出手穩匯,49
2022/8/06,[新聞] 遭聯電切割「已非榮譽董事長」曹興誠回應,100
2022/8/06,[公告] 08/06 處置公告,28
2022/8/06,[新聞] 興富發鄭欽天：工資回不去 高房價難解,-10
2022/8/06,[新聞] 愛普*7月營收月減28.8%,26
2022/8/06,"[請益] 如果變難民,美股海外券商資金要怎麼提領",78
2022/8/06,[新聞] 台股反彈後恐陷入震盪　權證低資金進場,7
2022/8/06,Re: [新聞] 新安東京海上產險減資99.99％ 股東持股,15
2022/8/06,[標的] 3035.TW智原跌深搶反彈多,-10
2022/8/06,[請益] 想請問一下股板各位關於我的交易策略,32
2022/8/06,Re: [新聞] 新安東京海上產險減資99.99％ 股東持股,13
2022/8/06,[新聞] 日經：蘋果要求台灣零件標示「中國台灣」,100
2022/8/06,Re: [新聞] 新安東京海上產險減資99.99％ 股東持股,100
2022/8/06,[創作] 當你,9
2022/8/05,[新聞] 限空令+國安基金！台股盤中漲300點 攻上,34
2022/8/05,[新聞] 兩岸會不會開打？郭哲榮：機率為零 台股,32
2022/8/05,[新聞] 達昇能源科技股份有限公司 導入智慧能源,1
2022/8/05,Re: [新聞] 新安東京海上產險減資99.99％ 股東持股,45
2022/8/05,[情報] 中華電(2412) 2022H1 EPS=2.41元,37
2022/8/05,[心得] 盤後資料整理(Excel格式),8
2022/8/05,[情報] 111年08月05日信用交易統計,35
2022/8/05,[新聞] 高盛：經濟沒好轉 美股必跌,37
2022/8/05,[新聞] 新安東京海上產險減資99.99％ 股東持股,98
2022/8/05,[新聞] 美國7月非農就業增加52.8萬人 遠優於預,52
2022/8/05,[情報] 6213聯茂 111年七月營收,15
2022/8/05,[新聞] 福懋上半年稅後淨利25.91億 EPS 1.54元,27
2022/8/05,[新聞] 汎德永業第2季EPS 4.95元,26
2022/8/05,[新聞] 股市穩了？馬斯克：跡象顯示全球經濟已,40
2022/8/05,[新聞] 7月CPI年增率回落至3.36% 主計總處估8月,49
2022/8/05,[新聞] INBG加持，貿聯-KY前7月營收破300億元,12
2022/8/05,[新聞] 印度央行宣佈加息50個基點,19
2022/8/05,[新聞] 全家Q2獲利回神 季增率高達108％,16
2022/8/05,[標的] 大盤 不要小看中國空,0
2022/8/05,[新聞] 《大賣空》本尊再發神秘貼文　示警：愚,14
2022/8/05,[情報] 6292 迅德 H1 0.65,10
2022/8/05,[情報] 0805 上市櫃外資投信同買排行,2
2022/8/05,[情報] 力積電調整每股現金股利0.8 > 0.729,46
2022/8/05,[新聞] 海運巨頭馬士基大砲執行長又拋震撼彈,29
2022/8/05,[情報] 2201裕隆 2204中華 Q2財報,32
2022/8/05,[新聞] 運價維持高檔 長榮海運上半年賺破2千億,14
2022/8/05,"[新聞] 陽明11,000 TEU新船 命名為根明輪",12
2022/8/05,[新聞] 長榮創除息後新高 萬海、陽明見賢思齊,16
2022/8/05,[情報] 2034 允強 2022H1 eps1.78元,9
2022/8/05,[情報] 1737 臺鹽 2022H1 eps0.87元,8
2022/8/05,[情報] 1788杏昌Q2 3.01 QoQ+31.4% YoY+23.8%,1
2022/8/05,[情報] 4958臻鼎-KY 111年7月營收,9
2022/8/05,[情報] 特斯拉股東大會 Elon Musk談話摘要,6
2022/8/05,[情報] 2891中信金 7月自結0.29,16
2022/8/05,[新聞] 新安東京認列防疫保單損失達290億,100
2022/8/05,[情報] 3189景碩 111年7月營收,7
2022/8/05,[情報] 0805八大公股銀行買賣超排行,12
2022/8/05,[新聞] 面板報價 8 月續跌；短期壓力仍大,21
2022/8/05,[新聞] 《金融》外匯局長籲：廠商應平均分散結購美元 勿受預期心理,14
2022/8/05,[情報] 0805 上市櫃外資投信買超金額排行,0
2022/8/05,[標的] 2610 華航起飛多,9
2022/8/05,[新聞] 新唐董座：Q3樂觀以待，未見降價壓力,14
2022/8/05,[新聞] SK海力士完成對KeyFoundry的收購,1
2022/8/05,[情報] 藥華藥(6446) 111年 7 月營收,37
2022/8/05,[情報] 緯創 H1 EPS:1.22 第二季1.53,17
2022/8/05,[情報] 4755三福化 2022H1 EPS6元,3
2022/8/05,[情報] 2890永豐金 7月自結,35
2022/8/05,[情報] 3008 大立光 七月營收,19
2022/8/05,[新聞] NASA和Roscosmos打算在2024年之後營運國,0
2022/8/05,[情報] 長榮111年第2季合併財務報告 H1:38.49,100
2022/8/05,[情報] 8069 元太 Q2 EPS 2.08元 (H1 3.36元),42
2022/8/05,[情報] 3406 玉晶光 七月營收,11
2022/8/05,Re: [新聞] 聯詠示警Q3營收恐衰近4成 力拼Q3為谷底,20
2022/8/05,[新聞] 7月CPI年增率回落至3.36% 通膨壓力仍高,19
2022/8/05,[情報] 0805 上市外資買賣超排行,72
2022/8/05,[新聞] 韓上半年國際收支經常項目順差247.8億美,19
2022/8/05,[新聞] 群聯7月營收53.42億元 為歷年同期次高,21
2022/8/05,Re: [心得] 勸世 - 不要隨便掛市價單,23
2022/8/05,[新聞] 豐田第一季利潤暴跌，下半年面臨需求危機,13
2022/8/05,[情報] 6139 亞翔  Q2 0.78 H1 1.87,7
2022/8/05,[新聞] 聯詠示警Q3營收恐衰近4成 力拼Q3為谷底,37
2022/8/05,[新聞] 榮運Q2獲利寫單季新高 上半年EPS 1.91元,3
2022/8/05,[情報] 2449.TW 京元電上半年度合併財務報表(H1),10
2022/8/05,[新聞] 銥星簽署手機啟用衛星網路服務之協議，,3
2022/8/05,[情報] 3034聯詠 7月營收,82
2022/8/05,[情報] 1526 日馳 Q2 1.97 H1 3.49,10
2022/8/05,[情報] 6592 和潤企業 Q2 1.78 H1 3.47,8
2022/8/05,[情報] 111年08月05日 櫃買法人買賣金額統計表,9
2022/8/05,Re: [請益] 請問陳龍,18
2022/8/05,[情報] 0805 上市投信買賣超排行,21
2022/8/05,Re: [標的] 4432 銘旺實,8
2022/8/05,[情報] 2498宏達電7月營收 mom-38.5% yoy-18.5%,100
2022/8/05,[情報] 2002 中鋼 2022H1 1.35 2021H1 1.6,6
2022/8/05,[情報] 111年08月05日 三大法人買賣金額統計表,98
2022/8/05,[新聞] 楠梓產業園區本週日動土 高市府：台積電,13
2022/8/05,[心得] 勸世 - 不要隨便掛市價單,96
2022/8/05,Re: [新聞] 曹興誠怒轟軍演！捐1億美元助國防　嗆,12
2022/8/05,[情報] 6237驊訊7月營收 mom-65.4% yoy-81%,43
2022/8/05,[情報] 1451年興Q2 0.85,28
2022/8/05,"[標的] TSLA, AMD, TSM.US 歐印誰 討論",61
2022/8/05,[新聞] 張家兄弟再戰！長榮國際股東會　大股東張,74
2022/8/05,[情報] 2889 國票金 111年7月自結 0.08,17
2022/8/05,[情報] 元大金控公告111年7月份自結合併損益,19
2022/8/05,[閒聊] 2022/08/05 盤後閒聊,67
2022/8/05,[新聞] 南電Q3看續成長 下半年目標維持四率四升,18
2022/8/05,[標的] 大盤 空,100
2022/8/05,[新聞] 和碩副董出席裴洛西午宴、疑導致大陸廠,44
2022/8/05,Re: [新聞] 韓外長樸振下周將訪華會晤中國外長王毅,55
2022/8/05,[新聞] 長榮董座張衍義：造新船當然有排舊船汰換,44
2022/8/05,[新聞] 白宮《氣候智慧建築倡議》加快聯邦建築,7
2022/8/05,[新聞] 英特爾與義大利達成初期投資 50 億美元,100
2022/8/05,[新聞] 韓外長樸振下周將訪華會晤中國外長王毅,100
2022/8/05,[請益] 電子通路族群最近可以進場嗎?,44
2022/8/05,[新聞] 飛彈恐嚇表現不差 老謝:台股走出自己格局,24
2022/8/05,[新聞] 埃隆馬斯克預測溫和的 18 個月經濟衰退,30
2022/8/05,[新聞] 曹興誠怒轟軍演！捐1億美元助國防　嗆,100
2022/8/05,[新聞] Fed梅斯特：利率今年底應達4%以上 明年年,31
2022/8/05,[新聞] 如興跌夠了？9天急跌4成後早盤翻紅飆上,19
2022/8/05,[標的] 2603 長榮 填息多,12
2022/8/05,[新聞] 不怕軍演？台積電強拉9元 台股大漲逾200,100
2022/8/05,[新聞] 券商公會陳俊宏：台股基本面佳 中共軍演,5
2022/8/05,[新聞] 特斯拉股票1拆3拍板 穆斯克宣布建廠計畫,26
2022/8/05,[情報] 越南今年前7個月貿易順差7.64億美金,22
2022/8/05,[閒聊] 2022/08/05盤中閒聊,99
2022/8/05,[標的] 台股大盤 地緣政治利空出盡多,10
2022/8/05,[新聞] 全球晶片銷售增幅連六個月減速 再添經濟,13
2022/8/05,[請益] 關於股利問題,18
2022/8/05,[新聞] 國安基金護盤心切 台股守住月線,19
2022/8/05,[標的] 大盤多,38
2022/8/05,[請益] 有老人可以建議明天操作指南嗎,45
2022/8/05,[請益] 為什麼大家都追求配股配息?,20
2022/8/04,[情報] 2317鴻海 7月營收-9.7%MoM +13.7%YoY,39
2022/8/04,[新聞] 台海緊張 留意軍工概念股,33
2022/8/04,[新聞] 韓“半導體特別法”4日起實施 扶持國家尖,20
2022/8/04,[請益] 請問一下法人籌碼的問題,6
2022/8/04,[心得] 盤後資料整理(Excel格式),3
2022/8/04,[新聞] 美國337調查恐禁止進口 宏碁、華碩等4公,19
2022/8/04,[情報] 2344華邦電 H1 2.44 & 參與華新增資,13
2022/8/04,[情報] 111年08月04日信用交易統計,25
2022/8/04,[新聞] 陸制裁4家台灣企業　陸委會：視情況採取,42
2022/8/04,[新聞] 國安基金：授權進場護盤與波洛西訪台無關,26
2022/8/04,[情報] 0804 上市櫃外資投信同買排行,1
2022/8/04,[情報] 3558 神準 第二季財報,16
2022/8/04,[請益] 有人投資股票只看股息 不管股價嗎?,46
2022/8/04,[情報] 4979華星光 Q2 0.63,5
2022/8/04,[情報] 達欣工 H1 EPS:1.84,4
2022/8/04,[新聞] 聯強：上半年每股賺2.95元 樂觀看待Q3旺,2
2022/8/04,[新聞] 先漲為敬！特斯拉股東大會即將開幕，拆股,12
2022/8/04,Re: [標的] 大盤 落底多,3
2022/8/04,[新聞] 韓總統室：繼續與中美保持半導體合作,91
2022/8/04,[情報] 0804 上市櫃外資投信買超金額排行,3
2022/8/04,[新聞] 風雨欲來 沃爾瑪調降財測後開始裁員,22
2022/8/04,[新聞] 存股族熱愛金融股 投信：升息擴大利差值,24
2022/8/04,[情報] 1477 聚陽 Q2 EPS:3.04,11
2022/8/04,Re: [新聞] 台海緊張台股震盪！金管會護盤下一步,0
2022/8/04,Re: [請益] 賠了一千萬怎麼調適？,6
2022/8/04,[新聞] 國家隊出手 股匯都挺住,12
2022/8/04,[情報] 0804八大公股銀行買賣超排行,9
2022/8/04,[情報] 2323 中環 取得長榮 & 處分陽明 有價證券,37
2022/8/04,[新聞] 台海緊張台股震盪！金管會護盤下一步 擬,61
2022/8/04,[情報] 2727王品Q2 EPS -2.98 (H1 : -1.36),40
2022/8/04,[新聞] 囂張！中國學者：軍演只是「第一拳」而已,48
2022/8/04,[新聞] 台海危機台股震盪 金管會限空令上膛,70
2022/8/04,[新聞] Fed官員：9月升息2碼是合理的,41
2022/8/04,[新聞] 中美晶史上最佳Q2 合併營收年增41.3％,12
2022/8/04,[情報] 2353宏碁 Q2 EPS:0.58,15
2022/8/04,[新聞] 南電第2季獲利創新高 上半年每股賺13.54,14
2022/8/04,[新聞] 證交所提醒投資人關注基本面,57
2022/8/04,[情報] 中鴻111年第二季財報 H1:0.82,16
2022/8/04,[新聞] 3奈米擴產計畫遞延？台積電否認,10
2022/8/04,[情報] 111年08月04日 櫃買法人買賣金額統計表,17
2022/8/04,[新聞]演完?中國解放軍稱導彈精準命中目標 稱解除,100
2022/8/04,[情報] 0804上市外資買賣超排行,19
2022/8/04,[情報] 2303聯電7月營收 mom+0.00004%,78
2022/8/04,[新聞] 義隆調整庫存 本季業績預期季減幅度大,25
2022/8/04,[新聞] 運動鞋市場改變加速：年邁巨頭成長疲軟 小品牌把握衝刺契機,6
2022/8/04,[情報] 8916 光隆 Q2 1.89,13
2022/8/04,[情報] 111年08月04日 三大法人買賣金額統計表,66
2022/8/04,[情報] 6150撼訊Q2 -1.08,37
2022/8/04,[情報] 0804上市投信買賣超排行,25
2022/8/04,[新聞] 集邦:Intel訂單遞延 台積放緩3nm擴產計畫,57
2022/8/04,[閒聊] 2022/08/04 盤後閒聊,34
2022/8/04,[請益] ETF溢折價,6
2022/8/04,[新聞] 中元節旺季沒了？ 食品股成重災區 統一除,33
2022/8/04,[新聞] 大陸軍演 國安基金緊盯變數,27
2022/8/04,Re: [新聞] 長榮砸百億造轉運基地 首批機具抵高雄港,12
2022/8/04,[情報]  5236 凌陽創新 7月營收,12
2022/8/04,[新聞] 雲豹能源宣布啟動「徵才列車」擬增額、擴,54
2022/8/04,Re: [請益] 人家都在補漲  台股這樣很危險吧,8
2022/8/04,[新聞] Fed 官員認為2023年幾乎不可能降息,43
2022/8/04,[新聞] 英業達老董看台海緊張　「打烏克蘭沒瓦,40
2022/8/04,[請益] 某分析師推的天鈺還有救嗎,15
2022/8/04,[請益] 如興的財報早就可以看出跡象了嗎？,20
2022/8/04,[新聞] 車廠急討25片晶圓 魏哲家傻眼：台積電接,100
2022/8/04,[新聞] 陸行之暗指台積電尚未庫存調整 原因是「,15
2022/8/04,[新聞] 譜瑞-KY股價跳空跌停摜破1000元 台股千,6
2022/8/04,[情報] 0804獨家美股中文資料庫分享,2
2022/8/04,[新聞] 韓出口行業密切關注臺海局勢影響,9
2022/8/04,Re: [標的] SQQQ,0
2022/8/04,Re: [請益] 為什麼昨天成交量這麼小？,12
2022/8/04,[新聞] 第四次台海危機 台股面臨壓力測試,32
2022/8/04,[閒聊] 2022/08/04 盤中閒聊,100
2022/8/04,[新聞] 中國宣布禁止台灣食品,100
2022/8/04,[新聞] 陸禁運天然砂 建商壓力大,99
2022/8/04,[新聞] 美國上周原油、汽油庫存大增，國際油價跌,15
2022/8/04,[請益] 為什麼昨天成交量這麼小？,57
2022/8/04,Re: [標的] SQQQ,0
2022/8/04,"[新聞] 道瓊上漲400點,因經濟數據及財報提振",14
2022/8/04,[新聞] OPEC＋決議每日增產10萬桶 有史以來最小,4
2022/8/04,[新聞] 市值3000億的迷因股 讓GME黯然失色,5
2022/8/04,[標的]台達電,11
2022/8/04,[標的] HKD.US 半月漲了170倍..,10
2022/8/04,Re: [請益] 繞台軍演會影響股市嗎,19
2022/8/04,[新聞] 美國擴大 EDA 軟體出口，限制 GAA 晶片,31
2022/8/04,[新聞] PC出貨大衰退 瑞信降評義隆,8
2022/8/04,[情報] 2838聯邦銀7月自結0.12,6
2022/8/03,[情報] 8046南電 111年7月營收,21
2022/8/03,[創作] 我是真的買過你 (劉增瞳 我是真的愛過你),3
2022/8/03,[公告] 08/03 處置名單：americ 等＋系列文禁回,4
2022/8/03,Re: [請益] 繞台軍演會影響股市嗎,35
2022/8/03,Re: [標的] HKD 史上最妖,23
2022/8/03,Re: [心得] TQQQ三倍指數ETF存股發大財？論文探討可,5
2022/8/03,[新聞] 寧德時代傳暫緩發布北美建廠計畫,7
2022/8/03,[新聞] 原物料飆漲衝擊獲利 UA調降全年財測,4
2022/8/03,[新聞] 台船在手訂單733億 持續布局離岸風電、,11
2022/8/03,Re: [請益] 繞台軍演會影響股市嗎,14
2022/8/03,[新聞] 又有產業巨頭出事 紫光前聯席總裁刁石京,28
2022/8/03,[情報] 2637慧洋-KY 7月自結,20
2022/8/03,[情報] 111年08月03日信用交易統計,15
2022/8/03,[情報] 0803 上市櫃外資投信同買排行,0
2022/8/03,[心得] 盤後資料整理(Excel格式),8
2022/8/03,[新聞] 美禁14奈米以下設備售中 專家：台廠受波,9
2022/8/03,[新聞] 國安基金經理人找你加LINE 別上當,31
2022/8/03,[新聞] 國安基金發狠護盤 郭哲榮揭背後驚天秘辛,0
2022/8/03,[新聞] Robinhood將裁員23%,3
2022/8/03,[新聞] 受晶片法案限制 三星、SK海力士重新評估,16
2022/8/03,[新聞] 央行穩匯價 揪出口商聯防,15
2022/8/03,Re: [請益] 繞台軍演會影響股市嗎,6
2022/8/03,[新聞] 佳世達前7月營收1440億元 續創同期新高,15
2022/8/03,Re: [請益] 持股健檢（都是看批踢踢買的）,31
2022/8/03,[新聞] 台船找上貨櫃三雄 10億美元大單在眼前,6
2022/8/03,[新聞] 貨櫃巨頭馬士基二升財測背後目的曝光,8
2022/8/03,[新聞] 暴賺時代拚轉型，法國航商看上太空物流,8
2022/8/03,[新聞] 安恩嘉攜手長榮 導入智慧AI貨櫃辦識,7
2022/8/03,[情報] 3293.TW 鈊象 7月營收,11
2022/8/03,[新聞] 中暫停對台出口天然砂 經濟部：進口量小,33
2022/8/03,[情報] 0803八大公股銀行買賣超排行,15
2022/8/03,[情報] 1313聯成Q2 -0.72,27
2022/8/03,[情報] 三星電子公布2022年第二季營運績效,3
2022/8/03,[情報] 3141晶宏7月營收 mom-10.8% yoy-14.3%,21
2022/8/03,[情報] 0803 上市櫃外資投信買超金額排行,0
2022/8/03,[新聞] 遭國台辦點名制裁　凌網緊急開會、天亮,47
2022/8/03,[情報] 6206飛捷Q2 2.48  QoQ+29.6% YoY+134.9%,11
2022/8/03,Re: [請益] 繞台軍演會影響股市嗎,14
2022/8/03,[新聞] 智擎小細胞肺癌新藥三期解盲未達標，明,34
2022/8/03,Re: [請益] 繞台軍演會影響股市嗎,7
2022/8/03,[情報] 0803 上市外資買賣超排行,47
2022/8/03,[新聞] 兩大航商調高獲利預測 馬士基估高運費持,29
2022/8/03,[新聞] 00900溢價過高別追了...會受傷 達人：除,-10
2022/8/03,[情報] 長榮航111年度第二季合併財報 H1:0.98,49
2022/8/03,[新聞] 捷迅Q2獲利符預期 上半年8.11元,2
2022/8/03,[情報] 111年08月03日 櫃買法人買賣金額統計表,9
2022/8/03,[新聞] 陸突宣布暫停天然砂輸台 業者這樣說,20
2022/8/03,[情報] 1524 耿鼎 達公布注意交易資訊標準,25
2022/8/03,[請益] 持股健檢（都是看批踢踢買的）,100
2022/8/03,[新聞] 中國禁天然砂輸台釀房市恐慌 建商：抓錯,23
2022/8/03,[標的] HKD 史上最妖,21
2022/8/03,[新聞] 從臉書提升Quest 2價格100美元，看VR和,12
2022/8/03,[情報] 111年08月03日 三大法人買賣金額統計表,64
2022/8/03,[情報] 0803上市投信買賣超排行,30
2022/8/03,[新聞] 密訪台積電？柯建銘證實：裴洛西會台積電,-10
2022/8/03,Re: [新聞] 中國實彈演練恐衝擊能源供給 經濟部：油,8
2022/8/03,[新聞] 裴洛西要來了 台股快被賣破1兆！ 3指標曝,52
2022/8/03,[閒聊] 2022/08/03 盤後閒聊,29
2022/8/03,Re: [新聞] 中國實彈演練恐衝擊能源供給 經濟部：油,25
2022/8/03,Re: [請益] 繞台軍演會影響股市嗎,8
2022/8/03,[新聞] 中國實彈演練恐衝擊能源供給 經濟部：油,46
2022/8/03,Re: [請益] 繞台軍演會影響股市嗎,41
2022/8/03,Re: [請益] 繞台軍演會影響股市嗎,5
2022/8/03,[新聞] 裴洛西來訪台股已止穩 專家:勿追殺等反彈,49
2022/8/03,[新聞] 國際銅價下跌 大亞第二季每股虧0.11元、P,13
2022/8/03,Re: [請益] 繞台軍演會影響股市嗎,39
2022/8/03,Re: [新聞] 如興董事長陳仕修跑了 法院今發布通緝,13
2022/8/03,Re: [請益] 繞台軍演會影響股市嗎,100
2022/8/03,[新聞] 如興董事長陳仕修跑了 法院今發布通緝,82
2022/8/03,[新聞] 布拉德：Fed較70年代更具公信力 可在避免,16
2022/8/03,[標的] 3105.TW 穩懋  請教一下,52
2022/8/03,[新聞] 裴洛西旋風訪台！台股開盤震盪　行政院：,23
2022/8/03,[請益] 槓桿型反向etf會扣血 融券不就穩賺,40
2022/8/03,[新聞] Robinhood 觸犯反洗錢條例遭罰 3 千萬美,20
2022/8/03,[新聞] 大陸暫停天然砂出口台灣 這檔跌最重,25
2022/8/03,[新聞] Fed激進升息仍未結束 兩鴿派官員打通膨,21
2022/8/03,Re: [標的]  6118 建達,3
2022/8/03,[新聞] 展碁國際上半年EPS 2.31元 看好下半年營,16
2022/8/03,[標的] 00900 溢價 +8.31% 何時修正?,21
2022/8/03,[新聞] 中國再搞小動作　突宣布暫停天然砂輸台,79
2022/8/03,[閒聊] 2022/08/03盤中閒聊,98
2022/8/03,Re: [新聞] 中國突禁台灣食品進口！暴增至1496家,31
2022/8/03,[新聞] 馬士基3度上修獲利預測　指供應鏈壅塞推,17
2022/8/03,[情報] 6576 逸達 新成分新藥 二期臨床試驗結果,12
2022/8/03,[新聞] 中國突禁台灣食品進口！暴增至1496家受影,64
2022/8/03,[新聞] 華郵：裴洛西今訪台積電 凸顯晶片對美經,33
2022/8/03,[新聞] 中方禁台灣食品進口 乖乖：中國市場營收,64
2022/8/03,[新聞] 國安基金 總動員大護盤 15檔吸睛,15
2022/8/03,[情報] AMD Q2營收小勝預期 但盤後大跌,36
2022/8/03,[新聞] 富士康集團吸金7.5億元　高年息誘殺投機,4
2022/8/03,[新聞] 【美股收市】台海再起風雲 道指挫402點,9
2022/8/03,[新聞] 美銀客戶連五周買入美股,4
2022/8/03,[請益] 請問有人用過Ally這個平台申購過美股嗎?,0
2022/8/03,[新聞] 台指期夜盤急拉翻紅,72
2022/8/02,[新聞] 環球晶預收貨款360億元創新高 惟認世創評,8
2022/8/02,[情報] 1785.TW 光洋科 111年度第二季合併財務(H1,5
2022/8/02,[心得] 第一次券賣就被嘎了9支漲停板,100
2022/8/02,[新聞] 美貿易代表署稱對華關稅是適當措施,7
2022/8/02,[新聞] 瞄準磷酸鋰鐵電池商機 台塑新智能三階段進攻,10
2022/8/02,[情報] 4414如興 公告董事長/法人董事/獨董解任,22
2022/8/02,[情報] 0802 上市櫃外資投信買超金額排行,0
2022/8/02,[新聞] 工總喊設平準基金穩電價 經長：台灣電價,4
2022/8/02,[新聞] 裴洛西來訪台股挫？國安基金官員：不會,49
2022/8/02,[情報] 111年08月02日信用交易統計,26
2022/8/02,[心得] 盤後資料整理(Excel格式),2
2022/8/02,[新聞] 00713從「年配」變「季配」,20
2022/8/02,[新聞] 台股上演裴洛西缺口重挫 金管會密切關注,38
2022/8/02,[新聞] 朋億上半年大賺超過1股本 每股賺10.6元,11
2022/8/02,[新聞] 中國大基金又有管理高層遭帶走調查，整肅,5
2022/8/02,Re: [創作] 處置王 籌碼分析功能介紹,3
2022/8/02,[新聞] 3數據撐腰 郭哲榮：外資求饒式買盤再現,0
2022/8/02,[情報] 4919 新唐 H1 6.1,14
2022/8/02,[請益] etf除權息是否影響淨值？,14
2022/8/02,[情報] 3227 原相 Q2 EPS:1.85元,4
2022/8/02,[情報] 6116彩晶 決議庫藏股&參與華新增資,12
2022/8/02,[情報] 1720生達 Q2 eps 1.28,6
2022/8/02,[新聞] 中鋼員工防疫險續約問題 中鋼企業工會籲請中壽履行合約,1
2022/8/02,Re: [新聞] 高端疫苗在巴拉圭三期試驗結果出爐　對比,21
2022/8/02,[新聞] 開發金大股東私人開支由凱基證埋單 金管會重罰,14
2022/8/02,[請益] 為什麼6133今天不用被注意第二款?,6
2022/8/02,[情報] 4961 天鈺 7月營收,24
2022/8/02,[新聞] 高端疫苗在巴拉圭三期試驗結果出爐　對比,45
2022/8/02,[情報] 0802八大公股銀行買賣超排行,8
2022/8/02,[新聞] 勞動基金持股生變 重壓台積電逾三成、大,20
2022/8/02,Re: [新聞] 開發金遭金管會重罰2000萬!董座停職6個月,30
2022/8/02,[情報] 6669緯穎Q2 20.37  QoQ+51.7% YoY+54.3%,17
2022/8/02,[情報] 4736 泰博 Q2,31
2022/8/02,[情報] 2809京城銀 7月自結,41
2022/8/02,[情報] 2419 仲琦 七月營收,21
2022/8/02,[新聞] Comcast欲收購Vizio，全力強化智慧電視在,6
2022/8/02,[情報] 111年08月02日 櫃買法人買賣金額統計表,12
2022/8/02,[新聞] 開發金遭金管會重罰2000萬!董座停職6個月,63
2022/8/02,[新聞] 00900首次配息吸引股民搶息 溢價飆近10%,68
2022/8/02,[新聞] 0056領到股利不一定能填息！ 存股達人：0,-10
2022/8/02,[情報] 00891、00894 8月配息結果,18
2022/8/02,[情報] 0802 上市外資買賣超排行,39
2022/8/02,[新聞] 慘過台股！陸股收跌2.3%　軍工股衝高回,25
2022/8/02,[新聞] 需求端下滑 德微7月營收中止創高,7
2022/8/02,[情報] 彩晶111年第2季合併財報 H1:-0.14 Q2:0.01,27
2022/8/02,[請益] 有人研究過Chipotle (CMG) 這家公司嗎?,19
2022/8/02,[新聞] KPMG修正預測 汽車晶片銷售額提前5年至20,5
2022/8/02,[新聞] 世界先進下修資本支出至230億元 調幅4%,41
2022/8/02,Re: [新聞] 大陸報復性禁百項食品進口 經部：將協助,4
2022/8/02,[新聞] 西班牙也祭半導體補助 但找不到公司願來,77
2022/8/02,[情報] 111年08月02日 三大法人買賣金額統計表,100
2022/8/02,[情報] 0802 上市投信買賣超排行,36
2022/8/02,[情報] 8924大田Q2 7.43 QoQ+138% YoY+32.6%,30
2022/8/02,[情報] 111/8/3-5 除權息股票,6
2022/8/02,[新聞] 宏碁轉投資敦泰 Q2帳面恐認列逾4億元,45
2022/8/02,Re: [新聞] 大陸報復性禁百項食品進口 經部：將,0
2022/8/02,[閒聊] 2022/08/02 盤後閒聊,66
2022/8/02,[標的]  大盤 萌智子多,8
2022/8/02,[新聞] DDI三雄獲利不妙 內外資急喊賣,33
2022/8/02,Re: [新聞] 大陸報復性禁百項食品進口 經部：將,36
2022/8/02,[新聞] 美債殖利率回穩　債市投場時機到,12
2022/8/02,[新聞] 大陸報復性禁百項食品進口 經部：將協助,55
2022/8/02,[新聞] 中共禁台食品！泰山重摔逾5% 統一、愛之味,71
2022/8/02,[標的] 1201味全 1218泰山 請益,24
2022/8/02,[新聞] 2022年擴建原有工廠和興建新工廠的投資額,1
2022/8/02,[新聞] 波洛西來台美中軍艦集結？軍工股漲聲響起,10
2022/8/02,[新聞] 7月國產車占有率 衝上六成,15
2022/8/02,[新聞] 盤中速報 - 高端疫苗(6547)股價急跌,78
2022/8/02,[標的] 2317鴻海 2498宏達電 裴洛西訪台多,10
2022/8/02,Re: [請益] 台灣有戰爭概念股嗎？,9
2022/8/02,[新聞] 美猛攻死穴！大陸晶片業爆危機 中芯7奈,28
2022/8/02,[新聞] 報復波洛西？ 大陸突禁一百多家台灣食品,99
2022/8/02,[情報] 韓國食品價格比去年同期漲8.4%,17
2022/8/02,[新聞] 蛋價還是貴「雞蛋豆腐調漲15%」！鹽酥雞,62
2022/8/02,Re: [請益] USD/JPY 130可否做多?,22
2022/8/02,[新聞] 《證交所》證交所宅在家學習網 8月推出如,13
2022/8/02,[新聞] 台企銀 華南金 合庫金3檔金融除息秀來了,12
2022/8/02,[新聞] 新台幣盤中驚見3字頭 恐成新常態,43
2022/8/02,[新聞] 台股｜台海緊張！台積電重挫近2%　指數,66
2022/8/02,[新聞] 韓7月CPI同比上漲6.3% 創近24年新高,21
2022/8/02,[閒聊] 2022/08/02盤中閒聊,100
2022/8/02,[新聞] 出貨受挫 中鋼：仍看好Q4,24
2022/8/02,[新聞] 台積電拋中國武力侵台造成三輸 經部：同,56
2022/8/02,[請益] 華通還有fu糗嗎？,20
2022/8/02,Re: [新聞] 要來了！裴洛西明晚抵台過夜 預定週三拜,5
2022/8/02,Re: [請益] 台灣有戰爭概念股嗎？,25
2022/8/02,Re: [心得] TQQQ三倍指數ETF存股發大財？論文探討可,11
2022/8/02,[標的] 2330 台積電 (空),0
2022/8/02,Re: [新聞] 要來了！裴洛西明晚抵台過夜 預定週三拜,35
2022/8/01,Re: [新聞] 要來了！裴洛西明晚抵台過夜 預定週,75
2022/8/01,Re: [新聞] 要來了！裴洛西明晚抵台過夜 預定週三拜,14
2022/8/01,Re: [新聞] 要來了！裴洛西明晚抵台過夜 預定週三拜,2
2022/8/01,Re: [新聞] 要來了！裴洛西明晚抵台過夜 預定週三拜,4
2022/8/01,Re: [新聞] 要來了！裴洛西明晚抵台過夜 預定週三拜,11
2022/8/01,[新聞] 兆豐台灣晶圓製造ETF 8日證交所掛牌,13
2022/8/01,Re: [新聞] 要來了！裴洛西明晚抵台過夜 預定週三拜,23
2022/8/01,Re: [新聞] 要來了！裴洛西明晚抵台過夜 預定週三拜,22
2022/8/01,[新聞] 綠能跳票　離岸風電裝置容量不到1成,63
2022/8/01,Re: [新聞] 要來了！裴洛西明晚抵台過夜 預定週三拜,57
2022/8/01,Re: [請益] 台灣有戰爭概念股嗎？,8
2022/8/01,Re: [請益] 有人知道今天鋼鐵漲什麼嗎？,22
2022/8/01,[新聞] 要來了！裴洛西明晚抵台過夜 預定週三拜,92
2022/8/01,[新聞] 中國製造業7月意外收縮 經濟復甦不穩定,20
2022/8/01,[心得] 盤後資料整理(Excel格式),5
2022/8/01,[情報] 111年08月01日信用交易統計,23
2022/8/01,Re: [標的] 00878適合當長期領被動收入的ETF嗎,5
2022/8/01,[請益] 台灣有戰爭概念股嗎？,95
2022/8/01,[新聞] 全球港口壅堵讓訂艙量持續拉高　超大型貨,13
2022/8/01,[新聞] 裴洛西亞洲行敏感時機》CNN專訪台積電劉,33
2022/8/01,[請益] 有人知道今天鋼鐵漲什麼嗎？,34
2022/8/01,[標的] 2359所羅門 2482連宇 請益,11
2022/8/01,[新聞] 金麗科7月營收0.3億元 累計前7月年減29%,19
2022/8/01,[標的] 00878適合當長期領被動收入的ETF嗎,39
2022/8/01,[新聞] 野村：面板尚未觸底 Q3價格進一步走低,15
2022/8/01,[新聞] 水手這邊請…貨櫃3雄有基之彈來了！,6
2022/8/01,[新聞] 全球貨櫃海運 減班護運價,22
2022/8/01,[新聞] 天然氣安全存量僅7天！專家警示：2、3年,40
2022/8/01,[新聞] Fed官員警告「放緩升息預期太過超前」,30
2022/8/01,Re: [心得] 或許該畢業了,19
2022/8/01,"[新聞] 三陽機車7月銷售25,045台 市占率高達38%",27
2022/8/01,[情報] 0801八大公股銀行買賣超排行,12
2022/8/01,[情報] 0801 上市櫃外資投信同買排行,1
2022/8/01,[新聞] 晶片與氣候法案尋求通過 能否拉抬拜登政,4
2022/8/01,[新聞] 《紡纖股》偉豪投資質設被銀行斷頭 如興,13
2022/8/01,[新聞] 燁聯、燁輝向公平會提結盟申請案 唐榮:不知情,7
2022/8/01,[情報] 0801 上市櫃外資投信買超金額排行,0
2022/8/01,Re: [標的]  巧虎誤認小喵 群創多,7
2022/8/01,[新聞] 全家開進你家！智慧零售電動車FamiMobi,97
2022/8/01,Re: [情報] 00701、00878、00881 8月配息結果,9
2022/8/01,[情報] 111年08月01日 櫃買法人買賣金額統計表,9
2022/8/01,[情報] 0801上市外資買賣超排行,77
2022/8/01,[新聞] 韓央行月內或加息0.25個百分點,22
2022/8/01,[新聞] 《國際金融》日圓連4彈 130關就在眼前,12
2022/8/01,[新聞] 聯電去年獲利成長近1倍　員工今領分紅也,29
2022/8/01,[情報] 2845遠東銀 訂定111年現金增資認股,25
2022/8/01,[情報] 矽格(6257)111年上半年 EPS 4.00元,9
2022/8/01,[新聞] 新制勞退基金「10檔深抱股」全揭露！,44
2022/8/01,Re: [標的]  巧虎誤認小喵 群創多,30
2022/8/01,[新聞] 進口成本太高 韓7月貿易赤字史上第2,15
2022/8/01,[情報] 111年08月01日 三大法人買賣金額統計表,56
2022/8/01,[新聞] 調查：投資人預期馬斯克將賣出更多特斯,4
2022/8/01,[情報] 0801上市投信買賣超排行,36
2022/8/01,[情報] 3265台星科H1 3.97 QoQ+77.8% YoY+259%,22
2022/8/01,[情報] 00900 配息1.2元,100
2022/8/01,[閒聊] 2022/08/01 盤後閒聊,30
2022/8/01,[新聞] 劉德音：中國武力犯台世界秩序將崩壞！,100
2022/8/01,[標的] 大盤 打第二隻腳多,8
2022/8/01,[情報] 00701、00878、00881 8月配息結果,39
2022/8/01,Re: [心得] TQQQ三倍指數ETF存股發大財？論文探討可,13
2022/8/01,Re: [心得] TQQQ三倍指數ETF存股發大財？論文探討可,2
2022/8/01,Re: [標的]  巧虎誤認小喵 群創多,46
2022/8/01,Re: [新聞] 獨家》確定了！台積電高雄廠8/7動土,50
2022/8/01,[情報] 111/8/2 除權息股票,8
2022/8/01,[新聞] 專家：鋼鐵業中長期景氣樂觀,30
2022/8/01,[新聞] 鋼鐵人回來了 類股漲幅逾3%、這幾檔衝漲,11
2022/8/01,[情報] 舜宇光學為iPhone 14廣角7P鏡頭最大供應,8
2022/8/01,[新聞] 終止連24月擴張 台灣製造業PMI創最大跌幅,31
2022/8/01,Re: [心得] TQQQ三倍指數ETF存股發大財？論文探討可,16
2022/8/01,[新聞] 本業轉機加資產開發 這檔軋短空急行軍,8
2022/8/01,Re: [心得] TQQQ三倍指數ETF存股發大財？論文探討可,50
2022/8/01,[標的] 台指期 假熊市結束多到爆,0
2022/8/01,"[情報] 勞動基金今年前6月投資收益-4,455.9億元",85
2022/8/01,[新聞] 獨家》確定了！台積電高雄廠8/7動土,100
2022/8/01,[閒聊] 2022/08/01盤中閒聊,99
2022/8/01,[新聞] 小建商資金斷鏈掀盤售潮,100
2022/8/01,[心得] 3年的畢業文,54
2022/8/01,[新聞] 聯發科法說落幕 內外資多空兩樣情,8
2022/8/01,[新聞] 網通廠南向 搶進印度市場,7
2022/8/01,Re: [心得] TQQQ三倍指數ETF存股發大財？論文探討可,9
2022/8/01,Re: [心得] TQQQ三倍指數ETF存股發大財？論文探討可,99
2022/8/01,Re: [新聞] 陸生鮮電商第一股！ 「每日優鮮」突爆欠,10
2022/8/01,Re: [新聞] 陸生鮮電商第一股！ 「每日優鮮」突爆欠,6
2022/7/31,Re: [心得] TQQQ三倍指數ETF存股發大財？論文探討可,54
2022/7/31,[情報] 6446 藥華藥 中國紅血球增多症二期臨床試驗數據,11
2022/7/31,[新聞] 陸生鮮電商第一股！ 「每日優鮮」突爆欠,76
2022/7/31,[情報] 6575 心悅 二期解盲,13
2022/7/31,Re: [請益] 擇時參與市場 ?,2
2022/7/31,[新聞] 「與病毒共存」挫電商 亞馬遜裁員近10萬,22
2022/7/31,Re: [請益] 擇時參與市場 ?,3
2022/7/31,[標的] 6781 AES-KY 空,18
2022/7/31,[新聞] 聯電 上半年獲利讚,57
2022/7/31,[新聞] 央行開臨時理監事會？學者坦言暫無必要,54
2022/7/31,Re: [請益] FED 這周算是停止 QT 轉 QE 了嗎？,11
2022/7/31,[心得] 本周機構Fed觀點整理分享：穩了？,67
2022/7/31,[新聞] 太湊巧!今年以來台股跌幅 與韓國完全相同,19
2022/7/31,[新聞] 【聯電教戰3】「聯電跌到40元以下就是買,100
2022/7/31,[請益] 存股小白一問,35
2022/7/31,[新聞] 超前部署 鎖定旺季題材股,13
2022/7/31,Re: [新聞] 人錢都跑光了 老謝：這股市驚現末日景象,19
2022/7/31,[請益] 投資美國海外券商需要擔心券商倒掉嗎？,21
2022/7/31,[請益] 買即將下市的股票.是存心想賭一把是嗎?,81
2022/7/31,[創作] 股積帳本 - 台股投資記帳工具（Android）,27
2022/7/31,[新聞] 鐵礦價強彈 鋼市Q4看好,35
2022/7/31,[新聞] 人錢都跑光了 老謝：這股市驚現末日景象,61
2022/7/31,Re: [心得] TQQQ三倍指數ETF存股發大財？論文探討可,16
2022/7/31,Re: [請益] 定期存ETF是對的嗎？,2
2022/7/31,[新聞] 生技股奮起 成為下個護國神山後備軍？,41
2022/7/31,Re: [心得] TQQQ三倍指數ETF存股發大財？論文探討可,44
2022/7/31,[情報] 08/01~08/05 美股財報行事曆,14
2022/7/31,[請益] 定期存ETF是對的嗎？,15
2022/7/31,[請益] 買00901會很韭嗎,18
2022/7/31,Re: [心得] TQQQ三倍指數ETF存股發大財？論文探討可,12
2022/7/31,Re: [心得] TQQQ三倍指數ETF存股發大財？論文探討可,8
2022/7/31,[情報] 韓國上半年GDP 2.9% 全年保2機率高,10
2022/7/31,Re: [心得] TQQQ三倍指數ETF存股發大財？論文探討可,10
2022/7/31,[新聞] 超微市值超車英特爾 英特爾CEO：股價崩是,51
2022/7/31,[請益] 請教各位前輩有玩過槌圈這個網站嗎？,6
2022/7/31,Re: [心得] TQQQ三倍指數ETF存股發大財？論文探討可,19
2022/7/31,[標的] 大盤 多,0
2022/7/30,[創作] 處置王 籌碼分析功能介紹,100
2022/7/30,Re: [請益] 33歲開始定期定額投資還來得及嗎？,57
2022/7/30,[新聞]<群聯法說>看好Q4旺季 下半年營運仍將成長,21
2022/7/30,[公告] 簡易處置,3
2022/7/30,[請益] 0050波段有甚麼好的操作建議嗎?,32
2022/7/30,[新聞] 雙虎目標價 大摩下修,97
2022/7/30,Re: [請益] 33歲開始定期定額投資還來得及嗎？,9
2022/7/30,[請益] 研究美國民間消費要看哪些指標與數據？,7
2022/7/30,[新聞] 國鼎重訊：本公司收到所委託之CRO公司之,14
2022/7/30,Re: [請益] 33歲開始定期定額投資還來得及嗎？,5
2022/7/30,[公告] 07/30 處置公告,5
2022/7/30,[新聞] PC晶片賣不掉！台積電強敵遭血洗 CEO低頭,70
2022/7/30,Re: [情報] 3034聯詠 Q2 EPS 13.95 (H1:32.25),5
2022/7/30,Re: [心得] TQQQ三倍指數ETF存股發大財？論文探討可,71
2022/7/30,[新聞] SCFI連七跌 航線全面走弱,2
2022/7/30,[新聞] 貨櫃船訂單過多引發撤單風險　看法兩極,19
2022/7/30,[新聞] 運費跌幅沒預期慘？赫伯羅特又上修財測,6
2022/7/30,[新聞] 萬海新運力 澤春輪、闊春輪投入亞洲航線,12
2022/7/30,[新聞] 股民心聲》力積電上市 股東淚水沒停過,51
2022/7/30,Re: [心得] TQQQ三倍指數ETF存股發大財？論文探討可,23
2022/7/30,[請益] 33歲開始定期定額投資還來得及嗎？,99
2022/7/30,Re: [情報] 3034聯詠 Q2 EPS 13.95 (H1:32.25),14
2022/7/30,Re: [心得] TQQQ三倍指數ETF存股發大財？論文探討可,42
2022/7/30,[創作] 醉拳,3
2022/7/29,[新聞] 大陸發展半導體再傳弊端 「國家大基金」,32
2022/7/29,Re: [請益] 要怎麼看出面板股會跌成這樣,25
2022/7/29,[新聞] 同一個世界參差的生活 奢侈品公司Q2財報,17
2022/7/29,Re: [請益] 要怎麼看出面板股會跌成這樣,8
2022/7/29,[請益] 要怎麼看出面板股會跌成這樣,74
2022/7/29,[心得] 盤後資料整理(Excel格式),4
2022/7/29,[標的] 3707漢磊 星期一刺激多,15
2022/7/29,[新聞] 美國上月核心PCE物價按年升4.8%　創自19,37
2022/7/29,[新聞] 比張鈞甯賺更多！國發基金藥華藥大賺50,38
2022/7/29,[情報] 8044網家重訊：本公司技術長請辭,90
2022/7/29,Re: [新聞] 聯電法說後 內外資多空大亂鬥,6
2022/7/29,[情報] 111年07月29日信用交易統計,55
2022/7/29,[情報] 美國政府與莫德納達成新疫苗合約,5
2022/7/29,[情報] 0729 上市櫃外資投信同買排行,3
2022/7/29,Re: [標的] 環球晶(6488),6
2022/7/29,[新聞] 如興前董座疑潛逃！具保人證實已失聯　法,100
2022/7/29,[新聞] 中房協預計今年房產銷售降幅在20%至30%間,11
2022/7/29,[情報] 0729 上市櫃外資投信買超金額排行,3
2022/7/29,Fw: [公告] 7/30 停機公告,11
2022/7/29,[新聞] 消費者信心指數慘 堪比金融海嘯時期,15
2022/7/29,[新聞] 敦泰法說〉胡正大:Q3價格恐續跌 年底前,33
2022/7/29,[標的] TW. 3008 大立光 重返年線多,18
2022/7/29,[新聞] 盧布飆升，普丁比以往任何時候都更強大,90
2022/7/29,[新聞] 《證交所》今日單一證券鉅額成交股票：士,11
2022/7/29,[新聞] 美電動車廠Rivian將裁員6％,21
2022/7/29,[情報] 0729八大公股銀行買賣超排行,34
2022/7/29,Re: [新聞] 供應商傳來壞消息！台積電緊急奔赴美日,12
2022/7/29,[標的] 6770 力積電,100
2022/7/29,[新聞] 使用歐元的19個國家通膨創新高： 8.9%,28
2022/7/29,[新聞] 南山人壽淨值風暴出現轉機 初估7月淨值回,55
2022/7/29,[新聞] 聯發科法說 再下修全球手機銷量預估 5G手,34
2022/7/29,[新聞] 主計總處第2季經濟成長概估3.08% 低於預,14
2022/7/29,[新聞] 比亞迪正在電動車銷售量上擊敗特斯拉,35
2022/7/29,[情報] 2412中華電Q2EPS 1.25,29
2022/7/29,[新聞] 三星電Q2營利成長逾12% 系統半導體部門,1
2022/7/29,[新聞] 隨著美中緊張局勢升級，拜習通話聚焦四大,13
2022/7/29,[新聞] 聯發科宣布 下修全年業績成長幅度,99
2022/7/29,[情報] 資通股：敦陽科2480、零壹3029 Q2 eps,8
2022/7/29,[情報] 3034聯詠 Q2 EPS 13.95 (H1:32.25),32
2022/7/29,[情報] 0729 上市外資買賣超排行,83
2022/7/29,[情報] 111年07月29日 櫃買法人買賣金額統計表,11
2022/7/29,Re: [標的] 群創票面保衛戰 vs. 潤泰跌停,14
2022/7/29,[新聞] 聯發科Q3營收估減1成！全年仍近20%成長,26
2022/7/29,[新聞] SCFI運價指數連七跌 跌勢擴大,34
2022/7/29,[新聞] 聯發科Q2營收與獲利創新高 EPS為22.39元,23
2022/7/29,[標的] 2388.TW 威盛 111年上半年虧0.59元,55
2022/7/29,[情報] 6147頎邦H1 eps 4.75,100
2022/7/29,[情報] 111年07月29日 三大法人買賣金額統計表,96
2022/7/29,[情報] 0729 上市投信買賣超排行,24
2022/7/29,[情報] 2454聯發科 Q2 EPS 22.39,55
2022/7/29,[新聞] 統一超砸60億元　標下桃園航空城土地,21
2022/7/29,Re: [新聞] 快訊／潤泰全、潤泰新淨值大減「爆下市危,62
2022/7/29,[閒聊] 2022/07/29 盤後閒聊,34
2022/7/29,[新聞] 出口警訊 南韓半導體庫存激增近80%,34
2022/7/29,[新聞] 宏達電隱含價值上看181元 外資開出3條件,82
2022/7/29,[新聞] 收購Netflix？蘋果庫克:不排除收購大公司,33
2022/7/29,[新聞] IMF：部分亞洲經濟體需迅速升息 讓通膨,41
2022/7/29,[新聞] 力積電GDR完成定價每股35.01元　將投入,44
2022/7/29,Re: [新聞] 央行6月升息半碼被罵「太鴿」，就連,71
2022/7/29,Re: [標的］友達 空,14
2022/7/29,Re: [情報] 6446藥華藥決議辦理現金增資發行新股,9
2022/7/29,Re: [標的］友達 空,7
2022/7/29,Re: [新聞] 快訊／潤泰全、潤泰新淨值大減「爆下市危,76
2022/7/29,[情報] 111/8/1 除權息股票,7
2022/7/29,Re: [新聞] 央行6月升息半碼被罵「太鴿」，就連,51
2022/7/29,[情報] 韓國燃料稅減免擴大到50%,18
2022/7/29,[新聞] Eutelsat和OneWeb合併以提供多軌道衛星通,2
2022/7/29,Re: [心得] 分享sunli大大潤泰看法,15
2022/7/29,[新聞] 供應商傳來壞消息！台積電緊急奔赴美日,74
2022/7/29,Re: [心得] TQQQ三倍指數ETF存股發大財？論文探討可,16
2022/7/29,[新聞] 日經：美日今年將建2奈米研究中心 拚2025,78
2022/7/29,[標的] 群創票面保衛戰 vs. 潤泰跌停,73
2022/7/29,Re: [標的］友達 空,24
2022/7/29,Re: [標的]  6118 建達,13
2022/7/29,[情報] 6770 力積電 現增普通股發行海外存託憑證,60
2022/7/29,[閒聊] 2022/07/29盤中閒聊,100
2022/7/29,[新聞] 拜習同意安排面對面峰會 可能G20峰會期,22
2022/7/29,Re: [新聞] 央行6月升息半碼被罵「太鴿」，就連理事也看不下去，直,51
2022/7/29,Re: [情報] Intel Q2財報不如預期 盤後暴跌10%,30
2022/7/29,[新聞] 駁掉單傳聞 玉晶光：訂單滿手,28
2022/7/29,[新聞] 蘋果第三財季業績超預期但增長出現放緩,48
2022/7/29,[情報] Intel Q2財報不如預期 盤後暴跌10%,89
2022/7/29,[新聞] 如興爆財務危機又被打入全交股　公司晚,23
2022/7/28,[新聞] 央行6月議事錄摘要 升息半碼及1碼票數十,100
2022/7/28,[新聞] 史上首例投資長「炒股」被停職！瀚亞投信,48
2022/7/28,Re: [標的] 2603 長榮 空 航運 is over,9
2022/7/28,[新聞] 經濟部核定了 王錫欽 續任中鋼總座1年,14
2022/7/28,[新聞] 鮑爾認升息力道大  央行：沒有跟進壓力,100
2022/7/28,[情報] 欣銓 3264.TW 111年第2季合併財務報告(H1,11
2022/7/28,Re: ［標的］材料-KY 4763 抽菸穩健多,9
2022/7/28,[新聞] 高通上季度業績略超預期，指引不及預估,6
2022/7/28,[新聞] 美國第二季GDP負成長0.9% 陷入「技術性衰,28
2022/7/28,[新聞] 誰被嚴重低估了？郭哲榮看台股：電子股從,19
2022/7/28,[新聞] 央行6月升息半碼被罵「太鴿」，就連理事也看不下去，直言通,100
2022/7/28,[新聞] 矽創Q2每股盈餘9.12元、上半年20.94元,19
2022/7/28,[心得] 盤後資料整理(Excel格式),9
2022/7/28,[情報] 111年07月28日信用交易統計,63
2022/7/28,[新聞] 日月光第2季大賺3.69元 逐季成長基調不變,45
2022/7/28,[情報] 美國初領失業金人數25.6萬 預測25.3萬,28
2022/7/28,Re: [標的]  6118 建達,14
2022/7/28,[新聞] 《國際產業》韓印鋼鐵業再結盟 砸35億美元擴產,4
2022/7/28,Re: [新聞] 歐美罷工拖累海運鏈 又見塞港,29
2022/7/28,Re: [心得] TQQQ三倍指數ETF存股發大財？論文探討可,7
2022/7/28,Re: [請益]要怎記帳 潤泰雙雄才能解套？,4
2022/7/28,[情報] 0728八大公股銀行買賣超排行,9
2022/7/28,[情報] 美國第二季GDP -0.9%,100
2022/7/28,[新聞] 賠款如流水 ３產險業者「借錢」理賠,70
2022/7/28,[新聞] 聯電法說後 內外資多空大亂鬥,12
2022/7/28,[新聞] 政府打房奏功＋有感建設不斷 建商鎖定台,12
2022/7/28,[新聞] 以星執行長酬勞992萬美元居冠,9
2022/7/28,[新聞] 長榮首支自有船影片上架 點閱率急速攀升,52
2022/7/28,"[新聞] 長榮、陽明 發放1,650億股息",11
2022/7/28,[情報] 3545敦泰Q2 EPS 0.45 (H1:4.02),72
2022/7/28,[請益] 潤泰不考慮合股嗎,9
2022/7/28,[新聞] 鴻海投資紫光遲發重訊 證交所罰15萬,38
2022/7/28,[請益]要怎記帳 潤泰雙雄才能解套？,42
2022/7/28,[情報] 潤泰全 董事會決議通過現金增資發行新,65
2022/7/28,Re: [新聞] 沙特王儲2018年以來首訪歐洲 探討為歐洲,14
2022/7/28,[新聞] 史上首次！用自家基金拉抬股價 這家投信,35
2022/7/28,Re: [新聞] 受南山人壽波及！潤泰雙雄第2季淨值大減,29
2022/7/28,[心得] 淨值應該不是重點吧,36
2022/7/28,[情報] 0728 上市櫃外資投信同買排行,3
2022/7/28,[情報] 0728 上市櫃外資投信買超金額排行,0
2022/7/28,[新聞] 潤泰雙雄上半年淨值「不減反增」！,56
2022/7/28,Re: [標的] 宏達電獲利衰退的根本原因是產品太單一嗎,26
2022/7/28,[情報] 3033威健H1EPS 2.5 QoQ+7% YoY+26%,21
2022/7/28,[標的] 多數人0056存股是不是算跟風？,29
2022/7/28,[標的] 宏達電獲利衰退的根本原因是產品太單一嗎,41
2022/7/28,[新聞] 受南山人壽波及！潤泰雙雄第2季淨值大減,100
2022/7/28,[情報] 111年07月28日 櫃買法人買賣金額統計表,8
2022/7/28,[情報] 0728上市外資買賣超排行,65
2022/7/28,[新聞] 庫藏股給力 國巨股價飆漲,17
2022/7/28,[新聞] 殼牌(SHEL)第二季業績,13
2022/7/28,[情報] 5009 榮剛 111年第二季財務報告,2
2022/7/28,[新聞] 潤泰雙雄面臨淨值大減風暴　今16:00開記,100
2022/7/28,Re: [心得] TQQQ三倍指數ETF存股發大財？論文探討可,52
2022/7/28,[情報] 111年07月28日 三大法人買賣金額統計表,46
2022/7/28,Re: [心得] TQQQ三倍指數ETF存股發大財？論文探討可,-10
2022/7/28,[新聞] 高通：智慧手機需求放緩 營收前景悲觀,21
2022/7/28,[情報] 2498宏達電 通過111年第2季合併財務報告,100
2022/7/28,[情報] 0728上市投信買賣超排行,40
2022/7/28,[情報] 3481群創H1 EPS-0.27 Q2-0.45,61
2022/7/28,[新聞] 熱浪導致歐洲農作物減產，價格可能上漲,20
2022/7/28,[標的]  2498 宏達電  空,77
2022/7/28,Re: [心得] TQQQ三倍指數ETF存股發大財？論文探討可,25
2022/7/28,[閒聊] 2022/07/28 盤後閒聊,97
2022/7/28,Re: [標的] 4432 銘旺實,8
2022/7/28,Re: [情報] 韓國總統下令嚴查非法賣空,0
2022/7/28,Re: [心得] TQQQ三倍指數ETF存股發大財？論文探討可,6
2022/7/28,[新聞] 貨櫃三雄嚴重貼息 法人期待三家公司好好,80
2022/7/28,Re: [心得] TQQQ三倍指數ETF存股發大財？論文探討可,22
2022/7/28,[情報] 韓國總統下令嚴查非法賣空,71
2022/7/28,Re: [標的] 2409 友達,30
2022/7/28,[心得] Re: [心得] TQQQ三倍指數ETF存股發大財？論文探討可,7
2022/7/28,Re: [心得] TQQQ三倍指數ETF存股發大財？論文探討可,7
2022/7/28,[新聞] 偉詮電溢價14%收購陞達科過半股權,2
2022/7/28,Re: [新聞] 南山人壽強調財務穩健 RBC仍有300％以上,8
2022/7/28,[新聞] 香港跟隨Fed腳步 升息3碼,99
2022/7/28,[新聞] 玉山金花半小時不到就亮眼填息 漲逾2.6%,47
2022/7/28,[標的]  6118 建達,18
2022/7/28,Re: [心得] TQQQ三倍指數ETF存股發大財？論文探討可,21
2022/7/28,[新聞] 誰敢開法說？這幾檔法說隔天股價全落馬,19
2022/7/28,[情報] 裴洛西老公賣掉Nvidia,60
2022/7/28,[新聞] Fed升息後反彈 大摩警告：這是一個陷阱,39
2022/7/28,Re: [心得] TQQQ三倍指數ETF存股發大財？論文探討可,10
2022/7/28,[新聞] 欣興景碩Q2財報優等生 ABF三雄強勢回歸,100
2022/7/28,[新聞] 華爾街日報：中國滲透美聯準會 竊取經,46
2022/7/28,[新聞] META財報 營收首降 不如預期,36
2022/7/28,Re: [心得] TQQQ三倍指數ETF存股發大財？論文探討可,100
2022/7/28,[閒聊] 2022/07/28 盤中閒聊,99
2022/7/28,[新聞] 美聯儲7月決議升息三碼 不提供前瞻指引,57
2022/7/28,[情報] TDOC Q2財報,13
2022/7/28,Re: [標的］友達 空,20
2022/7/28,[新聞] 國安基金傳買進 台股神翻紅,26
2022/7/28,[新聞] 虧損了！友達Q2 EPS -0.59元 終結連續七,50
2022/7/28,[情報] 2409友達 Q2 EPS -0.59,100
2022/7/28,[請益] 目前的狀態這樣算是熊市結束了嗎??,100
2022/7/28,[情報] FED決議加息3碼,55
2022/7/28,[新聞] 沙特王儲2018年以來首訪歐洲 探討為歐洲,18
2022/7/28,Re: [新聞] 史詩級崩盤快來了 羅傑斯：人生最慘一次,66
2022/7/28,[新聞] 拜登解除隔離轉陰，敦促美國人打疫苗,12
2022/7/27,[新聞] Fed將公布7月利率決議 微軟、Alphabet領,37
2022/7/27,[請益] FOMC 這次怎麼看?,69
2022/7/27,[情報] 2885元大金 8/12 除權,34
2022/7/27,[新聞] 南科Fab 18A廠下午壓降 台積:幾乎沒影響,55
2022/7/27,[情報] 金麗科111年第2季財務報告,22
2022/7/27,[新聞] 渣打：估央行下半年調幅至少半碼 明年止,26
2022/7/27,[新聞] 如興案 謝金河曝關鍵五個字:絕對不能說,0
2022/7/27,Re: [新聞] 中國車企出海熱 比亞迪宣布明年進軍日本,8
2022/7/27,[新聞] 中芯跨入7奈米，台積電該高度戒備？業內,15
2022/7/27,[新聞] Fed升息！台灣央行跟不跟　經濟學者盼：,95
2022/7/27,[新聞] 八天第四家債券違約 陸百強房企暴雷,17
2022/7/27,[情報] 111年07月27日信用交易統計,30
2022/7/27,[請益] 台灣股市到底哪裡淺碟？,37
2022/7/27,[心得] 盤後資料整理(Excel格式),4
2022/7/27,[心得] TQQQ三倍指數ETF存股發大財？論文探討可,59
2022/7/27,[新聞] 半導體進入疲軟期 今年全球營收成長大砍,20
2022/7/27,[新聞] 三大利多+財報加持 航運具想像空間,31
2022/7/27,[請益] 00900算抄底成功？,12
2022/7/27,[新聞] Shopify宣布裁員1000人 股價重挫逾17％,57
2022/7/27,[情報] 0727 上市櫃外資投信同買排行,2
2022/7/27,[請益] 0056適合用定時定額投資嗎?,50
2022/7/27,[情報] 0727 上市櫃外資投信買超金額排行,1
2022/7/27,Re: [新聞] 史詩級崩盤快來了 羅傑斯：人生最慘一次,13
2022/7/27,[情報] 2889 國票金決議辦理現金增資發行普通股,23
2022/7/27,[情報]  0727獨家美股中文資料庫分享,5
2022/7/27,[新聞] 史詩級崩盤快來了 羅傑斯：人生最慘一次,82
2022/7/27,[情報] 8454富邦媒 H1 EPS 7.59,14
2022/7/27,[情報] 0727八大公股銀行買賣超排行,33
2022/7/27,[新聞] 聯電第3季產能利用率仍達100%,60
2022/7/27,[新聞] 《半導體》聯電Q3營運估持穩 毛利率拚守高檔,10
2022/7/27,[新聞] 樂金顯示器Q2轉虧 2年首見,38
2022/7/27,[新聞] 張安平：憂明年食物可能短缺,21
2022/7/27,Re: [心得] 迪吉亞股票根本詐騙？前公司竟然走到這步,3
2022/7/27,Re: [新聞] 大摩：反彈只是多頭一廂情願,12
2022/7/27,[新聞] 6月景氣燈號綠燈 國發會:未有景氣反轉跡,46
2022/7/27,[新聞] 5歲就在路邊賣甘蔗 友達董彭双浪分享逆境,57
2022/7/27,[新聞] 欣興釋出展望：第3季市場需求持平,50
2022/7/27,[情報] 聯電111年第2季財報,50
2022/7/27,[新聞] 聯電Q2毛利率衝上46.5%優於預期 每股純益,76
2022/7/27,[新聞] 特斯拉「玩比特幣」玩輸了？認列1.7億美,15
2022/7/27,[情報] 各機構對美聯儲今晚的加息預測整理,62
2022/7/27,[情報] 韓國總理建議總統特赦三星李在鎔,57
2022/7/27,[情報] 0727上市外資買賣超排行,64
2022/7/27,[情報] 111年07月27日 櫃買法人買賣金額統計表,16
2022/7/27,[新聞] 大摩：反彈只是多頭一廂情願,81
2022/7/27,[新聞] 中國車企出海熱 比亞迪宣布明年進軍日本,100
2022/7/27,[新聞] IMF再次下調今明兩年世界經濟增長預期,11
2022/7/27,[新聞] 華航寶可夢彩繪機秋季起飛,37
2022/7/27,[情報] 111年07月27日 三大法人買賣金額統計表,63
2022/7/27,[新聞] Q2營收減2成　信義房屋：房市冷卻2區最嚴,60
2022/7/27,[新聞]  瑞士信貸上季度虧損16億美元，同時宣佈,11
2022/7/27,[情報] 0727上市投信買賣超排行,29
2022/7/27,[新聞] Fed 再次降息近在眼前？小摩：宜趁低布局,30
2022/7/27,[新聞] 高盛：市場進入「壞消息就是好消息」模,17
2022/7/27,[新聞] Meta直球對決蘋果 爭奪元宇宙霸主地位,22
2022/7/27,Re: [新聞] 聯發科與英特爾合作 台積電：業務往來不,4
2022/7/27,[閒聊] 2022/07/27 盤後閒聊,38
2022/7/27,[新聞] 玉晶光良率出問題 蘋果轉單大立光,41
2022/7/27,[新聞]天然氣登14年高 倫敦電價噴50倍 歐通過配給,100
2022/7/27,Re: [標的] 4440.TW 宜新實業 環保多,20
2022/7/27,[新聞] 國發基金N度踩雷 除了如興這些公司也破產,100
2022/7/27,[新聞]  興富發鄭欽天：南部房價每年漲5~10%,58
2022/7/27,[新聞] 2024碳化矽起飛成長年，眾多廠商加速擴廠,15
2022/7/27,[請益] 我一直有個疑問盤中突然出量的問題？,30
2022/7/27,[新聞] 宏碁轉投資敦泰 估1.18億股利入帳,54
2022/7/27,[新聞] 蘋果未推出折疊iPhone前，三星誇大出貨量,28
2022/7/27,Re: [新聞] 微軟財報不如預期,17
2022/7/27,[新聞] 「遊戲橘子」成詐騙集團最愛　原因曝光,100
2022/7/27,[閒聊] 2022/07/27 盤中閒聊,100
2022/7/27,[新聞] 史上第一！編赤字預算、增資 經濟部「雙,96
2022/7/27,Re: [新聞] 微軟財報不如預期,18
2022/7/27,Re: [新聞] 聯電芭比Q了？郭哲榮：這2事才牽動台股,14
2022/7/27,[新聞] 超豐：客戶庫存調整 營收將大幅向下修正,46
2022/7/27,[新聞] 穩懋看壞Q3 毛利率探新低,37
2022/7/27,[新聞] 瞄準剛需 興富發今年推案逾610億元,13
2022/7/27,[新聞] 微軟財報不如預期,27
2022/7/27,Re: [情報] 111年07月26日信用交易統計,2
2022/7/27,[新聞] Google財報不如預期 盤後上揚,11
2022/7/27,Re: [請益] 三大泡沫一起爆 世界會怎樣,18
2022/7/27,[新聞] 美光推出全球首款232層NAND,18
2022/7/26,Re: [新聞] 光泉、林鳳營鮮乳漲價！家庭號直逼20,56
2022/7/26,[新聞] 俄羅斯減供天然氣 全球LNG競爭加劇,66
2022/7/26,[情報] 0726 處置股風險統計排行,2
2022/7/26,[新聞] 超前台積電 三星發表全球首款3奈米晶片,60
2022/7/26,[標的] 6596 寬宏藝術,54
2022/7/26,[新聞] 聯電芭比Q了？郭哲榮：這2事才牽動台股,32
2022/7/26,Re: [新聞]「以後沒有天龍國」興富發鄭欽天:南部房價,27
2022/7/26,Re: [新聞] 陸建31座晶圓廠 超車台灣,26
2022/7/26,[標的] EBS.US SIGA.US 猴痘多,12
2022/7/26,[新聞] 壽險業淨值上半年蒸發逾兆政大學者:金融風爆,20
2022/7/26,[情報] 111年07月26日信用交易統計,34
2022/7/26,Re: [新聞] 光泉、林鳳營鮮乳漲價！家庭號直逼200元,47
2022/7/26,[心得] 盤後資料整理(Excel格式),2
2022/7/26,[新聞] 編赤字預算、增資 經濟部「雙管齊下」,20
2022/7/26,[新聞]「以後沒有天龍國」興富發鄭欽天:南部房價,99
2022/7/26,[新聞] 普丁警告成真 俄再砍半輸歐天然氣,90
2022/7/26,Re: [新聞] 聯發科與英特爾合作 台積電：業務往來不,6
2022/7/26,[新聞] 如興27日打入全額交割!黃國昌：國發會背,22
2022/7/26,Re: [新聞] 陸建31座晶圓廠 超車台灣,70
2022/7/26,[新聞] 通膨炸鍋衝擊消費！全球液晶電視陷2億台,27
2022/7/26,[情報] 0726 上市櫃外資投信同買排行,2
2022/7/26,[心得] 迪吉亞股票根本詐騙？前公司竟然走到這步,60
2022/7/26,[新聞] 中信特選金融ETF獲准募集 首檔聚焦四大金融產業,30
2022/7/26,[標的] 盛群(6202)適合當長期存股的標的嗎,22
2022/7/26,[新聞] 〈旺宏法說〉盧志遠：下半年營收逐季成長,34
2022/7/26,[情報] 2886兆豐金 8/11除權息交易日,32
2022/7/26,[新聞] 國安基金決策一夜逆轉 放空大戶嚇到連飯,27
2022/7/26,[標的] 2206 三陽 長期多 + 投機多,34
2022/7/26,[新聞] 鋼市景氣未回溫 中鋼、中鴻股價陷貼息,8
2022/7/26,[情報] 2323 中環 取得&處分有價證券,19
2022/7/26,[新聞] 力成第3季業績拚小增 下修下半年營運展望,9
2022/7/26,[情報] 0726八大公股銀行買賣超排行,9
2022/7/26,[情報] 0726 上市櫃外資投信買超金額排行,5
2022/7/26,[新聞] 興櫃股本王將換人！星宇航空與第一金證,15
2022/7/26,[新聞] 光泉、林鳳營鮮乳漲價！家庭號直逼200元,92
2022/7/26,[請益] 為什麼大家不選擇買費用較低ETF?,41
2022/7/26,Re: [新聞] 陸建31座晶圓廠 超車台灣,67
2022/7/26,[情報] 3037欣興H1EPS 9.28 QoQ+41% YoY+337%,66
2022/7/26,Re: [新聞] 陸建31座晶圓廠 超車台灣,24
2022/7/26,[新聞] 拜登：願上帝保佑！美國不會陷入衰退,100
2022/7/26,[新聞] 陸建31座晶圓廠 超車台灣,98
2022/7/26,[新聞] 放榜前夕｜瑞信傳裁員及削開支 規模料相,11
2022/7/26,[請益] 航空比半導體強的原因,42
2022/7/26,[標的] 1102.tw 亞泥走勢請益,21
2022/7/26,[情報] 韓國總理:今年明年GDP 2%,11
2022/7/26,[情報] 111年07月26日 櫃買法人買賣金額統計表,10
2022/7/26,[情報] 0726 外資上市買賣超排行,57
2022/7/26,Re: [新聞] 全民納稅錢也陷如興財務風暴 國發會五點,1
2022/7/26,[情報] 3035智原第二季財務報告,26
2022/7/26,[情報] 6104創惟 6月自結0.11,60
2022/7/26,Re: [心得] 股票質借心得分享,15
2022/7/26,[新聞] 半導體景氣雜訊遞增 廠商趁勢加重布局車,19
2022/7/26,Re: [新聞] 穩懋首季每股賺2.08元創11季新低,25
2022/7/26,[情報] 111年07月26日 三大法人買賣金額統計表,61
2022/7/26,[情報] 0726 上市投信買賣超排行,30
2022/7/26,[新聞] 安泰銀澄清：與如興融資契約無不符常規,10
2022/7/26,[新聞] 全民納稅錢也陷如興財務風暴 國發會五點,54
2022/7/26,[新聞] 日本與美國7/29將在華盛頓舉行經濟會議,19
2022/7/26,[新聞] 市場預期 Fed明年上半年開始降息,71
2022/7/26,[閒聊] 2022/07/26盤後閒聊,22
2022/7/26,[情報] 3189 景碩 澄清ABF媒體報導,28
2022/7/26,[新聞] 國發基金早知情 如興7/15臨時董事會在場,50
2022/7/26,[新聞] 外資送暖 ABF三雄大秀火力,50
2022/7/26,[新聞] 旺季到 精材H2業績勝H1,5
2022/7/26,[新聞] 如興爭議延燒 7/27起打入全額交割股,5
2022/7/26,[新聞] 三變數罩頂 台股再陷低量,17
2022/7/26,[新聞] 韓外交部：難將美吁韓參與晶片聯盟視為,51
2022/7/26,Re: [心得] 星期二好像總是跌？,44
2022/7/26,[新聞] 下單英特爾有利建立商機，外資重申聯發科,21
2022/7/26,[新聞] 聯發科與英特爾合作晶圓代工 網炸了,17
2022/7/26,Re: [新聞] 中國擬設1.3兆元房地產基金救財困開發商,8
2022/7/26,Re: [新聞] 他當沖爽賺6百萬！「棄月薪16萬」專心炒,21
2022/7/26,[標的] 8069.TW 元太,0
2022/7/26,[新聞] CB Insights：元宇宙的六大技術應用趨勢,33
2022/7/26,[新聞] 特斯拉玩比特幣也輸 提列50.8億元虧損,48
2022/7/26,Re: [新聞] 他當沖爽賺6百萬！「棄月薪16萬」專心炒,56
2022/7/26,[新聞] Q2經濟數據將出爐 拜登：不預期美國會陷,50
2022/7/26,[新聞] 中國擬設1.3兆元房地產基金救財困開發商,57
2022/7/26,[新聞] 韓2022年第二季GDP增速初步核實為0.7%,23
2022/7/26,[新聞] 蘋果、Meta攻元宇宙 傳結盟富采,24
2022/7/26,[新聞] 外資、散戶大撤退 6月M1B降8% 逼近死亡,32
2022/7/26,[閒聊] 2022/07/26 盤中閒聊,100
2022/7/26,[新聞] 市況好冷!面板廠減產潮 雙虎鼓勵員工休假,40
2022/7/26,[新聞] 美零售業拉警報！沃爾瑪大砍財測降價清庫,34
2022/7/26,[新聞] 他當沖爽賺6百萬！「棄月薪16萬」專心炒,39
2022/7/26,[新聞] 疫情又起 深圳企業重啟閉環生產七天,12
2022/7/26,[新聞] 銅價彈升 投信：銅相關投資仍值得關注,9
2022/7/26,[新聞] Fed再升息3碼？ 央行暗示未必跟進,99
2022/7/26,Re: [新聞] 聯發科與英特爾合作 台積電：業務往來不,11
2022/7/26,[新聞] 聯發科與英特爾合作 台積電：業務往來不,23
2022/7/26,Re: [請益] 為什麼朋友他們可以賺這麼多?,17
2022/7/26,[新聞] 俄氣將停止運行北溪管道另一台渦輪機,27
2022/7/26,[新聞] 蘋果與Koss達成專利和解,2
2022/7/26,[新聞] 如興急發七點聲明 證實陷財務危機、幾至,75
2022/7/25,[情報] 歐洲天然氣漲 等同油價每桶1200美,39
2022/7/25,[標的] 2915.TW 潤泰全,37
2022/7/25,[請益] 請問半導體股的董監持股怎都那麼低 ?,22
2022/7/25,[新聞] 曾狂言併吞台積電！中企紫光前老董趙偉國,61
2022/7/25,[情報] 0725 處置股風險統計排行,2
2022/7/25,[新聞] 散戶還在逃！6月證券劃撥餘額連4降,29
2022/7/25,[情報] 111年07月25日信用交易統計,41
2022/7/25,Re: [新聞] 高層遭通緝、董總突撤換...如興翁紹華：,14
2022/7/25,[新聞] 中國發展成熟製程將成強國，未來市場不,23
2022/7/25,[情報] 111.07.25如興 重大訊息,52
2022/7/25,[新聞] 高層遭通緝、董總突撤換...如興翁紹華：,46
2022/7/25,[心得] 盤後資料整理(Excel格式),5
2022/7/25,Fw: [新聞] 散戶逃！台股自然人成交佔比創逾2年新低,13
2022/7/25,[新聞] 歐洲面臨殺人熱浪 太陽能板怕高溫發電,55
2022/7/25,[新聞] 重磅！傳Fed明年降4碼 專家鎖定兩種股票,31
2022/7/25,[心得]賺錢 發錢！,100
2022/7/25,Re: [標的] 1731 跟著內部人一起買（多）,9
2022/7/25,[新聞] 歐美罷工拖累海運鏈 又見塞港,14
2022/7/25,[新聞] 貨櫃三雄前三季獲利 估贏去年全年,29
2022/7/25,"[新聞] 貨櫃三雄 Q2賺逾2,000億",28
2022/7/25,[新聞] 漢翔奪勞斯萊斯發動機訂單,23
2022/7/25,[情報] 0725 上市櫃外資投信同買排行,0
2022/7/25,[新聞] 中國經濟形勢嚴峻 人民日報系列文章信心,28
2022/7/25,[新聞] 台經院6月景氣動向調查　今年經濟成長率,12
2022/7/25,Re: [新聞] 震撼彈！聯發科攜手英特爾合作晶圓代工,40
2022/7/25,Re: [標的] 寶雅 長線多,13
2022/7/25,[情報] 0725 上市櫃外資投信買超金額排行,5
2022/7/25,[情報] 0725八大公股銀行賣超排行,21
2022/7/25,[新聞] 聯發科下16奈米大單　英特爾重返晶圓代工,41
2022/7/25,[情報] 華南金公告110年度股利除權息基準日,11
2022/7/25,[新聞] 日系動漫風登場！宏達電 攜日本pixiv,45
2022/7/25,[情報] 6770 力積電 111年度上半年股息 0.8元,18
2022/7/25,[新聞] 震撼彈！聯發科攜手英特爾合作晶圓代工,100
2022/7/25,[新聞] 搶先台積電 三星全球首款3奈米晶片亮相,25
2022/7/25,Re: [新聞] 撼訊：不只重複下單 三倍下單都有 板卡短,17
2022/7/25,Re: [新聞] 中鋼股票 自家人搶買,8
2022/7/25,[情報] 3504揚明光 H1EPS 0.62,21
2022/7/25,[新聞] 中鋼股票 自家人搶買,23
2022/7/25,[新聞] 美國若升4碼，學者：不排除央行召開臨時,51
2022/7/25,[新聞] 福斯汽車和意法合作研發下一代晶片由台積,0
2022/7/25,[標的] 2885.tw 元大金 請益未來走勢,21
2022/7/25,Re: [新聞] 撼訊：不只重複下單 三倍下單都有 板卡短,46
2022/7/25,[情報] 111年07月25日 櫃買法人買賣金額統計表,8
2022/7/25,[情報] 韓國財政部長:通膨最晚10月到頂,17
2022/7/25,Re: [請益] 股市長期來講真的是往上嗎,24
2022/7/25,[情報] 0725上市外資買賣超排行,50
2022/7/25,[新聞] 撼訊：不只重複下單 三倍下單都有 板卡短,99
2022/7/25,[情報]  中租-ky自結111年6月損益,3
2022/7/25,[新聞] 庫存水位創歷史新高！盛群下修第4季投片,30
2022/7/25,[請益] 股市長期來講真的是往上嗎,99
2022/7/25,[情報] 111年07月25日 三大法人買賣金額統計表,49
2022/7/25,[新聞] 威盛 法人轉賣為買,60
2022/7/25,[情報] 0725上市投信買賣超排行,35
2022/7/25,[新聞] 勞動基金上半年恐虧損4000億!創史上第二,100
2022/7/25,[情報] 3008 大立光 第二季合併財務報告,13
2022/7/25,"[新聞] 福特直接裁員8,000人！　汽車產業人心惶",35
2022/7/25,[新聞] 2.1萬人放無薪假！燒到電子業　勞部：廠,64
2022/7/25,[創作] 鰻的股東(侯德健-龍的傳人),2
2022/7/25,[閒聊] 2022/07/25 盤後閒聊,36
2022/7/25,[新聞] 長期展望正向 元太邁向填息,1
2022/7/25,[新聞] 大鋼廠救市 減產有共識,20
2022/7/25,[情報] 6202盛群H1EPS 3.84 QoQ-30.8% yoy-30.8%,33
2022/7/25,Re: [新聞] 潤泰雙雄早盤股價一度翻紅　法人逢低,0
2022/7/25,[新聞] 台經院：晶圓代工下半年呈兩極化 台積電,15
2022/7/25,[情報] 韓國央行:通膨上漲 薪水就會漲,39
2022/7/25,[新聞] 炒股失敗快跳樓 趙正平找吳宗憲調頭寸500,64
2022/7/25,[新聞] 印媒曝台積電、聯電將派員考察　考慮赴,84
2022/7/25,[新聞] 00900成分股調整　8月1日配息！,53
2022/7/25,[新聞] 潤泰雙雄早盤股價一度翻紅　法人逢低買進,36
2022/7/25,[新聞] 顯卡廠打價格戰 毛利率不保,53
2022/7/25,[新聞] 綠帽苦主Google共同創辦人逆襲! 怒拋馬斯,100
2022/7/25,[新聞] 晶圓代工成熟製程 降價,71
2022/7/25,[閒聊] 2022/07/25 盤中閒聊,97
2022/7/25,[新聞] 面板廠減產 鼓勵員工休假,79
2022/7/25,[公告] 簡易處置,5
2022/7/24,[新聞] 台綜院下修Q2經濟成長率至3.1％ 示警半導,50
2022/7/24,Re: [新聞] 鴻海入股紫光「恐成吞噬台灣力量」！謝金,11
2022/7/24,[心得] 美國天然氣兩個月內將創新高,36
2022/7/24,[新聞] 中芯7奈米 疑抄襲台積電,46
2022/7/24,[新聞] 藥華藥紅血球增多症新藥納健保 病患醫,40
2022/7/24,[新聞] 大崩潰！英國冬季通膨率恐暴衝至15％,67
2022/7/24,[新聞] 全球自動駕駛競賽：百度開車，谷歌失靈,28
2022/7/24,[心得] 美股本周機構觀點整理分享：多空激辯,41
2022/7/24,[新聞] 6月失業率3.74％創近8個月新高,47
2022/7/24,[新聞] 傳民營金控想併南山人壽！搶買潤泰新、,71
2022/7/24,[新聞] 建議冷氣調28度暗示電不夠？台電說話了,100
2022/7/24,[公告] 07/24 處置公告,32
2022/7/24,Re: [請益] 日本崩盤真的能導致亞洲金融海嘯？,18
2022/7/24,[新聞] 南山風暴只是開頭？謝金河曝「更大危機」,57
2022/7/24,Re: [請益] 為什麼沒有追蹤ETF的ETF,8
2022/7/24,[新聞] 入股紫光是對中共「輸誠」 鴻海有苦說不,29
2022/7/24,[新聞] 雙虎加大產能調控力道 群創鼓勵員工休假,57
2022/7/24,[請益] 美股GME一拆4大家收到拆股了嗎?,3
2022/7/24,[請益] 為什麼沒有追蹤ETF的ETF,3
2022/7/24,Re: [新聞] 鴻海入股紫光「恐成吞噬台灣力量」！謝金,8
2022/7/24,[請益] 日本崩盤真的能導致亞洲金融海嘯？,63
2022/7/24,[標的] 2002.tw 中鋼,24
2022/7/24,Re: [新聞] 追趕台積電 中芯低調出貨7奈米晶片 搶當,17
2022/7/24,Re: [新聞] 鴻海入股紫光「恐成吞噬台灣力量」！謝金,11
2022/7/24,Re: [心得] 闕又上真的有實力嗎？,15
2022/7/24,Re: [請益] 定期定額真的是被過度神化了？,15
2022/7/24,Re: [新聞] 北極星藥業-KY取得工業局出具之意見書,16
2022/7/24,Re: [請益] 定期定額是不是被過度神化了？,16
2022/7/24,[新聞] 鴻海入股紫光「恐成吞噬台灣力量」！謝金,96
2022/7/24,[標的] 4432 銘旺實,13
2022/7/24,Re: [請益] 定期定額真的是被過度神化了？,16
2022/7/24,Re: [新聞] 砍單潮來臨 晶片價大跌八、九成,34
2022/7/24,[新聞] 砍單潮來臨 晶片價大跌八、九成,67
2022/7/24,Re: [請益] 定期定額是不是被過度神化了？,0
2022/7/24,[新聞] 謝志堅看貨櫃三雄前三季賺逾6千億,28
2022/7/24,[新聞] 貨櫃、散裝與航空等3大航運股總評比,4
2022/7/24,Re: [新聞] 貨櫃三雄股價過低 恐提供外商併購的誘因,2
2022/7/24,[新聞] 台驊 運價走高可期,12
2022/7/24,Re: [請益] 0050&0056要從基金改回股票嗎,1
2022/7/24,Re: [請益] 定期定額真的是被過度神化了？,72
2022/7/24,Re: [新聞] 貨櫃三雄股價過低 恐提供外商併購的誘因,14
2022/7/24,Re: [新聞] 巴西礦場1舉動 翁朝棟:整個市場都振奮了,8
2022/7/24,Re: [新聞] 壽險面臨淨值保衛戰 壽險公會3點聲明,8
2022/7/24,Re: [請益] 大家領到股利會拿去扣成本?,4
2022/7/23,[標的] 1213.tw 大飲 大薯多,41
2022/7/23,Re: [新聞] 貨櫃三雄股價過低 恐提供外商併購的誘因,18
2022/7/23,Re: [請益] 定期定額是不是被過度神化了？,3
2022/7/23,[新聞] 台灣虎航公告遭駭客網路攻擊，疑客戶資,0
2022/7/23,Re: [請益] 大家領到股利會拿去扣成本?,27
2022/7/23,Re: [請益] 定期定額是不是被過度神化了？,5
2022/7/23,[新聞] 認錯回補！外資週買超聯電7.66萬張,39
2022/7/23,Re: [情報] 7月 - 美股超級財報週(圖多),35
2022/7/23,Re: [請益] 大家領到股利會拿去扣成本?,4
2022/7/23,[新聞] 巴西礦場1舉動 翁朝棟:整個市場都振奮了,36
2022/7/23,Re: [新聞] 潤泰新2元股息訂8/12除息 會計師：將不影,7
2022/7/23,[新聞] 資金鏈斷裂 東莞老牌電子廠宣布倒閉,23
2022/7/23,Re: [請益] 定期定額是不是被過度神化了？,7
2022/7/23,Re: [請益] 定期定額是不是被過度神化了？,0
2022/7/23,[請益] 元大00646是不是跟SP500指數偏離太多？,24
2022/7/23,[標的] 6728上洋,35
2022/7/23,Re: [請益] 定期定額是不是被過度神化了？,63
2022/7/23,[新聞] 阿茲海默症論文涉嫌造假，掀起學界軒然大,79
2022/7/23,Re: [請益] 定期定額是不是被過度神化了？,5
2022/7/23,[請益] 0050&0056要從基金改回股票嗎,40
2022/7/23,Re: [請益] 大家領到股利會拿去扣成本?,22
2022/7/23,Re: [請益] 定期定額是不是被過度神化了？,4
2022/7/23,[心得] 股票賺錢就是要發錢啦,100
2022/7/23,[請益] 俄羅斯ADR,22
2022/7/23,[請益] 定期定額是不是被過度神化了？,56
2022/7/23,[新聞] 力保Q2淨值 潤泰新、潤泰全提新解方,16
2022/7/23,Re: [請益] 大家領到股利會拿去扣成本?,57
2022/7/23,[請益] 大家領到股利會拿去扣成本?,98
2022/7/23,[新聞] 俄國央行大舉降息至戰前水準 新設大宗商品基準對抗西方制裁,7
2022/7/23,[請益] FED 這周算是停止 QT 轉 QE 了嗎？,40
2022/7/23,"Re: [標的] 韭菜賣掉TSLA, QQQ, 該大漲了吧",9
2022/7/23,[新聞] 就在下周 IC設計超級法說爆場,51
2022/7/23,[請益] 為什麼朋友他們可以賺這麼多?,80
2022/7/23,Re: [請益] 奈奈奈米這兩個月大跌存股請益(分享?),7
2022/7/23,[請益] 奈奈奈米這兩個月大跌存股請益(分享?),55
2022/7/23,Re: [新聞] 潤泰新投資性不動產市值估破300億元,12
2022/7/23,Re: [新聞] 貨櫃三雄股價過低 恐提供外商併購的誘因,4
2022/7/23,[請益] 長期存股 中華電跟台積電 哪個穩,74
2022/7/23,Re: [新聞] 日圓剉咧等　日本央行總裁：有必要將毫,25
2022/7/23,Re: [新聞] 貨櫃三雄股價過低 恐提供外商併購的誘因,10
2022/7/23,[新聞] 最重要一周 Fed 升息、科技巨頭對前景看,23
2022/7/23,[新聞] K2坦克即將出口波蘭 製造商現代Rotem飆升,18
2022/7/23,Re: [標的] 大盤多,30
2022/7/23,[新聞] 通膨高漲衝擊 歐美製造業PMI雙雙挫低,19
2022/7/23,[新聞] 能源轉型不力 2021電力排碳係數4年來首回,21
2022/7/23,"[標的] 韭菜賣掉TSLA, QQQ, 該大漲了吧",44
2022/7/23,[請益] 夜盤跟著美股連動？,24
2022/7/23,[請益] 00692和006208定期定額,53
2022/7/23,[心得] 投資人才的訓練,2
2022/7/23,Re: [新聞] 追趕台積電 中芯低調出貨7奈米晶片 搶當,24
2022/7/23,[新聞] TWTR 財報不如預期 同比由盈轉虧,16
2022/7/23,[創作] 霍元甲,5
2022/7/23,[新聞] 聯合航空上季扭虧為盈　疫情以來首次沒,9
2022/7/22,[新聞] 美西港口6月貨櫃運送量 創百年最佳紀錄,33
2022/7/22,Re: [心得] 技術分析到底有沒有用？試了就知道！,16
2022/7/22,[新聞] 俄羅斯央行降息，回到俄烏戰爭前標準,59
2022/7/22,[公告] Stock 樂透開獎,10
2022/7/22,[心得] 盤後資料整理(Excel格式),3
2022/7/22,[新聞] 潤泰新2元股息訂8/12除息 會計師：將不影,41
2022/7/22,[新聞] 直覺外科公司財報 三年來首次不及預期,19
2022/7/22,Re: [標的] 6477.TW 安集 多,8
2022/7/22,[標的] STX.US Seagate 財報,3
2022/7/22,[標的] 群創 3481,36
2022/7/22,[情報] 111年07月22日信用交易統計,30
2022/7/22,[標的] SNAP.US 財報,18
2022/7/22,[新聞] 《日股》海運領航 日經續揚,1
2022/7/22,[新聞] 澳洲礦業集團接受以人民幣結算鐵礦石,35
2022/7/22,[新聞] 政府施壓 法國能源和航運巨頭調降價格,9
2022/7/22,[新聞] 貨櫃三雄股價過低 恐提供外商併購的誘因,84
2022/7/22,[標的] 9904 寶成 張寶成多,34
2022/7/22,Re: [新聞] 追趕台積電 中芯低調出貨7奈米晶片 搶當,-10
2022/7/22,[新聞] 聯強認列Concentrix評價利益67億元 業外,8
2022/7/22,[情報] 永豐金(2890) 08/10除息+權 0.8+0.1元,44
2022/7/22,[情報] 0722八大公股銀行買賣超排行,16
2022/7/22,Re: [心得] 00900豆腐總整理,9
2022/7/22,[新聞] 遲到的慶祝行情？統一超股價噴發逼300元,16
2022/7/22,[情報] 0722 上市櫃外資投信同買排行,5
2022/7/22,[新聞] 新興國家追趕 Fed：南非升息幅度近 20,15
2022/7/22,[新聞] 經長看經濟 審慎不悲觀,7
2022/7/22,[情報] 0722 上市櫃外資投信買超金額排行,2
2022/7/22,[新聞] 亞馬遜盼結束歐盟反壟斷調查，英德調查,0
2022/7/22,Re: [請益] 網紅吸金代操[當事人要澄清謠言很容易吧?],100
2022/7/22,[新聞] 韓國政府將在8月公布空中計程車法,67
2022/7/22,Re: [標的]  2330 台積電 好公司多,53
2022/7/22,[情報] 0722 上市外資買賣超排行,58
2022/7/22,[情報] 111年07月22日 櫃買法人買賣金額統計表,28
2022/7/22,[情報] 3529力旺6月自結EPS 0.15,33
2022/7/22,[情報] 3707 漢磊 達注意標準而公布財報,25
2022/7/22,Re: [新聞] 追趕台積電 中芯低調出貨7奈米晶片 搶當,18
2022/7/22,[情報] 111年07月22日 三大法人買賣金額統計表,92
2022/7/22,[新聞] 林志穎出車禍！外媒：特斯拉概念股嚇跌,100
2022/7/22,[請益] 2352 佳世達 盤中胖手指？,14
2022/7/22,Re: [請益] 網紅吸金代操的合法性,3
2022/7/22,Re: [新聞] 《其他股》宏全重押印尼 再設第六廠,8
2022/7/22,[情報] 0722 上市投信買賣超排行,16
2022/7/22,[請益] 該選勞退自提好?還是自己投資退休金?,28
2022/7/22,[問卷] 台股ETF 商品投資目的與經驗調查(可抽,1
2022/7/22,[新聞] 歐盟公布了對俄羅斯的第七次的新制裁,45
2022/7/22,[心得] 00900豆腐總整理,30
2022/7/22,[新聞] 雷蒙多又放話 美國不能一直依賴台灣晶片,75
2022/7/22,Re: [新聞] 追趕台積電 中芯低調出貨7奈米晶片 搶當,14
2022/7/22,[閒聊] 2022/07/22 盤後閒聊,29
2022/7/22,[標的]  2330 台積電 好公司多,0
2022/7/22,[心得] 哲哲謝謝你,100
2022/7/22,Re: [心得] 很可惜但也不用太擔心,1
2022/7/22,Re: [新聞] 追趕台積電 中芯低調出貨7奈米晶片,0
2022/7/22,[新聞] 《其他股》宏全重押印尼 再設第六廠,15
2022/7/22,Re: [新聞] 潤泰新投資性不動產市值估破300億元,8
2022/7/22,Re: [請益] 網紅吸金代操的合法性,9
2022/7/22,Re: [新聞] 國泰調查:國安基金護盤前不到兩成願意進場,29
2022/7/22,Re: [新聞] 追趕台積電 中芯低調出貨7奈米晶片 搶當,47
2022/7/22,[新聞] 潤泰雙雄淨值風暴 外資投信搶抄底「大玩,17
2022/7/22,[新聞] 華新陷現金增資價保衛戰 董事會決議調整,22
2022/7/22,[請益] 平盤以下不得放空,23
2022/7/22,[請益] 目前已填權息的權重股,22
2022/7/22,[新聞] 韓國敲定2022年度稅制修正案,24
2022/7/22,[新聞] 追趕台積電 中芯低調出貨7奈米晶片 搶當,100
2022/7/22,[情報] 三星未來20年在德州興建11座半導體廠,19
2022/7/22,[標的] 4162 短線突破解盲搶劫多,8
2022/7/22,[新聞] 別人恐懼我貪婪！分析師點名 6 檔低軌衛星概念股布局中長線,4
2022/7/22,[標的] TESLA 8年翻10倍 成長股之最？討論,13
2022/7/22,[新聞] 中國6月智慧型手機出貨量年增逾9% 手機,8
2022/7/22,Re: [新聞] 00900新增成分股納潤泰全 經理人這樣說,0
2022/7/22,[閒聊] 2022/07/22盤中閒聊,95
2022/7/22,Re: [請益] 網紅吸金代操的合法性,32
2022/7/22,[新聞] 日圓剉咧等　日本央行總裁：有必要將毫,100
2022/7/22,[新聞] 為台股抱屈！鴻海：投資人要珍惜股價低,33
2022/7/22,[新聞] 加密貨幣死亡螺旋再拖跨一家！Celsius苦,27
2022/7/22,[請益] 新手問題請教,24
2022/7/22,[標的] 寶成 9904,51
2022/7/22,[標的] 美股NFLX.US網飛,23
2022/7/22,[情報] 0721 處置股風險統計排行,2
2022/7/21,[新聞] 潤泰新投資性不動產市值估破300億元,71
2022/7/21,[新聞] 星展銀預測台灣每季升半碼　明年底利率,48
2022/7/21,[新聞] 北溪一號重新啟動,36
2022/7/21,[標的] 強茂 光頡 車用電子跌深反彈短多,17
2022/7/21,[新聞] 拜登新冠檢測為陽性,100
2022/7/21,[新聞] 美國航空(AAL.US)Q2營收同比增80%超預期,27
2022/7/21,[新聞] 00900新增成分股納潤泰全 經理人這樣說,100
2022/7/21,[新聞]日本上半年逆差創新高，從中國進口大增16%,11
2022/7/21,[請益] 第一天上市股價疑問,7
2022/7/21,[新聞] 超兇網紅「大萌妹子」無照教人買股票 金,30
2022/7/21,[情報] 111年07月21日信用交易統計,52
2022/7/21,[新聞] 拜登疑似失言稱:我有癌症,58
2022/7/21,[新聞] 歐央行宣布升息2碼 學者、分析師仍看壞歐,23
2022/7/21,[新聞] 中國爛尾樓風暴掃到鋼鐵業 6家破產28家,21
2022/7/21,Re: [新聞] 日本央行決定維持寬鬆，上調物價漲幅預期,15
2022/7/21,[心得] 盤後資料整理(Excel格式),2
2022/7/21,[新聞] 預售屋急凍 成交量探底,100
2022/7/21,[新聞] 台灣工銀、日盛國際租賃合併 規模將成全台第四大,4
2022/7/21,Re: [新聞] 韓國將推進彈性工作制,1
2022/7/21,[情報] 0721 上市櫃外資投信同買排行,11
2022/7/21,[新聞]潤泰全：資產重估會比財報早出爐,66
2022/7/21,[新聞] 防股市禿鷹 金管會將潤泰雙雄列為監視股,53
2022/7/21,[新聞] 現增壓力襲來！壽險業淨值Q2恐再虧兆元,30
2022/7/21,[新聞] 壽險業爆淨值大跌危機 金管會：升息對壽,64
2022/7/21,[情報] 0721八大公股銀行買賣超排行,34
2022/7/21,[新聞]《電腦設備》Q3業外吞大補丸 神達站回季線,17
2022/7/21,[新聞] 韓國將推進彈性工作制,9
2022/7/21,[情報] 韓國2025證交稅下調至0.15%,54
2022/7/21,[情報] 0721 上市櫃外資投信買超金額排行,2
2022/7/21,[情報] 3362先進光 6月自結0.36,9
2022/7/21,Re: [新聞] 南山人壽強調財務穩健 RBC仍有300％以上,23
2022/7/21,[情報] 2323中環處分環球晶股票,26
2022/7/21,[情報] 6219富旺處分群創股票,14
2022/7/21,[新聞] 謝金河：萬四保衛戰過關！,73
2022/7/21,Re: [心得] 黃小玉期貨暴跌 台灣飼料雞蛋大漲,6
2022/7/21,[新聞] 日本央行決定維持寬鬆，上調物價漲幅預期,63
2022/7/21,[新聞] 韓政府敲定2022年度稅制修正案,16
2022/7/21,Re: [心得] 潤泰全討論,25
2022/7/21,[情報] 0721上市外資買賣超排行,100
2022/7/21,Re: [心得] 黃小玉期貨暴跌 台灣飼料雞蛋大漲,13
2022/7/21,Re: [請益] 現在是全面樂觀了嗎？,20
2022/7/21,[情報] 2867三商壽H1自結EPS -2.31,64
2022/7/21,[情報] 111年07月21日 櫃買法人買賣金額統計表,12
2022/7/21,[情報] 6133 金橋 達注意標準而公布財報,24
2022/7/21,[新聞] 利空夾擊 中鴻8月盤價不妙,16
2022/7/21,Re: [心得] 潤泰全討論,82
2022/7/21,[新聞] 韓政府公佈半導體產業發展扶持計劃,21
2022/7/21,[情報] 111年07月21日 三大法人買賣金額統計表,100
2022/7/21,[情報] 0721上市投信買賣超排行,37
2022/7/21,[新聞] 歐盟提議成員國將天然氣使用量減少15%,22
2022/7/21,[心得] 黃小玉期貨暴跌 台灣飼料雞蛋大漲,49
2022/7/21,[公告] Stock 板 開始舉辦樂透!,12
2022/7/21,[公告] Stock 樂透開獎,26
2022/7/21,[標的] 6143.TW振曜 試單多,5
2022/7/21,[閒聊] 2022/07/21 盤後閒聊,76
2022/7/21,[新聞] 大陸確定開鍘！滴滴因網安問題遭罰人民,43
2022/7/21,Re: [新聞] 大摩:驅動IC收益低 下調聯詠至174元,33
2022/7/21,[新聞] 力積電沒機會了？ 苦主認賠殺出虧60萬,53
2022/7/21,Re: [心得] 很可惜但也不用太擔心,17
2022/7/21,[新聞] 美晶片法案將表決 裴洛西表態支持,77
2022/7/21,[新聞] 《晶片法案》第一階段通過！擬禁企業赴,54
2022/7/21,[新聞] 潤泰雙雄、寶成重挫 Q2財報這時間出爐,100
2022/7/21,[情報] 韓國推動企業投資半導體五年340兆韓元,27
2022/7/21,Re: [新聞] 潤泰集團被南山「拖累」？ 潤泰新、潤泰,12
2022/7/21,Re: [請益] 各位都是如何及時停損,4
2022/7/21,[新聞] 拜登沒宣布氣候緊急狀態 發行政命令推,13
2022/7/21,[心得] 是不是很多人不知道美國印了8兆鎂？,15
2022/7/21,Re: [新聞] 潤泰集團被南山「拖累」？ 潤泰新、潤泰,33
2022/7/21,Re: [新聞] 快訊／潤泰全、潤泰新淨值大減「爆下市危,22
2022/7/21,Re: [新聞] 快訊／潤泰全、潤泰新淨值大減「爆下市危,5
2022/7/21,[新聞] 阿聯啟動8.2億美元基金以促進國內太空經,5
2022/7/21,[新聞] 特斯拉Q2脫手75%比特幣 套現逾9億美元,34
2022/7/21,Re: [新聞] 快訊／潤泰全、潤泰新淨值大減「爆下市危,6
2022/7/21,[閒聊] 2022/07/21 盤中閒聊,99
2022/7/21,[新聞] 鋼市景氣恐轉冷 中鋼落難遭降評,34
2022/7/21,[新聞] 通膨壓力增 10月電價傾向凍漲,80
2022/7/21,[情報] 特斯拉把約75％的比特幣持倉轉換為法定貨,100
2022/7/21,Re: [新聞] 台驊顏益財：以現在貨櫃雙雄的股價閉著眼,29
2022/7/21,Re: [標的] 天然氣轉折已到 全力做多,18
2022/7/21,[新聞] 壽險面臨淨值保衛戰 壽險公會3點聲明,33
2022/7/21,Re: [新聞] 快訊／潤泰全、潤泰新淨值大減「爆下市危,43
2022/7/21,Re: [新聞] 避免淨值危機 潤泰雙雄：Q2投資性不動產,48
2022/7/21,Re: [情報] 美光2022Q3財報電話會議文字稿,17
2022/7/21,Re: [新聞] 避免淨值危機 潤泰雙雄：Q2投資性不動產,20
2022/7/21,Re: [新聞] 避免淨值危機 潤泰雙雄：Q2投資性不動產,15
2022/7/20,Re: [請益] 各位都是如何及時停損,2
2022/7/20,Re: [情報] 潤泰新 潤泰全 重大訊息懶人包,18
2022/7/20,[新聞] 陷南山淨值危機 寶成提「四不」回應,26
2022/7/20,[新聞] 避免淨值危機 潤泰雙雄：Q2投資性不動產,78
2022/7/20,[請益] 元宇宙不是消費性電子？,25
2022/7/20,[公告] Stock 板 開始舉辦樂透!,25
2022/7/20,[情報] 潤泰新 潤泰全 重大訊息懶人包,100
2022/7/20,[新聞] 快訊／潤泰全、潤泰新淨值大減「爆下市危,89
2022/7/20,Re: [請益] 各位都是如何及時停損,20
2022/7/20,[情報] 111年07月20日信用交易統計,36
2022/7/20,[新聞] 強強聯手撼動車市　鴻海結盟恩智浦,9
2022/7/20,[新聞] 普丁：若遲遲未歸還北溪管線渦輪機 對歐,74
2022/7/20,[心得] 盤後資料整理(Excel格式),10
2022/7/20,[新聞] 潤泰新、潤泰全晚間10點重訊說明,100
2022/7/20,Re: [新聞] 台驊顏益財：以現在貨櫃雙雄的股價閉著眼,15
2022/7/20,[新聞] 農委會估8月雞蛋供需平衡,49
2022/7/20,[新聞] 南山人壽強調財務穩健 RBC仍有300％以上,38
2022/7/20,[新聞] 中國連6月拋售美債 持倉12年來首次跌破1,38
2022/7/20,Re: [新聞] 台驊顏益財：以現在貨櫃雙雄的股價閉著眼,17
2022/7/20,[情報] VinaCapital預測越南Q3 GDP成長10%,6
2022/7/20,[情報] 0720 上市櫃外資投信同買排行,9
2022/7/20,[新聞] 台驊顏益財：以現在貨櫃雙雄的股價閉著眼,98
2022/7/20,[新聞] 暌違6年 巴克萊捧10億第3度來台設券商,41
2022/7/20,[情報] 0720八大公股銀行買賣超排行,24
2022/7/20,[標的] 3362 先進光 多多多,12
2022/7/20,[標的] 8028 昇陽半導體 凱基台北哥竟然在囤貨?,31
2022/7/20,[新聞]〈聯電大老開講〉談美晶片法案 宣明智：封閉使產業受傷、合作,18
2022/7/20,[情報] 0720 上市櫃外資投信買超金額排行,4
2022/7/20,[新聞] 金融業新興市場曝險 前十大出列,47
2022/7/20,[新聞] 國內半導體聚落仍由竹科領銜 南科則已超,9
2022/7/20,Re: [新聞] 謝孟恭:每次大家叫你跑，你不要跑就對了,23
2022/7/20,[新聞] 黑石：Fed升息周期至明年 最終利率近5%,73
2022/7/20,[標的] 2330.TW 台積電 一個人的武林空,-10
2022/7/20,Re: [請益] 我們的升息壓力到底有多強？,100
2022/7/20,[請益] 各位都是如何及時停損,55
2022/7/20,[情報] 1516 川飛 董事會決議事項 XXXXXXXXXXXXXXXXXXXXXXXXXXXXXX,23
2022/7/20,[新聞] 格芯放話！晶片法案若沒過 紐約州建廠,27
2022/7/20,[情報] 0720上市外資買賣超排行,67
2022/7/20,[新聞] 納智捷「Model C電動休旅車」突襲亮相！,53
2022/7/20,[情報] 111年07月20日 櫃買法人買賣金額統計表,14
2022/7/20,[新聞] 馬斯克要緊張了？中國比亞迪銷量暴增315%,44
2022/7/20,[新聞] 美系外資一個月出兩篇報告 宏達電站上各,34
2022/7/20,[請益] 我們的升息壓力到底有多強？,26
2022/7/20,[新聞] 遭指拖垮潤泰雙雄淨值！知情人士：南山,18
2022/7/20,Re: [新聞] 謝孟恭:每次大家叫你跑，你不要跑就對了,31
2022/7/20,Re: [新聞] 尹衍樑：再二年多準備上市 投資人放心,29
2022/7/20,[情報] 111年07月20日 三大法人買賣金額統計表,86
2022/7/20,[心得] 本日900豆腐整理,17
2022/7/20,[新聞] 英國6月通膨9.4%，為40年的新高,28
2022/7/20,[情報] 0720上市投信買賣超排行,43
2022/7/20,[情報] ASML 2022第二季營收54億歐元,8
2022/7/20,[新聞] ASML下修全年營收成長預期10% 供應鏈限,35
2022/7/20,[新聞] 尹衍樑：再二年多準備上市 投資人放心,53
2022/7/20,[標的] 1526 日馳 卡打車多,7
2022/7/20,[閒聊] 2022/07/20 盤後閒聊,62
2022/7/20,[新聞] 林百里妻被名媛朋友騙走5千萬，而且光靠,53
2022/7/20,[情報] 9904 寶成 澄清媒體報導,42
2022/7/20,Re: [新聞] 潤泰集團被南山「拖累」？ 潤泰新、潤泰,33
2022/7/20,[標的］宏碁 2353 價值投資多,22
2022/7/20,Re: [請益] 現在是全面樂觀了嗎？,26
2022/7/20,[情報] 2915 9945 潤泰全 潤泰新 澄清報導,76
2022/7/20,[新聞] 淨值為負?證交所籲潤泰全潤泰新重訊說明,46
2022/7/20,[心得] 給新手*投資*人的一點建議,6
2022/7/20,[心得] 小韭菜延畢文,56
2022/7/20,[新聞] 聯合國：警告大規模飢荒的威脅,33
2022/7/20,[新聞] 三星在影像感測器的崛起，讓索尼發起積,10
2022/7/20,Re: [新聞] 謝孟恭:每次大家叫你跑，你不要跑就對了,88
2022/7/20,[心得] 很可惜但也不用太擔心,-10
2022/7/20,[新聞] 國泰調查:國安基金護盤前不到兩成願意進場,27
2022/7/20,[新聞] 據傳俄國將如期重啟北溪一號,37
2022/7/20,[新聞] 潤泰集團被南山「拖累」？ 潤泰新、潤泰,100
2022/7/20,Re: [新聞] 面板價青恂恂 友達Q3稼動率恐降至5成,13
2022/7/20,[情報] 0720獨家美股中文資料庫分享,4
2022/7/20,[請益] 關於對敲的相關問題,1
2022/7/20,[新聞] Netflix祭「新家規」趕走寄生帳號！8月,31
2022/7/20,[新聞] 統一290億元正式買下家樂福！與全聯雙雄,28
2022/7/20,[新聞] 女股神殞落 首次關閉清算旗下ETF,55
2022/7/20,Re: [新聞] 習施政傷信心 全球投資人從擁抱轉為遠離,8
2022/7/20,[新聞] 韓上半年材料零件設備進口對日依存度降,68
2022/7/20,[新聞] 立積:公告本公司訂定111年現金增資認股,8
2022/7/20,Re: [標的] 3545 敦泰 抄底搶劫多,10
2022/7/20,[新聞] 習施政傷信心 全球投資人從擁抱轉為遠離,30
2022/7/20,[新聞] 面板價青恂恂 友達Q3稼動率恐降至5成,32
2022/7/20,Re: [新聞] 統一集團斥資 290億元買下台灣家樂福,12
2022/7/20,[閒聊] 2022/07/20盤中閒聊,100
2022/7/20,[新聞] 沒那麼慘！Netflix Q2訂閱人數僅流失97萬,16
2022/7/20,[新聞] 台船交付新艇 營運衝,5
2022/7/20,[新聞] 巨乳網紅「大萌妹子」收費教人買台股？,42
2022/7/20,[情報] Netflix網飛第二季流失百萬訂戶,94
2022/7/20,[新聞] 統一併台灣家樂福將送審 公平會:2面向審查,21
2022/7/20,[請益] 今日的美股台股夜盤,75
2022/7/19,[新聞] 統一集團斥資 290億元買下台灣家樂福,100
2022/7/19,[新聞] Live／統一、統一超23:40宣布董事會「重大,31
2022/7/19,[新聞] 悲觀程度超越疫情和金融危機 現金部位20,32
2022/7/19,[新聞] 世衛：歐洲須立即應對新一波冠病疫情,8
2022/7/19,[新聞] 長榮國際再買萬張長榮航 持股增至11.41%,21
2022/7/19,[標的] 6747 亨泰光,6
2022/7/19,[新聞] 歐盟憂北溪一號21日不會重啟 為冬季準備,46
2022/7/19,[標的] IBM財報 縮減現金流預期,11
2022/7/19,[新聞] 美國晶片法案即將表決 卻遭AMD等大廠反對,70
2022/7/19,[新聞] 布油反彈至100美元以上,20
2022/7/19,[標的] 定期不定額只買不賣是合適的交易策略嗎,5
2022/7/19,[新聞] 歐盟擬放寬對俄銀行制裁 允許食品貿易,63
2022/7/19,[心得] 盤後資料整理(Excel格式),6
2022/7/19,[情報] 111年07月19日信用交易統計,25
2022/7/19,[新聞] 收購台灣家樂福？統一、統一超23:40開記,99
2022/7/19,[新聞] 華爾街日報：中國將對滴滴出行罰款逾10,30
2022/7/19,[新聞] 消化高價庫存 泰銘：Q3會比前2季辛苦,41
2022/7/19,[新聞] 台積高雄建廠 料、工又雙漲,46
2022/7/19,Re: [新聞] 第一金太空衛星ETF 7月20日掛牌上市,6
2022/7/19,[新聞] 載板三雄面臨三利空 高盛重申買進但大砍,17
2022/7/19,Re: [請益] 美股這種漲法是反彈還是築底反轉,0
2022/7/19,[情報] 0719八大公股銀行買賣超排行,14
2022/7/19,[情報] 0719 上市櫃外資投信同買排行,0
2022/7/19,[新聞] 第一金太空衛星ETF 7月20日掛牌上市,36
2022/7/19,[情報] 0719 上市櫃外資投信買超金額排行,0
2022/7/19,[新聞] 《其他股》鈺齊-KY第二季EPS5.12元,60
2022/7/19,[情報] 0719 上市外資買賣超排行,77
2022/7/19,[情報] 111年07月19日 櫃買法人買賣金額統計表,15
2022/7/19,[新聞] 雲豹能源將提供美光科技「5億度綠電」！,93
2022/7/19,[新聞] 「雞蛋缺很大」日缺百萬顆以上 明起雞蛋,100
2022/7/19,[情報] 2454 聯發科 澄清媒體報導報導,41
2022/7/19,[新聞] SK 海力士傳清州擴產案急踩煞車，因前,5
2022/7/19,[新聞] 葉倫：聯手盟邦 盼終結對中國稀土等依賴,10
2022/7/19,[新聞] 馬斯克：已把大腦上傳雲端 和虛擬自己對,100
2022/7/19,[情報] 3357台慶科 決議買回庫藏股,72
2022/7/19,[情報] 111年07月19日 三大法人買賣金額統計表,60
2022/7/19,[情報] 0719 上市投信買賣超排行,29
2022/7/19,[新聞] 半導體大廠拆地雷各自出招英特爾 marvel,10
2022/7/19,Re: [新聞] 謝孟恭:每次大家叫你跑，你不要跑就對了,45
2022/7/19,[新聞] 歐盟執委會核准歐洲共同利益重要項目為發,4
2022/7/19,[新聞] 富二代炒股「月成交2億」嚇到公司派,99
2022/7/19,[閒聊] 2022/07/19 盤後閒聊,28
2022/7/19,Re: [標的] 2002.TW 中鋼 幾年解套實驗(燕)多,8
2022/7/19,[新聞] 台股收盤》塑化、航運、紡織撐盤 指數跌2,2
2022/7/19,[心得] 本日900豆腐整理,38
2022/7/19,[新聞] 上海GDP第二季萎縮近14％,31
2022/7/19,[新聞]  三星Q3對聯電投產不減反增,11
2022/7/19,[新聞] 葉倫：美國太依賴台積電，突顯南韓晶片產,100
2022/7/19,Re: [新聞] 陳勝宏：全台恐掀建商資金斷鏈潮,12
2022/7/19,Re: [新聞] 公司治理100指數 成分股大汰換30檔,3
2022/7/19,Re: [請益] 網紅吸金代操的合法性,9
2022/7/19,[新聞] 工商時報 - 中信金 銀行獲利挹注,7
2022/7/19,[新聞] 謝孟恭:每次大家叫你跑，你不要跑就對了,100
2022/7/19,[新聞] 《DJ在線》三大條件已到位，自行車旺季可,9
2022/7/19,[新聞] 貨櫃三雄最後除息秀將登場 萬海盤中強漲,30
2022/7/19,[新聞] 力積電目標價 外資大砍,54
2022/7/19,[新聞] 美晶片法案補助廠商 10年內禁在中國投資,74
2022/7/19,Re: [請益] 網紅吸金代操的合法性,28
2022/7/19,[心得] 00915 VS 同類型高股息討論,27
2022/7/19,[新聞] IBM Q2佳 但下調今年自由現金流預期 盤,3
2022/7/19,Re: [新聞] 陳勝宏：全台恐掀建商資金斷鏈潮,39
2022/7/19,[新聞] 特斯拉和新興電動車廠商正透過重組和縮,20
2022/7/19,Re: [新聞] 陳勝宏：全台恐掀建商資金斷鏈潮,41
2022/7/19,[情報] 葉倫參觀LG科技園區,17
2022/7/19,Re: [新聞] 陳勝宏：全台恐掀建商資金斷鏈潮,20
2022/7/19,[新聞] 主管賣股 力積電：繳稅用,52
2022/7/19,[閒聊] 2022/07/19 盤中閒聊,99
2022/7/19,[新聞] 陳勝宏：全台恐掀建商資金斷鏈潮,71
2022/7/19,[新聞] 清零再破功 中國逾20省市 封鎖2.64億人,85
2022/7/19,[新聞] 如興董座爆空窗 營運惹議,9
2022/7/19,[新聞] 亞泥中國預警 上半年獲利恐年減七成,25
2022/7/19,Re: [請益] 零股一點問題,5
2022/7/19,[新聞] 蘋果公司傳計劃削減支出 美國股市收盤,40
2022/7/19,Re: [新聞] 公司治理100指數 成分股大汰換30檔,25
2022/7/18,[情報] 2743山富 決議辦理現金增資發行新股,23
2022/7/18,[請益] 美股這種漲法是反彈還是築底反轉,95
2022/7/18,[新聞] 贏不了台積電火大 中國抓中芯前獨董解氣,61
2022/7/18,[標的] NVDA 討論,40
2022/7/18,[情報] 111年07月18日信用交易統計,36
2022/7/18,[心得] 盤後資料整理(Excel格式),12
2022/7/18,Re: [新聞] 美國政府除在地外包生產外也力推「友岸外,7
2022/7/18,[新聞] PC市場波動 大摩砍華碩、宏碁目標價,18
2022/7/18,Re: [標的] 6477.TW 安集 多,9
2022/7/18,[新聞] 〈矽晶圓產業修正〉晶圓代工客戶需求放緩,15
2022/7/18,[新聞] 台積電擬發行139億元綠債 支應綠建築及,14
2022/7/18,[新聞] 晶片法案19日有望表決　市場關注台積電,33
2022/7/18,[新聞] 公司治理100指數 成分股大汰換30檔,36
2022/7/18,[新聞] 貨櫃新船攀高 恐掀價格戰,58
2022/7/18,[新聞] 公平待客評比 合庫再傳捷報,9
2022/7/18,[新聞] 台積電帶動炒房效應　高雄新市鎮6年一坪,41
2022/7/18,[新聞] 長榮國際改版官網 創社群「長榮聯誼會」,21
2022/7/18,[情報] 0718 上市櫃外資投信同買排行,4
2022/7/18,[新聞] 鑽石生技25日登興櫃市場 本周四舉行掛牌,36
2022/7/18,[情報] 0718八大公股銀行買賣超排行,19
2022/7/18,[請益] 同價位、不同券商連續多日相同交易量？,5
2022/7/18,[情報] 0718 上市櫃外資投信買超金額排行,2
2022/7/18,Re: [標的] 00900.TW富邦特選高股息 根據規則整理有機會入選之股票,27
2022/7/18,[新聞] 美國政府除在地外包生產外也力推「友岸外,18
2022/7/18,[情報] 韓國政府跨部會批評大宇造船工會非法罷,20
2022/7/18,[情報] 00900成分股審核結果,100
2022/7/18,Re: [新聞] 賓士提告侵權判賠 帝寶：政府速立維修零,7
2022/7/18,[新聞] 19歲男請友操盤股票　慘賠18萬怒了！撂人,70
2022/7/18,Re: [請益] 零股一點問題,4
2022/7/18,[新聞] 新生意來了！福斯自研晶片將委託台積電代,51
2022/7/18,[新聞] 數位轉型正重塑金融體系,4
2022/7/18,[請益]  大家今年股利都如何節稅？,54
2022/7/18,[請益] 中國經濟真的能賺錢?,10
2022/7/18,[新聞] 力積電13名高階主管 5、6月出脫上千張持,100
2022/7/18,Re: [新聞] 賓士提告侵權判賠 帝寶：政府速立維修零,10
2022/7/18,[請益] 零股一點問題,16
2022/7/18,[情報] 0718 上市外資買賣超排行,33
2022/7/18,[標的] 2467 志聖 多個券商秘密買進中!!,8
2022/7/18,[情報] 韓國執政黨目標調降所得稅 檢討房屋稅,22
2022/7/18,[新聞] 賓士提告侵權判賠 帝寶：政府速立維修零,14
2022/7/18,[情報] 111年07月18日 櫃買法人買賣金額統計表,12
2022/7/18,[新聞] 中國新增本土病例逾500起 上海九區開展全,99
2022/7/18,[情報] 111年07月18日 三大法人買賣金額統計表,71
2022/7/18,[情報] 0718 上市投信買賣超排行,52
2022/7/18,[新聞] 訂單回流、三大法人買超 榮剛領上櫃航太,2
2022/7/18,[情報] 2002 中鋼 6月份自結合併營收及稅前盈餘,33
2022/7/18,[閒聊] 2022/07/18 盤後閒聊,54
2022/7/18,[新聞] G20會議在沒有完全共識下結束,37
2022/7/18,Re: [標的] 頎邦6147.TW 還有救嗎？別人漲就他不漲！,28
2022/7/18,Re: [新聞] 俄氣停止另一台對北溪天然氣管道的機器,6
2022/7/18,Re: [新聞] 連2天當沖慘賠！他補不回186萬+股票違約,13
2022/7/18,[新聞] 通膨加疫情 中研院經濟預測下修至3.52%,9
2022/7/18,Re: [新聞] 韓國經濟被台灣反超？謝金河：文在寅不,13
2022/7/18,[新聞] 富邦獨董爭議、尹崇堯南山人壽董座案、又,12
2022/7/18,[新聞] 韓國經濟被台灣反超？謝金河：文在寅不,58
2022/7/18,[新聞] 動滋健身券網路登記開跑 30萬名額22日抽,29
2022/7/18,[新聞] 美國汽油價格連跌 33 天，美能源特使稱 O,35
2022/7/18,[新聞] 富邦媒中元業績年增突破三成 股價再創,16
2022/7/18,[標的] 2633台灣高鐵 多,2
2022/7/18,[新聞] 台積電畢業又回頭All in！老手見「7位數,37
2022/7/18,[新聞] 航運業：需求還是很滿,41
2022/7/18,[新聞] 台積電法說打臉「烏鴉」法人：短線有望上,21
2022/7/18,[新聞] 除了做多還是做多　華爾街和避險基金全,13
2022/7/18,[新聞] 力積電長約客戶願付違約金　外資：銅鑼新廠轉盈要待2025年,64
2022/7/18,[新聞] 傳俄在台兜售低價鋼品 中鋼：搜集事證,27
2022/7/18,Re: [新聞] 亞洲「鴿派」央行備受考驗 台灣央行也在,13
2022/7/18,[新聞] 東陽獲利催油門 外資目標價新高,11
2022/7/18,Re: [標的] 狙擊國安基金短多加碼空,0
2022/7/18,[閒聊] 2022/07/18盤中閒聊,100
2022/7/18,Re: [請益] 網紅吸金代操的合法性,0
2022/7/18,[新聞] 面板業虧損開第1槍 外資曝友達、群創下場,15
2022/7/18,[新聞]美晶片法案即將表決 眾院議長裴洛西大買N,100
2022/7/18,Re: [請益] 網紅吸金代操的合法性,7
2022/7/18,[新聞] 國安撐盤、美股強漲 台股蓄勢戰萬五,7
2022/7/18,[新聞] 連2天當沖慘賠！他補不回186萬+股票違約,70
2022/7/18,Re: [新聞] 亞洲「鴿派」央行備受考驗 台灣央行也在,5
2022/7/18,[新聞] Fed本月升3碼 應不會有意外,36
2022/7/17,Re: [新聞] 零售數據超預期！美股開盤大漲 道瓊強彈,9
2022/7/17,Re: [新聞] 蒙格鎩羽而歸？阿里巴巴持股砍半,9
2022/7/17,[新聞] 零售數據超預期！美股開盤大漲 道瓊強彈,18
2022/7/17,[新聞] 日友二大新廠 挹注營運,1
2022/7/17,[新聞] 中國學者指官方經濟成長目標不切實際 建,23
2022/7/17,[新聞] 企業繳稅王 台積五度蟬聯,9
2022/7/17,Re: [標的] 2409 友達,100
2022/7/17,[新聞] 台積500以下撿甜甜價?專家曝2時機閉眼買,29
2022/7/17,Re: [新聞] 亞洲「鴿派」央行備受考驗 台灣央行也在,11
2022/7/17,[心得] 本周Fed與機構觀點整理分享：朝三暮四,66
2022/7/17,Re: [新聞] 亞洲「鴿派」央行備受考驗 台灣央行也在,7
2022/7/17,Re: [新聞] 亞洲「鴿派」央行備受考驗 台灣央行也在,58
2022/7/17,[標的] 大盤 空,29
2022/7/17,[新聞] FT：各國央行大幅升息以支持匯率及對抗通,41
2022/7/17,[新聞] 數位車牌獲美國多州核可電子紙應用再添想,32
2022/7/17,[新聞] 獨／打炒房三禁令發威 小建商面臨困境急,27
2022/7/17,[新聞] 3個現象示警 空運運價有轉弱疑慮,16
2022/7/17,[新聞] 股市小白「畢業文」愈來愈多！　凱基證,23
2022/7/17,[情報] 韓國4億韓元以下房屋9月採固定利率,51
2022/7/17,[創作] 股神買股票,0
2022/7/17,Re: [請益] 網紅吸金代操的合法性,4
2022/7/17,Re: [請益] 網紅吸金代操的合法性,100
2022/7/17,[新聞] 太陽能風力發電少 台積電能靠誰？,65
2022/7/17,[新聞] 亞洲「鴿派」央行備受考驗 台灣央行也在,31
2022/7/17,[標的] 8928 鉅明 吞球多,23
2022/7/17,Re: [標的] 派對咖孔明概念股  3224三顧  6542隆中,100
2022/7/17,Re: [請益] 網紅吸金代操的合法性,36
2022/7/17,[新聞] 00900將在8月首度配息,38
2022/7/17,Re: [請益] 網紅吸金代操的合法性,0
2022/7/17,Re: [請益] 網紅吸金代操的合法性,11
2022/7/17,[新聞] 《百貨股》特力屋宜蘭展店 特力衝刺雙通,5
2022/7/17,[情報] 韓國政府鼓勵銀行減免弱勢最多90%債務本,14
2022/7/17,Re: [新聞] 2個月內鋼筋每噸再漲8千元　建商嘆：採,16
2022/7/17,Re: [請益] 網紅吸金代操的合法性,100
2022/7/17,[新聞] 升息重創壽險業？ 保險局︰長期有利,15
2022/7/17,[公告] 0717 警告 水桶 多人,7
2022/7/17,Re: [心得] 空頭下的風險意識-2,28
2022/7/17,[新聞] 長榮斥資約17.46億元 訂造1.18萬只貨櫃,26
2022/7/17,[新聞] 搶商機！陽明1.1萬 TEU新船投入美西航線,31
2022/7/16,[新聞] 大立光暗示明年iPhone鏡頭升級,45
2022/7/16,[新聞] 台積後市 12大外資齊唱多,50
2022/7/16,[心得] 關於 美國頁岩油 的真相,18
2022/7/16,[情報] 加拿大央行預測6月通膨略高於8%,17
2022/7/16,[新聞] 台積電6月市值驟降2兆元　8主管逆勢加碼,13
2022/7/16,[新聞] 2個月內鋼筋每噸再漲8千元　建商嘆：採,72
2022/7/16,[標的] 2542.TW 興富發 討論,5
2022/7/16,Re: [新聞] 拜登離開阿拉伯，沒有宣布關於石油的計畫,51
2022/7/16,[新聞] 2大利空罩頂 外資狂拋金控股,78
2022/7/16,[新聞] 拜登離開阿拉伯，沒有宣布關於石油的計畫,100
2022/7/16,Re: [請益] 美國CPI公布9.1市場似乎都沒有向下的反應,24
2022/7/16,[標的] 2330台積電500以上空,0
2022/7/16,Re: [請益] 國安基金真的進場了？,5
2022/7/16,Re: [請益] 網紅吸金代操的合法性,100
2022/7/16,Re: [請益] 美國CPI公布9.1市場似乎都沒有向下的反應,9
2022/7/16,[新聞] 7億違約交割當沖客慘賠 黃天牧：年輕人,52
2022/7/16,[新聞] 郭哲榮加碼千萬買0050 高喊從虧轉盈了！,26
2022/7/16,[新聞] 烏克蘭：小摩、匯豐、花旗已犯「戰爭罪」,56
2022/7/16,Re: [請益] 網紅吸金代操的合法性,8
2022/7/16,[請益] 網紅吸金代操的合法性,85
2022/7/16,Re: [請益] 美國CPI公布9.1市場似乎都沒有向下的反應,20
2022/7/16,[請益] 美國CPI公布9.1市場似乎都沒有向下的反應,99
2022/7/16,[情報] 7月 - 美股超級財報週(圖多),61
2022/7/16,[新聞] 謝金河估下半年萬四徘徊：下檔不會太深,99
2022/7/16,Re: [新聞] 特斯拉AI負責人辭職！馬斯克全自駕夢添變,15
2022/7/16,Re: [新聞] 晶片「供過於求」太恐怖！大老闆1通電話,16
2022/7/16,[新聞] 國安基金護盤有沒效 謝金河曝最關鍵指標,0
2022/7/16,[標的] 6547高端疫苗 巴拉圭3期做完了?,47
2022/7/16,Re: [情報] 韓元兌美金跌至1326：1,29
2022/7/16,[新聞] 晶片「供過於求」太恐怖！大老闆1通電話,72
2022/7/16,[新聞] 民調：僅18%認為拜登應選連任 64%認為只,54
2022/7/16,[新聞] 中鋼8月內銷盤價 全面下殺,47
2022/7/16,[新聞] 特斯拉AI負責人辭職！馬斯克全自駕夢添變,45
2022/7/16,[新聞] 台積電 20家內外資按讚,38
2022/7/16,[新聞] 外資大撤退 台幣將測30關,40
2022/7/16,[創作]蛙A心內有針,14
2022/7/16,Re: [心得] 護盤可以不只專注台積電嗎?,12
2022/7/16,[新聞] 中國第2季GDP年增0.4% 官方：達全年5.5%,43
2022/7/16,Re: [請益] 所以國安基金到底是怎麼做到的？,11
2022/7/16,[創作] OREA,8
2022/7/15,[情報] 馬斯克:通膨放緩可能讓特斯拉降價,22
2022/7/15,Re: [標的] 6477.TW 安集 多,3
2022/7/15,[新聞] 美6月零售銷售數據告捷 主要指數開高,46
2022/7/15,[請益] 所以國安基金到底是怎麼做到的？,97
2022/7/15,[新聞] 塞港夢魘 美西德國港口大罷工 物流業慌了,32
2022/7/15,[新聞] 合庫金：台股此時便宜 已買超一陣子,35
2022/7/15,[心得] 盤後資料整理(Excel格式),5
2022/7/15,[情報]  1304 台聚 廢氣處理設備發生爐管破裂,10
2022/7/15,[新聞] 受邀赴法投資？力積電：現重心仍在台灣,8
2022/7/15,[情報] 111年07月15日信用交易統計,31
2022/7/15,[新聞] 可成驚爆內鬼 帶槍投靠中國立訊14人被起,46
2022/7/15,[新聞] 如何救PChome慘澹獲利？「核能美男子」,-10
2022/7/15,[新聞] 封城重創經濟！上海第2季GDP大減13.7%,43
2022/7/15,[新聞] 難敵市場走勢 最大NFT交易平台裁員2成,27
2022/7/15,[新聞] 繼歐元後下一個換它在美元面前倒下！　將,21
2022/7/15,[新聞] 升上癮 菲央行8月恐再升息,45
2022/7/15,[標的] 3167 大量,17
2022/7/15,[請益] 台幣貶值有好處的公司,65
2022/7/15,[新聞] 狂傳「有急事找你」垃圾訊息恐觸法！,39
2022/7/15,[請益] 國安基金買0050是否會放大效益?,30
2022/7/15,[情報] 0715八大公股銀行買賣超排行,35
2022/7/15,Re: [新聞] 純貨機暴利已結束、客運獲利不足以彌補,31
2022/7/15,Re: [標的] 大盤多,0
2022/7/15,[標的] 大盤 短打空,40
2022/7/15,[情報] 0715 上市櫃外資投信同買排行,3
2022/7/15,Re: [請益] 法拉蒂股票推銷 阿嬤退休金詐騙沒了,58
2022/7/15,[情報] 2323中環處分台積電股票,74
2022/7/15,[請益] 法拉蒂股票推銷 阿嬤退休金詐騙沒了,48
2022/7/15,[情報] 0715 上市櫃外資投信買超金額排行,3
2022/7/15,[新聞] 鴻海投資紫光未事先申請恐被罰款2500萬,35
2022/7/15,[情報] 1529樂士 更名 樂事綠能科技股份有限公司,61
2022/7/15,[新聞] 庫存調整風暴襲擊 力積電：未來2季產能利,77
2022/7/15,[情報] 2206三陽工業 第十四次買回庫藏股情形,14
2022/7/15,[新聞] 快訊 全聯宣布 正式併購大潤發,84
2022/7/15,[新聞] 群聯擬買回1萬張庫藏股 轉讓員工,14
2022/7/15,[新聞] Wing正研發能夠處理更重貨物的大型遞送無,0
2022/7/15,[情報] 8440 綠電代子公司公告處分有價證券(台積,7
2022/7/15,[情報] 111年07月15日 櫃買法人買賣金額統計表,12
2022/7/15,[情報] 0715 上外資買賣超排行,81
2022/7/15,Re: [新聞] 純貨機暴利已結束、客運獲利不足以彌補,13
2022/7/15,[標的] 8183 精星 多,13
2022/7/15,[新聞]美財政部：批准與俄羅斯進行食品化肥交易,96
2022/7/15,[創作] 還在流浪,5
2022/7/15,[情報] 韓元兌美金跌至1326：1,67
2022/7/15,[情報] 111年07月15日 三大法人買賣金額統計表,99
2022/7/15,[新聞] 遜於預期！中國公佈第2季GDP年增0.4％,28
2022/7/15,[情報] 0715 上市投信買賣超排行,29
2022/7/15,[新聞] 中國第二大面板集團TCL預告Q2轉虧 面板,27
2022/7/15,[新聞] 台積電500元快到了 法人曝壓力價可能落在,28
2022/7/15,[創作] 套,6
2022/7/15,[新聞] 中鋼8月份內銷盤價大降 平均降幅5.61％,26
2022/7/15,[新聞] 因自家Exynos晶片性能表現翻車，傳三星將,84
2022/7/15,[閒聊] 2022/07/15 盤後閒聊,53
2022/7/15,[新聞] 歐盟投資18億歐元支持創新潔淨能源技術,2
2022/7/15,[新聞] 壽險公司首創減重保險 減肥成功可折減保費,21
2022/7/15,[情報] 8299群聯公告董事會決議買回本公司股份,29
2022/7/15,[請益] 現在才是買股票的好時機吧,29
2022/7/15,Re: [標的] 台積 技術反彈多,0
2022/7/15,[標的] 3034.TW 聯詠 跟台積講得怎麼差這麼多,27
2022/7/15,[新聞] 葉倫：俄羅斯應對全球經濟問題負責,99
2022/7/15,[標的] SOXL 利空不跌多,12
2022/7/15,[新聞] 黃天牧揭台股上漲仍出招原因 救市退場時,14
2022/7/15,[新聞] 來客少五成 賴正鎰：不需用打房來騙選票,36
2022/7/15,[新聞] 防疫險賠大了 和泰產賣樓又現增,46
2022/7/15,[新聞] 魏哲家：台積全年產能 維持「緊繃狀態」,64
2022/7/15,Re: [標的] 狙擊國安基金短多加碼空,0
2022/7/15,[新聞] 三商壽最大籌資 現增10億股,41
2022/7/15,"[新聞]「就在這天，我加碼1,000萬買0050」郭哲榮",82
2022/7/15,[新聞] 純貨機暴利已結束、客運獲利不足以彌補,45
2022/7/15,[新聞] 「3碼幅度很大了！」Fed鷹派官員淡化升,72
2022/7/15,[閒聊] 2022/07/15 盤中閒聊,100
2022/7/15,[新聞] 2511太子建設清餘屋 從零開始轉型,97
2022/7/15,Re: [請益] 二年期十年期美債殖利率倒掛擴大 大崩,9
2022/7/15,[新聞] 台積電法說會釋佳音 五外資券商喊買,42
2022/7/15,Re: [情報] 20220714 2330 台積電 Q2 法說會,11
2022/7/15,Re: [標的] 狙擊國安基金短多加碼空,4
2022/7/15,[標的] 6285 啓碁,15
2022/7/15,Re: [請益] 二年期十年期美債殖利率倒掛擴大 大崩,12
2022/7/15,Re: [請益] 二年期十年期美債殖利率倒掛擴大 大崩,30
2022/7/15,[新聞]賓士跨海告台廠侵害專利帝寶判賠1812萬,18
2022/7/15,[請益] 想請教一下大股東持股明細的問題,6
2022/7/14,[新聞] WSJ:BABA高層因阿里雲洩密案被調查,6
2022/7/14,[情報] 6446藥華藥決議辦理現金增資發行新股,94
2022/7/14,"[新聞] 新普前5月獲利維持正成長,大賺近1.5個股",10
2022/7/14,Re: [請益] 國安基金真的進場了？,1
2022/7/14,[情報] 現在的台幣匯率已經快貶破30,100
2022/7/14,[新聞] 房市反轉前兆？第2季新屋推案量 較上季蒸,88
2022/7/14,[新聞] 知名生技大廠爆內線交易　前律師獨董洩利,17
2022/7/14,[新聞] 面板業遇逆風 又一外資大砍雙雄目標價,50
2022/7/14,Re: [請益] 國安基金真的進場了？,9
2022/7/14,[新聞] 道瓊早盤殺逾600點！CPI太強 投資人擔聯,100
2022/7/14,Re: [請益] 國安基金真的進場了？,3
2022/7/14,[情報] 111年07月14日信用交易統計,31
2022/7/14,[心得] 盤後資料整理(Excel格式),4
2022/7/14,[新聞] 美國6月PPI年升11.3%超預期 通膨仍持續,26
2022/7/14,[新聞] 鐵礦砂跌破100美元 大陸拒繳房貸潮引發,38
2022/7/14,[新聞] 被防疫保單害慘！和泰產防疫險恐賠逾150,72
2022/7/14,[新聞] 美元大漲日，股市凶險時！謝金河看台股「,9
2022/7/14,Re: [心得] 從巨人沃克談到政客鮑威爾,9
2022/7/14,[新聞] 美國CPI衝9.1%！謝金河見1反應:見曙光的,59
2022/7/14,[標的] 00692.TW富邦公司治理100心得,23
2022/7/14,Re: [請益] 國安基金真的進場了？,9
2022/7/14,[新聞] 韓航運龍頭砸百億美元，貨櫃運能增近5成,49
2022/7/14,Re: [標的] 大立光只做鏡頭為何可以做到毛利50趴,2
2022/7/14,[情報] 2323中環及2338光罩 處分有價證券,5
2022/7/14,[新聞] 郭哲榮加碼1千萬買進0050！聲稱秒賺20萬,79
2022/7/14,[新聞] 中華信評估央行到今年底再升1碼 今年CPI,52
2022/7/14,[新聞] 漢翔營運射三箭 民用、軍機業務年增看雙,10
2022/7/14,[新聞] 劉德音：台積電美國廠成本高於預期，無合,100
2022/7/14,Re: [新聞] 購屋者集體拒還房貸 中國房市危機加,89
2022/7/14,[新聞] 美方請韓方8月底前告知是否加入晶片聯盟,42
2022/7/14,[情報] 0714八大公股銀行買賣超排行,35
2022/7/14,Re: [情報] 20220714 2330 台積電 Q2 法說會,13
2022/7/14,Re: [情報] 20220714 2330 台積電 Q2 法說會,35
2022/7/14,[標的] 大立光只做鏡頭為何可以做到毛利50趴以上,22
2022/7/14,[請益] 金像電:公告減資基準日,15
2022/7/14,[情報] 0714 上市櫃外資投信買超金額排行,6
2022/7/14,[新聞] 大立光估7 8月業績逐月走高 高階需求仍弱,26
2022/7/14,[新聞] 〈台積電法說〉設備交期拉長部分金額遞,43
2022/7/14,[新聞] 魏哲家：半導體庫存修正需數季 台積電明,77
2022/7/14,[新聞] 金管會跟進國安基金！　祭兩大招穩股市,74
2022/7/14,[情報] 6770力積電 公告召開2022年第二季法說會,20
2022/7/14,[情報] 6605 帝寶,14
2022/7/14,[情報] 0714 上市外資買賣超排行,69
2022/7/14,"[新聞] 高股息ETF受益人逾162萬創新高！ 規模擴張33%破2,400億元",31
2022/7/14,[新聞] 陳冲不解台股為何要護盤！　4問國安基金,100
2022/7/14,[創作] 但願人長久,49
2022/7/14,[情報] 111年07月14日 櫃買法人買賣金額統計表,14
2022/7/14,[情報] 2867三商壽 決議辦理現金增資發行普通股,45
2022/7/14,[情報] 0714 上市投信買賣超排行,28
2022/7/14,[新聞] 〈大立光法說〉第二季毛利率回升 EPS 37.,49
2022/7/14,[標的] 3062建漢大盤止穩all in 短多,10
2022/7/14,[情報] 111年07月14日 三大法人買賣金額統計表,78
2022/7/14,[標的] 台積電 2330,-10
2022/7/14,[新聞] 美國首批單一個股ETF上市 SEC警告：這些產品不適合散戶,47
2022/7/14,[新聞] 法國總統馬克宏親邀力積電投資,100
2022/7/14,Re: [心得] 從巨人沃克談到政客鮑威爾,8
2022/7/14,[新聞] 菲律賓央行閃電升息75個基點 基準利率達3,100
2022/7/14,[閒聊] 2022/07/14 盤後閒聊,40
2022/7/14,Re: [新聞] 購屋者集體拒還房貸 中國房市危機加,5
2022/7/14,[情報] 20220714 2330 台積電 Q2 法說會,99
2022/7/14,[情報] 2330台積電 Q2 EPS 9.14,100
2022/7/14,[請益] 要怎麼訓練自己膽大心細,74
2022/7/14,[新聞] 中國遊戲股迎春燕 當局對遊戲產業審查曝鬆綁跡象,18
2022/7/14,Re: [請益] 國安基金真的進場了？,35
2022/7/14,Re: [情報] 韓國預估年底國家赤字110.8兆韓元,25
2022/7/14,Re: [新聞] 購屋者集體拒還房貸 中國房市危機加,97
2022/7/14,[新聞] 加拿大央行一口氣升息4碼抗通膨　1998年,24
2022/7/14,[請益] 月線壓制vs國安基金,41
2022/7/14,[請益] 國安基金真的進場了？,99
2022/7/14,[請益] 錨點出現了嗎,21
2022/7/14,[新聞] Google今年剩餘時間招聘將放緩,9
2022/7/14,[新聞] 國安基金效應沒失靈！台股急拉逾200點,32
2022/7/14,Re: [新聞] 購屋者集體拒還房貸 中國房市危機加,35
2022/7/14,[心得] 能放長跟單國安基金進場基本上很難賠錢,37
2022/7/14,Re: [標的] 狙擊國安基金短多加碼空,0
2022/7/14,[標的] 2482 連宇 盤中直飆還有機會嗎?,8
2022/7/14,[請益] 二年期十年期美債殖利率倒掛擴大 大崩,25
2022/7/14,[情報] 韓國預估年底國家赤字110.8兆韓元,87
2022/7/14,[新聞] 中壽83.5億 買精英電腦大樓,29
2022/7/14,[標的] 4195基米 台版sava阿茲海默20倍多,3
2022/7/14,[新聞] 顏益財：長榮 陽明現在閉著眼睛進場穩賺,62
2022/7/14,Re: [新聞] 購屋者集體拒還房貸 中國房市危機加,55
2022/7/14,[新聞] 誤會了！魏哲家等台積電高層是配股非買,30
2022/7/14,[新聞] 晶片市況不一 射頻IC顯卡慘 蘋概車用佳,1
2022/7/14,[閒聊] 2022/07/14盤中閒聊,100
2022/7/14,[新聞] 美6月通膨爆表 市場估7月升息4碼機率逾7,36
2022/7/14,[新聞] 鴻海集團入股紫光 經部提醒依規申請,30
2022/7/14,[新聞] 國安基金宣布護盤　八大行庫卻賣超,85
2022/7/14,[心得] 從巨人沃克談到政客鮑威爾,30
2022/7/14,Re: [標的] 台積 技術反彈多,5
2022/7/14,[新聞] 國安基金護盤順風車／金控股全漲！躍市,7
2022/7/14,[新聞] 晶片廠大投資 宏碁示警,13
2022/7/14,Re: [請益] 為何CPI創新高 美股卻開紅盤?,34
2022/7/14,Re: [請益] 對岸的金融擠兌會燒到台灣金融股嗎,29
2022/7/14,[創作] 我愛糖漿,3
2022/7/14,Re: [請益] 為何CPI創新高 美股卻開紅盤?,0
2022/7/14,Re: [請益] 為何CPI創新高 美股卻開紅盤?,1
2022/7/14,Re: [請益] 為何CPI創新高 美股卻開紅盤?,14
2022/7/14,Re: [請益] 為何CPI創新高 美股卻開紅盤?,21
2022/7/14,Re: [請益] 國安基金到底是好人還是壞人？,6
2022/7/14,Re: [新聞] 「就像衛生紙囤貨潮！」 美國晶片突由短,42
2022/7/14,Re: [新聞] 1台幣換4.6日圓 日幣持續走貶創25年新低,10
2022/7/13,[標的] 6477.TW 安集 多,28
2022/7/13,[新聞] 購屋者集體拒還房貸 中國房市危機加速向,100
2022/7/13,Re: [請益] 為何CPI創新高 美股卻開紅盤?,34
2022/7/13,[新聞] 自製率約4成 國造潛艦 最快明年6月下水,36
2022/7/13,[標的] 8222寶一,13
2022/7/13,[請益] 為何CPI創新高 美股卻開紅盤?,98
2022/7/13,[新聞] 即飲雞尾酒市場大 可樂業者也想分一杯羹,11
2022/7/13,[新聞] 1台幣換4.6日圓 日幣持續走貶創25年新低,21
2022/7/13,[新聞] 陽明股價重挫 港務公司暫停賣股,20
2022/7/13,[新聞] 前股王矽力*-KY新股上市 首日跳空跌停,8
2022/7/13,"[新聞] 台指期夜盤盤中跌逾百點 觸及14,101點",22
2022/7/13,Re: [情報] 美國CPI,8
2022/7/13,[新聞] 巧合？台積電最後一盤單量現驚人數字,23
2022/7/13,[新聞] OPEC月報2023年石油市場吃緊仍難緩解,20
2022/7/13,Re: [請益] 國安基金到底是好人還是壞人？,1
2022/7/13,[新聞] 宏碁提早嗅到市場轉變 陳俊聖：供應商還,51
2022/7/13,[新聞] 6位主管2個月賣股近500張 聯電：個人理財,49
2022/7/13,[新聞] 美國6月CPI再暴衝創逾40年新高　道瓊期,84
2022/7/13,[情報] 111年07月13日信用交易統計,44
2022/7/13,Re: [新聞] 驅動IC運到三星又運回？聯詠：傳言太戲劇,29
2022/7/13,[情報] 市場預測FED升息四碼機率大增,100
2022/7/13,[新聞] 「就像衛生紙囤貨潮！」 美國晶片突由短,61
2022/7/13,[心得] 盤後資料整理(Excel格式),4
2022/7/13,[情報] 美國CPI,100
2022/7/13,[新聞] 漢翔、裕隆 瞄準長天期,8
2022/7/13,[公告] 07/13 處置公告,19
2022/7/13,[新聞] 微軟加入美企裁員行列 宣布小幅裁員計畫,13
2022/7/13,[新聞] 國安基金急轉彎護盤原因　操盤手阮清華一次說清楚,65
2022/7/13,[情報] 愛榭克：美股關鍵買點浮現 Q3絕地大反攻,12
2022/7/13,[情報] 0713 上市櫃外資投信同買排行,4
2022/7/13,[情報] 0713 上市櫃外資投信買超金額排行,7
2022/7/13,[新聞] 塞港問題難解決 馬士基開發新航線,18
2022/7/13,[新聞] 女股神：Fed犯錯使美股崩跌 將很快被迫轉,42
2022/7/13,[新聞] 6月亞洲輸美貨櫃量連24個月增長 運費續降,19
2022/7/13,[新聞] 〈財報〉消費者需求強勁 達美航空預計全,1
2022/7/13,[新聞] 美西三大港口司機宣布罷工，長灘碼頭部,55
2022/7/13,Re: [新聞] 驅動IC運到三星又運回？聯詠：傳言太戲劇,9
2022/7/13,[情報] 【111年半年報】金控含銀行累績EPS排行,36
2022/7/13,[新聞] 三商美邦內湖大樓 中國人壽以83.5億得標,17
2022/7/13,[新聞] 驅動IC運到三星又運回？聯詠：傳言太戲劇,26
2022/7/13,[情報] 0713八大公股銀行買賣超排行,58
2022/7/13,Re: [新聞] Gogoro遭美做空機構點名狙擊,8
2022/7/13,[新聞] 數字不會說謊！7成美國人認經濟衰退將來,42
2022/7/13,[情報] 2834臺企銀 8/1除權息交易日,40
2022/7/13,[情報] 獨家美股中文資料庫分享,45
2022/7/13,Re: [標的] 頎邦6147.TW 還有救嗎？別人漲就他不,11
2022/7/13,[新聞] Gogoro遭美做空機構點名狙擊,76
2022/7/13,[標的] 頎邦6147.TW 還有救嗎？別人漲就他不漲！,59
2022/7/13,[新聞] 國安基金護盤太早？合庫金董座雷仲達：信心因素,25
2022/7/13,[情報] 0713 上市外資買賣超排行,68
2022/7/13,[新聞] 正式公布前一天美6月通膨率假訊息網路瘋,61
2022/7/13,[新聞] 護盤！國安基金入場 4次都挑這10檔股票,19
2022/7/13,[新聞] 電動車領跑綠色汽車市場，其他碳中和汽,2
2022/7/13,[新聞] 爸媽當心！宏達電攜手公視 暑期推出12款「妖果小學限量NFT」,66
2022/7/13,[情報] 111年07月13日 櫃買法人買賣金額統計表,25
2022/7/13,[情報] 0713 上市投信買賣超排行,36
2022/7/13,[情報] 111年07月13日 三大法人買賣金額統計表,100
2022/7/13,[創作] 約定,11
2022/7/13,[請益] 暫停先賣後買股票當日沖銷的問題,7
2022/7/13,[新聞] 能源分析師：油價恐飆升逾150美元,47
2022/7/13,[創作] 愛你,100
2022/7/13,[創作] 缺口,8
2022/7/13,[閒聊] 2022/07/13 盤後閒聊,55
2022/7/13,[新聞] IMF下調美國GDP增長預期,12
2022/7/13,[新聞] 劉泰英：金融風暴已來襲 中國會有銀行倒,29
2022/7/13,Re: [新聞] 資金拉緊報 央行定存單減兆元,10
2022/7/13,[新聞] 政院：國安基金護盤基於專業考量,75
2022/7/13,Re: [新聞] 資金拉緊報 央行定存單減兆元,6
2022/7/13,[新聞]佛奇:若你第一波感染Omicron，現抗體不足,43
2022/7/13,Re: [新聞] 台積電又被美國員工吐槽！ 「把我們當中,9
2022/7/13,Re: [新聞] 加拿大將罕見升息3碼 1998年來最大幅,32
2022/7/13,[新聞] 柏文6月營收回升 H2增溫可期,4
2022/7/13,Re: [新聞] 資金拉緊報 央行定存單減兆元,10
2022/7/13,[新聞] 歐元兌美元近20年來首次跌破平價 後市將,11
2022/7/13,Re: [新聞] 台積電又被美國員工吐槽！ 「把我們當中,17
2022/7/13,[請益] 央行下半年可能降息嗎,18
2022/7/13,[請益] 國安基金是不是護到小兒了？,76
2022/7/13,Re: [新聞] 資金拉緊報 央行定存單減兆元,34
2022/7/13,Re: [新聞] 慘！新制勞退基金截至5月底每人已賠1.2萬,36
2022/7/13,[新聞] 高科技新創公司正面臨市值下修十年來最,12
2022/7/13,[新聞] 高盛喊買台積電 看好HPC營收表現,20
2022/7/13,[新聞] 衰退警報震耳 美債殖利率倒掛加深 2007年,8
2022/7/13,[新聞] 紐西蘭央行連三度升息2碼 矢言繼續緊縮,38
2022/7/13,[新聞] 烏克蘭解糧食危機 擬借道羅馬尼亞月增出,22
2022/7/13,Re: [新聞] 資金拉緊報 央行定存單減兆元,13
2022/7/13,Re: [標的] 6605 帝寶 多  房貸加碼,4
2022/7/13,[新聞] 瑞士信貸砍台股指數目標 大盤可能下跌7.5,23
2022/7/13,Re: [新聞] 台積電又被美國員工吐槽！ 「把我們當中,38
2022/7/13,[新聞] 震撼 鴻海集團入股紫光,98
2022/7/13,Re: [心得] 其實護盤根本害死更多人吧？,18
2022/7/13,[新聞] 加拿大將罕見升息3碼 1998年來最大幅度,98
2022/7/13,Re: [請益] 國安基金套牢會怎樣？,17
2022/7/13,[新聞] 資金拉緊報 央行定存單減兆元,27
2022/7/13,[新聞] 南韓央行上調基準利率50個基點至2.25%,59
2022/7/13,Re: [標的] 台積電 2330.TW 現在多,0
2022/7/13,[請益] 為什麼台灣政府重大事件都要盤後發布,25
2022/7/13,[請益] 國安基金可以查買了什麼嗎？,70
2022/7/13,Re: [心得] 放空肉多多,22
2022/7/13,[新聞] Fed官員放鴿：過快升息存在「過度轉向」,18
2022/7/13,[情報] 韓國央行宣布升息2碼,99
2022/7/13,[新聞] 正式公布前一天 美6月通膨率假訊息網路瘋,12
2022/7/13,[新聞] 高端又變幽靈疫苗　民眾急出差不符打第4,72
2022/7/13,Re: [新聞] 台積電又被美國員工吐槽！ 「把我們當中,11
2022/7/13,[閒聊] 2022/07/13盤中閒聊,100
2022/7/13,[新聞] 李濱任紫光集團董事長 「鴻海小金雞」斥,19
2022/7/13,[情報] GGR被做空,27
2022/7/13,[新聞] Peloton停止自製器材 台灣力山工業代工,11
2022/7/13,Re: [心得] 其實護盤根本害死更多人吧？,26
2022/7/13,[標的] 台股 大盤 國安基金反常萬四宣佈進場討論,69
2022/7/13,Re: [新聞] 國安基金準備護盤 台指期瞬間飆漲超過280,6
2022/7/13,Re: [心得] 其實護盤根本害死更多人吧？,15
2022/7/13,[標的] 狙擊國安基金短多加碼空,13
2022/7/13,Re: [心得] 其實護盤根本害死更多人吧？,38
2022/7/13,Re: [請益] 用簡單KD指標及均線回測多頭市場成效,2
2022/7/13,[新聞] 台積電又被美國員工吐槽！ 「把我們當中,96
2022/7/13,[新聞] 國安基金準備護盤 台指期瞬間飆漲超過280,17
2022/7/13,Re: [請益] 股票漲跌為何上限不提高到20%,7
2022/7/13,Re: [心得] 其實護盤根本害死更多人吧？,41
2022/7/13,[新聞] 星寶國際涉炒股 身價上億董事長等5人移送,10
2022/7/13,Re: [心得]升息半碼 國安基金護盤      失望,23
2022/7/13,[請益] 很多機會是否稍縱即逝？,17
2022/7/13,Re: [新聞] 台股爆7億違約交割 金管會：95%集中在1位,19
2022/7/13,Re: [心得] 其實護盤根本害死更多人吧？,24
2022/7/13,[新聞] 調查局盯地下投顧 連3天約談32人到案,6
2022/7/13,[請益] 所以現在是美國獨強？,21
2022/7/12,Re: [心得] 其實護盤根本害死更多人吧？,8
2022/7/12,Re: [心得] 其實護盤根本害死更多人吧？,40
2022/7/12,[標的] 大盤現在適合進場嗎？,25
2022/7/12,Re: [新聞] 熊市支持者決定轉向：和聯準會作對過於愚,9
2022/7/12,[新聞] 國安基金急轉彎護盤 小股東怒：誤賣找誰,80
2022/7/12,Re: [請益] 國安基金大問哉,20
2022/7/12,Re: [新聞] 跟進國安基金護盤？ 金管會「限空令」暫,37
2022/7/12,[新聞] 群益證大安分行 遭檢調搜索,64
2022/7/12,[新聞] 美股早盤 衰退擔憂削弱投資人信心 四大指數漲跌互現,13
2022/7/12,[新聞] 大摩：半導體景氣明年落底 個股今年第4季,0
2022/7/12,[情報] 美股 本周財報行事曆,3
2022/7/12,[新聞] 台積電被詆毀？王健全：政府應做全球廣,7
2022/7/12,[標的] 台灣50 萬四抄底多,16
2022/7/12,Re: [心得] 其實護盤根本害死更多人吧？,21
2022/7/12,Re: [新聞] 國安基金決定進場！台股期貨夜盤90度急,22
2022/7/12,Re: [請益] 國安基金 明天開高會買？,0
2022/7/12,[新聞] 私募基金達勝組團買家樂福？ 羅智先：開,0
2022/7/12,[新聞] 沒套好？金管會才說台股ok　下一秒國安,39
2022/7/12,[情報] 111年07月12日信用交易統計,45
2022/7/12,Re: [新聞] 台股爆7億違約交割 金管會：95%集中在1位,6
2022/7/12,[新聞] 跟進國安基金護盤？ 金管會「限空令」暫,40
2022/7/12,Re: [心得] 輸給了大媽盤,7
2022/7/12,[情報] 西班牙對電力公司銀行加稅以因應通膨,7
2022/7/12,Re: [心得] 輸給了大媽盤,12
2022/7/12,Re: [新聞] 國安基金今開臨時會 宣布明起護盤,21
2022/7/12,Re: [心得] 空頭喊話務必急,0
2022/7/12,[請益] 國安基金大問哉,35
2022/7/12,Re: [標的] 陽明海運,100
2022/7/12,[新聞] 6.6億元違約交割來自同一當沖客 金管會要,40
2022/7/12,[新聞] 國安基金決定進場！台股期貨夜盤90度急,44
2022/7/12,[心得] 盤後資料整理(Excel格式),1
2022/7/12,Re: [新聞] 國安基金今開臨時會 宣布明起護盤,29
2022/7/12,[新聞] 國安基金準備護盤 台指期瞬飆漲重返萬四,77
2022/7/12,[標的] 元大50正2 多更多,23
2022/7/12,[情報] 0712 上市櫃外資投信同買排行,3
2022/7/12,[新聞] 影／居民憂二次汙染台積電落腳高雄生變,31
2022/7/12,Re: [新聞] 國安基金今開臨時會 宣布明起護盤,11
2022/7/12,[請益] 小資族借錢買股?,35
2022/7/12,[情報] 2323中環取得有價證券(長榮海運,29
2022/7/12,Re: [標的] 大盤 不建議做空,3
2022/7/12,[標的] 大盤多,9
2022/7/12,Re: [新聞] 國安基金今開臨時會 宣布明起護盤,4
2022/7/12,[新聞] 見證歷史！　歐元兌美元匯價1:1,20
2022/7/12,[心得] 近3次國安基金進場選股標的,94
2022/7/12,Re: [新聞] 國安基金今開臨時會 宣布明起護盤,27
2022/7/12,Re: [情報] 2206三陽工業 6月營收,5
2022/7/12,[新聞] 國安基金救得了台股？7次護盤績效一表看,31
2022/7/12,[新聞] 面板廠面臨客戶不拉貨、砍單利空 群創恐,9
2022/7/12,[新聞] 國安基金今開臨時會 宣布明起護盤,99
2022/7/12,[新聞] 《金融》國安基金：台股有撐暫不進場,17
2022/7/12,[新聞] 削減成本 甲骨文擬裁員數千人,10
2022/7/12,[新聞] 《半導體》今年股價腰斬 聯詠除息好苦,4
2022/7/12,[新聞] 6月稅收4914億元年增43.2% 台股震盪證交,2
2022/7/12,[新聞]經營環境惡劣 統一董座羅智先：連金融海嘯,30
2022/7/12,[情報] 2419仲琦 6月營收,4
2022/7/12,Re: [新聞] ABF三雄6月營收續創歷史新高 外資不買帳,3
2022/7/12,Re: [心得] 安倍經濟學成效？日經濟日幣日股分析分享,9
2022/7/12,[新聞] 過去24小時全網爆倉1.67億美元,15
2022/7/12,[創作] 魔鬼中的天使,3
2022/7/12,[情報] 0712八大公股銀行買賣超排行,12
2022/7/12,[情報] 專家預測下半年韓元兌美金會貶到1350,0
2022/7/12,[情報] 富邦金除息日7/27,44
2022/7/12,[新聞] 台股爆7億違約交割 金管會：95%集中在1位,96
2022/7/12,[請益] 個股該繼續留嗎?,9
2022/7/12,[新聞] 鴻海泰國電動車工廠落腳東部經濟走廊 拚2,7
2022/7/12,[心得] 本次修正若無超級大暴雷，底部大概不遠,46
2022/7/12,[標的] 2014 中鴻 利空出盡 凱基台北多,9
2022/7/12,[新聞] ABF三雄6月營收續創歷史新高 外資不買帳,22
2022/7/12,[新聞] 估央行會再升息！兆豐金董座提「兩大因素」,98
2022/7/12,[新聞] 不只散戶被套牢　台積電主管今年加碼「,12
2022/7/12,[情報] 0712 上市櫃外資投信買超金額排行,4
2022/7/12,[新聞] 2022年底前美國特斯拉將開放超級充電站,11
2022/7/12,[新聞] 「500萬年薪空降大將」引發內鬥　PChome,58
2022/7/12,Re: [請益] 主跌段開始 股價有沒有可能回到疫情,24
2022/7/12,[情報] 0712 上市外資買賣超排行,63
2022/7/12,[創作]多蛙輸光,12
2022/7/12,[情報] 2884玉山金 7/28除權息交易日,39
2022/7/12,[新聞] 中國 NVIDIA 與 AMD 顯卡價格全線暴跌,69
2022/7/12,[新聞] 名律師涉結合作手炒星寶股價 今遭調查局,4
2022/7/12,[請益] 主跌段開始 股價有沒有可能回到疫情,72
2022/7/12,Re: [新聞] 上海突襲封城　長榮航總座：旅客取消行程,11
2022/7/12,[創作] 想自由(台積電股價的心聲),3
2022/7/12,[請益] 左岸那邊好像問題很多,13
2022/7/12,[創作] 群益GOODi APP,4
2022/7/12,[新聞] 中國限令再實施　騰訊暑假限玩日曆出爐,49
2022/7/12,[情報] 0712 上市投信買賣超排行,22
2022/7/12,[情報] 111年07月12日 櫃買法人買賣金額統計表,14
2022/7/12,[新聞] 7-ELEVEN羅智先打造「新能源超商」台泥張安平提供「祕密武器,12
2022/7/12,[情報] 111年07月12日 三大法人買賣金額統計表,99
2022/7/12,[新聞] 台股大逃殺　投資人輸不起不玩了！連12,76
2022/7/12,[新聞] 供應鏈漸恢復 大陸航運業超旺季告終,38
2022/7/12,[心得]解套 發錢啦,99
2022/7/12,Re: [心得] 安倍經濟學成效？日經濟日幣日股分析分享,28
2022/7/12,[創作] 大韭菜 (大國民),6
2022/7/12,[閒聊] 2022/07/12 盤後閒聊,56
2022/7/12,[新聞] 統一羅智先看景氣：從沒看過這麼嚴峻情況,69
2022/7/12,[新聞] 上半年旗艦基金大賺32% 說明橋水達里歐,23
2022/7/12,Re: [心得] 安倍經濟學成效？日經濟日幣日股分析分享,24
2022/7/12,[標的] 00900.TW富邦特選高股息 根據規則整理有機會入選之股票,30
2022/7/12,[新聞] 散戶不孤單！台積電副總持續月均價636,59
2022/7/12,[新聞] 國巨不到一個月再祭庫藏股護盤 擬買回1.1,10
2022/7/12,[新聞] 高市府「亞灣2.0」 磁吸在地人才…雙贏,3
2022/7/12,[新聞] 外資報告》大摩：立積業務反彈耗時長 下,0
2022/7/12,Re: [心得] 安倍經濟學成效？日經濟日幣日股分析分享,31
2022/7/12,[請益] 日本是不是想轉型成金融服務國家啊？,15
2022/7/12,Re: [新聞] 陸股ETF 動能十足,2
2022/7/12,Re: [心得] 安倍經濟學成效？日經濟日幣日股分析分享,100
2022/7/12,[情報] 韓元兌美金升至1313：1,22
2022/7/12,[新聞] 美元衝高台股跌 台幣早盤貶破29.9,92
2022/7/12,[新聞] 國安基金不護盤！台股今日開殺又是亞股,99
2022/7/12,Re: [新聞] 白宮預期美國6月CPI會很高 但強調已是「,26
2022/7/12,Re: [標的] 一千個崩盤的理由,23
2022/7/12,Re: [新聞] 熊市是必要之惡！ 巴菲特：股市的錢會流到有耐心的人手,18
2022/7/12,Re: [新聞] 白宮預期美國6月CPI會很高 但強調已是「,29
2022/7/12,[新聞] 大摩:驅動IC收益低 下調聯詠至174元,79
2022/7/12,[新聞] 白宮預期美國6月CPI會很高 但強調已是「,48
2022/7/12,Re: [新聞] 熊市是必要之惡！ 巴菲特：股市的錢會流到有耐心的人手,20
2022/7/12,[新聞] 蘋果造車挑戰高！傳設計沒方向盤、沒剎車,87
2022/7/12,[新聞] 熊市是必要之惡！ 巴菲特：股市的錢會流到有耐心的人手中,66
2022/7/12,[新聞] 經濟學人示警 晶片業榮景陷超大型破滅,99
2022/7/12,Re: [新聞] 慘！新制勞退基金截至5月底每人已賠1.2萬,28
2022/7/12,[閒聊] 2022/07/12 盤中閒聊,100
2022/7/12,[新聞] 馬斯克狂笑四連拍！推特怒批故意違反協議,71
2022/7/12,[新聞] 調查局抓禿鷹 3天32人送辦,75
2022/7/12,Re: [新聞] 基於三大理由！國安基金今拍板暫不進場護,6
2022/7/12,[新聞] 溫州首富大戰華爾街 「妖鎳逼空大戰」告,95
2022/7/11,Re: [心得] 安倍經濟學成效？日經濟日幣日股分析分享,34
2022/7/11,[新聞] 中鋼降成本 開擰毛巾會議,31
2022/7/11,[新聞] 傳意法、格羅方德 將在法國設晶圓廠,40
2022/7/11,[新聞] 提撥高額貸款損失準備金 美國大型銀行第2季獲利將暴跌,8
2022/7/11,[新聞] 英業達：法院駁回旗下英穩達破產宣告,25
2022/7/11,[標的] 永信3705,7
2022/7/11,[新聞] 帆宣6月營收44.71億元、月增23.9% 創新高,16
2022/7/11,[新聞] 天然氣賠本賣 中油今年恐虧1800億,84
2022/7/11,[新聞] Q2股市大戶 中實戶全落跑 人數創2年新低,29
2022/7/11,[情報] 111年07月11日信用交易統計,39
2022/7/11,[新聞] 金控6月獲利衰退近6成 12家上半年EPS不,46
2022/7/11,[新聞] 慘！新制勞退基金截至5月底每人已賠1.2萬,98
2022/7/11,[新聞] 豐田和五十鈴等日企聯合研發商用車氫引擎,19
2022/7/11,[情報] 0711 上市櫃外資投信同買排行,0
2022/7/11,[請益] 大盤從16600跌到14300 空軍要補錢ㄇ?,32
2022/7/11,[心得] 盤後資料整理(Excel格式),9
2022/7/11,[情報] 0711 上市櫃外資投信買超金額排行,4
2022/7/11,[新聞] 群創除息首日爆大量一度填息逾3成,19
2022/7/11,"[新聞] 台股新動能 1,600億活水來了",47
2022/7/11,Re: [心得] 工作都沒有好表現的人，想靠投資致富,2
2022/7/11,[新聞] 海運高運價失色 長約價跌20％,57
2022/7/11,[新聞] 通膨吃掉薪水漲幅 今年前5月實質經常性薪,36
2022/7/11,[新聞] 黑田東彥：日本經濟前景不明朗維持寬鬆貨,35
2022/7/11,[心得] 安倍經濟學成效？日經濟日幣日股分析分享,56
2022/7/11,Re: [新聞] 基於三大理由！國安基金今拍板暫不進場護,7
2022/7/11,[新聞] 外資報告》高盛中性看聯詠 目標價調降至2,6
2022/7/11,[情報] 111年【6月份金控股】EPS排名(全已公布),51
2022/7/11,[情報] 0711違約交割,100
2022/7/11,Re: [新聞] 基於三大理由！國安基金今拍板暫不進場護,2
2022/7/11,[情報] 0711八大公股銀行買賣超排行,19
2022/7/11,[情報] 2881富邦金 6月自結,72
2022/7/11,Re: [新聞] 基於三大理由！國安基金今拍板暫不進場護,23
2022/7/11,[情報] 2882國泰金6月自結 -0.07,81
2022/7/11,[新聞] 晶片淪慘業?外媒曝殘酷真相:恐迎大蕭條,99
2022/7/11,[新聞] 中鋼Q2、上半年營收創同期新高,1
2022/7/11,[情報] 2615 萬海 六月營收,47
2022/7/11,[新聞] 韓國重點產品進口過度依賴中國 需思考供,10
2022/7/11,[新聞] 基於三大理由！國安基金今拍板暫不進場護,55
2022/7/11,[新聞] 資金移動並未失序 國安基金暫不進場,99
2022/7/11,[新聞] 陸股ETF 動能十足,3
2022/7/11,[情報] 1540喬福 6月營收,13
2022/7/11,[情報] 0711上市外資買賣超排行,53
2022/7/11,[創作] 跌噢,8
2022/7/11,[新聞] 糧食安全：歐盟和英國每年將68億升食用油,11
2022/7/11,[情報] 111年07月11日 櫃買法人買賣金額統計表,16
2022/7/11,[情報] 4306炎洲 6月營收,2
2022/7/11,Re: [心得] 工作都沒有好表現的人，想靠投資致富？,40
2022/7/11,[情報] 6477安集6月營收 mom-33.9% yoy-14.2%,47
2022/7/11,Re: [請益] 是不是該全面放空台股？,5
2022/7/11,[情報] 111年07月11日 三大法人買賣金額統計表,74
2022/7/11,[情報] 0711上市投信買賣超排行,25
2022/7/11,[情報] 2002中鋼六月營收 YoY+15.25% MoM+2.9%,18
2022/7/11,[情報] 2466冠西電6月營收 +45.2%MoM +105.6%YoY,42
2022/7/11,[情報] 5483.TWO 中美晶 六月營收,4
2022/7/11,[情報] 2347聯強、2414精技 六月營收,14
2022/7/11,[情報] 1101台泥 1102亞泥 6月營收,14
2022/7/11,[情報] 台塑四寶1301、1303、1326、6505六月營收,15
2022/7/11,[創作] 空頭交響曲(陳黎 戰爭交響曲),3
2022/7/11,[創作] 你好不好,5
2022/7/11,[閒聊] 2022/07/11 盤後閒聊,10
2022/7/11,[情報] 台塑/南亞/台化/台塑化 2022/06暨Q2自結,24
2022/7/11,[請益] 大盤成交量又新低,99
2022/7/11,[情報] 2206三陽工業 6月營收,40
2022/7/11,[心得] 空頭喊話務必急,22
2022/7/11,Re: [心得] 工作都沒有好表現的人，想靠投資致富？,38
2022/7/11,[新聞] 吸IC設計產業來高雄 陳其邁︰下個月提亞,51
2022/7/11,[新聞] 投資人不安情緒顯現 台灣金融風險指數創1,12
2022/7/11,Re: [新聞] 彭双浪:面板產業健康 友達稼動率滿產滿銷,20
2022/7/11,[心得] 股價跌破配息金額，會如何？,51
2022/7/11,Re: [新聞] 永豐金預估 Q3升息1碼,18
2022/7/11,[新聞] IC設計Q3不旺成定局 Q4轉圜仍有難度,15
2022/7/11,[新聞] 台股又遇壓 證交所籲冷靜面對股市漲跌,18
2022/7/11,[新聞] 台積法說前公布6月營收 法人開出第一槍,19
2022/7/11,[新聞] 台股連彈兩天！法人：別期待國安基金護盤,24
2022/7/11,Re: [新聞] 成霖子公司深圳遷廠提列新台幣逾10億元,14
2022/7/11,[新聞] 專訪／一窺力積電黃崇仁藏畫世界　國際級,39
2022/7/11,[閒聊] 2022/07/11 盤中閒聊,100
2022/7/11,[新聞] 消費縮 三星停拉貨衝擊台廠,37
2022/7/11,[情報] 1795 美時 6月營收 +19.6%MOM -9.5%YOY,5
2022/7/11,[新聞] 永豐投顧：實質政經情勢未轉佳 大盤反彈,20
2022/7/11,Re: [心得] 工作都沒有好表現的人，想靠投資致富？,59
2022/7/11,Re: [標的] 天然氣轉折已到 全力做多,3
2022/7/11,Re: [心得] 工作都沒有好表現的人，想靠投資致富,3
2022/7/11,Re: [心得] 工作都沒有好表現的人，想靠投資致富？,4
2022/7/11,Re: [心得] 工作都沒有好表現的人，想靠投資致富？,1
2022/7/11,Re: [心得] 工作都沒有好表現的人，想靠投資致富？,0
2022/7/11,Re: [新聞] 中國民航業上半年虧損近5000億 12航司資,11
2022/7/11,Re: [新聞] 儲局6月未見大縮表　僅及目標5%,7
2022/7/10,Re: [心得] 工作都沒有好表現的人，想靠投資致富？,17
2022/7/10,[標的] 面板市況不好的話驅動IC公司也會受影響嗎,-10
2022/7/10,[新聞] 成霖子公司深圳遷廠提列新台幣逾10億元,39
2022/7/10,[新聞] 打炒房發威！建商縮手購地銳減50% 自用擴,30
2022/7/10,Re: [新聞] 儲局6月未見大縮表　僅及目標5%,14
2022/7/10,[心得] 盤後資料整理(Excel格式),19
2022/7/10,[情報] 漢平2488 2022年6月營收,17
2022/7/10,[標的] 2450.TW 神腦(多),13
2022/7/10,[心得] 本周Fed與機構觀點整理分享,65
2022/7/10,Re: [心得] 工作都沒有好表現的人，想靠投資致富？,12
2022/7/10,[標的] 6542 隆中  有搞頭嗎,27
2022/7/10,[新聞] 中國民航業上半年虧損近5000億 12航司資,17
2022/7/10,Re: [心得] 工作都沒有好表現的人，想靠投資致富？,4
2022/7/10,Re: [心得] 工作都沒有好表現的人，想靠投資致富？,28
2022/7/10,Re: [新聞] 儲局6月未見大縮表　僅及目標5%,34
2022/7/10,[情報] 法國政府準備全面切斷俄羅斯天然氣,50
2022/7/10,[標的] 台積 技術反彈多,0
2022/7/10,[公告] 07/10 處置公告,19
2022/7/10,Re: [標的] 持股健檢,15
2022/7/10,[新聞] 美6月CPI 估增8.7％,99
2022/7/10,[情報] 佳世達六月營收,12
2022/7/10,[新聞] 慘！新制勞工截至5月底每人已賠1.2萬元,99
2022/7/10,[新聞] 遠東新通過配息1.5元　推動2030年減碳40％,17
2022/7/10,[情報] 5530 龍巖六月營收MoM +21.7% YoY +49.6%,45
2022/7/10,[新聞] 馬士基改口「海運市況仍旺」,70
2022/7/10,[新聞] 年薪保障14個月！台積電高雄晶圓廠搶人才,23
2022/7/10,[新聞] 航運為何殺到沒人要? 老謝曝兩機制問題,14
2022/7/10,[新聞] 大陸專家憂9月物價升破3%,27
2022/7/10,Re: [新聞] 獨家》台積電高雄廠傳將改設置2座6奈米,51
2022/7/10,[情報] 8044網家6月營收 mom-1.2% yoy-9.9%,36
2022/7/10,[標的] 持股健檢,43
2022/7/10,[新聞] 國安基金護盤 法人：機率不大,52
2022/7/10,[新聞] 限制預售屋轉售 時機不宜下會期難三讀,99
2022/7/10,[情報] 07/11 ~ 07/15 美股財報行事曆,24
2022/7/10,[新聞] 台股崩跌結束了？「億元教授」提1理由,59
2022/7/10,[新聞] 綠能已成國票授信主力　彈性融資導入太,19
2022/7/10,[標的] 檢查你的 金融股,-10
2022/7/10,Re: [請益] 這一波是初跌段嗎？,4
2022/7/10,Re: [請益] 這一波是初跌段嗎？,25
2022/7/10,[新聞] 砍到見骨！PC一哥戴爾驚傳砍單5成原因曝,61
2022/7/10,[新聞] 三重優勢概念股 吸睛,25
2022/7/10,Re: [請益] 這一波是初跌段嗎？,0
2022/7/09,[創作] 寶貝對不起,27
2022/7/09,Fw: [其他] Chart Game台指版上線了,12
2022/7/09,[新聞] 戴爾大砍面板採購 雙虎有壓,71
2022/7/09,[新聞] 美銀挺台積 目標價650元,70
2022/7/09,[新聞] 調薪扣獎金！中華快遞擬下週一全台總罷工,99
2022/7/09,Re: [新聞] 追查股市不實訊息 調查局今同步執行19案,45
2022/7/09,[新聞] 本周大事回顧 拜登傳取消中國關稅、8吋晶圓廠稼動率隱,12
2022/7/09,Re: [新聞] 馬斯克宣布終止收購案 推特將提告爭取完,13
2022/7/09,[新聞] 別管安倍效應了！散戶注意：台股最驚恐,21
2022/7/09,Re: [新聞] 俄氣停止另一台對北溪天然氣管道的機器,22
2022/7/09,Re: [公告] 板規討論：政治文、政治引戰文規定 (本篇得回文),1
2022/7/09,[新聞] 美財長耶倫將出訪亞洲 對俄石油“限價”,30
2022/7/09,[新聞] 永豐金預估 Q3升息1碼,83
2022/7/09,[請益] 這一波是初跌段嗎？,100
2022/7/09,[新聞] IC業者看下半年…不期待,29
2022/7/09,Re: [新聞] 桑默斯：歐美應研究安倍經濟學 因應經濟,1
2022/7/09,[標的] 未來半年不錯的投資機會,62
2022/7/09,[新聞] 土國廢鋼喊漲 鋼市見春燕,31
2022/7/09,[新聞] 國安基金必買股 法人點將,27
2022/7/09,[新聞] 航海王再起！長榮H1料超越去年前3季,99
2022/7/09,[新聞] 摩根大通看好亞洲航運 喊買長榮,39
2022/7/09,Re: [新聞] 桑默斯：歐美應研究安倍經濟學 因應經濟,2
2022/7/09,[新聞] 桑默斯：歐美應研究安倍經濟學 因應經濟,36
2022/7/09,[新聞] 馬斯克宣布終止收購案 推特將提告爭取完,80
2022/7/09,[新聞] WSJ： Google已向監管方讓步 提議分拆部,15
2022/7/09,[新聞] 追查股市不實訊息 調查局今同步執行19案,100
2022/7/09,[情報] 韓國這一週汽油下降42韓元柴油下降27韓,22
2022/7/09,Re: [新聞] 理財小白翻身2／文科女生小資族年領2,48
2022/7/09,[新聞] 馬斯克取消440億美元併購推特交易,99
2022/7/09,Re: [公告] 板規討論：政治文、政治引戰文規定 (本篇得回文),0
2022/7/09,[新聞] 理財小白翻身2／文科女生小資族年領20萬,-10
2022/7/09,[請益] 台股2008對比2022有多慘？,56
2022/7/09,[心得] 多頭格局尚未被破壞吧,10
2022/7/09,Re: [請益] 今天的美股到底在噴什麼呀?,54
2022/7/08,Re: [請益] 請問當初台灣兩顆子彈有多慘？,44
2022/7/08,Re: [請益] 今天的美股到底在噴什麼呀?,27
2022/7/08,[情報] 111年07月08日信用交易統計,54
2022/7/08,[新聞] 中研院改革建言 央行應效法Fed訂前瞻性,61
2022/7/08,[情報] 美國非農數據遠超預期,97
2022/7/08,[情報] 5425 台半 六月營收,21
2022/7/08,[標的] TQQQ SOXL 是否有需特別注意什麼?,33
2022/7/08,[情報] 上市櫃外資投信同買排行,1
2022/7/08,[情報]  泰博（4736） 6月營收,20
2022/7/08,[情報] 全科 3209 益登 3048 威健3033 6月營收,14
2022/7/08,[公告] 板規討論：政治文、政治引戰文規定 (本篇得回文),7
2022/7/08,Re: [情報] 0708 SCFI指數 4143.87(↓59.4)-1.41%,31
2022/7/08,[情報] 台新金6月自結,16
2022/7/08,[情報] 0708八大公股銀行買賣超排行,13
2022/7/08,[情報] 0708 上市櫃外資投信買超金額排行,0
2022/7/08,[新聞] 歐元兌美元 跌至2002年12月以來新低,11
2022/7/08,[情報] 2408南亞科 6月營收,12
2022/7/08,[情報] 野村預測韓國今年GDP1.9% 明年-0.8%,15
2022/7/08,[新聞] 國巨拉風 6月營收創新高,14
2022/7/08,[情報] 華南金(2880) 6月自結,24
2022/7/08,[情報] 2357華碩、2376技嘉、2377微星 六月營收,42
2022/7/08,[情報] 2888新光金 6月自結,40
2022/7/08,[情報] 3545敦泰6月營收 mom-3.5% yoy-43.7%,20
2022/7/08,[情報] 2609陽明 6月營收,100
2022/7/08,[情報] 4919 新唐六月營收 月增7.96% 年增3.51%,10
2022/7/08,[新聞] 安倍晉三遇刺宣告不治 享年67歲,100
2022/7/08,[情報] 2454 聯發科 6月營收 MoM -2.01% YoY +6.85%,70
2022/7/08,[創作] Run firm run!,1
2022/7/08,[新聞] Novavax副作用低今開打！醫院約滿　民眾,39
2022/7/08,[情報] 2027大成鋼 六月營收 年增月減,7
2022/7/08,[情報] 2886兆豐金 6月自結,37
2022/7/08,[情報] 2812台中銀 6月自結 0.11,19
2022/7/08,[情報] 長榮航6月營收111億 月減1.69%,27
2022/7/08,[情報] 0708 上市外資買賣超排行,49
2022/7/08,[情報] 8487愛爾達 6月營收,8
2022/7/08,[請益] 六月營收好 股價一直下跌的是不,51
2022/7/08,[情報] 2014 中鴻 六月營收 月減年減,25
2022/7/08,[情報] 韓國針對牛肉雞肉等商品實施0關稅,28
2022/7/08,[情報] 2889.TW 國票金111年6月自結 單月eps +0.00,19
2022/7/08,[情報] 緯創營收年增41.2% ，單月破千億,17
2022/7/08,[情報] 3481群創 6月自結 月增+年減+季減,10
2022/7/08,[情報] 1720生達、2480敦陽科、9939宏全六月營收,3
2022/7/08,[情報] 2845遠東銀 6月營收,27
2022/7/08,[標的] 大盤多,0
2022/7/08,[情報] 5904寶雅 6月營收,8
2022/7/08,[新聞] 鴻海砸5億取得「盛新材料」10％股權　佈,10
2022/7/08,[情報] 8069元太 6月營收mom-2.1%  yoy+81.4%,28
2022/7/08,[情報] 3037 欣興 6月營收創歷史新高,30
2022/7/08,[新聞] VR大廠Meta戰略受質疑，市場焦點在蘋果,6
2022/7/08,[情報] 佳能(2374)六月營收,3
2022/7/08,[情報] 8299群聯 六月營收,30
2022/7/08,[創作] 勇氣,4
2022/7/08,[情報] 111年07月08日 櫃買法人買賣金額統計表,14
2022/7/08,[情報] 0708 上市投信買賣超排行,26
2022/7/08,[新聞] 英特爾CEO傳8月再度來台　與台積電共商3,41
2022/7/08,[情報] 111年07月08日 三大法人買賣金額統計表,100
2022/7/08,[情報] 5880合庫金 6月份自結 EPS 0.14,7
2022/7/08,[情報] 2892第一金6月份自結 EPS 0.16,12
2022/7/08,[情報] 6216居易6月營收 mom-33.4% yoy+20.6%,34
2022/7/08,[情報] 1473台南 8916光隆 6月營收,7
2022/7/08,[情報] 2524 京城 公告買回庫藏股5000張,7
2022/7/08,[創作] 終於殺出手(終於說出口) 小宇,8
2022/7/08,[閒聊] 2022/07/08 盤後閒聊,15
2022/7/08,[情報] 2636台驊投控 6月營收 MoM-19.95% YoY-24.93%,59
2022/7/08,[請益] 景氣循環股該怎麼分辨？,29
2022/7/08,[情報] 連宇 2022年6月合併營收9833.4萬元 年增2,9
2022/7/08,[情報] 2409友達 6月營收,71
2022/7/08,[新聞] 安倍晉三遭槍擊台股漲幅收縮！專家曝短期,9
2022/7/08,[情報] 2330台積電6月營收 mom-5.3% yoy+18.5%,99
2022/7/08,[情報] 6592 和潤企業 六月營收（新高）,7
2022/7/08,[情報] 4432 銘旺實 六月營收,4
2022/7/08,Re: [標的] 1303 南亞,13
2022/7/08,[標的] 1303 南亞,38
2022/7/08,[新聞] 安倍中彈！日股漲勢瞬間收斂 上漲300餘點,82
2022/7/08,[新聞] 日本前首相安倍晉三背後中彈 傳心搏呼吸,30
2022/7/08,[新聞] 快訊／安倍晉三胸部中彈！　失去意識,99
2022/7/08,Re: [新聞] 晶圓代工產能利用率下滑 拜託客戶下單填,31
2022/7/08,[新聞]「富豪居」創辦人李杰炒股失利涉擄人勒贖,39
2022/7/08,[請益] 跌深反彈 搶短多後 何時停利,19
2022/7/08,Re: [新聞] 晶圓代工產能利用率下滑 拜託客戶下單填,15
2022/7/08,[新聞] 官員問要不要護盤！謝金河：沒有什麼用,24
2022/7/08,Re: [新聞] 勞長暗示 基本工資調漲逾5%,0
2022/7/08,[新聞] 亞馬遜、SpaceX等通訊衛星業者競爭激烈，,2
2022/7/08,[新聞] 衛星元件出貨拉升 昇達科6月營收2.12億,9
2022/7/08,Re: [請益]  明天台股跳空大漲 該如何操作？,13
2022/7/08,[新聞] 全球Q1智慧機晶片出貨 台積包辦近70％,6
2022/7/08,Re: [心得] 這一波是不是證明基本面派沒幾個能打的,4
2022/7/08,Re: [心得] 這一波是不是證明基本面派沒幾個能打的,1
2022/7/08,[閒聊] 2022/07/08 盤中閒聊,100
2022/7/08,[新聞] 【反彈起跑1】聰明錢默默集結醞釀中,67
2022/7/08,[新聞] Fed 6月紀錄更鷹 7月升息3碼機率增,48
2022/7/08,[新聞] 晶圓代工產能利用率下滑 拜託客戶下單填,69
2022/7/08,[請益] 漲不停的華星光,20
2022/7/08,[新聞] 原油跌破100美元 高盛：拋售過頭,12
2022/7/08,[新聞] 狠砍4張台積電慘賠百萬 網友淚崩：從半,30
2022/7/08,[請益] 請問有虛擬交易的APP嗎,23
2022/7/08,[新聞] 聯詠 全年獲利恐衰退,25
2022/7/07,Re: [請益]  明天台股跳空大漲 該如何操作？,7
2022/7/07,[標的] 天然氣轉折已到 全力做多,29
2022/7/07,Re: [請益]  明天台股跳空大漲 該如何操作？,3
2022/7/07,[新聞] 快訊／美股開盤「道瓊大漲200點」　晶片,61
2022/7/07,[請益]  明天台股跳空大漲 該如何操作？,99
2022/7/07,[新聞] 基亞處分高端股票 利益達2.55億元,31
2022/7/07,[新聞] 受疫情影響 中國紡織服裝業訂單大量外移,19
2022/7/07,[情報] 1451 年興 6月營收,34
2022/7/07,[新聞] 長榮大跌40%之後？陽明前董座：海運還有,20
2022/7/07,[情報] 0707 處置股風險統計排行,2
2022/7/07,[請益]霹靂股份多了橘子,18
2022/7/07,[情報] 111年07月07日信用交易統計,94
2022/7/07,[新聞] CPI居高不下 經部：業界預估下半年回穩,24
2022/7/07,[新聞] 廣越6月營收20.97億元、年增48% 創同期新,9
2022/7/07,[心得] 調升存款準備率可能根本沒什麼用,1
2022/7/07,[新聞] 巨頭殞落！OPEC秘書長巴爾金都驚傳離世,67
2022/7/07,[心得] 盤後資料整理(Excel格式),6
2022/7/07,[新聞] 哥急拉V轉出現！「哲安基金」一周回血百,27
2022/7/07,[新聞] 五大利空罩頂！金融業前5月只賺3600億元,22
2022/7/07,[新聞] 雙因素打擊 BDI指數跌逾2個月新低,9
2022/7/07,Re: [情報] 2603長榮6月營收 MoM +3.22% YoY +59.75%,64
2022/7/07,[新聞] AMD被駭客竊取大量機密資料，還被嘲笑I,39
2022/7/07,[新聞] 長榮6月營收首度突破600億元 創歷史新高,41
2022/7/07,[新聞] 外資持有台幣資產 大縮水,24
2022/7/07,[新聞] 風向變！長榮重見2字頭目標價 外資翻多,23
2022/7/07,Re: [請益] 這根上來 減碼? 續抱？,6
2022/7/07,[情報] 2891中信金 6月自結,33
2022/7/07,[情報] 0707八大公股銀行買賣超排行,46
2022/7/07,[新聞] 通膨燒 央行9月鐵定升息,84
2022/7/07,[情報] 2323中環處分聯發科股票,43
2022/7/07,Re: [情報] 2603長榮6月營收 MoM +3.22% YoY +59.75%,54
2022/7/07,[情報] 0707 上市櫃外資投信同買排行,2
2022/7/07,[新聞] 金融三業挺台股 潛在銀彈高達8.8兆元,23
2022/7/07,[情報] 0707 上市櫃外資投信買超金額排行,1
2022/7/07,[情報] 2603長榮6月營收 MoM +3.22% YoY +59.75%,100
2022/7/07,Re: [情報] 韓國將國家預算赤字訂於GDP 3%以下,9
2022/7/07,[情報] 3558.TW 神準 6月營收,15
2022/7/07,Re: [情報] 聯電（2303）6月營收月增年增創新高,6
2022/7/07,[請益] 中國股市在漲什麼?,70
2022/7/07,[情報] 1231聯華食 6月營收,13
2022/7/07,[請益] 這根上來 減碼? 續抱？,41
2022/7/07,[情報] 0707 上市外資買賣超排行,70
2022/7/07,[情報] 3030 德律6月自結,8
2022/7/07,[情報] 3596智易 6月營收 24.82%YoY,7
2022/7/07,[新聞] 台經濟表現全球水準之上 經部對產業發展,20
2022/7/07,[情報] 韓國將國家預算赤字訂於GDP 3%以下,59
2022/7/07,[情報] 2809京城銀董事會決議實施庫藏股,34
2022/7/07,[情報] 0707 上市投信買賣超排行,35
2022/7/07,[情報] 111年07月07日 櫃買法人買賣金額統計表,16
2022/7/07,[情報] 2834臺企銀 6月自結,74
2022/7/07,[情報] 8016矽創6月營收 mom-25.1% yoy-35.9%,25
2022/7/07,[新聞] 快訊／又有KY股出事！大略國際高層涉,26
2022/7/07,[情報] 2890 永豐金111年6月自結單月0.16 累計0.73,33
2022/7/07,[情報] 111年07月07日 三大法人買賣金額統計表,95
2022/7/07,[標的] 1477 聚陽 紡織CP王 150以下多,40
2022/7/07,[情報] 3707漢磊 6月營收 +26.5%yoy,18
2022/7/07,[標的] 8163.TW 達方 多,13
2022/7/07,[情報] 元大金控公告111年6月份自結合併損益,41
2022/7/07,[創作] 夢中紅(雪中紅),14
2022/7/07,[創作] 滿手血 (髮如雪),23
2022/7/07,[新聞] 亞洲塑膠廠愁眉不展 看不到中國需求回升,21
2022/7/07,Re: [心得] 欸恭喜 第一次買就跌停,8
2022/7/07,"[請益] 大家會怎麼解讀""放棄認購增資""的新聞",7
2022/7/07,Re: [新聞] 勞長暗示 基本工資調漲逾5%,11
2022/7/07,Re: [請益] 要怎麼避免昨日底部作多卻停損,11
2022/7/07,[創作] 五佰 - 火山,36
2022/7/07,[創作] 七月七日晴,22
2022/7/07,[閒聊] 2022/07/07 盤後閒聊,97
2022/7/07,Re: [標的] 2606.TW 裕民 幫老婆定存多,1
2022/7/07,[情報] 6147頎邦6月營收 mom-6% yoy-9.9%,73
2022/7/07,Re: [標的] 韭菜雞持股健檢,1
2022/7/07,Re: [標的] 大盤 大反攻多,2
2022/7/07,Re: [請益]R: 要怎麼避免昨天停損？,5
2022/7/07,Re: [請益]R: 要怎麼避免昨天停損？,0
2022/7/07,Re: [請益]R: 要怎麼避免昨天停損？,17
2022/7/07,[新聞] 開發金陷貼息 網友嘆「台股史上最貴的碗,61
2022/7/07,[標的] 2419.TW 仲琦 3564其陽 網通設備多,8
2022/7/07,Re: [新聞] 三星初步財報出爐 Q2獲利成長11% 晶片需,8
2022/7/07,Re: [心得] 空頭急跌想抄底，俗稱韭菜衝火場心態,10
2022/7/07,[新聞] 怕後悔？推案瀰漫「不肯便宜賣」氛圍,93
2022/7/07,[新聞] 認美國已陷入衰退 華爾街大多頭:7月可能,43
2022/7/07,Re: [標的] 大盤 不建議做空,4
2022/7/07,[情報] 1514亞力6月營收 mom+35.9% yoy+55.4%,11
2022/7/07,[心得] 欸恭喜 第一次買就跌停,100
2022/7/07,Re: [新聞] 通膨壓力創近14年新高！6月CPI年增率狂飆3.59%,6
2022/7/07,[標的] 大盤 大反攻多,7
2022/7/07,[新聞] 威脅大了？台積電又痛失13年大將　遭對,58
2022/7/07,[新聞] 三星初步財報出爐 Q2獲利成長11% 晶片需,12
2022/7/07,Re: [新聞] 勞長暗示 基本工資調漲逾5%,27
2022/7/07,[請益] 三商賭對了吧？,9
2022/7/07,[情報] 9910豐泰 6月營收 YOY+22.5%,7
2022/7/07,Re: [心得] 有人參加宇隆收購嗎?,2
2022/7/07,Re: [標的] 台積電 2330.TW 現在多,17
2022/7/07,[新聞] 谷月涵：電子本益比 低得可憐,35
2022/7/07,[新聞] IMF總裁：不排除全球經濟明年陷入衰退可,16
2022/7/07,Re: [新聞] 國安基金進場護盤？不排除提前今日開會,0
2022/7/07,[新聞] 勞長暗示 基本工資調漲逾5%,100
2022/7/07,[新聞] Fed會議紀要曝鷹派立場 憂通膨前景惡化、,13
2022/7/07,[閒聊] 2022/07/07 盤中閒聊,98
2022/7/07,[新聞] 國安基金進場護盤？不排除提前今日開會,40
2022/7/07,[請益] 如何避免紙上富貴,41
2022/7/07,[新聞] Joeman實測「買朋友報的明牌」竟買到大飆,4
2022/7/07,Re: [新聞] 通膨壓力創近14年新高！6月CPI年增率狂飆3.59%,100
2022/7/07,[新聞] 歐洲議會通過 核能列為綠能,100
2022/7/07,Re: [請益] 有關小麥期與原油期的價格,1
2022/7/07,[請益] 股市會跌到 破萬嗎?,-10
2022/7/07,Re: [請益] 有關小麥期與原油期的價格,1
2022/7/07,[新聞] 國際海運超級循環結束 下半年運價加速回,63
2022/7/07,[請益] 有關小麥期與原油期的價格,18
2022/7/06,Re: [新聞] 通膨壓力創近14年新高！6月CPI年增率狂飆3.59%,100
2022/7/06,Re: [新聞] 台股破底穿！金管會「救市」18招 箭在弦,14
2022/7/06,[心得] 空頭下的風險意識-1,65
2022/7/06,[標的] 6180 橘子輪迴多,33
2022/7/06,[新聞] 郭哲榮：台股最壞，頂多跌到「這時候」,59
2022/7/06,[新聞] 台股破底穿！金管會「救市」18招 箭在弦,60
2022/7/06,[新聞] 美國6月ISM非製造業指數跌至兩年新低 就,21
2022/7/06,[情報] 0706 跌入處置股風險統計排行,6
2022/7/06,[請益] USDU及UUP,0
2022/7/06,[新聞] 物價漲不停！6月CPI年增率飆到3.59%,31
2022/7/06,[新聞] 鐵礦砂將降到90美元？中鋼翁朝棟解惑,23
2022/7/06,Re: [心得] 這一波是不是證明基本面派沒幾個能打,5
2022/7/06,Re: [心得] 這一波是不是證明基本面派沒幾個能打的,18
2022/7/06,Re: [新聞] 航運慘劇結束？專家曝長榮大反攻,0
2022/7/06,[請益] 張總的周200均有人實戰過嗎？,11
2022/7/06,[新聞] 台股失守萬四 國安基金：與散戶恐慌性賣壓,13
2022/7/06,Re: [標的] 1560 中砂 多,13
2022/7/06,[新聞] 航運慘劇結束？專家曝長榮大反攻,24
2022/7/06,[情報] 111年07月06日信用交易統計,81
2022/7/06,[新聞] 股匯雙殺！台幣貶破29.8元大關、逾1個半,15
2022/7/06,[新聞] 末跌段到了？張錫揭關鍵：現在不買會後悔,75
2022/7/06,[新聞] 台積電再破底 散戶哭出來！她大賺百萬放,19
2022/7/06,Re: [新聞] 上攻兩萬點仍有望 郭哲榮揭台股二大優勢,20
2022/7/06,Re: [新聞] 沒錢買油買糧！斯里蘭卡宣告破產,1
2022/7/06,"Re: [新聞] 台積目標價 外資喊1,052元",15
2022/7/06,[心得] 盤後資料整理(Excel格式),3
2022/7/06,[情報] 京元電子 2449.TW 6月營收32.32億元,12
2022/7/06,[新聞] 基本工資審議會Q3登場 許銘春：不排除比,17
2022/7/06,Re: [標的] 買出微笑曲線50反一,18
2022/7/06,[情報] 6443元晶 現金增資催繳&董事放棄認購公告,37
2022/7/06,[心得] 台積電持股總人數變化 年初至今,89
2022/7/06,[新聞] 華孚現增價訂32元 估將募集5.5億元資金,16
2022/7/06,Re: [標的] 買出微笑曲線50反一,21
2022/7/06,[心得] 高通貨膨脹 最佳投資策略|神預言論文分享,20
2022/7/06,[心得] 國安基金會進場護盤的觀察點,8
2022/7/06,Re: [心得] 這一波是不是證明基本面沒一個能打的,9
2022/7/06,[新聞] 外資提款橫掃電金傳權值股連兩日回補台積,8
2022/7/06,[新聞] 中鋼祭優惠 助客戶度小月,30
2022/7/06,[情報] 0706八大公股銀行買賣超及淨買超績效排行,32
2022/7/06,Re: [心得] 這一波是不是證明基本面沒一個能打的,3
2022/7/06,[請益] 存股vs波段心態,23
2022/7/06,[新聞] 對中國懲罰性關稅將到期 美逾300間企業呼,11
2022/7/06,[情報] 3189景碩 6月營收 39.1億元 +25.4%YOY,21
2022/7/06,[新聞] 台股失守萬四 證交所：若非理性下跌將採,85
2022/7/06,[情報] 康舒(6282)六月與Q2營收均創歷史新高,9
2022/7/06,[情報] 2761橘焱胡同  6月營收+55.55%YOY,2
2022/7/06,[情報] 0706 上市櫃外資投信同買排行,2
2022/7/06,[心得] 美股資金盤，一點看法,6
2022/7/06,[情報] 2323 中環取得有價證券(陽明,17
2022/7/06,[心得] 這一波是不是證明基本面派沒幾個能打的,66
2022/7/06,Re: [請益] 少了一千多萬(圖)，要延畢還是退學,14
2022/7/06,[情報] 0706 上市櫃外資投信買超金額排行,6
2022/7/06,[新聞] 兩大訊號來了！谷月涵斷言台股半年內再跌,99
2022/7/06,[請益] 當沖心態,25
2022/7/06,[請益] 為什00878、00881被自營賣爆？,29
2022/7/06,[情報] 零壹3029、邦特4107 六月營收,4
2022/7/06,[新聞] CureVac在德對BioNTech提告侵權 要求合,3
2022/7/06,[新聞] 通膨壓力創近14年新高！6月CPI年增率狂飆3.59%,98
2022/7/06,[創作] 反彈的力量,57
2022/7/06,Re: [新聞] 台股2萬點泡沫將至　谷月涵：最後一波不,4
2022/7/06,[情報] 8284 三竹累積處分 元大台灣50反1,48
2022/7/06,[情報] 0706 上市外資買賣超排行,100
2022/7/06,[新聞] 股海明燈來了！台灣先生谷月涵斷言通膨,57
2022/7/06,Re: [新聞] 沒錢買油買糧！斯里蘭卡宣告破產,19
2022/7/06,[新聞] 聯詠Q2營收未達標 比低標還少30億元,20
2022/7/06,[情報] 111年07月06日 櫃買法人買賣金額統計表,29
2022/7/06,Re: [新聞] Fleetzero正準備改裝電動船舶 企圖顛覆,3
2022/7/06,Re: [創作] 你敢不敢,2
2022/7/06,[請益] 少了一千多萬(圖)，要延畢還是退學,99
2022/7/06,[情報] 2498 宏達電 六月營收 月增63.05%,69
2022/7/06,[請益] 現在是我預判你的預判環節嗎,4
2022/7/06,[情報] 聯電（2303）6月營收月增年增創新高,85
2022/7/06,Re: [情報] 3034聯詠 6月營收,0
2022/7/06,[情報] 0706 上市投信買賣超排行,33
2022/7/06,[新聞] 中國本土疫情擴散 西安現首起BA.5上海多,44
2022/7/06,[創作] 你敢不敢,11
2022/7/06,[新聞] Fleetzero正準備改裝電動船舶 企圖顛覆,33
2022/7/06,[情報] 111年07月06日 三大法人買賣金額統計表,100
2022/7/06,[新聞] 谷月涵：通膨見頂、台股半年內再跌有限,99
2022/7/06,[新聞] 沒錢買油買糧！斯里蘭卡宣告破產,100
2022/7/06,Re: [心得] 雖然我不是數學家 但這樣買聽起來很不錯,38
2022/7/06,Re: [請益] 現在適合定期定額嗎？,16
2022/7/06,[情報] 3034聯詠 6月營收,100
2022/7/06,[請益] 現在適合定期定額嗎？,41
2022/7/06,Re: [請益] 亞股跌1%，台股跌2% ??,6
2022/7/06,Re: [標的] 大盤,7
2022/7/06,[創作] 瘋狂賣出 憤怒倒,50
2022/7/06,[創作] 走味的台積 & 下午三點,10
2022/7/06,Re: [創作] 進場的意義,49
2022/7/06,[閒聊] 2022/07/06 盤後閒聊,49
2022/7/06,[標的] 大盤,8
2022/7/06,[心得] 夢裡隨你畫的宇宙,1
2022/7/06,[新聞] 台股跌破萬4！國安基金備戰 操盤手這麼說,100
2022/7/06,[標的] 3218.TW大學光 多,15
2022/7/06,[請益] 空頭時期的現金水位跟虧損？,18
2022/7/06,Re: [新聞] 【竹科強搶死人地】為台積電擴廠徵地,2
2022/7/06,[新聞] 宏達電搭上《華燈初上》未來版，打造多,26
2022/7/06,Re: [標的] 一千個崩盤的理由,12
2022/7/06,[心得] 近期美國市場行情的看法,36
2022/7/06,[新聞] 【竹科強搶死人地】為台積電擴廠徵地,38
2022/7/06,[新聞] 通膨正在降溫路上！油價、天然氣、貴金,29
2022/7/06,[新聞] 84萬股東失望 開發金除息1元行情落空,62
2022/7/06,Re: [請益] 油價大跌了 怎麼股票還在跌?,9
2022/7/06,[新聞] 大立光重返榮耀　超車信驊要回股王寶座,19
2022/7/06,[請益] 油價大跌了 怎麼股票還在跌?,26
2022/7/06,[新聞] 還沒等到國安基金！　八大行庫打前鋒護台,32
2022/7/06,[標的] 1560 中砂 多,15
2022/7/06,Re: [新聞]「大賣空」貝瑞：台灣和歐洲局勢不安 通,17
2022/7/06,[心得] 畢業文，再見股版了,22
2022/7/06,Re: [新聞]「大賣空」貝瑞：台灣和歐洲局勢不安 通,29
2022/7/06,[新聞] 「買台積電不如投資美債？」央行外匯局,23
2022/7/06,[新聞] 總統:霹靂布袋戲是台灣漫威 持續推動傳承,43
2022/7/06,[新聞] 2022年以來國內經濟景氣與重要產業脈動,5
2022/7/06,[請益] 如何查詢自己名下的股票,47
2022/7/06,[新聞] 財部急護盤 令八大行庫每日要「淨買超」,87
2022/7/06,[新聞] 《塑膠股》Q2營收恐不妙 南亞重摔苦貼息,23
2022/7/06,[新聞] 30億美元勞退基金 委外布局海外債券,18
2022/7/06,Re: [標的] 台積電484沒救了,19
2022/7/06,[新聞]「大賣空」貝瑞：台灣和歐洲局勢不安 通,50
2022/7/06,Re: [標的] 一千個崩盤的理由,5
2022/7/06,[新聞] 晶片大咖：產業步入艱困期,30
2022/7/06,Re: [標的] 台積電484沒救了,7
2022/7/06,[情報] 韓元兌美金飆到1311：1,38
2022/7/06,Re: [請益] 最近跌勢再次證明炒房屌打多軍炒股?,33
2022/7/06,Re: [標的] 台積電484沒救了,0
2022/7/06,Re: [標的] 台積電484沒救了,9
2022/7/06,[新聞] 彭博:美國遊說荷蘭 禁止向中國賣舊款EUV,100
2022/7/06,[閒聊] 2022/07/06盤中閒聊,100
2022/7/06,[新聞] 貨櫃三雄股價有救?郭哲榮揭長榮反攻腳步,25
2022/7/06,[新聞] 6月新開戶 年輕人最勇,99
2022/7/06,[新聞] 經濟衰退憂慮籠罩 歐股收盤重挫、跌幅將,9
2022/7/06,[情報] 6104 創惟 6月營收,15
2022/7/06,[新聞] 經濟衰退憂慮消退 美股走勢分歧、那指漲,26
2022/7/06,[請益] 定期定額 從2021/1開始買0050 現在?,17
2022/7/06,[新聞] 美股將走出低谷? 數據顯示空頭正在撤退,50
2022/7/06,[新聞] 200多萬股民好緊張！南亞等20檔股票今,20
2022/7/06,[心得] 在空頭中安心,0
2022/7/06,[新聞] 護盤 八大行庫集體打先鋒,39
2022/7/06,Re: [標的] 台積電484沒救了,30
2022/7/06,[情報] 0705 跌進處置風險統計排行,5
2022/7/06,Re: [請益] 如何在此世道妥善運用100萬資金,5
2022/7/06,[標的] 6664.TW 群翊 手抖多,6
2022/7/06,[標的] 2606.TW 裕民 幫老婆定存多,9
2022/7/06,Re: [標的] 台積電484沒救了,24
2022/7/05,Re: [請益] 如何在此世道妥善運用100萬資金,7
2022/7/05,[新聞] 外資逃 6月淨匯出754億創9年以來同期新高,32
2022/7/05,Re: [標的] 台積電484沒救了,10
2022/7/05,[請益] 如何在此世道妥善運用100萬資金,84
2022/7/05,[標的] 台積電484沒救了,97
2022/7/05,[新聞] 網友驚呆青埔「國家大院」出現謎之裂縫,55
2022/7/05,Re: [新聞] 花旗：因衰退風險，油價年底前可能跌至65,5
2022/7/05,[新聞]經濟衰退疑慮徘徊不去 美股開盤重挫560點,13
2022/7/05,[新聞]  95年保護期屆滿 迪士尼2024年將失去米,21
2022/7/05,Re: [情報] 國際糧食、原油短時崩跌,1
2022/7/05,[情報] 國際糧食、原油短時崩跌,59
2022/7/05,Re: [新聞] 央行：利差不是外資匯出主要因素,8
2022/7/05,[請益] 風雨飄搖之際 FT寄這封信來是甚麼意思?,11
2022/7/05,[新聞] 花旗：因衰退風險，油價年底前可能跌至65,48
2022/7/05,[新聞] 各國央行上半年升息狂潮後 下半年唯一出,17
2022/7/05,[請益] 最近跌勢再次證明炒房屌打多軍炒股?,45
2022/7/05,[新聞] 基勝-KY下市前狠撈一筆　2董事涉內線交,6
2022/7/05,[新聞] 對抗通膨 澳洲央行5月來第3度升息,26
2022/7/05,[情報] 111年07月05日信用交易統計,75
2022/7/05,[心得] 盤後資料整理(Excel格式),11
2022/7/05,[新聞] 央行：利差不是外資匯出主要因素,41
2022/7/05,[新聞] 技術指標牛背離 殖利率逾17% 這檔有戲,0
2022/7/05,[新聞] 穩香港金融中心地位 未雨綢繆貨幣戰,24
2022/7/05,Re: [標的] 一千個崩盤的理由,11
2022/7/05,[心得] 關於 全球稀土 現況,100
2022/7/05,Re: [請益] 週五非農就數據會炸嗎？,4
2022/7/05,[新聞] 晶片法案卡關 台美晶片大廠投資同步喊停,49
2022/7/05,[請益] 週五非農就數據會炸嗎？,38
2022/7/05,[創作] 外套 (被套),34
2022/7/05,[新聞] 美元指數升破106 再衝上20年新高,34
2022/7/05,Re: [新聞] 賣掉5張台積電！305萬「All in力積電」,67
2022/7/05,[情報] 0705八大公股銀行買賣超排行,14
2022/7/05,[新聞] 2年來首見！大立光6月營收成長「雙轉正」,64
2022/7/05,[情報] 2323 中環處分有價證券(長榮海),73
2022/7/05,[情報] 0705 上市櫃外資投信同買排行,2
2022/7/05,[新聞] 新普6月營收月增1% 單月業績重回80億大關,1
2022/7/05,[創作] 愛你,7
2022/7/05,[新聞] 美國可能正經歷二戰以來最奇特的經濟衰退,63
2022/7/05,[新聞] 國際｜據報土耳其境內發現大量稀土 稱可,100
2022/7/05,[新聞] 蘋果品牌價值面對通膨比其他廠商更優勢,12
2022/7/05,[新聞] DDI價格保守恐衝擊聯詠毛利率，亞系外資,9
2022/7/05,[新聞] 半導體跌翻了 謝金河補刀：泰極否來？,38
2022/7/05,[情報] 0705 上市櫃外資投信買超金額排行,3
2022/7/05,[新聞] 中華電、中信、網家推出ALL ME卡 拓展點,6
2022/7/05,[情報] 3665 貿聯-KY 6月營收,5
2022/7/05,[新聞] 慧洋-KY 6月營收歷史次高 上半年每股稅前,35
2022/7/05,[情報] 0705上市外資買賣超排行,100
2022/7/05,[情報] 6235華孚 111年6月營收,13
2022/7/05,[心得] 一些股票心得讓你參考（若不妥請刪文）,4
2022/7/05,[創作] 公園一角,1
2022/7/05,[情報] 111年07月05日 櫃買法人買賣金額統計表,25
2022/7/05,[新聞] 半導體業重組？市值蒸發1.8兆美元　聯發5,53
2022/7/05,[新聞] 台塑新智能布局能源 王瑞瑜領軍,19
2022/7/05,Re: [請益] 書上說「十字星」形態，反轉信號來臨,9
2022/7/05,[標的] 8234.TW 新漢 負心漢何其多,9
2022/7/05,[情報] 111年07月05日 三大法人買賣金額統計表,100
2022/7/05,[創作] 進場的意義,89
2022/7/05,[情報] 0705上市投信買賣超排行,76
2022/7/05,Re: [新聞] 通膨創14年新高 南韓家庭負債為GDP104.3,2
2022/7/05,[新聞] 台積電底部未到？專家指合理價下探307元,98
2022/7/05,[新聞] 聯發科跌破600元關卡 市值跌出台股前三大,28
2022/7/05,[情報] 藥華藥(6446) 111年 6 月營收,41
2022/7/05,Re: [新聞] 通膨創14年新高 南韓家庭負債為GDP104.3,36
2022/7/05,[創作]心理遊戲,55
2022/7/05,[閒聊] 2022/07/05 盤後閒聊,49
2022/7/05,[新聞] 中國擬設5000億人民幣基礎設施投資基金,31
2022/7/05,Re: [新聞] 中國人口「越來越少」的原因與影響：印,41
2022/7/05,Re: [請益] 操作請益 為何總是買了就跌,8
2022/7/05,[新聞] 通膨創14年新高 南韓家庭負債為GDP104.3,48
2022/7/05,[請益] 書上說「十字星」形態，反轉信號來臨,60
2022/7/05,[請益] 基本面對外資來說重要嗎,27
2022/7/05,Re: [標的] 大盤逃命空，等等就-250了,7
2022/7/05,[心得] 這就是放空嗎？多汪懷疑人生,38
2022/7/05,[新聞] 新屋還在漲！Q2全台成交站上5字頭,87
2022/7/05,[新聞] 「口嫌體正直」！ 宏達電股東邊罵邊進場,34
2022/7/05,[新聞] 野村投信：大盤持續震盪整理 逢低布局長,7
2022/7/05,Re: [請益] 台股是不是證明基本面不如一碗泡麵？,7
2022/7/05,Re: [標的] 大盤逃命空，等等就-250了,5
2022/7/05,[標的] 台積電 2330.TW 現在多,15
2022/7/05,[新聞] 聯發科目標價外資砍到新低 最悲觀剩5字,44
2022/7/05,"Re: [心得] 現在一定又有人想搶反彈,今年就是輸在這",4
2022/7/05,[新聞] 台積電重要供應商警告：半導體材料價格將,28
2022/7/05,Re: [心得] 崩盤？對大多數人其實是好機會！,6
2022/7/05,Re: [心得] 高手都去美股了？,1
2022/7/05,[新聞] 櫃買中心加強防範謠言或不實訊息干擾市場,2
2022/7/05,[情報] 韓國目標2030核電達到供電30%以上,99
2022/7/05,"[心得] 現在一定又有人想搶反彈,今年就是輸在這",0
2022/7/05,Re: [標的］友達 空,2
2022/7/05,[新聞] 宏達電推出10.1吋新款平板電腦A101 主打,38
2022/7/05,"[新聞] 野村：未來1年恐有""多重衰退"" 美歐日韓同",10
2022/7/05,[心得] 今年需要的是耐心不做多，跟不要貪反彈,0
2022/7/05,[心得] 崩盤？對大多數人其實是好機會！,21
2022/7/05,[請益] 天鈺還有救嗎？六月營收炸裂...,18
2022/7/05,Re: [標的] 大盤 不建議做空,4
2022/7/05,[心得] 空頭市場 不追多不抄底是基本守則。,0
2022/7/05,Re: [新聞] 通膨增壓 鮮乳喊漲…掀萬物齊漲連鎖效應,2
2022/7/05,Re: [標的] 2498宏達電 有單多,16
2022/7/05,[新聞] Q3去庫存 DRAM價格恐季跌逾10％,24
2022/7/05,[情報] 1731 美吾華 6月營收,7
2022/7/05,[新聞] 高盛重新追蹤宏達電 喊上76元,31
2022/7/05,[新聞] 傳瑞信正削減亞洲投資銀行20多個崗位,6
2022/7/05,[閒聊] 2022/07/05 盤中閒聊,99
2022/7/05,Re: [新聞] 台幣剛創史上最大上半年跌幅　最快本季破,1
2022/7/05,[新聞] 訂單沒砍只是晚來 15檔蘋概股上演除息秀,20
2022/7/05,[情報] 2379 瑞昱 六月營收,35
2022/7/05,[新聞] 中國人口「越來越少」的原因與影響：印,100
2022/7/05,[新聞] 南韓6月物價漲6%創24年來最高 韓央行下周,67
2022/7/05,Re: [心得] 中國將步入日本失落後塵,0
2022/7/05,Re: [新聞] 台股震盪市場謠言滿天飛 證交所：散布不,10
2022/7/05,[新聞] 台幣剛創史上最大上半年跌幅　最快本季破,66
2022/7/05,[新聞] 拜登取消對陸加徵關稅 快了,45
2022/7/05,Re: [新聞] 台積電滑落4字頭是美債殖利率惹的禍？,11
2022/7/05,Re: [心得] 中國將步入日本失落後塵,70
2022/7/05,[新聞] 台積電滑落4字頭是美債殖利率惹的禍？,37
2022/7/05,Re: [請益] FED升息跟美公債殖利率關係,5
2022/7/04,[新聞] 元宇宙超夯 Yahoo 集創意數據技術之大,9
2022/7/04,[標的] 3592.TW 瑞鼎 3034.TW 聯詠  討論,1
2022/7/04,[情報] 美國ETF強弱排行榜,6
2022/7/04,Re: [請益] FED升息跟美公債殖利率關係,5
2022/7/04,Re: [新聞] 台股震盪市場謠言滿天飛 證交所：散布不,8
2022/7/04,[新聞] 4度穩股市 金管會緊盯台股尚無非理性下跌,31
2022/7/04,[標的] 買出微笑曲線50反一,24
2022/7/04,[請益] 為何台積電是外資持有最多?,35
2022/7/04,[新聞] 歐美原油期上周五大漲2％,8
2022/7/04,[請益] FED升息跟美公債殖利率關係,18
2022/7/04,[新聞] 江蘇疫情再起 無錫防控升級,30
2022/7/04,Re: [心得] 中國將步入日本失落後塵,31
2022/7/04,[新聞] 外資今年來賣超台積電77萬張 市值縮4.5兆,34
2022/7/04,Re: [請益] 台股是不是證明基本面不如一碗泡麵？,4
2022/7/04,Re: [心得] 中國將步入日本失落後塵,15
2022/7/04,Re: [新聞] 台積電向下炸裂 散戶哭喊底部在哪？專家,29
2022/7/04,[心得] 盤後資料整理(Excel格式),6
2022/7/04,[新聞] 台泥子公司三元鋰電池 英國賽車節刷新爬,7
2022/7/04,[新聞] 台積電向下炸裂 散戶哭喊底部在哪？專家,55
2022/7/04,[情報] 111年07月04日信用交易統計,92
2022/7/04,Re: [新聞] 台股震盪市場謠言滿天飛 證交所：散布不,9
2022/7/04,[請益] 請問什麼叫做資券配額不足,17
2022/7/04,Re: [新聞] 台股震盪市場謠言滿天飛 證交所：散布不,6
2022/7/04,Re: [新聞] 台股震盪市場謠言滿天飛 證交所：散布不,1
2022/7/04,[新聞] 不是升息通膨導致崩盤 而是崩盤才能解決,10
2022/7/04,[新聞] 台股震盪市場謠言滿天飛 證交所：散布不,83
2022/7/04,Re: [請益] 沒信心了怎麼調適,10
2022/7/04,[新聞] 歐元區投資者因悲觀預期而士氣低落 - Sentix,5
2022/7/04,[新聞] 羅瑋：央行緩步升息不影響經濟 今年GDP「,29
2022/7/04,[情報] 0704 上市櫃外資投信同買排行,7
2022/7/04,[新聞] 航運指數揭示中國產業鏈供應鏈穩定向好,0
2022/7/04,Re: [新聞] 台積電高雄廠生變數？公司重申規畫時程,100
2022/7/04,[新聞] 8月15日起 長榮加收從印度等多航線GRI,62
2022/7/04,[請益] 現在還是多頭市場吧,51
2022/7/04,[標的] 8478 東哥遊艇 淹水多,16
2022/7/04,[請益] 股災加升息，你們的投資策略有調整嗎？,37
2022/7/04,Re: [新聞] 砸3千萬買台灣50「一天已虧百萬」　郭哲,27
2022/7/04,[情報] 0704八大公股銀行買賣超排行,33
2022/7/04,[新聞] 台股反彈「三訊號」成熟 富邦投董座蕭乾祥：彈幅將逾2000點,31
2022/7/04,[新聞] 除息前買進陽明...一直跌該停損嗎？,18
2022/7/04,Re: [新聞] 搶先台積電 三星宣布已經開始生產3nm製程,19
2022/7/04,[新聞] WSJ：拜登可能本周宣布暫停部分陸貨的懲,28
2022/7/04,[新聞] 人事大地震！PChome集團執行長蔡凱文辭,23
2022/7/04,[新聞] 鴻海6月、Q2、上半年營收創同期高 上修全年展望,55
2022/7/04,[情報] 4743合一6月營收 mom+18100% yoy+11407%,56
2022/7/04,[情報] 0704 上市櫃外資投信買超金額排行,1
2022/7/04,Re: [新聞] 砸3千萬買台灣50「一天已虧百萬」　郭哲,5
2022/7/04,[新聞] 台積電新人「年薪2百萬」卻離職?工程師曝,67
2022/7/04,Re: [新聞] 砸3千萬買台灣50「一天已虧百萬」　郭哲,7
2022/7/04,[新聞] 搶先台積電 三星宣布已經開始生產3nm製程,41
2022/7/04,[情報] 3545敦泰 7/28除息交易日,27
2022/7/04,[新聞] 台灣晶圓製造指數上路 台積電聯電列10,9
2022/7/04,[標的] 1216 統一 多,22
2022/7/04,[新聞] 超越特斯拉！上半年比亞迪登全球電動車銷,41
2022/7/04,[情報] 0704外資買賣超排行榜,48
2022/7/04,[情報] 3265 台星科 6月營收,4
2022/7/04,[情報] 2809 京城銀6月營收公告,48
2022/7/04,Re: [新聞] 股市名嘴疑當禿鷹 金管會要查,20
2022/7/04,Re: [新聞] 儲局6月未見大縮表　僅及目標5%,12
2022/7/04,[新聞] 通膨拖累 大尺寸驅動IC報價恐再摔10％,21
2022/7/04,Re: [新聞] 股市名嘴疑當禿鷹 金管會要查,15
2022/7/04,[新聞] 投資加密幣慘賠 修圖軟體業者「美圖」虧,10
2022/7/04,Re: [標的] 大盤逃命空，等等就-250了,21
2022/7/04,[請益] 0050反1的追蹤性,15
2022/7/04,[情報] 111年07月04日 櫃買法人買賣金額統計表,25
2022/7/04,[情報] 2002 中鋼 公告除息基準日(7/26,14
2022/7/04,[標的] 電池模組公司適合當長期存股的標的嗎,12
2022/7/04,Re: [心得] 中國將步入日本失落後塵,87
2022/7/04,[情報] 0704上市投信買賣超排行,45
2022/7/04,[情報] 111年07月04日 三大法人買賣金額統計表,100
2022/7/04,[情報] 1560中砂 111年6月營收,21
2022/7/04,[新聞] 陸行之：台積電3奈米恐是敗筆 獲利率有,57
2022/7/04,[新聞] 僅零星股票下跌 國安基金暫不開臨時會,100
2022/7/04,[心得] 大盤的確還沒跌到底,36
2022/7/04,[創作] 投顧的名字(玫瑰的名字-張雨生),16
2022/7/04,[創作] 修煉愛情,7
2022/7/04,Re: [心得] 今天做多進場被套的 真的要檢討,36
2022/7/04,[新聞] LCD面板供過於求 三星暫停採購 京東方,29
2022/7/04,[創作] 健康歌,42
2022/7/04,[創作] 再見只是陌生人,0
2022/7/04,[標的] ☠2330☠   持股快負30%該停損嗎,99
2022/7/04,[閒聊] 2022/07/04 盤後閒聊,40
2022/7/04,[請益] 請問今天的高端,81
2022/7/04,[標的] 6869雲豹能源 討論,23
2022/7/04,[情報] 8044網家 本公司執行長及總經理異動,28
2022/7/04,Re: [心得] 中國將步入日本失落後塵,8
2022/7/04,Re: [標的] 台股大盤空 買50反一保護持股,18
2022/7/04,[標的] 2498宏達電 有單多,13
2022/7/04,Re: [心得] 中國將步入日本失落後塵,17
2022/7/04,Re: [心得] 今天做多進場被套的 真的要檢討,21
2022/7/04,Re: [標的] 對近期台積電市況的看法(代PO),2
2022/7/04,Re: [心得] 中國將步入日本失落後塵,31
2022/7/04,[請益] 2412中華電今天漲甚麼？,98
2022/7/04,Re: [請益] 現在拿上千萬All IN 0050 5年後會?,81
2022/7/04,[新聞] 才剛開始！亞洲新興市場 大規模外資出走,36
2022/7/04,[心得] 今天做多進場被套的 真的要檢討,-10
2022/7/04,Re: [心得] 中國將步入日本失落後塵,27
2022/7/04,[心得] 中國將步入日本失落後塵,89
2022/7/04,[新聞] 美系外資首評宏達電 目標價上看76元,42
2022/7/04,[新聞] 前兩年股市夯!小資男嫌定存賺太少「借300,19
2022/7/04,[新聞] 新台幣9月貶破30元？彭博：外資撤離台股,68
2022/7/04,Re: [標的] 大盤 不建議做空,21
2022/7/04,[心得] 週末提醒過千萬別做多。空頭年嚴禁抄底。,35
2022/7/04,[標的] 大盤逃命空，等等就-250了,41
2022/7/04,[情報] 韓國預估今年電力備載容量5.4~10%,32
2022/7/04,[新聞] 股市名嘴疑當禿鷹 金管會要查,79
2022/7/04,[閒聊] 2022/07/04 盤中閒聊,100
2022/7/04,[新聞] 重金補貼邀設廠 日經：台積電會拿了錢跑,55
2022/7/04,[新聞] 互聯網巨頭 又要大裁員,24
2022/7/04,[標的] 一千個崩盤的理由,38
2022/7/04,[新聞] 台鏈：新iPhone未砍單,16
2022/7/04,[新聞] 護盤國家隊 機動待命,70
2022/7/04,[新聞] 儲局6月未見大縮表　僅及目標5%,45
2022/7/04,Re: [標的] 大盤,18
2022/7/04,Re: [心得] 道歉文 - 高點存股不用慌,2
2022/7/03,Re: [新聞] 砸3千萬買台灣50「一天已虧百萬」　郭哲,7
2022/7/03,Re: [請益] 關於美債10年殖利率大幅下跌,17
2022/7/03,[新聞] 股市震盪 櫃買：回歸基本面理性評估,34
2022/7/03,[標的] 大盤,56
2022/7/03,[情報] 0701 處置股風險統計排行,3
2022/7/03,[新聞] 鋼鐵人硬起來 中鋼6月份出貨超標,40
2022/7/03,[請益] 關於美債10年殖利率大幅下跌,41
2022/7/03,Re: [請益] 買房是否等同5倍槓桿融資all in 0050?,27
2022/7/03,[新聞] 馬士基執行長不認為全球經濟將陷衰退,42
2022/7/03,[新聞] 美西港口工人合約到期 勞資雙方承諾繼,13
2022/7/03,Re: [心得] 道歉文 - 高點存股不用慌,25
2022/7/03,[標的] 上週開盤五日強勢股,0
2022/7/03,[新聞] 傳遭3客戶砍單、股價崩跌?台積電選這1天,99
2022/7/03,Re: [心得]  為什麼7/1買進長榮（附人權）,6
2022/7/03,[心得] 華爾街分析師超樂觀 預測盈利與S&P目標價,22
2022/7/03,[新聞] 分析師砸3千萬抄底0050　一天賠百萬怎麼,2
2022/7/03,[新聞] 法人驚曝 台積電股價救世主要來了,68
2022/7/03,[新聞] 還跌不夠？貨櫃三雄融資維持率跌破130％,25
2022/7/03,[新聞] 法人看好前景 台積電3奈米 將獨霸2～3年,63
2022/7/03,Re: [心得] 道歉文 - 高點存股不用慌,6
2022/7/03,Re: [標的] 美股 AGQ 多,9
2022/7/03,Re: [心得] 還真的有人借錢買股票,96
2022/7/03,[新聞] 金控殖利率升 投資價值浮現,16
2022/7/03,[請益] 停損立刻轉換標的,39
2022/7/03,[心得] 空頭急跌想抄底，俗稱韭菜衝火場心態,66
2022/7/03,Re: [心得] 還真的有人借錢買股票,38
2022/7/03,[標的] 貿聯-KY(3665)把績效接續起來短多,15
2022/7/03,[情報] 韓國預估Q3進口食品漲13%飼料漲12%,5
2022/7/03,[情報] 8046南電6月營收 mom+5.6% yoy+30%,60
2022/7/03,[請益] 有沒有推薦的金融股呢,88
2022/7/03,[請益] 台積電有可能降毛利求訂單嗎？,85
2022/7/03,[新聞] 歐盟正制定緊急計畫來減少進口俄羅斯能源,100
2022/7/03,[新聞] 中國半年近500項寬鬆政策 房企多未達銷,24
2022/7/03,[新聞] 砸3千萬買台灣50「一天已虧百萬」　郭哲,99
2022/7/03,[新聞] 兩年來首次季衰退　特斯拉Q2 交付量低於,23
2022/7/03,[心得]  為什麼7/1買進長榮（附人權）,17
2022/7/03,[新聞] 台積跌不休 80萬散戶套牢,39
2022/7/03,[請益] 元大證金 1.69% 專案標的獨漏鴻海,17
2022/7/03,[標的] 對近期台積電市況的看法(代PO),3
2022/7/03,[新聞] 台灣6月通膨率恐連四月超過3％,63
2022/7/03,Re: [請益] 現在買0056 是不是穩賺不賠？,37
2022/7/03,[新聞] 台灣央行總裁 楊金龍見招拆招 勇敢指導每,-10
2022/7/03,[心得] 從通貨與霸權的興替的角度觀察現代貨幣,2
2022/7/03,Re: [新聞] 中國正在消滅德國產業....繼太陽能,56
2022/7/03,[新聞] 搶當航海王 海運科系招生爆滿,43
2022/7/03,Re: [心得] 道歉文 - 高點存股不用慌,10
2022/7/03,[新聞] 美國第2季GDP萎縮2.1%經濟恐落入衰退,31
2022/7/03,[情報] 2022上半年主要世界指數表現排行榜,7
2022/7/03,[新聞] 美前財長：一旦金融市場停擺，FED縮表恐,35
2022/7/03,[心得] 還真的有人借錢買股票,99
2022/7/03,[心得] 2022H1 飆股排行榜,27
2022/7/02,[心得] 2022Q2 飆股排行榜,31
2022/7/02,[公告] 07/02 處置公告＋板務雜談,36
2022/7/02,[心得] 2022H1 腰斬排行榜,38
2022/7/02,[新聞] 美聯準會「大鴿派」官員倒戈　7月升息3碼,64
2022/7/02,[標的] 大立光目前一千六百多的股價是好的買點嗎,10
2022/7/02,[新聞] 台積電1股都沒賣！Joeman一句苦笑,30
2022/7/02,[心得] 2022Q2 腰斬排行榜,42
2022/7/02,Re: [標的] 南電走勢請益,15
2022/7/02,[請益] 這張實體股票的價值...？,23
2022/7/02,Re: [心得] 道歉文 - 高點存股不用慌,4
2022/7/02,Re: [標的] 南電走勢請益,14
2022/7/02,[心得] 道歉文 - 高點存股不用慌,79
2022/7/02,Fw: [情報] 台積電突遭2萬片砍單風暴：蘋果/AMD/NVI,90
2022/7/02,[新聞] Meta招聘砍3成　祖克柏警告深度經濟不景,30
2022/7/02,Re: [請益] 現在拿上千萬All IN 0050 5年後會?,21
2022/7/02,Re: [請益] 現在拿上千萬All IN 0050 5年後會?,10
2022/7/02,Re: [請益] 現在拿上千萬All IN 0050 5年後會?,1
2022/7/02,"[請益] 股價""溫水煮青蛙""和""垂直下墜""哪個較好?",20
2022/7/02,[新聞] 陸買292架空巴 波音：令人失望 中美地緣,47
2022/7/02,[新聞] 中國正在消滅德國產業....繼太陽能,73
2022/7/02,[新聞] iPhone 14訂單減少10％？ 分析師郭明錤：,17
2022/7/02,[請益] 勝華當初是怎麼倒的?可以借鏡嗎,25
2022/7/02,[請益] 歐美各國也有國安基金嗎？,28
2022/7/02,Re: [請益] 現在拿上千萬All IN 0050 5年後會?,100
2022/7/02,Re: [標的] 3045台灣大,24
2022/7/02,[新聞] 南亞科、力積電 遭砍目標價,47
2022/7/02,[新聞] 幣圈動盪連鎖反應 三箭資本聲請破產、Voy,24
2022/7/02,[新聞] 漢來美食認賠賣出長榮1000張 虧逾3400萬,67
2022/7/02,[標的] 2330.TW 台積電,32
2022/7/02,[請益] 現在拿上千萬All IN 0050 5年後會?,66
2022/7/02,Re: [新聞] 特斯拉 2025 年全球電動車市占僅剩 11%,7
2022/7/02,[新聞] 美瀕臨經濟衰退 小摩下修第二季GDP成長率,20
2022/7/02,[心得] Fed六月與本周觀點整理分享,18
2022/7/02,[新聞] 台股融資維持率降至135.6% 斷頭賣壓出籠,53
2022/7/02,[新聞] 巴菲特再敲進990萬股西方石油 持股破17%,45
2022/7/02,Re: [心得] 台積電未完工的新廠,98
2022/7/02,[標的] 3231  緯創  領錢聊勝於無多,24
2022/7/02,[請益] 為什麼原物料不適合長期投資？,11
2022/7/02,[新聞] 乖離太大隨時反彈 法人建議︰切莫砍在阿,26
2022/7/02,[新聞] 半導體不講真相？陸行之：美光開第1槍了,48
2022/7/02,[新聞] 台積電去年員工離職率6.8％ 高於三星、英,44
2022/7/02,Re: [新聞] 郭哲榮砸3000萬抄底台灣50...第一天秒賠,24
2022/7/02,Re: [請益] 現在買0056 是不是穩賺不賠？,19
2022/7/02,[新聞] 台股超跌還是進入熊市?杜金龍給驚人答案,13
2022/7/02,Re: [標的] 6274台燿技術線型請益 線仙請進,1
2022/7/02,Re: [請益] 定期定額VS底部重壓?,3
2022/7/02,Re: [心得] 台積電～「朕不給，你不能搶！」,13
2022/7/02,Re: [標的] 2330.TW 台積電 GG不太硬,3
2022/7/02,Re: [心得] 台積電未完工的新廠,39
2022/7/02,[新聞] 那些年我們一起押的台積電！四家公司慘套,21
2022/7/02,Re: [新聞] 張錫曝反彈時刻：還沒停損的不用停了！,54
2022/7/02,Re: [請益] 台積電該賣了嗎...？,6
2022/7/02,[標的] 中磊 長期持有多,9
2022/7/02,Re: [新聞] 台積電崩到已觸及合理價？ 專家傳授2招不,9
2022/7/02,[新聞] 綠界去年下半年配息8元配股0.5元 除權息日訂7/21,13
2022/7/02,[請益]開發金跌成這樣該逃嗎,93
2022/7/02,Re: [標的] 技術線型請益 線仙請益台燿,3
2022/7/02,[新聞] 郭哲榮砸3000萬抄底台灣50...第一天秒賠,99
2022/7/02,Re: [標的] 元太 空 8069,9
2022/7/02,[請益] 去年的晶片慌根本是廠商訂過頭吧？,37
2022/7/02,[新聞] 張錫曝反彈時刻：還沒停損的不用停了！,16
2022/7/02,[標的] 6274台燿技術線型請益 線仙請進,26
2022/7/02,[新聞] 瑞士製藥巨頭Novartis 全球將裁員8000人,21
2022/7/02,[新聞] 台股進入熊市 沈榮津:國安基金必要時進場,0
2022/7/02,[新聞] 台積電崩到已觸及合理價？ 專家傳授2招不,13
2022/7/02,[新聞] 小摩：油價恐飆至災難性的每桶380美元,41
2022/7/02,Re: [心得] 台積電未完工的新廠,41
2022/7/02,[心得] 台積電未完工的新廠,99
2022/7/02,[新聞] 亞特蘭大Fed的GDP追蹤工具顯示 美國經濟,20
2022/7/02,[新聞] 三箭資本已向紐約法院申請破產保護,22
2022/7/02,Re: [標的] 元太 空 8069,16
2022/7/02,[新聞] 法國財長要求達飛降指定貨品運價　謝,15
2022/7/02,Re: [情報] 111年07月01日信用交易統計,13
2022/7/02,Re: [新聞] 台積電ADR盤中暴跌逾6%　費半指數下殺4.4,33
2022/7/02,[標的] 持股健檢,57
2022/7/02,[新聞] 台積電ADR盤中暴跌逾6%　費半指數下殺4.4,34
2022/7/02,Re: [標的] 南電走勢請益,9
2022/7/02,[請益] 定期定額VS底部重壓?,46
2022/7/02,[心得] 漲也外資殺也外資,28
2022/7/02,Re: [標的] 南電走勢請益,11
2022/7/02,[新聞] 日圓重貶 日本iPhone、iPad罕見漲價 最多,21
2022/7/02,Re: [請益] TSM直接又跌6%是什麼操作？,-10
2022/7/02,Re: [請益] 水手請進 攤平或認錯,8
2022/7/02,Re: [請益] 半導體的美股，發生什麼事情了？,5
2022/7/02,[請益] 透過這些表現良好的共同基金提高收益?,0
2022/7/02,[標的] 南電走勢請益,15
2022/7/02,[新聞] 長榮海運現金減資六成 最後交易日為9月6,36
2022/7/01,[請益] 廢半崩成這樣，台股會完蛋嗎？,19
2022/7/01,Re: [標的] 3545 敦泰 空,8
2022/7/01,Re: [心得] 存退休金的應該要開心,10
2022/7/01,Re: [新聞] 台股跌過頭 國安基金︰不排除召開臨時會,1
2022/7/01,[標的] 台股大盤 短線抄底多,12
2022/7/01,Re: [新聞] 台股跌過頭 國安基金︰不排除召開臨時會,0
2022/7/01,[心得] 存退休金的應該要開心,100
2022/7/01,Re: [情報] 111年07月01日信用交易統計,49
2022/7/01,Re: [請益] 現在買0056 是不是穩賺不賠？,55
2022/7/01,[新聞] 基泰國產實業大樓65億元易主 處分利益每,4
2022/7/01,[新聞] 台股重創！謝金河點3大觀察指標,8
2022/7/01,Re: [新聞] 凱勝綠能攜手台數科等業者 國內首例自駕,4
2022/7/01,[情報] 本日美國數據 (5月營建支出/6月製造業PMI),9
2022/7/01,Re: [新聞] 美國減碳受挫 最高法院裁定環保署無權限,15
2022/7/01,[新聞] 美國減碳受挫 最高法院裁定環保署無權限,17
2022/7/01,[情報] 111年07月01日信用交易統計,100
2022/7/01,[新聞] 成本考量，浩鼎抗體新藥OBI-888提早終止,14
2022/7/01,[標的] 大盤 抄底多,25
2022/7/01,[心得] 盤後資料整理(Excel格式),5
2022/7/01,[請益] 7月Fed升息後買美國公司債,26
2022/7/01,[新聞] 散戶搶進便宜台積電？ 零股交易單日金額,52
2022/7/01,[情報] 1268漢來美食處分長榮普通股股份之公告,40
2022/7/01,Re: [心得]去年賺的快吐光了，該逃了嗎？,15
2022/7/01,[新聞] 歐元區通膨創歷史新低 近半國家達兩位數,10
2022/7/01,[新聞] 台股跌過頭 國安基金︰不排除召開臨時會,21
2022/7/01,[情報] 0701 上市櫃外資投信同買排行,3
2022/7/01,Re: [標的] 3714.TW 富采 翻倍暴賺多,35
2022/7/01,[新聞] 死命追台積電！南韓跪求晶片「第一命脈」,37
2022/7/01,[新聞] 小建商撐不住了？5月國銀建融倒帳29億元,42
2022/7/01,[心得] 今年等待反彈做空，是最好的逆轉機會,20
2022/7/01,[標的] 跟著大老闆買股票通常勝率會比較高嗎,6
2022/7/01,[標的] 台股大盤空 買50反一保護持股,0
2022/7/01,"[新聞] 德微6月營收1,98億元 Q2、上半年全創新",0
2022/7/01,Re: [新聞] 真的買了！豪砸3000萬買台灣50 郭哲榮承,9
2022/7/01,[新聞] 逢低布局 勞動基金自營6月再加碼,50
2022/7/01,Re: [標的] 大盤 送分題空,0
2022/7/01,Re: [標的] 3714.TW 富采 翻倍暴賺多,-10
2022/7/01,Re: [新聞] 大賣空本尊：股市將崩盤 歷史將重演,0
2022/7/01,[新聞] SCFI連三跌 歐美線修正、南美線逆勢漲,17
2022/7/01,[情報] 2603長榮訂定減資基準日,60
2022/7/01,[新聞] 很少看到！中經院：金融業對前景全部很不,13
2022/7/01,"Re: [標的] 2409 友達 (進場110張,持續加碼)",15
2022/7/01,Re: [心得] 現在賠35%以上是基本的吧？,10
2022/7/01,Re: [公告] 六月Ｐ幣徵文活動：下半年的展望,1
2022/7/01,[心得] 2022上半年半年報,21
2022/7/01,[情報] 0701八大公股銀行買賣超排行,11
2022/7/01,[新聞] 台股上半年 寫三大最慘紀錄,25
2022/7/01,Re: [心得] 202201台積電走勢,0
2022/7/01,[情報] 0701 上市櫃外資投信買超金額排行,7
2022/7/01,[新聞] 台股爆跌近500點 法人:短線過度恐慌,49
2022/7/01,"Re: [標的] 2409 友達 (進場110張,持續加碼)",24
2022/7/01,[請益] 布林通道當沖學習推薦書籍或其他影音,16
2022/7/01,[情報] 0050 下半年配息1.8元,69
2022/7/01,[情報] 台積電被三大客戶砍單？公司回應：不評,99
2022/7/01,[創作] 哥哥爸爸真偉大,16
2022/7/01,Re: [心得] 現在賠35%以上是基本的吧？,17
2022/7/01,[新聞] 歐盟有一半充電樁集中在荷蘭和德國,4
2022/7/01,Re: [新聞] 真的買了！豪砸3000萬買台灣50 郭哲榮承,74
2022/7/01,[新聞] 勞動基金：持續看好台積電等大型權值股,31
2022/7/01,[情報] AZ與牛津生醫續約生產Covid疫苗,7
2022/7/01,[請益] 悅城、中環早1個月賣台積電，是先知吧= =,14
2022/7/01,Re: [請益] 大家是什麼時候入場長榮海的？,1
2022/7/01,Re: [新聞] 整整蹲30年的日本準備要跳了？謝金河,33
2022/7/01,[心得] 把自己凹死,0
2022/7/01,Re: [請益] 國安基金為何這次態度這麼硬?,28
2022/7/01,[情報] 00692、006208 111年上半年配息,43
2022/7/01,[請益] 大家是什麼時候入場長榮海的？,68
2022/7/01,[情報] 0701上市外資買賣超排行,72
2022/7/01,[心得] 現在賠35%以上是基本的吧？,82
2022/7/01,[標的] 大盤,6
2022/7/01,[心得] 今天其實應該就算百檔跌慘了吧？,25
2022/7/01,Re: [新聞] 上海突襲封城　長榮航總座：旅客取消行程,8
2022/7/01,[新聞] 烏克蘭借道羅馬尼亞出口電力 歐盟讚雙贏,26
2022/7/01,[新聞] 為經濟衰退做準備 傳Meta將今年工程師招,16
2022/7/01,[新聞] 美國參眾兩院何時通過CHIPS法案，牽動蓋,6
2022/7/01,[情報] 111年07月01日 櫃買法人買賣金額統計表,34
2022/7/01,Re: [心得] 最後一篇分析文，也謝謝股票版曾經的前輩,0
2022/7/01,[新聞] 外資大逃殺！新台幣爆量貶破29.8元大關,62
2022/7/01,[心得] 取暖文 一張不賣奇蹟自來？,100
2022/7/01,[創作] 七月一號,4
2022/7/01,Re: [心得] 最後一篇分析文，也謝謝股票版曾經的前輩,1
2022/7/01,[情報] 111年07月01日 三大法人買賣金額統計表,100
2022/7/01,[標的] 阿里巴巴 中國藍籌股 多,0
2022/7/01,Re: [心得] 最後一篇分析文，也謝謝股票版曾經的前輩,-10
2022/7/01,[情報] 0701上市投信買賣超排行,48
2022/7/01,[新聞] 快速的熊不那麼可怕！美股下半年看漲,23
2022/7/01,[新聞] 國安基金：台股跌幅深 籲投資人勿恐慌、,73
2022/7/01,[心得]生涯報酬率(滿7年),32
2022/7/01,Re: [標的] 2603 長榮 空 航運 is over,15
2022/7/01,[請益] 股票跌破淨值代表什麼,24
2022/7/01,[請益] 這次暴跌，國安基金為何態度這麼硬?,100
2022/7/01,[標的] 大盤 不建議做空,12
2022/7/01,[創作] 天天抄底,11
2022/7/01,[標的] 大盤 落底多,16
2022/7/01,Re: [心得] 快被抬出去了,8
2022/7/01,[標的] 大盤 短線跌多多,3
2022/7/01,Re: [請益] 台積電該賣了嗎...？,5
2022/7/01,Re: [請益] 台積電該賣了嗎...？,3
2022/7/01,[請益] 歷史會如何定義我們6月所經歷的股市情況?,56
2022/7/01,[創作] 愛很大,4
2022/7/01,[新聞] 經濟衰退浮現？6月製造業展望跌破40%底線,24
2022/7/01,[創作]Gee,58
2022/7/01,[標的] 持股健檢,26
2022/7/01,Re: [請益] 水手請進 攤平或認錯,67
2022/7/01,[閒聊] 2022/07/01 盤後閒聊,0
2022/7/01,Re: [標的] 大盤 現在是不是站在懸崖邊啊,4
2022/7/01,[請益] 愛知味怎麼這麼撐,42
2022/7/01,[請益] 大立光為什麼這麼撐,25
2022/7/01,[請益] 七月如果再只升半碼 會跌到哪？,37
2022/7/01,[心得] 一天噴掉26萬的心情,80
2022/7/01,[心得]去年賺的快吐光了，該逃了嗎？,11
2022/7/01,[請益] 現在可以進場再加空嗎？,38
2022/7/01,[請益] 怡利電,9
2022/7/01,[新聞] 真的買了！豪砸3000萬買台灣50 郭哲榮承,99
2022/7/01,Re: [標的] 5351 鈺創 金玉W底翻多多,0
2022/7/01,Re: [新聞]電價平均漲8.4% 建大總裁楊銀明：應該要,0
2022/7/01,[請益] 遇到大跌要怎麼決定該砍該留？？,7
2022/7/01,[新聞] 台股下殺逾400點 國安基金︰有點「跌過頭,53
2022/7/01,[新聞] 大韭菜！勞動基金再虧損　截至5月累積賠,29
2022/7/01,[請益] 中華電為什麼這麼撐,43
2022/7/01,Re: [請益] 台積電該賣了嗎...？,4
2022/7/01,[請益] 現場買台股還是美金定期定額比較保險,14
2022/7/01,[新聞] 女股神稱誤判通膨，美國正在衰退,19
2022/7/01,[請益] 放著不管五年後再回來？,13
2022/7/01,Re: [請益] 台積電該賣了嗎...？,8
2022/7/01,[標的] 2330.TW 台積電 默默跟上2020跌幅34%,7
2022/7/01,[標的] 6674.TW 鋐寶科技,3
2022/7/01,Re: [心得] 有經歷過08金融海嘯的進來坐坐,69
2022/7/01,Re: [請益] 現在買0056 是不是穩賺不賠？,15
2022/7/01,Re: [標的] 台積電畢業文,12
2022/7/01,[請益] 股市崩跌會影響房市？,94
2022/7/01,[公告] 關於『政治推文』的罰則解說,14
2022/7/01,[心得] 把股票留在常磐森林,18
2022/7/01,[新聞] 台股續下殺！國安基金喊話：沒理由恐慌,26
2022/7/01,[請益] 台股基本面到底多穩健？,13
2022/7/01,[請益] 散戶多蛙韭菜在空頭是不是很可悲,2
2022/7/01,Re: [標的] 存骨仔求健檢,10
2022/7/01,[請益] 台積電該賣了嗎...？,100
2022/7/01,[心得] 季線乖離,7
2022/7/01,Re: [請益] 現在買0056 是不是穩賺不賠？,9
2022/7/01,Re: [請益] 各位高手，請問這跌勢到幾點會觸底,29
2022/7/01,Re: [新聞]電價平均漲8.4% 建大總裁楊銀明：應該要,0
2022/7/01,Re: [心得] 請問有辦法投降輸一半嗎…,0
2022/7/01,Re: [心得] 快被抬出去了,23
2022/7/01,Re: [新聞] 拜登告訴美國人需要「盡可能」忍受高油價,8
2022/7/01,Re: [請益] 各位高手，請問這跌勢到幾點會觸底,3
2022/7/01,Re: [情報] 美光2022Q3財報電話會議文字稿,14
2022/7/01,[新聞] 拜登告訴美國人需要「盡可能」忍受高油價,68
2022/7/01,[標的] 1560 中砂 修正空,3
2022/7/01,Re: [新聞]電價平均漲8.4% 建大總裁楊銀明：應該要,0
2022/7/01,Re: [請益] 真正空頭會有畢業典禮？,15
2022/7/01,[請益] 台泥為何這麼堅挺？,37
2022/7/01,Re: [新聞]電價平均漲8.4% 建大總裁楊銀明：應該要,7
2022/7/01,[標的] 3088艾訊 強力看多,11
2022/7/01,[新聞] 張錫：台股萬五已明顯超跌 8月強彈機會大,61
2022/7/01,Re: [新聞]電價平均漲8.4% 建大總裁楊銀明：應該要,0
2022/7/01,[新聞] 台股最慘6月 股民均損50萬,45
2022/7/01,[標的] TSN.US 泰森食品 泰！泰！泰！,3
2022/7/01,[請益] 大盤本益比是否為入場時點判斷方式？,11
2022/7/01,[心得] 2004年至今外資買賣超累計圖,24
2022/7/01,[新聞] 潘思亮籲開放飯店引進移工,34
2022/7/01,Re: [情報] 韓國上半年貿易逆差達到103億美金,4
2022/7/01,[請益] 下波空頭發力點會在債務與金融危機嗎?,5
2022/7/01,[新聞] 傳台積遭大客戶修正訂單;成熟製程擴產放,57
2022/7/01,Re: [新聞] 台積電攻千元新共識 高盛升台股高點,9
2022/7/01,[新聞] 虧很大！勞動基金今年前5月慘賠2311億,99
2022/7/01,[新聞] 好市多砸10.5億美元收購台灣全部股權 台,40
2022/7/01,[請益] 8299群聯已跌破10年線,48
2022/7/01,Re: [美股] UPST MNDY SQ 多,15
2022/7/01,Re: [新聞]電價平均漲8.4% 建大總裁楊銀明：應該要,19
2022/7/01,[心得] KD背離是進場機會,83
2022/7/01,[新聞] 外資匯出新台幣貶至29.726元 6月累計貶,37
2022/7/01,[請益] 拿房貸抄底00878可行嗎,38
2022/7/01,[新聞] 張鈞甯大賺他慘賠 趙正平爆氣：聯電有種,57
2022/7/01,[新聞] 國安基金 不排除下周開會,98
2022/7/01,[新聞] 上半年當沖客慘賠184.2億元,24
2022/7/01,Re: [情報] 美股跳水中,3
2022/7/01,Re: [新聞] 瑞士科學期刊刊登高端疫苗「保護力84%」,13
2022/7/01,[閒聊] 2022/07/01 盤中閒聊,100
2022/7/01,[情報] 韓國上半年貿易逆差達到103億美金,41
2022/7/01,[情報] 美光2022Q3財報電話會議文字稿,23
2022/7/01,Re: [新聞]電價平均漲8.4% 建大總裁楊銀明：應該要,-10
2022/7/01,[新聞] 美股創半世紀來最慘 標普500上半年崩20%,25
2022/7/01,[新聞] 需求放緩 美光科技業績指引遠遠不及預期,18
2022/7/01,[新聞] 除息熄火 貨櫃三雄運價下滑,27
2022/7/01,[新聞] 台股買點出現了？ 郭哲榮發豪語：跌破萬,25
2022/7/01,[新聞] 蘋果前首席律師認罪內線交易,18
2022/7/01,[請益]  融資對大盤的影響,19
2022/7/01,[新聞]電價平均漲8.4% 建大總裁楊銀明：應該要,99
2022/6/30,Re: [新聞] 美5月消費支出意外萎縮 四大指數開低走低,50
2022/6/30,[標的] 大盤 融資斷頭反彈多,11
2022/6/30,[心得] 2022年上半年 半年報,9
2022/6/30,Re: [請益] 今天算是第二隻腳嗎？,3
2022/6/30,[新聞] 台積目標價 高盛下調,85
2022/6/30,[新聞] 快訊／美股開盤也重挫！道瓊暴跌超過500,35
2022/6/30,[新聞] 美5月消費支出意外萎縮 四大指數開低走低,32
2022/6/30,[心得] 202201台積電走勢,0
2022/6/30,Re: [請益] 是不是該全面放空台股？,5
2022/6/30,[請益] 幫小孩存20年該選擇什麼標的？,99
2022/6/30,[新聞] 台積電頻破底！這公司砸近億元進場抄底,19
2022/6/30,[心得] 在台灣當空軍根本賠多賺少吧?,33
2022/6/30,[新聞] 坦言房市買氣縮手　富宇盼「政府手下留,7
2022/6/30,[新聞] 瑞士科學期刊刊登高端疫苗「保護力84%」,57
2022/6/30,[情報] 0630 上市櫃外資投信同買排行,3
2022/6/30,[標的] 4979 華星光 大盤下殺我自己漲!!,6
2022/6/30,[新聞] 瑞典抗通膨升息2碼 創22年來最大升息幅度,13
2022/6/30,[情報] 111年06月30日信用交易統計,65
2022/6/30,[心得] 盤後資料整理(Excel格式),5
2022/6/30,[新聞] 愛山林董座點名4區恐泡沫 直言:房子拿來,36
2022/6/30,[標的] 2382.TW 廣達 討論 (廣達適合長期存股嗎),33
2022/6/30,[新聞] 南韓晶片庫存激增53.4% 全球記憶晶片需求,41
2022/6/30,[情報] 0630 上市櫃外資投信買超金額排行,3
2022/6/30,Re: [請益] 今天算是第二隻腳嗎？,8
2022/6/30,[新聞] 濾能今掛牌上櫃；全年營運看樂觀,44
2022/6/30,[新聞] 台股崩跌414點 金管會：尚未看到非理性,99
2022/6/30,[情報] 台股大盤單月跌點/跌幅排行一覽,27
2022/6/30,[新聞] MicroStrategy持續收購比特幣作為儲備資產,18
2022/6/30,Re: [請益] 今天算是第二隻腳嗎？,15
2022/6/30,Re: [請益] 今天算是第二隻腳嗎？,41
2022/6/30,Re: [請益] A股是不是最大贏家？,0
2022/6/30,[Stock] 看板 選情報導,9
2022/6/30,Re: [請益] 今天算是第二隻腳嗎？,98
2022/6/30,Re: [請益] 大陸這波QE對於世界的影響？,7
2022/6/30,Re: [請益] A股是不是最大贏家？,5
2022/6/30,[新聞] 「人民幣」付款 印最大水泥商向俄買煤炭,39
2022/6/30,[請益] 我發現近年的美股波動大於臺股？,0
2022/6/30,Re: [請益] 大陸這波QE對於世界的影響？,17
2022/6/30,[情報] 0630八大公股銀行買賣超排行,32
2022/6/30,[請益] 今天算是第二隻腳嗎？,55
2022/6/30,[請益] 大陸這波QE對於世界的影響？,27
2022/6/30,[新聞] 南韓成全球首個開放蘋果應用第三方支付,8
2022/6/30,Re: [請益] A股是不是最大贏家？,2
2022/6/30,[標的] 2340 5425 台亞 台半 亞半亞半空,7
2022/6/30,[心得] 2022 上半年 半年報,12
2022/6/30,Re: [請益] A股是不是最大贏家？,17
2022/6/30,[心得] 2022 上半年 半年報,20
2022/6/30,[新聞] 《金融股》台中銀辦現增 7月19日除權息,27
2022/6/30,[情報] 8440 綠電代子公司公告取得有價證券(台積,7
2022/6/30,[心得] 2022年上半年半年報,47
2022/6/30,[情報] 8440綠電取得台積電股票,42
2022/6/30,[新聞] 光寶宋恭源女密友偷聽電話　買股海削5千,22
2022/6/30,[情報] 0630上市外資買賣超排行,63
2022/6/30,[新聞] 連代銷大老都嘆「房價嚇死人」　點名4縣,81
2022/6/30,[心得] 2022 一月~六月操作,58
2022/6/30,[情報] 111年06月30日 櫃買法人買賣金額統計表,26
2022/6/30,[新聞] 中鋼：鋼市最晚8月起來,40
2022/6/30,[心得] 台股期貨上半年操作損益分享,61
2022/6/30,Re: [情報] 美股跳水中,0
2022/6/30,[請益] 金管會都不管作弊的證券商嗎？,37
2022/6/30,Re: [情報] 美股跳水中,26
2022/6/30,[情報] 111年06月30日 三大法人買賣金額統計表,100
2022/6/30,Re: [情報] 美股跳水中,10
2022/6/30,Re: [情報] 美股跳水中,18
2022/6/30,[情報] 0630上市投信買賣超排行,25
2022/6/30,[新聞] 台股跳水「下探14800關卡」！證交所喊話,52
2022/6/30,[情報] 美股跳水中,99
2022/6/30,[創作] 欣興傷我心,19
2022/6/30,[創作] 龔琳娜 - 忐忑,4
2022/6/30,[創作] 金管會,1
2022/6/30,[創作] 派對咖阿姨,66
2022/6/30,[新聞] 台股跌破萬五大關　國安基金先按兵不動,48
2022/6/30,[創作] 咻比嘟嘩 - 世界末日,17
2022/6/30,[新聞] 高端「新冠疫苗」擬申請WHO緊急使用授權,19
2022/6/30,[新聞] 藥華藥急殺翻黑！觸動「暫緩撮合」機制,12
2022/6/30,[閒聊] 2022/06/30 盤後閒聊,25
2022/6/30,Re: [請益] 大盤 大跌 量縮 是什麼訊號?,2
2022/6/30,[新聞] 熱門族群》成長動能強 文曄、元太權證有,5
2022/6/30,Re: [請益] 大盤 大跌 量縮 是什麼訊號?,7
2022/6/30,Re: [請益] 大盤 大跌 量縮 是什麼訊號?,0
2022/6/30,Re: [請益] 大盤 大跌 量縮 是什麼訊號?,10
2022/6/30,[新聞] 美銀悲看半導體：PC/智慧機/遊戲疲勢恐,32
2022/6/30,[情報] 韓國明年最低工資調漲5%,38
2022/6/30,Re: [請益] 這波下跌，是不是七八年級生又被收割,74
2022/6/30,[新聞] 三星發布3奈米量產 台積電回測480元關卡,51
2022/6/30,[請益] 大盤 大跌 量縮 是什麼訊號?,68
2022/6/30,Re: [新聞] 歐美英三大央行總裁：全球進入通膨新時代,17
2022/6/30,[新聞] 台股摜破萬五 融資斷頭血流成河,97
2022/6/30,[新聞] 歐美英三大央行總裁：全球進入通膨新時代,16
2022/6/30,[新聞] 5月製造業景氣燈號 分數止跌續亮黃藍燈,56
2022/6/30,[新聞] 羨慕！ 女股神張鈞甯的「藥華藥」超越台,60
2022/6/30,[新聞] 鮑爾不保證軟著陸,18
2022/6/30,Re: [請益] 線圖下跌有量跟無量差別,0
2022/6/30,[標的] 8440 綠電，缺電多,14
2022/6/30,[新聞] 台股重挫逾300點跌破萬五　國安基金操盤,98
2022/6/30,[請益] 線圖下跌有量跟無量差別,10
2022/6/30,[標的] 3545 敦泰 抄底搶劫多,23
2022/6/30,Re: [心得] 有人跟我一樣覺得台股跌的不合理嗎？,11
2022/6/30,Re: [標的] 2330台積電,55
2022/6/30,[請益] 台股熔斷機制？,4
2022/6/30,[請益] t50反的追蹤效率及成分合理性？,8
2022/6/30,[請益] 美股台股關係 美股漲 台股漲 那錢哪裡來?,0
2022/6/30,[標的] 2412 中華電,24
2022/6/30,[新聞] 晶片業沒戲唱？驚爆庫存壓力炸鍋 慘迎首,31
2022/6/30,Re: [標的] 大盤 現在是不是站在懸崖邊啊,8
2022/6/30,[公告] 06/30 股市黑特區,21
2022/6/30,[新聞] 法人：台股不排除回測波段低點15102點,17
2022/6/30,[新聞] 台灣命根子在這！謝金河籲「1產業守不住,4
2022/6/30,[新聞] 三星李在鎔歐洲出差後，定調三星技術導向,3
2022/6/30,[請益] 對岸的金融擠兌會燒到台灣金融股嗎,27
2022/6/30,[請益] 破萬五是進場撈黃金的好時機嗎？,45
2022/6/30,[新聞] 深入實測「暗黑股票APP」　裝傻哥挖出內,8
2022/6/30,[閒聊] 2022/06/30 盤中閒聊,100
2022/6/30,[新聞] 外資狙擊貨櫃雙雄、4檔金融股 長榮貼息,12
2022/6/30,[請益] 關於金融除權息 開發金,60
2022/6/30,[情報] 美國政府與輝瑞BNT達成新疫苗協議,9
2022/6/30,[新聞] 徐旭東：亞泥轉型綠能產業,24
2022/6/30,Re: [請益] 聯電買在四字頭還可以長期持有嗎,13
2022/6/30,Re: [標的] AMD NVDA 空頭再臨 討論,6
2022/6/30,[新聞]《富爸爸》作者:等比特幣下探1100美元抄底,42
2022/6/29,[新聞] Fed四官員挺7月升3碼 淡化經濟衰退疑慮,46
2022/6/29,[新聞] 俄油走後門進歐洲 買家用人民幣、武器支,60
2022/6/29,"[新聞] 美Q1 GDP不如預期,消費支出疲,Q2亦堪憂",19
2022/6/29,[新聞] 美國請求南韓參與對俄石油制裁,45
2022/6/29,[新聞] 台積中科設廠 環評卡關,95
2022/6/29,[創作] Letting GO,7
2022/6/29,[情報] 111年06月29日信用交易統計,74
2022/6/29,Re: [新聞] 俄羅斯正考慮透過外匯手段來阻止盧布升值,24
2022/6/29,Re: [請益] 大戶的休息一下到底是甚麼意思,0
2022/6/29,[情報] 0629 上市櫃外資投信同買排行,5
2022/6/29,[新聞] 俄羅斯正考慮透過外匯手段來阻止盧布升值,83
2022/6/29,[情報] 2891中信金 7/14除息交易日,15
2022/6/29,Re: [請益] 聯電買在四字頭還可以長期持有嗎,30
2022/6/29,[情報] 0629 上市櫃外資投信買超金額排行,3
2022/6/29,[新聞] 勞資再過招！基本工資工作小組會議討論通,17
2022/6/29,[情報] 1268 漢來美食 取得有價證券(長榮海,36
2022/6/29,[新聞] 自營商除息前大買長榮的理由？法人說分明,25
2022/6/29,[新聞] 長榮除息秀失靈 自營商倒貨成元兇  專家：上次看到長榮90元,33
2022/6/29,[新聞] 〈海運股除息〉長榮開漲逾3% 早盤穩填息,5
2022/6/29,[新聞] 宏達電股價急漲急跌 5月每股虧0.35元,41
2022/6/29,[新聞] 「股神」巴菲特再斥資4400萬美元增持西,12
2022/6/29,[新聞] 目前貨櫃運量未顯示全球將陷衰退,46
2022/6/29,[請益] 版上定期定額的人多嗎？,53
2022/6/29,[新聞] 股市下單APP當機錯怪台灣大　台灣大：將,26
2022/6/29,[請益] 聯電買在四字頭還可以長期持有嗎,98
2022/6/29,[情報] 0629八大公股銀行買賣超排行,15
2022/6/29,[新聞] SK生物科學研發首款國產新冠疫苗獲使用,8
2022/6/29,[標的] 4915 致伸 請益,24
2022/6/29,Re: [請益] EPS > 股價   到底會發生什麼事？,6
2022/6/29,[新聞] 電價漲產業恐爆出走潮 謝金河嗆：那你移移看,94
2022/6/29,[新聞] Yole預測：2027年GaN市場破20億美元、汽,18
2022/6/29,[情報] 111年06月29日 櫃買法人買賣金額統計表,27
2022/6/29,[新聞] 日本、韓國與德國汽車廠積極搶佔氫燃料車,23
2022/6/29,[新聞] 徐旭東稱電漲15%太用力 王美花盼體諒,33
2022/6/29,[情報] 0629上市外資買賣超排行,100
2022/6/29,[創作] 眼底星空,28
2022/6/29,[新聞] 防疫險今年來理賠126億,77
2022/6/29,[情報] 111年06月29日 三大法人買賣金額統計表,100
2022/6/29,[創作] 嘉賓,18
2022/6/29,[新聞] 三星3奈米傳明日正式量產 採GAA架構,42
2022/6/29,[請益] 根據分析師請假或重播判斷未來大盤,13
2022/6/29,[情報] 0629上市投信買賣超排行,35
2022/6/29,[創作] 股市總司令,99
2022/6/29,[情報] 亞泥(1102) 07/28除息 3.4元,14
2022/6/29,[標的] 大盤 短多長空,21
2022/6/29,[創作] 七套郎 & 畢業歌(今年夏天),3
2022/6/29,[新聞] 亞系外資下修聯詠目標價至260元 創外資,16
2022/6/29,[閒聊] 2022/06/29 盤後閒聊,100
2022/6/29,Re: [新聞] 俄氣停止另一台對北溪天然氣管道的機器,17
2022/6/29,[新聞] 歐盟批准 2035年起禁售燃油車,48
2022/6/29,Re: [新聞] G7正為「俄油價格上限」接近達成協議,18
2022/6/29,Re: [標的] 大盤 現在是不是站在懸崖邊啊,7
2022/6/29,[標的] 3045台灣大,34
2022/6/29,[心得] 推估FED未來的操作與目前現況,57
2022/6/29,Re: [請益] 60元或55元以下的聯電還是老天的禮物嗎,31
2022/6/29,Re: [新聞] 中國擠兌不單純 恐爆大醜聞,50
2022/6/29,[標的] 大盤 現在是不是站在懸崖邊啊,53
2022/6/29,[新聞] 訂單能見度縮短？外資喊殺聚陽、豐泰,14
2022/6/29,[新聞] 聯發科打世界盃 攜手美國普渡大學成立半,27
2022/6/29,[請益] 顯示盤中跌破/站上季線的APP請益,4
2022/6/29,[新聞] 長榮海運逆勢朝填息之路挺進 一度填息29%,81
2022/6/29,[新聞] 談漲電價 徐旭東：調整溫柔一點比較好,15
2022/6/29,[新聞] 沒有最低 聯詠再遭外資砍價到260元,24
2022/6/29,[新聞] 環球晶將斥資50億美元在美國德州建造12吋,9
2022/6/29,Re: [標的] 4142.TW國光生不逢時病毒多,1
2022/6/29,Re: [新聞] 中國擠兌不單純 恐爆大醜聞,80
2022/6/29,[標的] NVDA AMD 不知道怎麼辦 討論,0
2022/6/29,Re: [標的] 遠東新 1402 多,67
2022/6/29,[新聞] 寧德募資2000億元 拿過半資金去理財,23
2022/6/29,[標的] 3711.tw 日月光控股--除息討論,19
2022/6/29,[新聞] 三星量產89吋Micro LED　友達、錼創搶進,36
2022/6/29,[閒聊] 2022/06/29盤中閒聊,99
2022/6/29,Re: [請益] 大戶為什麼不賣在最好價錢而是要砸盤？,6
2022/6/29,[新聞] Fed多位官員淡化經濟衰退疑慮 認為美國可,24
2022/6/29,[新聞] 大陸、香港證監會聯合公告：ETF通7月4日,4
2022/6/29,[新聞] 外資匯出 台幣終結連三升,18
2022/6/29,[新聞] 雲豹能源股東會聚焦5大獲利引擎！,45
2022/6/29,[新聞] 通膨消費者信心劇跌 重挫道瓊跌近500點,26
2022/6/29,[新聞] 美西碼頭勞資協商 沒結論,29
2022/6/29,Re: [新聞] 國際油價漲 原油期ETF勁揚2～4％,12
2022/6/29,[標的] QCOM 傳言將繼續為蘋果提供通訊晶片,24
2022/6/28,[新聞] 國際油價漲 原油期ETF勁揚2～4％,11
2022/6/28,[公告] 06/28 處置公告,66
2022/6/28,[新聞] 新海航首次還息日「跳票」 海南銀行：如,15
2022/6/28,[新聞] 中國擠兌不單純 恐爆大醜聞,94
2022/6/28,[新聞] 日經推測：自駕與 AI 等先進領域，可能,47
2022/6/28,[新聞] 抄底航運周上演中?郭哲榮剖析長榮填息路,16
2022/6/28,Re: [請益] 某銀行債券的網銀參考報價(%)怎麼會這樣?,10
2022/6/28,Re: [請益] 大戶為什麼不賣在最好價錢而是要砸盤？,11
2022/6/28,[新聞] 中國放寬防疫措施提振 四大指數開高,8
2022/6/28,Re: [新聞] 美國小麥產量擴大 價格觸及2月以來新低,3
2022/6/28,[新聞] 長虹配發現金股利4.41元　李耀中：未來,6
2022/6/28,[新聞] 《半導體起霧》下半年變數大，IC設計怎麼,4
2022/6/28,[情報] 111年06月28日信用交易統計,37
2022/6/28,[新聞] 西瓜換房到惡意不買房 中國官商花招盡出,26
2022/6/28,Re: [請益] 大戶為什麼不賣在最好價錢而是要砸盤？,4
2022/6/28,[標的] RKLB to the moon,0
2022/6/28,Re: [新聞] 聯發科5G晶片 地表最強,34
2022/6/28,[新聞] 市場預期南韓將史上首次升息50基點 以防,62
2022/6/28,[標的] 寶雅 長線多,30
2022/6/28,[新聞] 《航運股》陽明續填息 長榮低檔爆量買盤,38
2022/6/28,[新聞] 建構元宇宙生態系 宏達電跨界結盟打群架,17
2022/6/28,[標的] 8299.TWO 群聯 討論 (最近股價怎麼了),22
2022/6/28,[情報] 量大分點齊買最近一日買超1000張 0628,0
2022/6/28,[請益] 大戶為什麼不賣在最好價錢而是要砸盤？,79
2022/6/28,[情報] 0628八大公股銀行買賣超排行,29
2022/6/28,Re: [請益] 你們的看盤軟體正常嗎?,5
2022/6/28,[情報] 2323中環取得聯發科股票,53
2022/6/28,Re: [新聞] 「接大單」竟是「接大刀」？庫存滿山谷,19
2022/6/28,[新聞] 穩定幣龍頭 Tether 遭空軍鎖定,20
2022/6/28,[新聞] 新制裁釀俄債違約風暴 7壽險公司未收利息,24
2022/6/28,[情報] 0628 上市櫃外資投信同買排行,1
2022/6/28,[標的] 3714.TW 富采 翻倍暴賺多,95
2022/6/28,Re: [標的] 大盤 融資斷頭多,5
2022/6/28,[情報] 0628上市櫃外資投信買超金額排行,5
2022/6/28,[新聞] 美國小麥產量擴大 價格觸及2月以來新低,52
2022/6/28,[新聞] 澳洲和新加坡將於2024年啟動大型潔淨能,22
2022/6/28,[請益] 某銀行債券的網銀參考報價(%)怎麼會這樣?,8
2022/6/28,[標的] 2905 三商 閒錢 牛肉麵好吃多,28
2022/6/28,Re: [新聞] 宏達電元宇宙手機現身 單機售價11990元,9
2022/6/28,Re: [新聞] 馬克龍告訴拜登中東幾乎不能再增產了,16
2022/6/28,[請益] 氮化鎵還有搞頭嗎？,35
2022/6/28,Re: [標的] 1904.tw 正隆怎麼了,19
2022/6/28,[情報] 0628上市外資買賣超排行,88
2022/6/28,[新聞] 「接大單」竟是「接大刀」？庫存滿山谷,27
2022/6/28,[情報] 111年06月28日 櫃買法人買賣金額統計表,13
2022/6/28,[標的] 1904.tw 正隆怎麼了,32
2022/6/28,[新聞] HTC 年度新手機正式登場！主打萬元初定,91
2022/6/28,Re: [標的]  2885.TW  元大金怎麼了?,10
2022/6/28,[新聞] 元大金、新光金今日雙雙除息 走勢卻呈二,12
2022/6/28,[新聞] 宏達電元宇宙手機現身 單機售價11990元,99
2022/6/28,[情報] 111年06月28日 三大法人買賣金額統計表,91
2022/6/28,[發錢] 猜不中就發錢,98
2022/6/28,[情報] 0628上市投信買賣超排行,38
2022/6/28,[心得] 美國聯準會對銀行的壓力測試,10
2022/6/28,[新聞] 中興電：今年獲利雙位數成長 產能一路滿,25
2022/6/28,[新聞] 馬克龍告訴拜登中東幾乎不能再增產了 沙,67
2022/6/28,[閒聊] 2022/06/28 盤後閒聊,24
2022/6/28,[標的] 2885.TW 元大金怎麼了?,85
2022/6/28,[新聞] 陽明拚填息、長榮棄息賣壓重 法人這樣說,46
2022/6/28,[新聞] 台股下殺逾200點多家券商下單軟體卻卡關,57
2022/6/28,[新聞] 股票軟體大當機 證期局:台灣固網機房斷電,68
2022/6/28,Re: [新聞] 日本央行6月利率會議意見 認為物價上,26
2022/6/28,[新聞] 專家：當心安慰性反彈 美股最兇猛漲勢均,15
2022/6/28,[新聞] 宜蘭老農收簡訊加投資APP！2個月「買進」,75
2022/6/28,[請益] 你們的看盤軟體正常嗎?,99
2022/6/28,[新聞] 亞洲央行出手阻貶 外匯存底大縮水,27
2022/6/28,[新聞] 聯發科5G晶片 地表最強,98
2022/6/28,[新聞] Nike下修全年毛利率預估 審慎看待大陸,5
2022/6/28,[請益] 2609陽明淨值,34
2022/6/28,[閒聊] 2022/06/28盤中閒聊,100
2022/6/28,[新聞] 用電大戶漲15%和預期落差太大 產業界：,59
2022/6/28,[新聞] 科技大老示警 H2景氣審慎偏保守,9
2022/6/28,Re: [標的] 2330.TW 台積電 一年160億度電 電價漲價,15
2022/6/28,[新聞] 股海老手「帳面-40%」仍堅持1張不賣,70
2022/6/28,Re: [標的] 大盤 融資斷頭多,5
2022/6/28,[新聞] 日本央行長期國債持倉突破總量50%,44
2022/6/28,Re: [心得] S&P500 當前本益比圖表分享,2
2022/6/27,Re: [創作] 介紹好用的分點籌碼分析APP,3
2022/6/27,Re: [新聞] G7正為「俄油價格上限」接近達成協議,35
2022/6/27,[新聞] 中國恒大遭申請清盤 陸企在港掛牌第三家,14
2022/6/27,[新聞] 台股反彈 「華爾街大亨」郭哲榮:看好長榮,33
2022/6/27,[新聞] 為了籌集資金回購 納斯帕斯預計售出騰訊,4
2022/6/27,[新聞] 台新金、新光金發重訊「透露合併」 遭證交所各罰10萬元,68
2022/6/27,[情報] 111年06月27日信用交易統計,58
2022/6/27,[情報] 2323 中環 處分有價證券(陽明,38
2022/6/27,Re: [標的] 大盤 融資斷頭多,10
2022/6/27,[新聞] 環球晶宣布 在美國德州興建12吋新廠,22
2022/6/27,[新聞] 外資假設與現實背離 長榮財務結構已改善,8
2022/6/27,[新聞] Allied：Q2快結束航運市場波動仍未緩解,7
2022/6/27,[心得] 盤後資料整理(Excel格式),7
2022/6/27,[新聞] 數據是戰略資產 美銀喊買Palantir 隱含,36
2022/6/27,[新聞] 房市降溫！國銀房貸、建築貸款增速同步,22
2022/6/27,[新聞] 經部：電價調漲豁免門檻放寬 影響CPI估0.,24
2022/6/27,[新聞] 零負評？王雪紅出任聯想獨董，宏達電「股漲」，還引來這聯想,55
2022/6/27,[新聞] G7正為「俄油價格上限」接近達成協議,73
2022/6/27,[標的] 4142.TW國光生不逢時病毒多,6
2022/6/27,Re: [心得] S&P500 當前本益比圖表分享,7
2022/6/27,[請益] 如何查詢開戶的交易平台是否合法？,8
2022/6/27,[情報] 0627八大公股銀行買賣超排行,30
2022/6/27,[新聞] 若電價大漲5-8％ 國泰金：對CPI衝擊最大,35
2022/6/27,[心得] S&P500 當前本益比圖表分享,15
2022/6/27,Re: [標的] 大盤 融資斷頭多,23
2022/6/27,[標的] 2330.TW 台積電 一年160億度電 電價漲價,100
2022/6/27,[創作] 永遠負債《做空的人》片尾曲,3
2022/6/27,[情報] 0627 上市櫃外資投信同買排行,6
2022/6/27,[情報] 0627 上市櫃外資投信買超金額排行,7
2022/6/27,[情報] 國內電價住宅用戶不漲 大戶電價調漲平均8.4%,100
2022/6/27,[情報] 韓國宣布7月電價調漲,40
2022/6/27,Re: [請益] 用簡單KD指標及均線回測多頭市場成效,8
2022/6/27,[新聞] 5月景氣燈號續亮綠燈,45
2022/6/27,[新聞] 元宇宙反撲》位速、宏達電強鎖漲停 無券,39
2022/6/27,[新聞] 群聯股價重返300元、明除息　亞系外資狠,17
2022/6/27,[新聞] 台積營收將超車英特爾,34
2022/6/27,[新聞] 國際清算銀行警告 各大經濟體瀕臨通膨陷,9
2022/6/27,[標的] 2356.TW 英業達 討論,21
2022/6/27,[新聞] 調漲電價加劇通膨壓力？經長：政府會努力,11
2022/6/27,[請益] 買主動型基金跟參加投顧的差別是?,28
2022/6/27,[情報] 0627上市外資買賣超排行,83
2022/6/27,[新聞] 長榮目標價砍剩70元太超過?老謝破盲點,0
2022/6/27,[情報] 111年06月27日 櫃買法人買賣金額統計表,16
2022/6/27,[心得] 菜雞近期操盤心得3(台指期),32
2022/6/27,[新聞] G7啟動6000億美元的基礎設施計畫來抗中,35
2022/6/27,[情報] 111年06月27日 三大法人買賣金額統計表,100
2022/6/27,[情報] 0627上市投信買賣超排行,50
2022/6/27,[新聞] 陽明衝漲停「長榮股東信心大增」 專家：,76
2022/6/27,[新聞] 投資大師霍華馬克斯：進場撿便宜時機已到,33
2022/6/27,[新聞] 海尼根併購三洋維士比子公司 成台首家國,80
2022/6/27,[新聞] 俄羅斯驚爆百年來首次外債違約！台灣投,57
2022/6/27,[閒聊] 2022/06/27 盤後閒聊,43
2022/6/27,"Re: [請益] 請問所得稅20%, 參加除權息是虧的嗎",24
2022/6/27,[標的] 大盤 短多,3
2022/6/27,[情報] 6446藥華藥：私募者均在閉鎖期無法買賣,38
2022/6/27,Re: [新聞] 量子計算一大步：澳洲科學家發表全世界,12
2022/6/27,Re: [請益] 收租 vs 收股息？,22
2022/6/27,Re: [新聞] 日本央行6月利率會議意見 認為物價上揚是,14
2022/6/27,Re: [新聞] 量子計算一大步：澳洲科學家發表全世界,3
2022/6/27,Re: [新聞] 電價明天調漲？民進黨團：調整是合理且,9
2022/6/27,[新聞] 量子計算一大步：澳洲科學家發表全世界,32
2022/6/27,Re: [新聞] 日本央行6月利率會議意見 認為物價上,57
2022/6/27,[新聞] 謝金河／全民幫用電大戶買單 是思考電價,6
2022/6/27,[情報] 韓國7/1燃料稅減免擴大到37%,9
2022/6/27,"Re: [請益] 請問所得稅20%, 參加除權息是虧的嗎",45
2022/6/27,[新聞] 日本央行6月利率會議意見 認為物價上揚是,47
2022/6/27,[新聞] 神祕大戶砸逾3億元 狂買元大台灣50反1,99
2022/6/27,"[請益] 請問所得稅20%, 參加除權息是虧的嗎?",62
2022/6/27,[新聞] 央行頭好痛！國際清算銀行示警 通膨炸開,47
2022/6/27,[請益] 如果以過去來看，回到高點要多久？,22
2022/6/27,[請益] 3138耀登買400該如何處理,58
2022/6/27,Re: [請益] 收租 vs 收股息？,3
2022/6/27,[新聞] 債券支付期限至仍無動靜 俄羅斯瀕臨違約,15
2022/6/27,Re: [請益] 收租 vs 收股息？,28
2022/6/27,[標的] 5483 中美晶,20
2022/6/27,[新聞] 聯準會是認真的 華爾街大老預測：明年利,49
2022/6/27,[閒聊] 2022/06/27盤中閒聊,100
2022/6/27,[新聞] 爛尾樓風暴？ 銀行須謹慎,45
2022/6/27,[新聞] 元太奪騰訊大單,28
2022/6/27,[新聞] 貨櫃雙雄除息秀 陽明今登場,59
2022/6/27,Re: [請益] 收租 vs 收股息？,14
2022/6/27,[新聞]43 歲才理財一點都不晚，女老師 5 年攢千,21
2022/6/27,[標的] 00631L 元大台灣50正2,14
2022/6/27,[新聞] 半導體30、航運期貨 掛牌,12
2022/6/26,Re: [新聞] 電價調漲在即 工總：只漲大戶不公平,11
2022/6/26,[請益] 不會增加稅金的投資,74
2022/6/26,[新聞] 華為在瑞典就5G禁令提上訴 遭法院駁回,10
2022/6/26,[新聞] 俄減供天然氣 德經長節能5分鐘內洗完澡,48
2022/6/26,[新聞] 陽明明除息搶「7字頭」法人：看進場訊號,73
2022/6/26,[標的] 5243乙盛-KY(投信+轉折之王)多,5
2022/6/26,[新聞] 突發！160億項目停擺欠薪！實控人被拘,19
2022/6/26,[新聞] 電價明天調漲？民進黨團：調整是合理且,98
2022/6/26,[新聞] 快訊/聯亞8聲明控遭中資不法架空 圖謀,18
2022/6/26,[新聞] 史上首見！央行無差別升息 銀行股「升息,8
2022/6/26,[新聞] 晶圓代工今年聚焦12吋產能擴充　成熟製程,14
2022/6/26,Re: [請益] 配息結果股價比配息低,21
2022/6/26,[新聞] 看好VR新市場 宏達電28日發表元宇宙手機,38
2022/6/26,[新聞] 星宇航空申請公開發行 市場傳最快9月上,32
2022/6/26,Re: [請益] 收租 vs 收股息？,86
2022/6/26,[新聞] 電價調漲在即 工總：只漲大戶不公平,49
2022/6/26,[心得] 美股機構觀點整理 悲觀卻也有老蘇同路人,14
2022/6/26,[請益] 收租 vs 收股息？,93
2022/6/26,Re: [新聞] 美國房市急凍！摩根大通房貸部門將裁,0
2022/6/26,[新聞] 蝦皮母公司擬大裁員,55
2022/6/26,[新聞] 獨家｜遠傳friDay開電商第一槍　驚爆裁員,21
2022/6/26,[情報] 3360尚立 7/12除權息交易日,19
2022/6/26,[新聞] 台積電快輸了？三星3奈米搶先量產 技術超,10
2022/6/26,[新聞] 中國狠坑10年 寮國崩潰 債務佔GDP直逼9成,100
2022/6/26,[公告] 06/26 處置公告＋板務雜談,32
2022/6/26,[新聞] 股市暴跌怎麼辦？ 巴菲特以2016年股災為,71
2022/6/26,[標的] 冷門：花仙子、凱撒衛、永記、崇友、櫻花,47
2022/6/26,[新聞] 連2創新高 台積電股東數逼近139萬,98
2022/6/26,[新聞] 拜登同其他G7領導人：將禁止從俄進口黃金,74
2022/6/26,[新聞] 鐵路貨運打結 美零售商頭痛,38
2022/6/26,[情報] 06/27~07/01 美股財報行事曆,6
2022/6/26,[新聞] 航運股慘跌 老謝：花旗目標價砍有點低,45
2022/6/26,Re: [新聞] 歐系外資送暖台積電 喊出850元目標價,31
2022/6/26,[情報] 韓國預測7~8月通膨上升至6%左右,34
2022/6/26,[新聞] 台股融資減肥、籌碼沉澱！　法人：短線,15
2022/6/26,[新聞] 高殖利率10大個股點名！陽明飆上20％居冠,38
2022/6/26,[新聞] 歐系外資送暖台積電 喊出850元目標價,27
2022/6/26,[新聞] 德國碼頭工人昨日再度發動罷工,34
2022/6/26,[新聞] 為什麽00878不是發股息，而是「收益平準,35
2022/6/26,[新聞] 美國強升息，逼出台灣壽險業大麻煩...一,33
2022/6/26,[新聞] 陽明 可望跌深反彈,23
2022/6/26,[請益] 興櫃股票變未上市股票，該怎麼賣,19
2022/6/26,Re: [新聞] 7成客戶擬重議長約價 國內航運：不符現狀,22
2022/6/26,Re: [新聞] 7成客戶擬重議長約價 國內航運：不符現狀,31
2022/6/26,Re: [請益] 虛擬貨幣跟股市的連動性,43
2022/6/25,[新聞] 台股擂台 郭哲榮本周看好長榮 萬海,98
2022/6/25,[新聞] 運價爆長約價重談? 業內抖第一手內幕,13
2022/6/25,Re: [新聞] 7成客戶擬重議長約價 國內航運：不符現狀,0
2022/6/25,Re: [新聞] 7成客戶擬重議長約價 國內航運：不符現狀,27
2022/6/25,[新聞] 仁寶示警 下半年恐旺季不旺,33
2022/6/25,[新聞] 驚！空巴與解放軍企業技術共享 中國CEO是,17
2022/6/25,[新聞] 投顧：台股6月已跌多 下週可望反彈,33
2022/6/25,Re: [新聞] 7成客戶擬重議長約價 國內航運：不符現狀,23
2022/6/25,[標的] 大盤 空軍殲滅反彈多,15
2022/6/25,[新聞] 成熟製程產能傳鬆動 力積電周跌14%,26
2022/6/25,[創作] 介紹好用的分點籌碼分析APP,100
2022/6/25,[情報] 英國可能為公部門公衛工作者加薪4~5%,4
2022/6/25,Re: [新聞] 花旗大砍長榮、陽明目標價,68
2022/6/25,[新聞] 騰訊傳多部門將裁員 有部門裁50%或全裁,9
2022/6/25,Re: [新聞] 旅遊驚天價1／一表看各國機票漲幅最高111,7
2022/6/25,[心得] Fed本周發言整理分享 鴿派鷹 鷹派鴿,30
2022/6/25,[新聞] 旅遊驚天價1／一表看各國機票漲幅最高111,35
2022/6/25,Re: [公告] 六月Ｐ幣徵文活動：下半年的展望,0
2022/6/25,Re: [新聞] 7成客戶擬重議長約價 國內航運：不符現狀,59
2022/6/25,[新聞] 投資詐騙橫行！他將錢存到這平台下場慘,19
2022/6/25,[新聞]內外資棄息 瑞儀(6176)股價滑落至兩年低點,21
2022/6/25,Re: [新聞] 7成客戶擬重議長約價 國內航運：不符現狀,13
2022/6/25,[新聞] 高端說明疫苗保護力 林奕華批避重就輕,41
2022/6/25,Re: [新聞] 新型的電動車電池可行駛達 1000 公里,29
2022/6/25,[新聞] 中國救房市花招百出 青島「惡意不買房」,99
2022/6/25,[新聞] 聯合國警告全球糧食災難來臨,12
2022/6/25,[新聞] 美國房市急凍！摩根大通房貸部門將裁員逾,60
2022/6/25,[新聞] 今年原油進口恐破300億美元 8年新高,13
2022/6/25,[新聞] 3大資金緊箍咒 衝擊下半年房市,45
2022/6/25,[情報] 1101台泥 公告本公司股利除權除息基準日,39
2022/6/25,[新聞] 經濟日報社論／利率向上謹慎評估房市衝擊,5
2022/6/25,[新聞] 台股今年高點已過！群益金融集團：下修,53
2022/6/25,Re: [新聞] Fed壓力測試顯示：美大銀行全都耐得住嚴,6
2022/6/25,Re: [新聞] 美股早盤「道瓊大漲600點」　三大指數全,40
2022/6/25,[新聞] 台達中國吳江廠增資 9.2 億，持續擴大產,5
2022/6/25,Re: [新聞] 7成客戶擬重議長約價 國內航運：不符現狀,17
2022/6/25,Re: [情報] 0056調整前後持股比例排名及張數差異,9
2022/6/25,[新聞] 尚凡本業、業外獲利靚,9
2022/6/25,[新聞] 股市偏安機會到了？謝金河給下半年訊號,27
2022/6/25,[新聞] 存股速度跟不上房價漲幅　投資達人：支,54
2022/6/25,[新聞] 機械業看新台幣匯率 穩定之外也應適度貶,13
2022/6/25,[新聞] 花旗大砍長榮、陽明目標價,51
2022/6/25,Re: [新聞] 7成客戶擬重議長約價 國內航運：不符現狀,54
2022/6/25,[新聞] Fed壓力測試顯示：美大銀行全都耐得住嚴,30
2022/6/25,[標的] 2498 宏達電 軋空行情多,83
2022/6/25,Re: [新聞] 期交所將推台灣半導體30指數期貨及航運,4
2022/6/25,[創作] 亞細亞的孤兒,24
2022/6/24,[新聞]【台積電底在哪1】「沒看過如此扎實的完,43
2022/6/24,[新聞] 央行調升金融機構準備金乙戶利率！　配合,6
2022/6/24,Re: [新聞] 英國薪水增長為4% - 不到通膨的一半,8
2022/6/24,[新聞] 義隆電子擴大投資深耕高雄 陳其邁：完整,12
2022/6/24,[新聞] 美股早盤「道瓊大漲600點」　三大指數全,77
2022/6/24,[情報] 6592 和潤董事會通過辦理現增發行特別股,7
2022/6/24,[情報] 3481群創 7/11除息交易日,22
2022/6/24,[新聞] 猴痘入侵台灣 密切接觸者暴增至19人,30
2022/6/24,[情報] 111年06月24日信用交易統計,48
2022/6/24,Re: [新聞] 大陸南方「流感病例數」創近年新高！　多,3
2022/6/24,[新聞] 新型的電動車電池可行駛達 1000 公里,24
2022/6/24,Re: [新聞] 買60張00878！妹子配息「進帳5位數」爽翻,11
2022/6/24,[新聞] 中國職場社交平台脈脈被曝大規模裁員,6
2022/6/24,[情報] 2841 台開 8月4日起終止上市,16
2022/6/24,[新聞] 傳深圳市中國銀行出現擠提,63
2022/6/24,[新聞] 大陸南方「流感病例數」創近年新高！　多,21
2022/6/24,[心得] 盤後資料整理(Excel格式),12
2022/6/24,Re: [請益] 100萬用來創業較好?還是投資股票較好?,18
2022/6/24,[情報] 0056調整前後持股比例排名及張數差異,30
2022/6/24,[新聞] 7成客戶擬重議長約價 國內航運：不符現狀,48
2022/6/24,[新聞] 買60張00878！妹子配息「進帳5位數」爽翻,26
2022/6/24,Re: [心得] 美股低點差不多了,7
2022/6/24,[新聞] 半導體供應鏈 6 大重點！外資保守但看好,9
2022/6/24,[新聞] 跨太平洋航線的集裝箱現貨運價已經開始低,21
2022/6/24,[標的] 板卡廠適合當長期存股的標的嗎,14
2022/6/24,Re: [新聞]自營商罕見買超台股141億元 官股券商,11
2022/6/24,[新聞] 中華電不藏了！光世代優惠「300M 載速」,62
2022/6/24,[情報] 0624八大公股銀行買賣超排行,12
2022/6/24,[情報] 0624 上市櫃外資投信同買排行,2
2022/6/24,[新聞] 散戶逃亡！證券劃撥存款餘額跌破3兆 創13個月新低,41
2022/6/24,[標的] 2330台積電,98
2022/6/24,Re: [新聞]自營商罕見買超台股141億元 官股券商,28
2022/6/24,[情報] 0624 上市櫃外資投信買超金額排行,0
2022/6/24,[新聞] NASA先進空中運輸國家計畫加入更多合作,5
2022/6/24,[新聞] 美國30年房貸利率飆至5.81％ 寫2008年11,46
2022/6/24,[情報] 0624 SCFI指數4216.13(-5.83)-0.138%,68
2022/6/24,Re: [標的] 長榮 陽明 多更多,17
2022/6/24,[新聞] 通過壓力測試！Fed：美銀行能輕鬆渡過嚴,59
2022/6/24,[情報] 111年06月24日 自營商買賣超彙總表,64
2022/6/24,[情報] 0624上市外資買賣超排行,53
2022/6/24,[情報] 111年06月24日 櫃買法人買賣金額統計表,28
2022/6/24,[情報] 愛之味(1217) 07/12除息 0.3元,24
2022/6/24,[情報] 111年06月24日 三大法人買賣金額統計表,100
2022/6/24,Re: [新聞] 央行「僅」升半碼抗通膨　民怨炸鍋灌爆,47
2022/6/24,[新聞] 高點已過！群益：下修今年低點至13000點,26
2022/6/24,[情報] 0624上市投信買賣超排行,52
2022/6/24,Re: [標的] 2603 長榮 請益 年利率216%嗎,8
2022/6/24,[新聞] 鄉林17年來首虧損　賴正鎰：無差別打房逼,-10
2022/6/24,[標的] 3088 艾訊 多,17
2022/6/24,[新聞] 美國白宮與東岸11州的合作夥伴關係旨在加,8
2022/6/24,Re: [新聞] 央行「僅」升半碼抗通膨　民怨炸鍋灌爆,20
2022/6/24,[新聞] 批前朝去核電「愚蠢」南韓總統尹錫悅要復,99
2022/6/24,[閒聊] 2022/06/24 盤後閒聊,48
2022/6/24,[新聞] 台積電跌破4字頭？專家看1指標　關鍵「地板價」曝,15
2022/6/24,[標的] 台指期做多?,28
2022/6/24,Re: [請益] Re: [請益] 操作請益 為何總是買了就跌,4
2022/6/24,[請益] 高通膨 低失業率 or 高失業率？,14
2022/6/24,[請益] Re: [請益] 操作請益 為何總是買了就跌,14
2022/6/24,[新聞] 央行「僅」升半碼抗通膨　民怨炸鍋灌爆,99
2022/6/24,[標的] 2603 長榮 請益 年利率216%嗎,66
2022/6/24,[標的] 長榮 陽明 多更多,40
2022/6/24,[新聞] 老船長返航 等反彈看這訊號,14
2022/6/24,[請益] 高盛預測油價怎麼這麼不準?,19
2022/6/24,[新聞] 王美花證實「電價調漲」擬妥多方案　工業,47
2022/6/24,Re: [心得] 休學文（停損）,5
2022/6/24,Re: [新聞] 差一點！國安基金就創第8度進場護盤紀錄,4
2022/6/24,[標的] 3491昇達科 做夢結束空,1
2022/6/24,[新聞] 美國、歐盟等國家宣布實施全球石油和天然,26
2022/6/24,[新聞] 差一點！國安基金就創第8度進場護盤紀錄,60
2022/6/24,[新聞] 采鈺公開申購 凍資569億,30
2022/6/24,Re: [心得] 致敬大衛史雲生投資組合=股+債+REITS配置,5
2022/6/24,[標的] 3552 同致 多多多,5
2022/6/24,[新聞] 美財政部長耶倫或下月訪韓,4
2022/6/24,Re: [新聞] 【一線採訪】中國現擠兌潮 儲戶：有先兆,42
2022/6/24,[標的] 台積電這幾天再跌什麼?,83
2022/6/24,[標的] niu 多,0
2022/6/24,[閒聊] 2022/06/24 盤中閒聊,100
2022/6/24,[請益] 富台指是不是比摩台指更有指標性？,9
2022/6/24,[新聞] 日圓下探24年新低 瑞銀估Q3有望轉升,17
2022/6/24,[新聞] Netflix 第二度裁員 約三百人,31
2022/6/24,[標的] 2603.TW長榮 沈船空,30
2022/6/24,Re: [心得] 休學文（停損）,9
2022/6/24,[標的] 6727.TW 亞泰金屬 冷門多,7
2022/6/24,[心得] 休學文（停損）,75
2022/6/23,[新聞] 村鎮銀行爆雷 擠兌風暴蔓延,69
2022/6/23,[心得] 經濟為什麼會衰退,47
2022/6/23,[新聞] 【一線採訪】中國現擠兌潮 儲戶：有先兆,59
2022/6/23,[新聞] 台股融資再減37億 大盤維持率144.79%創27,55
2022/6/23,Re: [情報] 美國PMI數據逼近50榮枯線 僅51.2,10
2022/6/23,[新聞] 台開風波演不完　私募案定價遭質疑太便宜,9
2022/6/23,[請益] 元大大買陽明是因為0056？,32
2022/6/23,[情報] 美國PMI數據逼近50榮枯線 僅51.2,62
2022/6/23,[心得] 盤後資料整理(Excel格式),6
2022/6/23,[新聞] 兆豐洲際半導體ETF 27日掛牌上市,6
2022/6/23,[心得] 畢業文 已放棄信仰,28
2022/6/23,Re: [請益] EPS比股價高會發生什麼事,32
2022/6/23,[新聞] 達麗「岡山樂購廣場」今開幕　新屋房價,24
2022/6/23,Re: [標的] 大盤 融資斷頭多,5
2022/6/23,[情報] 111年06月23日信用交易統計,69
2022/6/23,[新聞] 逃命波？5月台股小反彈 壽險業卻減碼逾,8
2022/6/23,[新聞] 央行護盤！新台幣午後走升 收29.782元,51
2022/6/23,[新聞] 台股6月跌逾1600點！金管會緊盯 必要時將,19
2022/6/23,[心得] 致敬大衛史雲生投資組合=股+債+REITS配置,14
2022/6/23,[情報] 中再保決議召開股東臨時會,9
2022/6/23,Re: [心得] 花旗長榮的報告是人工智慧寫的嗎？,15
2022/6/23,[心得] 花旗長榮的報告是人工智慧寫的嗎？,31
2022/6/23,[情報] 2636 台驊控股取得陽明海運股票,40
2022/6/23,"[新聞] 最懂航運的人 台驊勇敢加碼陽明3,000張",51
2022/6/23,[情報] 0623八大公股銀行買賣超排行,17
2022/6/23,[新聞] 韓兩大股指再創年度新低 匯率創近13年新,20
2022/6/23,[情報] 0623 上市櫃外資投信同買排行,4
2022/6/23,Re: [請益] 各位高手，請問這跌勢到幾點會觸底,11
2022/6/23,Re: [標的] 2449 京元電電吃三碗空,1
2022/6/23,[標的] 2002.TW 中鋼 幾年解套實驗(燕)多,36
2022/6/23,[情報] 0623元大台灣高股息(0056)基金權重,94
2022/6/23,[情報] 0623 上市櫃外資投信買超金額排行,3
2022/6/23,[情報] 2323中環取得長榮股票,100
2022/6/23,Re: [請益] 各位高手，請問這跌勢到幾點會觸底,7
2022/6/23,Re: [新聞] 台股6月暴跌 國安基金伺機進場,53
2022/6/23,[新聞] 電價漲逼走製造業？台泥董：國外更貴,73
2022/6/23,Re: [情報] 3034聯詠 7/12除息交易日,13
2022/6/23,Re: [新聞] 聯準會主席開嗆：升息將會繼續下去！,7
2022/6/23,[新聞] 漲電價要出走？王文淵：台灣是個島要去哪,100
2022/6/23,[情報] 0623上市外資買賣超排行,73
2022/6/23,[情報] 0623上市投信買賣超排行,42
2022/6/23,[新聞] 被動元件族群 百元俱樂部銳減,28
2022/6/23,[請益] 低軌衛星取代電纜+基地台?,31
2022/6/23,[情報] 111年06月23日 櫃買法人買賣金額統計表,22
2022/6/23,Re: [情報] 2323中環取得長榮股票,41
2022/6/23,[情報] 111年06月23日 三大法人買賣金額統計表,100
2022/6/23,[標的] 2303 聯電 發現看錯方向空peko,37
2022/6/23,Re: [請益] 各位高手，請問這跌勢到幾點會觸底,6
2022/6/23,[新聞] 專家：美經濟預期將溫和衰退 投資人應更,20
2022/6/23,[新聞] 歐洲被告知做好被俄羅斯全面斷氣的準備,92
2022/6/23,Re: [新聞] 上海突襲封城　長榮航總座：旅客取消行程,3
2022/6/23,[新聞] 台鹽股東會吳容輝續任董事長 決定投入綠能產業,22
2022/6/23,[創作］寂寞的戀人啊,16
2022/6/23,[創作] 刪海,8
2022/6/23,[創作] 恭喜發財,59
2022/6/23,[閒聊] 2022/06/23 盤後閒聊,51
2022/6/23,[心得] 美股低點差不多了,39
2022/6/23,[請益] 今天大盤算守住支撐嗎？,27
2022/6/23,[請益] 晶圓代工還有救嗎？是景氣循環股？,57
2022/6/23,[新聞] 台股絕佳買點？ 郭哲榮發豪語：跌破萬五,66
2022/6/23,[標的] 長榮這樣下去會到哪裡？,85
2022/6/23,[新聞] 攻暑假旺季！宏達電投資動畫IP《小鳥之翼,12
2022/6/23,[新聞] 台股「跌到腳麻」！專家看3跡象：別慌！,60
2022/6/23,[新聞] 台股市值蒸發近10兆元 每位國民財富平均,51
2022/6/23,[新聞] 一卡通電子支付用戶數破500萬 獲准公開,8
2022/6/23,[新聞] 好狠！美系外資大砍長榮目標價　從160元,100
2022/6/23,Re: [新聞] 拜登將要求國會暫停徵收汽油稅,51
2022/6/23,[新聞] 看好電子紙趨勢 大摩喊買元太,15
2022/6/23,Re: [新聞] 經濟部長王美花證實電價要漲 漲幅下周一,18
2022/6/23,[請益] 小資持股健檢,7
2022/6/23,Re: [請益] 這種股票是不是很適合當沖放空,4
2022/6/23,[新聞] 聯發科除息行情失靈 早盤股價挫一度見699,66
2022/6/23,Re: [標的] 大盤 融資斷頭多,0
2022/6/23,[新聞] 經濟部長王美花證實電價要漲 漲幅下周一,100
2022/6/23,Re: [請益] 這種股票是不是很適合當沖放空,4
2022/6/23,[標的] 南光 撲炎喜多,7
2022/6/23,Re: [新聞] 瑞士科學期刊：高端疫苗「保護力84%」,33
2022/6/23,[新聞] 追繳壓力爆棚 融資戶悲歌關鍵是「它」,12
2022/6/23,[新聞] 特斯拉2家新廠狂燒錢 馬斯克：已巨虧數十,17
2022/6/23,[新聞] 電子支付用戶破500萬 卡片發行逾5500萬張,25
2022/6/23,Re: [心得] Re:元大0050正2（00631L）會不會跟原油,28
2022/6/23,Re: [標的］友達 空,20
2022/6/23,[閒聊] 2022/06/23 盤中閒聊,100
2022/6/23,[新聞] 元宇宙標準論壇 宏達電入列,51
2022/6/23,[新聞] 缺料...晶圓代工擴產放緩,20
2022/6/23,Re: [標的] 2603.TW 論長榮融資殺完的可能性,42
2022/6/23,[新聞] 鮑爾承認升息可能導致經濟衰退 稱軟著陸,38
2022/6/23,[新聞] 台股6月暴跌 國安基金伺機進場,80
2022/6/23,[新聞] IEF：今年石油資本支出料停,5
2022/6/23,[心得] Re:元大0050正2（00631L）會不會跟原油,6
2022/6/23,[新聞] 瑞士科學期刊：高端疫苗「保護力84%」,67
2022/6/23,[新聞] 美妝巨頭露華濃破產「股價卻暴漲91%」,4
2022/6/23,[新聞] 水泥業怎麼減碳？台泥近5年8成資本支出,13
2022/6/23,Re: [新聞] 聯準會主席開嗆：升息將會繼續下去！,48
2022/6/23,[新聞] 第一支合規 作空比特幣 ETF 上紐約證交所,27
2022/6/23,[新聞] 聯準會主席開嗆：升息將會繼續下去！,46
2022/6/22,Re: [標的] 2603.TW 論長榮融資殺完的可能性,58
2022/6/22,[新聞] 聯發科等26檔6/23除息 大盤估蒸發41.96點,33
2022/6/22,[新聞] 「晶片之神」Jim Keller吐槽 AMD在其離,36
2022/6/22,Re: [新聞] 超車台積？韓媒曝：三星下週宣佈量產3奈,6
2022/6/22,[新聞] 鮑爾鷹派發言 四大指數開低,19
2022/6/22,Re: [標的] 2603 長榮多拉多,42
2022/6/22,[新聞] 鮑爾：有必要持續升息 馴伏火熱的通膨,66
2022/6/22,[新聞] 白宮擬立法限制菸品尼古丁含量 短期內難,17
2022/6/22,Re: [請益] 配息結果股價比配息低,4
2022/6/22,[新聞] 中國大舉搶購俄油 每桶比沙國原油便宜17,63
2022/6/22,Re: [心得] 各位還相信一張不賣 奇蹟自來嗎？,17
2022/6/22,[新聞] 三星智慧型手機庫存達5000萬支…台廠聯發,38
2022/6/22,[請益] Fed目標利率訂價台股,10
2022/6/22,[情報] 111年06月22日信用交易統計,84
2022/6/22,Re: [請益] 5347 世界還有救嗎？,9
2022/6/22,[標的] 2603.TW 論長榮融資殺完的可能性,97
2022/6/22,[新聞] 產業大用戶用電大增 今用電量衝破歷史新,48
2022/6/22,[新聞] 通膨持續惡化！英5月通膨攀逾40年高 央,16
2022/6/22,[新聞] 國泰金首創 國泰證智能客服增ETF IPO申購,5
2022/6/22,[新聞] 拜登將要求國會暫停徵收汽油稅,59
2022/6/22,Re: [標的] 2603 長榮多拉多,20
2022/6/22,Re: [心得] 台股正式步入空頭走勢,9
2022/6/22,[新聞] 航運指標股淪難兄難弟？陽明遭法人降評,30
2022/6/22,[新聞] 《航運股》貨櫃巨頭強強聯手 出航中南美,6
2022/6/22,[請益] 本人抱著台泥，但今天新聞?,30
2022/6/22,[標的] 2330 台積電 穩定賺錢多,63
2022/6/22,[標的] 2618 長榮航 弟弟股價噴出多,8
2022/6/22,[新聞] 台股目標指數 高盛再下修,27
2022/6/22,[情報] 0622八大公股銀行買賣超排行,14
2022/6/22,[心得] 投資指數型ETF就能擊敗大盤？以S&P500 E,27
2022/6/22,[情報] 0622 上市櫃外資投信同買排行,7
2022/6/22,[新聞] 俄羅斯煉油廠被無人機攻擊後起火,60
2022/6/22,[情報] 量大分點齊買最近一日買超 0622,2
2022/6/22,[標的] 2603 長榮多拉多,36
2022/6/22,Re: [新聞] 電價27日開會將漲8％ 經部：注意對民生物,25
2022/6/22,[情報] 0622 上市櫃外資投信買超金額排行,4
2022/6/22,[新聞] Meta和微軟等公司抱團制定元宇宙產業標-,21
2022/6/22,[新聞] 電價27日開會將漲8％ 經部：注意對民生物,75
2022/6/22,[新聞] 德國財長：歐盟2035年禁售燃油車是錯誤-,53
2022/6/22,Re: [請益] 多久算長線投資？,40
2022/6/22,[新聞] 美日合作2奈米 仍無法撼動台積電獨到的優,53
2022/6/22,[情報] 0622上市外資買賣超排行,100
2022/6/22,[公告] 簡易違規處置,3
2022/6/22,[新聞] 德產業團體砍經濟成長預估 警告俄氣停供,34
2022/6/22,[心得] 超小金額畢業文？,42
2022/6/22,[情報] 111年06月22日 櫃買法人買賣金額統計表,34
2022/6/22,Re: [心得] 各位還相信一張不賣 奇蹟自來嗎？,24
2022/6/22,[情報] 111年06月22日 三大法人買賣金額統計表,89
2022/6/22,[情報] 3034聯詠 7/12除息交易日,62
2022/6/22,[創作] 台北公園評比及實用設施彙整,100
2022/6/22,[請益] 融資抱接近一年半收到到期通知該怎麼處理,32
2022/6/22,Re: [心得] 各位還相信一張不賣 奇蹟自來嗎？,9
2022/6/22,[情報] 0622上市投信買賣超排行,59
2022/6/22,Re: [請益] 多久算長線投資？,4
2022/6/22,Re: [請益] 多久算長線投資？,0
2022/6/22,[新聞] 洪水樹的8％經營術？可成董座股東會建議,12
2022/6/22,Re: [新聞] 亞洲最佳書店變百貨公司　誠品陷「二房東模式」大難題,27
2022/6/22,[請益] 多久算長線投資？,43
2022/6/22,[心得] 停滯性通膨已開始,31
2022/6/22,[心得] 腳麻了,33
2022/6/22,[新聞] 韓元貶至13年新低 今年表現淪新興亞幣最,25
2022/6/22,[創作] 薛岳-天梯,5
2022/6/22,[創作] 空城,4
2022/6/22,[創作] 水手,16
2022/6/22,[創作] 股友,3
2022/6/22,Re: [新聞] 聯發科傳下修Q3投片量 新品投片速度也放,10
2022/6/22,[閒聊] 2022/06/22 盤後閒聊,41
2022/6/22,[新聞] 英國薪水增長為4% - 不到通膨的一半,14
2022/6/22,[心得] 韭菜停損文,72
2022/6/22,[情報] 2002 中鋼 111年5月份自結,31
2022/6/22,[心得] 又過了一年 你們還好嗎,0
2022/6/22,[標的][標的] 大盤 嘎了給給 崩崩崩,11
2022/6/22,Re: [請益] 要怎麼避免昨天加碼多？,7
2022/6/22,Re: [請益] 要怎麼避免昨天加碼多？,91
2022/6/22,[心得] 台灣物價飆漲勢必造成經濟萎靡不振,4
2022/6/22,Re: [新聞] 林伯豐：電價若只漲用電大戶是處罰 製造,4
2022/6/22,Re: [新聞] 克萊默警告：若股市再漲 通膨恐難降,4
2022/6/22,[新聞] 電價擬調漲8% 經濟部：下周一開審議會,100
2022/6/22,Re: [新聞] 網家獲利衰退 詹宏志：今年不改善 我薪資變成0,5
2022/6/22,[新聞] 林伯豐：電價若只漲用電大戶是處罰 製造,4
2022/6/22,Re: [新聞] 網家獲利衰退 詹宏志：今年不改善 我薪資變成0,6
2022/6/22,[請益] 股票交易 證劵商和證交所的關係,3
2022/6/22,[新聞] 克萊默警告：若股市再漲 通膨恐難降,41
2022/6/22,[請益] 所有人預計經濟衰退 是否就會經濟衰？,14
2022/6/22,Re: [新聞] 網家獲利衰退 詹宏志：今年不改善 我薪資變成0,21
2022/6/22,[標的] 大盤 融資斷頭多,29
2022/6/22,[新聞] 15檔元宇宙概念股 勇敢作夢,5
2022/6/22,[新聞] 網家獲利衰退 詹宏志：今年不改善 我薪資變成0,29
2022/6/22,Re: [情報] 06/21 ~ 06/24 美股財報行事曆,6
2022/6/22,[新聞] 從馬斯克給Rivian和Lucid的警告，看電動,5
2022/6/22,Re: [請益] 真正空頭會有畢業典禮？,6
2022/6/22,[新聞] 超車台積？韓媒曝：三星下週宣佈量產3奈,47
2022/6/22,[標的] 5347 世界還有救嗎？,75
2022/6/22,[新聞] 新建案屋頂擬強制設太陽光電 太陽能類股,91
2022/6/22,Re: [標的]  特斯拉 vs. waymo 自動駕駛誰會贏？,8
2022/6/22,[請益] 這種股票是不是很適合當沖放空,14
2022/6/22,[新聞] 非蘋智慧手機庫存爆倉 供應鏈面臨砍單,25
2022/6/22,[新聞] 航運股沈船 法人建議本周看到反彈就減碼!,46
2022/6/22,Re: [新聞] 油價飆升危機》拜登籲石油業「增產報國,14
2022/6/22,[新聞] 台股暴跌暴漲撿便宜 郭哲榮曝絕佳買點！,37
2022/6/22,[新聞] 期貨商論壇／長榮期 謹慎操作,6
2022/6/22,[新聞] 油價飆升危機》拜登籲石油業「增產報國,78
2022/6/22,[標的] 長榮航空 摸頭空,19
2022/6/22,[標的] 2618長榮航,28
2022/6/22,[閒聊] 2022/06/22 盤中閒聊,100
2022/6/22,Re: [心得] 記錄A 篩選短線交易股票,2
2022/6/22,[新聞]  美西線運價倒掛 長約價恐重談,52
2022/6/22,[新聞] 美股齊漲逾2％ 道瓊升641點 特斯拉奔9%,22
2022/6/22,Re: [標的] 大盤 TopGun 4DX超好看多,0
2022/6/22,[新聞] 群創跨半導體領域 起步走,21
2022/6/22,Re: [新聞] 資金買盤恐撤場　57%民眾受限股災買房觀,38
2022/6/21,[新聞] 資金買盤恐撤場　57%民眾受限股災買房觀,27
2022/6/21,[新聞] 台南企業董事長楊清峰：今年營運「審慎樂,12
2022/6/21,[新聞] 聯發科傳下修Q3投片量 新品投片速度也放,47
2022/6/21,Re: [心得] 技術分析到底有沒有用？試了就知道！,5
2022/6/21,Re: [標的] 2409 友達,22
2022/6/21,[請益]R: 要怎麼避免昨天停損？,3
2022/6/21,Re: [請益]要怎麼避免昨天停損？,5
2022/6/21,Re: [請益]要怎麼避免昨天停損？,0
2022/6/21,[標的] 4130健亞本週噴的機會可能只有一天,3
2022/6/21,Re: [標的] 2409 友達,14
2022/6/21,Re: [請益]要怎麼避免昨天停損？,2
2022/6/21,Re: [請益]要怎麼避免昨天停損？,3
2022/6/21,Re: [標的] 4162 智擎 無腦多,3
2022/6/21,[新聞] 7 月中國北戴河會議期間，禁止特斯拉車輛,6
2022/6/21,Re: [標的] 2409 友達,98
2022/6/21,[新聞]後年Q1美衰退率7成？美銀：Fed恐傻住不知,26
2022/6/21,Re: [請益]要怎麼避免昨天停損？,6
2022/6/21,Re: [標的]  特斯拉 vs. waymo 自動駕駛誰會贏？,2
2022/6/21,Re: [請益]要怎麼避免昨天停損？,0
2022/6/21,[情報] 111年06月21日信用交易統計,98
2022/6/21,[新聞] 興富發台中合建案 總銷300億,36
2022/6/21,[標的]  特斯拉 vs. waymo 自動駕駛誰會贏？,19
2022/6/21,Re: [標的] MU 長期成長多,4
2022/6/21,[新聞] 高端疫苗22日起開放信用交易,43
2022/6/21,[情報] 0621 上市櫃外資投信同買排行,0
2022/6/21,Re: [請益]要怎麼避免昨天停損？,2
2022/6/21,[新聞] 吳東亮：央行升息半碼很小心 我們應是摸著石頭過河,8
2022/6/21,Re: [請益]要怎麼避免昨天停損？,7
2022/6/21,[請益]要怎麼避免昨天停損？,100
2022/6/21,[新聞] 《半導體》面板驅動IC惡化更甚預期 這檔,1
2022/6/21,[新聞] 馬斯克再唱衰美國經濟！示警衰退不可避免,57
2022/6/21,[請益] 為什麼買基金？,2
2022/6/21,[情報] 0621八大公股銀行買賣超排行,13
2022/6/21,[標的] 2449 京元電電吃三碗空,6
2022/6/21,Re: [請益] 今天有比去年5/12恐慌嗎？,4
2022/6/21,Re: [新聞] 弟弟派加持 長榮航盤中攻漲停,11
2022/6/21,Re: [請益] 今天有比去年5/12恐慌嗎？,32
2022/6/21,[創作] Come on baby - let's go paralytic,4
2022/6/21,[新聞] 英特爾乘勝追擊 再向歐盟追討6.24億美元,5
2022/6/21,[情報] 0621 上市櫃外資投信買超金額排行,2
2022/6/21,[心得] 專業分析師也會犯的近因偏誤：看漲說漲，,1
2022/6/21,[情報] 2883開發金 7/6除息交易日,37
2022/6/21,[情報] 6415矽力-KY 股票面額變更之換發基準日,3
2022/6/21,Re: [新聞] 台積電(2330)套在660元，被同事笑高點不,8
2022/6/21,[新聞] 全球股市不斷更新｜拜登一句話！道瓊期,44
2022/6/21,[活動] 下半年的展望,9
2022/6/21,[新聞] 拜登抗通膨 擬打組合拳,35
2022/6/21,[新聞] 亞馬遜終於開始測試無人機送貨服務，新,27
2022/6/21,[新聞] 生泰併入報表＆感冒藥加持，生達今年合,6
2022/6/21,[新聞] 炒股2年！他賠光「一輛賓士」悲劇下場,0
2022/6/21,[新聞] 富邦媒驚傳人事異動 蔡明忠接董座、林啟,16
2022/6/21,[情報] 0621上市外資買賣超排行,47
2022/6/21,[新聞] 弟弟派加持 長榮航盤中攻漲停,30
2022/6/21,[情報] 6/21上市投信買賣超排行,49
2022/6/21,[新聞] 強大集團後援 徐旭東向股東喊話：遠銀前,19
2022/6/21,[請益] 台股95%看台積電臉色？,21
2022/6/21,[情報] 111年06月21日 櫃買法人買賣金額統計表,8
2022/6/21,[情報] 3357 臺慶科 訂定現金股利除息基準日,55
2022/6/21,[情報] 111年06月21日 三大法人買賣金額統計表,92
2022/6/21,[情報] 2357華碩 7/29除息交易日,15
2022/6/21,[新聞] 電價凍漲IPP減發 夏季供電恐拉警報,48
2022/6/21,[標的] 6781.TW AES-KY 荷馬新普生多,20
2022/6/21,[新聞] 韓國股市大跌！謝金河：該未雨綢謀,49
2022/6/21,Re: [新聞] 葉倫：美國正與盟國討論俄油價格上限,23
2022/6/21,[創作] 補錢去(入陣曲),68
2022/6/21,[閒聊] 2022/06/21 盤後閒聊,54
2022/6/21,Re: [標的] 大盤 TopGun 4DX超好看多（停利）,6
2022/6/21,Re: [新聞] 驅動IC下修潮 外資超狠8字看衰聯詠、頎邦,0
2022/6/21,[心得] 請問昨斷頭融資賣出，今天大漲要怎調適,100
2022/6/21,[新聞] 葉倫：美國正與盟國討論俄油價格上限,33
2022/6/21,Re: [請益] 是不是用力放空就對了,3
2022/6/21,[新聞] 台股深跌散戶不絕望！ 32.7%民眾看好下半,42
2022/6/21,Re: [標的] 大盤 受夠了這樣的台股(空),5
2022/6/21,Re: [請益] 大家還會建議存股0050嗎？,12
2022/6/21,[新聞] 韓央行預測今年物價漲幅或超4.7%,12
2022/6/21,[標的] 大盤 多蛙、空八蛙交戰,22
2022/6/21,[新聞] 葉倫：美與盟國討論對俄羅斯石油實施價格,100
2022/6/21,Re: [標的] 大盤鬼指摸底 反彈多 停利,18
2022/6/21,Re: [標的] 大盤 受夠了這樣的台股(空),7
2022/6/21,[新聞] 大摩下修聯詠目標價至262元,29
2022/6/21,[新聞] 驅動IC下修潮 外資超狠8字看衰聯詠、頎邦,14
2022/6/21,[新聞] 林伯豐：電價只漲大戶 製造業一定會出走,-10
2022/6/21,[新聞] 特斯拉大裁員挨告 因未依規定給遣散費,59
2022/6/21,Re: [心得] 實質購買力下降造成大空頭,2
2022/6/21,[標的] 大盤 受夠了這樣的台股(空),3
2022/6/21,[新聞] 證交所：6/20起 網路查詢集中市場個人交,7
2022/6/21,[新聞] 大成鋼通過配發1.9元股利　下半年估需求,2
2022/6/21,"Re: [請益] 現在股市資訊和工具那樣多,為何仍難穩賺?",3
2022/6/21,[新聞] 三大法人 今年賣超台股破兆,28
2022/6/21,[閒聊] 2022/06/21 盤中閒聊,99
2022/6/21,"[請益] 現在股市資訊和工具那樣多,為何仍難穩賺?",36
2022/6/21,[新聞] 王雪紅 出任聯想獨董,35
2022/6/21,[新聞] 浩宇22日登興櫃 參考價35元,28
2022/6/21,[新聞] 運價拐點在幾月？台驊顏董5數據分析,25
2022/6/21,[新聞] 貨櫃運輸大多頭 馬士基示警最快8月反轉,19
2022/6/21,[新聞] 野村警告亞洲糧食通膨再升溫 促使多國加,14
2022/6/21,[請益] 臺積電和大盤頸線怎麽畫？,15
2022/6/21,Re: [請益] 不融資的話為什麼要砍,10
2022/6/21,Re: [情報] 111年06月20日信用交易統計,43
2022/6/21,Re: [請益] 不融資的話為什麼要砍,3
2022/6/21,Re: [請益] 今天有比去年5/12恐慌嗎？,6
2022/6/21,Re: [討論] 瘋狂QE的後果是不是來了,18
2022/6/21,[心得] 聖杯之所以神聖 是因為告訴你也不信,25
2022/6/21,Re: [請益] 大家還會建議存股0050嗎？,14
2022/6/21,[新聞]台股本益比只剩11.3倍，法人：可以買了,83
2022/6/20,Re: [請益] 不融資的話為什麼要砍,16
2022/6/20,[新聞] 高端疫苗現增13.86億已到位 公開申購22日,33
2022/6/20,[新聞] 三星尋求2025年量產2奈米 想靠GAA技術彎,38
2022/6/20,Re: [請益] 不融資的話為什麼要砍,47
2022/6/20,Re: [請益] 是不是用力放空就對了,6
2022/6/20,[新聞] 搶救台股破底危機 官股斥逾200億元連8買,40
2022/6/20,Re: [新聞] 徒增消費者負擔！葉倫：川普對陸部分關稅,0
2022/6/20,[新聞] 聯亞生技董座鬧雙包　女兒派對母親創辦人,9
2022/6/20,[請益] ETF年輕人到底怎麼買,17
2022/6/20,[情報] 111年06月20日信用交易統計,99
2022/6/20,[新聞] 長榮弟弟派急了！4交易日砸10億買長榮航,26
2022/6/20,[新聞] 強強聯手？宏達電董座王雪紅出任聯想董事,15
2022/6/20,[新聞] 航運殺過頭 長榮跌夠了 外資喊價2字頭,53
2022/6/20,[請益] 抄底半導體公司請益(內有選手),44
2022/6/20,[新聞] IC設計下修潮首家！奇景下調Q2財測、其他,9
2022/6/20,[新聞] 台股何時有機會反彈 公股銀點出「這2處」,11
2022/6/20,[新聞] 聯詠股價破底！跌到一年半低點　外資保守,12
2022/6/20,[新聞] 瑞銀大砍台股目標指數逾2700點 示警半導,28
2022/6/20,[心得] 這兩年我們很幸運！,11
2022/6/20,[新聞] 金融業買海外債券 再拉警報,8
2022/6/20,[新聞] 大成鋼股東會配1.8元現金、0.1元股利 老總正向看待通膨壓力,8
2022/6/20,Re: [請益] 大家還會建議存股0050嗎？,51
2022/6/20,[請益] 3257虹冠電還要續抱嗎？,8
2022/6/20,[新聞] 台股加速趕底 等外資回頭醞釀跌深反彈,13
2022/6/20,Re: [請益]  虧損是不是可以考慮放空？,9
2022/6/20,[新聞] 《航運股》貨櫃三雄重挫 外資仍看好市況,27
2022/6/20,Re: [標的] 聯詠(3034)的護城河算是寬廣深厚嗎,22
2022/6/20,[心得] 海運三雄大學長，挑戰市場最狂。,-10
2022/6/20,[標的] 小資持股健檢,38
2022/6/20,[新聞] 上櫃公司基本面穩健，呼籲投資人理性審慎,9
2022/6/20,[標的] 2412.TW 中華電  2317.TW 鴻海 討論,17
2022/6/20,[新聞] 陸封控危機逐步解除 5月外銷訂單翻紅,13
2022/6/20,Re: [請益] 台股是不是快沒救了？,21
2022/6/20,[情報] 0620八大公股銀行買賣超排行,39
2022/6/20,Re: [請益] 台股是不是快沒救了？,6
2022/6/20,[心得] 美股跌夠了沒？合理價在哪？高盛圖表整理,7
2022/6/20,[情報] 輝瑞收購Valneva 8.1%股份,6
2022/6/20,[情報] 0620 上市櫃外資投信同買排行,8
2022/6/20,[請益] 不融資的話為什麼要砍,39
2022/6/20,Re: [心得] 船快沉了怎麼辦?,12
2022/6/20,[新聞] 融資追繳令齊發 鋼鐵股成重災區,65
2022/6/20,[情報] 0620 上市櫃外資投信買超金額排行,4
2022/6/20,[請益] 00878還要繼續撿嗎...？,73
2022/6/20,[請益] 黑手撐指數指的黑手到底是啥啊,20
2022/6/20,Re: [新聞] Fed官員：未來2年內通膨不會回落至2,6
2022/6/20,Re: [新聞] 愈跌散戶信心愈強 32.7％民眾看升台股,4
2022/6/20,[請益] 接下來的選股策略,13
2022/6/20,[請益] 航運有機會成為20年來的例外嗎？,33
2022/6/20,[新聞] 長榮、陽明年薪飆破300萬！ 全台年薪冠軍,50
2022/6/20,Re: [心得] 我沒有勇氣開啟APP …,11
2022/6/20,[新聞] 公股銀房貸利率21日反映升息 首購地板價,18
2022/6/20,[心得] 這樣的停損理由你可以接受嗎？,38
2022/6/20,[心得] 船快沉了怎麼辦?,100
2022/6/20,[新聞] 中鋼公告7月、第3季盤價降2.23% 蓄積成長,15
2022/6/20,Re: [心得] 我沒有勇氣開啟APP …,100
2022/6/20,[情報] 0620上市外資買賣超排行,95
2022/6/20,[新聞] 台積電小金雞來了！公開申購送大紅包 抽,14
2022/6/20,Re: [新聞] Fed官員：未來2年內通膨不會回落至2％目,31
2022/6/20,Re: [情報] 0620上市投信買賣超排行,20
2022/6/20,Re: [新聞] 上海突襲封城　長榮航總座：旅客取消行程,8
2022/6/20,[新聞] 5月日本國內電視機出貨年減17% 連11個月,21
2022/6/20,[情報] 111年06月20日 櫃買法人買賣金額統計表,28
2022/6/20,Re: [心得] 實質購買力下降造成大空頭,4
2022/6/20,[新聞] 擔心俄斷供 德國以燃煤填補天然氣發電,46
2022/6/20,[新聞] Fed官員：未來2年內通膨不會回落至2％目,16
2022/6/20,Re: [心得] 我沒有勇氣開啟APP …,26
2022/6/20,[新聞] 愈跌散戶信心愈強 32.7％民眾看升台股,60
2022/6/20,[情報] 111年06月20日 三大法人買賣金額統計表,99
2022/6/20,[情報] 0620上市投信買賣超排行,66
2022/6/20,[標的] 電子期，超短多,6
2022/6/20,[創作] 畢業歌,6
2022/6/20,Re: [心得] 實質購買力下降造成大空頭,8
2022/6/20,[心得] 我沒有勇氣開啟APP …,85
2022/6/20,[請益]  虧損是不是可以考慮放空？,27
2022/6/20,Re: [新聞] FED暴力升息 台積電恐見2字頭,41
2022/6/20,[創作] 明天也要作伴,34
2022/6/20,[創作] 靠岸,15
2022/6/20,[創作] 套牢的話留到明天再說 (傷心的話留到明天再說),3
2022/6/20,[創作] 萬海,44
2022/6/20,[閒聊] 2022/06/20 盤後閒聊,53
2022/6/20,Re: [標的] 航運準備大跌一波 (心得),33
2022/6/20,[心得] 實質購買力下降造成大空頭,33
2022/6/20,[心得] 買金融股卻在金融市場畢業了,100
2022/6/20,[新聞] 外資力挺長榮喊買，目標價上看215元,80
2022/6/20,Re: [心得] 損失一台賓士錢 心情該如何平復,87
2022/6/20,Re: [請益] 大家還會建議存股0050嗎？,1
2022/6/20,[請益] EPS比股價高會發生什麼事?,20
2022/6/20,[新聞] 貴到吃不下！台灣食物通膨率排名亞洲第二,99
2022/6/20,[請益] 大家還會建議存股0050嗎？,88
2022/6/20,[心得] 超出我可以承受的範圍了畢業了,96
2022/6/20,Re: [標的] 2603.TW 2609.TW 韭菜畢業多,52
2022/6/20,[標的] 3591.TW 艾笛森,11
2022/6/20,Re: [新聞] 疫情受控、主要央行緊縮預期降溫 逾3成,8
2022/6/20,Re: [標的] 特斯拉在美國薪水的競爭力如何?,34
2022/6/20,[新聞] 央行升息還不夠！　外資：台灣每季升半碼,95
2022/6/20,[標的] 2340台亞多,7
2022/6/20,[新聞] 疫情受控、主要央行緊縮預期降溫 逾3成,24
2022/6/20,[標的] 1101.TW 台泥 沒有fu 糗,24
2022/6/20,[標的] 2603.TW 2609.TW 韭菜畢業多,99
2022/6/20,Re: [請益] 什麼叫做經濟軟著陸？硬著陸？,0
2022/6/20,[新聞] FED暴力升息 台積電恐見2字頭,99
2022/6/20,[請益] 為什麼美國前五大ETF類型跟台股不同,20
2022/6/20,[標的] 台積電 藥華藥都幾,60
2022/6/20,[新聞] 長榮與陽明股價拉平 法人認為合理價差,36
2022/6/20,[新聞] 龍巖頂級塔位拖10年遭爆是騙局 業務佣金,56
2022/6/20,[標的] 大盤 TopGun 4DX超好看多,15
2022/6/20,[閒聊] 2022/06/20 盤中閒聊,100
2022/6/20,[新聞] 馬士基CEO:全球化並未瓦解、貨櫃運輸可能,34
2022/6/20,[新聞] 台股短線醞釀跌深反彈,34
2022/6/20,[新聞] 三星暫停拉貨 台系供應鏈恐遭殃,7
2022/6/20,[標的] 上週開盤五日強勢股,6
2022/6/20,台積大崩盤 R: [新聞] 台積499「非吃到飽」 專家洩下波爆崩價,0
2022/6/20,[新聞] 通脹和利率雙雙上升，美國經濟搖搖欲墜,2
2022/6/20,[新聞] 通膨暴衝出險招！葉倫：對中國開徵關稅無,64
2022/6/20,[請益] 外資會營造假的成交量嗎？,12
2022/6/20,[活動] 下半年的展望,7
2022/6/19,Re: [請益] 台股是不是快沒救了？,20
2022/6/19,[公告] 06/19 處置公告,20
2022/6/19,[新聞]利率、通膨雙飆　斷送拜登連任路？,49
2022/6/19,[新聞] 裁員潮未息 字節跳動再揮刀 一次砍掉三千,13
2022/6/19,[情報] 3707 漢磊開獎,33
2022/6/19,[標的] 1532勤美 長期多,18
2022/6/19,[新聞] 亞洲最佳書店變百貨公司　誠品陷「二房東模式」大難題,100
2022/6/19,[新聞] 台積499「非吃到飽」 專家洩下波爆崩價,68
2022/6/19,Re: [新聞] 馬斯克遭控參與龐氏騙局 索賠2580億美元,11
2022/6/19,[新聞] 學者：全球經濟仍正成長 不構成停滯性通,7
2022/6/19,[新聞] 16年來最賺，裕隆嚴陳莉蓮還有這個祕密武器,29
2022/6/19,[新聞] 央行首度警告：「去中心化金融」有六大風,48
2022/6/19,Re: [請益] 有誰記得上次停滯性通膨當時股市情況,13
2022/6/19,[新聞] 股票玩到「賠一棟房」夫妻窩回娘家！她接,41
2022/6/19,[情報] 6789采鈺明開放申購 承銷價290元,48
2022/6/19,[標的] 1524耿鼎，想空沒得空,13
2022/6/19,Re: [心得] 股票質借心得分享,73
2022/6/19,Re: [新聞] Fed火爆升息3碼！美房地產爆近千人大,0
2022/6/19,Re: [新聞] 搶當少年股神！台股新兵湧入 每月投資一,7
2022/6/19,Re: [新聞] Fed火爆升息3碼！美房地產爆近千人大裁員,51
2022/6/19,[標的] 特斯拉在美國薪水的競爭力如何?,11
2022/6/19,Re: [請益] 某粉專看到的現金減資說法,10
2022/6/19,Re: [新聞] Fed火爆升息3碼！美房地產爆近千人大,51
2022/6/19,Re: [新聞] Fed火爆升息3碼！美房地產爆近千人大,9
2022/6/19,[新聞] 幣圈血崩！比特幣跌破1.8萬美元、摔掉7,99
2022/6/19,Re: [新聞] Fed火爆升息3碼！美房地產爆近千人大,45
2022/6/19,Re: [新聞] Fed火爆升息3碼！美房地產爆近千人大裁員,3
2022/6/19,[新聞] 反霸凌狠招！鄧振中盼砍4成晶片供應 中,-10
2022/6/19,[新聞] Fed理事沃勒支持7月再升息3碼,47
2022/6/19,Re: [新聞] Fed火爆升息3碼！美房地產爆近千人大裁員,1
2022/6/19,[新聞] 科技業Q3旺季無望 Q4恐繼續補跌,33
2022/6/19,[請益] 有誰記得上次停滯性通膨當時股市情況,34
2022/6/19,Re: [請益] 為何升三息 美股卻是往上噴?,6
2022/6/19,[新聞] 長榮慘跌後 業界依舊看好全球布局策略,43
2022/6/19,[新聞] 景碩 ABF需求延續,12
2022/6/19,Re: [新聞] Fed火爆升息3碼！美房地產爆近千人大裁員,37
2022/6/19,Re: [新聞] 電價下周拍板 須漲18％才回本,33
2022/6/19,[請益] 某粉專看到的現金減資說法,26
2022/6/19,[情報] 06/21 ~ 06/24 美股財報行事曆,7
2022/6/19,Re: [新聞] Fed火爆升息3碼！美房地產爆近千人大裁員,44
2022/6/19,Re: [標的] 持股健檢,28
2022/6/19,[標的] 持股健檢,28
2022/6/19,[問卷](抽多份711 100元禮券)科技業業務行為,8
2022/6/19,Re: [新聞] 電價下周拍板 須漲18％才回本,23
2022/6/19,Re: [新聞] 台股擂台 郭哲榮本周選明基醫 美時,5
2022/6/19,[新聞] 電價下周拍板 須漲18％才回本,98
2022/6/19,Re: [新聞] Fed火爆升息3碼！美房地產爆近千人大裁員,16
2022/6/19,Re: [標的] 40多檔持股健檢,9
2022/6/19,Re: [新聞] Fed火爆升息3碼！美房地產爆近千人大裁員,61
2022/6/19,[新聞] Fed火爆升息3碼！美房地產爆近千人大裁員,89
2022/6/19,Re: [標的] 40多檔持股健檢,9
2022/6/19,[請益] 什麼叫做經濟軟著陸？硬著陸？,26
2022/6/19,[請益] 升息能解決戰爭導致的通膨嗎？,16
2022/6/18,[新聞] 台股擂台 郭哲榮本周選明基醫 美時,26
2022/6/18,Re: [請益] 這次通膨跟美國QE有關係嗎？,5
2022/6/18,[新聞] 拜登：預計很快與習近平對話 考慮調降美,71
2022/6/18,[新聞] 中國庫存暴增 熱軋鋼捲價格摔2成,12
2022/6/18,[標的] NIO 短多,8
2022/6/18,Re: [標的] 40多檔持股健檢,9
2022/6/18,Re: [標的] 40多檔持股健檢,14
2022/6/18,[標的] 40多檔持股健檢,100
2022/6/18,Re: [新聞] 歐元通膨升至8.1％歷史新高,19
2022/6/18,[新聞] 兆豐金控股東會 兆豐銀工會喊話府院高層,28
2022/6/18,[心得] 交易是需要練習的，當投資成為數學題,1
2022/6/18,Re: [新聞] 7個月免充電！ 荷蘭新創公司首推太陽能車,17
2022/6/18,Re: [請益] 虛擬貨幣跟股市的連動性,7
2022/6/18,Re: [請益] 虛擬貨幣跟股市的連動性,4
2022/6/18,Re: [請益] 這次通膨跟美國QE有關係嗎？,2
2022/6/18,Re: [請益] 虛擬貨幣跟股市的連動性,19
2022/6/18,Re: [新聞] 歐元通膨升至8.1％歷史新高,62
2022/6/18,Re: [請益] 虛擬貨幣跟股市的連動性,4
2022/6/18,[請益] 00910太空衛星etf購買問題,14
2022/6/18,[公告] 06/18 處置公告＋板務雜談,36
2022/6/18,Re: [請益] 虛擬貨幣跟股市的連動性,49
2022/6/18,[新聞] 台積電股價破底小股東續挺 總數逾137萬人,99
2022/6/18,[新聞] 股市大回檔 國泰人壽已開始進場撿便宜,85
2022/6/18,[新聞] 7個月免充電！ 荷蘭新創公司首推太陽能車,54
2022/6/18,Re: [請益] 虛擬貨幣跟股市的連動性,9
2022/6/18,[請益] 虛擬貨幣跟股市的連動性,82
2022/6/18,Re: [新聞] 中國房地產奄奄一息,22
2022/6/18,Re: [新聞] 中國房地產奄奄一息,32
2022/6/18,Re: [心得] soxl 今年跌破八成,6
2022/6/18,[新聞] 美台升息 金融業喜迎利多,33
2022/6/18,[新聞] 憂台美利差擴大 龔明鑫：台美背景不同,31
2022/6/18,[新聞] 歐元通膨升至8.1％歷史新高,52
2022/6/18,[新聞] 美通膨預期將持續升溫 交易員估CPI將連4,9
2022/6/18,[新聞] 通膨飆破60%！阿根廷一口氣升息12碼,100
2022/6/18,Re: [請益] 台股是不是快沒救了？,10
2022/6/18,[新聞] 上海石化化工部乙二醇裝置傳火情 目前火勢已獲控制,14
2022/6/18,[新聞] 以史為鑑 標普熊市剩數月結束 下一輪牛,44
2022/6/18,[心得]衰退85%？七升三碼？本周機構觀點整理,35
2022/6/18,[新聞] 中國房地產奄奄一息,83
2022/6/18,Re: [標的] QQQ 愛榭客到底準不準,39
2022/6/18,[新聞] 紐約Fed模型顯示 美國經濟軟著陸機率僅10,28
2022/6/18,[新聞] 新盛力股東續減持 投銀：順達可考慮公開,10
2022/6/18,[新聞] 看壞歐洲 橋水重金空ASML、佈67億美元歐,36
2022/6/18,[新聞] Fed：承諾採取「無條件」措施降低通膨,53
2022/6/18,Re: [標的] QQQ 愛榭客到底準不準,16
2022/6/18,[新聞] 俄媒︰俄羅斯交易所下周容許當地經紀買賣港股　包括騰訊、,18
2022/6/18,[請益] 要股息為什麼不拆賣成零股?,41
2022/6/18,Re: [標的] QQQ 愛榭客到底準不準,9
2022/6/18,Re: [請益] 美元3碼台幣半碼對股匯市差在哪？,8
2022/6/18,Re: [請益] 美元3碼台幣半碼對股匯市差在哪？,42
2022/6/18,Re: [標的] QQQ 愛榭客到底準不準,0
2022/6/18,[請益] 美元3碼台幣半碼對股匯市差在哪？,12
2022/6/18,Re: [情報] 央行宣布升息半碼！！！,4
2022/6/18,[創作] 手放開,13
2022/6/17,Re: [心得] 技術分析到底有沒有用？試了就知道！,33
2022/6/17,[創作]賣不下手,5
2022/6/17,[新聞] 美股重挫後反彈 科技股開高,36
2022/6/17,Re: [標的] QQQ 愛榭客到底準不準,33
2022/6/17,[新聞] 鮑爾重申降低通膨承諾 強調美元的全球重,12
2022/6/17,[新聞] 美國房貸利率升至2008年以來最高水準 創3,38
2022/6/17,Re: [請益] 升息對科技產業的影響是什麼,0
2022/6/17,[新聞] Fed宣布升息3碼 暗示下半年升息7碼,66
2022/6/17,[新聞] 美國擬限制燃油出口以壓低汽油價 召七大,38
2022/6/17,[新聞] 【商業熱話】馬斯克回應Twitter員工問題,4
2022/6/17,[標的] 持股健檢,64
2022/6/17,[新聞] 沒有台積電會怎樣？德媒驚吐可怕後果：,32
2022/6/17,[新聞] 傳人行已受理螞蟻集團申請設立金融控股公,5
2022/6/17,"[新聞] 俄國敲響歐洲警鐘:我的產品,我說的算",52
2022/6/17,[新聞] 馬斯克被狗狗幣投資者告!韭菜男求償7.7兆,24
2022/6/17,[情報] 111年06月17日信用交易統計,28
2022/6/17,[心得] 盤後資料整理(Excel格式),7
2022/6/17,Re: [標的] QQQ 愛榭客到底準不準,22
2022/6/17,[新聞] 台灣高薪100指數 新納入友達、瑞鼎、力積,36
2022/6/17,Re: [情報] 央行宣布升息半碼！！！,8
2022/6/17,[情報] 0617 上市櫃外資投信同買排行,2
2022/6/17,[新聞] 國泰金董座蔡宏圖看台灣升息對金融業利多,10
2022/6/17,[新聞] 央行升息腳步不停歇？ 瑞銀估9、12月各,3
2022/6/17,[標的] QQQ 愛榭客到底準不準,76
2022/6/17,Re: [請益] 成長股投資人是不是阿呆,1
2022/6/17,[新聞] SI廠受疫情干擾有限，今年營收續拚創高,9
2022/6/17,[活動] 下半年的展望,2
2022/6/17,[情報] 2323中環辦理現金減資6%,14
2022/6/17,[情報] 0617八大公股銀行買賣超排行,18
2022/6/17,[新聞] 洛杉磯港估旺季將至、美國進口強勁 SCFI,26
2022/6/17,[情報] 0617 上市櫃外資投信買超金額排行,5
2022/6/17,[新聞] 特斯拉關閉職缺 迄今裁員14%,28
2022/6/17,Re: [請益] 債券ETF紅通通?改存金融債?,4
2022/6/17,[請益] 最後一盤富時指數調整,22
2022/6/17,[新聞] 台積電2022北美技術論壇發表3、2奈米製程,32
2022/6/17,[請益] 債券ETF紅通通?改存金融債?,6
2022/6/17,[情報] 友達(2409) 07/04除息 1.0元,31
2022/6/17,[新聞] 男遭騙2次失金60萬 第3次再被誘「投資」1,24
2022/6/17,[標的]  Tsla.NA  特斯拉,16
2022/6/17,[新聞] 「素人股神」推飆股　60人淪陷遭騙6千萬,73
2022/6/17,[新聞] 勇士封王！他發2000片雞排「地點、通關密,90
2022/6/17,[新聞] 知名大空頭：特斯拉面臨各種風險 彷彿網,18
2022/6/17,[情報] 0617 上市外資買賣超排行,48
2022/6/17,Re: [問卦] 確定升息為什麼金融還是崩,15
2022/6/17,[情報] 111年06月17日 櫃買法人買賣金額統計表,32
2022/6/17,Re: [新聞] 上海突襲封城　長榮航總座：旅客取消行程,21
2022/6/17,[新聞] 研究指出企業再生能源主張與實際差距大,3
2022/6/17,[創作] 就是我,2
2022/6/17,[心得] soxl 今年跌破八成,10
2022/6/17,Re: [新聞] 拜登簽署海運改革法 致力解決港口堆積貨,15
2022/6/17,[情報] 111年06月17日 三大法人買賣金額統計表,100
2022/6/17,Re: [問卦] 確定升息為什麼金融還是崩,11
2022/6/17,[情報] 0617上市投信買賣超排行,92
2022/6/17,[新聞] 三星砍單潮來了...不僅面板雙虎怕爆 外資,21
2022/6/17,Re: [新聞] 拜登：經濟衰退並非不可避免,15
2022/6/17,Re: [新聞] 日本央行利率按兵不動 聲明提及匯率,23
2022/6/17,Re: [問卦] 確定升息為什麼金融還是崩,8
2022/6/17,Re: [新聞] 拜登：經濟衰退並非不可避免,5
2022/6/17,[閒聊] 2022/06/17盤後閒聊,28
2022/6/17,[心得] 不要輕忽股市殖利率修正的影響,39
2022/6/17,[新聞] 友達彭双浪表態不適合與群創合併,23
2022/6/17,[新聞] 拜登簽署海運改革法 致力解決港口堆積貨,43
2022/6/17,Re: [新聞] 逾543萬股民屏息！16家「金融業超級股,1
2022/6/17,[標的] 8046.TW南電 抄底多,33
2022/6/17,Re: [請益] 升息對科技產業的影響是什麼,99
2022/6/17,[新聞] 猛攻元宇宙 王雪紅：宏達電完成企業轉型,19
2022/6/17,[新聞] 友達小股東反對減資、三年股東報酬計畫,12
2022/6/17,Re: [請益] 台股是不是快沒救了？,26
2022/6/17,[新聞] 富邦金股東砲轟防疫險讓股價見5字頭 董事,24
2022/6/17,Re: [新聞] 日本央行利率按兵不動 聲明提及匯率 日,21
2022/6/17,Re: [新聞] 日本央行利率按兵不動 聲明提及匯率 日,32
2022/6/17,Re: [新聞] 拜登：經濟衰退並非不可避免,0
2022/6/17,[新聞] 拜登：經濟衰退並非不可避免,24
2022/6/17,[新聞] 日本央行利率按兵不動 聲明提及匯率 日,60
2022/6/17,Re: [新聞] 防疫保單之亂後首談心路歷程 富邦產老董,9
2022/6/17,Re: [標的] 美股大盤 / 台股加權 大家來討論哪邊抄底吧?,5
2022/6/17,[新聞] 防疫保單之亂後首談心路歷程 富邦產老董,2
2022/6/17,Re: [請益] 為什麼要用碼算利率？1碼怎麼訂的？,49
2022/6/17,[請益] 抄底標普500是不是就無敵了,57
2022/6/17,[新聞] 小股東樂見台新與新光合併 吳東亮：積極,29
2022/6/17,Re: [新聞] 三星暫停對外採購 衝擊面板雙虎,24
2022/6/17,[新聞] 宏達電股東會登場 王雪紅神清氣爽,56
2022/6/17,[閒聊] 2022/06/17盤中閒聊,100
2022/6/17,[新聞] Adobe下調全年財測 遜於分析師預期 盤後,11
2022/6/17,[新聞] 三星暫停對外採購 衝擊面板雙虎,14
2022/6/17,[請益]  美股怎麼了？   走長空嗎？,57
2022/6/17,[新聞] 美國擬限制燃油出口以壓低汽油價 召七大,72
2022/6/17,[新聞] 英國央行升息1碼 利率攀至13年新高 暗示,52
2022/6/17,[新聞] 三星暫停採購 散熱雙雄臉黑,9
2022/6/17,[新聞] 逾543萬股民屏息！16家「金融業超級股,39
2022/6/17,[新聞] 台泥攻儲能 在歐連奪兩大案,29
2022/6/17,[標的] 美股 ELMS 的特殊狀況,3
2022/6/17,[請益] 真正空頭會有畢業典禮？,48
2022/6/17,Re: [標的] 6150 四月營收空,1
2022/6/17,不要亂摸啦 R: [標的] 大盤鬼指 摸底 反彈多,11
2022/6/17,Re: [請益] 升息對科技產業的影響是什麼,8
2022/6/17,[請益] 航空未來的趨勢有戲嗎,17
2022/6/17,[請益] 升息對科技產業的影響是什麼,26
2022/6/17,[心得] 愛榭克：股市不會快速V轉 等待慢牛變大牛,77
2022/6/17,Re: [心得] 賠多賺少的原因,5
2022/6/17,Re: [新聞] 美股血流成河 道瓊閃崩逾700點 摜破3萬點,6
2022/6/16,[請益] VOO隱含價值與 Michael Burry的ETF風暴,12
2022/6/16,Re: [請益] 為何升三息 美股卻是往上噴?,15
2022/6/16,Re: [標的] 美股大盤 / 台股加權 大家來討論哪邊抄底吧?,14
2022/6/16,Re: [新聞] 「存款族」笑了！央行調升台幣存款利率,36
2022/6/16,Re: [新聞] 美股血流成河 道瓊閃崩逾700點 摜破3萬點,13
2022/6/16,[標的] 美股大盤 / 台股加權 大家來討論哪邊抄底吧?,29
2022/6/16,Re: [標的] 2618.TW 長榮航 空,36
2022/6/16,Re: [新聞] 美股血流成河 道瓊閃崩逾700點 摜破3萬點,18
2022/6/16,[新聞] 美股血流成河 道瓊閃崩逾700點 摜破3萬點,100
2022/6/16,[新聞] 如何才能「配得好」？郭哲榮：黑暗中的一,7
2022/6/16,[情報] 111年06月16日信用交易統計,89
2022/6/16,[請益] 00878收益分配通知書,21
2022/6/16,[心得] 盤後資料整理(Excel格式),18
2022/6/16,[請益] 2020美亞 除息日後借券放空,5
2022/6/16,[請益] 營收爛 股價高?,60
2022/6/16,[新聞] 央行關鍵密碼出爐GDP估3.75％ CPI估2.83%,100
2022/6/16,[新聞] 疫情衝擊+打房奏效 央行暫停房市管制新措,99
2022/6/16,[新聞] 美通過海運改革法 業者：行情恐愈打愈高,53
2022/6/16,[新聞] 台幣貶值加重通膨？楊金龍：尚屬可控範圍,0
2022/6/16,Re: [新聞] 楊金龍：升息半碼是艱難決定,12
2022/6/16,[新聞] 美升息快又猛 楊金龍：6至9月不排除加開,60
2022/6/16,[新聞] 央行升息半碼 房仲：千萬房貸族每月還款,50
2022/6/16,[新聞] 美國升息3碼外資落跑？ 金管會：「影響有,36
2022/6/16,[標的] 6541 泰福-KY 爆量突破後能不能站穩呢?,6
2022/6/16,[新聞] 楊金龍：升息半碼是艱難決定,42
2022/6/16,[標的] 大盤鬼指 摸底 反彈多,42
2022/6/16,Re: [情報] 央行宣布升息半碼！！！,12
2022/6/16,[情報] 0616八大公股銀行買賣超排行,20
2022/6/16,Re: [請益] 為什麼要用碼算利率？1碼怎麼訂的？,4
2022/6/16,Re: [請益] 台股是不是快沒救了？,5
2022/6/16,[標的] 3037 TW 欣興 港商麥格理一鍵停損,42
2022/6/16,[新聞] 打通膨 王美花：不能只靠升息解決,-10
2022/6/16,Re: [情報] 央行宣布升息半碼！！！,14
2022/6/16,[情報] 0616 上市櫃外資投信同買排行,4
2022/6/16,[新聞] 美升息3碼資金恐外逃?金管會:台股資金面,56
2022/6/16,[新聞] 「存款族」笑了！央行調升台幣存款利率,100
2022/6/16,[新聞] Fed續升息 日圓貶勢恐難停,6
2022/6/16,Re: [新聞] 央行示警：貨幣政策非萬靈丹 採取緊縮小,4
2022/6/16,[情報] 2027大成鋼取得有價證券(8415大國鋼),4
2022/6/16,[心得] 聯準會最新經濟預測與分行預測落差 (附懶,5
2022/6/16,[創作] 半碼半碼,57
2022/6/16,Re: [情報] 央行宣布升息半碼！！！,45
2022/6/16,Re: [情報] 央行宣布升息半碼！！！,10
2022/6/16,[情報] 2323中環取得長榮股票,83
2022/6/16,Re: [情報] 央行宣布升息半碼！！！,5
2022/6/16,[情報] 0616 上市櫃外資投信買超金額排行,4
2022/6/16,[標的]8069 元太(多),13
2022/6/16,[活動] 下半年的展望,8
2022/6/16,Re: [情報] 央行宣布升息半碼！！！,47
2022/6/16,[請益] 金融股要停損嗎,52
2022/6/16,[新聞] 特斯拉大幅提升電動車產品的價格,13
2022/6/16,Re: [情報] 央行宣布升息半碼！！！,35
2022/6/16,Re: [情報] 央行宣布升息半碼！！！,15
2022/6/16,Re: [情報] 央行宣布升息半碼！！！,16
2022/6/16,[新聞] 央行宣布升息半碼 未加碼房市管制,100
2022/6/16,[創作] 欣興跌滿天,44
2022/6/16,[情報] 央行宣布升息半碼！！！,99
2022/6/16,[新聞] 聯準會升息3碼！台灣央行跟進才能馴服通膨野獸，,27
2022/6/16,Re: [請益] 台股是不是快沒救了？,7
2022/6/16,[新聞] 瑞士央行意外升息2碼 2007年來首次升息,39
2022/6/16,[請益] 匯率影響外幣ETF基金損益問題,6
2022/6/16,Re: [心得] 堅持相信台股沒黑手的進來看看吧,11
2022/6/16,[情報] 【完整公開】央行理監事會會後記者會 聚,100
2022/6/16,Re: [標的] 大盤鬼指 猜頭空(全數回補,9
2022/6/16,Re: [請益] 台股是不是快沒救了？,0
2022/6/16,[情報] 0616上市外資買賣超排行,95
2022/6/16,Re: [請益] 台股是不是快沒救了？,2
2022/6/16,[情報] 美期指主跌段真的來了！,26
2022/6/16,[新聞] 三星驚傳通知所有事業群「暫停採購」,76
2022/6/16,[情報] 111年06月16日 櫃買法人買賣金額統計表,16
2022/6/16,[新聞] 跟APPLE說不！大立光重返榮耀的秘密武器,18
2022/6/16,[請益] 貨櫃狗熊還有救嗎 不想在船上洗甲板QQ,57
2022/6/16,Re: [請益] 台股是不是快沒救了？,4
2022/6/16,Re: [標的] 今年股災，有哪些高手提前判斷到？,5
2022/6/16,[心得] 堅持相信台股沒黑手的進來看看吧,61
2022/6/16,[新聞] 華爾街大咖：美國經濟會崩 將進入「快速,22
2022/6/16,[情報] 111年06月16日 三大法人買賣金額統計表,100
2022/6/16,Re: [心得] 不看好聯電敢空嗎,8
2022/6/16,[情報] 0616上市投信買賣超排行,50
2022/6/16,[情報]  5007 三星配發現金股利3元,19
2022/6/16,[請益] 在很明顯的空頭市場空大盤比空個股好嗎?,15
2022/6/16,Re: [請益] 操作請益 為何總是買了就跌,5
2022/6/16,[閒聊] 2022/06/16 盤後閒聊,53
2022/6/16,[請益] ABF 之於 航運,43
2022/6/16,Re: [請益] 台股是不是快沒救了？,34
2022/6/16,[新聞] 楊應超神預測！4個月前就警告 今年投資要,13
2022/6/16,Re: [心得] 不看好聯電敢空嗎,10
2022/6/16,[請益] 操作請益 為何總是買了就跌,66
2022/6/16,[新聞] 就是她！專偷股東紀念品兌換信　內湖「掃,32
2022/6/16,[標的] 航運準備大跌一波 (心得),100
2022/6/16,Re: [請益] 是否有什麼利空消息?,3
2022/6/16,Re: [請益] 台股是不是快沒救了？,39
2022/6/16,[新聞] 聯準會升息 3 碼沒嚇到市場，法人點出 4,30
2022/6/16,[請益] 是否有什麼利空消息?,19
2022/6/16,[新聞] 外資認錯！目標價喊上3字頭 最推ABF載板,75
2022/6/16,[標的] 6446.TWO 藥華藥 討論,0
2022/6/16,[新聞] 致振:本公司執行長辭任,3
2022/6/16,Re: [請益] 台股是不是快沒救了？,89
2022/6/16,[新聞] Netflix再推《魷魚遊戲》股價連4跌後漲7%,23
2022/6/16,Re: [請益] 台股是不是快沒救了？,20
2022/6/16,[新聞] 臉書將更加「抖音化」 外流備忘錄曝未來,34
2022/6/16,[請益] 台股是不是快沒救了？,92
2022/6/16,[新聞] 貨櫃股連日賣壓重 跌個不停該棄船嗎,47
2022/6/16,[新聞] Fed 6月聲明全文、最新經濟預測,30
2022/6/16,"Re: [請益] 如果川普還在位,會怎麼處理通膨?",18
2022/6/16,[新聞] 美國從政府到民間都擁抱電動車無線充電,27
2022/6/16,[新聞] 鴻海電動車電芯中心 高雄動土,16
2022/6/16,[新聞] 工研院攜手台積電 開發前瞻磁性記憶體技術,11
2022/6/16,[新聞] 裁員、重整、融資斷頭 幣圈陷寒冬,24
2022/6/16,[請益] 大盤為什麼現在開始跌了？,75
2022/6/16,Re: [請益] 為何升三息 美股卻是往上噴?,0
2022/6/16,Re: [情報] 美國升息三碼,1
2022/6/16,[標的] 股票有什麼策略或技巧是能判斷相對低點嗎,0
2022/6/16,[新聞] 美通過海運改革法 打落長榮、陽明目標價,21
2022/6/16,Re: [情報] 美國升息三碼,29
2022/6/16,Re: [請益] 為何升三息 美股卻是往上噴?,12
2022/6/16,[新聞] 台積今除息 填息機率高,41
2022/6/16,[閒聊] 2022/06/16盤中閒聊,100
2022/6/16,[新聞] 經長：綠能發電 2026達標,-10
2022/6/16,[公告] Stock 樂透開獎,11
2022/6/16,Re: [請益] 為何升三息 美股卻是往上噴?,36
2022/6/16,[新聞] Fed：下月再升2或3碼、年底利率料破3%、,19
2022/6/16,Re: [新聞] Fed升2碼股市暴漲 老謝潑冷水:壞消息未了,9
2022/6/16,Re: [請益] 為何升三息 美股卻是往上噴?,11
2022/6/16,Re: [請益] 為何升三息 美股卻是往上噴?,6
2022/6/16,[請益] 為何升三息 美股卻是往上噴?,98
2022/6/16,[新聞] 知名避險基金經理人稱Fed若升息4碼 市場,5
2022/6/16,[新聞] 拜登威脅石油公司，要求增產降價,60
2022/6/16,Re: [情報] 美國升息三碼,22
2022/6/16,[新聞] Fed宣布升息3碼 幅度創28年最大,21
2022/6/16,[情報] 美國升息三碼,99
2022/6/16,Re: [新聞]通膨飆高「聯準會一次升3碼」？ 法人從2,36
2022/6/16,[新聞] 俄氣停止另一台對北溪天然氣管道的機器,34
2022/6/15,[情報] 110知名etf內扣排行,7
2022/6/15,Re: [請益] 今天美股要表達如何才算及格？,35
2022/6/15,[新聞] 市場靜待Fed決策會議 主要指數開高,40
2022/6/15,[新聞] BTS出道9年宣告休團單飛淚吐倦怠期　經,22
2022/6/15,[新聞] 吳東進為保新光金控主導權  積極進取新光三越,45
2022/6/15,[公告] Stock 板 開始舉辦樂透!fed會議結果,66
2022/6/15,[新聞] 艾克曼說Fed明天升息4碼會更好 有利市場,51
2022/6/15,[新聞] 醫療耗材需求回升，下半年拼重拾成長,9
2022/6/15,[新聞] 日本國債下午熔斷亞股急殺 富邦首席經濟,28
2022/6/15,[心得] 盤後資料整理(Excel格式),16
2022/6/15,[新聞] 台股蒙「鷹」影 14檔金融股扮穩盤舵手,7
2022/6/15,[情報] 111年06月15日信用交易統計,24
2022/6/15,[新聞] 兆豐金合理價29.3元，套在40元怎麼辦？,27
2022/6/15,[新聞] 美國5月份零售銷售倒退0.3％遜於預期,23
2022/6/15,[新聞] 美國化工業呼籲正視塑化技術對節能技術,8
2022/6/15,[標的] 8299. TWO 群聯 以少勝多,38
2022/6/15,Re: [標的] 今年股災，有哪些高手提前判斷到？,5
2022/6/15,Re: [標的] 今年股災，有哪些高手提前判斷到？,5
2022/6/15,[情報] 0615 上市櫃外資投信同買排行,0
2022/6/15,[標的] 今年股災，有哪些高手提前判斷到？,98
2022/6/15,Re: [新聞] 外資今賣超191.77億 賣超最大是這檔,12
2022/6/15,[新聞] 殖利率護體 長榮陽明點火,80
2022/6/15,[新聞] 向央行喊話！經長王美花：抗通膨手段不是,-10
2022/6/15,[情報] 0615 上市櫃外資投信買超金額排行,3
2022/6/15,[新聞] 外資今賣超191.77億 賣超最大是這檔,12
2022/6/15,[新聞] 力麒郭淑珍：房價不會跌 買房趁現在,26
2022/6/15,[新聞] 馬斯克：Rivian和Lucid正走向破產,31
2022/6/15,[新聞] 最糟糕時期已過？資金重返陸股,13
2022/6/15,[新聞] 雲豹能源卡位風力商機 通過環保署初審審,33
2022/6/15,[新聞] 陽明海運前董事長王天一過世享耆壽99歲,65
2022/6/15,[情報] 0615八大公股銀行買賣超排行,26
2022/6/15,[新聞] 升息牽動美房貸利率飆破6% 房仲業開始爆,87
2022/6/15,[新聞] 美股和加密貨幣雙雙暴跌，《大空頭》原,28
2022/6/15,Re: [新聞] 升息3碼呼聲高 聯準會可能改變遊戲規則以,18
2022/6/15,[心得] Fed會議前瞻 一次升息四碼？機構觀點整理,98
2022/6/15,[新聞] 中經院王健全：全球經濟今年應不會停滯性,8
2022/6/15,Re: [新聞] 白宮：美正討論修改部分考慮不周的對大陸,47
2022/6/15,Re: [請益] FedWatch,12
2022/6/15,[新聞] 陪審團判決神基侵害松下公司設計專利需,9
2022/6/15,[標的]  2330.tw 台積電,29
2022/6/15,[請益] FedWatch,47
2022/6/15,Re: [請益] Line投顧群組都會割韭菜嗎,3
2022/6/15,[新聞] 從Intel、台積電的業績展望看半導體業景,8
2022/6/15,[情報] 0615上市外資買賣超排行,100
2022/6/15,[新聞] 歐洲央行召開臨時會議討論債市危機 歐元,17
2022/6/15,[心得] ABF載板 3037欣興,68
2022/6/15,[情報] 111年06月15日 櫃買法人買賣金額統計表,24
2022/6/15,[情報] 0615 上市投信買賣超排行,40
2022/6/15,Re: [請益] Line投顧群組都會割韭菜嗎,26
2022/6/15,Re: [新聞] 石油天然氣巨頭賺翻 美國擬徵21%附加稅,31
2022/6/15,[情報] 111年06月15日 三大法人買賣金額統計表,100
2022/6/15,Re: [情報] 111年【5月份金控股】EPS排名(全已公布),34
2022/6/15,[新聞] 欣興通過配息3.4元 董座:稍微委屈股東,78
2022/6/15,[創作] 欣興點燈,83
2022/6/15,[閒聊] 2022/06/15 盤後閒聊,28
2022/6/15,[新聞] 升息3碼呼聲高 聯準會可能改變遊戲規則以,46
2022/6/15,Re: [新聞] 石油天然氣巨頭賺翻 美國擬徵21%附加,12
2022/6/15,[新聞] 北溪一號因制裁關係，歐州天然氣供應受限,31
2022/6/15,[標的] 元大台灣50反1 - 討論,10
2022/6/15,[新聞] 石油天然氣巨頭賺翻 美國擬徵21%附加稅,66
2022/6/15,Re: [新聞] 盧布成2022上半年全球最佳貨幣啟示：如,38
2022/6/15,Re: [情報] 3037欣興 111年5月營收,10
2022/6/15,[新聞] 亞系外資首評ABF三雄 南電減碼、欣興及,25
2022/6/15,[活動] 下半年的展望,18
2022/6/15,[新聞] 盧布成2022上半年全球最佳貨幣啟示：如,84
2022/6/15,[新聞] 台積電美國設廠幕後》2017年川普才上任,16
2022/6/15,Re: [情報] 3037欣興 111年5月營收,51
2022/6/15,Re: [標的] 2305 全友 突破前高不帶量??,3
2022/6/15,[情報] 美國天然氣期貨暴跌20% 自由港延遲重啟,60
2022/6/15,[新聞] 白宮：美正討論修改部分考慮不周的對大陸,78
2022/6/15,[情報] 台灣前10大ETF市值排行,52
2022/6/15,[標的] 2206 三陽 投機多,26
2022/6/15,[新聞] 防彈少年團暫停團體活動 經紀公司股價狂,57
2022/6/15,[新聞] 經長保證 台積電不會缺電,75
2022/6/15,[新聞] 誠品生活股價從280元掉到51元，真的說明,100
2022/6/15,[新聞] 美國10年期公債殖利率升破3.45% 寫11年新,18
2022/6/15,[新聞] 保瑞再啟動併購 擬以60億元買下安成藥,6
2022/6/15,[新聞] 昇達科衛星貢獻逐季增；明日舉辦股東會,2
2022/6/15,[新聞] 謝金河4字評半導體趨勢 再洩台積電除息秀,17
2022/6/15,[新聞] 景氣循環調整　投信：下半年台股在15300~,11
2022/6/15,Re: [新聞] OPEC五月的石油產量下降,-10
2022/6/15,[閒聊] 2022/06/15盤中閒聊,97
2022/6/15,[新聞] 台股抗震 國家隊總動員,12
2022/6/15,[新聞] 政府救市有影？台股大翻身,59
2022/6/15,[標的] 6616.TWO 特昇-KY,3
2022/6/15,[新聞] OPEC五月的石油產量下降,72
2022/6/15,[新聞]通膨飆高「聯準會一次升3碼」？ 法人從2,22
2022/6/14,Re: [新聞] 查理蒙格：加密貨幣「比網路泡沫瘋狂」,37
2022/6/14,[標的] 2937 集雅社 長線多,15
2022/6/14,[新聞] 台股基本面有撐！　金管會列3大數據,69
2022/6/14,Re: [新聞] Fed升息3碼機率竄高 分析師估利率明年中,8
2022/6/14,[新聞] 國安基金要開臨時會討論護盤？官員這麼說,4
2022/6/14,[新聞] 加密貨幣寒冬 Coinbase宣布裁員18%,29
2022/6/14,[新聞] 流動資金緊張 大陸豬企5.42億商票逾期,3
2022/6/14,[情報] 111年06月14日信用交易統計,28
2022/6/14,Re: [新聞] 台股萬六像金鐘罩跌不破？郭哲榮揭關鍵,12
2022/6/14,[新聞] 美國會本周將審海運改革法 運價恐遭打壓,51
2022/6/14,[心得] 盤後資料整理(Excel格式),40
2022/6/14,[新聞] 台股萬六像金鐘罩跌不破？郭哲榮揭關鍵,46
2022/6/14,[新聞] 美經濟政策追不上通膨 供需變化太快 官,28
2022/6/14,[新聞] 興富發：北中南積極購地 下半年推案火力,42
2022/6/14,Re: [請益] 用簡單KD指標及均線回測多頭市場成效,8
2022/6/14,Re: [請益] 位階搭配獲利的精髓,6
2022/6/14,[情報] 0614 上市櫃外資投信同買排行,2
2022/6/14,[新聞] 三陽處分土地 估挹注每股約1.1元獲利,16
2022/6/14,[新聞] 特斯拉裁員10% 新加坡地區經理遭解雇,50
2022/6/14,[新聞] 開發金股東紀念品「故宮花鳥彩繪碗」超夯,36
2022/6/14,Re: [新聞] Fed升息3碼機率竄高 分析師估利率明年中,3
2022/6/14,[情報] 0614八大公股銀行買賣超排行,23
2022/6/14,Re: [新聞] Fed升息3碼機率竄高 分析師估利率明年中,33
2022/6/14,[新聞] 台股跌幅超過日港 金管會急喊五利多撐基,28
2022/6/14,[新聞] Netflix可能購併Roku，串流媒體進入重整,17
2022/6/14,[請益] 位階搭配獲利的精髓,36
2022/6/14,[情報] 0614 上市櫃外資投信買超金額排行,7
2022/6/14,[新聞] 美國悄悄地開放俄羅斯肥料交易,83
2022/6/14,[情報] 1605華新現增價33元,34
2022/6/14,[新聞] 全球糧價衝天不只小麥貴 稻米也要飆漲,67
2022/6/14,Re: [新聞] 道瓊回吐拜登上任漲幅 白宮：關注股市,23
2022/6/14,[請益] 這四本投資的書閱讀順序,49
2022/6/14,[情報] 111年06月14日 櫃買法人買賣金額統計表,17
2022/6/14,[新聞] 比特幣持倉浮虧，薩國財長：沒賣不算賠,100
2022/6/14,[新聞] 三陽取得亞福儲能過半股權布局碳權和綠能,19
2022/6/14,[情報] 0614上市外資買賣超排行,65
2022/6/14,[新聞] 道瓊回吐拜登上任漲幅 白宮：關注股市,100
2022/6/14,[情報] 6767台微醫澄清媒體報導,8
2022/6/14,[新聞] 美股連跌 許璋瑤：台股基本面佳但無法,16
2022/6/14,[創作] 九品芝麻官 打我啊笨蛋,12
2022/6/14,[新聞] 彭博：美國敦促企業加大採購俄羅斯化肥,31
2022/6/14,[情報] 111年06月14日 三大法人買賣金額統計表,99
2022/6/14,[請益] 美國的熊市或牛市是需要公告規定的嗎?,8
2022/6/14,[新聞] 仿謝金河詐騙投資再起！受害者親筆信讓,21
2022/6/14,[情報] 0614上市投信買賣超排行,63
2022/6/14,[創作] 鬥牛,4
2022/6/14,[請益] 現在是供應鏈緊張還是需求減退？,7
2022/6/14,Re: [新聞] Fed升息3碼機率竄高 分析師估利率明年中,5
2022/6/14,[閒聊] 2022/06/14盤後閒聊,33
2022/6/14,[請益] 今天台股是不是強的有點神奇？,70
2022/6/14,[新聞] 台股開盤破萬六 四大基金進場拉抬金融股,74
2022/6/14,[新聞] 技嘉葉培城：通膨太可怕 下半年不敢太樂,29
2022/6/14,Re: [新聞] Fed升息3碼機率竄高 分析師估利率明年中,26
2022/6/14,[新聞] 我國信評最差保險業！三商美邦降評到「t,25
2022/6/14,Re: [新聞] Fed升息3碼機率竄高 分析師估利率明年中,0
2022/6/14,Re: [新聞] Fed升息3碼機率竄高 分析師估利率明年中,0
2022/6/14,[新聞] 暗諷台灣大 遠傳徐旭東：自己合併又要反,32
2022/6/14,Re: [請益] 為什麼散戶和房蟲的思維幾乎一樣,18
2022/6/14,Re: [新聞] Fed升息3碼機率竄高 分析師估利率明年中,19
2022/6/14,Re: [請益] 為什麼散戶和房蟲的思維幾乎一樣,28
2022/6/14,[新聞] Fed升息3碼機率竄高 分析師估利率明年中,43
2022/6/14,[新聞] 集資買股賠錢談判　遭誤認「亂報明牌」..,28
2022/6/14,Re: [新聞] 陸水泥價閃崩百元人民幣 台泥亞泥Q4,33
2022/6/14,[新聞] 市場大幅提高終點利率預測 不乏Fed本周,12
2022/6/14,[標的] 2305 全友 突破前高不帶量??,17
2022/6/14,Re: [請益] 為什麼散戶和房蟲的思維幾乎一樣,20
2022/6/14,[新聞] 升息3碼機率高 估利率明年中達4%,6
2022/6/14,Re: [請益] 這兩年為什麼一堆財經節目鼓吹存股2330,3
2022/6/14,[新聞] 全球通膨浪潮來襲 王美花：台灣不應只用,18
2022/6/14,Re: [請益] 這兩年為什麼一堆財經節目鼓吹存股2330,6
2022/6/14,Re: [請益] 為什麼散戶和房蟲的思維幾乎一樣,5
2022/6/14,[新聞] 低軌衛星商機旺 明年全球產值達3083億美,7
2022/6/14,[心得] 近期市場異動與看法,9
2022/6/14,[請益] 這兩年為什麼一堆財經節目鼓吹存股2330,37
2022/6/14,[標的] 9925.TW 新保  討論,10
2022/6/14,Re: [請益] 為什麼散戶和房蟲的思維幾乎一樣,13
2022/6/14,[新聞] 警訊!美公債殖利率又見倒掛,10
2022/6/14,[新聞] 手機面板需求弱 6、7月報價續跌,18
2022/6/14,[閒聊] 2022/06/14 盤中閒聊,100
2022/6/14,[標的] 加權指數 ＆ ＴＱＱＱ ＆ ＱＱＱ,2
2022/6/14,[公告] 簡易違規處置,0
2022/6/14,Re: [新聞] 美國CPI暴衝　聯準會本周恐一次升息3碼,12
2022/6/14,[新聞] 紅潮來襲！立訊奪iPhone 15高階單、淨利,27
2022/6/14,Re: [新聞] 投資人無處可逃...美股指數全面崩潰 s&p,16
2022/6/14,[新聞] 美國CPI暴衝　聯準會本周恐一次升息3碼,31
2022/6/14,Re: [標的] SQQQ,18
2022/6/14,[新聞] 高油價將是今年原油市場常態,18
2022/6/14,[新聞] 投資人無處可逃...美股指數全面崩潰 s&p,23
2022/6/14,Re: [請益] 反1指數型基金損益率概算,3
2022/6/14,[標的] 元大美債20年 00679B,10
2022/6/14,[請益] 反1指數型基金損益率概算,6
2022/6/14,[活動] 下半年的展望,18
2022/6/14,Re: [請益] 到底是誰說升息縮表股票會漲的,13
2022/6/13,[新聞] 生技最大金額合作案 台微體關節止痛針劑,15
2022/6/13,[新聞]紐約聯儲：5月份通膨和預期支出創歷史新高,10
2022/6/13,[標的] 大盤 明天台股要幹嘛,94
2022/6/13,Re: [新聞] 看好日圓貶夠了 投資人瘋搶期元大S&P日圓,18
2022/6/13,Re: [新聞] 股市還遠未見底！大摩、高盛齊唱空,4
2022/6/13,[新聞] 股匯齊跌 新台幣今重貶1.58角、收29.742,24
2022/6/13,[標的] 大盤 無限加空,0
2022/6/13,[新聞] 陽明、萬海高度戒備！SCFI連4漲主因曝,49
2022/6/13,Re: [請益] 為什麼要崩盤？,3
2022/6/13,[標的] PTON.US 派樂騰 馬臉概念股,15
2022/6/13,[請益] 昨天沒跳車 今天怎麼操作…,100
2022/6/13,[新聞]美股開盤大跌 標普逼近熊市,35
2022/6/13,[新聞] 股市還遠未見底！大摩、高盛齊唱空,16
2022/6/13,[新聞]快訊/ 丁特槓橘子公平交易委員會裁決出爐,47
2022/6/13,[新聞] 市場人心惶惶 美股恐慌指數飆漲近20%,25
2022/6/13,Re: [標的] MU 長期成長多,11
2022/6/13,[新聞] 市況驟變，傳力積電銅鑼新 12 吋廠機台將,12
2022/6/13,Re: [新聞] 英GDP連續2個月衰退，衰退隱憂打擊市場,14
2022/6/13,[心得] 盤後資料整理(Excel格式),27
2022/6/13,[新聞] 救經濟 中國掀新一輪逾兆元重大基建開工,46
2022/6/13,[情報] 111年06月13日信用交易統計,49
2022/6/13,[活動] 下半年的展望,19
2022/6/13,[新聞] 美國會本周將審海運改革法 將打壓運價,87
2022/6/13,Re: [心得] 記錄A 篩選短線交易股票,0
2022/6/13,Re: [情報] 6/6~6/10 重要事件分享,0
2022/6/13,[新聞] 英GDP連續2個月衰退，衰退隱憂打擊市場,18
2022/6/13,[情報] 0613 上市櫃外資投信同買排行,1
2022/6/13,Re: [新聞] 看好日圓貶夠了 投資人瘋搶期元大S&P日圓,17
2022/6/13,Re: [新聞] 拜登批航商「敲詐」通膨禍首 美本週審海,24
2022/6/13,Re: [請益] 為什麼要崩盤？,26
2022/6/13,[情報] 2323中環取得台積電股票,79
2022/6/13,[創作] 七里香,10
2022/6/13,[新聞] 鋼鐵股紀念品全因「塞港」發不出來,21
2022/6/13,[情報] 0613八大公股銀行買賣超排行,15
2022/6/13,Re: [請益] 為什麼要崩盤？,18
2022/6/13,[情報] 0613 上市櫃外資投信買超金額排行,5
2022/6/13,[請益] 為什麼要崩盤？,74
2022/6/13,Re: [請益] 當初金融海嘯都在投資什麼？,14
2022/6/13,[標的] 台指期 七月期 多,3
2022/6/13,Re: [請益] 不要急著抄底也不要在這砍股票?,4
2022/6/13,[創作] 脫掉,82
2022/6/13,[情報] 0613上市外資買賣超排行,75
2022/6/13,[情報] 111年06月13日 櫃買法人買賣金額統計表,24
2022/6/13,[請益] 2008 年台灣有上市公司倒閉的嗎,24
2022/6/13,[請益] 當初金融海嘯都在投資什麼？,50
2022/6/13,[情報] 5706 鳳凰 公告本公司召開法說會,14
2022/6/13,[情報] 111年06月13日 三大法人買賣金額統計表,100
2022/6/13,[情報] 0613上市投信買賣超排行,32
2022/6/13,[情報] 00878收益分配通知書發放,19
2022/6/13,[新聞] 國際主要港口狀況頻傳讓貨櫃船運榮景延,62
2022/6/13,[創作] 用心良苦 & 萍聚,11
2022/6/13,Re: [標的] [美股] BRK.B 波克夏，中長期投機,16
2022/6/13,[閒聊] 2022/06/13 盤後閒聊,52
2022/6/13,[新聞] 《半導體》群聯5月營收冷 潘健成：為下一,0
2022/6/13,Re: [標的] 6546正基 網通多,15
2022/6/13,[情報] 6/13-6/17 重要事件分享,10
2022/6/13,[新聞] Fed恐加速升息 美2年期公債殖利率衝上3.1,35
2022/6/13,[新聞] 台積電傳縮短收款天數 IC設計廠證實獲通,100
2022/6/13,[新聞] 台股開盤重挫近400點 權值股領跌 法人：,69
2022/6/13,[新聞] 三星少主「收購NXP、英飛凌」出狠招？前,53
2022/6/13,Re: [心得] 愛榭克：美股將一去不回頭！絕佳買點！,55
2022/6/13,[標的] 8299.TWO 群聯 多,-10
2022/6/13,[公告] 06/13 股市黑特區,-10
2022/6/13,[閒聊] 2022/06/13 盤中閒聊,100
2022/6/13,[新聞] 面板Q3擴大減產 恐創金融海嘯來新低,41
2022/6/13,[新聞] 霹靂布袋戲八音才子黃文擇過世享壽67歲,87
2022/6/13,Re: [新聞] 被普廷害死！一帶一路中企大落跑 中歐班,-10
2022/6/13,Re: [心得] 愛榭克：美股將一去不回頭！絕佳買點！,53
2022/6/13,[新聞] 「上半年確定泡湯了」國內車市連五月銷量,43
2022/6/13,[新聞] FOMC會議+央行理監事會　台股弱勢今恐跌,22
2022/6/13,Re: [心得] 雙動能投資法：動能資產配置,0
2022/6/12,Re: [心得] 愛榭克：美股將一去不回頭！絕佳買點！,9
2022/6/12,Re: [心得] 雙動能投資法：動能資產配置,3
2022/6/12,[新聞] 三總經「大咖」：央行16日鐵定升息,87
2022/6/12,[新聞] Q3趨勢先鋒 跟著法人買,23
2022/6/12,Re: [心得] 雙動能投資法：動能資產配置,1
2022/6/12,Re: [標的] 2359 所羅門 好像不錯..,5
2022/6/12,[新聞] 被普廷害死！一帶一路中企大落跑 中歐班,63
2022/6/12,Re: [新聞] 金融跌深 除權息有行情？8檔高股息出列,4
2022/6/12,Re: [心得] 愛榭克：美股將一去不回頭！絕佳買點！,6
2022/6/12,[新聞] 台股進場時機到了嗎？　凱基證：掌握4大,38
2022/6/12,[標的] 6667信紘科 多,8
2022/6/12,Re: [心得] 愛榭克：美股將一去不回頭！絕佳買點！,18
2022/6/12,Re: [心得] 愛榭克：美股將一去不回頭！絕佳買點！,21
2022/6/12,[新聞] 房市大多頭 3檔營建股殖利率衝破10％,55
2022/6/12,Re: [心得] 愛榭克：美股將一去不回頭！絕佳買點！,87
2022/6/12,[新聞] 金融跌深 除權息有行情？8檔高股息出列,36
2022/6/12,Re: [新聞] 美通膨飆升 學者示警台灣若貿然升息代價,42
2022/6/12,[新聞] 美國通膨40年新高 拜登：美國通貨膨脹「,39
2022/6/12,Re: [新聞] 美國物價大漲 拜登怪罪普丁通膨,16
2022/6/12,[情報] 台灣財金部落格流量排名,75
2022/6/12,Re: [新聞] 美國打通膨鎖定運價 擬對海運業實施24年,100
2022/6/12,Re: [標的] 2330.tw 台積電 (多),51
2022/6/12,Re: [心得] 雙動能投資法：動能資產配置,8
2022/6/12,[情報] 06/13 ~ 06/17 美股財報行事曆,24
2022/6/12,[新聞] 露華濃傳破產 股價腰斬創史上最大單日跌,32
2022/6/12,[心得] 美國經濟面臨颶風？近兩周分析師觀點整理,41
2022/6/12,Re: [新聞] 通膨持續升溫 全美平均汽油價格升破5美元,8
2022/6/12,[新聞] 美國物價大漲 拜登怪罪普丁通膨,80
2022/6/12,[新聞] 台股擂台 郭哲榮本周押寶晶華 鳳凰,38
2022/6/11,[新聞] 先進晶片恐缺20%？傳台積電警告客戶擴產,45
2022/6/11,Re: [新聞] 美通膨飆升 學者示警台灣若貿然升息代價,20
2022/6/11,Re: [新聞] 美通膨飆升 學者示警台灣若貿然升息代價,53
2022/6/11,Re: [標的] 2330.tw 台積電 (多),24
2022/6/11,Re: [新聞] 通膨持續升溫 全美平均汽油價格升破5美元,35
2022/6/11,[新聞] 通膨惡火延燒 Fed本周升息3碼機率增,100
2022/6/11,[新聞] 3產險5月虧損破50億　兆豐慘虧29億,41
2022/6/11,[新聞] 通膨持續升溫 全美平均汽油價格升破5美元,17
2022/6/11,[標的] 2330.tw 台積電 (多),64
2022/6/11,[創作] 別愛我,17
2022/6/11,Re: [新聞] 美通膨飆升 學者示警台灣若貿然升息代價,12
2022/6/11,Re: [新聞] 美國打通膨鎖定運價 擬對海運業實施24年,1
2022/6/11,[新聞] 美通膨飆升 學者示警台灣若貿然升息代價,83
2022/6/11,[新聞] 美匯率報告出爐 台灣改列觀察名單,45
2022/6/11,Re: [請益] 板上有前輩經歷過2000.com風暴的嗎？,7
2022/6/11,[心得]  2022年股市是否如40年前的通膨歷史重演?,25
2022/6/11,[公告] 06/11 處置公告,9
2022/6/11,Re: [新聞] 美國打通膨鎖定運價 擬對海運業實施24年,26
2022/6/11,[新聞] 營收降又愛自誇 陸行之:這家半導體很奇怪,42
2022/6/11,Re: [新聞] 美國打通膨鎖定運價 擬對海運業實施24年,45
2022/6/11,Re: [請益] 阿榮vs阿明哪個好?,2
2022/6/11,Re: [新聞] 美國打通膨鎖定運價 擬對海運業實施24年,8
2022/6/11,Re: [新聞] 央行示警：貨幣政策非萬靈丹 採取緊縮小,17
2022/6/11,[新聞] 拜登批埃克森美孚「賺得比上帝還多」,82
2022/6/11,[新聞] 台灣港務公司賣陽明股票累計已賺54億　今,30
2022/6/11,[新聞] 美股重挫投資人嚇壞 櫃買中心信心喊話,43
2022/6/11,[新聞] 美國打通膨鎖定運價 擬對海運業實施24年,100
2022/6/11,Re: [請益] 阿榮vs阿明哪個好?,11
2022/6/11,[新聞] 新一代女股神！美國國會議長裴洛西買的每,9
2022/6/11,[新聞] 好久不見！HTC 將於 6 月 28 日發表新手,47
2022/6/11,Re: [請益] 板上有前輩經歷過2000.com風暴的嗎？,27
2022/6/11,[請益] 阿榮vs阿明哪個好?,93
2022/6/11,[新聞] 5月證交稅腰斬 逾九年最慘,92
2022/6/11,Re: [新聞] 美通膨加劇 拜登抨擊石油及海運業、重申,31
2022/6/11,[新聞] 投資潮來了！國銀前4月放款暴增逾兆元 史,18
2022/6/11,[新聞] 聯邦銀貸款給3炒房團 恐遭重罰,42
2022/6/11,[新聞] 美通膨加劇 市場估Fed在7月升息3碼的機率,8
2022/6/11,Re: [新聞] 美通膨加劇 拜登抨擊石油及海運業、重申,25
2022/6/11,Re: [標的] 大盤鬼指 猜頭空,11
2022/6/11,[新聞] 牛頓也被割韭菜!央行回顧1720年「南海泡,36
2022/6/11,Re: [請益] 為什麼創造崩盤可以抑制通膨,0
2022/6/11,[請益] 板上有前輩經歷過2000.com風暴的嗎？,31
2022/6/11,[新聞] 沒閒錢打廣告！微軟恐停止電視廣告活動,22
2022/6/11,[心得] 五月CPI後 利率觀察與股市暗示,30
2022/6/11,[新聞] 高通膨引發升息預測 美股重挫 道瓊下跌,37
2022/6/11,[標的] 上證006205、深證00639,1
2022/6/11,[新聞] 美通膨加劇 拜登抨擊石油及海運業、重申,100
2022/6/11,"Re: [情報] 美國cpi 8.6%,繼續爛",24
2022/6/11,Re: [請益] 請問通膨跟股市的關聯性,18
2022/6/11,"Re: [新聞] 美國cpi 8.6%,繼續爛",9
2022/6/11,[情報] 特斯拉向SEC提交3 for 1的拆股申請,9
2022/6/11,[心得] 笨蛋，問題在油價啊,81
2022/6/11,Re: [新聞] 通脹太凶猛！美國中產也頂不住了,4
2022/6/11,"Re: [新聞] 美國cpi 8.6%,繼續爛",8
2022/6/11,Re: [標的] 大盤 多蛙沒死空,0
2022/6/11,Re: [新聞] 通脹太凶猛！美國中產也頂不住了,-10
2022/6/11,[新聞] 台灣港務公司 申報轉讓陽明股票8千張,50
2022/6/11,"Re: [新聞] 美國cpi 8.6%,繼續爛",14
2022/6/10,[新聞] 5月CPI衝上40年來新高 美股道瓊早盤重挫,78
2022/6/10,[新聞] 中光電5月營收月增逾4成 彩晶焦佑麒入董,9
2022/6/10,[情報] 高端疫苗 2022年5月合併營收231.9萬元,27
2022/6/10,[情報] 2353宏碁 5月營收,25
2022/6/10,[情報] 密西根大學消費者信心指數 創歷史新低,44
2022/6/10,[新聞] 通脹太凶猛！美國中產也頂不住了,84
2022/6/10,Re: [標的] 大盤 多蛙沒死空,0
2022/6/10,Re: [請益] 成功的專職投資人vs.韭菜散戶最大差異？,1
2022/6/10,[情報] 111年06月10日信用交易統計,27
2022/6/10,Re: [請益] 為何美股大公司很多都不配息,1
2022/6/10,[新聞] 拜登走訪全美最忙碌貨櫃港 關切美西港口,38
2022/6/10,[新聞] 土耳其不管通膨率升至73.5% 總統堅持繼,87
2022/6/10,"Re: [新聞] 美國cpi 8.6%,繼續爛",5
2022/6/10,[新聞] 美國5月CPI再創逾40年新高，FED鷹派姿態,33
2022/6/10,Re: [情報] 2330台積電5月營收 mom+7.6% yoy+65.3%,49
2022/6/10,Re: [請益] 請問通膨跟股市的關聯性,4
2022/6/10,"[情報] 美國cpi 8.6%,繼續爛",100
2022/6/10,[新聞] 捷流接單暢旺 5月營收2.37億元年增13.7%,0
2022/6/10,[新聞] 營收331億創高！遠雄談房市：工料雙漲威,9
2022/6/10,Re: [請益] 請問通膨跟股市的關聯性,9
2022/6/10,[情報] 0610 上市櫃外資投信同買排行,2
2022/6/10,Re: [請益] 為何美股大公司很多都不配息,3
2022/6/10,[情報] 8403 盛弘 5月營收,3
2022/6/10,Re: [請益] 為何美股大公司很多都不配息,4
2022/6/10,[新聞] 力積電6/13起 得為融資融券交易,30
2022/6/10,[情報] 元大金(2885) 06/28除息 1.5元,14
2022/6/10,[情報] 南亞(1303) 07/06除息 7.5元,5
2022/6/10,[新聞] 橋水投資長：若Fed全力對抗通膨 美股恐暴,28
2022/6/10,[新聞] 外送員向錢莊借錢買股票慘賠！年利率763%,75
2022/6/10,[情報] 111年【5月份金控股】EPS排名(全已公布),62
2022/6/10,[情報] 2412中華電5月營收MOM-0.88% YOY+6.79%,6
2022/6/10,Re: [新聞] 張鈞甯獲利5555萬曝理財心法　自認初學,35
2022/6/10,[情報] 0610八大公股銀行買賣超排行,15
2022/6/10,[情報] 9907 統一實 5月營收,4
2022/6/10,[情報] 9904寶成 5月營收 MoM+2.00% YoY+7.16%,10
2022/6/10,[標的] 6235 華孚 看起來是壓力轉支撐?,12
2022/6/10,"[情報] 2002中鋼5月營收-4.3%MOM, +9.5%YOY",15
2022/6/10,[情報] 正隆1904、敦陽科2480、宏全9939五月營收,7
2022/6/10,[情報] 0610 上市櫃外資投信買超金額排行,5
2022/6/10,Re: [情報] 2206 三陽工業 5月營收,13
2022/6/10,[情報] 6803 崑鼎投控 5月營收,8
2022/6/10,[情報] 1402 遠東新 5月份營收,4
2022/6/10,[新聞] 張鈞甯獲利5555萬曝理財心法　自認初學,67
2022/6/10,[情報] 1101台泥5月營收 mom-7% yoy-21.3%,33
2022/6/10,[標的] 2618 長榮航 空姊上班空,17
2022/6/10,[情報] 5530龍巖 五月營收MoM +9.9% YoY +47.4%,61
2022/6/10,[情報] 8487愛爾達 5月營收 除權息日:111/06/23,9
2022/6/10,[新聞] 台積營運展望 大小摩唱多,13
2022/6/10,Re: [請益] 為何美股大公司很多都不配息,12
2022/6/10,[情報] 明基醫單月自結損益 0.09,6
2022/6/10,[情報] 聯發科技111年5月份自結合併營收淨額公告,29
2022/6/10,[情報] 2882國泰金 5月自結,15
2022/6/10,[情報] 中華開發金控公告本公司暨主要子公司111,51
2022/6/10,Re: [情報] 2881富邦金 5月自結,8
2022/6/10,[情報] 2812 台中銀 5月自結,12
2022/6/10,Re: [請益] 未上市公司股票問題,1
2022/6/10,[情報] 5871中租-ky 5月營收 mom+3.5% yoy+20.3%,15
2022/6/10,[情報] 2618長榮航五月營收112.55億月增2.24%,33
2022/6/10,[情報] 0610 上市外資買賣超排行,37
2022/6/10,Re: [請益] 為何美股大公司很多都不配息,1
2022/6/10,Re: [情報] 6770 力積電 111年5月營收,5
2022/6/10,[情報] 2886兆豐金 5月自結,77
2022/6/10,[請益] 未上市公司股票問題,8
2022/6/10,[情報] 6192 巨路 5月營收,4
2022/6/10,[情報] 2881富邦金 5月自結,54
2022/6/10,[請益] 為何美股大公司很多都不配息,32
2022/6/10,[情報] 4580捷流閥業 5月營收,3
2022/6/10,[新聞] 隨著電動車佔新車銷售量10%，電池產業商,11
2022/6/10,[情報] 111年06月10日 櫃買法人買賣金額統計表,30
2022/6/10,Re: [標的] 1326台化,7
2022/6/10,[情報] 0610 SCFI指數4233.31 ↑25.3(+0.6%),55
2022/6/10,[情報] 2206 三陽工業 5月營收,8
2022/6/10,[情報] 2845遠東銀 5月自結,29
2022/6/10,[標的] 神準  網通元年多,0
2022/6/10,[情報] 111年06月10日 三大法人買賣金額統計表,77
2022/6/10,[情報] 6770 力積電 111年5月營收,16
2022/6/10,[情報] 2753八方雲集5月營收 mom+7.3% yoy+13%,32
2022/6/10,[情報] 全科 3209 益登 3048 威健3033 5月營收,5
2022/6/10,[情報] 0610 上市投信買賣超排行,29
2022/6/10,"[情報] 8478東哥遊艇 五月營收,月增:-38.9%,年增:0.23%",30
2022/6/10,[情報] 8916光隆5月營收,11
2022/6/10,[情報] 8299群聯 五月營收,18
2022/6/10,Re: [標的] 元太 空 8069,28
2022/6/10,Re: [請益] Line投顧群組都會割韭菜嗎,12
2022/6/10,[情報] 1217愛之味5月營收MOM+27.65% YOY-12.50%,15
2022/6/10,[情報] 8454富邦媒 8044網家 5月營收,5
2022/6/10,[情報] 6216居易5月營收,11
2022/6/10,[新聞] 他開槓桿買台積電 25歲負債500萬 慘賠故,15
2022/6/10,[新聞] AMD財務分析師大會登場 揭露新一代硬體和,15
2022/6/10,Re: [情報] 2330台積電5月營收 mom+7.6% yoy+65.3%,61
2022/6/10,[閒聊] 2022/06/10 盤後閒聊,18
2022/6/10,[情報] 1473 台南 5月營收,39
2022/6/10,[情報] 2413環科 111年5月營收,2
2022/6/10,[新聞] 烏克蘭戰爭：武器製造商如何從中獲利,13
2022/6/10,[情報] 2330台積電5月營收 mom+7.6% yoy+65.3%,100
2022/6/10,[情報] 3006晶豪科 5月營收,8
2022/6/10,Re: [標的] 大盤 TopGun空,4
2022/6/10,[新聞] 外資報告》伺服器需求強勁 里昂喊買金像,33
2022/6/10,[情報] 2308台達電五月營收,18
2022/6/10,[請益] 通膨率高基期的問題?,4
2022/6/10,[情報] 老四川2741 營收+7.04%YOY,24
2022/6/10,[標的] 4162 智擎 無腦多,6
2022/6/10,[新聞] 市值蒸發千億美元分析師仍喊買 台積電,39
2022/6/10,Re: [新聞] 通膨報告將公布 美股重挫,3
2022/6/10,[情報] 2023燁輝5月營收 MOM+0.09% YOY+7.70%,8
2022/6/10,[新聞] 藝界女股神！張鈞甯大賺4700萬　投資「,100
2022/6/10,[標的] IC設計股跟晶圓代工股哪個較適合長期投資,17
2022/6/10,[新聞] 台積電預估2022年營收將成長30% 車用晶,15
2022/6/10,[新聞] 中國封控＋價跌 面板雙虎Q2恐轉虧,20
2022/6/10,[閒聊] 2022/06/10 盤中閒聊,100
2022/6/10,[新聞] 國泰：股市悲觀過頭會反彈,35
2022/6/10,[新聞] 通膨報告將公布 美股重挫,41
2022/6/10,R: [標的] SQQQ 飛向宇宙浩瀚無垠多,16
2022/6/10,Re: [標的] ZIM.US 複製台股航海王多,4
2022/6/10,Re: [標的] ZIM.US 複製台股航海王多,17
2022/6/10,[新聞] 美歐計劃成立石油買方卡特爾 讓俄油賣到,89
2022/6/10,Re: [標的] ZIM.US 複製台股航海王多,17
2022/6/10,[新聞] 街口投信基金狠削9000萬 檢調2度搜索約談,8
2022/6/10,[新聞] 麥格理：ABF產能緊到2025,25
2022/6/09,[新聞] 後疫情入息REITs現租金房價上漲契機,6
2022/6/09,[新聞] 歐洲央行宣布結束購債並計劃升息 大幅上,14
2022/6/09,Re: [標的] 4919新唐 星星糖多,2
2022/6/09,[創作] yStock 看股票的瀏覽器插件v2.5.0,45
2022/6/09,[新聞] 國泰世華銀：央行升息半碼起跳 加碼打炒,61
2022/6/09,[新聞] 沒油了！俄油超搶手 印度買不到,100
2022/6/09,[新聞] 郭哲榮：我配我配 配對交易「配得好」就,0
2022/6/09,[新聞] 南韓司機罷工，現代生產暫停，鋼鐵業慘,28
2022/6/09,Re: [標的] ZIM.US 複製台股航海王多,44
2022/6/09,[新聞] 美1驚人利空炸開 全球航運股慘滅頂,55
2022/6/09,Re: [情報] 2603長榮 5月營收,18
2022/6/09,[情報] 111年06月09日信用交易統計,17
2022/6/09,[新聞] 喊A股漲到4000點 中國分析師被調查丟工作,27
2022/6/09,[情報] 微星2377 五月營收,20
2022/6/09,[新聞] 油車掰掰！歐盟擬強制規範 2035年後不得再販售燃油車,100
2022/6/09,[情報] 6788華景電 5月營收 mom58.49% yoy52.18%,8
2022/6/09,[新聞] 新台幣升值 新光金5月稅後淨損逾20億,69
2022/6/09,[新聞] 1453大將5月營收,13
2022/6/09,[新聞] 美液化天然氣大廠爆炸關廠3周 恐波及全球,99
2022/6/09,[情報] 3545敦泰5月營收 mom-1.3% yoy-42.7%,44
2022/6/09,[情報] 聯華食1231、生達1720 五月營收,7
2022/6/09,[情報] 1451 年興五月營收 9.01億 年增51%,56
2022/6/09,[情報] 8155博智5月營收,10
2022/6/09,[情報] 5880 合庫金 五月自結,19
2022/6/09,[情報] 0609八大公股銀行買賣超排行,13
2022/6/09,[情報] 0609 上市櫃外資投信同買排行,2
2022/6/09,[情報] 2376技嘉5月營收 mom-10.3% yoy-41%,63
2022/6/09,[情報] 0609 上市櫃外資投信買超金額排行,2
2022/6/09,[心得] 美股明天方向就出來？通膨前瞻 消息整理,52
2022/6/09,[情報] 1788杏昌5月營收 mom+210.4% yoy+236.1%,6
2022/6/09,[情報] 2323 中環取得有價證券 (中信金),9
2022/6/09,[情報] 5347世界先進 111年5月營收,29
2022/6/09,[情報] 3036文曄 5月營收,11
2022/6/09,[情報] 2609 陽明 5月營收,100
2022/6/09,[情報] 2888新光金 5月自結,97
2022/6/09,[情報] 1723 中碳 5月營收,12
2022/6/09,Re: [新聞] 席勒：美國經濟衰退機率達50% 和自我實現,16
2022/6/09,[情報] 2880華南金 5月自結,22
2022/6/09,[情報] 0609上市外資買賣超排行,51
2022/6/09,[新聞] 藥華藥漲停登基生技股王 影星張鈞甯大賺,70
2022/6/09,[新聞] 5月營收飆高也難救！貨櫃3雄擱淺原因曝,34
2022/6/09,[情報] 111年06月09日 櫃買法人買賣金額統計表,15
2022/6/09,[新聞] 看好日圓貶夠了 投資人瘋搶期元大S&P日圓,51
2022/6/09,[新聞] 長榮鋼電子投票出爐 哥哥派勝出,6
2022/6/09,[心得] 現在買入鴻海參加配息好像太早了？,34
2022/6/09,[情報] 6443元晶 5月營收,8
2022/6/09,[情報] 6116彩晶 5月營收,9
2022/6/09,[情報] 2409友達 5月營收,36
2022/6/09,[情報] 111年06月09日 三大法人買賣金額統計表,58
2022/6/09,[情報] 0609 上市投信買賣超排行,48
2022/6/09,[新聞] 商業遊說團體敦促拜登取消對中關稅,46
2022/6/09,[標的] 8103 瀚荃 多,8
2022/6/09,[新聞] 席勒：美國經濟衰退機率達50% 和自我實現,45
2022/6/09,[情報] 2892 第一金5月份自結 EPS 0.13,27
2022/6/09,[情報] 3481.TW 群創 5月營收,43
2022/6/09,[情報] 3706 神達 5月營收,17
2022/6/09,[情報] 4438.tw 廣越 五月營收,2
2022/6/09,Re: [標的] 1301台塑,27
2022/6/09,[閒聊] 2022/06/09 盤後閒聊,10
2022/6/09,[新聞] 影／開放自選標的 勞退金變大？ 勞團反,35
2022/6/09,[新聞] 勞退自選 勞團反對憂恐無保證收益「退休,87
2022/6/09,[新聞] 澤連斯基再次要求美國企業遷出俄羅斯,32
2022/6/09,Re: [新聞] 英特爾財務長說需求減弱 晶片類股應聲大,0
2022/6/09,[心得] 跟著網紅投資元大金心得,99
2022/6/09,[新聞] 伍德再喊通縮：零售商庫存堆積如山 通縮,19
2022/6/09,[新聞] 華碩：消費型NB陷入衰退 下半年相對有挑,41
2022/6/09,[發錢] 抽中嘉晶 3016,100
2022/6/09,[標的] 8121 越峰 突如其來的爆量起漲?,6
2022/6/09,[新聞] 大摩重申賣聯詠 目標價272元,51
2022/6/09,[新聞] 漲聲響起 矽晶圓廠股價走揚,8
2022/6/09,[標的] 5426振發 (5月營收創42個月新高.低價股),6
2022/6/09,[新聞] 史上最旺5月 出口規模420.8億美元,34
2022/6/09,[情報] 2027 大成鋼 5月營收,28
2022/6/09,[新聞] 美國總統拜登授權國防生產法以刺激國內,9
2022/6/09,Re: [情報]  iOS 16 國泰證券不支援,3
2022/6/09,[情報]  iOS 16 國泰證券不支援,28
2022/6/09,Re: [請益] Line投顧群組都會割韭菜嗎,33
2022/6/09,[新聞] 英特爾財務長說需求減弱 晶片類股應聲大,56
2022/6/09,[閒聊] 2022/06/09 盤中閒聊,100
2022/6/09,[活動] 2022年上半年的投資心路歷程與未來展望,1
2022/6/09,Re: [標的] YANG.US 三倍放空中國ETF,27
2022/6/09,[新聞] 比亞迪證實 將為特斯拉供應電池 跟馬斯,14
2022/6/09,[新聞] 鴻海配息5.2元7/4除息　郭台銘將進帳逾90,60
2022/6/09,[新聞] 美股走勢為何像松鼠亂竄？分析師：答案在,18
2022/6/09,[新聞] 女股神跌落神壇！旗下基金資產規模腰斬,36
2022/6/09,[新聞] 浩鑫股東會通過更名 將改為輔信科技,6
2022/6/08,[情報] 鴻海(2317) 07/04除息 5.2元,34
2022/6/08,[新聞] 半導體股還要下跌30%？花旗下調美光,32
2022/6/08,[情報] 0608 處置股風險統計排行,3
2022/6/08,Re: [心得] 不看好聯電敢空嗎,9
2022/6/08,Re: [情報] 2603長榮 5月營收,7
2022/6/08,[新聞] 郭哲榮論台積股東會：配息若是鐵公積，小,42
2022/6/08,[情報] 111年06月08日信用交易統計,20
2022/6/08,[新聞] 上海迎報復性出貨潮 「貨等船」運費飆10%,29
2022/6/08,[情報] 8121越峰 5月營收,11
2022/6/08,[新聞] 葉倫：通膨非拜登紓困計畫造成 國會可出,63
2022/6/08,[情報] 邦特4107 五月營收,5
2022/6/08,Re: [標的] 1402 遠東新,14
2022/6/08,[新聞]豐謙發現金股利1.8元現階段「無房可賣」,11
2022/6/08,[情報] 3035 智原  五月營收,8
2022/6/08,[情報] 4736泰博5月營收,19
2022/6/08,Re: [情報] 2603長榮 5月營收,29
2022/6/08,[情報] 國票金(2889) 5月自結,8
2022/6/08,[新聞] 俄：準備解除封鎖港口，允許糧食出口,72
2022/6/08,[情報] 6470 宇智 波若威 3163 五月營收,27
2022/6/08,[新聞] 誠品信義店續命無望 支持吳旻潔的統一大,73
2022/6/08,[心得] 高油價造成高通膨？用統計預估後天CPI,12
2022/6/08,[新聞] 美銀: ECB升息可能讓歐元區陷入分裂,20
2022/6/08,[情報] 0608八大公股銀行買賣超排行,12
2022/6/08,[新聞] 「股市爆料同學會」知名版主金庸教你應,68
2022/6/08,Re: [新聞] 台積電季配息何時拉升至3元？董座提關鍵,6
2022/6/08,[情報] 台新金(2887) 5月自結,37
2022/6/08,[新聞] 台積求長期競爭力：股價只是一時的,21
2022/6/08,[情報] 中信金(2891) 5月自結,18
2022/6/08,Re: [情報] 3037欣興 111年5月營收,20
2022/6/08,[情報] 0608 上市櫃外資投信同買排行,1
2022/6/08,[新聞] 長榮海運5月營收584.64億元 寫歷史次高,45
2022/6/08,Re: [心得] 不看好聯電敢空嗎,10
2022/6/08,[情報] 0608 上市櫃外資投信買超金額排行,1
2022/6/08,[情報] 5483 中美晶 五月營收,12
2022/6/08,[情報] 2368金像電5月營收30.56億,15
2022/6/08,[情報] 連宇 2022年5月合併營收1.39億元 年增166,8
2022/6/08,[情報] 3037欣興 111年5月營收,35
2022/6/08,Re: [心得] 不看好聯電敢空嗎,22
2022/6/08,[新聞] Sony成立太空通訊公司聚焦雷射通訊技術搶,10
2022/6/08,[情報] 台半5月營收,6
2022/6/08,[情報] 111年06月08日 櫃買法人買賣金額統計表,18
2022/6/08,Re: [情報] 3360 尚立 5月營收,19
2022/6/08,[情報] 2603長榮 5月營收,100
2022/6/08,[標的] 1795 美時 突破多,10
2022/6/08,[情報] 2834臺企銀5月份自結 EPS 0.07,98
2022/6/08,[情報] 0608上市外資買賣超排行,47
2022/6/08,[情報] 4739康普5月營收,8
2022/6/08,[情報] 4114 健喬 五月營收,16
2022/6/08,[心得] 不看好聯電敢空嗎,20
2022/6/08,Re: [新聞] 小摩：儘管油價達每桶150美元 股市仍將,11
2022/6/08,[新聞] 台積電季配息何時拉升至3元？董座提關鍵,44
2022/6/08,[新聞] 元宇宙中沉浸式專利之侵權訴訟終於開出,5
2022/6/08,[標的] 大盤完美翻上季線多,-10
2022/6/08,[情報] 111年06月08日 三大法人買賣金額統計表,65
2022/6/08,[情報] 2836高雄銀 111年5月自結,6
2022/6/08,[情報] 0608上市投信買賣超排行,45
2022/6/08,[情報] 8069元太5月營收 mom+7.8% yoy+107.2%,58
2022/6/08,Re: [新聞] 肥前屋老闆現身！怒控銀行害慘賠5千萬,31
2022/6/08,[情報] 2890 永豐金 五月自結,33
2022/6/08,[新聞] 台積電股價下跌委屈？劉德音：希望股東看,36
2022/6/08,[新聞] 〈大立光股東會〉6月新款產品少量出貨動,4
2022/6/08,[新聞] 拜登援引《國防生產法》投入清潔能源生產,19
2022/6/08,[情報] 3332幸康 111年5月營收,4
2022/6/08,[情報] 2885元大金 5月自結,49
2022/6/08,[情報] 3360 尚立 5月營收,18
2022/6/08,[閒聊] 2022/06/08 盤後閒聊,15
2022/6/08,[情報] 8941關中 111年5月營收,9
2022/6/08,[新聞] 裕民股東會 徐旭東：船舶供不應求、支持,14
2022/6/08,[新聞] 美財長：討論與盟國對俄油設定價格上限,88
2022/6/08,[新聞] 美巨頭爆晶片價崩8成 專家曝小心IC族群,57
2022/6/08,[情報] 1560中砂 111年5月營收,4
2022/6/08,[新聞] 大摩:半導體下行週期料軟著陸 看好台積電,16
2022/6/08,[新聞] 劉德音：不擔心缺電 但容易跳電是現在,100
2022/6/08,[新聞] Vtuber 事務所「彩虹社」母公司 ANYCOLOR,62
2022/6/08,"Re: [情報] 2303聯電5月營收+42.1%YOY,+7.2%MOM",2
2022/6/08,[標的] 1795 美時 強勢多,21
2022/6/08,[新聞] 聯詠：第3季市況還不明朗,25
2022/6/08,[新聞] 小摩：儘管油價達每桶150美元 股市仍將,39
2022/6/08,[情報] 亞力 5月營收5.785億,21
2022/6/08,[新聞] 面板報價跌跌不休 研調：Q3恐旺季不旺,38
2022/6/08,[新聞] 劉德音:今年營收預期成長30% 已準備好迎,100
2022/6/08,[新聞] 就是今天！外資:台積電一句話牽動半導體,21
2022/6/08,[情報] 8420明揚 111年5月營收,13
2022/6/08,[新聞] 葉倫：通膨高得令人難以接受 且將保持在,37
2022/6/08,[閒聊] 2022/06/08 盤中閒聊,94
2022/6/08,[標的] 8299.TWO 群聯 多,-10
2022/6/08,[新聞] 世界先進產能滿載 Q3恐破功,24
2022/6/08,[新聞] 世銀下修今年全球經濟成長 警告停滯性通,7
2022/6/08,[新聞] 華新5月營收年增38% 衝十年高點,14
2022/6/08,"[新聞] 上調油價預期,原油最大空頭投降",37
2022/6/07,[新聞] 銀彈增援！國泰金百億增資國泰產 備戰防,38
2022/6/07,[新聞]群光5月營收受惠中國封城訂單遞延強彈22%,10
2022/6/07,[新聞] 國旅補助來了！玩樂股股價嗨  度假型飯,22
2022/6/07,[情報] 新唐5月營收35.94億元年增6.61%,18
2022/6/07,[請益]  個股籌碼看不太懂，借券賣出 vs 餘額,9
2022/6/07,[新聞] iPhone躲不掉了！歐盟拍板：所有手機統一,67
2022/6/07,[標的] 4919新唐 星星糖多,16
2022/6/07,[新聞] 亞德客5月營收創歷史次高　維持110％稼,9
2022/6/07,[新聞] 台股底部已成型？郭哲榮曝獨家多空指標,39
2022/6/07,[情報] 111年06月07日信用交易統計,25
2022/6/07,[新聞] 隆大營收47.4億創史上新高董座預告高雄,11
2022/6/07,[新聞] 5月CPI連3月飆破3% 央行打通膨升息,82
2022/6/07,[情報] 0607 上市櫃外資投信同買排行,1
2022/6/07,[新聞] TGT.US 料Q2營業利潤率為約2% 低於預期,8
2022/6/07,[新聞] 網家去年獲利衰退高層酬金占稅後純益91.9,50
2022/6/07,[標的] 6217 中探針 爆量突破之後?,11
2022/6/07,Re: [新聞] 傳停徵關稅 太陽能股群起暴漲,6
2022/6/07,[情報] 0607 上市櫃外資投信買超金額排行,6
2022/6/07,[情報] 0607八大公股銀行買賣超排行,12
2022/6/07,[新聞] 又怪「普丁漲價」! 缺電成國安問題 拜登,100
2022/6/07,[新聞] 不必要庫存太多 Target發出獲利預警,16
2022/6/07,[心得] 美股熊還牛？多空七大觀點整理,42
2022/6/07,[情報] 玉山金(2884) 5月自結,29
2022/6/07,[新聞] 5月CPI創9年半新高 央行利率決策恐受影響,79
2022/6/07,[情報] 2609陽明除息日 6/27,100
2022/6/07,[情報] 3596 智易五月營收,25
2022/6/07,[新聞] 跟上油價漲潮！2檔原油期ETF爆量大漲,17
2022/6/07,[情報] 聯強2347、零壹3029 五月營收,7
2022/6/07,[請益] 升息的影響反應到哪了?,44
2022/6/07,"Re: [情報] 2303聯電5月營收+42.1%YOY,+7.2%MOM",13
2022/6/07,[新聞] 輝達收購ARM失敗後，英特爾、高通和三星,21
2022/6/07,[新聞] 112年行事曆出爐 春節放10天清明連假5天,13
2022/6/07,[新聞] 111年5月消費者物價指數(CPI)年增率漲3.3,87
2022/6/07,[情報] 0607上市外資買賣超排行,54
2022/6/07,Re: [情報] 2303聯電5月營收+42.1%YOY,19
2022/6/07,[情報] 8409商之器5月營收 mom-26.6% yoy-28.8%,13
2022/6/07,[新聞] 最鳥股東會紀念品是啥？ 網點名1科技公司,42
2022/6/07,"[情報] 2303聯電5月營收+42.1%YOY,+7.2%MOM",82
2022/6/07,[情報] 111年06月07日 櫃買法人買賣金額統計表,19
2022/6/07,Re: [標的] 2409 友達,27
2022/6/07,[情報] 111年06月07日 三大法人買賣金額統計表,81
2022/6/07,[情報] 0607上市投信買賣超排行,43
2022/6/07,[新聞] 因應高通膨 澳洲央行意外升息50個基點,52
2022/6/07,[標的] 8069 元太 電子標籤空,32
2022/6/07,[情報] 2337旺宏5月營收 mom-8.5% yoy-11.4%,58
2022/6/07,[閒聊] 2022/06/07 盤後閒聊,16
2022/6/07,[新聞] 關稅通脹 - 美國與中國的貿易戰,30
2022/6/07,Re: [標的] 2233宇隆,8
2022/6/07,[新聞] 全年獲利可期 雙動能加持 宇智波若威 後,100
2022/6/07,[標的] 6561 是方 多,8
2022/6/07,[新聞] 北極星新藥 拚2025年拿藥證,22
2022/6/07,Re: [心得] 記錄A 篩選短線交易股票,4
2022/6/07,Re: [請益] 台股ETF人氣的奇怪現象,-10
2022/6/07,[新聞] 伸興擬砸17億 收購宇隆股權,0
2022/6/07,[情報] 6891樂迦再生-新 111年5月營收,13
2022/6/07,[新聞] 滴滴正式宣布遞件 申請10天後自美下市,22
2022/6/07,[心得] 通膨可能還未觸頂,47
2022/6/07,[新聞] 通膨已觸頂？彭博：半導體、航運及化肥出,25
2022/6/07,[新聞] 火箭阿伯：低軌衛星 台灣機會,30
2022/6/07,[情報] 3189景碩 111年5月營收,21
2022/6/07,[新聞] 台新金持股降至7% 彰銀案傳本週和解,21
2022/6/07,[閒聊] 2022/06/07盤中閒聊,100
2022/6/07,[新聞] 聯詠前五月營收 寫同期新高,11
2022/6/07,[標的] 台股大盤 用力大空特空,0
2022/6/07,Re: [新聞] 全國大專院校XQ虛擬投資競賽 冠軍獲利281,57
2022/6/07,[新聞] 收附加費 貨櫃海運又漲價,36
2022/6/07,[新聞] 馬斯克首度正式警告 可能放棄收購推特,65
2022/6/07,[標的] 1605 華新 送分題空,8
2022/6/06,[新聞] 三星少主李在鎔將造訪ASML 擬採購晶片製,22
2022/6/06,[新聞] 傳停徵關稅 太陽能股群起暴漲,18
2022/6/06,[情報] 1605華新現增認股基準日 6/27,35
2022/6/06,[新聞] 台積電首曝美建廠1分鐘短片 外國網友盛,12
2022/6/06,Re: [新聞] 專家：多數有錢人致富，不是靠炒股票,30
2022/6/06,[新聞] 馬斯克發律師函 指控推特「抗拒並阻撓」,17
2022/6/06,[新聞] 我對陸港出超 突破千億美元,92
2022/6/06,[新聞] 日確立穩定幣法律地位,20
2022/6/06,[新聞] 因3月取消鎳合約交易 LME遭索賠133億元,9
2022/6/06,Re: [情報] 5530 龍巖,5
2022/6/06,[新聞] 富爸爸作者屢次示警！多項資產陷入泡沫,30
2022/6/06,[情報] 0606 處置股風險統計排行,4
2022/6/06,Re: [新聞] 全國大專院校XQ虛擬投資競賽 冠軍獲利281,9
2022/6/06,[請益] 無腦定期定額00878真的好嗎？,16
2022/6/06,Re: [新聞] 專家：多數有錢人致富，不是靠炒股票,1
2022/6/06,[情報] 111年06月06日信用交易統計,17
2022/6/06,Re: [新聞] 專家：多數有錢人致富，不是靠炒股票,19
2022/6/06,[新聞] 台積電恐被追上？三星改抱美國大腿再出1,8
2022/6/06,[情報] 6104 創惟 5月營收 MOM -13.55%,17
2022/6/06,[新聞] 全國大專院校XQ虛擬投資競賽 冠軍獲利281,98
2022/6/06,[情報] 2313華通 5月營收,3
2022/6/06,[標的] 台灣50 多！迎接爆V行情！！,0
2022/6/06,[情報] 6235華孚 5月營收,7
2022/6/06,[情報] 0606 上市櫃外資投信同買排行,2
2022/6/06,[新聞] 可成(2474)庫藏股屆滿 執行率61％,13
2022/6/06,[請益] 如果是這組合是不是直接買00692也行？,13
2022/6/06,[情報] 3293.TW 鈊象 5月營收,14
2022/6/06,[情報] 0606 上市櫃外資投信買超金額排行,1
2022/6/06,Re: [標的] 4755.tw 三福化 長期投資,4
2022/6/06,[心得] 本周美國重要經濟數據分享 附上本月經濟,9
2022/6/06,[情報] 0606八大公股銀行買賣超排行,11
2022/6/06,[情報] 康舒 111年5月營收21.72億、年增28.84%,9
2022/6/06,[新聞] 外資回頭了！5月淨匯入逾780億元 法人曝,37
2022/6/06,[新聞] 京元電5月營收33.15億元 寫歷史次高,9
2022/6/06,[情報] 1477 聚陽 5月營收24.01億、年增53.84%,9
2022/6/06,[新聞] 大摩：低利率時代結束 市場或需2年時間達,9
2022/6/06,[情報] 6435大中 111年5月營收 3.70億,9
2022/6/06,[情報] 3576聯合再生 111年5月營收,18
2022/6/06,[情報] 藥華藥(6446) 111年 5 月營收,23
2022/6/06,[情報] 3265台星科5月營收 mom+7.3% yoy+65.7%,19
2022/6/06,Re: [請益] 為什麼很多人對無腦定期定額ETF反感?,25
2022/6/06,[情報] 0606上市外資買賣超排行,45
2022/6/06,[新聞] 復產率不足5成 上海找外企「喝咖啡」,24
2022/6/06,[情報] 2449 京元電子 5月 營收 YOY+15.85%,10
2022/6/06,[情報] 4958臻鼎-KY 111年5月營收,8
2022/6/06,"[情報] 2498宏達電 5月營收mom+45.1%,yoy-0.43%",39
2022/6/06,[情報] 111年06月06日 櫃買法人買賣金額統計表,18
2022/6/06,[情報] 高端新冠疫苗申請澳洲緊急使用許可 (prov,0
2022/6/06,[情報] 2637 慧洋 5月,24
2022/6/06,[情報] 111年06月06日 三大法人買賣金額統計表,51
2022/6/06,[情報] 4755 三福化5月營收5.4億 +60%YOY,23
2022/6/06,[情報] 0606上市投信買賣超排行,38
2022/6/06,[新聞] 才剛說要裁員 馬斯克：特斯拉員工總數將,23
2022/6/06,[情報] 3034聯詠 5月營收,71
2022/6/06,Re: [請益] 為什麼很多人對無腦定期定額ETF反感?,17
2022/6/06,Re: [請益] 為什麼很多人對無腦定期定額ETF反感?,7
2022/6/06,Re: [創作] 愛你(吉他翻唱),6
2022/6/06,Re: [請益] 為什麼很多人對無腦定期定額ETF反感?,5
2022/6/06,[心得] 上市公司平均年薪倒數分享,30
2022/6/06,Re: [新聞] 大規模停電恐是今夏常態！俄烏戰致能源,10
2022/6/06,[閒聊] 2022/06/06 盤後閒聊,9
2022/6/06,[心得] 上櫃公司平均年薪倒數分享,37
2022/6/06,Re: [請益] 為什麼很多人對無腦定期定額ETF反感?,32
2022/6/06,Re: [標的] 遠東新 1402 多,77
2022/6/06,Re: [請益] 為什麼很多人對無腦定期定額ETF反感?,31
2022/6/06,[請益] 有人買未上市股票發財嗎,59
2022/6/06,Re: [新聞] 肥前屋老闆現身！怒控銀行害慘賠5千萬,11
2022/6/06,Re: [新聞] 馬斯克對美國經濟感到悲觀 拜登譏回：祝月球之旅好運,16
2022/6/06,[新聞] 近百億土地卻無人投標 這檔橡膠股直接遭,41
2022/6/06,"Re: [新聞] 馬斯克澄清:特斯拉裁員只針對""受薪員工"",仍在僱傭小時工",79
2022/6/06,[新聞] 矽晶圓供不應求 法人：台勝科今年挑戰賺,14
2022/6/06,[請益] 為什麼很多人對無腦定期定額ETF反感?,93
2022/6/06,[新聞] 工程師40歲不用工作 他只買1檔躺賺千萬,72
2022/6/06,[新聞] 大立光6月重返榮耀,24
2022/6/06,Re: [標的] 長榮還有機會破200嗎?,43
2022/6/06,[閒聊] 2022/06/06 盤中閒聊,100
2022/6/06,[新聞] 肥前屋老闆現身！怒控銀行害慘賠5千萬,100
2022/6/06,Re: [請益] 成功的專職投資人vs.韭菜散戶最大差異？,0
2022/6/06,Re: [請益] 成功的專職投資人vs.韭菜散戶最大差異？,0
2022/6/06,[情報] 6/6~6/10 重要事件分享,25
2022/6/06,Re: [請益] 成功的專職投資人vs.韭菜散戶最大差異？,14
2022/6/06,[情報] 0602 處置股風險統計排行,3
2022/6/05,Re: [新聞] 台積電若跌1元 勞退基金要賠2.8億元,4
2022/6/05,Re: [請益] 成功的專職投資人vs.韭菜散戶最大差異？,5
2022/6/05,Re: [新聞] 俄羅斯正在贏得經濟戰 - 普丁不會撤軍,21
2022/6/05,[標的] 1522堤維西 等待空點,32
2022/6/05,[創作] 愛你,6
2022/6/05,Re: [新聞] 台積電若跌1元 勞退基金要賠2.8億元,4
2022/6/05,Re: [標的] 長榮還有機會破200嗎?,41
2022/6/05,Re: [請益] 成功的專職投資人vs.韭菜散戶最大差異？,36
2022/6/05,Re: [標的] 2359 所羅門 好像不錯..,10
2022/6/05,Re: [請益] 成功的專職投資人vs.韭菜散戶最大差異？,6
2022/6/05,[新聞] 民怨四起！拜登就任至今全美汽油均價飆,100
2022/6/05,[新聞] 台積電若跌1元 勞退基金要賠2.8億元,31
2022/6/05,[新聞] 鴻海5月營收雙成長 寫下歷史同期新高,44
2022/6/05,[標的] 長榮還有機會破200嗎?,83
2022/6/05,[新聞] 端午節陽明員工最嗨 每位員工入帳21個月,46
2022/6/05,Re: [心得] 台積電不是玩短線的 ..,0
2022/6/05,Re: [請益] 成功的專職投資人vs.韭菜散戶最大差異？,10
2022/6/05,Re: [心得] 台積電不是玩短線的 ..,37
2022/6/05,Re: [標的] 4755.tw 三福化 長期投資,17
2022/6/05,[新聞] 謝金河：貪婪、無知與恐懼！投資心魔,0
2022/6/05,[請益] 成功的專職投資人vs.韭菜散戶最大差異？,39
2022/6/05,[新聞] 荷蘭連假機場旅客爆量！荷航臨時大砍航班,38
2022/6/05,[新聞] 最賺錢2大金控富邦、國泰　員工薪資卻在,22
2022/6/05,[心得] 指數型投資，持有期貨比現貨報酬率高,25
2022/6/05,[新聞] 股市獲利做公益！　社工督導深入偏鄉助弱勢,15
2022/6/05,Re: [情報] 馬斯克認為明後年 恐 將金融海嘯,37
2022/6/05,[情報] 06/06~06/10 美股財報行事曆,21
2022/6/05,[公告] 六月Ｐ幣徵文活動：下半年的展望,2
2022/6/05,[新聞] 專家：多數有錢人致富，不是靠炒股票,33
2022/6/05,Re: [標的] 4755.tw 三福化 長期投資,15
2022/6/04,[新聞] 台股擂台 郭哲榮 本周押寶六福、晶華,37
2022/6/04,Re: [心得] 台積電不是玩短線的 ..,55
2022/6/04,Re: [新聞] 馬斯克對美國經濟感到悲觀 拜登譏回：祝月球之旅好運,66
2022/6/04,[新聞] 馬斯克對美國經濟感到悲觀 拜登譏回：祝月球之旅好運,47
2022/6/04,[新聞] 台股再演2年前結局 謝金河洩Fed背後盤算,11
2022/6/04,Re: [標的] 4755.tw 三福化 長期投資,58
2022/6/04,Re: [新聞] 花旗胖手指  多加1個零 歐股瞬間噴掉9兆,6
2022/6/04,[新聞] 逾1世紀首見俄外債違約 恐觸發保險賠付額,65
2022/6/04,[標的] 3213.TWO 茂訊 討論,0
2022/6/04,[新聞] 沒有手機可賣 HTC旗艦店淪生活用品店,99
2022/6/04,[公告] 06/04 處置公告＋板務雜談,21
2022/6/04,[新聞] 海運業出大事了！航運二哥帶頭開槍 最慘,99
2022/6/04,[新聞] 特斯拉遭遇758起“幻影制動”投訴 若不,29
2022/6/04,Re: [心得] 台積電不是玩短線的 ..,12
2022/6/04,[新聞] 台新金、新光金「兄弟準備山頂會合」？合,61
2022/6/04,Re: [心得] 台積電不是玩短線的 ..,7
2022/6/04,[新聞] 梅斯特：通膨尚未見頂 9月不可能暫停升息,50
2022/6/04,[新聞] 美FDA警告：Novavax疫苗心肌炎風險引憂,50
2022/6/04,[新聞] 馬斯克：特斯拉人形機器人Optimus的原型,69
2022/6/04,"[新聞] 馬斯克澄清:特斯拉裁員只針對""受薪員工"",仍在僱傭小時工",92
2022/6/04,[新聞] 花旗胖手指  多加1個零 歐股瞬間噴掉9兆,30
2022/6/04,[新聞] 就業數據強勁道瓊終場挫逾340點　費半殺,35
2022/6/04,Re: [請益] 油價漲 多挖一點不就好了？,16
2022/6/04,Re: [請益] 油價漲 多挖一點不就好了？,8
2022/6/04,[新聞] 高盛總裁：經濟將出現前所未有的衝擊,46
2022/6/04,[標的] SQQQ 拜登為了選舉一定搞爛經濟 心得,5
2022/6/04,[新聞] 端午變盤 台股節後輪動攻「萬七」,13
2022/6/04,Re: [新聞] 拜登低頭了？不排除低價搶購俄油抑通膨,15
2022/6/04,[創作] 童話,5
2022/6/04,[新聞] 美經濟官員稱拜登考慮對石油收取暴利稅,20
2022/6/04,Re: [新聞] 擔憂全球經濟衰退 馬斯克:特斯拉需裁員一,18
2022/6/04,[創作] 姊姊妹妹站起來,4
2022/6/03,[新聞] 拜登想向俄每天採購10萬桶石油,100
2022/6/03,[新聞] TSLA上月暴跌13％ 南韓散戶砸近304億抄底,69
2022/6/03,Re: [標的] 大盤 TopGun空,6
2022/6/03,[新聞] 沒救了！惠譽撤銷恆大評級 不再分析,8
2022/6/03,Re: [標的] SQQQ,2
2022/6/03,[新聞] 美國5月就業走穩、工資溫和上升 Fed緊縮,19
2022/6/03,[新聞] 中國科企現裁員潮 知乎裁員範圍持續擴大,37
2022/6/03,[新聞] 歐盟批准針對俄羅斯石油和Sberbank制裁,32
2022/6/03,[新聞] 環團台塑六輕「送粽」 聲援烏克蘭要求,35
2022/6/03,[新聞] 美5月非農 增長超出預期,42
2022/6/03,Re: [新聞] 擔憂全球經濟衰退 馬斯克:特斯拉需裁,0
2022/6/03,[新聞] 台美宣布啟動台美21世紀貿易倡議,17
2022/6/03,Re: [請益] Line投顧群組都會割韭菜嗎,10
2022/6/03,Re: [標的] 4755.tw 三福化 長期投資,16
2022/6/03,Re: [新聞] 買18元零股竟用近1萬元成交！讓他瞬間傻,14
2022/6/03,[新聞] 鴻海當務之急「需做1件事」!謝金河：成,42
2022/6/03,Re: [標的] 到現在多軍只有我套牢？持股請益,6
2022/6/03,[新聞] 也讓晶片業斷氣 俄國限制氦氖等氣體出口,100
2022/6/03,[新聞] 擔憂全球經濟衰退 馬斯克:特斯拉需裁員一,45
2022/6/03,[新聞] 美國擬對石油和天然氣生產商徵收暴利稅,100
2022/6/03,Re: [標的] 到現在多軍只有我套牢？持股請益,13
2022/6/03,Re: [新聞] 買18元零股竟用近1萬元成交！讓他瞬間傻,18
2022/6/03,Re: [請益] Line投顧群組都會割韭菜嗎,48
2022/6/03,Re: [新聞] 俄羅斯正在贏得經濟戰 - 普丁不會撤軍,72
2022/6/03,Re: [標的] SQQQ,8
2022/6/03,[問卷] 手機股票看盤App的使用行為,56
2022/6/03,Re: [新聞] 拜登低頭了？不排除低價搶購俄油抑通膨,14
2022/6/03,[新聞] FED副主席：通膨高漲 沒理由考慮暫緩升息,60
2022/6/03,Re: [新聞] 俄羅斯正在贏得經濟戰 - 普丁不會撤軍,89
2022/6/03,[新聞] 太空衛星商機引爆!第一金投信太空衛星ETF,18
2022/6/03,Re: [新聞] 俄羅斯正在贏得經濟戰 - 普丁不會撤軍,10
2022/6/03,Re: [新聞] 俄羅斯正在贏得經濟戰 - 普丁不會撤軍,3
2022/6/03,[新聞] 買18元零股竟用近1萬元成交！讓他瞬間傻,100
2022/6/03,[新聞] 拜登低頭了？不排除低價搶購俄油抑通膨,99
2022/6/03,Re: [新聞] 俄羅斯正在贏得經濟戰 - 普丁不會撤軍,20
2022/6/03,Re: [新聞] 俄羅斯正在贏得經濟戰 - 普丁不會撤軍,44
2022/6/03,[新聞] 誠品信義爭取續約「等統一點頭」　羅智,57
2022/6/03,[新聞] IMF預測2023年的食品價格將上漲,22
2022/6/03,[新聞] 俄羅斯正在贏得經濟戰 - 普丁不會撤軍,100
2022/6/02,[新聞] 台股還能不能買？多頭總司令張錫發表新,30
2022/6/02,[新聞] 端午過後，哪些是弱中透強的黃金粽？郭哲,4
2022/6/02,Re: [新聞] 汽油漲無解方 拜登：考慮逼俄低價出售,44
2022/6/02,[標的] GGR.US,10
2022/6/02,Re: [情報] 0050/0056成分股審核結果,9
2022/6/02,[情報] 111年06月02日信用交易統計,31
2022/6/02,Re: [標的] SQQQ,20
2022/6/02,[新聞] 微軟下修利潤與銷售前景預期,7
2022/6/02,Re: [新聞] 汽油漲無解方 拜登：考慮逼俄低價出售,20
2022/6/02,Re: [新聞] 來真的！台新金通過併新光金研究小組,11
2022/6/02,[新聞] 謝金河：熊市背離反彈啟動 強勢股不知不覺,-10
2022/6/02,[新聞] 八家壽險公司投資俄債 一家5月未收到債息,47
2022/6/02,Re: [創作]慢冷 親愛的那不是愛情,8
2022/6/02,Re: [情報] 0050/0056成分股審核結果,11
2022/6/02,[情報] 0602 上市櫃外資投信同買排行,4
2022/6/02,Re: [新聞] 汽油漲無解方 拜登：考慮逼俄低價出售,31
2022/6/02,[新聞] 美股反彈都是假的！華爾街大咖竟同時發出,47
2022/6/02,[新聞] 萬海總座:艙位供不應求,42
2022/6/02,[新聞] 歐盟官員將與王美花會談 關注晶片供應,7
2022/6/02,Re: [情報] 4743 合一 5月自結營收,11
2022/6/02,Re: [標的] 富鼎 8261 多多益善,3
2022/6/02,[情報] 0602 SCFI指數 4208.01(↑32.66)+0.78%,44
2022/6/02,[情報] 0602八大公股銀行買賣超排行,8
2022/6/02,Re: [情報] 2743山富4月自結EPS -0.4,23
2022/6/02,[情報] 0602 上市櫃外資投信買超金額排行,1
2022/6/02,[新聞] 汽油漲無解方 拜登：考慮逼俄低價出售,100
2022/6/02,[情報] 0050/0056成分股審核結果,100
2022/6/02,[新聞] 來真的！台新金通過併新光金研究小組,47
2022/6/02,Re: [標的] 聯發科 嘴砲多 / 台積電、聯電嘴砲空,0
2022/6/02,[情報] 4743 合一 5月自結營收,22
2022/6/02,[情報] 2809 京城銀 5月自結,42
2022/6/02,[情報] 中砂4月EPS0.86 東哥遊艇4月EPS1.47,13
2022/6/02,[情報] 0602上市外資買賣超排行,44
2022/6/02,[情報] 8261 富鼎 四月EPS 1.13,18
2022/6/02,"[新聞] 國巨用九宮格定併購策略，營收拚 1,300",13
2022/6/02,[情報] 111年06月02日 櫃買法人買賣金額統計表,23
2022/6/02,[情報] 111年06月02日 三大法人買賣金額統計表,100
2022/6/02,[情報] 0602上市投信買賣超排行,60
2022/6/02,[情報] 2743山富4月自結EPS -0.4,65
2022/6/02,[閒聊] 2022/06/02 盤後閒聊,29
2022/6/02,[新聞] 小摩策略師：股市年底前 將收復2022年所,40
2022/6/02,[新聞] 高薪排行 瑞鼎611萬稱冠,26
2022/6/02,[新聞] 《半導體》2點壓力山大 外資降聯詠評等、,23
2022/6/02,[新聞] Nvidia電玩晶片營收成長趨緩 資料中心營,25
2022/6/02,[請益] 求救會算成本的會計專業,57
2022/6/02,[標的] 2645.TE 長榮航太,25
2022/6/02,[新聞] 獲利面臨逆風 匯豐下調中鋼目標價32元,29
2022/6/02,Re: [情報] 德律 2022年5月營收,0
2022/6/02,[新聞] 加拿大三年內向歐洲輸送天然氣 基礎設施,42
2022/6/02,[閒聊] 2022/06/02盤中閒聊,100
2022/6/02,[新聞] 連假效應 台股賣壓出籠,24
2022/6/02,[新聞] 臉書的功臣 Meta營運長桑柏格將下台,33
2022/6/02,Re: [新聞] 美台21世紀貿易倡議啟動 深化雙邊經貿關,6
2022/6/02,[情報] Fed 官員談話整理,47
2022/6/02,Re: [新聞] 央行：升息對金融業正面並抑制房市炒作,13
2022/6/02,Re: [情報] 2323中環處分台積電 聯發科股票,9
2022/6/02,[新聞] 標普PMI：供應鏈短缺加上需求疲軟，廠商,11
2022/6/01,[新聞] 央行：升息對金融業正面並抑制房市炒作,99
2022/6/01,[情報] 8097常珵 單月自結EPS 1.1元,33
2022/6/01,Re: [新聞] 台股ETF新兵報到 中信臺灣智慧50准募,2
2022/6/01,[公告] 水桶 kopuck handsomecat3,4
2022/6/01,[新聞] 吳敏求：旺宏股價一直是委屈,53
2022/6/01,Re: [新聞] 美台21世紀貿易倡議啟動 深化雙邊經貿關,14
2022/6/01,Re: [標的] 4438.TW 廣越 拉貨多,24
2022/6/01,[情報] 111年06月01日信用交易統計,43
2022/6/01,[新聞] 華固營收135億創歷年次高　鍾榮昌：房市,18
2022/6/01,[情報] 6438迅得5月營收,8
2022/6/01,[新聞] 美台21世紀貿易倡議啟動 深化雙邊經貿關,100
2022/6/01,[情報] 德律 2022年5月營收,6
2022/6/01,[情報] 0601 上市櫃外資投信同買排行,5
2022/6/01,[情報] 金麗科 2022年5月合併營收2959.1萬元 年,49
2022/6/01,[情報] 0601 上市櫃外資投信買超金額排行,4
2022/6/01,[情報] 元大投顧公告 第十三屆董事長及副董事長,56
2022/6/01,[情報] 2323中環處分有價證券(長榮海,48
2022/6/01,[情報] 0601八大公股銀行買賣超排行,23
2022/6/01,[新聞] 《熱門族群》驅動IC還有戲？鎖定2概念,13
2022/6/01,[新聞] 日韓商界領袖在日韓經濟人會議後同意擴大,17
2022/6/01,[新聞] MicroStrategy堅持持有比特幣 執行長：帳,24
2022/6/01,[新聞] 三陽機車5月銷售登冠軍,100
2022/6/01,Re: [請益] 現在是騙線的機率有多少,12
2022/6/01,[情報] 0601上市外資買賣超排行,53
2022/6/01,Re: [請益] 昨天收盤是不是大量內線交易？,14
2022/6/01,[情報] 111年06月01日 櫃買法人買賣金額統計表,15
2022/6/01,[新聞] 台股ETF新兵報到 中信臺灣智慧50准募,54
2022/6/01,[標的] 大盤 TopGun空,32
2022/6/01,Re: [請益] 昨天收盤是不是大量內線交易？,18
2022/6/01,[新聞] 韓國企業加大規模投資半導體與新興科技,1
2022/6/01,Re: [請益] 通膨惡化 ？,6
2022/6/01,[新聞] 謝金河：行到水窮處 坐看轉折起,18
2022/6/01,[請益] 昨天收盤是不是大量內線交易？,-10
2022/6/01,[情報] 111年06月01日 三大法人買賣金額統計表,59
2022/6/01,Re: [請益] 如何判別內外盤假單,7
2022/6/01,[情報] 0601上市投信買賣超排行,51
2022/6/01,Re: [請益] 如何判別內外盤假單,5
2022/6/01,[標的] 2354.TW 鴻準 多,22
2022/6/01,[新聞] 光洋科董座 黃啟峰接任,7
2022/6/01,[閒聊] 2022/06/01 盤後閒聊,24
2022/6/01,[標的] 3592.tw 瑞鼎 多,7
2022/6/01,[請益] 如何判別內外盤假單,38
2022/6/01,Re: [請益] 要怎麼抱得住股票,7
2022/6/01,[請益] 如何判斷敲外盤是買進還是回補,5
2022/6/01,Re: [請益] 台股這波嘎上萬7以上的可能性,10
2022/6/01,[新聞] 賴正鎰建議政府緩升息並適度放寬信用管,-10
2022/6/01,[請益] 股票買在相對低點有什麼策略能賣在高點嗎,44
2022/6/01,[標的] 6546正基 網通多,7
2022/6/01,[新聞] 大摩：鴻海股票具防禦性 維持優於大盤,77
2022/6/01,[新聞] 董座難為！皇翔獲利創新高 股東會仍遭批,18
2022/6/01,[新聞] 華爾街集體看空美股：反彈只是短暫的,58
2022/6/01,[新聞] 研究顯示多數汽車製造商未能實現氣候目,3
2022/6/01,Re: [請益] 通膨惡化 ？,78
2022/6/01,[新聞] 虧大了！勞動基金今年前4月累虧1983億元,98
2022/6/01,[新聞] MSCI調整狂拉 謝金河：台股絕地反攻吉兆,24
2022/6/01,[新聞] 南電、景碩、欣興等ABF載板3雄首遭降評！,73
2022/6/01,Re: [新聞] 拜登承諾不干預Fed獨立性 葉倫坦言去年,10
2022/6/01,[新聞] 6/1起台人可自由行訪韓 韓國觀光公社：打滿2劑免隔離,30
2022/6/01,[新聞] 拜登承諾不干預Fed獨立性 葉倫坦言去年,32
2022/6/01,[新聞] 拜登加碼抑制通膨,16
2022/6/01,[新聞] 拜登支持Fed緊縮貨幣 以對抗通膨,20
2022/6/01,[閒聊] 2022/06/01盤中閒聊,100
2022/6/01,[標的] 該如何挑選上海解封概念股？,30
2022/6/01,[新聞] 史上最慘 壽險前4月淨值少逾1兆元,34
2022/6/01,[新聞] 信驊、緯穎...伺服器需求強勁為何市場看,10
2022/6/01,[新聞] 三星6月將徹底退出液晶面板業務 加快OLED,26
2022/6/01,[標的] 8938.tw 明安 穩健多,9
2022/5/31,[新聞] 油價飆升、通膨緊張 股市又遭潑冷水,16
2022/5/31,[新聞] 求饒式買盤又來！郭哲榮揭台股激噴時機點,28
2022/5/31,[新聞] 金融股跌夠了？新光金、富邦金外資繼續,26
2022/5/31,[新聞] 香港證監會前主席梁定邦：兌幣選擇無多,13
2022/5/31,[請益] 中鴻紀念品 領取,11
2022/5/31,[情報] 111年05月31日信用交易統計,36
2022/5/31,[新聞] 華新投資印尼煤礦 義大利鋼廠斥資近百億,14
2022/5/31,[情報] 2603長榮 6/29除息,67
2022/5/31,[新聞] 中鋼、新光鋼 強攻車用,28
2022/5/31,[新聞] NVIDIA 庫存壓力大增，考慮延後 GeForce,70
2022/5/31,[情報] 2323中環處分台積電 聯發科股票,91
2022/5/31,[情報] 0531八大公股銀行買賣超排行,16
2022/5/31,[新聞] 富邦金控永續績效 全球奪冠,34
2022/5/31,[新聞] 統一超攜手五星飯店擴大聯名產品，估可帶,6
2022/5/31,[情報] 0531 上市櫃外資投信同買排行,0
2022/5/31,[新聞]遊艇雙雄 未來2年業績續航,44
2022/5/31,[新聞] 歐元區5月通脹升8.1%再創新高　歐央行或,23
2022/5/31,[請益] 請問自組母子基金vs現成的母子基金,11
2022/5/31,[情報] 0531 上市櫃外資投信買超金額排行,4
2022/5/31,[新聞] 歐盟達成協議！ 年底前切斷90％俄羅斯石油進口量,60
2022/5/31,[新聞] 台塑化董座 估油價全年維持每桶100鎂以上,17
2022/5/31,[情報] 2454聯發科 06/23除息,21
2022/5/31,[新聞] 俄羅斯央行降息 下調300個基點至11%,100
2022/5/31,[情報] 中華電(2412) 06/30除息 4.608元,25
2022/5/31,[新聞] 美國供應鏈管理專業協會：泛美製造生態,15
2022/5/31,[標的] 蘋果電腦CPU的晶片是否有使用健策的均熱片?,15
2022/5/31,Re: [新聞] 電視面板殺不停、6月可能賠錢賣！,30
2022/5/31,[請益] 定期定額存股標的推薦？,71
2022/5/31,[情報] 0531上市外資買賣超排行,76
2022/5/31,[新聞] IC Insights：2026年中國製造IC(含外企),11
2022/5/31,[請益] 怎麼判斷股市新聞有沒有參考價值?,39
2022/5/31,[情報] 111年05月31日 櫃買法人買賣金額統計表,19
2022/5/31,[新聞] 鴻海董座劉揚偉：Q2與全年展望 都比年初,13
2022/5/31,[新聞] 劉揚偉為鴻海股價抱屈 考慮實施員工持股,16
2022/5/31,[情報] 111年05月31日 三大法人買賣金額統計表,98
2022/5/31,[請益] 有網站可以查單一券商進出嗎？,1
2022/5/31,[新聞] 被稱為是「不動產股」 鴻海董座劉揚偉：,21
2022/5/31,[情報] 0531上市投信買賣超排行,33
2022/5/31,[標的] 1301台塑,44
2022/5/31,[新聞] 〈鴻海股東會〉低軌衛星邁大步 不只地面,7
2022/5/31,[請益] 標借 證交所vs櫃買中心,0
2022/5/31,[新聞] 52萬人注意！國泰永續高股息ETF調整成分,42
2022/5/31,Re: [心得] 台積電不是玩短線的 ..,41
2022/5/31,[閒聊] 2022/05/31 盤後閒聊,30
2022/5/31,[新聞] 台股｜MSCI季調生效　台積電尾盤急拉13,71
2022/5/31,[標的] 仙人指路 台積電 有量才有價,21
2022/5/31,Re: [請益] 大戶不會拉給散戶解套是不是個謬論,6
2022/5/31,[標的] 台指期 無腦多,0
2022/5/31,Re: [請益] 大戶不會拉給散戶解套是不是個謬論,1
2022/5/31,[新聞] 鴻海劉揚偉繳3年成績單　自曝「MIH國內,43
2022/5/31,Re: [新聞] 通膨居高不下 拜登罕見邀鮑爾進白宮,50
2022/5/31,[請益] 大戶不會拉給散戶解套是不是個謬論,37
2022/5/31,[標的] 6235華孚 該看多還是看空?,19
2022/5/31,"[新聞] 長科*4/20~5/30取得長華*8,317,000股",2
2022/5/31,[新聞] 中工：陶朱隱園預計第2季銷售 將邀金字塔級客戶參觀,97
2022/5/31,[標的] 2474.TW 可成 討論,15
2022/5/31,[新聞] 《興櫃股》碩辣椒撤興櫃 股價早盤跌深反,3
2022/5/31,[新聞] 通膨居高不下 拜登罕見邀鮑爾進白宮,88
2022/5/31,Re: [標的] 6469 大樹 多,9
2022/5/31,[新聞] 疫後客運拚復甦！機票價格「漲定了」,6
2022/5/31,[新聞] 台積電剉咧等？驚見死敵強強聯手 韓媒預,100
2022/5/31,[新聞] 台揚下季轉旺，DISH O-RAN將放量貢獻業績,13
2022/5/31,[新聞] 前主播想當航海王 砸2000萬慘遭套牢,100
2022/5/31,[閒聊] 2022/05/31 盤中閒聊,98
2022/5/31,[新聞] Fed理事又放鷹 再升息8碼？他說支持利率,30
2022/5/31,[新聞] 上海6/1解封 投信：有助提振油銅等原物,14
2022/5/30,Re: [標的] 營建股是適合當長期存股領股利的標的嗎,7
2022/5/30,Re: [請益] 用簡單KD指標及均線回測多頭市場成效,7
2022/5/30,Re: [創作] 處置王APP 新功能分享 (體驗序號放送),9
2022/5/30,[新聞] 光明海運股票如能重新申請上市 近7百名股,18
2022/5/30,[請益] 股市超新手的問題,10
2022/5/30,Re: [標的]  8299.TWO 群聯 僧少粥多,7
2022/5/30,[情報] 111年05月30日信用交易統計,62
2022/5/30,[新聞] 搶當少年股神！台股新兵湧入 每月投資一,37
2022/5/30,[新聞] 元太前景閃亮 外資目標價喊上260元新高,65
2022/5/30,[請益] 板上的空空會照著壓力阻力位去做嗎？,6
2022/5/30,[新聞] 全球央行升息潮 範圍之大 20年未見,14
2022/5/30,[請益] 用簡單KD指標及均線回測多頭市場成效,18
2022/5/30,[情報] 111年05月30日 櫃買法人買賣金額統計表,21
2022/5/30,[情報] 0530 上市櫃外資投信同買排行,1
2022/5/30,[標的] 大盤鬼指 猜頭空,100
2022/5/30,[情報] 0530 上市櫃外資投信買超金額排行,5
2022/5/30,Re: [新聞] 立訊攻電動車 鴻海備戰,18
2022/5/30,Re: [標的] 5871.TW 中租-KY 高麗菜多,19
2022/5/30,[新聞] 《半導體》去年配息台股No.1 聯發科股東,0
2022/5/30,[情報] 0530八大公股銀行買賣超排行,31
2022/5/30,[新聞] 台股大漲344點 謝金河：台股會往萬七靠攏,44
2022/5/30,[心得] 由楚漢之爭看長榮集團兄弟之戰,9
2022/5/30,Re: [標的] 元太 空 8069,21
2022/5/30,[新聞] 立訊攻電動車 鴻海備戰,31
2022/5/30,[新聞] 央行6月再升息？ 學者：不排除一次升兩碼,73
2022/5/30,[新聞] 臺企銀Q1獲利登次高 質量並進衝刺成長,98
2022/5/30,[情報] 0530上市外資買賣超排行,100
2022/5/30,[新聞] 台開再跳票 累計逾4億元,18
2022/5/30,Re: [心得] 記錄A 篩選短線交易股票,7
2022/5/30,[創作] 呷土豆,4
2022/5/30,[情報] 6116彩晶調整現金股利 每股配發0.995元,78
2022/5/30,Re: [標的] 元太 空 8069,38
2022/5/30,[情報] 111年05月30日 三大法人買賣金額統計表,99
2022/5/30,[情報] 0530上市投信買賣超排行,50
2022/5/30,[請益] 有關Fed九月暫緩升息的新聞,52
2022/5/30,[創作] 股市放空,6
2022/5/30,[閒聊] 2022/05/30 盤後閒聊,34
2022/5/30,[新聞] 美股拋售已盡？這位投資長：只打一隻腳,27
2022/5/30,[新聞] 長榮海運今年分紅每人可領56.67萬元,21
2022/5/30,Re: [請益] 現在是騙線的機率有多少,16
2022/5/30,[標的] 8299.TWO 群聯 討論(今天該不該先賣掉),4
2022/5/30,[新聞] 傳三星智慧機減產3千萬支 惟摺疊機需求,15
2022/5/30,[新聞] 台積電當心！老美出招拉攏三星 謝金河曝,37
2022/5/30,[新聞] 贊成權數近8成 長榮海運減資案順利過關,40
2022/5/30,[請益] 美國升息、台幣卻大漲,39
2022/5/30,[新聞] 台股兩天上漲逾500點 反彈壓力區到了嗎？,31
2022/5/30,[新聞] 晶片業玩完了？供過於求「炸彈」快爆 專,54
2022/5/30,[新聞] 馬斯克再誇中國 再生能源發電、電動車領,58
2022/5/30,[新聞] 長榮集團兄弟之爭，爭什麼？,17
2022/5/30,[新聞] 碩辣椒(6736)輔導券商辭任，股價大跌逾七,17
2022/5/30,[請益] 群創徵求3000股以上股東的紀念品是啥啊,25
2022/5/30,[新聞] 新唐、聯詠 四檔帶勁,0
2022/5/30,[新聞] 長榮海總座28字箴言說展望「淡季低點已過,42
2022/5/30,[新聞] 急了！上海拚6/1復工、復產、復市 取消「,52
2022/5/30,[標的] 營建股是適合當長期存股領股利的標的嗎,32
2022/5/30,Re: [請益] 零股領紀念品,7
2022/5/30,[新聞] 電視面板殺不停、6月可能賠錢賣！,51
2022/5/30,[閒聊] 2022/05/30盤中閒聊,100
2022/5/30,[新聞] 華新集團打入特斯拉鏈,49
2022/5/30,[新聞] 上海「神秘富二代」砸2.2億買股內線交易,33
2022/5/30,Re: [心得] 愛榭克：美股將一去不回頭！絕佳買點！,63
2022/5/30,Re: [新聞] 美股勁揚 法人：有利已扭轉跌勢台股續彈,10
2022/5/30,[新聞] 巴隆：兩原因 拜登近期難調降中國產品加,25
2022/5/29,[新聞] 中國財政赤字貨幣化,70
2022/5/29,[標的] 大盤,91
2022/5/29,[新聞] 2面向有利 台股6月透曙光,38
2022/5/29,[請益] 建立部位方式,21
2022/5/29,[新聞] 美股勁揚 法人：有利已扭轉跌勢台股續彈,17
2022/5/29,[新聞] 美零售商現高庫存風險 折扣戰一觸即發,59
2022/5/29,[新聞] 投資加line詐騙猖獗！謝金河痛訴「成天冒,30
2022/5/29,[公告] 「叫我賠錢王！！」 得獎名單,100
2022/5/29,Re: [新聞] 驚爆內幕 長榮老臣給影武者柯麗卿的公開,59
2022/5/29,Fw: [新聞] 三商壽台股慘賠擬賣身,95
2022/5/29,Re: [請益] 提供股東報酬：現金股利 or 庫藏股回購,5
2022/5/29,[公告] 05/29 處置公告＋板務雜談,6
2022/5/29,[新聞] 五大利基！台股挑戰前高 緊盯兩大指標,28
2022/5/29,[請益] 提供股東報酬：現金股利 or 庫藏股回購,20
2022/5/29,[情報] 05/30~06/03 美股財報行事曆,22
2022/5/29,[新聞] 電視面板跌價近賠售壓力點 廠商減產勢,50
2022/5/29,[標的] 2359 所羅門 好像不錯..,42
2022/5/29,[新聞] 美股真反彈？死貓跳？謝金河：兩股票免驚,27
2022/5/29,[新聞] 驚爆內幕 長榮老臣給影武者柯麗卿的公開,100
2022/5/28,[新聞] 台股擂台 郭哲榮 本周看好鳳凰、華孚,36
2022/5/28,[標的] 65471 高端疫苗一 多空看你打的疫苗,5
2022/5/28,[創作] 處置王APP 新功能分享 (體驗序號放送),100
2022/5/28,[新聞] 大股東對作顏益財 法人揭秘再看陽明後市,15
2022/5/28,Re: [請益] 現在是騙線的機率有多少,21
2022/5/28,"[新聞] 有救了？小摩：2,500億美元錢潮即將流入",32
2022/5/28,[新聞] 台積零股股東4月來增8萬人 外資對作拋售,93
2022/5/28,Re: [請益] 現在是騙線的機率有多少,10
2022/5/28,Re: [標的] 大盤 多蛙沒死空,17
2022/5/28,[創作] 彩虹的微笑 Part II,14
2022/5/28,Re: [請益] 現在是騙線的機率有多少,11
2022/5/28,Re: [請益] 現在是騙線的機率有多少,66
2022/5/28,[新聞] 完勝通膨！8檔食品股殖利率曝,47
2022/5/28,[請益] 6129普誠,19
2022/5/28,Re: [新聞] 彭博：台美計劃進行經貿對話 內容與印太,25
2022/5/28,Re: [心得] 莫里亞提的經濟預測  通膨洪災 或稱美元信用的螁色,19
2022/5/28,[新聞] 募資狂歡退潮 SPAC公司紛紛發布經營警訊,19
2022/5/28,Re: [新聞] 美通膨可能觸頂 3大指數開盤齊漲,88
2022/5/28,[心得] 莫里亞提的經濟預測  通膨洪災 或稱美元信用的螁色,5
2022/5/28,[新聞] 商用需求旺 戴爾財報讚,41
2022/5/28,[標的] PARA .US 派拉蒙電影 多,15
2022/5/28,Re: [請益] 現在是騙線的機率有多少,21
2022/5/28,Re: [請益] 現在是騙線的機率有多少,6
2022/5/28,[請益] 在講解石油產業的文章,2
2022/5/28,Re: [新聞] Meta、輝達暫緩人才招募力度，微軟要求,30
2022/5/28,[新聞] 彭博：台美計劃進行經貿對話 內容與印太,26
2022/5/28,Re: [請益] 現在是騙線的機率有多少,11
2022/5/28,[創作] 愛你,87
2022/5/28,[新聞] 美通膨可能觸頂 3大指數開盤齊漲,100
2022/5/28,Re: [新聞] 輝達Q2財測不如預期 拖累台積電股價下跌,14
2022/5/28,Re: [請益] Line投顧群組都會割韭菜嗎,0
2022/5/27,[新聞] 金融股精準賣在高點時 原來達人這樣判斷,0
2022/5/27,[新聞] 股價遲不見起色小股東抱股憂心 可成董座,36
2022/5/27,[新聞] 小股東人數多、發言踴躍　中華電信股東會,27
2022/5/27,[新聞] 主計總處下修今年經濟成長率 至3.91％,35
2022/5/27,[請益] 現在是騙線的機率有多少,73
2022/5/27,[請益] 國泰金的股數問題？,11
2022/5/27,[新聞] Meta、輝達暫緩人才招募力度，微軟要求,12
2022/5/27,Re: [標的] 大盤 空 空頭大屠殺,2
2022/5/27,[情報] 111年05月27日信用交易統計,40
2022/5/27,[情報] 0527 上市櫃外資投信同買排行,1
2022/5/27,[新聞] 台航公告 申報轉讓陽明股票6千張,55
2022/5/27,[請益] 盤後資料整理,10
2022/5/27,[新聞] 行動裝置產業明星股|台達電、台嘉碩、希,4
2022/5/27,[新聞] 三星預計五年內在晶片和生物技術上投資3600億美元,3
2022/5/27,[新聞] 0056今年還適用「端午節買進，中秋節賣出,-10
2022/5/27,[情報] 宏璟終止與日月光電子K17廠合建契約,11
2022/5/27,[新聞] IC設計產業明星股|聯發科、瑞昱、聯詠,13
2022/5/27,[情報] 0527 上市櫃外資投信買超金額排行,3
2022/5/27,Re: [新聞] 三商壽法說 投資反1未實現損失62.7億元,5
2022/5/27,[新聞] 馬斯克面臨新訴訟！遭推特股東指控惡意,9
2022/5/27,[新聞] 女股神在輝達崩40%後逢低大買 一天承接,90
2022/5/27,[新聞] 4月景氣燈號亮第2顆綠燈 國發會：密切關注,62
2022/5/27,[情報] 0527八大公股銀行買賣超排行,49
2022/5/27,[心得] 美股-透過最有價值品牌尋找投資標的,26
2022/5/27,Re: [新聞] 中國砸7千億全球搜刮糧食 4月稻米進口暴,26
2022/5/27,[情報] 0527上市外資買賣超排行,98
2022/5/27,[新聞] Google讓步 同意Match以Google商店以外工,9
2022/5/27,[情報] 0527 SCFI指數 4175.35 (↑12.66)+0.3%,64
2022/5/27,[情報] 111年05月27日 櫃買法人買賣金額統計表,20
2022/5/27,[新聞] 三商壽法說 投資反1未實現損失62.7億元,82
2022/5/27,[新聞] 可成洪水樹：庫存壓力與通膨 下半年旺季,39
2022/5/27,[新聞] 大空頭巴斯：美國經濟最快今年底陷入衰退,15
2022/5/27,[情報] 111年05月27日 三大法人買賣金額統計表,98
2022/5/27,[情報] 0527上市投信買賣超排行,46
2022/5/27,[請益] 關於今日陽明股東會重點請教,52
2022/5/27,[閒聊] 2022/05/27 盤後閒聊,36
2022/5/27,[新聞] 馬斯克：美國經濟衰退實際上是「好事」,65
2022/5/27,[新聞] 索羅斯：普丁威脅斷氣 明顯是在敲詐歐洲,34
2022/5/27,Re: [標的] 2881富邦金 說好的教訓呢QQ?,10
2022/5/27,Re: [標的] 1539巨庭,14
2022/5/27,[標的] 3228 金麗科 多,22
2022/5/27,[新聞] 3大需求殺到台積穩了！老謝看台股有矽盾,56
2022/5/27,[新聞] 遭股民怨股價才8塊多！新光金：實在委屈,99
2022/5/27,[心得] 心理素質-自己脩,0
2022/5/27,[標的] 2618.TW 長榮航空 利多出盡空,22
2022/5/27,Re: [新聞] 中國砸7千億全球搜刮糧食 4月稻米進口暴,26
2022/5/27,[新聞] 陽明每位員工嗨！今年再領約116萬元,40
2022/5/27,[新聞] 日經直擊鳳凰城：為什麼台積電在美工程,97
2022/5/27,[新聞] GAP Q1盈轉虧且大砍獲利前景 盤後暴跌13%,5
2022/5/27,Re: [新聞] 中國砸7千億全球搜刮糧食 4月稻米進口暴,100
2022/5/27,[標的] 2888新光金       寒居請益,14
2022/5/27,[新聞] 中國砸7千億全球搜刮糧食 4月稻米進口暴,100
2022/5/27,[閒聊] 2022/05/27盤中閒聊,100
2022/5/27,[新聞] 外資提款 16檔官股護盤搭救,38
2022/5/27,[新聞] 外資賣超百億 公股急救援,18
2022/5/27,Re: [請益] Line投顧群組都會割韭菜嗎,100
2022/5/27,Re: [請益] Line投顧群組都會割韭菜嗎,25
2022/5/27,[創作] 傷痕,8
2022/5/26,[新聞] 超級航運周又成割韭派對？老手兩指標找,18
2022/5/26,[新聞] 業內：2024年代工產能或過剩 台積電重新評估擴產計劃,53
2022/5/26,Re: [標的] NVDA.US 空,60
2022/5/26,Re: [請益] Line投顧群組都會割韭菜嗎,10
2022/5/26,[新聞] 經濟疲軟大陸鋼廠庫存創兩年多新高 鋼價,11
2022/5/26,[請益] Line投顧群組都會割韭菜嗎,39
2022/5/26,[新聞] 郭哲榮：中國防疫政策若改變 有望移開台股,2
2022/5/26,[請益] 通膨是印鈔太多，升息有用嗎？,6
2022/5/26,[創作] 榮速下 & 讓我們砍航運,10
2022/5/26,[新聞]南茂股東會 通過每股配息4.3元,6
2022/5/26,[新聞] 南韓再升息一碼 新任央行總裁表明要抗通,52
2022/5/26,[新聞] 價跌不是更有利於累積張數?達人：存股族,26
2022/5/26,[情報] 111年05月26日信用交易統計,25
2022/5/26,[新聞] 美首季GDP經修訂後按季跌1.5%　遜預期,37
2022/5/26,Re: [心得] 00878不要再存股了啦,4
2022/5/26,[新聞] 日本今起開國門！雄獅：海外團體旅遊漲幅3~5成,65
2022/5/26,[情報] 5880 合庫金 第一季財報,10
2022/5/26,[新聞] 油價一年漲51％受不了！美民眾嚇壞不敢開,61
2022/5/26,[標的] 3034.TW 聯詠  8299.TWO 群聯 討論,0
2022/5/26,[標的] 6669 緯穎 多,20
2022/5/26,[新聞] 今年股市波動、證交稅連月負成長　財長：,37
2022/5/26,[情報] 0526 上市櫃外資投信同買排行,1
2022/5/26,[情報] 0526 上市櫃外資投信買超金額排行,3
2022/5/26,[新聞] 長榮爭產案　弟弟派不滿「張榮發基金會」,14
2022/5/26,[情報] 0526八大公股銀行買賣超排行,21
2022/5/26,Re: [標的] 4915.TW 致伸 積少成多,29
2022/5/26,[心得] 00878不要再存股了啦,40
2022/5/26,[新聞] 印度限制糖出口 全球糖價蠢動,63
2022/5/26,[情報] 2892 第一金 第一季財報,23
2022/5/26,[標的] 2497怡利電-空,44
2022/5/26,[情報] 2880 華南金 Q1 EPS:0.28,49
2022/5/26,[情報] 0526上市外資買賣超排行,85
2022/5/26,[標的]  8299.TWO 群聯 僧少粥多,35
2022/5/26,[情報] 111年05月26日 櫃買法人買賣金額統計表,25
2022/5/26,[情報] 111年05月26日 三大法人買賣金額統計表,100
2022/5/26,[情報] 0526上市投信買賣超排行,81
2022/5/26,[新聞] 輕原油期走強 後市看俏,13
2022/5/26,[新聞] 兆豐產防疫險居家照護「用藥都可賠」,0
2022/5/26,[情報] 采鈺上市前業績發表會,10
2022/5/26,[閒聊] 2022/05/26 盤後閒聊,28
2022/5/26,[標的] 4116 明基醫,15
2022/5/26,Re: [新聞] Fed 5月會議紀錄：6、7月將各升2碼,68
2022/5/26,[新聞] 威州廠形同停擺，傳鴻海背債 20 年、年付,61
2022/5/26,[新聞] ABF強勁成長、BT入旺季 景碩Q3季增看15%,40
2022/5/26,[請益] 0050定期定額投資法,34
2022/5/26,[新聞] 輝達Q2財測不如預期 拖累台積電股價下跌,20
2022/5/26,Re: [標的] 00885 富邦越南 多,5
2022/5/26,Re: [新聞] Fed 5月會議紀錄：6、7月將各升2碼,11
2022/5/26,[標的] 8996 高力 看起來有底部起漲的樣子喔!,18
2022/5/26,[新聞] 台泥股東會 張安平：能源將成為集團發展,36
2022/5/26,Re: [新聞] Fed 5月會議紀錄：6、7月將各升2碼,26
2022/5/26,[新聞] 台積、聯發科無懼價格戰 大摩挺,33
2022/5/26,[新聞] 蘇建榮：台股穩健 國安基金密切注意,30
2022/5/26,[新聞] 月入百萬捐4成獲利！佛心股神樂當社工,100
2022/5/26,[新聞] 美股頻甩尾拉升 誰護航？研調:答案是散戶,22
2022/5/26,Re: [新聞] 郭董：美股大跌不是疫情，而是油價戰爭,25
2022/5/26,Re: [新聞] 再升息恐造成家庭收支惡化？ 央行理事這,17
2022/5/26,[新聞] 美塞港高峰 恐六月底提前到,26
2022/5/26,Re: [新聞] 紅杉美國最新 52 頁 PPT 分享，警告嚴峻,0
2022/5/26,[新聞] 紅杉美國最新 52 頁 PPT 分享，警告嚴峻,13
2022/5/26,[新聞] 再升息恐造成家庭收支惡化？ 央行理事這,29
2022/5/26,[新聞] Fed 5月會議紀錄：6、7月將各升2碼,40
2022/5/26,[閒聊] 2022/05/26 盤中閒聊,100
2022/5/26,[新聞] 美國恐限制石油出口 穩定國內能源價格,75
2022/5/26,[新聞] iPhone新機延誤 鴻海急救援,13
2022/5/26,[新聞] 00878接到慌！　500萬股息達人吐3字突破,-10
2022/5/26,Re: [標的] NVDA.US 空,-10
2022/5/26,[心得] 美股遠遠比台股刺激幾百倍,41
2022/5/26,[標的] TWTR 推特 邁向希望多!,4
2022/5/26,[新聞] 虧大了！馬斯克收購推特 自賺11億美元到,20
2022/5/26,[新聞] 兩岸蘋鏈搶單 沒人是贏家,20
2022/5/26,Re: [標的] 大盤 你看不出這裡要跌了嗎空,1
2022/5/26,[情報] 0525 處置股風險統計排行,4
2022/5/25,[標的] 今日5/25「奇偶(3356)」分析,10
2022/5/25,[標的] 多,20
2022/5/25,[新聞] Fed前副主席：美國明年有5到6成可能出現,38
2022/5/25,[新聞] 6月升息？央行理事：台美緊縮幅度不一定,66
2022/5/25,Re: [標的] 4440.TW 宜新實業 環保多,18
2022/5/25,Re: [標的] 大盤 空 空頭大屠殺,14
2022/5/25,[新聞] 謝金河揭1檔狂噴7.8倍 航海王揚帆訊號到,31
2022/5/25,[情報] 0525 上市櫃外資投信同買排行,6
2022/5/25,[新聞] 官股砸2132億力抗外資殺盤 今年來逢低大,51
2022/5/25,[情報] 0525 上市櫃外資投信買超金額排行,0
2022/5/25,[情報] 111年05月25日信用交易統計,43
2022/5/25,[請益] 台股是不是跟美股脫鉤了？,37
2022/5/25,[標的] 8299.TWO 群聯 多,4
2022/5/25,Re: [標的] 大盤 空 空頭大屠殺,19
2022/5/25,[請益] 如何查詢所有個股股價在季線之上的比例?,8
2022/5/25,[新聞] 糧食危機拉警報 全世界小麥儲備僅剩10週,99
2022/5/25,[情報] 0525八大公股銀行買賣超排行,38
2022/5/25,[新聞] 上次打到航海王 南韓又審查韓日航線操縱,30
2022/5/25,[新聞] 聯電P6廠明年第2季量產 斥資10億元進行,13
2022/5/25,Re: [標的] 2330.TW 台積電 空,-10
2022/5/25,Re: [新聞] 「華爾街大亨」郭哲榮：看好績優股 打底完,22
2022/5/25,[問卷] 探討虛擬社群對投資意圖影響,22
2022/5/25,[新聞] 2030年是電動車大量採用固態電池的合理,9
2022/5/25,[情報] 0525上市外資買賣超排行,93
2022/5/25,[情報] 111年05月25日 櫃買法人買賣金額統計表,25
2022/5/25,[新聞] 美國總統拜登啟動印太經濟框架以對抗中,80
2022/5/25,[情報] 111年05月25日 三大法人買賣金額統計表\,88
2022/5/25,[情報] 0525上市投信買賣超排行,78
2022/5/25,[新聞] 陸信通院：4月國內手機出貨量年減34.2％,19
2022/5/25,[標的] 288,50
2022/5/25,[新聞] 長榮哥哥派秀巴拿馬公共登記處截圖 拒絕,17
2022/5/25,[閒聊] 2022/05/25 盤後閒聊,23
2022/5/25,[新聞] 台積電危險？三星向拜登秀3奈米技術,86
2022/5/25,Re: [情報] 2886 兆豐金 第一季財報,17
2022/5/25,Re: [新聞] 橋水創辦人達里歐：現金是垃圾、股票更垃,11
2022/5/25,[新聞] 橋水創辦人達里歐：現金是垃圾、股票更垃,100
2022/5/25,[新聞] 開發金怎麼了?網友為一組故宮碗賠掉近2成,93
2022/5/25,Re: [新聞] 弟弟派突襲失敗 EIS永久董事長仍是張國華,10
2022/5/25,[新聞] AMD、Nvidia新品登場!外資重申看好載板三雄,38
2022/5/25,[新聞] 美國房市低迷 學者：經濟衰退警鈴響,100
2022/5/25,[新聞] 阿克曼：Fed激進緊縮或市場崩盤 才能阻,65
2022/5/25,Re: [標的]TW.3313 斐成 閃閃一閃,12
2022/5/25,[標的] 2883開發金怎麼了,100
2022/5/25,[新聞] 鴻海 首推股東數位優惠卡,24
2022/5/25,[新聞] 台驊：海運景氣 順風順水,19
2022/5/25,[新聞] 高通膨難平 避險基金大亨艾克曼曝解法,6
2022/5/25,[新聞] 王心凌《浪姐》太威！這家公司市值漲293億,53
2022/5/25,[閒聊] 2022/05/25 盤中閒聊,100
2022/5/25,[新聞] Fed變風向 傳秋後暫停升息,80
2022/5/25,Re: [心得] 通縮還是通膨,20
2022/5/25,Re: [新聞] 弟弟派突襲失敗 EIS永久董事長仍是張國華,3
2022/5/25,Re: [新聞] 拜登：考慮削減中國關稅　「那是上屆,19
2022/5/25,[請益] 華南金 紀念品 請益,23
2022/5/25,Re: [請益] 特斯拉應該要跌到多少才合理?,60
2022/5/25,[心得] 其實空方壓力很大,33
2022/5/24,[新聞] 全球50大富豪今年財富縮水逾5500億美元,26
2022/5/24,[新聞] 擅自改設計踩蘋果底線，京東方傳痛失 iPh,44
2022/5/24,Re: [新聞] 股票-30％住寒居酒店23折 送早餐睡到收盤,0
2022/5/24,[標的] 2330.TW 台積電 空,32
2022/5/24,[請益] 通膨不可能是永久的吧？,39
2022/5/24,[新聞] 「最懂航運的男人」顏益財：長榮、陽明,28
2022/5/24,[新聞] 持股賠30％ 住飯店享2.3折「睡到收盤」,17
2022/5/24,[新聞] 英特爾CEO：晶片短缺問題僅緩解一半 恐將,17
2022/5/24,[請益] 想放空券沒有券，該怎麼辦?,21
2022/5/24,[新聞] 美國考慮取消陸商品關稅，大成鋼料影響有限,2
2022/5/24,[新聞] 中國獨斷封控風險 蘋果要求供應商建立非,19
2022/5/24,[請益] 特斯拉應該要跌到多少才合理?,80
2022/5/24,Re: [標的] 大盤 空 空頭大屠殺,32
2022/5/24,[情報] 111年05月24日信用交易統計,30
2022/5/24,[新聞] 百萬件待審防疫保單 金管會：業者承諾6/3,16
2022/5/24,[情報] 2891 中信金 第一季財報,11
2022/5/24,[新聞] 止跌三訊號浮現 郭哲榮揭台股反彈契機,100
2022/5/24,[新聞] 台開、互億科技財報難產 瀕臨下市,14
2022/5/24,Re: [標的] 大盤 空 空頭大屠殺,29
2022/5/24,[新聞] 聯詠400回不去？美系外資看下半年3大壓力,15
2022/5/24,[新聞] 散戶信心續崩？4月證券劃撥存款餘額大減,56
2022/5/24,Re: [新聞] 台積電再度神救援！5奈米獲英特爾急單,35
2022/5/24,[情報] 1540 喬福 衍生性商品交易公允價值更正,14
2022/5/24,Re: [標的] SQQQ 技術面爆炸加碼多,5
2022/5/24,[情報] 2886 兆豐金 第一季財報,69
2022/5/24,[情報] 0524八大公股銀行買賣超排行,16
2022/5/24,[新聞] 上櫃公司基本面穩健 籲投資人審慎理性,11
2022/5/24,[新聞] 力晶改名為力晶創新控股 配發現金股利1元,81
2022/5/24,[情報] 0524 上市櫃外資投信同買排行,4
2022/5/24,[新聞]確診居家照護理賠 國泰金李長庚：從寬認定,26
2022/5/24,[情報] 0524 上市櫃外資投信買超金額排行,6
2022/5/24,[新聞] Twitter掌握「特定履行」條款 Musk難以,13
2022/5/24,[新聞] 美國擬降大陸鋼品進口關稅...中鋼翁朝棟:,51
2022/5/24,[新聞]三寶案5年後永豐餘集團市值翻倍 何壽川改,10
2022/5/24,[情報] 111年05月24日 櫃買法人買賣金額統計表,11
2022/5/24,[情報] 0524上市外資買賣超排行,100
2022/5/24,Re: [新聞] 台積電再度神救援！5奈米獲英特爾急單,35
2022/5/24,Re: [新聞] 疑投資失利 29歲男台中豪宅墜樓亡,100
2022/5/24,[情報] 111年05月24日 三大法人買賣金額統計表,79
2022/5/24,[請益] 如果大戶看跌 那為什麼又要開高?,41
2022/5/24,[新聞] 彭双浪鬆口了!友達與群創合併「有前提」,57
2022/5/24,[新聞] 產險拖累國泰金 大摩下調目標價至66.2元,21
2022/5/24,[新聞] 台積電再度神救援！5奈米獲英特爾急單,57
2022/5/24,[情報] 0524上市投信買賣超排行,48
2022/5/24,Re: [心得] 感覺怪怪的！,16
2022/5/24,[請益] 空單進場點位搶不到券,8
2022/5/24,[創作] 四季予你,12
2022/5/24,[請益] 經濟差時周轉困難的情況,0
2022/5/24,[心得] 感覺怪怪的！,44
2022/5/24,Re: [新聞] Fed鷹王布拉德：消費改變將壓物價,6
2022/5/24,[新聞] 對中國經濟沮喪 馬化騰轉貼文掀軒然大波,27
2022/5/24,[新聞] 「大立光股價跌掉70%，這一定有事啊！」,40
2022/5/24,Re: [心得] 連敗11場的韭菜,14
2022/5/24,[新聞] 弟弟派突襲失敗 EIS永久董事長仍是張國華,21
2022/5/24,[創作] 鴿子,3
2022/5/24,[閒聊] 2022/05/24 盤後閒聊,1
2022/5/24,[標的] 2474.tw 可成，本周五5/27 股東會請益,18
2022/5/24,[心得] 連敗11場的韭菜 有圖不唬爛,47
2022/5/24,[新聞] Fed 超鷹南韓央行跟進，市場篤定：韓本,27
2022/5/24,[新聞] 航海王顏益財喊話 投資海運股2年內沒風險,41
2022/5/24,Re: [新聞] 疑投資失利 29歲男台中豪宅墜樓亡,-10
2022/5/24,[新聞] 金融存股族進場了！15家金控上周增逾3.34萬股東,65
2022/5/24,[公告] 05/24 處置公告,56
2022/5/24,[新聞] 兆豐銀OL「3招狂偷上千萬」全給「愛情騙,100
2022/5/24,[新聞] 終端品牌廠去化壓力大！台灣電子庫存惡,34
2022/5/24,[新聞] 疑投資失利 29歲男台中豪宅墜樓亡,100
2022/5/24,[新聞] 雙低吃香 台股小鬼當道,6
2022/5/24,[新聞] 亞特蘭大聯儲：FED希望軟著陸，9月可能,28
2022/5/24,[心得] 當沖賺便當x堤維西給飯吃x薯條加大,22
2022/5/24,[新聞] 兆豐產險防疫保單虧錢？董座明提報告,22
2022/5/24,Re: [請益] 零股領紀念品,50
2022/5/24,[新聞] 三波趕運潮 航運Q3會更旺,28
2022/5/24,[新聞] IMF:全球經濟面臨「二戰以來最大的考驗」,18
2022/5/24,[新聞] Zoom(ZM.US)Q2營收、利潤指引均超預期,18
2022/5/24,[閒聊] 2022/05/24 盤中閒聊,95
2022/5/24,[新聞] 東風來了! 航運族群揚帆,67
2022/5/24,[新聞] Snap示警本季營收恐難達標 盤後狂瀉逾30%,46
2022/5/24,[新聞] 廣達上海廠再度發生員工騷動？,18
2022/5/24,[標的] 4580 捷流閥業 存股多,28
2022/5/24,Re: [新聞] 蘋果股價疲，巴菲特也大失血,13
2022/5/23,[標的]6789 采鈺,0
2022/5/23,Re: [心得] 長期投資觀點的一些雜談(文長),53
2022/5/23,[標的] 1104 環泥 六和多多,16
2022/5/23,Re: [新聞] 台驊近期出售陽明股票獲利約1.4億　下半年考慮加發股,19
2022/5/23,[標的] 標普500指數空在3955點會怎樣嗎?,27
2022/5/23,[新聞] 台股熊出沒？證交所老董：目前還看不到,35
2022/5/23,Re: [新聞] 半導體砍單風暴來襲,3
2022/5/23,Re: [新聞] 別寄望解封！郭明錤：需求早消失了、股,8
2022/5/23,[心得] 記錄A 篩選短線交易股票,6
2022/5/23,[新聞] 拜登：考慮削減中國關稅　「那是上屆政,66
2022/5/23,[情報] 111年05月23日信用交易統計,43
2022/5/23,[新聞] 「華爾街大亨」郭哲榮：看好績優股 打底完,47
2022/5/23,[標的] 2929淘帝KY    想住寒居酒店請益,14
2022/5/23,[心得] 如何在保持原本定期定額報酬率情形下加碼,9
2022/5/23,[新聞] 台股反彈只是曇花一現？短線留意三現象牽,8
2022/5/23,[情報] 0523 上市櫃外資投信同買排行,5
2022/5/23,[新聞] 半導體產業發展仍看好 電力景氣指數維持,6
2022/5/23,[新聞] 總統尹錫悅：若被排除印太，恐遭極大損失,66
2022/5/23,[新聞] 交屋入帳衝刺 營建F4業績看旺,9
2022/5/23,[新聞] 台幣貶勢超韓 日圓淪最弱亞幣,8
2022/5/23,[情報] 0523 上市櫃外資投信買超金額排行,7
2022/5/23,[新聞] 三星S22熱賣供應鏈雨露均霑Q1獲利大進補,18
2022/5/23,[請益] 同事家人退休想買500張官股金融,100
2022/5/23,[情報] 0523八大公股銀行買賣超排行,31
2022/5/23,[新聞] 晶圓代工擴產潮剎不住 2024產能海嘯恐來,41
2022/5/23,[情報] 2323中環取得富邦金股票,45
2022/5/23,[標的] 台指期 多,17
2022/5/23,[新聞] 《金融股》法人保守看 富邦金探13月低點,54
2022/5/23,[情報] 0523上市外資買賣超排行,98
2022/5/23,[新聞] 〈國泰金法說〉國壽Q1金融資產未實現損益,45
2022/5/23,[創作] +～放空軍紀歌,46
2022/5/23,[情報] 111年05月23日 櫃買法人買賣金額統計表,25
2022/5/23,[情報] 111年05月23日 三大法人買賣金額統計表,72
2022/5/23,[新聞] 聯發科蔡力行：天璣1050獲北美客戶採用,30
2022/5/23,[情報] 0523上市投信買賣超排行,98
2022/5/23,[心得] 長期投資觀點的一些雜談(文長),64
2022/5/23,[新聞] 零售巨頭的災難可能只是開始 投資者準備,24
2022/5/23,[閒聊] 2022/05/23 盤後閒聊,8
2022/5/23,[新聞] 可成手握1700億現金是華碩5倍 卻打算增,100
2022/5/23,[新聞] 內需趴地 央行6月升息現雜音,74
2022/5/23,[新聞] 股票-30％住寒居酒店23折 送早餐睡到收盤,99
2022/5/23,[新聞] Fed鷹王布拉德：消費改變將壓物價,57
2022/5/23,[新聞] 連踩國巨、元大台灣50反1、俄羅斯債三大,100
2022/5/23,[標的] 3013晟銘電 突如其來的2根漲停是??,14
2022/5/23,Re: [標的] NFLX.US NETFLIX 網飛 遭台灣抵制空,15
2022/5/23,[標的] 3714富采 反彈多,13
2022/5/23,Re: [請益] 為什麼每次有感下跌時2008就會被再度提出,17
2022/5/23,[新聞] 美西碼頭工人喊暫停談判,60
2022/5/23,[新聞] 貨櫃輪六大釋疑 法人：一枝穿雲箭,30
2022/5/23,[新聞] 防疫保單曝險高於400億 產險尚無倒閉壓力,3
2022/5/23,[新聞] 特斯拉在上海大舉招聘研發人才 上海有望,56
2022/5/23,[新聞] 5G大砍單來了！郭明錤：聯發科砍35%、高,34
2022/5/23,Re: [新聞] 半導體砍單風暴來襲,40
2022/5/23,[新聞] 長榮添新船 挑戰第五大,28
2022/5/23,[新聞] 矽谷加速器YC公開信鳴槍警告：景氣寒冬已,7
2022/5/23,Re: [新聞] 白宮國安顧問：台灣不會列入「印太經濟架,47
2022/5/23,Re: [新聞] 半導體砍單風暴來襲,37
2022/5/23,Re: [請益] 這兩年是不是讓人有股市只漲不跌的錯覺,15
2022/5/23,[閒聊] 2022/05/23 盤中閒聊,100
2022/5/23,[標的] 台股中小型多,6
2022/5/23,[新聞] 半導體砍單風暴來襲,71
2022/5/23,[請益] 現在投資美股是不是絕佳的時機,27
2022/5/23,Re: [心得] 別在存股了啦,8
2022/5/22,[請益] 成長股通常都是指科技股嗎？其他產業？,18
2022/5/22,[新聞] 台積被超賣了!大摩：最佳情況三年攻千金,99
2022/5/22,[新聞] 白宮國安顧問：台灣不會列入「印太經濟架,100
2022/5/22,[新聞] 貝萊德百億美元ETF大翻修 料狠砍科技股,13
2022/5/22,[新聞] 升息潮席捲拉美 五大壽險金控握逾1.5兆,71
2022/5/22,Re: [心得] 曝險100%的情況下的比較,1
2022/5/22,[新聞] 傳騰訊再擴大裁員範圍 遊戲業務砍一成,69
2022/5/22,Re: [心得] 通縮還是通膨,65
2022/5/22,[新聞] 股價飆+保單風暴，金融股還要存嗎？年領2,21
2022/5/22,[新聞] 超級航運周將登場！海＋空五雄股東會,85
2022/5/22,Re: [心得] 通縮還是通膨,30
2022/5/22,Re: [心得] 通縮還是通膨,100
2022/5/22,[創作] 分享 FinMind 股票視覺化工具,17
2022/5/22,[新聞] 大摩:除台積電 晶圓代工產能利用率Q3下滑,23
2022/5/22,[新聞] 元太2年飆近9倍 內外資同步上調目標價,61
2022/5/22,Re: [心得] 別在存股了啦,40
2022/5/22,[新聞] 高殖利率族 公股大押寶,35
2022/5/22,[心得] 別在存股了啦,-10
2022/5/22,Re: [新聞] 別寄望解封！郭明錤：需求早消失了、股,23
2022/5/22,[新聞] 中共長期封城 殃及韓國經濟,23
2022/5/22,[請益] 這兩年是不是讓人有股市只漲不跌的錯覺,54
2022/5/22,[新聞] Netflix 粉專梗圖諷買不到快篩 楊雅喆轟,100
2022/5/22,[新聞] 別寄望解封！郭明錤：需求早消失了、股,33
2022/5/22,Re: [心得] 通縮還是通膨,14
2022/5/22,[標的] TMV.US 空,2
2022/5/22,[新聞] 【台泥還能存1】股價從5字頭降落　存股,42
2022/5/22,[標的] 3443.TW 創意 黑手多,3
2022/5/22,Re: [心得] 愛榭克：美股將一去不回頭！絕佳買點！,86
2022/5/22,[標的] 1907永豐餘、1216統一 紙箱、寵物無敵多,12
2022/5/22,[新聞] 致死率高達10%！多國爆發“猴痘”病例，,35
2022/5/21,Re: [心得] 通縮還是通膨,38
2022/5/21,[新聞] 等了13年！日CPI年增率站上2%,50
2022/5/21,[心得] 通縮還是通膨,93
2022/5/21,[標的] NFLX.US NETFLIX 網飛 遭台灣抵制空,76
2022/5/21,[新聞] 台股擂台 郭哲榮 本周看好華新、華榮,29
2022/5/21,Re: [心得] 愛榭克：美股將一去不回頭！絕佳買點！,16
2022/5/21,Re: [心得] 愛榭克：美股將一去不回頭！絕佳買點！,31
2022/5/21,[新聞] 英國1.2億英鎊資助新核能項目開發與產業,18
2022/5/21,[新聞] 葉倫：歐美應減少依賴大陸,18
2022/5/21,Re: [請益] FED真的從08年大海嘯學到任何教訓嗎？,17
2022/5/21,[新聞] 台股迎2兆元股息活水 投顧:短線低點已過,37
2022/5/21,Re: [請益] 這次嚴重通膨是供應鏈or低利率造成?,11
2022/5/21,[情報] 05/23~05/27 美股財報行事曆,19
2022/5/21,Re: [請益] FED真的從08年大海嘯學到任何教訓嗎？,26
2022/5/21,Re: [心得] 愛榭克：美股將一去不回頭！絕佳買點！,83
2022/5/21,[請益] 借券的報稅問題,13
2022/5/21,[新聞] 多頭放心！謝金河曝台股起風兩吉兆,100
2022/5/21,[新聞] 《金融》台企銀員工持股信託 超猛,21
2022/5/21,[新聞] ECB總裁拉加德暗示7月可能升息 但淡化一,8
2022/5/21,[新聞] 鴻海、國巨合資國創斥28億元入股富鼎 成,11
2022/5/21,[新聞] 美股現況悲觀？300 位權威經理人調查,19
2022/5/21,[新聞] 台積電套在600元！Joeman變「韭man」慘爆,40
2022/5/21,[請益] 這家公司是否會以低於淨值的價錢被收購？,8
2022/5/21,[標的] 2330台積電 修改提款機密碼、奪回神山！,80
2022/5/21,Re: [心得] 愛榭克：美股將一去不回頭！絕佳買點！,100
2022/5/21,[公告] 05/21 處置／改判公告,7
2022/5/21,Re: [請益] FED真的從08年大海嘯學到任何教訓嗎？,11
2022/5/21,Re: [新聞] 股市菜雞Joeman錯失 500 萬！看對台積電起漲點,22
2022/5/21,Re: [心得] 愛榭克：美股將一去不回頭！絕佳買點！,62
2022/5/21,[新聞] 電子貨架標籤 需求爆發 元太股價創掛牌新,60
2022/5/21,[新聞] 我外銷訂單 終結連25紅,37
2022/5/21,[新聞] ASML新一代EUV設備飆天價  估計一台約118,25
2022/5/21,[新聞] 謝金河：一家元太讓兩隻老虎掉淚,74
2022/5/21,[新聞] 元太需求展望樂觀 股價站上200元寫新猷,12
2022/5/21,Re: [請益] FED真的從08年大海嘯學到任何教訓嗎？,15
2022/5/21,[請益] 又回到了2020年3月現金為王的思維了嗎?,35
2022/5/21,Re: [請益] FED真的從08年大海嘯學到任何教訓嗎？,18
2022/5/21,Re: [請益] FED真的從08年大海嘯學到任何教訓嗎？,13
2022/5/21,Re: [請益] FED真的從08年大海嘯學到任何教訓嗎？,33
2022/5/21,[新聞] 美股21年來最大拋售潮 那指連跌7周,32
2022/5/21,[心得] 道指上次連九週收黑為1911年10月辛亥革命前,92
2022/5/21,[心得] 今年價值股當道,21
2022/5/21,[請益] 集保e存摺是不是掛了,13
2022/5/21,Re: [心得] 愛榭克：美股將一去不回頭！絕佳買點,35
2022/5/21,Re: [心得] 愛榭克：美股將一去不回頭！絕佳買點,32
2022/5/21,[心得] 美國大盤連續收黑週數破紀錄,99
2022/5/21,Re: [標的] SQQQ,22
2022/5/21,[創作] 為你流的淚,11
2022/5/20,Re: [新聞] 確定台積電操刀！Android 新「旗艦晶片」,19
2022/5/20,[新聞] 確定台積電操刀！Android 新「旗艦晶片」,65
2022/5/20,[新聞] 汽車零組件漲錯了？業界闢謠：陸6月將頒,28
2022/5/20,[新聞] IMF：全球需準備好應對一波波通膨衝擊,25
2022/5/20,[新聞] 富邦金總座韓蔚廷：富邦產險絕對沒有輸,0
2022/5/20,[新聞] 富邦金控第一季稅後淨利、每股盈餘居金控,20
2022/5/20,Re: [標的] SQQQ,5
2022/5/20,[情報] 0520 上市櫃外資投信同買排行,4
2022/5/20,[情報] 2883 開發金 第一季財報,44
2022/5/20,[新聞] 新光金董事會通過成立併購小組 招親對象,41
2022/5/20,[情報] 2890 永豐金 第一季財報,18
2022/5/20,[標的] 大盤 下週反彈嘎空週,19
2022/5/20,[情報] 2885 元大金 第一季財報,8
2022/5/20,Re: [新聞] 解決通膨奇招？彭博：沃爾瑪和Target們，,11
2022/5/20,[情報] 111年05月20日信用交易統計,25
2022/5/20,[情報] 2888 新光金 第一季財報,25
2022/5/20,[新聞] 不再免徵！電動車要收汽燃費了　時間點曝,24
2022/5/20,[新聞] 馬士基 高盛:中重啟港口恐掀新供應鏈瓶頸,16
2022/5/20,[新聞] 王美花信心喊話：下半年經濟仍可期,11
2022/5/20,[請益] 糧食缺貨的次序,51
2022/5/20,[新聞] 集邦：50至65吋面板跌破現金成本 6月廠商,45
2022/5/20,[情報] 1702南僑 111年4月自結,6
2022/5/20,[情報] 0520 SCFI指數 4162.69 (↑14.86)+0.36%,39
2022/5/20,[新聞] 我Q1國際收支順差創近10年單季新低,11
2022/5/20,[新聞] 解決通膨奇招？彭博：沃爾瑪和Target們，,53
2022/5/20,[標的]  8069 元太 看空多,34
2022/5/20,[新聞] 開第一槍！　中壽宣布防疫險輕症在家照,100
2022/5/20,[新聞] 貨櫃運價翻揚！SCFI指數終結連17跌 歐洲,43
2022/5/20,[情報] 0520 上市櫃外資投信買超金額排行,2
2022/5/20,[情報] 0520八大公股銀行買賣超排行,32
2022/5/20,[標的] 元太 空 8069.tw,-10
2022/5/20,[請益] 新手菜雞該如何配置資產,37
2022/5/20,[新聞] 美國參院提案分拆Google不透明的線上廣告,39
2022/5/20,[新聞] 富邦產防疫險「日賠5000萬」！保費收46.7,23
2022/5/20,[情報] 0520上市外資買賣超排行,53
2022/5/20,[新聞] 傳奇經理人彼得林區偷偷買進 雞蛋水餃股I,39
2022/5/20,[新聞] 蘋果股價疲，巴菲特也大失血,61
2022/5/20,[情報] 111年05月20日 櫃買法人買賣金額統計表,18
2022/5/20,[新聞] 宏達電辦NFT喪屍派對 首創虛擬錢包登入,38
2022/5/20,[情報] 111年05月20日 三大法人買賣金額統計表,88
2022/5/20,[情報] 0520上市投信買賣超排行,59
2022/5/20,[新聞] 520行情！台積電領漲 台股勁揚百點,41
2022/5/20,[新聞] 羅奇：停滯性通膨回來了 但金融市場還沒,28
2022/5/20,Re: [標的]2020大盤，愛榭克多多多,23
2022/5/20,[閒聊] 2022/05/20 盤後閒聊,5
2022/5/20,Re: [心得] 愛榭克：美股將一去不回頭！絕佳買點,82
2022/5/20,[新聞] NRE案絡繹不絕 創意受惠,8
2022/5/20,[標的] 2102 泰豐 底部反轉or死貓跳x薯條加大,19
2022/5/20,[新聞] 電動車助攻，美系外資調高鴻海三年獲利預,15
2022/5/20,Re: [心得] 愛榭克：美股將一去不回頭！絕佳買點,20
2022/5/20,[新聞] 騰訊市值重回全球前10強 緊跟台積電之後,8
2022/5/20,[新聞] 特斯拉今年股價跌 32%，大股東喊話：祭庫藏股護盤,23
2022/5/20,[新聞] 特斯拉因碳排、勞權遭標普ESG除名 Musk,27
2022/5/20,Re: [新聞] 防經濟疲軟 中國人行調降1年期與5年期LPR,12
2022/5/20,Re: [心得] 愛榭克：美股將一去不回頭！絕佳買點,6
2022/5/20,[新聞] 2022是殺戮年代！謝金河曝恐怖效應,30
2022/5/20,[新聞] 指標變了 最新出爐42%民眾看衰下半年台股,79
2022/5/20,[新聞] 防經濟疲軟 中國人行調降1年期與5年期LPR,4
2022/5/20,[新聞] 美國提供東協1.5 億美元科技援助 抗衡俄,20
2022/5/20,Re: [新聞] 葉倫示警 全球恐陷停滯性通膨,32
2022/5/20,Re: [請益] 喊空做多反串的心態是？,38
2022/5/20,Re: [請益] 新手只有六萬的話有什麼推薦標的嗎,54
2022/5/20,[新聞] 台積電ADR再跌0.4% 較台北交易股票溢價,1
2022/5/20,Re: [心得] 愛榭克：美股將一去不回頭！絕佳買點,66
2022/5/20,[閒聊] 2022/05/20盤中閒聊,100
2022/5/20,[標的] 大陸YT測試能耗比 台積電製程大勝三星 好,43
2022/5/20,[新聞] 迎人生第一個熊市 股市小白仍樂觀加碼,61
2022/5/20,[新聞] 葉倫示警 全球恐陷停滯性通膨,16
2022/5/20,Re: [心得] 愛榭克：美股將一去不回頭！絕佳買點,41
2022/5/20,[新聞] 聯詠 選逾三個月,11
2022/5/20,[新聞] 加拿大正式宣布禁止華爲5G,20
2022/5/20,Re: [請益] 為什麼那麼多人不會停損?,15
2022/5/20,[新聞] 新加坡邀請增設廠區？ 台積電晚間回應了,69
2022/5/19,Re: [情報] 2636台驊投控取得陽明股票,32
2022/5/19,Re: [心得] 愛榭克：美股將一去不回頭！絕佳買點,18
2022/5/19,[新聞] 謝金河：股票不會跌不停 美元也不會漲上天,100
2022/5/19,[新聞] 台股還會再破底嗎？郭哲榮以鴻海、瑞昱,73
2022/5/19,[新聞] 三星晶圓代工 挖了台積客戶,25
2022/5/19,[新聞] 1月即預知風險 金管會對37張防疫險發20道,15
2022/5/19,[心得] 愛榭克：美股將一去不回頭！絕佳買點！,98
2022/5/19,[心得] 跟隨國安基金一起進場一年報酬率,23
2022/5/19,Re: [標的] 006203是否比0050更好？,5
2022/5/19,[新聞] 美上周初領失業金人數升至21.8萬 創今年1,68
2022/5/19,[標的] 8069 元太 鰻魚飯臭酸空,16
2022/5/19,[情報] 111年05月19日信用交易統計,41
2022/5/19,Re: [標的] 鉅明 高爾夫球僮多,20
2022/5/19,Re: [新聞] 是否再升息？ 央行副總裁：台灣經濟考量,16
2022/5/19,[新聞] 台積電被刷爆負評 老外工程師給2.9顆星,87
2022/5/19,Re: [新聞] 228：206！美眾院通過1兆美元基建案 下周,12
2022/5/19,Re: [標的] 006203是否比0050更好？,16
2022/5/19,[請益] 道瓊指數其實是...,10
2022/5/19,[請益] 新手只有六萬的話有什麼推薦標的嗎,100
2022/5/19,[新聞] 公股防疫險也在咬牙撐！財長：兆豐金不倒,25
2022/5/19,[標的] 大盤,47
2022/5/19,[新聞] 調查顯示更多用戶取消續訂 Netflix,25
2022/5/19,[新聞] 大賣空本尊：股市將崩盤 歷史將重演,39
2022/5/19,[請益] 這次嚴重通膨是供應鏈or低利率造成?,6
2022/5/19,[標的] 5351 鈺創 金玉W底翻多多,14
2022/5/19,[新聞] 是否再升息？ 央行副總裁：台灣經濟考量,66
2022/5/19,[新聞] 子公司遭出征一星負評！他抄底13張富邦,12
2022/5/19,[情報] 0519 上市櫃外資投信同買排行,2
2022/5/19,Re: [情報] 2636台驊投控取得陽明股票,7
2022/5/19,[新聞] 房貸、車貸、信貸、卡債　緩繳申請再延1,44
2022/5/19,[情報] 0519 上市櫃外資投信買超金額排行,5
2022/5/19,[標的] 006203是否比0050更好？,18
2022/5/19,[情報] 0519八大公股銀行買賣超排行,24
2022/5/19,[情報] 2636台驊投控取得陽明股票,86
2022/5/19,[情報] 2323中環取得有價證券(長榮海運,21
2022/5/19,"Re: [請益] 當股板普遍出現隨空隨賺的思維,是否該多?",22
2022/5/19,Re: [新聞] 馬斯克認為美國經濟已在衰退 或會持續18,15
2022/5/19,[情報] 0519上市外資買賣超排行,96
2022/5/19,Re: [標的] 1524 耿鼎 均線糾結多頭排列,23
2022/5/19,[情報] 111年05月19日 櫃買法人買賣金額統計表,38
2022/5/19,[新聞] 太陽能模組銷售旺 國碩Ribbon供不應求 上,16
2022/5/19,[情報] 111年05月19日 三大法人買賣金額統計表,100
2022/5/19,Re: [標的]TW.3313 斐成 閃閃一閃,19
2022/5/19,"[請益] 當股板普遍出現隨空隨賺的思維,是否該多?",28
2022/5/19,[情報] 0519上市投信買賣超排行,63
2022/5/19,[新聞] 富邦大小眼？高嘉瑜揭「錢進」中國金流,35
2022/5/19,[新聞] 英國通膨率飆升9%,78
2022/5/19,[創作] 航運畢業歌,9
2022/5/19,[新聞] 航運股跌這麼兇怎麼辦？法人這麼說,24
2022/5/19,[創作]  +～老師之歌,7
2022/5/19,[閒聊] 2022/05/19 盤後閒聊,44
2022/5/19,Re: [標的] 2313.TW 華通,7
2022/5/19,[新聞] 中信金財務長邱雅玲：台股仍值得投資,26
2022/5/19,[新聞] 力拓元宇宙 宏達電：逐步完成轉型組織重,9
2022/5/19,[新聞] 證交稅收連四黑 財長:不能斷定步入熊市,26
2022/5/19,[新聞] 目標百貨財報 為何推倒全體零售股？,28
2022/5/19,[新聞] 富國銀行：三周兩次下調標普500指數目標,15
2022/5/19,[新聞] 台股暴跌外資點出兩關鍵 聯發科、廣達躺,19
2022/5/19,Re: [標的] 大盤 空 空頭大屠殺,38
2022/5/19,[新聞] 面板雙虎傳合併 友達、群創同聲否認,31
2022/5/19,[新聞] 特斯拉遭標普ESG指數除名 馬斯克推文痛批,53
2022/5/19,[新聞] 竹科疑爆炸竄大火冒黑煙 園區出現大規模,80
2022/5/19,[新聞] LINE Bank減資再增資 北富銀率先表態參與 持股比升至27.18%,18
2022/5/19,[新聞] 電子貨架標籤夯 元太吃補,55
2022/5/19,[標的] 2753.TW 八方雲集,29
2022/5/19,[標的] 大盤 抱住！這是最後的洗盤！,11
2022/5/19,[新聞] 虧損難平 Melvin Capital計劃清算基金,18
2022/5/19,[新聞] 三星創投、豐田創投積極參與SLAMcore籌資,2
2022/5/19,[新聞] 美股步入熊市、台股跟跌？財長：國安基金,68
2022/5/19,[請益] 無證券戶中籤?,39
2022/5/19,[新聞] 群聯高速傳輸新品 客戶導入,11
2022/5/19,[新聞] 美股走空 熊市「悲傷五階段」現在走到哪,30
2022/5/19,[新聞] 「台灣不會停滯性通膨！」楊金龍：今年GD,44
2022/5/19,[新聞] 葉倫強調美元匯率由市場決定 警告全球恐,33
2022/5/19,[新聞] 合併傳聞又起 面板雙虎嗨,32
2022/5/19,[閒聊] 2022/05/19 盤中閒聊,100
2022/5/19,Re: [新聞] Fed主席鮑爾太鷹 美股又大跌,43
2022/5/19,Re: [新聞] 【美股盤後】重挫,9
2022/5/19,[新聞] 思科估Q4營收將下滑 盤後崩跌12%,9
2022/5/19,[公告] 05/19 股市黑特區,71
2022/5/19,"[標的] 大標普選擇權 ,5/20結算不低於3500",13
2022/5/19,[新聞] 【美股盤後】重挫,99
2022/5/19,Re: [標的] 萬海 2615 意外空,16
2022/5/19,Re: [標的] AMD NVDA 空頭再臨 討論,0
2022/5/19,Re: [標的] 4171 瑞基 PCR檢測多,3
2022/5/19,[新聞] Fed主席鮑爾太鷹 美股又大跌,83
2022/5/19,[新聞] 賣壓再起 道瓊一度跌逾800點,53
2022/5/19,Re: [新聞] 中國貨幣政策指標人物 人行前司長孫,9
2022/5/19,Re: [標的] 大盤 空 空頭大屠殺,50
2022/5/18,[公告] 05/18 處置公告,6
2022/5/18,Re: [新聞] 大摩警告：別被熊市反彈欺騙 美股還會跌,50
2022/5/18,Re: [美股] UPST MNDY SQ 多,11
2022/5/18,[新聞] 央行嚴宗大：通膨年中漸回降 全年將高於2,95
2022/5/18,Re: [新聞] 鮑爾迄今最鷹言論：為抗通膨會毫不猶豫,39
2022/5/18,[新聞] 長榮、聯電、臺企銀等16檔三率三升 獲法,40
2022/5/18,[新聞] 中國貨幣政策指標人物 人行前司長孫國峰,6
2022/5/18,[新聞] 鮑爾迄今最鷹言論：為抗通膨會毫不猶豫,42
2022/5/18,[請益] 散戶退出選擇權交易，是否會帶崩美股？,7
2022/5/18,[情報] 111年05月18日信用交易統計,41
2022/5/18,[新聞] 大摩警告：別被熊市反彈欺騙 美股還會跌,52
2022/5/18,[新聞] 力抗通膨 25％英國人不吃飯也要省錢,36
2022/5/18,[新聞] 經濟抗中?拜登亞洲行將啟動印太經濟框架,4
2022/5/18,Re: [新聞] 美Fed主席鮑爾：通膨下降前會持續升息,18
2022/5/18,[新聞] Target上季獲利遭成本、庫存和降價重擊,20
2022/5/18,[情報] 0518 上市櫃外資投信同買排行,2
2022/5/18,[情報] 0518 上市櫃外資投信買超金額排行,10
2022/5/18,Re: [標的] 4171 瑞基 PCR檢測多,33
2022/5/18,[新聞] 路透：華府對中關稅議題 葉倫戴琪意見分,16
2022/5/18,[新聞] 合庫金法說：建屋成本仍高 房價下跌空間,89
2022/5/18,[新聞] 矽品招募落後 夜市擺攤找人才,32
2022/5/18,[情報] 2323中環處分有價證券(國泰金,14
2022/5/18,[情報] 0518八大公股銀行買賣超排行,31
2022/5/18,[新聞] 王雪紅宣告：7年過去了，HTC已成功轉型！,100
2022/5/18,Re: [新聞] 馬斯克稱讚微信：它什麼都能做到 將按微,97
2022/5/18,Re: [新聞] 韓媒：三星追趕使台積電慌了！台積電開始,24
2022/5/18,Re: [新聞] 美Fed主席鮑爾：通膨下降前會持續升息,28
2022/5/18,[新聞] 市場對半導體前景開始出現分歧，2023年半,4
2022/5/18,Re: [新聞] 利空重擊NB廠2】宏碁、華碩庫存數字超驚,21
2022/5/18,Re: [標的] 大盤 你看不出這裡要跌了嗎 凹單空,13
2022/5/18,[新聞] 馬斯克稱讚微信：它什麼都能做到 將按微,73
2022/5/18,[新聞] 元太今年首季獲利 已超越去年上半年,37
2022/5/18,Re: [標的] 大盤 多蛙沒死空,57
2022/5/18,[情報] 0518上市外資買賣超排行,67
2022/5/18,Re: [標的] 大盤 你看不出這裡要跌了嗎空,0
2022/5/18,[新聞] 韓媒：三星追趕使台積電慌了！台積電開始,55
2022/5/18,Re: [新聞] 美Fed主席鮑爾：通膨下降前會持續升息,21
2022/5/18,Re: [請益] 有指數化投資會失靈的情況嗎,28
2022/5/18,[情報] 111年05月18日 櫃買法人買賣金額統計表,19
2022/5/18,[新聞] 經濟學人：穿戴技術將由早期診斷等三大,5
2022/5/18,[新聞] 美Fed主席鮑爾：通膨下降前會持續升息,35
2022/5/18,[情報] 111年05月18日 三大法人買賣金額統計表,100
2022/5/18,[情報] 0518上市投信買賣超排行,48
2022/5/18,[新聞] 利空重擊NB廠2】宏碁、華碩庫存數字超驚,57
2022/5/18,[閒聊] 2022/05/18 盤後閒聊,30
2022/5/18,Re: [標的] 大盤 你看不出這裡要跌了嗎空,8
2022/5/18,Re: [標的] 2408 南亞科 多(第二次進場),16
2022/5/18,Re: [新聞] 防疫險19億保費 賠掉94％,27
2022/5/18,[標的] 大盤 你看不出這裡要跌了嗎 凹單空,62
2022/5/18,Re: [請益] 有指數化投資會失靈的情況嗎,72
2022/5/18,Re: [標的] 大盤 多蛙沒死空,14
2022/5/18,[標的] 1522 提維西 看起來挺美的x薯條加大,24
2022/5/18,[新聞] 華邦電推進45奈米Nor flash製程開發 資安,15
2022/5/18,Re: [標的] 2881富邦金 說好的教訓呢QQ?,29
2022/5/18,Re: [標的] 萬海 2615 意外空,6
2022/5/18,[新聞] 如何看待台積電逆風而行 2023年調升代工,16
2022/5/18,[新聞] 防疫險19億保費 賠掉94％,98
2022/5/18,Re: [請益] 葛蘭碧八大法則似乎怪怪的？,7
2022/5/18,[標的] 2881富邦金 說好的教訓呢QQ?,85
2022/5/18,[請益] 搶反彈後要怎麼獲利出場,11
2022/5/18,[新聞] 網家B2C倒退嚕 法人下修獲利,44
2022/5/18,[請益] 葛蘭碧八大法則似乎怪怪的？,27
2022/5/18,Re: [標的] 大盤 空 空頭大屠殺,37
2022/5/18,[新聞] 電子票證四缺一 有錢卡收攤,3
2022/5/18,[新聞] 狠下心！巴菲特砍光這檔 洩5支明牌：散戶,34
2022/5/18,[新聞] 科技股領軍美股勁揚 法人：台股有望挑戰,9
2022/5/18,[標的] 2303.TW 聯電 討論,20
2022/5/18,[閒聊] 2022/05/18 盤中閒聊,98
2022/5/18,[新聞] 東華、倫飛、誠研 恢復普通交易,5
2022/5/18,[新聞] 鴻海要蓋12吋廠 啟動馬國大投資,39
2022/5/18,Re: [美股] UPST MNDY SQ 多,15
2022/5/18,[心得] 20220517 爛透晚報 航運金融,7
2022/5/18,[心得] 從技術分析看社會階級,-10
2022/5/18,[標的]  2609 陽明 多利多資,76
2022/5/18,Re: [標的] 台指期外資翻為淨多單了,2
2022/5/18,[新聞] McI半年度調整。台灣成分股增華航等4檔,3
2022/5/18,Re: [新聞] 不畏通膨飆高 美4月零售銷售續增0.9％,18
2022/5/17,[標的] 00885 富邦越南 多,44
2022/5/17,[新聞] 看不下去保單之亂了！蘇揆：自選3+4防疫,99
2022/5/17,[新聞] 台新人壽擬辦理50億元現增 發行2.27億新,28
2022/5/17,[新聞] 上市櫃Q1財報 寫四驚奇,11
2022/5/17,[新聞] 不畏通膨飆高 美4月零售銷售續增0.9％,32
2022/5/17,[情報] 111年05月17日信用交易統計,62
2022/5/17,[新聞] 高通膨壓力鍋引爆 韓國央行總裁喊升息２,100
2022/5/17,[新聞] 預期央行利率還會升 30年公債得標利率2%-,11
2022/5/17,[標的] 2482連宇 多,13
2022/5/17,[新聞] 台股反彈哪些族群可以搶？法人這樣看,31
2022/5/17,[新聞] 花旗看金融股 擇優敲進,7
2022/5/17,[情報] 0517 上市櫃外資投信同買排行,8
2022/5/17,[新聞] 0+7上路 若選3+4自願隔離 金管會定調要理,34
2022/5/17,[新聞] 台中銀行股東會 通過每股配發股利0.75元,26
2022/5/17,[標的] 2881富邦金宇宙邦多,61
2022/5/17,Re: [標的] 8069 空,7
2022/5/17,[情報] 0517八大公股銀行買賣超排行,25
2022/5/17,[新聞] 蘋果測試元太電子紙 將用於折疊裝置產品,33
2022/5/17,[新聞]  接客了 日小幅開放全球旅遊,54
2022/5/17,[情報] 0517 上市櫃外資投信買超金額排行,7
2022/5/17,[新聞] Maersk：2050年達100%淨零鋼材船舶,20
2022/5/17,[新聞] 鴻海退出群創董事會》群創、友達將合併？,95
2022/5/17,[新聞] 紐西蘭將加速電動車採用以減少碳排,14
2022/5/17,[新聞] 台股定期定額買盤降溫,80
2022/5/17,[情報] 0517 上市外資買賣超排行,48
2022/5/17,[新聞] 焦點股：威鋒電子首季獲利創高，全年營運,32
2022/5/17,[標的] 1702.tw 南僑,35
2022/5/17,[新聞] 台股進入近10年低檔區 半導體景氣沒有市,9
2022/5/17,[情報] 111年05月17日 櫃買法人買賣金額統計表,28
2022/5/17,[情報] 0517 上市投信買賣超排行,46
2022/5/17,Re: [新聞] 財經青紅燈》要你別碰金融股？,44
2022/5/17,[情報] 111年05月17日 三大法人買賣金額統計表,100
2022/5/17,Re: [新聞] 撐不住！大戶狠賣600張台積電「慘賠9千萬,14
2022/5/17,[新聞] 財經青紅燈》要你別碰金融股？,56
2022/5/17,Re: [新聞] 馬斯克認為美國經濟已在衰退 或會持續18,1
2022/5/17,[新聞] 打滿3劑「自選居隔」 產險業：屬故意行,98
2022/5/17,[閒聊] 2022/05/17 盤後閒聊,27
2022/5/17,[請益] 最近會建議台股或美股？,72
2022/5/17,"Re: [心得] 指數化投資不會失靈,是生命短暫造成失靈",8
2022/5/17,[新聞] 馬斯克認為美國經濟已在衰退 或會持續18,85
2022/5/17,Re: [新聞] 撐不住！大戶狠賣600張台積電「慘賠9千萬,26
2022/5/17,[新聞] 《大賣空》本尊盯上蘋果,44
2022/5/17,[新聞] 「富邦沒擔當！」他怒剪信用卡、賣股票,100
2022/5/17,[新聞] 台積電帶頭衝 外資目標價調高至912元,81
2022/5/17,[新聞] 胡睿涵轉檯 任元大投顧副董,100
2022/5/17,[新聞] 連降3次！高盛繼續下調標普500指數年底,9
2022/5/17,[新聞] 名家論壇》盧燕俐／存股族的策略,8
2022/5/17,"[心得] 指數化投資不會失靈,是生命短暫造成失靈",30
2022/5/17,[新聞] 波克夏Q1新增花旗、加碼雪佛龍 大砍Veriz,15
2022/5/17,[標的] 大盤 不會跌了多,20
2022/5/17,Re: [請益] 有指數化投資會失靈的情況嗎,23
2022/5/17,[新聞] 《航運股》法人喊買喚不回 陽明駛向空頭,26
2022/5/17,Re: [請益] 有指數化投資會失靈的情況嗎,9
2022/5/17,Re: [新聞] 狂歡派對已結束 學者:股市將進入沉默10年,8
2022/5/17,[請益] 有指數化投資會失靈的情況嗎,63
2022/5/17,[閒聊] 2022/05/17盤中閒聊,99
2022/5/17,Re: [新聞] 防疫保單》產險業可拒絕重複投保 金管會,62
2022/5/17,[新聞] 薩爾瓦多押注比特幣 危及財政,39
2022/5/17,[標的] 2364倫飛  3494誠研  脫離全額交割,6
2022/5/17,[新聞] 法人：油價仍處高檔整理,16
2022/5/17,[請益] 不同券商同一股票的零股,3
2022/5/17,[心得] 20220516 爛透晚報 金融潤泰造紙營建,11
2022/5/17,Re: [新聞] 防疫保單》產險業可拒絕重複投保 金管會,0
2022/5/17,Re: [新聞] 產險公司快撐不住 14家本國產險僅有這家,34
2022/5/17,[新聞] 產險公司快撐不住 14家本國產險僅有這家,77
2022/5/17,Re: [新聞] 狂歡派對已結束 學者:股市將進入沉默10年,20
2022/5/17,Re: [新聞] 海運巨頭 看淡下半年運價,3
2022/5/16,[新聞] 防疫保單》產險業可拒絕重複投保 金管會,0
2022/5/16,Re: [標的] 6443元晶、1513中興電...接刀綠電GOGOGO,13
2022/5/16,[新聞] 航空雙雄Q1獲利長榮航勝華航，本土法人估,25
2022/5/16,Re: [新聞] 狂歡派對已結束 學者:股市將進入沉默10年,6
2022/5/16,[新聞] 郭哲榮:短期台股難脫整理 中小有機會先漲,36
2022/5/16,Re: [新聞] 海運巨頭 看淡下半年運價,23
2022/5/16,[新聞] 狂歡派對已結束 學者:股市將進入沉默10年,85
2022/5/16,[新聞] 傳三星晶圓代工喊漲，中國 OLED 遲早超,47
2022/5/16,[情報] 111年05月16日信用交易統計,43
2022/5/16,[新聞] 封城可增壽！習經濟智囊：中國封2年每人,87
2022/5/16,[新聞] 貨櫃船運現貨價低於長約價是短期現象　顏,48
2022/5/16,[新聞] 國泰產:不接受重複投保 以1件防疫險為限,44
2022/5/16,Re: [新聞] 群創董事會 鴻海集團全撤出,9
2022/5/16,Re: [新聞] 海運巨頭 看淡下半年運價,19
2022/5/16,[請益] 元富證券跟日盛證券定期定額標的是全部嗎,1
2022/5/16,[新聞] 海運巨頭 看淡下半年運價,81
2022/5/16,[新聞] 疫情大爆發內需急凍 財經學者：央行不宜,95
2022/5/16,[標的] 2344華邦電多,35
2022/5/16,[情報] 0516 上市櫃外資投信同買排行,3
2022/5/16,[標的] 2888新光金,29
2022/5/16,[情報] 0516八大公股銀行買賣超排行,41
2022/5/16,[情報] 0516 上市櫃外資投信買超金額排行,10
2022/5/16,[情報] 2841台開未依規定期限公告申報財務報告,100
2022/5/16,[新聞] Lydia AI業績靚 今年聚焦亞洲,55
2022/5/16,[情報] 0516 上市外資買賣超排行,82
2022/5/16,Re: [標的] 2313.TW 華通,3
2022/5/16,[新聞] 合庫、富邦金法說 本周焦點,21
2022/5/16,[情報] 111年05月16日 櫃買法人買賣金額統計表,23
2022/5/16,[情報] 0516 上市投信買賣超排行,78
2022/5/16,[情報] 111年05月16日 三大法人買賣金額統計表,80
2022/5/16,Re: [新聞] 中鋼6月盤價 平均調降2.1%,4
2022/5/16,[新聞] 中鋼6月盤價 平均調降2.1%,85
2022/5/16,[新聞] 美系外資重申陽明買進評等 目標價186元,51
2022/5/16,[新聞] 不只群創！鴻海也退出榮創董事會,31
2022/5/16,[閒聊] 2022/05/16 盤後閒聊,16
2022/5/16,Re: [標的] 1590.TW 亞德客-KY 亞尼克工具人多,4
2022/5/16,Re: [請益] 中國經濟爆炸會影響台灣多少？,17
2022/5/16,Re: [新聞] 群創董事會 鴻海集團全撤出,18
2022/5/16,Re: [新聞] 群創董事會 鴻海集團全撤出,15
2022/5/16,Re: [情報] 中國經濟數據全面大崩潰,27
2022/5/16,Re: [請益] 中國經濟爆炸會影響台灣多少？,21
2022/5/16,[請益] 如果沒有券可空的操作,41
2022/5/16,[請益] 中國經濟爆炸會影響台灣多少？,78
2022/5/16,[標的] 8069.TW 元太 透抽空,87
2022/5/16,[情報] 中國經濟數據全面大崩潰,100
2022/5/16,[標的] 1717 長興 化學類股多,8
2022/5/16,[情報] 8403盛弘股利分派 0.5+0.5,11
2022/5/16,[新聞] 高盛前CEO：半導體不該全靠台灣 這裡是中,72
2022/5/16,[新聞] 中芯示警智慧手機驟降2億支　郭明錤：通,57
2022/5/16,[新聞] 廣達遭外資集體砍價 滙豐啟動降評,30
2022/5/16,[閒聊] 2022/05/16 盤中閒聊,100
2022/5/16,[標的] 2324.TW 仁寶  2382.TW 廣達  討論,22
2022/5/16,[發錢] 預測520台股大盤收盤指數,100
2022/5/16,[新聞] 群創董事會 鴻海集團全撤出,100
2022/5/16,Re: [新聞] 升息風暴席捲 金控Q1海外投資虧逾2400億,13
2022/5/16,Re: [請益] 台股這波嘎上萬7以上的可能性,28
2022/5/16,Re: [新聞] 升息風暴席捲 金控Q1海外投資虧逾2400億,6
2022/5/16,[新聞] 橋水基金Q1加碼新興市場、消費股,0
2022/5/15,Re: [新聞] 升息風暴席捲 金控Q1海外投資虧逾2400億,15
2022/5/15,[請益] CNN恐懼貪婪指數回測,30
2022/5/15,[標的] 大盤 空,41
2022/5/15,[新聞] 升息風暴席捲 金控Q1海外投資虧逾2400億,92
2022/5/15,[請益] 技術面大家都看還原k線?,12
2022/5/15,[新聞] 國銀對中國曝險 首季年減2184億,13
2022/5/15,Re: [請益] 台股這波嘎上萬7以上的可能性,16
2022/5/15,[新聞] 阻貶貨幣 亞洲央行加速升息,29
2022/5/15,Re: [新聞] 通膨降溫時刻近了？謝金河揭新契機：good,2
2022/5/15,[新聞] 通膨降溫時刻近了？謝金河揭新契機：good,27
2022/5/15,Re: [請益] 台股這波嘎上萬7以上的可能性,1
2022/5/15,[公告] Stock 樂透開獎,9
2022/5/15,Re: [請益] 台股這波嘎上萬7以上的可能性,6
2022/5/15,Re: [請益] 台股這波嘎上萬7以上的可能性,17
2022/5/15,[請益] 台股這波嘎上萬7以上的可能性,100
2022/5/15,[新聞] 華航爆違約交割1.2億 證交所這樣說,62
2022/5/15,[標的] 2401 凌陽 守住街亭多更多,9
2022/5/15,Re: [新聞] 銀行股回檔 存股好時機,21
2022/5/15,[心得] 中國供應鏈逐漸恢復,58
2022/5/15,Re: [新聞] 印度突禁小麥出口！熱浪乾旱害產量銳減,2
2022/5/15,[標的] 大盤弱勢!他們卻逆勢上漲!5/9~5/13五檔價量強勢股,5
2022/5/15,[新聞] 加高年終獎金讓貨櫃三雄多花多少錢？長榮,35
2022/5/15,Re: [新聞] 銀行股回檔 存股好時機,5
2022/5/15,[心得]  景氣循環，成長期升息,9
2022/5/15,Re: [請益] 請問有沒有總經的推薦書？,21
2022/5/15,[標的] 台積電2330 科技長多,9
2022/5/15,[新聞] 台積電破底螞蟻雄兵搶進 股東人數破135萬,99
2022/5/15,[新聞] 女股神旗艦基金ARKK 跌至近疫情以來低點,60
2022/5/15,[新聞] 新光產跟進「複投保條款」！投保2張以上,75
2022/5/15,Re: [新聞] 印度突禁小麥出口！熱浪乾旱害產量銳,5
2022/5/15,[公告] 05/15 處置公告,11
2022/5/15,Re: [心得] 曝險100%的情況下的比較總集篇,14
2022/5/15,[情報] 05/16~05/20 美股財報行事曆,12
2022/5/15,Re: [標的] 大盤 空 空頭大屠殺,24
2022/5/15,Re: [新聞] 印度突禁小麥出口！熱浪乾旱害產量銳減,72
2022/5/15,Re: [新聞] 印度突禁小麥出口！熱浪乾旱害產量銳減,7
2022/5/15,Re: [新聞] 印度突禁小麥出口！熱浪乾旱害產量銳減,45
2022/5/15,[新聞] 銀行股回檔 存股好時機,93
2022/5/14,[新聞] 台股擂台 郭哲榮本周挑中美晶 台勝科,100
2022/5/14,[心得] 202205W2 爛透周報 強殺又強彈!,9
2022/5/14,Re: [新聞] 印度突禁小麥出口！熱浪乾旱害產量銳減,70
2022/5/14,Re: [心得] 曝險100%的情況下的比較,7
2022/5/14,Re: [請益] 大通膨年代原物料傳產跟電子哪個慘？,10
2022/5/14,[請益] 過去國際戰爭對美股的影響,22
2022/5/14,[標的] 8069 空 元太科技,97
2022/5/14,[活動] 叫我賠錢王-UPST悲歌,100
2022/5/14,Re: [標的] 富邦金年報酬25%↑2033前還原權值上1000,21
2022/5/14,[新聞] 《國際金融》鮑爾暗示：不排除升息3碼,100
2022/5/14,[心得] 長期投資會忽略的事,100
2022/5/14,[新聞] 注意！富邦「重複投保防疫險」一律拒保,62
2022/5/14,[新聞] 比台積電快又狠 三星晶片代工將漲價15-20,87
2022/5/14,Re: [請益] 台股成交量是不是回不去了,24
2022/5/14,[新聞] 520是call訊嗎3／存股達人陳重銘：淡季,-10
2022/5/14,[新聞] 買了沒？日圓風向變了　自由落體跌勢逆轉,28
2022/5/14,[新聞] 印度突禁小麥出口！熱浪乾旱害產量銳減,84
2022/5/14,[新聞] 股民心聲》544元的華航違約交割,70
2022/5/14,[新聞] 索羅斯遭Rivian拖累 Q1美股失血近20億美,25
2022/5/14,[新聞] 股匯市、貴金屬和虛擬貨幣跌哪樁？謝金河,6
2022/5/14,[新聞] 反向力量！謝金河：普丁團結了歐洲、習近,18
2022/5/14,[新聞] 蓋茲示警「熊群」來了！謝金河：股市轉折,9
2022/5/14,[請益] 大通膨年代原物料傳產跟電子哪個慘？,17
2022/5/14,[新聞] 數位健康證明理賠重大進展 12家產險全數,31
2022/5/14,Re: [新聞] 中日韓發聲 反強勢美元,8
2022/5/14,Re: [新聞] 〈金寶經營權之爭〉重申年報如有誤植將一,6
2022/5/14,[請益] 台股成交量是不是回不去了,99
2022/5/14,[新聞] 股神再狂掃西方石油 持股比例升至15.3%,35
2022/5/14,[新聞] 東元第1季業外損失影響 每股純益0.17元,5
2022/5/14,Re: [請益] 為什麼那麼多人不會停損?,24
2022/5/14,Re: [新聞] 外資期現貨同步做空 狂掃元大台灣50反1,22
2022/5/14,Re: [標的] NSDQ線圖請益,36
2022/5/14,[新聞] 升息預期 債、券、存單利率全面衝高,39
2022/5/14,[新聞] 出示會議紀錄 一吐怨氣／防疫保單 業者︰,-10
2022/5/14,[標的] NSDQ線圖請益,68
2022/5/14,Re: [請益] 為什麼那麼多人不會停損?,11
2022/5/14,[心得] 20220513 爛透晚報 系統廠散熱汽車,11
2022/5/14,Re: [請益] 為什麼那麼多人不會停損?,5
2022/5/14,Re: [新聞] 巴菲特貪婪了！美股暴跌逢低買進 法,11
2022/5/14,[創作] 不讓我的眼淚陪我過夜,14
2022/5/13,[新聞] 中日韓發聲 反強勢美元,95
2022/5/13,Re: [請益] 為什麼那麼多人不會停損?,4
2022/5/13,[新聞] 巴菲特貪婪了！美股暴跌逢低買進 法人：,97
2022/5/13,[標的] 持股健檢,0
2022/5/13,[標的] MU 長期成長多,35
2022/5/13,[新聞] SCFI運價指數連17跌 美西線翻揚、歐洲線,21
2022/5/13,[情報] 111年05月13日信用交易統計,32
2022/5/13,[情報] 6446藥華藥 第一季財務報告,36
2022/5/13,[情報] 0513 上市櫃外資投信同買排行,0
2022/5/13,[標的] 持股健檢,64
2022/5/13,[情報] 2206 三陽工業 Q1 EPS 1.25 +實施庫藏股,37
2022/5/13,[新聞] 台灣港務局公告 將出售1萬張陽明股票,72
2022/5/13,[情報] 0513 上市櫃外資投信買超金額排行,8
2022/5/13,[新聞] 國泰高股息ETF 第2季配息0.32元,39
2022/5/13,Re: [情報] 0513八大公股銀行買賣超排行,5
2022/5/13,[新聞] 赫伯羅特：貨櫃航運Q1觸頂 下半年現貨價,100
2022/5/13,[新聞] 國際油價高位震盪,7
2022/5/13,[情報] 2882國泰金Q1EPS 2.6,38
2022/5/13,Re: [新聞] 馬斯克擱置Twitter交易 查假帳號數量,11
2022/5/13,[情報] 9904.tw 寶成 Q1 eps,19
2022/5/13,[情報] 0513八大公股銀行買賣超排行,27
2022/5/13,[情報] 0513違約交割,72
2022/5/13,[新聞] 馬斯克擱置Twitter交易 查假帳號數量,79
2022/5/13,Re: [情報] 0513 SCFI指數 4147.83(-15.91) -0.38%,30
2022/5/13,[情報] 2884 玉山金 Q1 EPS:0.32,68
2022/5/13,[新聞] 楊金龍示警 台灣今年經濟成長難保４,21
2022/5/13,[情報] 1907.TW 永豐餘 第一季財報,35
2022/5/13,[情報] 2915潤泰全4月自結4.3(Q1:6.19),52
2022/5/13,[標的] 2313.TW 華通,12
2022/5/13,[情報] 0513上市外資買賣超排行,68
2022/5/13,[情報] 111年05月13日 櫃買法人買賣金額統計表,27
2022/5/13,[新聞] 華通Q1獲利佳大漲 亞系外資唱反調,6
2022/5/13,[新聞] 外資看空群創 目標價砍至10元,88
2022/5/13,[新聞] 〈金寶經營權之爭〉重申年報如有誤植將一,8
2022/5/13,[情報] 0513上市投信買賣超排行,35
2022/5/13,[情報] 1457 宜進 111年Q1 EPS4.31,19
2022/5/13,[情報] 0513 SCFI指數 4147.83(-15.91) -0.38%,61
2022/5/13,[新聞] 谷歌收購microLED新創公司Raxium，為2024,19
2022/5/13,[情報] 111年05月13日 三大法人買賣金額統計表,100
2022/5/13,[情報] 8403 盛弘 Q1 EPS:1.02,12
2022/5/13,Re: [標的] 大盤 勇者來了多更多,2
2022/5/13,Re: [請益] 台股現在是空頭嗎?,0
2022/5/13,[情報] 2382廣達22Q1EPS 1.75元,27
2022/5/13,[標的] 持股健檢,28
2022/5/13,[閒聊] 2022/05/13 盤後閒聊,32
2022/5/13,Re: [新聞] 台股擂台 郭哲榮 本周青睞泰博、寶齡,82
2022/5/13,Re: [請益] 想問各位都怎麼加碼攤平,11
2022/5/13,Re: [情報] 6547高端疫苗 新股發行價220元,23
2022/5/13,[新聞] 老謝：金融市場恐怕綿延跌勢,100
2022/5/13,Re: [新聞] 隨著Wolfspeed與Soitec相繼宣布8吋SiC晶,7
2022/5/13,Re: [標的]  2330台積電自救會,28
2022/5/13,[標的] 2317鴻海,100
2022/5/13,[新聞] 隨著Wolfspeed與Soitec相繼宣布8吋SiC晶,18
2022/5/13,Re: [請益] 納悶美股為什麼會因為QT(量化緊縮)崩跌?,0
2022/5/13,[新聞] 楊金龍證實 熱錢前四月落跑逾200億美元,47
2022/5/13,Re: [新聞] Meta將縮編實境實驗室,33
2022/5/13,Re: [請益] 為什麼那麼多人不會停損?,5
2022/5/13,[新聞] 安集2022年4月合併營收3.58億元 年增292%,5
2022/5/13,[新聞] 台南超跑男吸金5億　躲星級飯店抄出百萬,87
2022/5/13,Re: [請益] 為什麼那麼多人不會停損?,6
2022/5/13,[請益] 納悶美股為什麼會因為QT(量化緊縮)崩跌?,37
2022/5/13,[新聞] 500元股價保衛戰 台積電早盤股價走揚,17
2022/5/13,[新聞] 首季EPS僅0.66元 興富發公告：高雄悅誠廣,24
2022/5/13,[新聞] 台股加速趕底到何時？法人:掉下來的刀子,29
2022/5/13,[新聞] MSCI半年調 台股成分股增長榮航等4檔,19
2022/5/13,[新聞] 鮑爾無法保證經濟軟著陸 重申升息2碼是合,21
2022/5/13,[標的] 2303.TW聯電短線多,16
2022/5/13,Re: [請益] 為什麼那麼多人不會停損?,17
2022/5/13,[新聞] 高端疫苗全球三期試驗數據分析中,100
2022/5/13,[新聞] Meta將縮編實境實驗室,27
2022/5/13,Re: [請益] 為什麼那麼多人不會停損?,5
2022/5/13,Re: [標的] 大盤 多蛙沒死空,8
2022/5/13,[活動] 「叫我賠錢王！！」SOXL TQQQ,17
2022/5/13,Re: [標的] 大盤 多蛙沒死空,7
2022/5/13,Re: [請益] 為什麼那麼多人不會停損?,8
2022/5/13,Re: [請益] 為什麼那麼多人不會停損?,0
2022/5/13,[新聞] UST穩定幣崩盤 加密市場一夕蒸發 2000億,73
2022/5/13,[閒聊] 2022/05/13盤中閒聊,99
2022/5/13,Re: [請益] 為什麼那麼多人不會停損?,6
2022/5/13,Re: [請益] 為什麼那麼多人不會停損?,2
2022/5/13,[新聞] MSCI台灣成分股增華航等4檔 小型指數增17,13
2022/5/13,[新聞] 重押科技股 老虎基金今年前4月慘賠170億,6
2022/5/13,[新聞] 停損、棄息、斷頭全出籠！ 賣盤殺很大台,21
2022/5/13,[新聞] 華研音樂第1季EPS 0.82元 業外評價損失影,7
2022/5/13,[請益] 存股標的請益,45
2022/5/13,Re: [請益] 為什麼那麼多人不會停損?,29
2022/5/13,[心得] 20220512 爛透晚報 爛透宇宙再起 航空航運傳產,29
2022/5/13,Re: [請益] 為什麼那麼多人不會停損?,36
2022/5/12,[請益] 融資維持率的催繳與斷頭,25
2022/5/12,[新聞] 賣壓將結束？華爾街抄底王：已回補那指,70
2022/5/12,[新聞] 台積電一年半低點大小摩送暖重申優於大盤,28
2022/5/12,[標的] 6005.TW 群益證 長期多,17
2022/5/12,Re: [請益] 為什麼那麼多人不會停損?,16
2022/5/12,[新聞] 郭哲榮：防疫險風暴魔鬼藏在細節裡 通膨,16
2022/5/12,Re: [請益] 為什麼那麼多人不會停損?,61
2022/5/12,[標的] 2618.TW 長榮航 空,40
2022/5/12,[新聞] 融創中國美元債息違約 台灣境內外基金踩,13
2022/5/12,[標的] 5871.TW 中租-KY 高麗菜多,32
2022/5/12,[標的] ARKK ARKW PLTR,13
2022/5/12,[新聞] 巴菲特眼光精準 日本7大商社淨利創新高,29
2022/5/12,[新聞] 通膨憂慮加深美股續挫道瓊跌逾300點、台,11
2022/5/12,[標的] 持股健檢,8
2022/5/12,[新聞] 謝金河：尋找新的轉折點,0
2022/5/12,Re: [標的] 大盤 空 空頭大屠殺,16
2022/5/12,[標的] 韭菜雞持股健檢,18
2022/5/12,[新聞] 央行暗示第5波限貸 專家：堵南部讓資金,33
2022/5/12,[情報] 111年05月12日信用交易統計,63
2022/5/12,[心得] CNN恐慌指指數降到6,54
2022/5/12,[標的]  2330台積電自救會,63
2022/5/12,[標的] 菜雞求健檢,28
2022/5/12,[標的] 1907 永豐餘 公園紙箱概念股,25
2022/5/12,[新聞] 興富發拋震撼彈！高雄悅誠廣場 8/31熄燈,61
2022/5/12,[新聞] 長榮海運總經理謝惠全看今年非常非常樂觀,52
2022/5/12,[標的] SQQQ,19
2022/5/12,[標的] 多頭菜雞求健檢,44
2022/5/12,Re: [標的] 1219福壽 空,4
2022/5/12,[標的] 大盤 多蛙沒死空,75
2022/5/12,[情報] 4414 如興 Q1 EPS:(1.05),5
2022/5/12,[新聞] 升息題材鈍化？金融股抹去今年以來漲幅,29
2022/5/12,[標的] 2330.TW 台積電 (雪中送多),33
2022/5/12,[情報] 2201 裕隆  第一季合併財務報告,11
2022/5/12,[標的] 大盤 勇者來了多更多,31
2022/5/12,[情報] 2323中環取得陽明股票,38
2022/5/12,Re: [閒聊] 身邊有沒有堅持不碰股票的人？,7
2022/5/12,[情報] 0512八大公股銀行買賣超排行,37
2022/5/12,Re: [標的] 韭菜持股求健檢,16
2022/5/12,Re: [新聞] 外資期現貨同步做空 狂掃元大台灣50反1,29
2022/5/12,Re: [心得] 以史為鏡 來看看台股的暴跌史,3
2022/5/12,[新聞] 台股失守萬6大關 金管會：沒有出現斷頭潮,100
2022/5/12,[標的] 00905.TW smart etf回穩小多,6
2022/5/12,Re: [閒聊] 身邊有沒有堅持不碰股票的人？,4
2022/5/12,[創作] 愛上你算我賤,7
2022/5/12,[新聞] 搭電動車熱潮 國巨、宸鴻恐踩雷,8
2022/5/12,[情報] 4114 健喬 Q1 EPS:0.42,14
2022/5/12,[情報] 0512 上市櫃外資投信同買排行,5
2022/5/12,[標的] 韭菜持股求健檢,94
2022/5/12,[新聞] 全球半導體ETF再+1 兆豐洲際半導體ETF全,29
2022/5/12,[情報] 0512 上市櫃外資投信買超金額排行,5
2022/5/12,[新聞] 鴻海Q1 EPS 2.12元 創近14年新高,43
2022/5/12,Re: [標的] 2303聯電 跟隨外資進場 多,17
2022/5/12,[心得] 以史為鏡 來看看台股的暴跌史,75
2022/5/12,Re: [請益] 請問印鈔會增加GDP總量對嗎? 那收鈔票呢?,7
2022/5/12,[情報] 9941裕融 董事會通過辦理現金增資,22
2022/5/12,[情報] 0512 上市外資買賣超排行,100
2022/5/12,Re: [情報] 陽明2609  Q1 EPS 17.35,33
2022/5/12,[新聞] 桌電出貨崩 AMD第一季CPU市占仍再破史高,32
2022/5/12,[創作] 憨人,23
2022/5/12,[情報] 4306 炎洲 第一季財報,10
2022/5/12,[情報] 0512上市投信買賣超排行,53
2022/5/12,Re: [其他] 0050每年最高與最低點進場的報酬差異,42
2022/5/12,[標的] 中租KY 多,27
2022/5/12,[情報] 111年05月12日 三大法人買賣金額統計表,100
2022/5/12,Re: [請益] 請問存股族心中目前的想法？,23
2022/5/12,[新聞] 權王重挫、金航遭狙殺 台股崩跌389點,32
2022/5/12,[情報] 111年05月12日 櫃買法人買賣金額統計表,29
2022/5/12,[情報] 陽明2609  Q1 EPS 17.35,99
2022/5/12,"[新聞] 漲價預期+非消費市場占比提升,外資挺台積",11
2022/5/12,Re: [請益] 請問存股族心中目前的想法？,4
2022/5/12,Re: [情報] Coinbase警告如果公司破產 用戶的幣也會,12
2022/5/12,Re: [請益] 請問存股族心中目前的想法？,17
2022/5/12,[標的] 大盤 明天就是幾個月一見的黑色星期五了,37
2022/5/12,[請益] 債券一問,9
2022/5/12,Re: [請益] 別人恐懼我貪婪 這公式還有用嗎,19
2022/5/12,[新聞] Jefferies：CPI報告無法證明美國通膨已觸頂 升息3碼不無可能,24
2022/5/12,Re: [心得] 實在看不出登陸火星或移民有什麼肉,5
2022/5/12,[創作] 當,24
2022/5/12,Re: [心得] CPI高於預期美股卻沒跌,27
2022/5/12,[創作] 我來教你防套３絕招,58
2022/5/12,[情報] 2317鴻海Q1 EPS 2.12,63
2022/5/12,[閒聊] 2022/05/12 盤後閒聊,18
2022/5/12,[新聞] 焦點股：旺矽獲利大成長，首季每股賺下3.,4
2022/5/12,[公告] Stock 板 開始舉辦樂透!(猜納斯達克),6
2022/5/12,Re: [請益] 別人恐懼我貪婪 這公式還有用嗎,5
2022/5/12,[請益] 權證券商不造價後還有救嗎~,14
2022/5/12,[心得] 台北股市沒有空頭的問題！,20
2022/5/12,[請益] 別人恐懼我貪婪 這公式還有用嗎,67
2022/5/12,Re: [請益] 六百下的台積電真的是上天給的禮物嗎?,44
2022/5/12,[公告] 05/12 股市黑特區,58
2022/5/12,Re: [標的] 大盤 空 空頭大屠殺,9
2022/5/12,Re: [請益] 要抄底要選那檔股票,2
2022/5/12,[新聞] 16檔殖利率佳 投信按讚,62
2022/5/12,[新聞] 抄底台積電？這兩公司買600元以下仍套牢,70
2022/5/12,[請益] 朋友說的方法有效嗎？,0
2022/5/12,[請益] 請問印鈔會增加GDP總量對嗎? 那收鈔票呢?,31
2022/5/12,[請益] 這時間信貸如何？,53
2022/5/12,Re: [標的] 6446藥華藥 生技股王多,12
2022/5/12,[請益] 閒錢大概7W8鎂,35
2022/5/12,[新聞] 客運將回升 長榮航目標價直逼5字頭,82
2022/5/12,[活動]叫我賠錢王-南柯一夢,29
2022/5/12,Re: [情報] Coinbase警告如果公司破產 用戶的幣也會,11
2022/5/12,Re: [情報] Coinbase警告如果公司破產 用戶的幣也會,37
2022/5/12,[新聞] 紐時：Musk稱川普推文禁令錯誤且無效 暗,18
2022/5/12,[新聞] 楊金龍：經濟成長可能不保4% 俄烏戰事,51
2022/5/12,[情報] 1539巨庭 Q1 1.5,8
2022/5/12,[新聞] 〈台幣〉股匯齊挫 重貶1角失守29.8元關卡,37
2022/5/12,Re: [標的] 2881富邦金 2882國泰金 孫五空小鬧天宮空,46
2022/5/12,[標的] 7733.T 日股 奧林巴斯 討論,2
2022/5/12,Re: [情報] Coinbase警告如果公司破產 用戶的幣也會,58
2022/5/12,Re: [心得] 台股留給法人自己互搞，來去美股吧各,46
2022/5/12,[請益] USD/JPY 130可否做多?,25
2022/5/12,[情報] 迪士尼公布財報 訂閱亮眼但成長可能放緩,12
2022/5/12,[標的] 台指 開盤跳空跌1%不是空點嗎？,16
2022/5/12,[新聞] 撐不住！大戶狠賣600張台積電「慘賠9千萬,35
2022/5/12,[新聞] 楊金龍暗示 6月可能再升息,98
2022/5/12,[活動] 叫我賠錢王 美股成長股,47
2022/5/12,[標的] 3008.TW 大立光 討論,25
2022/5/12,Re: [情報] Coinbase警告如果公司破產 用戶的幣也會,100
2022/5/12,Re: [新聞] 央行示警：貨幣政策非萬靈丹 採取緊縮小,4
2022/5/12,[新聞] 國巨、宸鴻踩雷 美Canoo警告快燒光現金,17
2022/5/12,[新聞] 美擬擴大封殺中國半導體,44
2022/5/12,[新聞] 堅持逢低買進 美股散戶上週四寫單日淨買,49
2022/5/12,[閒聊] 2022/05/12盤中閒聊,99
2022/5/12,Re: [新聞] 央行示警：貨幣政策非萬靈丹 採取緊縮小,32
2022/5/12,[活動] 「叫我賠錢王！！」跟投顧住套房,78
2022/5/12,[新聞] 台股殖利率估逾5％ 張錫：現在是買點,41
2022/5/12,[活動]「叫我賠錢王！」pltr bagholde,100
2022/5/12,[新聞] 證交稅收減37% 連四月衰退,24
2022/5/12,[情報] Coinbase警告如果公司破產 用戶的幣也會,100
2022/5/12,[活動] 「叫我賠錢王！！」美台雙巴,23
2022/5/12,Re: [標的] 大盤 空 空頭大屠殺,12
2022/5/12,[標的] PLTR 到底有什麼魔力,41
2022/5/12,Re: [新聞] 央行示警：貨幣政策非萬靈丹 採取緊縮小,30
2022/5/12,Re: [新聞] 央行示警：貨幣政策非萬靈丹 採取緊縮小,100
2022/5/12,Re: [新聞] 央行示警：貨幣政策非萬靈丹 採取緊縮小,29
2022/5/12,Re: [情報] 美國4月cpi高於預期，8.3%,14
2022/5/12,[活動] 「叫我賠錢王！！」韭菜鍋貼不好吃！,90
2022/5/12,[新聞]《國際產業》業績慘不忍睹 Coinbase盤後崩,13
2022/5/11,Re: [情報] 美國4月cpi高於預期，8.3%,46
2022/5/11,[新聞] 通膨數據引發升息憂慮 美股開盤走低,11
2022/5/11,[心得] CPI高於預期美股卻沒跌,43
2022/5/11,[心得] 20220511 爛透晚報 塑化綠能農糧,18
2022/5/11,[新聞] 投信：歷史經驗Fed升息半年後 科技股上漲,83
2022/5/11,Re: [情報] 美國4月cpi高於預期，8.3%,20
2022/5/11,[新聞] Fed：金融市場流動性惡化,99
2022/5/11,[新聞] 美國4月CPI年增8.3%高於預期 續寫近40年,54
2022/5/11,[情報] 111年05月11日信用交易統計,32
2022/5/11,[情報] 5534長虹 股利4.409 Q1EPS 4.32,10
2022/5/11,Re: [標的] 大盤 空 空頭大屠殺,28
2022/5/11,[情報] 美國4月cpi高於預期，8.3%,100
2022/5/11,[活動] 「叫我賠錢王！！」 俄羅斯滷肉,97
2022/5/11,[活動] 叫我賠錢王！！讓我贏一次,67
2022/5/11,[新聞] 長榮操作不慎Q1財報外界提前知悉 證交所,71
2022/5/11,[新聞] 台積電2023再調漲底氣十足　IC設計含淚吸,27
2022/5/11,[情報] 2515 中工 Q1 0.28,12
2022/5/11,[情報] 0511八大公股銀行買賣超排行,31
2022/5/11,[情報] 0511 上市櫃外資投信同買排行,2
2022/5/11,[活動]「叫我賠錢王！！」鵝股龜苓膏的味道,100
2022/5/11,[情報] 0511 上市櫃外資投信買超金額排行,4
2022/5/11,[情報]  群創公告本公司董事會決議第三次買,32
2022/5/11,[公告] 徵文活動參加者 請注意字數,0
2022/5/11,Re: [請益] 手上有點閒錢，能幫推薦存股嗎,17
2022/5/11,[情報] 3481群創 Q1 EPS 0.18,58
2022/5/11,[新聞] 2022年物聯網節點與閘道市場預測 年成長,2
2022/5/11,[請益] 長期放空石油有什麼標的？,26
2022/5/11,[情報] 5530龍巖股利1.2 Q1EPS1.07,5
2022/5/11,Re: [心得] 台積電不是玩短線的 ..,13
2022/5/11,[情報] 1540 喬福 Q1 EPS:0.39,6
2022/5/11,[情報] 3481群創股利1.05及現金減資,41
2022/5/11,[新聞] 致新 Q1大賺8.02元寫新猷 Q2營收再戰新高,3
2022/5/11,[情報] 6435大中 Q1 EPS 5.26,32
2022/5/11,[標的] 6443元晶、1513中興電...接刀綠電GOGOGO,7
2022/5/11,[情報] 2362 藍天 Q1 EPS:1.01,6
2022/5/11,[情報]  群創3481，下午五點，發布重訊息,98
2022/5/11,[情報] 8044 網家 本公司董事會決議買回庫藏股,15
2022/5/11,[情報] 0511 上市外資買賣超排行,40
2022/5/11,[情報] 2903.TW 遠百 第一季財報,3
2022/5/11,[活動]「叫我賠錢王!！」睡醒賠百萬,57
2022/5/11,[活動]「叫我賠錢王！！」跟風追高仔 阿娘威,27
2022/5/11,[情報] 5425台半 Q1財報,19
2022/5/11,[情報] 2359.TW 所羅門 第一季財報,7
2022/5/11,[新聞] 華碩首季每股賺14元 創歷年同期新高,34
2022/5/11,[情報] 0511上市投信買賣超排行,46
2022/5/11,[活動]「叫我賠錢王！！」買一個生技夢,24
2022/5/11,[情報] 1569 濱川Q1營收,15
2022/5/11,Re: [請益] 為什麼政府萬六萬七就在護盤,3
2022/5/11,[情報] 111年05月11日 櫃買法人買賣金額統計表,15
2022/5/11,[創作] 人質 張惠妹,11
2022/5/11,[情報] 2324仁寶22Q1EPS 0.5元,26
2022/5/11,[情報] 111年05月11日 三大法人買賣金額統計表,100
2022/5/11,[活動] 叫我賠錢王 -91.69% 我要當第一,65
2022/5/11,[活動] 叫我賠錢王！！木頭姨 阿娘威,30
2022/5/11,[創作] 三天三夜,12
2022/5/11,[活動] 叫我賠錢王！！ 阿娘威好慘,37
2022/5/11,[新聞] 6大產險同意！防疫保單理賠可用數位證明,22
2022/5/11,[情報] 9927 泰銘 4月營收及 Q1 EPS 1.29,7
2022/5/11,Re: [心得] 台積電不是玩短線的 ..,44
2022/5/11,[情報] 8081 致新 22Q1 EPS 8.02,17
2022/5/11,[情報] 1731 美吾華 Q1,12
2022/5/11,[新聞] 台股最壞已過？ 16檔營收創高股 找買點,34
2022/5/11,[閒聊] 2022/05/11 盤後閒聊,13
2022/5/11,[新聞] 5年吸金7.4億！富二代+精算師組「東吳幫5,100
2022/5/11,Re: [情報] 合一fb825 IIa解盲,40
2022/5/11,[心得] 台積電不是玩短線的 ..,99
2022/5/11,[請益] 本多向下攤平,11
2022/5/11,Re: [新聞] 美藉多元策略拉抬半導體 然台積電實力仍,35
2022/5/11,[新聞] 貨櫃三雄4月總營收破千億　陽明單月表現,23
2022/5/11,[新聞] 美藉多元策略拉抬半導體 然台積電實力仍,1
2022/5/11,[活動] 叫我賠錢王！！ 爛掉的美股,57
2022/5/11,[標的] 大盤 空 空頭大屠殺,5
2022/5/11,[標的] 台指 空單套牢了怎麼辦？,26
2022/5/11,[公告] 05/11 處置名單：panson,27
2022/5/11,Re: [新聞] 美國通膨太嚴重 拜登：考慮取消川普對中,0
2022/5/11,[新聞] 華爾街抄底王Tepper：已回補那指空單 賣,13
2022/5/11,Re: [新聞] 美國通膨太嚴重 拜登：考慮取消川普對中,21
2022/5/11,[請益] 關於向下攤平,14
2022/5/11,[活動] 叫我賠錢王！！ 美股,100
2022/5/11,Re: [標的]TW.3313 斐成 閃閃一閃,11
2022/5/11,Re: [新聞] 美國通膨太嚴重 拜登：考慮取消川普對中,18
2022/5/11,[心得] 今晚CPI公布後的走向 看法,43
2022/5/11,[標的] 1256.TW 鮮活果汁  榨到出汁,10
2022/5/11,Re: [新聞] 美國通膨太嚴重 拜登：考慮取消川普對中,8
2022/5/11,Re: [新聞] 美國通膨太嚴重 拜登：考慮取消川普,0
2022/5/11,[新聞] 名家開講》杜金龍憂台股現空頭市場特徵,0
2022/5/11,[新聞] 美國通膨太嚴重 拜登：考慮取消川普對中,100
2022/5/11,[新聞] 合併台新金? 新光金準備長期抗戰,25
2022/5/11,[新聞] Fed梅斯特：通膨問題未解之前 不排除3碼,20
2022/5/11,[新聞] 保險業讓步…數位健康證明 可取代診斷書,14
2022/5/11,Re: [情報] 拜登推特：對抗通膨,11
2022/5/11,"[新聞] 台積電單月營收1,725億 攀峰",12
2022/5/11,Re: [標的] 1615大山.TW 耐心多,3
2022/5/11,[新聞] 台積電董事會啟動全球員工購股計畫 提供1,47
2022/5/11,[閒聊] 2022/05/11 盤中閒聊,100
2022/5/11,[情報] 拜登推特：對抗通膨,100
2022/5/11,[請益] 賠錢單還要放著嗎？,40
2022/5/11,[標的] SQQQ 拉回就是多,3
2022/5/11,[情報] 6227 茂綸 Q1 EPS:1.78元,0
2022/5/11,[請益] 股息報稅除權息問題,23
2022/5/11,[活動] 「叫我賠錢王!!」只是長期投資,70
2022/5/11,Re: [新聞] 紐時：Musk預計2028年將Twitter營收大舉,16
2022/5/10,[創作]The Rumbling,3
2022/5/10,Re: [心得] 近期美股大跌心得,5
2022/5/10,[活動] 叫我賠錢王！！原來是大怒神,26
2022/5/10,[新聞] 台泥Q1營收229億、EPS 0.2元　電池事業,20
2022/5/10,[新聞]  靠空運挑大樑！華航首季EPS0.52元,20
2022/5/10,[情報] 3374精材4月營收,4
2022/5/10,[新聞] 傳台積電明年漲價？業內人士回應了,46
2022/5/10,[新聞] 台股盤中狂拉近300點 網揭PTT股版1跡象驚,-10
2022/5/10,[情報] 1540 喬福 4月營收,7
2022/5/10,[活動] 「叫我賠錢王！！」山頂洗碗王qq,68
2022/5/10,[情報] 111年05月10日信用交易統計,40
2022/5/10,[新聞] 台灣出口 可望迎史上最強4月,8
2022/5/10,[新聞] 萬海4月營收247.46億 歷史第三高,20
2022/5/10,[標的]  大盤 電子股 反彈多,0
2022/5/10,Re: [請益] 為什麼空頭不適合存股?,10
2022/5/10,[新聞] 升息嚇走投資客，房市略降溫 國銀今年房,20
2022/5/10,[情報] 2480敦陽科、4107邦特、9939宏全 4月營收,5
2022/5/10,[活動]叫我賠錢王! 別再賠錢啦,33
2022/5/10,[活動] 「叫我賠錢王！！」財富對折再對折,66
2022/5/10,[新聞] 高盛:聯發科不會跟高通殺價競爭 前景看好,21
2022/5/10,[情報] 1720生達、1904正隆、9939宏全 Q1 EPS,5
2022/5/10,Re: [美股] UPST MNDY SQ 多,100
2022/5/10,[請益] 借券收入的實際所得,12
2022/5/10,Re: [新聞] 快訊／中鋼股東會紀念品出爐,-10
2022/5/10,[新聞] 紐時：Musk預計2028年將Twitter營收大舉,10
2022/5/10,[新聞] 台積電員工買股補助15%細節出爐,100
2022/5/10,[請益] 高端腸病毒疫苗,20
2022/5/10,[情報] 9940 信義房屋四月營收,78
2022/5/10,[情報] 3312 弘憶股 Q1,5
2022/5/10,[情報] 1101台泥 Q1 EPS 0.2,93
2022/5/10,[情報] 3033 威健  3209 全科 4月營收,10
2022/5/10,[活動] 「叫我賠錢王！！」抄底抄不完,45
2022/5/10,[新聞] 獨家》台積電通知客戶 明年全面調漲代工,99
2022/5/10,[情報] 0510八大公股銀行買賣超排行,20
2022/5/10,[情報] 1464得力 第一季財報,9
2022/5/10,[標的] 台泥 這次是聰明的,20
2022/5/10,[情報] 3576.TW 聯合再生 第一季財報,14
2022/5/10,[請益] gg從沒被借券？,7
2022/5/10,[新聞] 陸股跌勢不斷　陸證監會:要堅持價值投資,34
2022/5/10,[新聞] 國泰產展現負責態度 率先提存防疫險理賠,41
2022/5/10,[情報] 高端疫苗4月營收,60
2022/5/10,[情報] 5530.TW 龍巖 四月營收,14
2022/5/10,[心得] 券差出借成功經驗,8
2022/5/10,[新聞] 台新藥眼科新藥三期臨床 子試驗數據達標,7
2022/5/10,[新聞]  保瑞與美國製藥天王趙宇天聯手 投資15,3
2022/5/10,[新聞] 美國白宮發布行政命令，加強美國在量子,8
2022/5/10,[情報] 6770 力積電 4月營收,36
2022/5/10,[情報] 0510 上市櫃外資投信同買排行,3
2022/5/10,[情報] 2227 裕日車 股利9.06,8
2022/5/10,[新聞] 新唐電動車BMS晶片獲大單，打進Tesla供應,17
2022/5/10,[情報] 0510 上市櫃外資投信買超金額排行,4
2022/5/10,[活動] 「叫我賠錢王！！」誰能比我狂？！,100
2022/5/10,[情報] 2323中環處分有價證券(中興電工,14
2022/5/10,Re: [新聞] 台股擂台 郭哲榮 本周選泰博、亞諾法,6
2022/5/10,Re: [請益] 手上有點閒錢，能幫推薦存股嗎,14
2022/5/10,[情報] 8081 致新 四月營收 月減年增,7
2022/5/10,[情報] 6405悅城處分台積電普通股股票之公告,100
2022/5/10,[情報] 2353宏碁4月營收 mom-36.5% yoy-22.9%,26
2022/5/10,[情報] 2454聯發科4月營收 mom-11% yoy+43.9%,87
2022/5/10,[情報] 3360 尚立 Q1,21
2022/5/10,[情報] 2006東和鋼鐵 4月營收,6
2022/5/10,Re: [請益] 手上有點閒錢，能幫推薦存股嗎,4
2022/5/10,[情報] 0510 上市外資買賣超排行,46
2022/5/10,[新聞] 張國煒弟弟派將張國華拉下台 長榮巴拿馬,40
2022/5/10,[情報] 111年05月10日 櫃買法人買賣金額統計表,19
2022/5/10,[情報] 長榮航4月合併營收,37
2022/5/10,[新聞] 僅稱物流受干擾 特斯拉否認上海工廠停產,2
2022/5/10,[情報] 4919 新唐 四月營收 月減年增,12
2022/5/10,[情報] 111年【4月份金控股】EPS排名(全已公布),59
2022/5/10,[情報] 2882 國泰金4月自結,16
2022/5/10,[新聞] 美國周三CPI估將趨緩 反彈最後機會就在這,30
2022/5/10,[情報] 2002中鋼 4月營收,22
2022/5/10,[情報] 111年05月10日 三大法人買賣金額統計表,100
2022/5/10,[情報] 4938和碩4月營收 mom-35% yoy-19.2%,30
2022/5/10,Re: [新聞] 台股擂台 郭哲榮 本周青睞泰博、寶齡,13
2022/5/10,[情報] 0510 上市投信買賣超排行,26
2022/5/10,[情報] 1319.tw 東陽 Q1eps &4月營收,6
2022/5/10,[創作]一首歌的時間,1
2022/5/10,[情報] 2812 台中銀 4月,28
2022/5/10,[情報] 2027 大成鋼 Q1 2.27,30
2022/5/10,[標的] 合庫金該不該賣,65
2022/5/10,[新聞] 大摩：散戶已經虧光所有疫情時期的獲利,100
2022/5/10,[新聞] 友達4月營收202億元 月減27.9%,37
2022/5/10,[情報] 2892 第一金控 四月自結,14
2022/5/10,[新聞] 降成本 亞馬遜、臉書等大廠招聘腳步放緩,14
2022/5/10,[情報]  8415 大國鋼 Q1 1.27,5
2022/5/10,[標的] 聯發科到底能不能買,96
2022/5/10,[請益] 五檔做多要選到三檔跌停有多困難？,40
2022/5/10,[閒聊] 2022/05/10 盤後閒聊,25
2022/5/10,[新聞] 台股破底後強拉逾300點 終場上漲12點守,44
2022/5/10,[心得] 長榮海運股東會委託書徵求--弟弟派,34
2022/5/10,[情報] 2474可成4月營收 mom-58.3% yoy-70.6%,63
2022/5/10,Re: [新聞] 台股擂台 郭哲榮 本周青睞泰博、寶齡,31
2022/5/10,[情報] 2330台積電 4月營收,100
2022/5/10,[標的] 9958.TW世紀鋼 救救我吧短空長多,0
2022/5/10,Re: [心得] 未實現損益+26萬美金到-1.1萬美金,8
2022/5/10,Re: [新聞] 台股擂台 郭哲榮 本周青睞泰博、寶齡,74
2022/5/10,Re: [心得] 未實現損益+26萬美金到-1.1萬美金,9
2022/5/10,[活動] 「叫我賠錢王！！」美國爸爸我好冷,67
2022/5/10,[心得] 未實現損益+26萬美金到-1.1萬美金,67
2022/5/10,[活動] 「叫我賠錢王！！」 光頭王的股票你們不要買,-10
2022/5/10,Re: [情報] 3360 尚立 4月營收,17
2022/5/10,[新聞] 張國華發通知取消長榮國際股東臨時會,75
2022/5/10,[心得] 畢業文 已實現虧損 金融全出,-10
2022/5/10,[標的] 3545 敦泰 空,14
2022/5/10,[公告] 05/10 處置公告,12
2022/5/10,Re: [心得] 畢業文 賠100萬出場,21
2022/5/10,Re: [標的] 大盤 多 準備反彈 多軍號角,26
2022/5/10,[新聞] 台幣爆量貶 逼近30大關,51
2022/5/10,[新聞] 熱門IPO公司  Rivian等較發行價暴跌約70%,16
2022/5/10,[活動] 「叫我賠錢王！！」美股科技權重股,13
2022/5/10,[新聞] 台灣虎航首發限量15顆NFT 每顆15萬元起標,42
2022/5/10,[標的] 存股標的健檢,33
2022/5/10,[新聞] 長榮經營權首戰！長榮鋼鐵委託書徵求傳每,42
2022/5/10,[標的]  0050.TW 元大台灣50 多,0
2022/5/10,[心得] 金融指 操作分享,15
2022/5/10,[新聞] 防疫保單之亂 金管會斥保險業不要博歹筊,77
2022/5/10,[心得] 健康的金融環境不需恐慌,41
2022/5/10,[新聞] 寶齡富錦雙喜臨門　旗下腎臟新藥獲准韓,7
2022/5/10,[標的] 大盤,0
2022/5/10,[標的] 菜雞持股健檢,13
2022/5/10,[標的] 持股健檢,10
2022/5/10,[新聞] 萬海首季好神 每股賺逾16元,28
2022/5/10,[閒聊] 2022/05/10 盤中閒聊,97
2022/5/10,[新聞] 台股多殺多 融資追繳萬箭齊發,24
2022/5/10,[公告] 05/10 股市黑特區,49
2022/5/10,[標的] 持股健檢,25
2022/5/10,[情報] UPST.US 財報,37
2022/5/10,[標的] 台股健檢,62
2022/5/10,[新聞] 【美股盤後】重挫,65
2022/5/10,[請益] 公務員信貸,77
2022/5/10,[標的] 大盤 別人恐懼貪婪多,37
2022/5/10,[心得] 台股目前在哪?,5
2022/5/10,[標的] 台美股健檢,33
2022/5/10,[請益] 營收展望還是一季比一季好嗎？,20
2022/5/10,Re: [新聞] 散戶嚇到吃手手？4月定期定額買股月減10.,40
2022/5/10,[新聞] 被割韭菜！台股市值跌破50兆　股民今年,58
2022/5/10,[情報] 2338光罩澄清媒體報導並提起妨礙名譽告訴,32
2022/5/10,[心得] NASDAQ連六週收跌，十年來第二次,63
2022/5/09,Re: [新聞] 散戶嚇到吃手手？4月定期定額買股月減10.,12
2022/5/09,[請益] 最近有人也買完蓋牌了嗎？,59
2022/5/09,[活動] 叫我賠錢王！！！,14
2022/5/09,Re: [標的] AMD.US 超跌絆倒體高點腰斬後 多,16
2022/5/09,[活動] 「叫我賠錢王！！」,36
2022/5/09,[新聞] 散戶嚇到吃手手？4月定期定額買股月減10.,59
2022/5/09,[標的] 塵封快十年的帳戶健檢請益,63
2022/5/09,"Re: [請益] 認真請益觀念,超漲為何沒賣？",5
2022/5/09,Re: [請益] 應收帳款週轉率,4
2022/5/09,[請益] 如果空頭確立 那做空不也是賺錢??,100
2022/5/09,[心得] 20220509 爛透晚報 爛透宇宙再現?,33
2022/5/09,[新聞] 畢業起薪大調查！今年攀33k創新高,24
2022/5/09,[標的] 持股健檢！,65
2022/5/09,[情報] pltr 2022 Q1財報開獎,75
2022/5/09,[標的] 今年練習進場，菜鳥持股健檢,42
2022/5/09,Re: [心得] 台股正式步入空頭走勢,9
2022/5/09,[新聞] 永豐投信 首檔雙月配+存股ETF今開募,5
2022/5/09,[新聞] 海運運費下滑 宏碁陳俊聖：說運費永遠很,32
2022/5/09,[情報] 111年05月09日信用交易統計,46
2022/5/09,[情報] 8942森鉅 Q1 EPS2.51,8
2022/5/09,[新聞] 緯創踩雷 投資陸廠下場慘！謝金河點名下,23
2022/5/09,[創作]媽寶離別股市,9
2022/5/09,[標的] 存骨仔求健檢,5
2022/5/09,Re: [新聞] 中國封城打擊筆電供應鏈 華碩、代工雙雄,11
2022/5/09,[標的] 五年菜逼八求健檢,100
2022/5/09,[標的] 心臟快受不了了 該停損嗎 持股求健檢,51
2022/5/09,[請益] 現在還是膽小鬼賽局嗎？,19
2022/5/09,[新聞] 「華爾街大亨」郭哲榮：指數與年線乖離大,42
2022/5/09,Re: [新聞] 中國封城打擊筆電供應鏈 華碩、代工雙雄,1
2022/5/09,[新聞] 台股盤中暴跌逾300點 國安基金緊盯3件事,16
2022/5/09,Re: [心得] 小散戶 GG已畢業……,11
2022/5/09,[新聞] 中國封城打擊筆電供應鏈 華碩、代工雙雄,29
2022/5/09,[新聞] 新制勞退基金 大買公股銀,22
2022/5/09,[標的] 持股健檢 有哪些好的可以繼續留,70
2022/5/09,[情報] 2347聯強、2376技嘉、2377微星 4月營收,22
2022/5/09,[情報] 1231聯華食、1720生達、1904正隆 4月營收,2
2022/5/09,[情報] 3481群創 4月營收,38
2022/5/09,[情報] 1240 茂生農經 1217 愛之味 Q1開獎,15
2022/5/09,Re: [情報] 2886 兆豐金 4月份自結合併盈餘,3
2022/5/09,[情報] 0509八大公股銀行買賣超排行,24
2022/5/09,[情報] 台新金(2887) 4月自結,51
2022/5/09,[情報] 9911 櫻花 開獎,1
2022/5/09,Re: [標的] 持股健檢 菜鳥心慌了…,26
2022/5/09,[新聞] 新冠肺炎擬降級 保單「理賠金額打一折」,60
2022/5/09,[情報] 華南金(2880) 4月自結,23
2022/5/09,[情報] 0509 上市櫃外資投信同買排行,8
2022/5/09,[情報] 中信金(2891) 4月自結,13
2022/5/09,[創作] 跌停請閉眼,14
2022/5/09,[情報] 2609陽明 4月營收 368E,53
2022/5/09,[情報] 0509 上市櫃外資投信買超金額排行,1
2022/5/09,[標的] 持股健檢 菜鳥心慌了…,51
2022/5/09,[情報] 量大分點齊買股 0509,0
2022/5/09,[情報]  5880 合庫金 4月自結,18
2022/5/09,[情報] 2888新光金 4月自結,21
2022/5/09,[情報] 2009 第一銅 Q1 EPS0.02,18
2022/5/09,[情報] 4171瑞基 4月營收 年增39.16%,1
2022/5/09,[新聞] 台股「T+0」賣股當天變現今正式上路！ 專,9
2022/5/09,[情報] 2881 富邦金 4月合併自結損益,35
2022/5/09,[新聞] Wi-Fi 6/6E/7主晶片日月光aQFN基材大追料,5
2022/5/09,[情報] 2610 華航 Q1 EPS0.52,23
2022/5/09,[情報] 1215 卜蜂 開獎 及 增資發行新股,14
2022/5/09,[情報] 0509 上市外資買賣超排行,67
2022/5/09,[情報] 2886 兆豐金 4月份自結合併盈餘,56
2022/5/09,[情報] 2884玉山金4月自結,72
2022/5/09,[情報] 1231 聯華食 Q1 EPS1.09,8
2022/5/09,[情報] 2615 萬海 Q1 EPS16.64,37
2022/5/09,[情報] 8016 矽創 4月營收,16
2022/5/09,[活動] 「叫我賠錢王！！」美股OTC毛票,33
2022/5/09,[情報] 2324仁寶 4月營收539億,58
2022/5/09,[情報] 2211 長榮鋼 Q1 EPS0.82,10
2022/5/09,[情報] 5483中美晶取得宏捷科股票,25
2022/5/09,[新聞] 馬斯克：日本出生率若不改善 有一天將不,100
2022/5/09,[情報] 2382廣達4月營收,56
2022/5/09,[情報] 111年05月09日 櫃買法人買賣金額統計表,7
2022/5/09,[新聞] 台幣盤中下探29.765元 創23個月新低,26
2022/5/09,[情報] 4736泰博4月營收 mom+118.9% yoy+275.7%,35
2022/5/09,[情報] 2357華碩4月營收 mom-39.9% yoy-14.7%,75
2022/5/09,[請益] 100萬信貸 先還  還是拚了,91
2022/5/09,[情報] 2885 元大金控111年四月自結損益,20
2022/5/09,[情報] 111年05月09日 三大法人買賣金額統計表,95
2022/5/09,[情報] 2834臺企銀4月自結,79
2022/5/09,[情報] 0509 上市投信買賣超排行,53
2022/5/09,[情報] 2889.TW 國票金 4月自結,9
2022/5/09,[情報] 2027/8415 大成鋼/大國鋼 4月營收,10
2022/5/09,[創作] 不要說話 陳奕迅,8
2022/5/09,[情報] 2890永豐金4月自結EPS 0.11,33
2022/5/09,[標的] 3558 神準 破底多！,42
2022/5/09,Re: [請益] 手上一堆0050怎麼辦,0
2022/5/09,[情報] 4438.tw 廣越4月營收,8
2022/5/09,[心得] 小散戶 GG已畢業……,99
2022/5/09,[活動] 「叫我賠錢王！！」,34
2022/5/09,[創作] 台股不該讓散戶太累 (女人不該讓男人太累,3
2022/5/09,[閒聊] 2022/05/09 盤後閒聊,47
2022/5/09,Re: [標的] 1605華新 焦師父綠電吹牛空,2
2022/5/09,Re: [標的] 老巴為何現在追高掃貨西方石油(OXY) ?,17
2022/5/09,[請益] 手上一堆0050怎麼辦,71
2022/5/09,[請益] 在國外申請台灣信貸操作,0
2022/5/09,[新聞] 群創、友達目標價 外資狠狠砍到低點,57
2022/5/09,[新聞] 台股跌個沒完 萬六守得住?法人看法超分歧,45
2022/5/09,[標的] 00715L.TW 期街口布蘭特正2 短多,7
2022/5/09,[新聞] 台股下挫 財長：國安基金密切關注,56
2022/5/09,[新聞] 航空雙雄飛陸貨運 漲價三成,19
2022/5/09,[標的] 老巴為何現在追高掃貨西方石油(OXY) ?,41
2022/5/09,[情報] 明年1月1日起起滿18歲境內外華僑可投資台,36
2022/5/09,Re: [請益] 這盤是2000網路泡沫嗎?,20
2022/5/09,[新聞] 臺企銀林謙浩：用類金控闖出新活路,46
2022/5/09,[公告] 05/09 股市黑特區,-10
2022/5/09,[標的] 8155.TW 博智 伺服器多,12
2022/5/09,[新聞] 長榮Q1營收及獲利齊創新高，美、亞系外資維持「買進」評等,32
2022/5/09,[新聞] G7宣示禁運俄油 加強對俄經濟孤立,33
2022/5/09,[標的] 2881富邦金 2882國泰金 孫五空小鬧天宮空,34
2022/5/09,[情報] 集盛4月營收為9.20億元，年增3.79%,9
2022/5/09,[新聞] 安泰銀董事會決議辦理買回之異議股東股份註銷並減少資本乙案,7
2022/5/09,[新聞] 科興扣壓360億年終　先大規模裁掉7成員工,86
2022/5/09,[新聞] 李嘉誠 重返大陸房地市場,57
2022/5/09,[新聞] 京元電首季毛利率35.8％ 登頂,2
2022/5/09,Re: [新聞] 投信挺台股 布局作帳行情,3
2022/5/09,Re: [請益] 防疫險對兆豐的影響,16
2022/5/09,[標的]  1234.TW 黑松  茶花綠茶多,3
2022/5/09,[新聞] 散裝航運族群 多頭揚帆,16
2022/5/09,[新聞] 特斯拉召喚模式狂出包 這次直接撞上價值,26
2022/5/09,[閒聊] 2022/05/09 盤中閒聊,100
2022/5/09,Re: [新聞] 投信挺台股 布局作帳行情,16
2022/5/09,[新聞] 蘋果攜元太 推多螢幕iPhone,53
2022/5/09,[新聞] 投信挺台股 布局作帳行情,12
2022/5/09,[新聞] 比搶快篩還誇張！超跑男股票代操吸金5億,65
2022/5/09,Re: [請益] 這盤是2000網路泡沫嗎?,0
2022/5/09,[請益] 如果利空消失呢？,36
2022/5/09,Re: [標的] 2330.TW 台積電 GG不太硬,2
2022/5/09,Re: [標的] 2330.TW 台積電 GG不太硬,19
2022/5/09,Re: [標的] 3551.tw 世禾 長期投資,17
2022/5/08,Re: [請益] 請問如果全入中華電信跟全入美國ETF,7
2022/5/08,[標的] 2330.TW 台積電 GG不太硬,24
2022/5/08,Re: [請益] 請問如果全入中華電信跟全入美國ETF,22
2022/5/08,[情報] 3317 尼克森 Q1 EPS 2.48,12
2022/5/08,[情報] 6706 惠特 Q1,8
2022/5/08,[新聞] 劉泰英: 通貨膨脹難以抵擋 民眾要自求多,98
2022/5/08,[標的] 3037.TW 欣興 空,86
2022/5/08,Re: [請益] 這盤是2000網路泡沫嗎?,22
2022/5/08,[心得] Battling a bear market,17
2022/5/08,[新聞] 遭套想攤平？零股小散戶助陣　台積電股東,90
2022/5/08,[新聞] 宏達電4月營收腰斬 前4月年減15%雙創新低,63
2022/5/08,Re: [標的] 美股 AGQ 多,12
2022/5/08,Re: [請益] 這盤是2000網路泡沫嗎?,11
2022/5/08,Re: [請益] 請問要怎麼買日股？,14
2022/5/08,[請益] 請問如果全入中華電信跟全入美國ETF,78
2022/5/08,[新聞] 鷹派官員捍衛貨幣政策：Fed並未落後通膨,31
2022/5/08,[新聞] 保險局急邀產險會商要求簡化確診理賠流程,66
2022/5/08,[請益] 請問要怎麼買日股？,17
2022/5/08,[請益] 這盤是2000網路泡沫嗎?,100
2022/5/08,[新聞] 蘋果最強分析師郭明錤:找不到理由看好,41
2022/5/08,[新聞] 上市櫃股利發放率 低於十年平均,8
2022/5/08,[新聞] 疫情催化公有雲端市場年增34% Microsoft,8
2022/5/08,[新聞] 升息利多出盡？外資大幅調節賣超金融股,58
2022/5/08,[新聞] 亞太VR裝置年成長60% 宏達電擠進第5！,36
2022/5/08,Re: [請益] 這次台灣真的不會升息嗎？,99
2022/5/08,Re: [標的] 台股這波走空的可能跌幅滿足點,16
2022/5/08,Re: 美國CPI指數,14
2022/5/08,[新聞] 鋼鐵大廠Q1財報亮眼 東鋼暫居第1,22
2022/5/08,Re: [標的] 台股這波走空的可能跌幅滿足點,39
2022/5/08,[心得] Re: [請益] 這次台灣真的不會升息嗎？,38
2022/5/08,Re: [請益] 這次台灣真的不會升息嗎？,99
2022/5/07,[新聞] 台股擂台 郭哲榮 本周青睞泰博、寶齡,81
2022/5/07,[請益] 美國CPI指數,55
2022/5/07,[新聞] 美國眾議院通過支持空中計程車的法案,18
2022/5/07,Re: [請益] 這次台灣真的不會升息嗎？,100
2022/5/07,[新聞] 居隔匡列新制限縮　產險業：有助控制「搭,-10
2022/5/07,[新聞] 消除資安疑慮 中令各機關改用國產電腦,72
2022/5/07,[標的]  1737.TW 臺鹽 穩定多,30
2022/5/07,[新聞] 市場仍估6月升3碼 美10年期債息飆高,36
2022/5/07,[新聞] Q1複委託交易金額達1.01兆　國泰證券看好,15
2022/5/07,[情報] 05/09~05/13 美股財報行事曆,20
2022/5/07,Re: [新聞] 肥前屋老闆基金慘賠！求償5000萬 控理專,16
2022/5/07,[新聞] 出清臺企銀，改存兆豐金「還好跑得快」！,6
2022/5/07,Re: [標的] 6150 四月營收空,0
2022/5/07,[新聞] 肥前屋老闆基金慘賠！求償5000萬 控理專,77
2022/5/07,[標的] TSLA.US或成控股公司 上看10萬美元,0
2022/5/07,[新聞] 美元升值勢如破竹 金融市場無處可躲,59
2022/5/07,[新聞] 美參院司法委員會通過NOPEC法案 為政府起,33
2022/5/07,[標的] 6147.TW 頎邦 有撐.咖稱多,26
2022/5/07,[新聞] 美銀：市場的歷史性大跌尚未結束,6
2022/5/07,Re: [標的] 2882.TW 國泰 快篩陽性=確診空,32
2022/5/07,Re: [標的] 台股這波走空的可能跌幅滿足點,55
2022/5/07,[情報] 智原 4月營收 年增106%,39
2022/5/07,Re: [新聞] 國安基金：基本面佳 免驚,1
2022/5/07,[新聞] 「股子股息讓股票零成本！」3個孩子的爸,-10
2022/5/07,Re: [新聞] 國安基金：基本面佳 免驚,9
2022/5/07,[新聞] 全家Q1每股賺0.76元 創19季以來新低,19
2022/5/07,[新聞] 知名財經電視主持人 傳將轉戰龍頭投顧副,100
2022/5/07,[新聞] 國安基金：基本面佳 免驚,58
2022/5/07,[新聞] 美銀：標普500熊市平均跌幅約37% 估美股,32
2022/5/07,[請益] 是否參加除息的問題,25
2022/5/07,[新聞] 光罩Q1本業獲利創新高 業外投資拖累每股,29
2022/5/07,[新聞] 鞏固電池原料供應 特斯拉證實與淡水河谷,32
2022/5/07,[情報] 8069元太4月營收,46
2022/5/07,[心得] FED升息後 一些利率上的觀察,99
2022/5/07,[請益] 關於領紀念品的地方,39
2022/5/07,[情報] 晶豪科 2022年4月合併營收17.41億元 年增,24
2022/5/07,Re: [新聞] 央行示警：貨幣政策非萬靈丹 採取緊縮小,15
2022/5/07,[創作] 紅蜻蜓,0
2022/5/07,[新聞] 史提格里茲：升息解決不了通膨和供應鏈瓶,87
2022/5/06,[標的] 1319 東陽 匯率多,20
2022/5/06,[情報] 3045台灣大 股利4.3,13
2022/5/06,Re: [新聞] 央行示警：貨幣政策非萬靈丹 採取緊縮小,54
2022/5/06,[新聞] 廣達上海子公司傳員工暴動 恐再衝擊復工,32
2022/5/06,[情報] 2603 長榮 4月YoY:102.52% MoM:-4.2%,35
2022/5/06,[情報] 至上 Q1：2.07  YoY +29.01%,21
2022/5/06,[情報] 2443昶虹重訊說明與高登生醫業務往來情形,22
2022/5/06,[心得] 202205W1 爛透周報 強彈又強殺!,18
2022/5/06,[情報] 0506 上市櫃外資投信同買排行,0
2022/5/06,Re: [新聞] 800億理賠巨災 邵之雋籲：讓產險業終止,16
2022/5/06,[情報] 111年05月06日信用交易統計,47
2022/5/06,[請益] 防疫險對兆豐的影響,28
2022/5/06,Re: [新聞] 央行示警：貨幣政策非萬靈丹 採取緊縮小,41
2022/5/06,[請益] 何處尋歷史K線資料,2
2022/5/06,[情報] 0506 上市櫃外資投信買超金額排行,6
2022/5/06,[新聞] 日本考慮6月重啟外國觀光客入境 旅遊團先,22
2022/5/06,Re: [新聞] 800億理賠巨災 邵之雋籲：讓產險業終止,26
2022/5/06,[新聞] 央行示警：貨幣政策非萬靈丹 採取緊縮小,100
2022/5/06,[新聞] 富鼎4月營收3.28億元年增5.47%,6
2022/5/06,[情報] 2545皇翔Q1 EPS 3.13,15
2022/5/06,[心得] 20220506 爛透晚報 金融鋼鐵網通高價,30
2022/5/06,[情報] 0506八大公股銀行買賣超排行,23
2022/5/06,[情報] 1612 宏泰 開獎  2.8元,9
2022/5/06,[新聞] 外資大逃殺 這十檔逆勢獲得外資青睞,14
2022/5/06,[情報] 2323中環處分聯發科股票,66
2022/5/06,[新聞] 〈聯詠法說〉展望轉保守Q2營收估季減2-6%,31
2022/5/06,[標的] 5530.龍巖 死亡概念股 多,1
2022/5/06,[情報] 2327 國巨 買回公司股份,10
2022/5/06,[新聞] 美國30年期房貸利率攀升至2009年以來新高,72
2022/5/06,[情報] 3231緯創 Q1 EPS -0.31,66
2022/5/06,[新聞] 貨櫃航運價格連16週走跌 週跌幅縮小到0.3,33
2022/5/06,[情報] 6285啟碁 4月營收,23
2022/5/06,[標的]  1102 .TW 亞泥,13
2022/5/06,[情報] 5903 全家 Q1 EPS0.76,74
2022/5/06,[新聞] 京元電中止執行蘇州京隆中國A股上市案,4
2022/5/06,[情報] 4171 瑞基 Q1 EPS2.39,6
2022/5/06,[新聞] 聯詠4月營收123.20億元年增11.15% 1—4月,21
2022/5/06,[新聞] 京元電子:本公司民國111年第一季合併財務報告業經董事會決,13
2022/5/06,[情報] 1712 興農 Q1 eps 1.13,17
2022/5/06,[情報] 2377 微星 Q1 EPS5.64,18
2022/5/06,[情報] 2618 長榮航 Q1 EPS0.64,63
2022/5/06,[新聞] 加拿大政府補助Stellantis電動車供應鏈回,1
2022/5/06,[新聞] 800億理賠巨災 邵之雋籲：讓產險業終止,67
2022/5/06,[情報] 0506 上市外資買賣超排行,69
2022/5/06,Re: [請益] 已知的利空不是利空？,4
2022/5/06,[新聞] 股市還沒跌完！兩大金控首席經濟學家示警,35
2022/5/06,[創作]等你下課,4
2022/5/06,[新聞] 臺灣經濟成長動能持續，投資大眾應理性因,21
2022/5/06,[情報] 1451.tw年興 4月營收 年增月增,10
2022/5/06,[情報] 華新 4月營收 年增月增,10
2022/5/06,[新聞] 大立光4月營收掉16% 保守看5月,27
2022/5/06,Re: [情報] 2498宏達電4月營收 mom-50.7% yoy-44.9%,15
2022/5/06,[情報] 1788杏昌22Q1EPS 2.29元,4
2022/5/06,Re: [請益] 股票分析師遇到行情震盪都不叫人跑呢?,8
2022/5/06,[情報] 111年05月06日 櫃買法人買賣金額統計表,18
2022/5/06,[情報] 神基3005 4月營收，YoY 負55.09%,22
2022/5/06,Re: [請益] 已知的利空不是利空？,2
2022/5/06,[情報] 2498宏達電4月營收 mom-50.7% yoy-44.9%,100
2022/5/06,[情報] 111年05月06日 三大法人買賣金額統計表,100
2022/5/06,[情報] 3209 全科 Q1 EPS 1.32,6
2022/5/06,[情報] 0506 上市投信買賣超排行,52
2022/5/06,[請益] 已知的利空不是利空？,28
2022/5/06,[情報] 2412 中華電 Q1 EPS1.17,17
2022/5/06,[情報] 5608四維航 2022Q1 eps 1.53,15
2022/5/06,[情報] 1569 濱川 4月營收,5
2022/5/06,Re: [標的]TW.3313 斐成 閃閃一閃,11
2022/5/06,[創作]東南苦行山,8
2022/5/06,[情報] 3360 尚立 4月營收,22
2022/5/06,[情報] 8299群聯 四月營收,29
2022/5/06,[情報] 3037欣興 4月營收 mom+4.5%  yoy+41.83%,29
2022/5/06,[情報] 2303聯電 4月營收,77
2022/5/06,[情報] 1605 華新 Q1 1.12,8
2022/5/06,[情報] 台塑、南亞、台化、台塑化 2022/04自結,18
2022/5/06,[請益] 個股期貨與現貨的操作,9
2022/5/06,[閒聊] 2022/05/06 盤後閒聊,17
2022/5/06,Re: [新聞] 台股擂台 郭哲榮 本周選泰博、亞諾法,66
2022/5/06,[情報] 2002 中鋼 2022/Q1 0.7 2021/Q1 0.58,38
2022/5/06,[新聞] 高登風波後首發重訊！昶虹：無財務擔保、,13
2022/5/06,[新聞] 台積電跌近3%　市值大減4149億跌破14兆,44
2022/5/06,[新聞] Meta在台設立 亞洲首座元宇宙基地,38
2022/5/06,[新聞] 美股債雙殺為哪樁？專家：恐懼通膨尚未觸,4
2022/5/06,Re: [標的] 開發金2883 持續買多,5
2022/5/06,Re: [新聞] 快訊／美股開盤下挫！「道瓊大跌660點」,2
2022/5/06,[公告] 05/06 處置公告,9
2022/5/06,[新聞] 中韓爭相投資電池上游關鍵材料的開採,7
2022/5/06,Re: [新聞] 國銀逢低進場 加碼台股900億元,1
2022/5/06,[新聞]《航運股》長榮日賺11億 Q1獲利又締新猷,60
2022/5/06,[請益] 還房貸還是投資股票,68
2022/5/06,Re: [標的] 開發金2883 持續買多,21
2022/5/06,[標的] 2233宇隆,9
2022/5/06,[新聞] 存股題材不靈了？ 中華電連四天帶量跌6%,28
2022/5/06,[新聞] 國銀逢低進場 加碼台股900億元,36
2022/5/06,[新聞] 不畏通膨 成衣廠Q1賺很大,9
2022/5/06,Re: [新聞] 台積電站上525元改寫收盤新高價,17
2022/5/06,[情報] 長榮Q1,100
2022/5/06,[新聞] 聯發科與恩智浦於美國ITC與聯邦地方法院,5
2022/5/06,[標的] 2888新光金小資多,45
2022/5/06,[新聞] 護國神山降肉！不敗教主曝台積電「最低,-10
2022/5/06,[新聞] 頎邦大群聚！ 京元電、矽格封測廠獲急單,13
2022/5/06,[閒聊] 2022/05/06 盤中閒聊,99
2022/5/06,[公告] 05/06 股市黑特區,42
2022/5/06,[新聞] 美國聯準會升息加劇台幣貶勢？央行：利差,82
2022/5/06,Re: [標的] SQQQ.US to the moon,4
2022/5/06,Re: [新聞] 快訊／美股開盤下挫！「道瓊大跌660點」,33
2022/5/06,Re: [標的] 3707.TW 漢磊 空,17
2022/5/06,[新聞] 5月報稅登場 投資人注意眉角能節稅不踩雷,0
2022/5/06,Re: [標的] 大盤 送分題空,-10
2022/5/05,[請益] 股市對於跌勢比對漲勢敏感？,35
2022/5/05,[心得] 20220505 爛透晚報 金融股全面啟動!,28
2022/5/05,[新聞] 快訊／美股開盤下挫！「道瓊大跌660點」,100
2022/5/05,[新聞] 中國夢清零？財新4月服務業PMI雪崩 剩36.,40
2022/5/05,Re: [心得] 曝險100%的情況下的比較,1
2022/5/05,[新聞]快篩試劑需求大爆量！泰博、安特羅、寶齡,35
2022/5/05,[情報] 1723 中碳 4月營收,3
2022/5/05,Re: [請益] 美股轉空了嗎?,71
2022/5/05,[新聞] 台股玩命關頭，是「玩命」盤或是玩「命盤,3
2022/5/05,[新聞] 美上周初領失業金人數激增至20萬 創去年7月以來最大增幅,30
2022/5/05,[情報] 110年年度金控股股利(全已公布),64
2022/5/05,[情報] 2881富邦金股利分派 3.5+0.5,100
2022/5/05,[新聞] 22檔5月配息ETF 2檔殖利率逾6％,3
2022/5/05,[情報] 4107.TW 邦特 Q1的EPS 1.76,0
2022/5/05,[新聞] 光隆首季EPS 1.11元 創同期新高,22
2022/5/05,[情報] 111年05月05日信用交易統計,23
2022/5/05,[新聞] MaxLinear收購慧榮科技（SIMO),33
2022/5/05,[新聞] 外資撤離台股 3、4月合計淨匯出3413億元,34
2022/5/05,[情報] 1313聯成第一季EPS 0.74,16
2022/5/05,[新聞] 宏碁首季營業淨利衝高 EPS 0.74元,26
2022/5/05,Re: [情報] 藥華藥111年4月營收3.53億，累計營收年增,2
2022/5/05,[標的]4116明碁醫走弱再強拉收漲停，大家怎麼看x薯條加大,14
2022/5/05,[情報] 6104 創惟 4月營收 & Q1 EPS,33
2022/5/05,[情報] 2417 圓剛 Q1 0.13 現金增資發行普通股,3
2022/5/05,[情報] 4438.tw 廣越Q1 eps,3
2022/5/05,[情報] 3293.TW 鈊象 4月營收,5
2022/5/05,[新聞] 永豐金公司治理 躋身上市前5%,17
2022/5/05,[新聞] 台驊首季三率三升 EPS達6.45元,21
2022/5/05,[情報] 0505八大公股銀行買賣超排行,16
2022/5/05,[情報] 2352佳世達 四月營收,23
2022/5/05,Re: [標的] 3558.TW 神準 冒險摸頭空,19
2022/5/05,[新聞] 新唐供不應求狀況持續，拚下半年產能增,27
2022/5/05,[新聞] 華邦電Q1純益季增8.7% 每股賺1.15元 改寫,37
2022/5/05,Re: [新聞] 知名手遊公司「真好玩」驚爆掏空 負責人,47
2022/5/05,[情報] 0505 上市櫃外資投信同買排行,2
2022/5/05,[情報] 2451.tw 創見 Q1eps,9
2022/5/05,[情報] 2014中鴻第一季EPS 0.35,71
2022/5/05,[請益] 新手用20萬下去玩 已經賠三萬多了該畢,99
2022/5/05,[情報] 0505 上市櫃外資投信買超金額排行,6
2022/5/05,[新聞] 陸迎解封 欣興南電Q2續強,14
2022/5/05,[新聞] 石油巨擘殼牌Q1純益創08年來新高,10
2022/5/05,[情報] 1451.tw年興 Q1eps,31
2022/5/05,[情報] 0505 上市外資買賣超排行,69
2022/5/05,[情報]  8046 南電 Q1 6.01,27
2022/5/05,[新聞] 國泰金控擬增資15億股,30
2022/5/05,[情報] 藥華藥111年4月營收3.53億，累計營收年增,22
2022/5/05,[情報] 111年05月05日 櫃買法人買賣金額統計表,25
2022/5/05,[情報] 4952 凌通 Q1,5
2022/5/05,[情報] 2887台新金股利 0.605+0.495,100
2022/5/05,[新聞] 電信三熊中華電、台哥大、遠傳墜跌原因曝,0
2022/5/05,[情報] 111年05月05日 三大法人買賣金額統計表,92
2022/5/05,[標的] 2882.TW 國泰 快篩陽性=確診空,21
2022/5/05,[情報] 6116 彩晶 Q1 -0.15,43
2022/5/05,Re: [標的] 3035智原 第二次多，仍小心進場,11
2022/5/05,[新聞] 潤泰全配息5元，投資人不買單！六檔集團,40
2022/5/05,[情報] 0505 上市投信買賣超排行,44
2022/5/05,[標的] 2330.TW 台積電 多,21
2022/5/05,[閒聊] 2022/05/05 盤後閒聊,38
2022/5/05,Re: [標的] 南紡 1440 棉花多,18
2022/5/05,Re: [標的]TW.3313 斐成 閃閃一閃,27
2022/5/05,[新聞] 22年來首次！Fed升息2碼 6月起每月縮表47,24
2022/5/05,[情報] 9933 中鼎Q1 EPS 1.5,1
2022/5/05,Re: [新聞] 大摩喊賣聯詠 目標價272元,8
2022/5/05,[心得] 優雅 投資,35
2022/5/05,[新聞] 丁予嘉：全年股市最好買點在5月,10
2022/5/05,Re: [新聞] 鮑爾對升3碼的預期澆冷水 道瓊應聲飆漲逾,99
2022/5/05,[標的] 6446藥華藥 生技股王多,53
2022/5/05,[標的]2342 茂矽 獲利穩定多,8
2022/5/05,Re: [標的]  大盤 多 中期反彈,12
2022/5/05,[新聞] Fed升2碼股市暴漲 老謝潑冷水:壞消息未了,96
2022/5/05,[新聞] RBC：塞港擴大 供應鏈問題難解,8
2022/5/05,[新聞] 解鎖巴拿馬金庫 張國煒派下周拔大哥董座,13
2022/5/05,[新聞] 亞洲航商 調漲附加費,-10
2022/5/05,[新聞] 利多滿載 航海王重出江湖,-10
2022/5/05,[閒聊] 2022/05/05盤中閒聊,100
2022/5/05,Re: [標的] 台指 實單空,100
2022/5/05,[新聞] 聯準會主席緩焦慮 美股漲932點一年多來,73
2022/5/05,Re: [新聞] 大摩喊賣聯詠 目標價272元,35
2022/5/05,[新聞] 歐盟擬逐步禁止俄國石油進口 國際油價走,20
2022/5/05,[新聞] 金控雙雄股利創高 國泰金配3.5元、富邦,23
2022/5/05,Fw: [新聞] 全球前十大IC設計公司 台灣瓜分美國優勢,28
2022/5/05,[新聞] 鮑爾對升3碼的預期澆冷水 道瓊應聲飆漲逾,37
2022/5/05,[新聞] 美Fed升息聲明變化,18
2022/5/05,[新聞] Fed如預期升息2碼 下月每月縮表475億鎂,74
2022/5/05,[標的] 00715L.TW 期街口布蘭特正2 爆幹多,18
2022/5/05,Re: [請益] 美股轉多了嗎?,22
2022/5/05,[標的] 4736.TW 泰博起來對做 多,7
2022/5/05,[新聞] 環團公布台灣十大碳排企業名單！台積電,28
2022/5/05,[新聞] 幕後／快篩亂象民怨四起！蔡英文說重話,49
2022/5/05,[心得] 20220504 爛透晚報 量縮靜待FED會議結果,7
2022/5/04,[新聞] 鬧船員荒 陽明董事長：人才需求沒有上限,22
2022/5/04,[新聞] 聯電跌完沒？驚見外資目標價腰斬降評,25
2022/5/04,[新聞] MSCI調整登場 成分股四進二出押寶呼聲高,17
2022/5/04,Re: [請益] 美股轉多了嗎?,5
2022/5/04,[新聞] 量販首賣長興家用快篩試劑、1支180元,45
2022/5/04,Re: [心得] 曝險100%的情況下的比較,1
2022/5/04,[新聞] 股東們快看！金管會核准6家壽險發現金股,44
2022/5/04,[情報]  3551 世禾 Q1,8
2022/5/04,[情報] 111年05月04日信用交易統計,30
2022/5/04,[新聞] 與新光金討論合併？ 台新金：好標的好價格都會研究,24
2022/5/04,[情報] 2897 王道銀行 Q1 EPS 0.21,12
2022/5/04,Re: [情報] 0504 上市外資買賣超排行,27
2022/5/04,[情報] 0504 上市櫃外資投信同買排行,6
2022/5/04,[情報] 0504 上市櫃外資投信買超金額排行,9
2022/5/04,[情報] 全球入息不動產與基礎建設指數REITs+（00,10
2022/5/04,[情報] 3265 台星科 4月營收,13
2022/5/04,[新聞] 台股ETF規模破6千億 FT臺灣Smart布局新,21
2022/5/04,[情報] 2834 台企銀 Q1 eps0.27,50
2022/5/04,[標的]TW.3313 斐成 閃閃一閃,19
2022/5/04,[情報] 2023燁輝 Q1EPS0.6 配息0.5+0.5,14
2022/5/04,[標的] 長榮多更多,-10
2022/5/04,Re: [標的] 長榮2603 老船長防線多,24
2022/5/04,Re: [新聞] 郭哲榮：長榮及長榮航差一個字 果真差很大,43
2022/5/04,Re: [請益] 是不是該全面放空台股？,10
2022/5/04,[情報] 0504八大公股銀行買賣超排行,21
2022/5/04,[新聞] 王美花：鼓勵賣場持續設衛生紙平價專區,-10
2022/5/04,[情報] 3090 日電貿 Q1 EPS 1.61元,10
2022/5/04,[標的] 00878.TW 國泰永續高股息 討論,-10
2022/5/04,[情報] 00891，00894，5月配息掛蛋,72
2022/5/04,[新聞] 頎邦爆群聚感染約200多人確診 估造成短期生產不順,83
2022/5/04,[新聞] 航運股強彈能漲多久？法人曝操作心法,-10
2022/5/04,[情報] 2882國泰金股利 3.5,100
2022/5/04,[情報] 2497 怡利電 Q1EPS0.56 現金增資,16
2022/5/04,[新聞] 全球智慧型手機與平板電腦出貨量下滑估,6
2022/5/04,[新聞] 大摩重申買新唐 目標價212元,31
2022/5/04,[新聞] 長榮、陽明董座 看好今年海運維持多頭榮景,-10
2022/5/04,[標的] 6850光鼎生技 賭博多,1
2022/5/04,[情報] 6285 啟碁 Q1 0.77,12
2022/5/04,[情報] 111年05月04日 櫃買法人買賣金額統計表,23
2022/5/04,[情報] 2347聯強 Q1 EPS 1.53,19
2022/5/04,[新聞] 兩倍做多ARKK來了 代號:TARK,68
2022/5/04,[情報] 0504 上市外資買賣超排行,60
2022/5/04,[情報] 2637 慧洋 4月自結,25
2022/5/04,[情報] 2809 京城銀 4月自結盈餘,61
2022/5/04,Re: [新聞] 傳奇基金經理人建議：遠離債券和股票 保,7
2022/5/04,[情報] 2915潤泰全，公佈股利,86
2022/5/04,[新聞] 日韓廠以併購或合作方式加速切入功率半,3
2022/5/04,[創作] 背叛 2.0,8
2022/5/04,Re: [請益] 成交量,3
2022/5/04,[請益] 日股標的,13
2022/5/04,[新聞] 巴菲特「猴子比理財顧問好！」,47
2022/5/04,[情報] 111年05月04日 三大法人買賣金額統計表,54
2022/5/04,Re: [請益] 我的存股策略要改變嗎?,0
2022/5/04,[情報] 0504 上市投信買賣超排行,28
2022/5/04,Re: [標的] 台指 實單空,19
2022/5/04,[新聞] 貨櫃三雄揚帆齊漲 投顧揭長期三優勢,0
2022/5/04,[閒聊] 2022/05/04 盤後閒聊,37
2022/5/04,Re: [新聞] 台股擂台 郭哲榮 本周選泰博、亞諾法,94
2022/5/04,[新聞] 傳奇基金經理人建議：遠離債券和股票 保,27
2022/5/04,[新聞] 〈聯詠營業報告書〉估今年中小尺寸OLED,21
2022/5/04,[新聞] Starlink Internet 在烏克蘭擁有15萬用,10
2022/5/04,[發錢] 抽中台灣精銳4583,99
2022/5/04,[請益] 每日定期定額,65
2022/5/04,[新聞] 中華電首季每股賺1.16元 5G用戶ARPU增35%,92
2022/5/04,[新聞] 高端疫苗首季每股虧0.66元　股東大會6月3,100
2022/5/04,[請益] 未領之現金股利的去向,12
2022/5/04,[新聞] Twitter 將下市又重新上市，馬斯克：最快,33
2022/5/04,[新聞] 大摩喊賣聯詠 目標價272元,100
2022/5/04,[新聞] 長榮運力大躍進 登全球六哥,-10
2022/5/04,[新聞] 一天只賺1.33萬元!網家Q1營業利益暴減99%,99
2022/5/04,[新聞] 三星自曝5年4.67兆元訂單到手！　3奈米搶,55
2022/5/04,[新聞] 訂單爆滿 泰博Q1每股賺6.69元,50
2022/5/04,[閒聊] 2022/05/04盤中閒聊,100
2022/5/04,[新聞] LCD 電視面板價將長期下跌？傳韓LGD將,61
2022/5/04,[新聞] 台股股王vs航海王爭霸戰 矽力-KY,0
2022/5/04,[情報] 特斯拉計畫再蓋第二座工廠讓上海成為世,60
2022/5/04,[情報] AMD.US 財報,100
2022/5/04,Re: [標的] AMD NVDA 空頭再臨 討論,7
2022/5/04,[心得] 20220503 爛透晚報 金融股報到!,15
2022/5/04,[請益] 美股轉多了嗎?,56
2022/5/03,[情報] 4919 新唐 Q1 EPS 2.87,25
2022/5/03,[新聞] 爭議又一樁 金寶違反利益迴避慘賠1.6億,16
2022/5/03,[新聞] 造船來不及 明年運力緊張,50
2022/5/03,[新聞] 連踩二大地雷三商人壽董座副董閃辭內幕,63
2022/5/03,[新聞] 收購推特超花錢？！馬斯克考慮改變融資計,16
2022/5/03,[情報] 111年05月03日信用交易統計,32
2022/5/03,[新聞] 北極星-KY6月上市 2025年拚拿2張藥證,15
2022/5/03,[新聞] 觀察科技廠專利佈局，智慧頭戴式裝置將,32
2022/5/03,[新聞] 2024年特斯拉的Robotaxi之夢是打破市場遊,30
2022/5/03,[情報] 0503八大公股銀行買賣超排行,30
2022/5/03,[新聞] 現在存什麼股最穩當？　專家揭3招找出金,36
2022/5/03,[請益] 手握00712若想轉00908可嗎？,18
2022/5/03,[新聞] 美國升級台灣旅行警示:不宜前往 比中國,53
2022/5/03,[新聞] 台泥連三年獲遠見傳產首獎 唯一大型傳產,29
2022/5/03,[新聞] Apple Car傳由鴻海代工！定價逾295萬元,99
2022/5/03,[情報] 0503 上市櫃外資投信同買排行,4
2022/5/03,[情報] 8044網家 Q1 EPS -0.25,48
2022/5/03,[新聞] 陽明鄭貞茂：超完美風暴下持續乘風破浪,19
2022/5/03,[情報] 0503 上市櫃外資投信買超金額排行,5
2022/5/03,[新聞] 台股量縮 國安基金:有基本面支撐就挺得住,39
2022/5/03,[新聞] 近47萬股東注意！00878擬發0.32元現金股,52
2022/5/03,[標的] 5203 嚴重低估與長多多,15
2022/5/03,[情報] 4736泰博 Q1 EPS 6.69,37
2022/5/03,[情報] 0503 上市外資買賣超排行,58
2022/5/03,[新聞] 王品股東紀念品揭曉 豪發3千元抵用券,-10
2022/5/03,Re: [請益] 玩股網的社團 有參加過的心得嗎？,26
2022/5/03,[新聞] 貝佐斯：科技股多頭行情一旦結束 恐帶來,9
2022/5/03,[新聞] 《半導體》亞系外資唱衰聯發科、聯詠 目,8
2022/5/03,[心得] 站在巨人的肩膀上跟著投資,0
2022/5/03,[情報] 111年05月03日 櫃買法人買賣金額統計表,25
2022/5/03,[標的] 00878國泰永續高股息 長期定期定額的風險,38
2022/5/03,Re: [標的] 大盤 多 準備反彈 多軍號角,11
2022/5/03,[情報] 環球晶Q1EPS 4.01,47
2022/5/03,[情報] 0503 上市投信買賣超排行,55
2022/5/03,[情報] 111年05月03日 三大法人買賣金額統計表,99
2022/5/03,[新聞] 華爾街金融顧問幫投資？巴菲特：我寧願,56
2022/5/03,[情報] 6237驊訊22Q1EPS -0.05元,53
2022/5/03,[閒聊] 2022/05/03 盤後閒聊,31
2022/5/03,[新聞] 澳洲央行近12年來首度升息 幅度25個基點,19
2022/5/03,Re: [新聞] 台股擂台 郭哲榮 本周選泰博、亞諾法,47
2022/5/03,[新聞] T＋0 5月9日上路 券商動起來,0
2022/5/03,[新聞] 台積電股價震盪 台灣股民挺神山沒在怕,46
2022/5/03,[新聞] 余天賠掉5棟房！兒驚爆李亞萍「股票賠百,100
2022/5/03,[新聞] 航海王換人做！長榮股價超車萬海 法人：,29
2022/5/03,[新聞] 杭州「馬某案件」令馬雲登熱搜！央視：涉,68
2022/5/03,[新聞] 防疫險狂賠壓垮業者 保險業准動用481億,31
2022/5/03,[新聞] 不只賺機會財 陽明三路擴張 追求永續成長,31
2022/5/03,[標的] AMD走勢？,37
2022/5/03,[新聞] 日媒：美日強化半導體合作 聚焦2奈米領,50
2022/5/03,[新聞] 三大退休基金 首季虧損逾676億,85
2022/5/03,[新聞] 科技股還沒跌夠、2年好光景恐回吐,46
2022/5/03,[新聞] 10年期美債殖利率自2018年以來首次觸及3%,6
2022/5/03,[新聞] 台版特斯拉騙很大！董座假合約害公司損,11
2022/5/03,[新聞] 成本大增 華紙Q2紙價將月月漲,17
2022/5/03,[新聞] 國安基金操盤手：台股具三優勢大家可放心,42
2022/5/03,[閒聊] 2022/05/03盤中閒聊,99
2022/5/03,[新聞] 宏達電Q1毛利率上升至37.8% 每股虧損0.92,47
2022/5/03,Re: [請益] 我的存股策略要改變嗎?,7
2022/5/03,Re: [標的] TQQQ 空,10
2022/5/03,[新聞] 台積電股價走低投資人續挺 股東衝破130萬,89
2022/5/02,Re: [情報] 合一fb825 IIa解盲,6
2022/5/02,Re: [標的] 大盤 多 準備反彈 多軍號角,0
2022/5/02,Re: [請益] 我的存股策略要改變嗎?,1
2022/5/02,[請益] 融券賣出相關問題,5
2022/5/02,[標的] 大盤 多 準備反彈 多軍號角,100
2022/5/02,Re: [請益] 我的存股策略要改變嗎?,4
2022/5/02,Re: [心得] 曝險100%的情況下的比較,0
2022/5/02,Re: [請益] 我的存股策略要改變嗎?,8
2022/5/02,[新聞]北歐股市「閃電崩盤」震撼歐洲 5分鐘重挫,59
2022/5/02,[新聞] 兆豐金、第一金、合庫金飆新高 空手投資,23
2022/5/02,Re: [標的] 2357.TW 華碩 討論,4
2022/5/02,[新聞] 三星否認記憶體與代工製程遇困難，指高通,12
2022/5/02,Re: [心得] 曝險100%的情況下的比較,2
2022/5/02,[新聞] 美股波及台股要跌了？ 國安基金:密切關注,42
2022/5/02,[情報] 合一fb825 IIa解盲,100
2022/5/02,[請益] 今天美股應該應該關注什麼?,28
2022/5/02,[新聞] 美媒:中國考慮推動科技巨頭向政府提供1%,61
2022/5/02,[標的] 2357.TW 華碩 討論,41
2022/5/02,[新聞] 跨國企業今年投資環境風險評比 BERI：台灣列亞洲第一、全球,20
2022/5/02,Re: [請益] 我的存股策略要改變嗎?,11
2022/5/02,[新聞] 三星3奈米超車台積電？重要數據曝光,55
2022/5/02,"[標的] 請推薦""總經分析""的高手for學習",94
2022/5/02,Re: [請益] 我的存股策略要改變嗎?,6
2022/5/02,[新聞] 美股暴跌...馬斯克化身投顧老師 分享投資,58
2022/5/02,Re: [標的]  大盤 多 中期反彈,4
2022/5/02,[公告] 05/02 處置公告,10
2022/5/02,[標的] 4915.TW 致伸 積少成多,24
2022/5/02,[請益] 我的存股策略要改變嗎?,99
2022/5/02,[新聞] 3種電子股不能接刀 專家點名友達、聯發,94
2022/5/02,[心得] 20220429 爛透晚報 起漲還是起跌?,22
2022/5/02,[新聞] 金管會主委將台股妙喻為狗　「會回到主人,79
2022/5/02,[新聞] 不許唱空中國？市場分析師“炸號”,43
2022/5/02,[新聞] 五壽險金控 大砍台股債部位,32
2022/5/02,[新聞] 3月投資收益回升 勞動基金首季虧568億,50
2022/5/02,[公告] 5月P幣徵文活動「叫我賠錢王！！」,36
2022/5/02,[新聞] 台股活水來了 主權基金400億蓄勢待發,92
2022/5/02,[新聞]大陸工信部：引導電訊企業部署5G基地台,7
2022/5/02,[新聞] 台股大修正後怎布局？17檔黃金密碼撐腰,8
2022/5/02,Re: [請益] 有300萬現金該存股還是放空台指期?,19
2022/5/02,Re: [請益] 有300萬現金該存股還是放空台指期?,21
2022/5/02,[新聞] 興櫃生技股發威 光鼎周漲45％,15
2022/5/01,Re: [標的] 遠東新 1402 多,85
2022/5/01,[心得] 想買蘋果？先買蘋概股！,0
2022/5/01,[標的] 台指 實單空,56
2022/5/01,[標的]  大盤 多 中期反彈,39
2022/5/01,[請益] 股市大跌時信貸投資市值型ETF的可行性,28
2022/5/01,Re: [標的] 台股這波走空的可能跌幅滿足點,21
2022/5/01,[新聞] 防疫保單重複投保 可拒保但不能拒賠,24
2022/5/01,[新聞] 中共大批鬥、大舉報 「滴滴出行」總裁柳,10
2022/5/01,[請益] 有300萬現金該存股還是放空台指期?,71
2022/5/01,Re: [標的] 台股這波走空的可能跌幅滿足點,10
2022/5/01,[新聞] WSJ：蘋果通訊晶片蓄勢待發 高通將失大客,30
2022/5/01,Re: [請益] 請問調劵是標借嗎?,0
2022/5/01,Re: [標的] 台股這波走空的可能跌幅滿足點,25
2022/5/01,Re: [標的] 0050價格合理性,9
2022/5/01,[標的] 餐廳概念股的進場時機,30
2022/5/01,[請益] 請問調劵是標借嗎?,1
2022/5/01,[新聞] 女股神旗艦ETF寫下最差月線表現 今年來,27
2022/5/01,Re: [標的] 台股這波走空的可能跌幅滿足點,8
2022/5/01,[標的] 短空長多，台股一年內會站上2萬！,35
2022/5/01,Re: [請益] 為什麼還有人看多？,43
2022/5/01,Re: [新聞] 李嘉誠大賣英國項目轉戰越南 謝金河揭關,1
2022/5/01,[新聞] 兆豐金(2886)擬配1.65元股利，現金殖利率,16
2022/5/01,[情報] 05/02週 美股財報行事曆,41
2022/5/01,Re: [標的] 台股這波走空的可能跌幅滿足點,21
2022/5/01,Re: [請益] 逆全球化 ?,10
2022/5/01,[新聞] 「股神」投資密碼解鎖了 演算法神複製巴,28
2022/5/01,Re: [標的] 台股這波走空的可能跌幅滿足點,42
2022/5/01,[新聞] 法人：航運股逢「五」必漲,16
2022/5/01,"[新聞] 證券戶激增 突破1,200萬戶",75
2022/5/01,Re: [新聞] 手痠保證不打馬雲了？習找阿里等科技大咖,51
2022/5/01,[標的] 大盤空,14
2022/5/01,"[標的] 台股走空確立, 下一個關鍵支撐",36
2022/5/01,[標的] 1590.TW 亞德客-KY 亞尼克工具人多,15
2022/5/01,[新聞] 李嘉誠大賣英國項目轉戰越南 謝金河揭關,12
2022/5/01,[標的] 台股這波走空的可能跌幅滿足點,83
2022/4/30,[心得] 202204W4 爛透周報 一低還有一低低!,22
2022/4/30,[新聞] 台股擂台 郭哲榮 本周選泰博、亞諾法,54
2022/4/30,[標的] UAL / DAL 報復性旅遊多,12
2022/4/30,[請益] 有人知道中國恒大集團的境況嗎？,70
2022/4/30,[新聞] 股神巴菲特旗下波克夏首季獲利腰斬　大幅,46
2022/4/30,[新聞] 台股5天下殺近千點 樂活大叔施昇輝喊別慌,47
2022/4/30,[新聞] 仁新子公司Belite逆勢上漲160%,2
2022/4/30,[標的] 期元大道瓊白銀00738U,6
2022/4/30,[標的] 3034.TW 聯詠 多,31
2022/4/30,[新聞] 中國4月製造業和非製造業PMI均創新低,11
2022/4/30,[請益] UNG天然氣走勢？,4
2022/4/30,[新聞] 【公告】董事會決議111年第一季不分派盈餘,0
2022/4/30,Re: [請益] 為什麼還有人看多？,12
2022/4/30,[新聞] 手痠保證不打馬雲了？習找阿里等科技大咖,99
2022/4/30,[新聞] 道瓊狂殺逾900點！美股下週開局恐怕相當,64
2022/4/30,[標的] 1516 川飛 蹲下起飛多,12
2022/4/30,Re: [請益] 為什麼還有人看多？,5
2022/4/30,Re: [請益] 為什麼還有人看多？,0
2022/4/30,[新聞] 唾液快篩遭質疑「跟高端有關」 陳時中：,59
2022/4/30,[公告] Q1季結算操作心得分享 P幣得獎者公布,5
2022/4/30,[標的] 台積電 空手,15
2022/4/30,[標的] 3707.TW 漢磊 空,50
2022/4/30,[創作] 神啊救救我,11
2022/4/30,Re: [心得] 以1980年的美國股市來看 現在已經崩,11
2022/4/30,[心得] 以1980年的美國股市來看 現在已經崩盤6次,-10
2022/4/30,Re: [請益] 為什麼還有人看多？,17
2022/4/30,[新聞] 存股3要素全符合 達人欽點永豐金等3檔,13
2022/4/30,[標的] 1227.tw 佳格50萬畝向日葵多,5
2022/4/30,Re: [標的] 美股接下來怎麼看,-10
2022/4/30,Re: [請益] 為什麼還有人看多？,32
2022/4/30,Re: [標的] 美股接下來怎麼看,24
2022/4/30,[標的] 2615 .TW 萬海 意外空,31
2022/4/30,[請益] 為什麼還有人看多？,60
2022/4/30,Re: [標的] TQQQ 空,19
2022/4/30,[新聞] 美銀：標普500跌破4000點 恐引爆資金外逃,56
2022/4/30,Re: [請益] 台股夜盤的漲跌是跟誰呢,7
2022/4/30,[新聞] 美股崩939點 謝金河：大肅殺來了,100
2022/4/30,[新聞] 美國6/7號將討論Novavax疫苗的緊急授權,15
2022/4/30,[請益] 台股夜盤的漲跌是跟誰呢,30
2022/4/30,[公告] 04/30 處置公告,17
2022/4/30,[新聞] 4月股債雙殺！多頭投降：展望未來只看到壞消息,55
2022/4/30,[新聞] 受Meta財報激勵 美股勁揚,0
2022/4/30,Re: [標的] 王品還有救嗎,46
2022/4/30,Re: [標的] 美股接下來怎麼看,9
2022/4/30,Re: [新聞] 黑色星期五！道瓊狂殺逾900點 那指月崩,19
2022/4/30,[新聞] 期交所將推台灣半導體30指數期貨及航運,13
2022/4/30,[標的] 美股接下來怎麼看,91
2022/4/30,[新聞] 黑色星期五！道瓊狂殺逾900點 那指月崩,100
2022/4/30,[標的] SQQQ.US to the moon,22
2022/4/30,[新聞] 歐盟難斷開俄能源！仍是最大買家、佔比達,64
2022/4/30,[標的] 1605.TW 華新 冒險空,26
2022/4/30,[請益] 半導體前景,17
2022/4/30,[情報] INTC.US 財報 不及預期 下季看淡,20
2022/4/30,[心得] INTC.US 營運部門重新分類+2期比較,16
2022/4/29,[新聞] 投顧老師帶你下地獄！LINE群詐1.8億 女,36
2022/4/29,[新聞] 今年來台股跌掉1626點 台股基金全負報酬,21
2022/4/29,[新聞] (影)食藥署核准首款家用「唾液」快篩「高,83
2022/4/29,[新聞] 世芯-KY第一季每股淨利6.32元 優於預期,15
2022/4/29,[新聞] 跟爸媽拿600萬玩股「2個月慘輸200萬」！,30
2022/4/29,[新聞] 成立僅 5 年！擁 4 千萬用戶 VTuber 事務,43
2022/4/29,[新聞] TWTR.US財報 不如預期 用戶數造假三年,60
2022/4/29,[情報] 2002 中鋼 澄清媒體報導(早就繳完惹,13
2022/4/29,[情報] 111年04月29日信用交易統計,38
2022/4/29,[標的] 3558.TW 神準 冒險摸頭空,29
2022/4/29,[標的] 2330.TW 台積電 延畢多,59
2022/4/29,[新聞] 台經院3月製造業景氣燈號轉黃藍燈 16個,100
2022/4/29,[情報] 0429 上市櫃外資投信同買排行,10
2022/4/29,[新聞] 內控重大缺失事項改善 藥華藥5/4恢復普通,26
2022/4/29,[情報] 0429 上市櫃外資投信買超金額排行,4
2022/4/29,[新聞] 貨櫃航運價格連15週走跌 遠東到美西運價,32
2022/4/29,[請益] REITs ETF 抗通膨是否可佈局,10
2022/4/29,[新聞] 財部函釋合憲 中鋼補繳8億營利事業所得稅,25
2022/4/29,[情報] 0429八大公股銀行買賣超排行,16
2022/4/29,[新聞] 知名手遊公司「真好玩」驚爆掏空 負責人,80
2022/4/29,[標的] 4904.TW 遠傳 偷漲多,22
2022/4/29,[情報] 2480.TW敦陽科、3029.TW零壹  Q1財報,1
2022/4/29,[新聞] 篩檢免深入鼻腔 陳時中：家用唾液快篩將開放進口,29
2022/4/29,[情報] 0429上市外資買賣超排行,70
2022/4/29,[新聞] 不銹鋼主要原料成本高 華新5月盤價續漲,15
2022/4/29,[新聞] 亞馬遜10億美元投資供應鏈創新技術企業,3
2022/4/29,[新聞] 法國第一季GDP意外停滯 家庭消費轉為下跌,32
2022/4/29,[情報] 2637 慧洋-KY Q1 3.59,39
2022/4/29,[請益] 台塑四寶算不算好的投資標的,71
2022/4/29,[新聞] 睽違21年！標普調升台灣主權評等至「AA+,77
2022/4/29,[新聞] 創意首季每股賺4.07元,10
2022/4/29,[新聞] 「一根針」逾百元買嗎？蘋果自助維修商店,56
2022/4/29,Re: [標的] X.US 美國鋼鐵 X教授多,16
2022/4/29,[情報] 0429 SCFI指數 4177.30 (-18.68)-0.44%,61
2022/4/29,[情報]  3033 威健 Q1 1.21,26
2022/4/29,[情報] 111年04月29日 櫃買法人買賣金額統計表,25
2022/4/29,[情報] 5434 崇越 第一季EPS3.63,2
2022/4/29,[情報] 111年04月29日 三大法人買賣金額統計表,85
2022/4/29,[情報] 0429 上市投信買賣超排行,36
2022/4/29,[新聞] 馬斯克跳腳 法院裁定發布特斯拉推文須律,52
2022/4/29,[新聞] 黃豆油價格創高 印尼棕櫚油出口禁令上路,12
2022/4/29,[新聞] 台中火力發電廠輸送帶起火,37
2022/4/29,[標的] 2439.TW 美律 多,20
2022/4/29,Re: [新聞] 台股擂台/周冠軍「華爾街大亨」郭哲榮,58
2022/4/29,[創作] 放空咖!孔明  空耳,97
2022/4/29,[閒聊] 2022/04/29 盤後閒聊,15
2022/4/29,Re: [請益] ETF存股族碰到熊市心態,67
2022/4/29,Re: [情報] Fed 官員及Powell 談話,25
2022/4/29,[情報] 6147頎邦 22Q1EPS 2.33元,100
2022/4/29,[新聞] 成功收購推特 彭博：馬斯克考慮裁員,25
2022/4/29,[心得] 大家認為指數投資是「輪椅上的財富」嗎,32
2022/4/29,Re: [新聞] 美國第一季GDP意外萎縮1.4% 通膨、貿易逆,10
2022/4/29,Re: [新聞] 美國第一季GDP意外萎縮1.4% 通膨、貿易逆,17
2022/4/29,Re: [新聞] 這9間公司好狂！ 連續八屆公司治理評鑑,32
2022/4/29,[新聞] 開賣特斯拉股份！馬斯克套現近1180億元,100
2022/4/29,[情報] 川普：I'M BACK!(DWAC.US),100
2022/4/29,[新聞] 美國第一季GDP意外萎縮1.4% 通膨、貿易逆,71
2022/4/29,[閒聊] 2022/04/29 盤中閒聊,100
2022/4/29,[新聞] 無懼雜音 ABF三雄樂看Q2,20
2022/4/29,[標的] 2330.TW 台積電短多,27
2022/4/29,[新聞] 央行鷹派抬頭 可能再升息,100
2022/4/29,[新聞] 亞馬遜Q1營收成長創網路泡沫化以來最低,25
2022/4/29,[新聞] 郭哲榮：普丁手抖 台灣股民就不再手抖,19
2022/4/29,[標的] 2303.TW 聯電 UMC.US小確幸小小多,15
2022/4/29,[情報] Apple(AAPL) Q2 財報開獎 全面高於預期,44
2022/4/29,[新聞] 貨櫃、散裝5月起利多爆棚 專家剖析兩大航,11
2022/4/29,Re: [新聞] 看空台股等於看空全世界 郭哲榮：今年上,12
2022/4/29,[創作] 如果可V,0
2022/4/29,[新聞] 八家壽險申請配發現金股利 金管會：5月,25
2022/4/29,Re: [標的] 期元大美元指數正二00683L多,5
2022/4/28,[新聞] 華為余承東：華為手機回來了！想買就能買,18
2022/4/28,Re: [新聞] ABF載板三雄股價疲軟 市場猜是這原因,20
2022/4/28,[心得] 鑽石杯操盤手，虛擬貨幣GRS，詐騙,50
2022/4/28,[新聞] 德魯里再調高今年貨櫃船公司總獲利預估,0
2022/4/28,[標的] 聯電2303 船長出掉多,28
2022/4/28,[新聞] 穩懋首季每股賺2.08元創11季新低,40
2022/4/28,[標的]  金融指期貨 銀行類股 空,100
2022/4/28,[新聞] 跨境旅遊超越疫前水準 萬事達卡第1季獲利,5
2022/4/28,[情報] 111年04月28日信用交易統計,40
2022/4/28,[心得] 股價上不去，萬惡無限程式單,18
2022/4/28,[新聞] 日月光首季營收、毛利率、EPS皆寫新高,27
2022/4/28,[新聞] 美國一季度GDP意外收縮，核心PCE欠佳,82
2022/4/28,Re: [請益] 技術面的問題請教,9
2022/4/28,[新聞] 蘋果、推特等將公布財報 Meta盤前漲逾16%,19
2022/4/28,[情報] 3357臺慶科22Q1EPS 2.97,53
2022/4/28,Re: [請益] 美股期權 call put 請益,3
2022/4/28,[情報] 0428 上市櫃外資投信同買排行,17
2022/4/28,[情報] 8039台虹開獎,11
2022/4/28,[新聞] 這9間公司好狂！ 連續八屆公司治理評鑑,27
2022/4/28,[情報] 3679新至陞 開獎,5
2022/4/28,[情報] 0428八大公股銀行買賣超排行,24
2022/4/28,Re: [情報]玉米期貨暴漲不止,26
2022/4/28,[新聞] 延長撮合間隔時間資訊 9/26日起5秒揭露一,3
2022/4/28,[標的] BA.US 波音787堅若磐石民主多,19
2022/4/28,[新聞] 確保供電穩定 大陸將調降煤炭進口關稅,30
2022/4/28,[情報] 0428 上市櫃外資投信買超金額排行,4
2022/4/28,[情報] 2323中環處分 聯電/長榮 股票,69
2022/4/28,[新聞] 1.7億劑快篩到位　經部：每周平均釋出1100萬劑、每劑100元,32
2022/4/28,[新聞] 國巨旗下同欣電併購爆內線交易 邱羅火套,16
2022/4/28,[新聞] 半導體》矽創首季每股盈餘11.82元,27
2022/4/28,[情報] 9904.tw寶成開獎,74
2022/4/28,[情報] 111年第1季經濟成長率概估yoy為3.06％,12
2022/4/28,[新聞] ABF載板三雄股價疲軟 市場猜是這原因,27
2022/4/28,[請益] 新手請益投資ETF一些問題,30
2022/4/28,[新聞] 橋水策略師：Fed升息力道不夠 要更加鷹派,22
2022/4/28,[情報] 0428 上市外資買賣超排行,97
2022/4/28,[情報] 6176.tw 瑞儀 Q1 eps,18
2022/4/28,[情報] 6150 撼訊 Q1,24
2022/4/28,[情報] anycolor準備上市,11
2022/4/28,[新聞] 《熱門族群》主機板、顯卡廠搭元宇宙等多,1
2022/4/28,[情報] 3034 聯詠 Q1 18.3 110年股利 51.5,100
2022/4/28,[標的] 00892.TW 富邦台灣半導體,18
2022/4/28,[情報] 111年04月28日 櫃買法人買賣金額統計表,38
2022/4/28,[標的] 2488.TW 漢平 黑膠復甦中長多,23
2022/4/28,[情報] 111年04月28日 三大法人買賣金額統計表,100
2022/4/28,[情報] 0428 上市投信買賣超排行,71
2022/4/28,[新聞] 馬斯克買下推特後日本AV女優帳號大舉復活,100
2022/4/28,[請益] 為什麼還有人看空？,10
2022/4/28,[情報] 4968立積22Q1EPS 0.04元,83
2022/4/28,[創作] 青貧果樂園,64
2022/4/28,[閒聊] 2022/04/28 盤後閒聊,30
2022/4/28,[情報] 4915致伸 Q1 1.23  3105 穩懋 Q1 2.08,30
2022/4/28,[新聞] 外資報告要反著看?友達群創竟藏抄底訊號,21
2022/4/28,[新聞] 《光電股》錸德新品牌 5月3日搶進日式拉,25
2022/4/28,[新聞] 法人降評砍價 同欣電失落,7
2022/4/28,[新聞] 陽明鄭貞茂：供應鏈瓶頸將舒緩,36
2022/4/28,[新聞] 美國線助攻 陽明今年營收戰新高,5
2022/4/28,[新聞] 穩生產！聯電蘇州和艦廠「滿血復活」 員,46
2022/4/28,[新聞] 台電回購電力 打亂鋼廠生產,57
2022/4/28,[新聞] 馬斯克:下個目標收購可口可樂 要將古柯鹼,100
2022/4/28,Re: [請益] 美股期權 call put 請益,13
2022/4/28,[新聞] 欣興昆山復工「閉環生產」 法人估衝擊年4,10
2022/4/28,[新聞] 風向變了！王牌分析師4指標按讚聯電,42
2022/4/28,Re: [新聞] 看空台股等於看空全世界 郭哲榮：今年上,3
2022/4/28,Re: [新聞] 缺工無解 營建成本狂飆四成,76
2022/4/28,[新聞] 股市菜雞有夠敢！他戶頭僅5元竟買2733萬,100
2022/4/28,[標的] 2488 漢平 超級空,0
2022/4/28,Re: [新聞] 中華電拚純網銀 找上台灣祖師爺陳嘉,6
2022/4/28,[新聞] 〈台幣〉美元高檔不墜 失守29.4元續創逾1,31
2022/4/28,[新聞] 官股大護盤 今年來買超2千億,28
2022/4/28,[新聞] 惠普將是第三家進入折疊式筆電PC廠商，,16
2022/4/28,Re: [情報]玉米期貨暴漲不止,56
2022/4/28,Re: [新聞] 現在的聯電是老天的新禮物嗎?分析師:破45,29
2022/4/28,[新聞] 不銹鋼大廠 5月盤價拚平盤,10
2022/4/28,[新聞] 缺工無解 營建成本狂飆四成,87
2022/4/28,[新聞] 證交所：全體上市公司第1季營收仍大幅成,11
2022/4/28,Re: [標的] NVDA 該空就空,17
2022/4/28,[情報] Elon Musk放話說下一個買可口可樂 KO.US,80
2022/4/28,[新聞] 台股融資追繳令 箭在弦上,30
2022/4/28,[新聞]友達砸450億看好新商機 彭双浪：公司轉型,43
2022/4/28,[新聞] 美強銷我24架波音787 華航不想埋單,99
2022/4/28,[閒聊] 2022/04/28 盤中閒聊,100
2022/4/28,Re: [標的] 葛蘭素史克 GSK,1
2022/4/28,[新聞] 專家洩股災時間表 3種股票愈跌愈該買,7
2022/4/28,[新聞] 馬斯克買推特 女股神再賣價值逾2.4億元,17
2022/4/28,[新聞] 高通營收再創紀錄 手機晶片銷售強勁,20
2022/4/28,[新聞] TDOC財報後崩30% 下修全年指引,11
2022/4/28,[情報] PINS.US 財報,9
2022/4/28,[情報] FB.US 財報,6
2022/4/28,Re: [新聞] 中國內外疲軟 習近平下令：今年GDP要擊,24
2022/4/28,[新聞] Meta一季度日活用戶數超預期股價盤後漲13,29
2022/4/28,[標的] BYND.US 超越肉類 疑似會與M合作,14
2022/4/28,[標的] 3037 TW 欣興 短多,10
2022/4/28,[請益] 剛剛突發的走勢很不對勁吧?,25
2022/4/28,[新聞] 群創估面板產能「未來5年成長1%」　董座,47
2022/4/28,[心得] 20220427 爛透晚報 爛透宇宙集結!,16
2022/4/27,[新聞] 長江存儲疑似提供華為晶片，違反美國出口,28
2022/4/27,[新聞] 台積電跌20%該畢業? 網一面倒「加碼攤平,81
2022/4/27,Re: [請益] 景氣燈可以準確參考嗎？,9
2022/4/27,Re: [新聞] 吳敏求直言不是公司賺錢就要配高股利，台,6
2022/4/27,[新聞] 金麗科2022 Q1 EPS 0.99,25
2022/4/27,[新聞] 熱錢落跑新台幣貶8.6分 匯銀估近幾天就會,25
2022/4/27,[標的] X.US 美國鋼鐵 X教授多,12
2022/4/27,[新聞] 10年翻5倍，這家廢物管理龍頭逆市創新高,15
2022/4/27,[請益] 景氣燈可以準確參考嗎？,28
2022/4/27,[新聞] 統一投信：台股存在三大變數 5月有望利空,37
2022/4/27,[情報] 5530 龍巖,31
2022/4/27,[新聞] 兆豐金打破慣例配股　存股達人卻覺得這,-10
2022/4/27,Re: [新聞] 中國內外疲軟 習近平下令：今年GDP要擊,27
2022/4/27,[情報] 111年04月27日信用交易統計,45
2022/4/27,Re: [標的] 技術面分析GG 討論,0
2022/4/27,[標的] 大盤 融資維持率150 定期定額多,31
2022/4/27,[新聞] 房市火熱？3月房貸、建築貸款年增率雙回,76
2022/4/27,[新聞] BA.US 財報 波音低於預期 交付延遲,6
2022/4/27,Re: [新聞] 中國內外疲軟 習近平下令：今年GDP要擊,11
2022/4/27,Fw: [新聞] 全盈支付不打補貼戰 總座劉美玲：年底目,12
2022/4/27,[新聞] 吳敏求直言不是公司賺錢就要配高股利，台,26
2022/4/27,Re: [標的] 技術面分析GG 討論,1
2022/4/27,[創作] 超跌光年,0
2022/4/27,Re: [請益] 現在好像是存股族的時間,15
2022/4/27,[標的] 4736泰博,32
2022/4/27,[新聞] 中國內外疲軟 習近平下令：今年GDP要擊,100
2022/4/27,[情報] 0427 上市櫃外資投信同買排行,11
2022/4/27,Re: [標的] 3037.TW 欣興 空,37
2022/4/27,[情報] 1110東泥收到交通部臺灣鐵路管理局求償函,13
2022/4/27,[情報] 0427八大公股銀行買賣超排行,28
2022/4/27,[情報] 2323中環取得有價證券(台積電+聯發科,96
2022/4/27,[情報] 0427 上市櫃外資投信買超金額排行,4
2022/4/27,[標的] 4171 瑞基 PCR檢測多,37
2022/4/27,[新聞] 聯發科下修全球手機成長預估 但仍無畏市場,74
2022/4/27,[情報] 2303聯電Q1 EPS 1.61,85
2022/4/27,Re: [新聞] 聯發科：估本季業績持續季增,20
2022/4/27,Re: [標的] 2330.TW 台積電 討論,13
2022/4/27,[創作] 指望（別指望我畢業）,4
2022/4/27,[新聞] 公開資訊觀測站精簡版「公告快易查」 明,4
2022/4/27,[情報] 1219 福壽 現金股利1.1,12
2022/4/27,[新聞] 陳泰銘台灣10大富豪好品味　藝術收藏品無,31
2022/4/27,[新聞] 3月景氣燈號轉綠燈 國發會:擴張力道趨緩,54
2022/4/27,[情報] 3213.tw 茂訊Q1 開獎,5
2022/4/27,[標的] 3035.TW 智原 歐印多,3
2022/4/27,[情報] 0427 上市外資買賣超排行,62
2022/4/27,[新聞] 國巨祭庫藏股護盤 擬買5500張,19
2022/4/27,[請益] 應收帳款週轉率,10
2022/4/27,[新聞] 國安基金護盤點 財長:台股重挫 量縮千億,51
2022/4/27,[新聞] 台股險守16300點 三大法人賣超244.96億元,17
2022/4/27,[新聞] 聯發科：估本季業績持續季增,95
2022/4/27,[情報] 111年04月27日 櫃買法人買賣金額統計表,53
2022/4/27,[創作] 綠色台積,14
2022/4/27,Re: [標的] 3037欣興 多 (準備第二次進場),40
2022/4/27,[標的] 3017.TW 奇鋐 多,0
2022/4/27,[標的] 2330.TW 台積電 討論,31
2022/4/27,[情報] 111年04月27日 三大法人買賣金額統計表,100
2022/4/27,[情報] 0427 上市投信買賣超排行,49
2022/4/27,[情報] 2454聯發科 Q1 EPS 21.02,100
2022/4/27,Re: [請益] 技術面的問題請教,22
2022/4/27,[情報] 2454聯發科 2022線上法說會,100
2022/4/27,[新聞] 機構：英特爾1.8奈米量產早於台積電2奈,100
2022/4/27,[創作] 多軍獻詩一首,12
2022/4/27,[閒聊] 2022/04/27 盤後閒聊,77
2022/4/27,Re: [請益] 技術面的問題請教,6
2022/4/27,Re: [新聞] 中華電拚純網銀 找上台灣祖師爺陳嘉,2
2022/4/27,Re: [請益] 技術面的問題請教,4
2022/4/27,[新聞] 高盛下修標普500年底預測值至4900點,19
2022/4/27,[新聞] 看空台股等於看空全世界 郭哲榮：今年上,25
2022/4/27,[新聞] 蔡總統：全球供應鏈重組 看好面板業在台,98
2022/4/27,[標的] 1539巨庭,7
2022/4/27,[新聞] 台積電市值掉出全球前十強榜外 排名從第8,79
2022/4/27,[請益] 技術面的問題請教,31
2022/4/27,Re: [新聞] 高盛喊買欣興 目標價上調至520元,30
2022/4/27,Re: [新聞] 政院通過「氣候變遷因應法」、自2024年開,35
2022/4/27,[新聞] 高盛喊買欣興 目標價上調至520元,37
2022/4/27,[新聞] 外資報告》NOR定價強勁 小摩喊旺宏目標價,20
2022/4/27,[新聞] 傳台積電版新驍龍8 Gen1 Plus性能提升10%,74
2022/4/27,[新聞] 政院通過「氣候變遷因應法」、自2024年開,84
2022/4/27,[新聞] 中華電拚純網銀 找上台灣祖師爺陳嘉鐘,16
2022/4/27,[公告] 台股Hate區,-10
2022/4/27,Re: [標的] 1605.TW 華新 高歌離席空,8
2022/4/27,[新聞] 台股又跌400點 財長：國安基金密切關注,73
2022/4/27,[新聞] Robinhood裁撤9%全職員工,16
2022/4/27,[新聞] 【公告】國票金代子公司國際票券金融公司,8
2022/4/27,[新聞] 三大利空包夾 特斯拉市值一日崩落1260億,9
2022/4/27,[情報] 6770力積電 第一季EPS1.85,18
2022/4/27,Re: [新聞] 中華電股價創高，市值躍升第四大，看好5G,37
2022/4/27,[新聞] 台股波動 財長：今早已交代國安基金幕僚,98
2022/4/27,[新聞] 法人看好長榮航目標價每股40元以上航空利,23
2022/4/27,[新聞] 大跌大買 小資不怕台股跌破前低 逢低搶四,28
2022/4/27,[新聞] 上攻兩萬點仍有望 郭哲榮揭台股二大優勢,57
2022/4/27,[標的] TSLA.US 特斯拉 怎麼了,54
2022/4/27,Re: [標的] 2409 友達,31
2022/4/27,[新聞] 晶圓代工仍為賣方市場 台積電獨特地位為,20
2022/4/27,[新聞] 扛不住 國產車價全面調漲,38
2022/4/27,[閒聊] 2022/04/27 盤中閒聊,100
2022/4/27,Re: [請益] 美股科技股又怎麼了？,7
2022/4/27,[情報] 聯電與DENSO合作生產車用半導體,25
2022/4/27,[新聞] 備轉率剩2％全台險限電 台電內部曝：本周,90
2022/4/27,[新聞] 德儀Q2財測受中國封城衝擊 盤後挫近4%,9
2022/4/27,[新聞] 外資期現貨同步做空 狂掃元大台灣50反1,13
2022/4/27,[新聞] 〈財報〉雲端成長亮麗 微軟Q3獲利營收均,29
2022/4/27,[新聞] YT廣告收入顯疲態 Alphabet Q1財報遜預期,28
2022/4/27,[新聞] 俄羅斯停止供應波蘭天然氣,95
2022/4/27,[新聞] 注意！「熔漲」風暴進逼美股,45
2022/4/27,Re: [請益] 前兩年隨便買都暴漲 未來兩年隨便空呢?,10
2022/4/27,Re: [心得] 台股正式步入空頭走勢,0
2022/4/26,[心得] 20220426 爛透晚報 ABF航運鋼鐵參戰!,55
2022/4/26,Re: [新聞] 貝佐斯質疑馬斯克買推特 與中國緊密關係,2
2022/4/26,[標的] TSM.US                 99TSM ； 992330,100
2022/4/26,[請益] Fed成員不能買股以後就沒漲過了?,4
2022/4/26,[新聞] 精星第一季合併獲利1.75億元，每股稅後,8
2022/4/26,[新聞] 北市軟性封城會不會影響台股？證交所這麼,38
2022/4/26,[標的] 大盤 紀念心得,58
2022/4/26,[標的] 美股科技股又怎麼了？,99
2022/4/26,Re: [標的] NNDM 美股,15
2022/4/26,[情報] GE.US 通用電器財報 營收持平 指引疲軟,4
2022/4/26,[新聞] 今年人均GDP將超越南韓,24
2022/4/26,[標的] 6470.TW 宇智波段多,15
2022/4/26,"[請益] 拉回就是多,抱緊持股",21
2022/4/26,[標的] BFRI.US 多,1
2022/4/26,[標的] 大盤 (空),9
2022/4/26,[新聞] 騰訊2大遊戲直播爆出大裁員 這一部門比率,2
2022/4/26,[情報] 111年04月26日信用交易統計,48
2022/4/26,[標的] 2891.TW 中信金 多,26
2022/4/26,[新聞] 不怕NB疲軟 外資看好新普強攻非IT業務,4
2022/4/26,Re: [新聞] 外資券商是否涉兩手策略 證交所：查無不法,0
2022/4/26,[新聞] 股匯齊反攻 新台幣終結連二貶收29.310元,15
2022/4/26,[標的] 006208 富邦台灣50 今年股利有多少?,0
2022/4/26,[創作] 升息(進擊的巨人 主題曲改編),5
2022/4/26,[新聞] 因運費高漲 馬士基大幅上調今年營業利潤,32
2022/4/26,Re: [心得] 曝險100%的情況下的比較,13
2022/4/26,[請益] 朋程 法人進出請益,37
2022/4/26,[公告] 04/26 處置公告,0
2022/4/26,Re: [請益] 關於大跌以後的反彈,9
2022/4/26,[情報] 0426 上市櫃外資投信同買排行,9
2022/4/26,[請益] 關於大跌以後的反彈,33
2022/4/26,[情報] 0426八大公股銀行買賣超排行,17
2022/4/26,[新聞] 國際油價多空交錯 正反原油ETF同步下跌,2
2022/4/26,[情報] 0426 上市櫃外資投信買超金額排行,0
2022/4/26,[新聞] 兆豐金董事會決議每股股利1.65元 現金殖,99
2022/4/26,[情報] 2327 國巨 第一季EPS11.59,22
2022/4/26,[新聞] 中華電股價創高，市值躍升第四大，看好5G,68
2022/4/26,[情報] 6271同欣電 第一季EPS5.08,14
2022/4/26,Re: [新聞] 大摩保守看待驅動IC 聯詠目標價313元,28
2022/4/26,[新聞] 國巨集團凱美董事改選名單 同欣電總經理,2
2022/4/26,[情報] 3037欣興 第一季 EPS3.85,69
2022/4/26,[新聞] Cathie Wood的Ark賣出價值1.62億的特斯拉,13
2022/4/26,[情報] 3035智原 第一季 EPS2.70,9
2022/4/26,[標的] 印尼 全球之王多,17
2022/4/26,[新聞] FAANG解體洗牌，蘋果成為屹立不搖的唯一,34
2022/4/26,[情報] 0426富邦特選高股息30(00900)基金權重,62
2022/4/26,[情報] 0426 上市外資買賣超排行,100
2022/4/26,Re: [情報] 2409 友達 2Q2022 business Outlook,21
2022/4/26,[標的] 2618 長榮航 今日便宜機票,16
2022/4/26,[新聞] 〈力成法說〉Q1每股賺2.92元 寫最旺首季,27
2022/4/26,[情報] 2409 友達 2Q2022 business Outlook,41
2022/4/26,[情報]創惟 3月自結1.22 神準 3月自結2.22,28
2022/4/26,[創作] 空單不要留白,28
2022/4/26,[情報] 111年04月26日 櫃買法人買賣金額統計表,34
2022/4/26,[情報] 111年04月26日 三大法人買賣金額統計表,100
2022/4/26,[情報] 4192 杏國 (臺灣FDA)准予執行胰臟癌新藥第三期人體臨床試驗,10
2022/4/26,[情報] 0426 上市投信買賣超排行,87
2022/4/26,[新聞] 台星科(3265) 111年第1季合併財務報告,25
2022/4/26,Re: [標的] 2409 友達,5
2022/4/26,[新聞] 黃崇仁：力積電中長期應有機會漲,44
2022/4/26,[情報] 111年4月27日新增5檔「股票期貨契約」,30
2022/4/26,[新聞] 貝佐斯質疑馬斯克買推特 與中國緊密關係,40
2022/4/26,Re: [新聞] 台股擂台/周冠軍「華爾街大亨」郭哲榮,6
2022/4/26,Re: [標的] 2409 友達,28
2022/4/26,[新聞] 馬斯克買推特 民主黨參議員：對民主構成,29
2022/4/26,[新聞] 多重不確定性 IMF示警亞洲面臨停滯性通膨,19
2022/4/26,[閒聊] 2022/04/26 盤後閒聊,63
2022/4/26,[情報] 8105 凌巨告說明4/26停電影響,13
2022/4/26,[新聞] 穩定市場情緒 人行喊話：經濟基本面良好,37
2022/4/26,Re: [新聞] 台股擂台/周冠軍「華爾街大亨」郭哲榮,32
2022/4/26,[新聞] 台股觸底反彈 是逃命波還是轉強訊號?,22
2022/4/26,[新聞] 台積電EPS超過現金股利3倍 陸行之：太保,51
2022/4/26,[新聞] 開發金通過籌資案 派發股息1元,30
2022/4/26,[新聞]看好今年貨運成長、明年客運接棒 法人喊,45
2022/4/26,[新聞] 提款台積 元凶抓到了 兩大主權基金曝光,11
2022/4/26,Re: [新聞] 國安基金：股市不可能一直跌下去,2
2022/4/26,Re: [標的] 大盤請益 現在轉當空軍還有救嗎 :(,23
2022/4/26,Re: [標的］友達 空,51
2022/4/26,[新聞] 力積電營運佳股價卻下跌 黃崇仁:要對公司,81
2022/4/26,[新聞] 鎖定台積電等產業龍頭 官股再護盤 單日逾,17
2022/4/26,Re: [標的] 大盤請益 現在轉當空軍還有救嗎 :(,2
2022/4/26,[新聞] 國安基金：股市不可能一直跌下去,89
2022/4/26,[新聞] 大摩投資長：美股還沒跌夠 上周五重挫透,17
2022/4/26,Re: [標的] 大盤請益 現在轉當空軍還有救嗎 :(,23
2022/4/26,Re: [新聞] Elon Musk 以 440 億美元收購了 Twitter,3
2022/4/26,[閒聊] 2022/04/26 盤中閒聊,100
2022/4/26,[新聞] 開發金 籌400億拚併購,47
2022/4/26,[情報] 2409友達 Q1 EPS 0.54,100
2022/4/26,Re: [請益] 現金流量表裡的應收帳款,9
2022/4/26,[標的] 大盤請益 現在轉當空軍還有救嗎 :(,50
2022/4/26,[新聞] Elon Musk 以 440 億美元收購了 Twitter,100
2022/4/26,[新聞] 京東方OLED面板產量下滑,6
2022/4/26,Re: [標的] ZIM.US 複製台股航海王多,22
2022/4/26,[請益] 現金流量表裡的應收帳款,16
2022/4/26,[情報] 2020 美亞鋼管開獎配息3元,11
2022/4/25,[新聞] 日圓迅速貶值或殃及更廣泛的市場,16
2022/4/25,[新聞] 獨家／萬海航運總部爆搶案　黑衣人砸車,61
2022/4/25,[情報] 1609 大亞 股利 現金0.35+股票0.6,22
2022/4/25,Re: [心得] 愛榭克:美股多頭還有還有戲唱！,29
2022/4/25,[新聞] 台積電收547元創去年新低有可能看到500元,99
2022/4/25,[情報] 暴雪 ATVI.US Q1營收不及預期 MAU降,16
2022/4/25,[新聞] 台積電2奈米晶片2026量產 首發客戶蘋果與,24
2022/4/25,Re: [情報] 2883開發金註銷庫藏股&長期資金募集案,15
2022/4/25,[標的] 3037.TW 欣興 空,64
2022/4/25,[標的] 1708 TW 東鹼.  空空,9
2022/4/25,Re: [心得] 愛榭克:美股多頭還有還有戲唱！,11
2022/4/25,[情報] 111年04月25日信用交易統計,41
2022/4/25,[新聞] 遏制人民幣跌勢 中國人行宣布下調外匯存款準備金率1個百分點,14
2022/4/25,[標的] 每逢崩盤要做恥骨健康檢查,23
2022/4/25,[新聞] 馬斯克出價1.2兆收購 傳推特已同意,72
2022/4/25,[情報] 0425 上市櫃外資投信同買排行,8
2022/4/25,[情報] KO.US 可口可樂超預期 淨利同比增24%,41
2022/4/25,[新聞] Twitter正與馬斯克洽談出售事宜,20
2022/4/25,[活動] 第一季股票或商品期貨之操作心得,18
2022/4/25,[新聞] 7企業共組ESG推動聯盟 科技創新補助無上,2
2022/4/25,[新聞] 外資猛加碼航空股 長榮航逆飛目標價,36
2022/4/25,Re: [請益] 這次愛大錯了嗎？,13
2022/4/25,[新聞] 「華爾街大亨」郭哲榮：修正年線乖離 有望,42
2022/4/25,[心得] 我學到了一門功課，該跑則跑 友達,51
2022/4/25,[情報] 0425 上市櫃外資投信買超金額排行,6
2022/4/25,[標的] 2834.TW 臺企銀 請益,24
2022/4/25,[情報] 2883開發金註銷庫藏股&長期資金募集案,48
2022/4/25,[公告] 04/25 處置公告／廣告信違規宣導,6
2022/4/25,[情報] 2883開發金現金股利1元,100
2022/4/25,[情報] 0425八大公股銀行買賣超排行,41
2022/4/25,Re: [新聞] 台股擂台/周冠軍「華爾街大亨」郭哲榮,44
2022/4/25,[情報] 6202盛群 22Q1 EPS 2.27,8
2022/4/25,[情報] 9945潤泰新股利現金2元+股票5元,72
2022/4/25,[情報] 3545敦泰22Q1EPS 3.57元,40
2022/4/25,Re: [新聞] 外資券商是否涉兩手策略 證交所：查無不法,3
2022/4/25,[情報] 2880華南金 股利0.78+0.34,56
2022/4/25,[情報] 8213志超現金股利5元,8
2022/4/25,Re: [請益] 大摩賣的不是大摩 小摩賣的不是小摩,13
2022/4/25,Re: [標的] 4121優盛 血氧多,15
2022/4/25,[標的] 1219福壽 空,7
2022/4/25,[情報] 0425 上市外資買賣超排行,100
2022/4/25,[新聞] 《基金》3檔台股掛牌 REITS逆揚 5月初再,14
2022/4/25,[新聞] 外資券商是否涉兩手策略 證交所：查無不法,2
2022/4/25,[情報]  5904 寶雅 111年Q1 EPS 5.01 股利11+0.1,20
2022/4/25,[情報] 111年04月25日 櫃買法人買賣金額統計表,58
2022/4/25,[情報] 3545敦泰 股利15.71,44
2022/4/25,[情報] 111年04月25日 三大法人買賣金額統計表,100
2022/4/25,[情報] 0425 上市投信買賣超排行,70
2022/4/25,[新聞] 外資頻賣台股 證交所：並未大幅撤離,49
2022/4/25,[閒聊] 2022/04/25 盤後閒聊,59
2022/4/25,Re: [心得] 愛榭克:美股多頭還有還有戲唱！,9
2022/4/25,[新聞] 證交所擬配現金股利7.2元 可望創歷史新高,17
2022/4/25,Re: [心得] 愛榭克:美股多頭還有還有戲唱！,16
2022/4/25,[新聞] 波段或存股任你選 專家看好3檔高EPS生醫,7
2022/4/25,[新聞]台股開戶已達1215萬人 證交所：40歲以下增,46
2022/4/25,Re: [新聞] 台股擂台/周冠軍「華爾街大亨」郭哲榮,78
2022/4/25,[新聞] 防疫股淘金 這樣選才對,30
2022/4/25,Re: [心得] 愛榭克:美股多頭還有還有戲唱！,12
2022/4/25,[新聞] 女股神料：美Fed升息幅度不會向市場預期,65
2022/4/25,[標的] 奇鋐3017跟著投信多,39
2022/4/25,Re: [請益] 當長投標的遇上短線利多時？,6
2022/4/25,Re: [心得] 大盤技術分析心得分享,2
2022/4/25,[標的] 2633台灣高鐵 台鐵不加班 非罷工 多,-10
2022/4/25,[請益] 當長投標的遇上短線利多時大漲時會賣嗎,24
2022/4/25,Re: [新聞] 現在的聯電是老天的新禮物嗎?分析師:破45,25
2022/4/25,[標的] 2753 八方雲集 九局下半,29
2022/4/25,Re: [心得] 大盤技術分析心得分享,7
2022/4/25,[新聞] 台積電這波跌破600元 股東人數增加27.8萬,99
2022/4/25,[新聞]10外資查無「兩手策略」 金管會說外界誤,28
2022/4/25,Re: [心得] 愛榭克:美股多頭還有還有戲唱！,49
2022/4/25,[新聞] 立委視察證交所續追外資賣台積電 證交所,48
2022/4/25,[新聞] 聯發科喜訊 毛利率重返五成,73
2022/4/25,[請益] 大盤破底，現在該貪婪還是恐懼？,99
2022/4/25,[新聞] 鐵礦砂價格崩跌近12% 中國大陸疫情加重,31
2022/4/25,[新聞] 據傳 Twitter 又再考慮馬斯克併購案,41
2022/4/25,[閒聊] 2022/04/25 盤中閒聊,100
2022/4/25,[新聞] 美股大跳水 國安基金信心喊話挺台股,73
2022/4/25,[新聞] 鋼價急漲 美鋼鐵業賺瘋了,22
2022/4/25,[新聞] 新台幣返貶！收29.26元 創近19個月新低,33
2022/4/25,Re: [心得] 愛榭克:美股多頭還有還有戲唱！,14
2022/4/25,[新聞] 美加速升息添亂 外資：對台股要多點耐心,35
2022/4/25,[新聞] 本週：龍頭科技股財報、重點通膨數據、,2
2022/4/25,Re: [心得] 愛榭克:美股多頭還有還有戲唱！,11
2022/4/25,Re: [請益] 明天是不是又是生技、疫情股的天下了,33
2022/4/25,[標的] 超級財報周多空淺見,2
2022/4/25,Re: [心得] 愛榭克:美股多頭還有還有戲唱！,99
2022/4/25,Re: [請益] 民視上市的可能性.,6
2022/4/25,[標的] 大盤技術分析心得分享,19
2022/4/25,Re: [心得] 周末沒鬼故事是在恐慌什麼??,9
2022/4/25,Re: [心得] 周末沒鬼故事是在恐慌什麼??,27
2022/4/25,[心得] 202204W3 爛透周報 彎腰撿炸彈!,15
2022/4/24,[活動] 第一季股票或商品期貨之操作心得,3
2022/4/24,Re: [心得] 愛榭克:美股多頭還有還有戲唱！,25
2022/4/24,[心得] 愛榭克:美股多頭還有還有戲唱！,38
2022/4/24,Re: [標的] 周一跌300點起跳?,13
2022/4/24,[新聞] 數位服務法保護網路安全 歐盟與歐洲議會,2
2022/4/24,[標的] 2603.TW 長榮 一飛沖天多,3
2022/4/24,Re: [標的] 周一跌300點起跳?,12
2022/4/24,[標的]  6274 台燿,20
2022/4/24,Re: [請益] 為何空手仔要瞧不起定期定額的人?,0
2022/4/24,[新聞] 俄烏戰爭 鋼鐵需求降,43
2022/4/24,[新聞] 印尼禁棕櫚油出口 推升價格,7
2022/4/24,Re: [新聞] 投信喊最壞已過 謝金河：沒有看多的理由,5
2022/4/24,[新聞] 美股雪崩 葉倫喊話稱經濟有韌性、通膨可,29
2022/4/24,[新聞] 投信喊最壞已過 謝金河：沒有看多的理由,90
2022/4/24,[新聞] 外資報告出爐 證交所查無「兩手策略」,99
2022/4/24,Re: [心得] 曝險100%的情況下的比較,0
2022/4/24,Re: [請益] 為何空手仔要瞧不起定期定額的人?,1
2022/4/24,[情報] 4938和碩重訊 (龜山廠員工肺炎確診說明),25
2022/4/24,[標的] 3558.TW神準 空,6
2022/4/24,Re: [心得] 定期定額的考驗,21
2022/4/24,Re: [請益] 為何空手仔要瞧不起定期定額的人?,9
2022/4/24,[新聞] 美股基金單周撤資196億美元 恐怕只是剛開,25
2022/4/24,Re: [請益] 為何空手仔要瞧不起定期定額的人?,5
2022/4/24,Re: [請益] 你認為投資最重要的80/20是什麼?,4
2022/4/24,[標的] 大盤指數無腦空,14
2022/4/24,Re: [新聞] 馬斯克槓上比爾蓋茲! 原因是這個,11
2022/4/24,Re: [請益] 為何空手仔要瞧不起定期定額的人?,25
2022/4/24,[請益] 00900是不是市值可能長期超越淨值,11
2022/4/24,[新聞] 台股擂台/周冠軍「華爾街大亨」郭哲榮,24
2022/4/24,Re: [新聞] 道瓊血崩近1000點!投資人現在應該做哪3件,21
2022/4/24,[新聞] 重量級選手登場 聯發科加入USB 4.0戰局,33
2022/4/24,Re: [請益] 為何空手仔要瞧不起定期定額的人?,8
2022/4/24,[請益] 現股當沖 放空想留倉?,23
2022/4/24,[標的] 2330.tw 台積電 (空),17
2022/4/24,Re: [新聞] 道瓊血崩近1000點!投資人現在應該做哪3件,19
2022/4/24,[新聞] 高殖利率、低本益比 15檔價值股投信連買,33
2022/4/24,[新聞] 抗通膨 葉倫考慮降陸關稅,73
2022/4/24,Re: [新聞] 道瓊血崩近1000點!投資人現在應該做,5
2022/4/24,[請益] 你認為投資最重要的80/20是什麼?,33
2022/4/24,[新聞] 道瓊血崩近1000點!投資人現在應該做哪3件,92
2022/4/24,[新聞] 台股守萬七 面板金融 成內外資主戰場,10
2022/4/24,Re: [心得] 定期定額的考驗,58
2022/4/24,Re: [請益] 逆全球化 ?,11
2022/4/24,Re: [心得] 定期定額的考驗,8
2022/4/24,Re: [新聞] 馬斯克槓上比爾蓋茲! 原因是這個,10
2022/4/24,Re: [心得] 定期定額的考驗,15
2022/4/24,[請益] 如何避免FOMO心態？,24
2022/4/24,[請益] 不定期不定額的考驗,15
2022/4/23,Re: [標的] 3037欣興 & 2330台積 做多的人到底在想什麼?,57
2022/4/23,[標的] 2603 長榮 多,21
2022/4/23,[公告] 帳號資安宣導,8
2022/4/23,[新聞] 馬斯克槓上比爾蓋茲! 原因是這個,98
2022/4/23,[新聞] Netflix股價一夕崩跌 謝金河揭關鍵,-10
2022/4/23,Re: [請益] 到底是誰說升息縮表股票會漲的,23
2022/4/23,Re: [請益] 美國公債殖利率3%對股市影響?,7
2022/4/23,[新聞] 市場大波動 法人：這標的適合抄底,36
2022/4/23,[新聞] 美台超級財報週沖淡悲觀氣氛 台股投資價,41
2022/4/23,[新聞] 聯發科3名員工確診！總部大樓相繼清消,28
2022/4/23,[新聞] 員工染疫？新竹市政府證實3位任職於聯發,18
2022/4/23,Re: [請益] 美國公債殖利率3%對股市影響?,1
2022/4/23,[心得] 定期定額的考驗,66
2022/4/23,Re: [請益] 美國公債殖利率3%對股市影響?,0
2022/4/23,Re: [心得] 每次美股大跌，板上就一堆人製造恐慌,49
2022/4/23,Re: [請益] “無腦”是不是需要很大的勇氣？,41
2022/4/23,Re: [請益] 到底是誰說升息縮表股票會漲的,33
2022/4/23,[新聞] 桃園+527！再爆醫院感染已16例　鄭文燦,26
2022/4/23,[標的] 套牢持股請益,76
2022/4/23,Re: [請益] 到底是誰說升息縮表股票會漲的,3
2022/4/23,[請益] 聯發科股息73元，殖利率快9%合理嗎？,71
2022/4/23,Re: [請益] 到底是誰說升息縮表股票會漲的,3
2022/4/23,[標的] 4126.tw 太醫 確診多,4
2022/4/23,[請益] 2020/512暴跌1400點的背景是什麼？,34
2022/4/23,[新聞] 野村估Fed抑制通膨 6、7月各升息3碼,83
2022/4/23,[標的] Verizon 威訊,8
2022/4/23,[請益] “無腦”是不是需要很大的勇氣？,36
2022/4/23,Re: [心得]  BKKT.US Q3財報 （更新）,18
2022/4/23,[新聞] 大摩看台股 長期基本面穩,93
2022/4/23,[情報] 04/25~04/29 美股財報行事曆,35
2022/4/23,[創作] 或許你是對的,3
2022/4/23,Re: [新聞] 聯準會放鷹重挫美股　道瓊暴跌近1000點,52
2022/4/23,[標的] 隱藏版 藥局概念股,43
2022/4/23,Re: [請益] 為啥都是我一進場就崩盤了?,24
2022/4/23,Re: [請益] 升息對金融股好壞,8
2022/4/23,Re: [心得] 星期一大哥還會再買嗎？,13
2022/4/23,[請益] 升息對金融股好壞,84
2022/4/23,[請益] 如果白銀跌50% 美股agq會歸零嗎,11
2022/4/23,[情報] 6547高端疫苗 新股發行價220元,20
2022/4/23,[標的] 台指空,18
2022/4/23,Re: [標的] 大盤 送分題空,2
2022/4/23,[新聞] 上海震撼！韓新政府：加速韓企回流、供,35
2022/4/23,[新聞] 聯準會放鷹重挫美股　道瓊暴跌近1000點,47
2022/4/23,Re: [請益] 為啥都是我一進場就崩盤了?,11
2022/4/23,[新聞] 印尼棕櫚油出口禁令 加劇全球食品成本壓,41
2022/4/23,Re: [請益] 為啥都是我一進場就崩盤了?,22
2022/4/23,[請益] 臻鼎的ABF廠是全資還是控股？,12
2022/4/23,[創作] 男人不該讓女人流淚,6
2022/4/23,Re: [請益] 為啥都是我一進場就崩盤了?,8
2022/4/23,[標的] 高端 6547 超級多,27
2022/4/23,Re: [心得] 聯詠 台積電 台股,4
2022/4/23,[請益] ISRG怎麼了？,16
2022/4/22,[新聞] 加速逃離中國！郭明錤：蘋果換新品開發新,32
2022/4/22,[心得] 20220422 台股爛透晚報 歡迎各位師兄弟歸位!,44
2022/4/22,[標的] 2545皇翔2324仁寶2634漢翔6285啟碁 請益,23
2022/4/22,Re: [請益] 還在做多大盤的人在想什麼,17
2022/4/22,Re: [請益] 還在做多大盤的人在想什麼,8
2022/4/22,[新聞] 曾宣示不以盈利為目的，阿里巴巴達摩院傳,18
2022/4/22,[標的] 世芯-KY 整股快跌停 零股漲停？,16
2022/4/22,[新聞] 外資報告》小摩喊買祥碩 目標價2100元,6
2022/4/22,Re: [請益] 還在做多大盤的人在想什麼,39
2022/4/22,[情報] 111年04月22日信用交易統計,33
2022/4/22,[新聞] 上海運價指數連14跌 長榮陽明5/1恐漲附加,26
2022/4/22,Re: [請益] 還在做多大盤的人在想什麼,13
2022/4/22,[新聞] 北美長約價5月起換約，漲幅約一倍,31
2022/4/22,[新聞] 野村調高升息預期 認為聯準會6月及7月都,13
2022/4/22,[情報] 0422 上市櫃外資投信同買排行,8
2022/4/22,[請益] 美股股利退稅,2
2022/4/22,[情報] 0422 上市櫃外資投信買超金額排行,5
2022/4/22,[新聞] 摩根大通：市場太悲觀，美股一季報有望超預期,3
2022/4/22,[標的] ABF的未來?外資目標價上升VS昆山封城x薯條加大,33
2022/4/22,[情報] 0422八大公股銀行買賣超排行,38
2022/4/22,[情報] 2379瑞昱現金股利27元／22Q1EPS 10.15元,51
2022/4/22,[情報] 0422 處置注意股提前預警,15
2022/4/22,[新聞] 第2起金金併有望? 台新:沒收到新光金邀請,26
2022/4/22,[新聞] SEC再開鍘 理想汽車等17中概股列退市風險,13
2022/4/22,[情報] 0422 上市外資買賣超排行,100
2022/4/22,Re: [新聞] 台積電買點在哪裡？施昇輝公開低成本實,13
2022/4/22,[新聞] 銅價恐飆？祕魯示威不斷 3大礦場受阻,45
2022/4/22,[新聞] 宏達電今年股東會紀念品揭曉！一表看近10,99
2022/4/22,[情報] 111年04月22日 櫃買法人買賣金額統計表,64
2022/4/22,[新聞] 上海封城運力下滑 貨櫃滯港長達12天,34
2022/4/22,[標的] 請問有其他華新的空軍嗎？救我,100
2022/4/22,[情報] 0422 SCFI指數 4195.98(-32.67)-0.78%,93
2022/4/22,[情報] 111年04月22日 三大法人買賣金額統計表,100
2022/4/22,[情報] 0422 上市投信買賣超排行,67
2022/4/22,[新聞] 三菱重工計劃2030年卡車裝載微型核電站,45
2022/4/22,[新聞] 美系外資下修台股至18500點 但看好台積電,44
2022/4/22,[新聞] 馬斯克：特斯拉Optimus機器人將比汽車業,29
2022/4/22,[閒聊] 2022/04/22 盤後閒聊,76
2022/4/22,[請益] 2020有石油和BNT 那2022有什麼？,35
2022/4/22,[心得] 券商沒券可空我難過...,42
2022/4/22,Re: [標的] 鈺創 5351 空,25
2022/4/22,Re: [標的] 樂意 7584 多,9
2022/4/22,[新聞]產業分析》大摩：NOR Flash定價轉跌 保守,40
2022/4/22,[新聞] Netflix盤後股價暴跌！《大賣空》本尊點,76
2022/4/22,Re: [標的] 6469 大樹 多,62
2022/4/22,[新聞] 鋰離子電池缺貨危機是電動車長期關鍵議題,14
2022/4/22,[新聞] 徹底轉鷹！Fed鮑爾：5月會議升息2碼是選,52
2022/4/22,[新聞] 台積電買點在哪裡？施昇輝公開低成本實,30
2022/4/22,[情報] 2841台開 法人董事更改,10
2022/4/22,[新聞] 世銀示警：糧荒恐持續到明年,43
2022/4/22,Re: [情報] Fed 官員及Powell 談話,30
2022/4/22,[標的] 1701中化,15
2022/4/22,Re: [情報] Fed 官員及Powell 談話,29
2022/4/22,Re: [情報] Fed 官員及Powell 談話,6
2022/4/22,[閒聊] 2022/04/22 盤中閒聊,100
2022/4/22,[新聞] 馬斯克想收購推特 稱已獲465億美元融資,15
2022/4/22,[新聞] 金融業俄債踩雷 提損163億,24
2022/4/22,[新聞] 《證交所》台股走下神壇 Q1券商獲利腰斬,23
2022/4/22,Re: [請益] 台股現在是空頭嗎?,18
2022/4/22,[新聞] 友達:面板跌價 看不到休止符,94
2022/4/22,Re: [情報] 2867三商壽Q1自結EPS -1.22元,25
2022/4/22,[情報] Fed 官員及Powell 談話,100
2022/4/22,Re: [標的] AMD.US 超跌絆倒體高點腰斬後 多,7
2022/4/22,Re: [標的] AMD.US 超跌絆倒體高點腰斬後 多,34
2022/4/22,Re: [新聞] 張忠謀:美缺晶片製造人才本土增產又貴又,25
2022/4/22,[心得] 20220421 台股爛透晚報,25
2022/4/21,[心得] 輕原油兩年前-37 現在103 受害者現況,75
2022/4/21,[新聞] 張忠謀:美缺晶片製造人才本土增產又貴又,58
2022/4/21,[情報] 0421 處置股風險統計排行,5
2022/4/21,[新聞] 國籍航空2021營運榜 華航最賺、星宇虧損,25
2022/4/21,[新聞] 陸行之看好上半年晶圓代工強 但示警明年,7
2022/4/21,[新聞] IMF示警：中國經濟長期放緩 恐釀龐大外溢,15
2022/4/21,[請益] 現金為王還是垃圾在這個時間點怎麼看？,85
2022/4/21,[新聞] 長興：COVID-19抗原快篩試劑 估5月出貨,13
2022/4/21,[新聞] 郭哲榮：當染疫人數破百萬 台股會怎樣報,0
2022/4/21,Re: [心得] 曝險100%的情況下的比較,2
2022/4/21,[請益] sell in may and go away?,25
2022/4/21,Re: [請益] 台股現在是空頭嗎?,14
2022/4/21,[新聞] 投資Netflix三個月慘賠127億元 避險基金,64
2022/4/21,[標的] 鉅明 高爾夫球僮多,6
2022/4/21,[情報] 111年04月21日信用交易統計,37
2022/4/21,[標的] 1326.TW 台化 多,31
2022/4/21,"[新聞] 官股今年護盤1,707億 寫紀錄",58
2022/4/21,[新聞] 兒童疫苗打哪一款?李秉穎曝可以這樣選(高,99
2022/4/21,[新聞] 雖重申長期看好TSLA 方舟財報日選擇賣股,45
2022/4/21,[情報] 0421 上市櫃外資投信同買排行,2
2022/4/21,[新聞] 鼎基5月掛牌上市 去年EPS 4.55元,8
2022/4/21,[情報] 0421八大公股銀行買賣超排行,31
2022/4/21,[情報] 6464台數科開獎,4
2022/4/21,[心得] 曝險100%的情況下的比較,2
2022/4/21,[情報] 1451.tw年興開獎,27
2022/4/21,[情報] 3545敦泰處分慧洋股票,43
2022/4/21,[情報] 0421 上市櫃外資投信買超金額排行,2
2022/4/21,[新聞] 華德動能簽下85輛電動大巴訂單 今年營運,22
2022/4/21,[新聞] ASML微影機台於2021年銷售309台 拚2022年,19
2022/4/21,Re: [新聞] 傳各家產險將宣布 4-6月防疫保單都不算數,0
2022/4/21,Re: [新聞] 4到6月防疫保單不算數？ 金管會：已成立,4
2022/4/21,[新聞] 陽明Q2營運有壓，但Q3旺季仍可期,27
2022/4/21,[新聞] 業者：貨櫃航運價月底將強彈,36
2022/4/21,[情報] 2892第一金 股利1+0.2,80
2022/4/21,Re: [心得] 或許該畢業了,40
2022/4/21,[情報] 0421 上市外資買賣超排行,84
2022/4/21,[新聞] 特斯拉「不鏽鋼哨子」台灣1460元開賣！,90
2022/4/21,[新聞] 華航、長榮航 法人按讚,100
2022/4/21,Re: [心得] 或許該畢業了,41
2022/4/21,Re: [新聞] 電動巴士上路4天卡半路！鴻華強調：並非,4
2022/4/21,[新聞] 4到6月防疫保單不算數？ 金管會：已成立,19
2022/4/21,Re: [新聞] 傳各家產險將宣布 4-6月防疫保單都不算數,8
2022/4/21,[情報] 111年04月21日 櫃買法人買賣金額統計表,36
2022/4/21,[情報] 111年04月21日 三大法人買賣金額統計表,69
2022/4/21,[情報] 0421 上市投信買賣超排行,78
2022/4/21,[新聞] 亞系外資喊買4檔貨櫃航商、長榮進榜,38
2022/4/21,Re: [新聞] 傳各家產險將宣布 4-6月防疫保單都不算數,11
2022/4/21,[情報] 1788杏昌現金股利7元,14
2022/4/21,[標的] 東鹼惠光做多出清不買不賣,9
2022/4/21,[新聞] 保險公司豪賭防疫保單，全民恐承擔後果！,4
2022/4/21,Re: [心得] 或許該畢業了,85
2022/4/21,Re: [新聞] 傳各家產險將宣布 4-6月防疫保單都不算數,16
2022/4/21,[閒聊] 2022/04/21 盤後閒聊,42
2022/4/21,Re: [新聞] 傳各家產險將宣布 4-6月防疫保單都不算數,14
2022/4/21,Re: [心得] 或許該畢業了,12
2022/4/21,Re: [新聞] NETFLIX悲觀預測下季用戶流失上看200萬人,0
2022/4/21,[新聞] 傳各家產險將宣布 4-6月防疫保單都不算數,98
2022/4/21,[新聞] NETFLIX悲觀預測下季用戶流失上看200萬人,23
2022/4/21,Re: [心得] 或許該畢業了,100
2022/4/21,[請益] 美股選擇權賣方有被提前履約的可能嗎？,16
2022/4/21,[新聞] 獨／別囤快篩劑！月底1000萬劑抵台　最快,56
2022/4/21,[請益] 台企銀和其他金融股超級量縮,100
2022/4/21,[新聞] 昆山封控延長至5/1 衝擊當地台商企業,52
2022/4/21,[情報] 1785.TW 光洋科 Q1 EPS 0.63,12
2022/4/21,Re: [心得] 或許該畢業了,21
2022/4/21,[新聞] Netflix股價暴跌35% 市值蒸發500多億美元,63
2022/4/21,[新聞] 日月光攜宏璟建設合建中壢廠第二園區廠房,5
2022/4/21,[新聞] 陸封城 車用晶片大廠停擺 新唐有望迎轉單,27
2022/4/21,[新聞] Ackman出清NFLX,13
2022/4/21,[情報] AA.US 財報,4
2022/4/21,[新聞] 多重逆風 手機Q1出貨摔11%,18
2022/4/21,[閒聊] 2022/04/21盤中閒聊,100
2022/4/21,Re: [新聞] 特斯拉第一季度業績超預期 克服供應鏈和,10
2022/4/21,[新聞] 需求不妙 電視面板跌價擴大,91
2022/4/21,[新聞] Fed褐皮書：高通膨與地緣政治讓美國經濟,21
2022/4/21,[新聞] 特斯拉第一季度業績超預期 克服供應鏈和,55
2022/4/21,Re: [新聞] 台積電、台灣大、中信金、中華電...新手,16
2022/4/21,[標的] 6492 生華科 新冠藥物 獨家多,2
2022/4/21,[新聞] 台積電證實 擬補貼員工買自家股票,25
2022/4/21,Re: [心得] 或許該畢業了,100
2022/4/20,Re: [請益] 停損你們都怎麼設？,0
2022/4/20,[情報] 台積電解套天數,43
2022/4/20,[新聞] 游廼文 寶佳 投信炒遠百股票 沒人認炒股,13
2022/4/20,Re: [請益] 停損你們都怎麼設？,72
2022/4/20,[心得] 20220420 台股爛透聯盟,12
2022/4/20,[請益] 停損你們都怎麼設？,58
2022/4/20,[標的] FAANG 說真的尖牙股可以廢了吧?,64
2022/4/20,[新聞] 台積電為亞歷桑納州晶圓廠發行 35 億美元債券,26
2022/4/20,[情報] 0420 處置股票與注意股票統計分析,4
2022/4/20,Re: [心得] 或許該畢業了,100
2022/4/20,[新聞] 疫情效應退散 同業競爭激烈 分析師紛對Ne,9
2022/4/20,[新聞] 各國漸開放國境 觀光業者：台灣要做好搶,73
2022/4/20,[情報]3710連展投控決議現金增資發行,1
2022/4/20,[情報] 0420 上市櫃外資投信同買排行,4
2022/4/20,[心得] 或許該畢業了,100
2022/4/20,[情報] 111年04月20日信用交易統計,37
2022/4/20,[請益] 那種Line加的投資社團，是怎麼賺錢的？,33
2022/4/20,[新聞] 美最大退休金基金表態 支持巴菲特卸任董,13
2022/4/20,[新聞] 永豐台灣優選入息存股ETF00907即將募集,17
2022/4/20,[新聞] 萬海遭南韓公平會罰2.71億元,25
2022/4/20,[新聞] ABF產業成長可期 高盛上調景碩、欣興目標價,21
2022/4/20,[情報] 0420 上市櫃外資投信買超金額排行,5
2022/4/20,[情報] 4906正文 庫藏股,9
2022/4/20,[標的] 2449.tw 京元電子請益,38
2022/4/20,[新聞] 合庫人壽董座杜振遠:今年將加碼台股投資,8
2022/4/20,Re: [新聞] 台積電、台灣大、中信金、中華電...新手,12
2022/4/20,[標的] 防疫類股大家怎麼看x薯條加大,22
2022/4/20,[公告] 04/20 處置公告,10
2022/4/20,[新聞] 宏碁也爆1員工確診　辦公區域及公共場所,23
2022/4/20,[新聞] 南僑第1季獲利1.84億元 EPS 0.75元,22
2022/4/20,Re: [請益] 大家會跟朋友分享自己買什麼股票嗎,12
2022/4/20,[情報] 0420八大公股銀行買賣超排行,19
2022/4/20,[情報] 00881成分股納入力積電、信邦,43
2022/4/20,Re: [請益] 大家會跟朋友分享自己買什麼股票嗎,37
2022/4/20,[情報] 00900成分股審核結果,100
2022/4/20,Re: [新聞] 蔡英文：快篩試劑國外已買1億劑 每日,40
2022/4/20,[新聞] 蔡英文：快篩試劑國外已買1億劑 每日將進,99
2022/4/20,[創作]慢冷,12
2022/4/20,[情報] 0420上市外資買賣超排行,100
2022/4/20,[情報] 3260 威剛 股利5.5,12
2022/4/20,[情報] 2867三商壽Q1自結EPS -1.22元,61
2022/4/20,[請益] 這次烏俄戰爭能源是不是回不去了,68
2022/4/20,[情報] 6586 醣基 補充說明中央研究院基因體研究,10
2022/4/20,[情報] 111年04月20日 櫃買法人買賣金額統計表,49
2022/4/20,[標的] 3665 貿聯 多,9
2022/4/20,[情報] 111年04月20日 三大法人買賣金額統計表,67
2022/4/20,[情報] 0420 上市投信買賣超排行,99
2022/4/20,[新聞] 送藥到府 藥師憂藥荒,34
2022/4/20,[新聞] 亞洲美國線海運 又要漲價,50
2022/4/20,[新聞] 資金移轉潮投資策略/天然資源產品漲勢不,2
2022/4/20,[新聞] IMF：金融市場恐尚未完全反映美Fed升息,19
2022/4/20,[閒聊] 2022/04/20 盤後閒聊,78
2022/4/20,[心得] 1605華新主力戰法,42
2022/4/20,[新聞] 女股神旗艦基金自去年高點崩逾6成 今年,54
2022/4/20,[新聞] 電動車2022年預估2600萬輛上路，2030年,15
2022/4/20,[新聞] 不是兆豐金，現在存股我選這一檔！他存2,-10
2022/4/20,[新聞] 當沖大戶凱基哥也搶進華新 昨大買超過3.6,22
2022/4/20,[新聞] 中研院駁疫苗與翁啟惠有關 醣基210殺到94,8
2022/4/20,[新聞] 大摩:下半年需求堪憂 科技股抄底時機未到,70
2022/4/20,Re: [請益] 醣基暴跌？,11
2022/4/20,Re: [新聞] NFLX訂閱數首衰 擬對共用帳戶加錢,18
2022/4/20,[請益] 醣基暴跌？,42
2022/4/20,[新聞] 2022年創投融資AI晶片新創上看20億美元,9
2022/4/20,[新聞] 長興擁有抗體、抗原雙專案製造許可,9
2022/4/20,[請益] firstrade出金要預留多少金額？,8
2022/4/20,[標的] 5009 三次多,0
2022/4/20,[標的] 2610.TW 華航 觀光7月解封妹子打卡多,22
2022/4/20,[新聞] 《電腦設備》業外慘淡 光寶科首季EPS0.92,20
2022/4/20,[新聞] 四巨頭示警 電子斷鏈衝擊擴大,18
2022/4/20,[新聞] 大摩：通膨效益觸頂 美企第一季財測堪憂,8
2022/4/20,[新聞] 張錫：台股最壞已過快進場,7
2022/4/20,Re: [新聞] 台積電穩了！死敵3奈米良率慘況曝光 難,8
2022/4/20,[新聞] 台積電資深副總經理秦永沛贈妻2千張股票,36
2022/4/20,Re: [新聞] NFLX訂閱數首衰 擬對共用帳戶加錢,67
2022/4/20,[新聞] 友達：面板景氣循環 落空,68
2022/4/20,[閒聊] 2022/04/20盤中閒聊,100
2022/4/20,[新聞] 昆山蘇州復工PCB出運 外資喊買國巨,18
2022/4/20,Re: [請益] 短線當沖是否跟賭博沒有兩樣？！,7
2022/4/20,[新聞] 3家國銀在中國踩雷！爆6500萬美元違約,75
2022/4/20,Re: [新聞] 台積電穩了！死敵3奈米良率慘況曝光 難,6
2022/4/20,[新聞] NFLX訂閱數首衰 擬對共用帳戶加錢,98
2022/4/20,Re: [新聞] 台積電穩了！死敵3奈米良率慘況曝光 難,-10
2022/4/20,[標的] ATVI.us 巨龍崛起股價墜落空,0
2022/4/20,[標的] tsla.us 特斯拉 其實今年很強勢吧？,0
2022/4/20,[請益] 請問怎麼買TYO 任天堂股票,8
2022/4/19,Re: [新聞] 力保生產 蘇州昆山白名單出爐,24
2022/4/19,[心得] 20220419 台股爛透聯盟,18
2022/4/19,[新聞] 鋅銅恐複製妖鎳事件?回收商：不可能,8
2022/4/19,Re: [新聞] 台股17日恐將再度下殺 楊應超曝最壞情況,13
2022/4/19,[情報] imf最新預測今年台灣人均gdp超,100
2022/4/19,"[新聞] 財報季揭幕,美股開盤走高,公債殖利率新高",7
2022/4/19,[標的] 2330.TW 台積電內部是不是有點亂 請益,100
2022/4/19,[新聞] 快篩股暴漲還能追?郭哲榮:緊盯「它」操作,8
2022/4/19,[情報] 2888新光金公告現增發行GDR之發行條件,35
2022/4/19,Re: [請益] 台股現在是空頭嗎?,9
2022/4/19,[新聞] 電動巴士上路4天卡半路！鴻華強調：並非,41
2022/4/19,Re: [新聞] 普丁開戰創台積電買點? 楊應超:只要到600,12
2022/4/19,Re: [請益] 台股現在是空頭嗎?,15
2022/4/19,[新聞] 中國官媒曾力挺 連花清瘟遭質疑 股價連跌,13
2022/4/19,[情報] 111年04月19日信用交易統計,48
2022/4/19,[新聞] 從台積電與環球晶法說看半導體景氣仍暢旺,16
2022/4/19,[情報] 0419 上市櫃外資投信同買排行,11
2022/4/19,[心得] 隔日沖券商之我見,10
2022/4/19,[請益] Re: [新聞] 大買台股反向ETF 三商壽踩大雷,23
2022/4/19,[情報] 0419八大公股銀行買賣超排行,31
2022/4/19,[標的]  6807 TW 峰源-KY,12
2022/4/19,[請益] 2022存股/質借股推薦,58
2022/4/19,[請益] 同預算下，類似ETF間的選擇,5
2022/4/19,[情報] 1219福壽三月自結更正為EPS 0.29元,33
2022/4/19,[標的] 1605.TW 華新 高歌離席空,64
2022/4/19,[情報] 0419 上市櫃外資投信買超金額排行,12
2022/4/19,[新聞] 輕症在家「防疫保單」要賠！　金管會：比,67
2022/4/19,[新聞] 日圓貶破128關卡 美日財長將舉行雙邊會談,85
2022/4/19,[情報] 0419上市外資買賣超排行,81
2022/4/19,Re: [標的] 4908.TW 前鼎 多,3
2022/4/19,[標的] 3706.TW 神達 多,30
2022/4/19,[新聞] 台積電穩了！死敵3奈米良率慘況曝光 難,99
2022/4/19,[新聞] 大立光專利戰延伸…先進光告久禾光 求償,4
2022/4/19,[情報] 111年04月19日 櫃買法人買賣金額統計表,22
2022/4/19,Re: [請益] 快篩國家隊,15
2022/4/19,[新聞] 美國基礎設施法案有 650 億美元用於寬頻,15
2022/4/19,[標的] 太陽能的污染問題是不是被高估?,18
2022/4/19,Re: [請益] 快篩國家隊,23
2022/4/19,[情報] 111年04月19日 三大法人買賣金額統計表,81
2022/4/19,[情報] 0419 上市投信買賣超排行,66
2022/4/19,[新聞] 台股能進場了？張錫：最壞的狀況已過,57
2022/4/19,[新聞] 生華科開發新藥 無償供6間醫院使用,13
2022/4/19,[新聞] 外資兩手策略 學者：祭證交法第155條追查,22
2022/4/19,[閒聊] 2022/04/19 盤後閒聊,63
2022/4/19,Re: [新聞] 股東會紀念品爆抄襲 中鋼：已取得新,13
2022/4/19,[新聞] 台積電南科再生水廠2主管確診　全場快篩,19
2022/4/19,[新聞] 股東會紀念品爆抄襲 中鋼：已取得新型專利,56
2022/4/19,[標的] 4121優盛 血氧多,36
2022/4/19,[標的] 8478 東哥遊艇 多,12
2022/4/19,[新聞] 金管會拚解凍台股上兆活水,40
2022/4/19,[新聞] 大買台股反向ETF 三商壽踩大雷,26
2022/4/19,[新聞] 農林股東會紀念品大手筆 送電子鍋,50
2022/4/19,[新聞] Fed最鷹派決策委員：不能排除一口氣升3碼,74
2022/4/19,[新聞] 巧新2021年每股盈餘1.75元 配發2元股利,23
2022/4/19,[情報] 長華*完成處分長科(6548)普通股股票,12
2022/4/19,[情報]玉米期貨暴漲不止,81
2022/4/19,[閒聊] 2022/04/19盤中閒聊,100
2022/4/19,[新聞] 三星3奈米良率不到20％ 遠遠落後台積電,60
2022/4/19,[新聞] 大戶落跑 散戶向前衝,49
2022/4/19,[新聞] 台積電留才 首度補助員工買股,100
2022/4/19,[新聞] 馬斯克開唱Love Me Tender 發動公開收購,5
2022/4/19,Re: [新聞] WSJ：美民眾不再爆買 貨櫃航運下行趨勢,3
2022/4/19,[新聞] 高盛：未來2年美國經濟衰退機率為35%,28
2022/4/19,[請益] 99菜鳥,49
2022/4/19,[心得] 20220418 台股爛透聯盟,44
2022/4/19,[新聞] WSJ：美民眾不再爆買 貨櫃航運下行趨勢,50
2022/4/19,[新聞] 中國首季GDP成長率4.8% 低於全年目標,20
2022/4/18,[標的] TWTR.US,5
2022/4/18,[情報] 力積電獨立董事辭任暨董事變動達三分之ㄧ,43
2022/4/18,[新聞] 美股早盤漲跌互見 台指期夜盤漲逾百點,36
2022/4/18,[新聞] 上海復工白名單外商傳拒絕執行，原因復工,30
2022/4/18,[情報] 0418 處置股票與注意股票統計分析,2
2022/4/18,[新聞] 三星員工爆料：內部鬥爭與面子工程作祟,66
2022/4/18,[標的] 6242 立康.TW 進處置大膽多！,27
2022/4/18,Re: [標的] 2409 友達,99
2022/4/18,[新聞] 聯電股東會紀念品 角落小夥伴帆布包連2年,73
2022/4/18,"Re: [標的] 2409 友達 (進場110張,持續加碼)",23
2022/4/18,[新聞] 立委:金管會2014放寬外資出報告買賣條件,20
2022/4/18,[情報] 111年04月18日信用交易統計,30
2022/4/18,[標的] AMD.US 超跌絆倒體高點腰斬後 多,41
2022/4/18,[新聞] 重蹈新光覆轍 三商壽投資虧損原因曝光,63
2022/4/18,[新聞] 上海企業復工困難多 業界：閉環生產不現,18
2022/4/18,[新聞] 外資上週賣超555億 調節聯電逾11萬張最多,30
2022/4/18,Re: [請益] 金融股 該停損嗎,36
2022/4/18,Re: [標的] 6242 立康.TW 多,4
2022/4/18,[新聞] 生醫股hi翻天 10多檔飆漲停,47
2022/4/18,[標的] 1720.TW 生達 長期多,5
2022/4/18,Re: [情報] 0418八大公股銀行買賣超排行,15
2022/4/18,[新聞] 戰爭影響Q2接單放緩 工具機公會：今年拚成長要皮繃緊點,14
2022/4/18,[情報] 0418 上市櫃外資投信同買排行,11
2022/4/18,[新聞] 力保生產 蘇州昆山白名單出爐,25
2022/4/18,[情報] 0418八大公股銀行買賣超排行,26
2022/4/18,[新聞] 運費下跌，貨櫃超級大多頭結束，高物價,89
2022/4/18,[情報] 0418 上市櫃外資投信買超金額排行,4
2022/4/18,[新聞] 新光金、台新金合併研究 明攻防,45
2022/4/18,[情報] 6026福邦證現金股利1.28元 股票股利2元,52
2022/4/18,[心得] 盤後快速篩出股票方法,26
2022/4/18,[新聞] 第1季股票交易 大戶人數創近五季新低,30
2022/4/18,[情報] 商之器 (8409) 二月-0.20,44
2022/4/18,[標的]1616 億泰 多,9
2022/4/18,[情報] 111年04月18日 櫃買法人買賣金額統計表,14
2022/4/18,[情報] 3682亞太電法人董事辭任,4
2022/4/18,[標的] 開發金礦多,74
2022/4/18,[公告] 04/18 處置公告,17
2022/4/18,[新聞] 感謝復活節漲潮！長程輪脫困了 美版大排,10
2022/4/18,[情報] 0418上市外資買賣超排行,83
2022/4/18,[新聞] 新股抽籤預繳凍結台股上兆元資金 金管會,12
2022/4/18,[情報] 1529樂士 董事解任,29
2022/4/18,[情報] 111年04月18日 三大法人買賣金額統計表,100
2022/4/18,[情報] 0418 上市投信買賣超排行,63
2022/4/18,Re: [請益] 成交量,44
2022/4/18,[請益] 成交量,78
2022/4/18,[新聞] 外匯存底買股票 央行搖頭,68
2022/4/18,[閒聊] 2022/04/18 盤後閒聊,30
2022/4/18,[標的] 6469. TW 大樹 疫情多,27
2022/4/18,Re: [標的] 東鹼 惠光多,20
2022/4/18,[新聞] 看好特斯拉自駕出租車 女股神喊出新天價,32
2022/4/18,[新聞] 法人估貨櫃三雄首季EPS再創新高,71
2022/4/18,Re: [標的］友達 空,53
2022/4/18,Re: [新聞] 快訊／中鋼股東會紀念品出爐,15
2022/4/18,Re: [標的] 8905裕國 冷凍牛肉多,22
2022/4/18,[新聞] 股匯齊挫摜破29.2元關卡 再創逾一,81
2022/4/18,[新聞] 陳時中：家用快篩實名制盼5月上路 國產每,54
2022/4/18,[新聞] 台股失守萬七 黃天牧：我不是信心喊話,27
2022/4/18,Re: [新聞] 謝金河：買合庫金投報率比台積電好,18
2022/4/18,[新聞] 美時癌症生物類似藥取得台灣藥證,11
2022/4/18,Re: [標的] 2618 長榮航 搶票多,47
2022/4/18,Re: [標的] 南紡 1440 棉花多,23
2022/4/18,[新聞] 快訊／中鋼股東會紀念品出爐,100
2022/4/18,[閒聊] 2022/04/18 盤中閒聊,100
2022/4/18,[新聞] 太陽能台廠訂單看到下半年,25
2022/4/18,[新聞] 金融股還能買嗎？低股淨比拉回為介入良機,30
2022/4/18,[新聞] 台積電Q1三率三升優預期 每股大賺7.82元,52
2022/4/18,Re: [新聞] 美國前財長桑默斯：美國經濟衰退的機,27
2022/4/18,[新聞] 巴菲特大舉買進1檔股！謝金河預測：台股,8
2022/4/18,[新聞] 上海公布復工名單 台積電：松江廠沒停工,26
2022/4/17,[新聞] 廣西空難後東航曾下令停飛　波音737-800,3
2022/4/17,[新聞] 黃天牧：台灣資本市場非吳下阿蒙,63
2022/4/17,[新聞] 陸手機高端化卡關 戰火重回中端市場,5
2022/4/17,[新聞] 高盛炒股，連虧三個季度！,32
2022/4/17,[新聞] 台股擂台/挑戰者「股市永勝」王文良 本周,21
2022/4/17,[新聞] 國際三大利空罩頂不散 多空萬七關卡交鋒,27
2022/4/17,[新聞] 美國前財長桑默斯：美國經濟衰退的機率,26
2022/4/17,Re: [心得] 借貸/質押/信貸投資分享,7
2022/4/17,[新聞] HPC需求迎高成長 供應鏈營運看旺,39
2022/4/17,[請益] 論風險及報酬買VTI是否優於0050?,82
2022/4/17,Re: [請益] 大戶持股比例增減計算日,12
2022/4/17,[新聞] 南韓成熟製程光阻劑短缺，庫存量已低於 3,15
2022/4/17,[新聞] 俄企被下令「從海外市場退市」！,72
2022/4/17,[創作] re 阿門,0
2022/4/17,Re: [請益] 快篩國家隊,15
2022/4/17,Re: [新聞] 俄羅斯要發展半導體技術自救 年底前,15
2022/4/17,[標的] 1210.TW 大成 本土確診數量 多,32
2022/4/17,[新聞] 美西陷入缺水危機,39
2022/4/17,[新聞] 基金觀點/錢進黃豆ETF 盯三指標,4
2022/4/17,[新聞] 北京不救！斯里蘭卡債務危機炸開 下周關,77
2022/4/17,[新聞] 俄羅斯要發展半導體技術自救 年底前推90,100
2022/4/17,[請益] 大戶持股比例增減計算日,29
2022/4/17,[新聞] 半導體短空長多 投信：逢低布局好時機,99
2022/4/17,[請益] 關於道瓊工業指數的算法,27
2022/4/17,[新聞] 人人自危！除了快篩試劑難求 藥師曝這類,51
2022/4/17,[新聞] 電動車電池夯 美要求韓國兩企業給機密,5
2022/4/17,Re: [請益] 台股現在是空頭嗎?,43
2022/4/17,[新聞] 台股擂台 郭哲榮本周押寶瑞基、寶齡,76
2022/4/17,[新聞] 台積電基本面佳外資卻賣不停 法人揭關鍵,35
2022/4/16,[新聞]晶圓代工產能是否會供過於求？,28
2022/4/16,Re: [請益] 台股現在是空頭嗎?,23
2022/4/16,[新聞] 陸設白名單 優先保障上海重點企業復工,62
2022/4/16,Re: [請益] 台股現在是空頭嗎?,15
2022/4/16,[創作] 台北的天空,7
2022/4/16,[新聞] 91歲巴菲特罕見露面！邊喝可口可樂邊受訪,97
2022/4/16,Re: [情報] 富邦金 2021年淨利 年增 60.14%,37
2022/4/16,[新聞] 宏盛電線董座登報控訴台企銀　「沒血沒淚,99
2022/4/16,Re: [請益] 持有現金真的那麼罪惡嗎？,59
2022/4/16,[新聞] 不准再翻牆？騰訊終止聯外VPN 中國遊戲,70
2022/4/16,[新聞] 鄭州富士康交通管控14天恐影響蘋果供應鏈,14
2022/4/16,[新聞] 台積電防疫升級 訪客須提供24小時內快篩,30
2022/4/16,Re: [請益] 台股現在是空頭嗎?,51
2022/4/16,Re: [請益] 台股現在是空頭嗎?,42
2022/4/16,[標的] 8341 日友 順應環境多,11
2022/4/16,Re: [請益] 台股現在是空頭嗎,7
2022/4/16,Re: [新聞] 富邦旗下ETF 20日除息 富邦科技ETF配,1
2022/4/16,Re: [請益] 台股現在是空頭嗎?,22
2022/4/16,[新聞]陽明5艘1.5萬箱貨櫃船決定造LNG雙燃料船,33
2022/4/16,Re: [請益] 台股現在是空頭嗎?,3
2022/4/16,Re: [請益] 台股現在是空頭嗎?,10
2022/4/16,Re: [請益] 台股現在是空頭嗎?,15
2022/4/16,Re: [新聞] 金管會要開罰了！9家外資看多卻大賣台積,10
2022/4/16,[請益] 台股現在是空頭嗎?,99
2022/4/16,[新聞] 蘇州宣布封控 所有社區 城中村封閉式管理,100
2022/4/16,Re: [新聞] 金管會要開罰了！9家外資看多卻大賣台積,9
2022/4/16,[新聞] 高殖利率不只航海王！18檔殖利率衝破10%,36
2022/4/16,[新聞] 第一金股利 法人估1.3元,31
2022/4/16,[新聞] 二十四節氣選股術 對的時間買對的股票 最賺！,46
2022/4/16,[新聞] 今年3檔ETF申請清算 還有4檔有下市危機！,44
2022/4/16,Re: [請益] 台灣公債是不是倒掛了？,2
2022/4/16,[標的] Lucid Group美國電動車 長期多 上看500元,11
2022/4/16,[新聞] 台積法說失靈 外資報告照挺,57
2022/4/16,[新聞] 買股「小賺大賠」輸光2年積蓄 他勸世：,27
2022/4/16,[請益] 台灣公債是不是倒掛了？,22
2022/4/16,Re: [心得] 今年賠錢的人很多嗎？,45
2022/4/16,[標的] 1760.TW 寶齡富錦 多,20
2022/4/16,Re: [心得] 今年賠錢的人很多嗎？,7
2022/4/16,Re: [心得] 今年賠錢的人很多嗎？,21
2022/4/16,Re: [心得] 今年賠錢的人很多嗎？,100
2022/4/16,[標的] 大盤  空,52
2022/4/16,Re: [心得] 今年賠錢的人很多嗎？,1
2022/4/16,[情報] 6486.TW 互動 開獎,4
2022/4/16,[情報] 推特董事會通過毒丸防禦,100
2022/4/16,Re: [新聞] 泰博宣布快篩試劑三階段降價 5月底降至17,3
2022/4/16,[心得] 技術分析到底有沒有用？試了就知道！,50
2022/4/16,[請益] 盤後資料的「主力進出」…,35
2022/4/15,[新聞] 中環:公告本公司取得有價證券,19
2022/4/15,[新聞] 合併時程重點整理｜以太坊開發者：非六,12
2022/4/15,[新聞] 電子股超跌能撿？郭哲榮曝浴火重生時間,25
2022/4/15,Re: [心得] 台積電停損畢業文,89
2022/4/15,Re: [新聞] 泰博宣布快篩試劑三階段降價 5月底降,27
2022/4/15,[新聞] 迎戰通膨 首檔金傳存股ETF准募 首創雙月,30
2022/4/15,Re: [心得] 台積電停損畢業文,77
2022/4/15,[請益] 如何知道該年會發放股票股利？,9
2022/4/15,[情報] 111年04月15日信用交易統計,35
2022/4/15,Re: [新聞] 27.5元→3.5元 長榮國際股利砍到見骨,56
2022/4/15,[新聞] 泰博宣布快篩試劑三階段降價 5月底降至17,54
2022/4/15,[標的] 2618 長榮航 搶票多,27
2022/4/15,[情報] 0415 上市櫃外資投信同買排行,5
2022/4/15,[標的] 1802.TW 台玻 短多長空,13
2022/4/15,[心得] 炒短線心得,11
2022/4/15,[情報] 1605華新3月自結0.59 Q1自結1.11,31
2022/4/15,[標的] 1605華新 綠電吹牛空,43
2022/4/15,[新聞] 疫情時期榮景結束 美大型銀行首季獲利衰,31
2022/4/15,[情報] 中國央行下調金融機構存款準備金率,35
2022/4/15,[情報] 0415八大公股銀行買賣超排行,40
2022/4/15,[心得] 當沖賺便當x華新中興電給飯x薯條加大,26
2022/4/15,[情報] 0415 上市櫃外資投信買超金額排行,9
2022/4/15,[新聞] 沒有要卸下波克夏執行長身分 巴菲特自曝,16
2022/4/15,[情報] 3558神準外籍員工確診新冠肺炎重訊,33
2022/4/15,[新聞] 27.5元→3.5元 長榮國際股利砍到見骨,62
2022/4/15,Re: [心得] 台積電停損畢業文,75
2022/4/15,[心得] 20220415 台股爛透聯盟,100
2022/4/15,[標的] 1909 榮成 火箭多,12
2022/4/15,Re: [標的] 6508惠光,7
2022/4/15,Re: [新聞] 台積電法說穩中帶強 高盛上調目標價860元,41
2022/4/15,Re: [請益] 快篩國家隊,43
2022/4/15,[新聞]現金殖利率10%今天漲停 6015宏遠證如何？,25
2022/4/15,[情報] 0415上市外資買賣超排行,74
2022/4/15,Re: [請益] 股市小白每天要花多少時間看新聞？,1
2022/4/15,Re: [標的] 到現在多軍只有我套牢？持股請益,20
2022/4/15,[新聞] 台積電輸了！國巨董事去年酬金領近1億,12
2022/4/15,Re: [標的] 樂意 7584 多,5
2022/4/15,[情報] 111年04月15日 櫃買法人買賣金額統計表,30
2022/4/15,[情報] 0415 SCFI指數4228.65（-35.01）-0.82%,23
2022/4/15,Re: [標的] 2610 華航 線仙多,48
2022/4/15,[新聞] 簽了可獲補助，台積電傳 4/19 和日本菊,26
2022/4/15,[情報] 111年04月15日 三大法人買賣金額統計表,85
2022/4/15,[情報] 0415 上市投信買賣超排行,57
2022/4/15,[新聞] 中鋼5月盤價出爐 平均漲幅2.95%,33
2022/4/15,[情報] 8422 Tw.可寧衛 開獎,6
2022/4/15,Re: [心得] 其實空頭已經開始了吧,53
2022/4/15,[閒聊] 2022/04/15 盤後閒聊,80
2022/4/15,[情報] 6147.tw 頎邦 開獎,73
2022/4/15,Re: [請益] 金融股 該停損嗎,30
2022/4/15,[請益] 金融股 該停損嗎,63
2022/4/15,[新聞] 雙月配息！首檔金傳存股ETF准募,21
2022/4/15,[新聞] 小K和弟弟派有密約？長榮國際董事會「百,26
2022/4/15,Re: [新聞] 台積電、台灣大、中信金、中華電...新手,11
2022/4/15,[新聞] 台積電董座劉德音及總裁魏哲家去年年薪4,68
2022/4/15,[標的] 8905裕國 冷凍牛肉多,14
2022/4/15,[新聞] 台灣大首次表態：反對亞太電與遠傳合併,33
2022/4/15,[新聞] 台積電、台灣大、中信金、中華電...新手,18
2022/4/15,"[新聞]2021年國巨董事平均薪酬9,195萬元稱冠",31
2022/4/15,[新聞] 利用程式設計引誘消費者逛錯街 公平會,34
2022/4/15,[新聞] 「楠梓產業園區」環評過關 台積電高雄廠,79
2022/4/15,[新聞] 馬斯克收購手法偷師「股神巴菲特」結果可,31
2022/4/15,[標的] 3036 文曄 空,14
2022/4/15,[新聞] 智擎胰臟癌新藥，傳中國已完成審批，近期藥證有望到手,22
2022/4/15,Re: [標的] 還在期待台積電法說的是太天真還怎樣?,0
2022/4/15,[新聞] 生華科新冠藥實驗證實可抗Omicron變異株,27
2022/4/15,[閒聊] 2022/04/15 盤中閒聊,100
2022/4/15,Re: [標的] 元大油反一00673R 等WTI反彈多,20
2022/4/15,[新聞] 大股東拒絕馬斯克收購 推特盤中股價閃崩,15
2022/4/15,[新聞] 權王法說報喜 台股拚返年線,68
2022/4/15,[新聞] 長榮分家大戰開打！大哥提解散2家族企業,75
2022/4/15,Re: [情報] 馬斯克提出現金收購推特,8
2022/4/15,Re: [新聞] 台積電法說穩中帶強 高盛上調目標價860元,24
2022/4/15,Re: [情報] 馬斯克提出現金收購推特,0
2022/4/15,[標的] NVDA AMD TSM(台積)討論,14
2022/4/15,[新聞] 台積電法說穩中帶強 高盛上調目標價860元,100
2022/4/14,[新聞] 歐洲央行維持利率不變 持續加速退出購債,9
2022/4/14,[創作] 領悟,23
2022/4/14,Re: [新聞] 中油首季吸收天然氣517億元 4月恐虧逾半,63
2022/4/14,Re: [心得] 宏碁分配股利偏低的真相,9
2022/4/14,[新聞] 美國人迫不及待出遊 飛機票價大漲,31
2022/4/14,Re: [情報] 馬斯克提出現金收購推特,2
2022/4/14,[新聞] 群創竹南廠驚傳女員工墜樓　公司證實：送,33
2022/4/14,[新聞] 台積電法說會 六重點一次看,32
2022/4/14,[情報] 0414 處置股票與注意股票統計分析,1
2022/4/14,Re: [標的] 2330 台積電 空方加碼,4
2022/4/14,[新聞] 紐約Fed行長：在5月升息50個基點是「非常,71
2022/4/14,Re: [標的] NTR.US 用力多,7
2022/4/14,Re: [情報] 馬斯克提出現金收購推特,36
2022/4/14,"[新聞] 美三月零售數據增,進口物價觸11年新高",1
2022/4/14,[標的] 2330 / TSM -2.5% 出貨中？,68
2022/4/14,[情報] 111年04月14日信用交易統計,58
2022/4/14,[新聞] 不看好社交媒體股，木頭姐繼續拋售推特,12
2022/4/14,Re: [請益] 今天金融股在跌什麼？,18
2022/4/14,[標的] 2330 台積電 空方加碼,51
2022/4/14,[公告] 04/14 處置公告,7
2022/4/14,Re: [新聞] 郭哲榮：長榮及長榮航差一個字 果真差很大,72
2022/4/14,Re: [請益] 今天金融股在跌什麼？,8
2022/4/14,[情報] 杰力第一季合併獲利1.98億元，每股稅後5,7
2022/4/14,[新聞] 郭哲榮：長榮及長榮航差一個字 果真差很大,19
2022/4/14,Re: [標的] 1536 和大 多,0
2022/4/14,[新聞] 奢侈品依舊搶手 愛馬仕Q1銷售優預期,19
2022/4/14,[新聞] 俄羅斯違約風暴來襲？6壽險尚未收到4月俄債息,62
2022/4/14,Fw: [新聞] 馬士基海空通吃 成立航空貨運公司,13
2022/4/14,Re: [請益] 今天金融股在跌什麼？,18
2022/4/14,[新聞] 指揮中心公布疫苗突破率高端疫苗打氣大增,83
2022/4/14,Re: [請益] 今天金融股在跌什麼？,50
2022/4/14,[情報] 馬斯克提出現金收購推特,100
2022/4/14,[情報] 0414八大公股銀行買賣超排行,34
2022/4/14,[情報] 0414 上市櫃外資投信同買排行,4
2022/4/14,[新聞] 大陸穩經濟 李克強預告降準,10
2022/4/14,[新聞] 〈大立光法說〉林恩平：Q2產品結構與上季,86
2022/4/14,[標的] 3008.TW 大立光 利空出盡搶短多,17
2022/4/14,[情報] 0414 上市櫃外資投信買超金額排行,11
2022/4/14,[新聞] 兆豐金：股利政策不會讓投資人失望,89
2022/4/14,[情報] 寶齡富錦(1760)公告三月自結,29
2022/4/14,[新聞] 中部輪胎及汽車零組件大廠 延長旗下大陸,6
2022/4/14,[新聞] 國際小麥供應吃緊 首爾一碗刀切面漲破40,23
2022/4/14,[情報] 6015.tw宏遠證 開獎,30
2022/4/14,[新聞] 台股拉回就是買點！群益投信：第 2 季掌,5
2022/4/14,[活動] 第一季股票或商品期貨之操作心得,31
2022/4/14,[請益] 現在美股大盤的位置是不是很適合開始存股,17
2022/4/14,[情報] 0414上市外資買賣超排行,100
2022/4/14,[新聞] 全球第三大鈀金製造商：供不應求恐持續多,18
2022/4/14,[情報] 111年04月14日 櫃買法人買賣金額統計表,29
2022/4/14,[新聞] 健喬報喜 肝癌學名藥獲一年銷售專屬期,19
2022/4/14,[情報] 3545 敦泰買回股份之金額達新台幣三億元以上,29
2022/4/14,[新聞] 魏哲家：台積電今年產能吃緊 不會有降價,79
2022/4/14,[情報] 2303 聯電 召開2022年第一季法人說明會,100
2022/4/14,[新聞] 大立光Q1每股純益41.3元 為五季來高點,43
2022/4/14,[情報] 0414 上市投信買賣超排行,47
2022/4/14,[情報] 111年04月14日 三大法人買賣金額統計表ht,51
2022/4/14,[新聞] 全球升息潮 一次升2碼成新常態？,23
2022/4/14,[新聞] 楊金龍向升息say no 金融股洩氣,62
2022/4/14,[新聞] 魏哲家：台積電2奈米維持目標2025年量產,19
2022/4/14,Re: [情報] 【完整公開】台積電Q1線上法說會 釋半導,53
2022/4/14,[新聞] 雷虎進攻軍用無人機,14
2022/4/14,[創作]鳳凰飛走了 進來一堆機,3
2022/4/14,[閒聊] 2022/04/14 盤後閒聊,45
2022/4/14,[情報] 【完整公開】台積電Q1線上法說會 釋半導,98
2022/4/14,[情報] 2330台積電 Q1 EPS 7.82,100
2022/4/14,[新聞] 供應鏈兵荒馬亂 潘健成喊話：群聯沒在怕,12
2022/4/14,[標的] 4736泰博 短多,25
2022/4/14,Re: [新聞] 隔離人數激增「防疫保單」今年已理賠1.26,9
2022/4/14,[新聞] 快篩試劑14日起徵用 目標每月4000萬劑,84
2022/4/14,[新聞] 高盛首選台積電、南電、國巨、聯發科,40
2022/4/14,Re: [標的] 2542 興富發.TW 多,13
2022/4/14,[標的] 業旺1475算妖嗎？討論,6
2022/4/14,[新聞] 打擊通膨！南韓升息1碼、新加坡連三度緊,83
2022/4/14,[標的] 8403 盛弘 多,6
2022/4/14,[新聞] 封膠樹酯、導線架供不應求 長華＊、長科,15
2022/4/14,[新聞] 比長賜輪卡船難救！長榮「長程輪」擱淺,21
2022/4/14,[新聞] 外資報告》大摩喊買合晶 目標價83元,34
2022/4/14,[新聞] 李克強：適時降準救經濟,32
2022/4/14,[新聞] SEMI：全球8吋晶圓廠產能預估大增21%、,37
2022/4/14,Re: [標的] 2542 興富發.TW 多,21
2022/4/14,[閒聊] 2022/04/14盤中閒聊,100
2022/4/14,[新聞] 亞馬遜加收燃料通膨附加費 美國賣家FBA,10
2022/4/14,[新聞] 隔離人數激增「防疫保單」今年已理賠1.26,12
2022/4/14,[標的] 美股特斯拉 長期多 未來上看5萬美元,27
2022/4/14,Re: [新聞] 確診狂飆防疫險被瘋搶！和泰高理賠防疫險,10
2022/4/14,[新聞] 美PPI較一年前漲11.2% 創最大漲幅,20
2022/4/14,[情報] 1529樂士 獨董 審計委員 薪酬委員 辭職,24
2022/4/13,[新聞] 對抗高通膨 加拿大央行一口氣升息2碼,41
2022/4/13,[新聞] 投信:台股P/E低於10年平均 已跌出好買點,45
2022/4/13,[新聞] 確診狂飆防疫險被瘋搶！和泰高理賠防疫險,100
2022/4/13,[新聞] 冠軍3月營收達3.09億元年增33％,20
2022/4/13,[新聞] 力積電法說後 外資一理由狂降目標價,29
2022/4/13,[情報] 0413 處置股票與注意股票統計分析,4
2022/4/13,[新聞] 中油首季吸收天然氣517億元 4月恐虧逾半,100
2022/4/13,[新聞] 俄烏情勢張加通膨增溫 油金後市仍不看淡,12
2022/4/13,[情報] 111年04月13日信用交易統計,57
2022/4/13,[情報] 0413 上市櫃外資投信同買排行,7
2022/4/13,[新聞] 欣興停工影響輕 外資續給高目標價,31
2022/4/13,[情報] 達美航空Q1營收較2019降11% 預計Q2運力增,6
2022/4/13,[新聞] 斯里蘭卡正式宣布「所有外債均無法償還」,100
2022/4/13,[情報] 摩根大通 淨營收/淨利潤同比-5% / -42%,17
2022/4/13,[情報] 0413 上市櫃外資投信買超金額排行,3
2022/4/13,[請益] 機構會看空自己或同業嗎?,5
2022/4/13,[心得] 宏碁分配股利偏低的真相,49
2022/4/13,[情報] 瑞士批准使用Novavax,26
2022/4/13,[新聞] 長榮、陽明美國線5月換約 傳長約價翻倍,76
2022/4/13,[新聞] 震撼！張國煒重返長榮集團　將接任立榮,39
2022/4/13,[新聞] 台積電能回到合理價位？陸行之洩時間點,33
2022/4/13,[標的] 大盤 多蛙受難多,35
2022/4/13,[情報] 0413八大公股銀行買賣超排行,48
2022/4/13,[新聞] 5-11歲兒童劑型疫苗快有了 陳時中：四方,82
2022/4/13,[新聞] 護國神艦挺神山 萬海砸3億買台積電,42
2022/4/13,[標的] 1717.TW 長興 或許要參加股東會多,19
2022/4/13,[新聞] 回鍋長榮集團?立榮明選董座張國煒呼聲高,63
2022/4/13,[新聞] 推特小股東股票虧了350美元起訴馬斯克：,20
2022/4/13,[新聞] 靜默期一延再延 70家台商再停工至4/19,43
2022/4/13,[新聞] 亞太電 找來周永明XRSPACE攻元宇宙,0
2022/4/13,[新聞] 快篩供應商「泰博」憂大量徵收現「黑市」,21
2022/4/13,[標的] 2618.TW 長榮航 長榮航接下來走向,42
2022/4/13,[標的] 2610 華航 線仙多,100
2022/4/13,[情報] 0413上市外資買賣超排行,100
2022/4/13,[標的] 6719力智 多,43
2022/4/13,[新聞] NEC利用AI技術開發長效型新冠疫苗,14
2022/4/13,[情報] 111年04月13日 櫃買法人買賣金額統計表,34
2022/4/13,[新聞] 營收、殖利率雙優勢 這幾檔鋼鐵人又沖天,55
2022/4/13,[創作] 市上只有大哥好,9
2022/4/13,[情報] 2548.tw 華固開獎,11
2022/4/13,[情報] 111年04月13日 三大法人買賣金額統計表,100
2022/4/13,[情報] 0413 上市投信買賣超排行,100
2022/4/13,[新聞] 全球通膨同步飆升 亞洲央行加入升息浪潮,18
2022/4/13,[情報] 3036 文曄 本公司收購世健科技股份說明會,18
2022/4/13,Re: [情報] 2841台開 公告本公司退票事宜,4
2022/4/13,Re: [新聞] 35萬股民安啦！台泥今年股利不如預期,28
2022/4/13,Re: [標的] 9917.TW 中保科,7
2022/4/13,[閒聊] 2022/04/13 盤後閒聊,72
2022/4/13,Re: [標的] 台積電畢業文,42
2022/4/13,Re: [新聞] 央行是否緊跟美國升息？ 楊金龍明確說「,94
2022/4/13,[新聞] 傳台積電首季毛利率衝破55% 單季接近8元,100
2022/4/13,Re: [請益] 美股小跌作收，台股大漲？,2
2022/4/13,[新聞] 高端腸病毒疫苗三期臨床結果 獲國際期刊,77
2022/4/13,[新聞] 法國新聞二則,8
2022/4/13,[新聞] 央行是否緊跟美國升息？ 楊金龍明確說「,100
2022/4/13,Re: [請益] 美股小跌作收，台股大漲？,5
2022/4/13,Re: [請益] 美股小跌作收，台股大漲？,1
2022/4/13,Re: [請益] 美股小跌作收，台股大漲？,0
2022/4/13,[新聞] 大陸上海等8城市 放寬入境隔離管控,31
2022/4/13,[請益] 美股小跌作收，台股大漲？,78
2022/4/13,[新聞] 出貨下修 聯發科目標價遭砍,48
2022/4/13,[新聞] 利空影響 晶焱謹慎看下半年,10
2022/4/13,[標的] 2610 華航 2618 長榮航 報復性出國多,-10
2022/4/13,Re: [新聞] 金管會主委:台股基本面良好 為何要那麼,10
2022/4/13,[新聞] 金管會：台股有五大利多,9
2022/4/13,[新聞] 杏國擬減資近57%，彌補累虧及改善財務結,17
2022/4/13,[新聞] 文曄暫停交易 傳進行併購,22
2022/4/13,[新聞] 金管會主委:台股基本面良好 為何要那麼,9
2022/4/13,[新聞] 一表看今年吸睛股東紀念品 開發金送故宮碗,100
2022/4/13,[閒聊] 2022/04/13 盤中閒聊,100
2022/4/13,[新聞] 扛住疫情壓力 奢侈品巨頭LVMH一季度收入,35
2022/4/13,[標的] 存股台積代號2330,31
2022/4/13,[新聞] 美銀：拋售過度 予以NVDA買入評級,28
2022/4/13,[新聞] 長榮鋼經營權之爭 弟弟派出手 長榮國際,17
2022/4/13,Re: [標的] 台積電畢業文,39
2022/4/12,[新聞] 防不了！傳廣州也將封城,100
2022/4/12,[新聞] 美國3月通膨超乎預期 美股早盤開高 道指,10
2022/4/12,Re: [請益] 大家認為台積電的合理價應該是多少？,10
2022/4/12,[新聞] 瑞幸宣布完成債務重組 CEO稱全新開始,10
2022/4/12,Re: [標的] 台積電畢業文,0
2022/4/12,[標的] 4736泰博 快篩趨勢正要開始,47
2022/4/12,[情報] 精誠6214股利開獎,1
2022/4/12,[新聞] 前康友千金 欲籌200萬換出境遭駁,42
2022/4/12,[新聞] 美3月CPI年增續創40年新高但市場料通膨,55
2022/4/12,[創作] 持股持股 崩崩(投資咖孔明 OP),37
2022/4/12,[新聞] 華航、長榮航 繳營收雙增佳績,17
2022/4/12,[情報] 0412 處置股票與注意股票統計分析,0
2022/4/12,[新聞] 聯電、台積暴跌 郭哲榮曝「樂透」級買點,58
2022/4/12,[新聞] 馬桶要230萬？藍委批國造潛艦包商「離譜,68
2022/4/12,[情報] 111年04月12日信用交易統計,44
2022/4/12,[新聞] 采鈺暫訂初次上市現金增資 每股375元,9
2022/4/12,[新聞] 美國3月CPI年增8.5% 續創40年新高,95
2022/4/12,[標的] 力積電 多,25
2022/4/12,[創作] 幹O娘沖爆,26
2022/4/12,Re: [心得] 大盤.,6
2022/4/12,[新聞] 花旗分析師：蘋果將提高股票回購規模與現,0
2022/4/12,[新聞] 力積電：部分成熟製程產能鬆動 但至第3季,33
2022/4/12,[新聞] 美國CPI前瞻:會否打開加息75基點的大門?,28
2022/4/12,[新聞] 半導體短缺的關鍵影響因素不斷改變，2023,3
2022/4/12,[情報] 4736泰博自結2月EPS 2.21元,64
2022/4/12,[請益] 所以跌落神壇 = 景氣循環股嗎？,42
2022/4/12,[公告] 04/12 處置公告,9
2022/4/12,[情報] 0412八大公股銀行買賣超排行,36
2022/4/12,[新聞] 台積電畢業文狂發 行情將反轉？專家： 靜,-10
2022/4/12,[新聞] 35萬股民安啦！台泥今年股利不如預期,35
2022/4/12,[創作] 一場遊戲一場夢,39
2022/4/12,[情報] 0412 上市櫃外資投信同買排行,9
2022/4/12,[標的] 東鹼 惠光多,31
2022/4/12,[情報] 0412 上市櫃外資投信買超金額排行,8
2022/4/12,[情報] 3491昇達科 111/02 0.18,11
2022/4/12,[情報] 國際中橡股利開獎,39
2022/4/12,[情報] 8440綠電 監察人解任,11
2022/4/12,[新聞] 史上首次！國泰世華銀ATM出包禁增設,8
2022/4/12,[新聞] 特斯拉人形機器人Optimus能在2023年順利,35
2022/4/12,[新聞] 力積電第Q1毛利率飆達51％ 快追上台積電,42
2022/4/12,[標的] 聯電2303 大戶主力出逃 應逃空,18
2022/4/12,Re: [情報] 0412上市外資買賣超排行,80
2022/4/12,[新聞] 晶片生產設備交貨延遲到18個月以上 台積,62
2022/4/12,[情報] 2615萬海取得台積電股票,100
2022/4/12,[情報] 0412上市外資買賣超排行,100
2022/4/12,[情報] 4148 全宇生技-KY 3月自結 0.68,3
2022/4/12,[新聞] 林奇芬：資金退潮期，哪些ETF可逆勢上漲,8
2022/4/12,[請益] 存股一般都是存多久為目標呢？？,100
2022/4/12,[標的] 還在期待台積電法說的是太天真還怎樣?,80
2022/4/12,[標的] 台積電畢業文,100
2022/4/12,[情報] 111年04月12日 櫃買法人買賣金額統計表,27
2022/4/12,Re: [心得] 台積電讓我在台股正式畢業了,0
2022/4/12,Re: [心得] 台積電讓我在台股正式畢業了,14
2022/4/12,[心得] 台積畢業文,29
2022/4/12,[情報] 0412 上市投信買賣超排行,67
2022/4/12,[情報] 111年04月12日 三大法人買賣金額統計表,99
2022/4/12,[標的]  3083網龍國產遊戲多,9
2022/4/12,[心得] 近期對美國利率的看法,47
2022/4/12,[新聞] 喊多卻賣股 9外資4/23前交報告,19
2022/4/12,Re: [心得] 台積電讓我在台股正式畢業了,100
2022/4/12,[新聞] 泰博入選快篩國家隊呼聲高 股價衝20個月,26
2022/4/12,[心得] 想畢業了，台積聯電畢業文,100
2022/4/12,[新聞] 央行楊金龍明示 我貨幣政策將朝向緊縮,100
2022/4/12,[心得] 台積電讓我在台股正式畢業了,99
2022/4/12,[標的] 2344華邦電 多空討論,56
2022/4/12,[標的] 6183.TW 關貿疫苗平台15天重啟3千萬多,25
2022/4/12,[閒聊] 2022/04/12 盤後閒聊,48
2022/4/12,[標的] 鈺創 5351 空,1
2022/4/12,[新聞] 外資送暖 喊買聯發科、上看1250元,98
2022/4/12,[新聞] 推特飆漲 女股神卻錯過這波反彈行情,21
2022/4/12,[請益] 停利停損要怎麼設比較好?,39
2022/4/12,[新聞] 宏碁暫停俄國業務！經民連要求華碩、微星,0
2022/4/12,Re: [新聞] 陳時中：提升家用快篩產能 售價將降至200,13
2022/4/12,[請益] 聯電年前法說影響真的這麼大?,50
2022/4/12,Re: [情報] 2610華航 3月營收,10
2022/4/12,Re: [新聞] 陳時中：提升家用快篩產能 售價將降至200,24
2022/4/12,[新聞] 現在的聯電是老天的新禮物嗎?分析師:破45,59
2022/4/12,[新聞] 中國遊戲版號停擺八個月後 重啟發放,16
2022/4/12,[新聞] 陳時中：提升家用快篩產能 售價將降至200,64
2022/4/12,[新聞] 晶圓雙雄跌夠了沒？台積電開低翻紅、聯電,56
2022/4/12,[新聞] 蒙格鎩羽而歸？阿里巴巴持股砍半,58
2022/4/12,Re: [標的] 費半.US,34
2022/4/12,[情報] 2597潤弘 開獎,19
2022/4/12,Re: [標的] 6242立康.TW 多,21
2022/4/12,[標的] 2340.TW 台亞,19
2022/4/12,[新聞] 陽明、萬海業績同步攻頂,32
2022/4/12,[閒聊] 2022/04/12 盤中閒聊,100
2022/4/12,[新聞] 力抗外資賣壓 官股斥資288億元連六買,35
2022/4/12,Re: [新聞] 基本面佳台積電股價上不去？　跌破560元,29
2022/4/12,Re: [標的] TSM.US 台積電美股默默跌回11月爆大量,0
2022/4/12,[新聞] 不畏妖鎳之亂 華新3月營收衝至160億元 \,8
2022/4/12,[新聞] 股神戰友孟格抄底失敗認賠出脫？大砍一半,63
2022/4/12,[標的] TSM.US 台積電美股默默跌回11月爆大量,47
2022/4/12,[新聞] 台泥配息出爐！配發現金股利1元+股票股,25
2022/4/12,Re: [標的] 2330.TW 台積電 (空),11
2022/4/12,Re: [標的] ZIM.US 複製台股航海王多,28
2022/4/12,[情報] 德國政府採購Curevac開發中的mRNA疫苗,5
2022/4/12,[新聞] 聯亞新冠疫苗三期試驗 獲CEPI贊助925萬,16
2022/4/12,Re: [情報] 2618 長榮航 3月營收,9
2022/4/12,Re: [新聞] 金管會要開罰了！9家外資看多卻大賣台積,11
2022/4/11,Re: [新聞] 金管會要開罰了！9家外資看多卻大賣台積,9
2022/4/11,[情報] 4908前鼎 三月營收,1
2022/4/11,[新聞] 戰爭+疫情！化學生技醫療股吸金 成交比,16
2022/4/11,[新聞] 客貨運雙成長 華航3月營收123億元年增18%,12
2022/4/11,[情報] 0411 上市櫃外資投信同買排行,12
2022/4/11,Re: [心得] 台股正式步入空頭走勢,21
2022/4/11,[標的] 費半.US,38
2022/4/11,[情報] 0411 上市櫃外資投信買超金額排行,7
2022/4/11,Re: [新聞] 金管會要開罰了！9家外資看多卻大賣台積,9
2022/4/11,[情報] 0411 處置股票與注意股票統計分析,4
2022/4/11,[心得] 20220411 台股爛透聯盟,89
2022/4/11,Re: [心得] 台股正式步入空頭走勢,0
2022/4/11,[新聞] 廣州疫情加劇 經濟部：台商提前因應,3
2022/4/11,[新聞] 「華爾街大亨」郭哲榮：利空不斷 台股後市,43
2022/4/11,Re: [新聞] 金管會要開罰了！9家外資看多卻大賣台積,1
2022/4/11,[新聞] 月薪4萬「年領20萬股息」 30歲上班族：1,53
2022/4/11,"[新聞] Baird:需求下降,增長見頂 下調NVDA至中性",29
2022/4/11,[新聞] 明躍累計虧損超過資本額一半 擬下興櫃,2
2022/4/11,[新聞] 基本面佳台積電股價上不去？　跌破560元,31
2022/4/11,[情報] 111年04月11日信用交易統計,45
2022/4/11,Re: [新聞] 金管會要開罰了！9家外資看多卻大賣台積,25
2022/4/11,[新聞] Musk不加入Twitter董事會 CEO:願聆聽意見,17
2022/4/11,[標的] 加權指數 空,21
2022/4/11,[請益] 這週美股做sell put是不是很可怕,15
2022/4/11,[情報] 2206 三陽工業 三月營收,23
2022/4/11,[請益] 外資台指期貨空單？,39
2022/4/11,[新聞] 台股陷萬七保衛戰 投信：不建議殺低持股,71
2022/4/11,Re: [新聞] 金管會要開罰了！9家外資看多卻大賣台積,26
2022/4/11,Re: [新聞] 金管會要開罰了！9家外資看多卻大賣,0
2022/4/11,[新聞] 已採購70萬人份輝瑞口服藥物Paxlovid 半,17
2022/4/11,Re: [情報] 1101台泥 股利1+1,16
2022/4/11,[新聞] 本周重要通膨數據陸續發布10年期美債殖利,7
2022/4/11,[新聞] 戰爭、塞港、缺晶片 進口車斷鏈Q2銷量恐,5
2022/4/11,[情報] 2758 路易莎咖啡 110財報 eps 4.4,24
2022/4/11,[新聞] 新台幣每貶1% 聯電：有助毛利率升0.3個,37
2022/4/11,[情報] 1101台泥 股利1+1,85
2022/4/11,[新聞] 金管會要開罰了！9家外資看多卻大賣台積,67
2022/4/11,[新聞] 中美10年期公債殖利率出現倒掛，為近12年,7
2022/4/11,[情報] 111年【3月份金控股】EPS排名(全已公布),71
2022/4/11,[情報] 中華電信公佈111年3月營運績效,36
2022/4/11,[情報] 0411八大公股銀行買賣超排行,45
2022/4/11,Re: [情報] 2618 長榮航 3月營收,6
2022/4/11,[情報] 6770 力積電 召開2022年第一季法人說明會,25
2022/4/11,[情報] 2612中航處分陽明股票,26
2022/4/11,[公告] 04/11 處置公告,2
2022/4/11,[情報] 華南金(2880) 3月自結,41
2022/4/11,[新聞] 航空雙雄3月營收同寫3年來同期高點 看Q2運價有望處高檔,23
2022/4/11,[情報] 2609陽明3月營收 mom+13.8% yoy+80.2%,100
2022/4/11,[情報] 聯強  威健  大聯大  3月營收,21
2022/4/11,Re: [情報] 2610華航 3月營收,9
2022/4/11,[請益] 看盤App設定綠漲紅跌,17
2022/4/11,[情報] 2882國泰金 3月自結,27
2022/4/11,[心得]房子可以出租，股票也可以出租當房東！,14
2022/4/11,[新聞] 張國煒跨足餐飲 投資燒肉集團13日登興櫃,42
2022/4/11,[情報] 2615萬海 3月營收,33
2022/4/11,[情報] 2890 永豐金 3月自結,26
2022/4/11,[情報] 2881富邦金 3月自結,57
2022/4/11,[情報] 2618 長榮航 3月營收,27
2022/4/11,[情報] 2454聯發科3月營收 mom+47.8% yoy+47.4%,100
2022/4/11,[情報] 1529樂士 更正110年12月相關之自結合併,11
2022/4/11,[情報] 1110東泥 3月營收,4
2022/4/11,[新聞] 外資大舉匯出 新台幣盤中貶破「29」字頭,99
2022/4/11,[情報] 6196 帆宣 3月營收,4
2022/4/11,[情報] 0411上市外資買賣超排行,99
2022/4/11,Re: [情報] 2610華航 3月營收,8
2022/4/11,[情報] 2761橘焱胡同 受邀參加興櫃前法人說明會,9
2022/4/11,[新聞] Q1營收創高也沒用 載板三雄今股價大跌,17
2022/4/11,[新聞] 中鋼3月、首季營收雙創新高,17
2022/4/11,[情報] 3048 益登 3月營收,14
2022/4/11,[新聞] 丹麥Seaborg與三星重工開發CMSR浮動式核,12
2022/4/11,[情報] 2610華航 3月營收,20
2022/4/11,[情報] 111年04月11日 櫃買法人買賣金額統計表,30
2022/4/11,[情報] 2371大同 3月營收 Mom+41.32 YoY+26.46,5
2022/4/11,Re: [標的] 6508惠光,2
2022/4/11,[情報] 111年04月11日 三大法人買賣金額統計表,100
2022/4/11,[情報] 0411 上市投信買賣超排行,76
2022/4/11,[請益] 複委託稅務問題請教,8
2022/4/11,[新聞] 衝刺國內大循環　陸定調新路線「加快統一,14
2022/4/11,[新聞] 大量買快篩！時中透露數量比800萬大很多,46
2022/4/11,[情報] 8299群聯 三月營收,32
2022/4/11,[情報] 8454富邦媒 3月營收,8
2022/4/11,[情報] 3月長興1717 營收,12
2022/4/11,[標的] 4971.TW IET-KY,5
2022/4/11,[新聞] 展望平淡？ 大立光法說前又見降評,17
2022/4/11,[情報] 台塑/南亞/台化/台塑化 2022/03暨Q1自結,5
2022/4/11,[情報] 2002 中鋼3月營收 月增24% 年增12%,36
2022/4/11,[情報] 2892第一金 3月盈餘數,20
2022/4/11,Re: [心得] 腦喘長進來,-10
2022/4/11,[閒聊] 2022/04/11 盤後閒聊,23
2022/4/11,[新聞] 疫情延燒台積電跌9元摜破560元！　指數,45
2022/4/11,[情報] 友達3月營收。280億元,73
2022/4/11,[情報] 1303 南亞 3月營收+ Q1財報,8
2022/4/11,Re: [新聞] 昆山、上海封城 百家上市櫃台商停工名單,5
2022/4/11,[新聞] NFT不斷被炒出天價！林之晨：是藝術收藏,4
2022/4/11,[新聞] 昆山、上海封城 百家上市櫃台商停工名單,25
2022/4/11,[新聞] 《金融股》兆豐金今年股利 估發1.6元 現,47
2022/4/11,[新聞] 退休「賣房買股」1招妥當 達人分享20檔,0
2022/4/11,Re: [新聞] 半導體需求拉警報 英特爾、AMD及Nvidia,17
2022/4/11,Re: [新聞] 傳昆山恐停工至五一長假 逾80家台商心碎,41
2022/4/11,[情報] 馬斯克婉拒進入推特董事會,58
2022/4/11,[請益] 60元或55元以下的聯電還是老天的禮物嗎,100
2022/4/11,[新聞] 外資喊買卻賣 黃天牧:9家外資23日交報告,18
2022/4/11,[新聞] 半導體需求拉警報 英特爾、AMD及Nvidia,15
2022/4/11,[新聞] 法人：台股「萬七」有強勁支撐,66
2022/4/11,[新聞] 台積電Q2財測 多頭集結,46
2022/4/11,[情報] 2548華固 3月營收 Mom+21.7% Yoy+4.51%,6
2022/4/11,[新聞] 不敗教主：鴻海獲利股利穩定　股價便宜要,-10
2022/4/11,[新聞] 外資大砍台股別擔心!金管會：比美10年期,26
2022/4/11,Re: [標的］友達 空,42
2022/4/11,[新聞] 三星旗艦機過熱 台積救援,19
2022/4/11,[新聞] 東鹼漲停領軍化工股大漲 農糧股可不可以,36
2022/4/11,[新聞] 蔡鴻青：兩家默克給台灣企業的啟示,1
2022/4/11,[新聞] 力挺台股三大利多基本面 金管會：現金殖,33
2022/4/11,[心得] 流言終結者，貼上ESG 就比較抗跌?  來看G,11
2022/4/11,[閒聊] 2022/04/11 盤中閒聊,100
2022/4/11,[新聞] 消費市場走軟 驅動IC有壓,25
2022/4/11,[新聞] 晶圓代工成熟製程 凍漲,53
2022/4/11,[新聞] 外資示警：半導體高峰已至 但台積電營運,31
2022/4/11,[新聞] 台積營收嚇死人 老手爆1細節：600元變天,16
2022/4/10,[活動] 第一季股票或商品期貨之操作心得,18
2022/4/10,[新聞] 台積電法說 外資:財測激勵股價大漲機率高,59
2022/4/10,[新聞] 金控史上首破200萬元 元大金加薪25%衝第一,28
2022/4/10,[新聞] 聯發科、聯詠及瑞鼎平均年薪逾500萬元,47
2022/4/10,[標的] 2330.TW 台積電 (空),39
2022/4/10,[新聞] 妖鎳2.0？LME 庫存創新低 這金屬有軋空風,13
2022/4/10,[活動] 第一季股票或商品期貨之操作心得,100
2022/4/10,[活動] 第一季股票或商品期貨之操作心得,25
2022/4/10,[情報] 越南專家建議考慮重啟核電,64
2022/4/10,[新聞] 史上新高！金控股首季股東近600萬人 「這,98
2022/4/10,[新聞] 泰國鐵了心開放國境 拯救觀光企圖心奏效,69
2022/4/10,Re: [新聞] 傳昆山恐停工至五一長假 逾80家台商,20
2022/4/10,Re: [新聞] 傳昆山恐停工至五一長假 逾80家台商心碎,100
2022/4/10,Re: [新聞] 費半指數跌跌不休！ 台股本週壓力山大,6
2022/4/10,[新聞] 宏碁暫停俄業務！俄媒曝「兩產品」市占,40
2022/4/10,[新聞] 傳昆山恐停工至五一長假 逾80家台商心碎,100
2022/4/10,[情報] 8044網家 3月營收 Mom-1.10 YoY+1.91,11
2022/4/10,[新聞] 白宮警告半導體短缺對美國經濟構成了嚴,42
2022/4/10,[標的] 1569濱川 比菲多,28
2022/4/10,[新聞] 高雄七旬婦稱要買台積電股票 郵局報警幫,64
2022/4/10,[新聞] 八大投信：台股4月築底 長線護短線,69
2022/4/10,[新聞] 費半指數跌跌不休！ 台股本週壓力山大,44
2022/4/10,[新聞] 一口氣升息28碼 斯里蘭卡人：一帶一路害,100
2022/4/10,Re: [請益] 進市場幾年後才發現技術分析師的預測是屁話,6
2022/4/10,[請益] 是否有各券商評比資訊及網上如何查詢,11
2022/4/10,Re: [情報] 5871中租-KY 股利分派,23
2022/4/10,[新聞] 台股擂台 郭哲榮本周布局東鹼、正道,63
2022/4/10,[情報] 3006 晶豪科 三月營收,41
2022/4/09,Re: [請益] 電話來要借券說10%,44
2022/4/09,[新聞] 鋰價格太瘋狂馬斯克也受不了　他說特斯拉,59
2022/4/09,[新聞] 納斯達克敲鐘！CNN 評 Gogoro「baby 版,62
2022/4/09,[新聞] Fed啟動升息 投信：科技龍頭股長線走揚無,54
2022/4/09,[新聞] 比開飯店好賺!國賓今又公告買回台積電540,48
2022/4/09,[情報] 04/11 ~ 04/15 美股財報行事曆和產業走勢,26
2022/4/09,[請益] 電話來要借券說10%,62
2022/4/09,Re: [新聞] 台積電幫幫忙!伺服器大缺料 英特爾CEO來 AMD,15
2022/4/09,[情報] 5905 南仁湖 3月營收 Mom+24.74 Yoy+2.94,5
2022/4/09,[新聞] 晶片拉貨動能強 瑞昱、聯詠業績報喜,47
2022/4/09,[情報] 4151明躍擬撤銷興櫃登錄,1
2022/4/09,Re: [請益] 虧損的股票大家會管他嗎？,84
2022/4/09,[新聞] 本土疫情狂燒！超商賣場「快篩試劑」銷,34
2022/4/09,Re: [請益] 美股特斯拉現在還值得進場嗎?,1
2022/4/09,[公告] Q1季結算操作心得分享 P幣徵文活動,4
2022/4/09,[創作] 夜的第七章（攤的第七張）,8
2022/4/09,Re: [標的]  8091 翔名 希望來得及上車多,11
2022/4/09,Re: [請益] 進市場幾年後才發現技術分析師的預測是屁話,3
2022/4/09,Re: [請益] 進市場幾年後才發現技術分析師的預測是屁話,8
2022/4/09,Re: [新聞] 馬斯克：不是「魔鬼終結者」的人形機器人,33
2022/4/09,Re: [請益] 進市場幾年後才發現技術分析師的預測是屁話,6
2022/4/09,[新聞] 重量級財報法說將登場 台股蓄勢再戰萬八,47
2022/4/09,[標的] 美股特斯拉現在還值得進場嗎?,53
2022/4/09,[請益] 有關長榮陽明的高配息,0
2022/4/09,Re: [請益] 進市場幾年後才發現技術分析師的預測是屁話,17
2022/4/09,[情報] 2515中工3月營收 Mom-12.13 YoY -4.18,11
2022/4/09,[標的] 大盤 送分題空,19
2022/4/09,Re: [請益] 進市場幾年後才發現技術分析師的預測是屁話,46
2022/4/09,[新聞] 長榮海運3月營收586.7億元 創新高,16
2022/4/09,Re: [請益] 進市場幾年後才發現技術分析師的預測是屁話,4
2022/4/09,[新聞] 中國晶片業陷入困境 三星一飛沖天,17
2022/4/09,[標的] 6469 大樹 （空）,26
2022/4/09,[標的] 國泰永豐華碩微星聯發科請益 持股健檢,45
2022/4/09,[新聞] NVIDIA尋求股東批准將授權股份增加一倍 NVDA,24
2022/4/09,Re: [情報] 烏克蘭總理:今年糧食收成比去年少20%,10
2022/4/09,[新聞] 台積電幫幫忙!伺服器大缺料 英特爾CEO來 AMD,51
2022/4/09,[情報] 2645長榮航太3月營收 YoY:+17%MoM:+25.4%,16
2022/4/09,[新聞] 多檔運輸股遭降評、砍目標價 華爾街示警,7
2022/4/09,Re: [新聞] 美國銀行：貨運需求正在減弱,0
2022/4/09,[新聞] 容量比特斯拉4680電池提升13%，中國電池,72
2022/4/09,[情報] 8487愛爾達 3月營收及盈餘轉增資發行新股,5
2022/4/09,Re: [情報] 烏克蘭總理:今年糧食收成比去年少20%,10
2022/4/09,[新聞] 美國銀行：貨運需求正在減弱,35
2022/4/09,[新聞] 〈航運指數〉SCFI連跌12周 歐洲線運價寫1,23
2022/4/09,[新聞] 台新金要賣10萬張彰銀股,50
2022/4/09,[新聞] 一周熱門零股/六檔台股ETF 買盤聚焦,5
2022/4/08,[新聞] 昆山靜默期再延四天 友達昆山廠配合停工,38
2022/4/08,[標的] AA.US Short,0
2022/4/08,[新聞] 馬斯克：不是「魔鬼終結者」的人形機器人,68
2022/4/08,Re: [請益] 如何成為穩健的存股族啊？,25
2022/4/08,[情報] 3037欣興三月營收,21
2022/4/08,[情報] 3558 神準 3月營收,20
2022/4/08,[情報] BNT獲得德國五年的疫苗長約,15
2022/4/08,[新聞] 正在盤整快篩資源 價格是一定要降的,43
2022/4/08,Re: [心得] 大盤.,26
2022/4/08,"[新聞] 外資3月淨匯出逾1,700億",18
2022/4/08,[情報] 3707 漢磊 3月營收,13
2022/4/08,[情報] 111年04月08日信用交易統計,25
2022/4/08,[新聞] 台灣港務局公告將出售陽明1.5萬張,58
2022/4/08,[公告] 04/08 處置名單：no12337,0
2022/4/08,Re: [標的] 長聖 6712 跟著大哥多,1
2022/4/08,[情報] 烏克蘭總理:今年糧食收成比去年少20%,28
2022/4/08,[情報] 世芯ky 康普 3月營收,6
2022/4/08,[情報] 8070*長華三月營收,9
2022/4/08,[情報] 0408 上市櫃外資投信同買排行,4
2022/4/08,[情報] 0408 上市櫃外資投信買超金額排行,4
2022/4/08,[情報] 2006 東和鋼鐵  3月營收,16
2022/4/08,[情報] Truist 下調部分半導體企業目標價,13
2022/4/08,[情報] 6576 逸達 3月營收,2
2022/4/08,[情報] 6217 中探針3月營收 Mom+27.50 Yoy+22.01,7
2022/4/08,[情報] 6706惠特3月營收,9
2022/4/08,Re: [標的] 大立光 底部保守多,59
2022/4/08,[情報] 6026福邦證 三月營收 YoY-46.65% MoM-82,13
2022/4/08,[情報]  2801彰銀3月自結,19
2022/4/08,Re: [情報] 4736泰博 3月營收,15
2022/4/08,Re: [請益] 2883換2834,14
2022/4/08,[情報] 地心引力(3629-TW)2022年 3月營收資料,26
2022/4/08,[情報] 美吾華1731、宏全9939 3月營收,5
2022/4/08,[請益] 如何成為穩健的存股族啊？,87
2022/4/08,Re: [新聞] 物價驚天漲 我3月CPI 3.27%寫9年半來新高,0
2022/4/08,[情報] 2704國賓取得有價證券(台積電),34
2022/4/08,[情報] 3530 晶相光: 神盾擬公開收購本公司股票,0
2022/4/08,[情報] 2889.TW 國票金 111年3月自結,42
2022/4/08,[新聞] 長榮國際董座換人 張國華：願賣股權 退出,93
2022/4/08,[標的] 長聖 6712 跟著大哥多,4
2022/4/08,[情報] 0408八大公股銀行買賣超排行,42
2022/4/08,[情報]6415矽力6719力智6138茂達8081致新3月營收,10
2022/4/08,[情報] 廣達2382  3月營收,20
2022/4/08,[情報] 6282 康舒 3月營收,15
2022/4/08,[標的] 2618.TW 再酸也無法改變長榮航多頭,16
2022/4/08,[情報] 宏碁2353  泰鼎KY4927  3月營收,24
2022/4/08,[情報] 台新金(2887) 3月自結,45
2022/4/08,[情報] 微星2377、技嘉2376 3月營收,24
2022/4/08,[情報] 4919 新唐 三月營收,8
2022/4/08,[新聞] 物價驚天漲 我3月CPI 3.27%寫9年半來新高,85
2022/4/08,[情報] 天鈺3月營收,13
2022/4/08,[情報] 4736泰博 3月營收,27
2022/4/08,Re: [標的] 東鹼嘎空多,9
2022/4/08,[情報] 2883開發金3月自結EPS 0.22元,61
2022/4/08,[情報] 朋億 3月營收公布!,2
2022/4/08,[情報] 華碩3月營收,17
2022/4/08,[情報] 2891 中信金 3月營收,11
2022/4/08,[創作] 當外資倒貨的時候,4
2022/4/08,[情報] 生達1720、邦特4107 3月營收,2
2022/4/08,[情報] 友達光電(昆山)有限公司公告 配合當地政,20
2022/4/08,[情報] 2014中鴻 3月營收,14
2022/4/08,[情報] 2888新光金自結3月EPS 0.17元,29
2022/4/08,[情報] 3545敦泰 3月營收,35
2022/4/08,[情報] 2362 藍天 3月營收,3
2022/4/08,[情報] 敦陽科2480、零壹3029、中菲5403 3月營收,9
2022/4/08,[情報] 3293.TW 鈊象 3月營收,4
2022/4/08,[情報] 2379瑞昱 3月營收,30
2022/4/08,[情報] [情報] 2884玉山金控111年03月自結盈餘,46
2022/4/08,[情報] 聯華食1231.TW、正隆1904.TW 3月營收,4
2022/4/08,[情報] 6547高端疫苗3月營收公告,56
2022/4/08,[情報] 3034 聯詠 3月營收,39
2022/4/08,[情報] 2812台中銀 3月自結,41
2022/4/08,[情報] 6657  華安  3月營收,30
2022/4/08,[情報] 2344華邦電 3月營收 YoY:+15.6%MoM:+7.1%,18
2022/4/08,[情報] 3231緯創 3月營收 YoY+37.29%,16
2022/4/08,[情報] 0408上市外資買賣超排行,67
2022/4/08,[情報] 2029 盛餘 3月營收,1
2022/4/08,[新聞] 國巨3月營收106.25億 創高,8
2022/4/08,[情報] 3360尚立 三月營收,12
2022/4/08,[新聞] 大立光淡淡的哀傷,21
2022/4/08,[情報] 6192巨路 3月營收,1
2022/4/08,[情報] 2834臺企銀 3月自結,100
2022/4/08,Re: [情報] 2603長榮3月營收,0
2022/4/08,[情報] 3月營收 2474可成 月+57.62% 年-41%,9
2022/4/08,[情報] 東鹼1708 3月營收,25
2022/4/08,[情報] 6147頎邦3月營收,42
2022/4/08,[情報]京元電子董事會決議盈餘分派,9
2022/4/08,[情報] 3028 增你強 3月營收,20
2022/4/08,[情報] 2836高雄銀 股利0.4+0.3,12
2022/4/08,[情報] 6770 力積電3月營收自結,31
2022/4/08,[情報] 3706 神達一百一十一年三月營收,12
2022/4/08,[情報] 2603長榮3月營收 YoY:+83.9% MoM:+6%,100
2022/4/08,[情報] 惠光3月營收,10
2022/4/08,[情報] 111年04月08日 櫃買法人買賣金額統計表,30
2022/4/08,[情報] 2886兆豐金 3月自結,59
2022/4/08,[情報] 1451.tw年興 三月營收,40
2022/4/08,[新聞] 上海港貨櫃堆積如山 交付延誤、未來幾月運費恐漲,25
2022/4/08,Re: [新聞] 控制通膨？前Fed總裁：讓投資人受苦受難,3
2022/4/08,[情報] 0408 上市投信買賣超排行,46
2022/4/08,[情報] 0408 SCFI指數4263.66（-85.05）-2%,35
2022/4/08,[情報] 4133亞諾法 3月營收 YoY:+3.5%MoM:+33.9%,6
2022/4/08,[情報] 111年04月08日 三大法人買賣金額統計表,100
2022/4/08,[情報] 5880 合庫金 3月自結,20
2022/4/08,[新聞] 聯發科股價創10個月低點 市值居台股第3,22
2022/4/08,[新聞] 英國為實現能源安全 加速部署核能和海上,25
2022/4/08,[標的] 聯發科 嘴砲多 / 台積電、聯電嘴砲空,20
2022/4/08,[情報] 3481 群創 3月營收,51
2022/4/08,[情報] 2303聯電3月營收 mom+6.3% yoy+33.2%,64
2022/4/08,[新聞] 長榮跌深 台驊、中環逢低加碼買進,12
2022/4/08,[情報] 2885 元大金 3月營收,24
2022/4/08,[閒聊] 2022/04/08 盤後閒聊,29
2022/4/08,[情報] 8112.TW 至上 3月營收,13
2022/4/08,[標的] 2303 聯電還有救嗎...,69
2022/4/08,[情報] 8069元太3月營收 mom+81.7% yoy+53.3%,35
2022/4/08,Re: [新聞] J.P.Morgan 執行長：區塊鏈跟 DeFi 不是,4
2022/4/08,[情報] 2330台積電 3月營收,100
2022/4/08,Re: [標的] 高端疫苗6547賭博多,33
2022/4/08,[標的] 長榮2603 ，裸K戰法W底多,14
2022/4/08,[標的] 元大油反一00673R 等WTI反彈多,10
2022/4/08,[新聞] 台股破底翻？老謝揭5變數抓出關鍵,-10
2022/4/08,[新聞] J.P.Morgan 執行長：區塊鏈跟 DeFi 不是,31
2022/4/08,[標的] 3037欣興 & 2330台積 跨時代多,54
2022/4/08,Re: [情報] 1217 愛之味110年第三季合併財務報告,25
2022/4/08,[標的] 高端疫苗6547賭博多,63
2022/4/08,[新聞] 長江存儲打入蘋果供應鏈，NAND Flash 將,55
2022/4/08,[新聞] 美制裁效果不如預期，中芯國際2021年財,27
2022/4/08,[新聞] DHL貨機迫降！衝出跑道冒火光　驚悚「斷,17
2022/4/08,[新聞]「華爾街女神」無照收費教投資 海削2000萬,38
2022/4/08,[新聞] 彭博社：中國用人民幣購買的俄國能源將運抵中國,20
2022/4/08,Re: [標的] 長榮航空,24
2022/4/08,[新聞] 台商籲恢復南京貨運航點 陸委會：業者可,7
2022/4/08,[標的]  2603.TW 長榮 中環台驊跟單多,-10
2022/4/08,[新聞] 照片遭詐騙集團盜用　謝金河：LINE、臉,7
2022/4/08,[新聞] 加拿大將注資20億加幣用於電動車電池供,2
2022/4/08,[情報] 2027大成鋼三月營收 月增35% 年增49%,22
2022/4/08,[新聞] 韓政府將釋放723萬桶石油儲備,7
2022/4/08,[新聞] 美智庫：長榮向中企買船 恐間接助長共軍,53
2022/4/08,[標的] 8358 金居,10
2022/4/08,Re: [新聞] 台驊又出手買長榮1500張 均價約128.5元,0
2022/4/08,[閒聊] 2022/04/08盤中閒聊,100
2022/4/08,[新聞] 28檔金融股殖利率一次看！ 最高衝破10%,47
2022/4/08,Re: [標的] 2603 長榮 多,45
2022/4/08,[新聞] Omicron又突變！重組新變種「XE」英國現,41
2022/4/08,[新聞] 台驊又出手買長榮1500張 均價約128.5元,29
2022/4/08,[新聞] 台積電、航運三雄暴賺5千億又怎樣？謝金,7
2022/4/08,[新聞] 控制通膨？前Fed總裁：讓投資人受苦受難,35
2022/4/08,[新聞] 京元電矽格 3月營收創歷史新高,8
2022/4/08,[標的] 2886兆豐金 多,0
2022/4/08,Re: [請益] 請問選股的問題,0
2022/4/08,[心得] 台股正式步入空頭走勢,36
2022/4/07,Re: [標的] 6485 點序 勇敢多,4
2022/4/07,[情報] 3月營收 2030 彰源 MoM+71% YoY+59%,6
2022/4/07,[新聞] 〈中石化法說〉Q2需求轉趨謹慎 AN、CPL利,4
2022/4/07,[請益] 請問選股的問題,22
2022/4/07,[新聞] 上海疫情外溢 長三角拉警報,29
2022/4/07,[新聞] 郭哲榮獨創「新三五法則」，以新唐、德微,-10
2022/4/07,[情報] 3036 文曄 開獎,18
2022/4/07,[新聞] 巴菲特大買惠普股票,52
2022/4/07,Re: [新聞] 元太彩色電子紙技術再升級 推新一代 E In,22
2022/4/07,[情報] 6446 藥華藥 3月營收,5
2022/4/07,[情報] 0407 上市櫃外資投信同買排行,6
2022/4/07,Re: [請益] 興富發(2542)殖利率8% 該買進參加配息嗎,13
2022/4/07,[情報] 111年04月07日信用交易統計,45
2022/4/07,[新聞] 疫情還在燒 昆山再延靜默期至12日,32
2022/4/07,[新聞] 財新中國3月服務業與綜合PMI雙雙大跌至42,10
2022/4/07,Re: [請益] 請問ETF存股族的越跌加碼策略?,13
2022/4/07,[新聞] 又一家送件 壽險業拚今年發逾500億現金股,14
2022/4/07,[情報] 2352 佳世達 3月營收 歷史新高,28
2022/4/07,[新聞] 嚇！外資今年已賣超5414億元 創史上最大,98
2022/4/07,[新聞] Jim Cramer: 抑制拋售全部股票的衝動,33
2022/4/07,Re: [請益] 請問ETF存股族的越跌加碼策略?,30
2022/4/07,Re: [情報] 6869雲豹能源 2021年eps2.30元,19
2022/4/07,[情報] 0407八大公股銀行買賣超暨歷史買超金額榜,36
2022/4/07,[情報] 定穎3月營收   歷史新高,17
2022/4/07,[情報] 和潤企業公告本公司從事衍生性商品交易,43
2022/4/07,[情報] 6176.tw 瑞儀開獎,11
2022/4/07,[情報] 中環取得長榮普通股股票之公告,39
2022/4/07,[情報] 2327 國巨三月營收 Mom+21.76% YoY+26.89%,12
2022/4/07,[情報] 6869雲豹能源 2021年eps2.30元,11
2022/4/07,[情報] 0407 上市櫃外資投信買超金額排行,5
2022/4/07,[情報] 6407 相互3月營收 YoY:50.87% MoM:75.79%,1
2022/4/07,[情報] 2636台驊投控取得長榮股票,88
2022/4/07,[新聞] 烏俄戰不停 中石化坦言成本壓力增,20
2022/4/07,[情報] 2704國賓處分中信金股票,28
2022/4/07,[新聞] 三星Q1營利估增5成 創4年單季最佳水準,10
2022/4/07,Re: [新聞] 確診案例飆升！台股跳水跌343點收17178,19
2022/4/07,[新聞] 手機一直收到股票、投資簡訊超級煩！,49
2022/4/07,[情報] 0407上市外資買賣超排行,100
2022/4/07,Re: [新聞] 元太彩色電子紙技術再升級 推新一代 E In,40
2022/4/07,[新聞] 元太彩色電子紙技術再升級 推新一代 E In,43
2022/4/07,[情報] 2841台開 公告本公司退票事宜,11
2022/4/07,[情報] 8968陽明山3月營收 YoY:-2.35%MoM:-0.8%,41
2022/4/07,[新聞] 台灣淨零排放路徑與日韓同步 龔明鑫:不會,10
2022/4/07,[標的] 《國際產業》撤離俄羅斯 殼牌估損失高於,5
2022/4/07,Fw: [情報] 美國元老院無異議通過重啟租借法案,11
2022/4/07,[新聞] 精星 111年3月營收6.25億、年增53.20%,4
2022/4/07,[情報] 111年04月07日 櫃買法人買賣金額統計表,43
2022/4/07,[公告] 04/07 處置公告,11
2022/4/07,Re: [請益] 請問ETF存股族的越跌加碼策略?,24
2022/4/07,[情報] 6005群益證 現金股利1.65元 殖利率10.2%,63
2022/4/07,[情報] 0407上市投信買賣超排行,43
2022/4/07,[情報] 111年04月07日 三大法人買賣金額統計表,100
2022/4/07,Re: [新聞] 確診案例飆升！台股跳水跌343點收17178,46
2022/4/07,[新聞] Q2展望偏黯淡 大立光寫8年低價,43
2022/4/07,[新聞] 外資調降台積電目標價至710元,100
2022/4/07,Re: [新聞] 確診案例飆升！台股跳水跌343點收17178,98
2022/4/07,[閒聊] 2022/04/07 盤後閒聊,46
2022/4/07,[新聞] 確診案例飆升！台股跳水跌343點收17178,65
2022/4/07,[新聞] 台積電大吃GPU訂單 麥格理喊目標價843元,79
2022/4/07,[新聞] 郭明錤直指大陸Android砍單潮 聯發科摔,50
2022/4/07,[新聞] 合庫金股價一度超車中信金 雷仲達：股價,20
2022/4/07,Re: [心得] 如果要我這麼譬喻...,0
2022/4/07,[標的] 2615.TW 萬海 波段轉多訊號,45
2022/4/07,Re: [心得] 如果要我這麼譬喻...,1
2022/4/07,[心得] 當沖純享賺了麥當勞套餐就包,92
2022/4/07,[新聞] 微軟與蘋果助推下，折疊式OLED筆記型電,4
2022/4/07,[新聞] 大立光股價創7年新低！不敗教主點評「慘,-10
2022/4/07,[新聞] 聯發科發起中美德多國專利侵權訴訟，可,27
2022/4/07,[閒聊] 2022/04/07 盤中閒聊,98
2022/4/07,[新聞] 台積法說前 外資讚聲響起,99
2022/4/07,[新聞] Fed會議紀要：未來可能升息2碼 擬每月縮,99
2022/4/07,[新聞] 英特爾CEO今早訪台積 將擴大下單,65
2022/4/07,[新聞] FOMC暗示將以每月95B的方式縮表,42
2022/4/07,Re: [請益] 如何克服金融暴漲就想賣的心魔,32
2022/4/07,Re: [標的] 2330.TW 台積電 (空),15
2022/4/07,[標的] 6150 開放融券空,3
2022/4/07,[標的] 2330.TW 台積電 (空),21
2022/4/07,[新聞] 可成擬辦現增 預計買回2.5萬張庫藏股,66
2022/4/06,[標的] 2344 華邦電,66
2022/4/06,Re: [新聞] 外資今年賣超已逾5000億元 今拋售晶圓雙,10
2022/4/06,[新聞] 〈焦點股〉本土疫情連環爆 檢測試劑概念,7
2022/4/06,[新聞] 大田Q1營收創近十年同期新高，Q2產能滿,5
2022/4/06,[情報] 0406 處置股票與注意股票統計分析,1
2022/4/06,[情報] 0406 上市櫃外資投信同買排行,3
2022/4/06,[標的] 請問這波金融股會漲到何時?,68
2022/4/06,[情報] 0406 上市櫃外資投信買超金額排行,4
2022/4/06,[標的] 東鹼惠光,19
2022/4/06,[標的] 4438.TW 廣越 拉貨多,34
2022/4/06,[新聞] 台灣制裁俄羅斯給力　經濟部公布57項管,31
2022/4/06,[情報] 111年04月06日信用交易統計,55
2022/4/06,[新聞] 澤倫斯基籲禁止俄國能源進口 譴責歐洲猶,38
2022/4/06,[新聞] 哈佛教授羅格夫：美元主導地位20年內可,53
2022/4/06,[新聞] 弟弟派拿下長榮國際經營權 牽動多家集團,24
2022/4/06,[標的] 2542.TW 興富發 多,11
2022/4/06,[新聞]增提俄債預期損失12.45億京城銀Q1僅賺370,39
2022/4/06,[情報] 6104 創惟 三月營收,16
2022/4/06,[新聞] 越南VinFast汽車將在北美投資20億美元建,2
2022/4/06,[情報] 2637慧洋-KY 3月自結,6
2022/4/06,[新聞] 亞馬遜Project Kuiper啟動歷史性投資 5年,4
2022/4/06,Re: [新聞] 謝金河：買合庫金投報率比台積電好,12
2022/4/06,[新聞] 市場等待今晚FOMC 美聯儲縮表或將披露,47
2022/4/06,[新聞] 興富發擬配股利5.2元 包含現金與股票,31
2022/4/06,Re: [標的] FB(Meta Platforms)短線多 回報現況-UVXY,5
2022/4/06,Re: [請益] 如何克服金融暴漲就想賣的心魔?,1
2022/4/06,[新聞] 美國新制裁上路 俄國未來5年違約機率飆,17
2022/4/06,[新聞] 外資今年賣超已逾5000億元 今拋售晶圓雙,37
2022/4/06,[情報] 2323中環處分國泰智能電動車,26
2022/4/06,[新聞] 景碩3月營收衝破37億元 創歷史新高,16
2022/4/06,[情報] 9941 裕融 3月自結,10
2022/4/06,[新聞] 推特編輯鍵要來了 訂閱會員數月內測試,13
2022/4/06,Re: [新聞] 北極星-KY上市案通過，最快第二季掛牌,8
2022/4/06,[情報] 0406八大公股銀行買賣超排行,34
2022/4/06,[新聞] 2022年《富比士》全球富豪榜排名出爐 馬,12
2022/4/06,[標的] ZIM.US,25
2022/4/06,[標的] 2409.TW 友達 請益,35
2022/4/06,[情報] 8924大田 3月營收mom+251% yoy+24%,11
2022/4/06,[情報] 華通2313三月營收,14
2022/4/06,[新聞]群光3月營收逾106億元 創歷史新高,25
2022/4/06,[情報] 0406上市外資買賣超排行,94
2022/4/06,[情報] 2809京城銀 111年03月自結盈餘相關資訊,100
2022/4/06,[公告] Stock 樂透開獎,13
2022/4/06,Re: [請益] 如何克服金融暴漲就想賣的心魔,47
2022/4/06,[創作] 朋友,10
2022/4/06,[請益] 給那位受到媽媽贈金的朋友 longreen建議,30
2022/4/06,[情報] 3008 大立光 召開法人說明會事宜,53
2022/4/06,[情報] 111年04月06日 櫃買法人買賣金額統計表,34
2022/4/06,[情報] 0406上市投信買賣超排行,51
2022/4/06,[新聞] 高雄廠傳員工確診 奇鋐：不會對公司營運產生重大影響,6
2022/4/06,[情報] 111年04月06日 三大法人買賣金額統計表,100
2022/4/06,[新聞] 升息不止 金融指數有望飆近32年收盤高,51
2022/4/06,[新聞] 聯發科跌破900元能買？外資搖頭「別看便,100
2022/4/06,Re: [新聞] AMD以1.9B收購Pensando,10
2022/4/06,[閒聊] 2022/04/06 盤後閒聊,44
2022/4/06,[請益] 如何克服金融暴漲就想賣的心魔,100
2022/4/06,[情報] 2832台產 本公司針對員工確診COVID-19,5
2022/4/06,[新聞] 檢測帶頭衝 上市櫃生醫傲視群雄,10
2022/4/06,[新聞] Moderna跌逾4% 據報近4億劑非洲疫苗訂,30
2022/4/06,[標的] 9927 泰銘,29
2022/4/06,Re: [標的] 1711.TW 永光 空,8
2022/4/06,[標的] 毛寶多 嘎空多,-10
2022/4/06,[情報] 2542興富發 股利4.16+1.04,100
2022/4/06,[新聞] TV面板報價持平或續跌；IT面板仍疲軟,35
2022/4/06,[新聞] 西班牙斥資110億歐元投資半導體領域,78
2022/4/06,[新聞] 中概股高層的適時拋售價值百億美元,22
2022/4/06,[請益] 賣電子求金融,74
2022/4/06,[標的] 毛寶  疫情空,53
2022/4/06,[請益] 金融股真的是最後一棒嗎？,91
2022/4/06,[新聞] 疫情蔓延 昆山封城延至8日,57
2022/4/06,[閒聊] 2022/04/06 盤中閒聊,100
2022/4/06,[新聞] Gogoro出師不利 赴美掛牌首日大跌12%,100
2022/4/06,[標的] 8081.TW 致新 老漢推車 懸崖多,12
2022/4/06,[新聞] 本土暴增216例！又要居家上班了？陳時中,98
2022/4/06,[新聞]中石化(1314.TW)CPL價格大漲,37
2022/4/05,Re: [請益]從0050開始到現在還在裡面的公司？,19
2022/4/05,[新聞] Fed理事Brainard認為縮表將近 而且速度,74
2022/4/05,[新聞] 韓媒：台積電很快將獨攬輝達所有GPU訂單,99
2022/4/05,[新聞] 陸2月智慧手機SoC市場排名 聯發科居冠,11
2022/4/05,[新聞] 升息利多｜法人預測國泰金將超越富邦金,41
2022/4/05,Re: [新聞] 專家洩長榮下一波爆噴時機,1
2022/4/05,[新聞] 俄烏戰影響 大連港到歐洲鐵路出口驟降,3
2022/4/05,[新聞] Gogoro電動機車起火燒成空殼 台中車主哭,51
2022/4/05,[情報] 馬斯克被邀請進入推特董事會,37
2022/4/05,[請益] 淨利進保留盈餘or增資配股 對公司的差別,5
2022/4/05,[請益] ETF能投資30年不管它嗎？,47
2022/4/05,[新聞] 專家洩長榮下一波爆噴時機,35
2022/4/05,[新聞] 這家半導體工程師一日生活曝光 網友狂喊,43
2022/4/05,[新聞] 中鋼翁朝棟：鋼市迎春暖花開,45
2022/4/05,[新聞] 鴻海Q1營收1.41兆元 創歷年同期新高,34
2022/4/05,[請益] 集中存股 or 分散存股 or 0056,26
2022/4/05,[情報] 2317鴻海 3月營收,54
2022/4/05,Re: [心得] 違約交割,90
2022/4/05,[情報] 股東紀念品 零股ETF,19
2022/4/05,[情報] AZ批評英國政府拖延採購Covid治療藥物,18
2022/4/05,[標的] 大盤,47
2022/4/05,Re: [新聞] Gogoro今在那斯達克掛牌,17
2022/4/05,Re: [情報] 中國採購美國玉米創去年5月以來最大單,11
2022/4/05,[新聞] 英特爾CEO再度來台 將拜訪台積電與供應商,22
2022/4/05,[新聞] 大摩：美股熊市反彈已經結束,73
2022/4/05,[情報] 中國採購美國玉米創去年5月以來最大單,30
2022/4/05,Re: [新聞] Gogoro今在那斯達克掛牌,28
2022/4/05,Re: [心得] 大盤.,5
2022/4/05,Re: [新聞] AMD以1.9B收購Pensando,10
2022/4/05,[新聞] 財新中國3月製造業 PMI降至48.1,9
2022/4/05,Re: [新聞] AMD以1.9B收購Pensando,11
2022/4/05,[新聞] 報復性旅遊倒數！他大喊航運is over,16
2022/4/05,Re: [請益] 中國實際的經濟情況,40
2022/4/05,[新聞] 南韓3月CPI同比上漲4.1%,10
2022/4/05,[新聞] 大摩解析 看好台積,60
2022/4/05,[新聞] 《科技》高雄電動車產業鏈 起飛,33
2022/4/05,[新聞] 大立光3月營收月增43% 4月估低於3月,19
2022/4/05,Re: [新聞] 解封取消！上海宣布「繼續封城」,64
2022/4/05,Re: [標的] 1314.TW 中石化 四海遊龍融資必勝重壓1,7
2022/4/05,[請益] 中國實際的經濟情況,33
2022/4/05,Re: [心得] 0050 與006208,21
2022/4/05,Re: [新聞] 女股神砲轟聯準會激進升息策略　批「你們正在玩火」,6
2022/4/05,[新聞] 女股神砲轟聯準會激進升息策略　批「你們正在玩火」,74
2022/4/05,Re: [請益] 0050與006208混買,10
2022/4/05,Re: [請益] 0050與006208混買,2
2022/4/05,[請益] 0050與006208混買,39
2022/4/05,[新聞] AMD以1.9B收購Pensando,20
2022/4/05,Re: [新聞] Gogoro今在那斯達克掛牌,34
2022/4/05,[新聞] 力拚晶片自足！西班牙將斥資110億歐元研,59
2022/4/05,[情報] 2022年台股上市櫃已公告增資配股排行一覽,6
2022/4/05,[新聞] 致富方程式｜靠投資股票變富豪的人只有2.,21
2022/4/05,[新聞] Gogoro今在那斯達克掛牌,32
2022/4/05,[新聞] 俄羅斯供應85%需求量！斯洛伐克將用盧布,30
2022/4/04,Re: [標的] ICLN.US 潔淨能源 拉不拉多,1
2022/4/04,[情報] 富途牛牛美股交易時間大幅延長,17
2022/4/04,Re: [情報] 推特盤前+28%！馬斯克被揭露持有其9.2%的股權！,10
2022/4/04,[新聞] 馬斯克：特斯拉超充目標 實現30%毛利率,21
2022/4/04,[請益] 資金分配請益,51
2022/4/04,[新聞] 法人估新光金今年賺136億　獲利大減逾38%,55
2022/4/04,Re: [心得] XQ看盤頁面分享,15
2022/4/04,[情報] 推特盤前+28%！馬斯克被揭露持有其9.2%的股權！,83
2022/4/04,[情報] 澳洲第四劑納入AZ及Novavax,39
2022/4/04,[公告] 04/04 處置公告,16
2022/4/04,[新聞] IC設計到封測都急了：大廠別跟我搶學生,100
2022/4/04,[新聞] 《鋼鐵股》訂單看到年底 新光鋼股價衝,28
2022/4/04,[新聞] 現金減資 晶華曾躍傳產股王 全銓黯然下市,23
2022/4/04,Re: [新聞] 妖鎳事件》犯眾怒　英國金屬交易所袒護,10
2022/4/04,[新聞] 今年台股能否續「創新高」謝金河曝兩點,-10
2022/4/04,[新聞] 內幕分析｜台新金罕見正面回應與新光金合,39
2022/4/04,[新聞] 仁寶：大陸工資漲得太離譜,79
2022/4/03,[新聞] 南電3月和第1季營收 均創歷史次高,30
2022/4/03,[新聞] 經濟衰退警鈴響！市場將有巨變 謝金河：台積電恐陷1危機,93
2022/4/03,[標的] 聯發科 籌碼戰!! 大膽空 2454.TW,72
2022/4/03,Re: [心得] 談友達的股東報酬三年計畫,11
2022/4/03,[新聞] 美各大投行：Fed升息將更大膽,100
2022/4/03,[情報] 越南Q1個人所得稅收增長20%,13
2022/4/03,[新聞] 不斷更新／疫情再起蘇州昆山5天封閉管理,92
2022/4/03,Re: [心得] 談友達的股東報酬三年計畫,20
2022/4/03,[新聞] 比利時冷卻劑廠無限期停工 三星台積恐斷,71
2022/4/03,Re: [標的] 聯發科2454認購權證多,33
2022/4/03,Re: [標的] 2454.TW 聯發科 討論,7
2022/4/03,[新聞] 妖鎳事件》犯眾怒　英國金屬交易所袒護,97
2022/4/03,Re: [新聞] 台股擂台 郭哲榮本周挑金像電 中探針,8
2022/4/03,[新聞] 海運多頭續航 長榮、陽明受惠,37
2022/4/03,[標的] 6581.TW 鋼聯 銅鋰鋅一起多,8
2022/4/03,Re: [心得] 高殖利率 清單 EXCEL,100
2022/4/03,[情報] 韓國考慮5月減免燃料稅提高到30%,17
2022/4/03,[新聞] 台股擂台/挑戰者「股市永勝」王文良 本周,29
2022/4/03,[新聞] 港股詐騙「復仇者聯盟」！社群臥底留警,41
2022/4/03,[情報] 2022年台股上市櫃公司殖利率7%以上排行,64
2022/4/03,"[情報] 特斯拉第一季交付310,048輛",72
2022/4/03,[新聞] 台股擂台 郭哲榮本周挑金像電 中探針,48
2022/4/03,Re: [新聞] 本土疫情升溫！台積電今啟動分流上班　聯,37
2022/4/02,[新聞] 關係所有中概股！證監會修訂境內企業赴,12
2022/4/02,[新聞] 本土疫情升溫！台積電今啟動分流上班　聯,40
2022/4/02,[情報] 越南經濟部澄清今年不會缺電,92
2022/4/02,[新聞] 十大顛覆性機器人製造商,39
2022/4/02,[心得] 如果要我這麼譬喻...,0
2022/4/02,[新聞] 趁拆股利多！女股神連3天賣特斯拉 套現逾,45
2022/4/02,[新聞] 包商施工壓垮電塔 東泥：應賠償責任絕不逃避,20
2022/4/02,[標的] BLX.US 拉丁美洲出口銀行,8
2022/4/02,[新聞] 本土連兩天確診破百例 聯電、世界先進啟,11
2022/4/02,[新聞] IC設計營運高峰已過？聯發科失守900元,78
2022/4/02,[新聞] 台積電聯電ADR慘殺 兇手抓到了,35
2022/4/02,[新聞] 存股高手必勝心法 不買高價股原因曝光,21
2022/4/02,Re: [新聞] 航運股飆風再起？宏遠：去年也是4月,0
2022/4/02,[新聞] 台股第一季ETF績效排行出爐！元大MSCI金,35
2022/4/02,[公告] Stock板 開始舉辦樂透!(連假後首次開盤猜測),5
2022/4/02,[新聞] 航運股飆風再起？宏遠：去年也是4月起漲,29
2022/4/02,[新聞] 快訊／增160例本土、244例境外移入「雙,100
2022/4/02,[新聞] 企業獲利掀減資潮　不敗教主這樣解析,-10
2022/4/02,[請益] 如果有一筆15萬的獎金該買金融股還是電信,67
2022/4/02,[新聞] 澳洲將與印度簽貿易協議 盼減少對中國依,28
2022/4/02,Re: [新聞] 郭明錤改口：摺疊iPhone最快2025年推出,18
2022/4/02,[請益] overbooking是不是來了,77
2022/4/02,[新聞] 蘋果傳打算想做遊戲機　並搭載專用晶片,52
2022/4/02,[新聞] IMF首席經濟學家：美國可免於經濟衰退、,5
2022/4/02,Re: [新聞] 《國際產業》東南亞最大獨角獸GoTo IPO,2
2022/4/02,"[新聞] 政府退休基金 累虧1,821億",100
2022/4/02,[新聞] 謝金河：台股殖利率全球第一是安全屏障,49
2022/4/02,[新聞] 郭明錤改口：摺疊iPhone最快2025年推出,28
2022/4/02,[請益] 最後過戶日之後就可以賣股票了嗎,29
2022/4/02,Re: [新聞] 《時代雜誌》2022百大影響力企業　台積,3
2022/4/02,[請益] 未來有關科技的股票都是加入納斯達克嗎?,6
2022/4/02,Re: [心得] 存股六年翻倍心得,36
2022/4/02,[新聞] 美系外資示警IC設計廠面臨三大逆風 六檔,29
2022/4/02,[標的] 2006.TW 東和鋼鐵 庫存多,6
2022/4/02,[標的] 2002中鋼 空,28
2022/4/02,[新聞] 《國際產業》東南亞最大獨角獸GoTo IPO,10
2022/4/02,Re: [標的] 美股 TLRY,5
2022/4/02,Re: [標的] 1314.TW 中石化 四海遊龍融資必勝重壓1,0
2022/4/01,[心得] 近一年上市公司買回庫藏股執行率排行榜,11
2022/4/01,"Re: [情報] 6269台郡 董事會決議買回庫藏股 15,000張",13
2022/4/01,[創作] 投資股票，用得上社工專業知識？,0
2022/4/01,[新聞] 【中美金融戰】中國據報允美國檢視大部,22
2022/4/01,[新聞] 2050淨零碳排路徑天方夜譚？蘇貞昌：台灣,0
2022/4/01,[新聞] 國巨增資、減資大搞「股東差別待遇」 陳,37
2022/4/01,[請益] 元大美債20反一,10
2022/4/01,Re: [請益] 是不是該全面放空台股？,2
2022/4/01,[請益] 大盤是否正在走空？,39
2022/4/01,[情報] 111年04月01日信用交易統計,28
2022/4/01,[情報] 2323中環取得聯發科股票,56
2022/4/01,Re: [心得] 存股六年翻倍心得,65
2022/4/01,Re: [心得] 存股六年翻倍心得,64
2022/4/01,[標的] 1110東泥 開盤手速多,24
2022/4/01,[新聞] 印度第二大電信商估5G O-RAN下半年商轉,8
2022/4/01,[標的] 2633.TW 台灣高鐵空,9
2022/4/01,[情報] 1110.TW 東泥重訊-台電電塔倒塌意外說明,99
2022/4/01,[新聞] 佳世達擬出售旗下「明基電通」全部股權,36
2022/4/01,[情報] 0401八大公股銀行買賣超排行,39
2022/4/01,[新聞] 隱藏版金融股！四家上市產險殖利率破5％,21
2022/4/01,[心得] 當沖賺便當x今天純分享x薯條加大,42
2022/4/01,[情報] 越南認為4月會缺電,87
2022/4/01,[新聞] 中國疫情干擾 貨櫃運價連11週走跌,9
2022/4/01,[標的] 1314.TW 中石化 四海遊龍融資必勝重壓1,34
2022/4/01,[情報] 1314中石化 澄清外界報導,24
2022/4/01,[新聞] 南山人壽去年大賺 將申請配息,32
2022/4/01,[情報] 台開(2841) 列為停止買賣,43
2022/4/01,[新聞] 富邦旗下ETF 20日除息 富邦科技ETF配息每,4
2022/4/01,[新聞] 《國際產業》改革海運 美參院通過法案,45
2022/4/01,[情報] 0401 上市櫃外資投信同買排行,2
2022/4/01,[新聞] 九豪奮起 終結連三年虧損,8
2022/4/01,[情報] 0401  量大分點齊買股,8
2022/4/01,[情報] 0401 上市櫃外資投信買超金額排行,8
2022/4/01,[情報] 3048益登現金股利3.4元,45
2022/4/01,[情報] 3357 臺慶科  線上業績發表會,92
2022/4/01,[情報] 0401上市外資買賣超排行,100
2022/4/01,[標的] 0050.TW etf謝謝哲哲推薦多,8
2022/4/01,[新聞] 美國總統拜登將提國防生產法，提高美國電,12
2022/4/01,[新聞] 光洋科條款 委託書四誡出列,2
2022/4/01,[情報] 111年04月01日 櫃買法人買賣金額統計表,27
2022/4/01,[情報] 0401上市投信買賣超排行,53
2022/4/01,[標的] 新唐 空空空,25
2022/4/01,[心得] 存股六年翻倍心得,99
2022/4/01,[情報] 6844 諾貝兒 開獎,14
2022/4/01,[情報] 0401 SCFI指數 4348.71(-85.36)-2%,77
2022/4/01,[情報] 111年04月01日 三大法人買賣金額統計表,77
2022/4/01,[標的] 2603.TW 長榮 爆嘎開船多更多!,-10
2022/4/01,[閒聊] 2022/04/01 盤後閒聊,90
2022/4/01,Re: [新聞] 上海突襲封城　長榮航總座：旅客取消行程,23
2022/4/01,[新聞] 稀缺性通膨無人倖免，貝萊德總裁：繫好你,38
2022/4/01,[新聞]上市公司一窩蜂現金減資原因不單純？　立,37
2022/4/01,Re: [新聞] 普亭出狠招！外國買家不以盧布買天然氣就,57
2022/4/01,[情報] 美國NIAID用莫德納研究第四劑組合,9
2022/4/01,Re: [標的] 1708.TW東鹼主力出貨空,32
2022/4/01,[新聞]鉀肥大漲不夠看 中石化生產硫酸銨飆更兇,64
2022/4/01,[標的] 1708.TW東鹼主力出貨空,68
2022/4/01,Re: [新聞] 中國各Android手機品牌已減近20%訂單,7
2022/4/01,Re: [新聞] 普亭出狠招！外國買家不以盧布買天然氣就,80
2022/4/01,[新聞] 陳勝宏：8、9月恐掀建商倒閉潮,91
2022/4/01,[標的] 6237.TW 驊訊 短暫嘎空多,21
2022/4/01,[新聞] 1150→960 聯發科營運見頂遭外資降價,46
2022/4/01,[新聞] 我國公布「2050淨零排放路徑」永續是競,0
2022/4/01,[新聞] 中國各Android手機品牌已減近20%訂單,68
2022/4/01,[請益] 存股轉換,19
2022/4/01,[新聞] 勞退新制基金截至2月虧998.2億元,78
2022/4/01,"[新聞] 甩俄天然氣；歐誓言""不計代價"" 重建太陽",100
2022/4/01,[新聞] 美國PTO發布新5G專利研究 SEP必要率高於,3
2022/4/01,Re: [請益] 幫未成年的子女買股票,13
2022/4/01,[新聞]震撼！長榮鋼經營權之爭 大陸工程支持現,17
2022/4/01,[標的] 2498宏達電 籌碼面多,44
2022/4/01,[新聞] 全球經濟與成本衝擊，外資下修聯發科,5
2022/4/01,Re: [新聞] Gogoro4/5赴美那斯達克掛牌上市,8
2022/4/01,Re: [新聞] Gogoro4/5赴美那斯達克掛牌上市,17
2022/4/01,[新聞] 華碩、聯電帶頭 謝金河：保護傘只能靠它,20
2022/4/01,[心得] 當沖賺便當x新光金給飯吃x薯條加大,63
2022/4/01,[新聞] 聯發科取得原相子公司91%股權,17
2022/4/01,[新聞] 今年3檔上市櫃新股跌破承銷價 話題撐不起,13
2022/4/01,[新聞] Gogoro4/5赴美那斯達克掛牌上市,48
2022/4/01,Re: [請益] 幫未成年的子女買股票,0
2022/4/01,[新聞] 美經濟閃衰退警訊 台指期夜盤續跌,11
2022/4/01,[情報] WHO:施打輝瑞後耳鳴可能與疫苗有關,28
2022/4/01,[閒聊] 2022/04/01 盤中閒聊,100
2022/4/01,[請益] 0050湊張或00878或0056,31
2022/4/01,Re: [請益] 幫未成年的子女買股票,14
2022/4/01,[新聞] 普亭出狠招！外國買家不以盧布買天然氣就,100
2022/4/01,[新聞] 美大規模釋出戰略儲油 WTI油價重挫7%,29
2022/4/01,Re: [心得] 違約交割,19
2022/4/01,Re: [請益] 幫未成年的子女買股票,15
2022/4/01,[新聞] 非農來襲，美聯儲或再無退路,10
2022/4/01,[新聞] 美CDC刪除遊輪旅行相關的COVID-19健康警告,13
2022/4/01,[情報] 上市櫃無法完成110年度財報公告申報名單,3
2022/4/01,[新聞] 航空股將會起飛！郭哲榮：當貨櫃 is over,97
2022/4/01,[新聞] 全球 PC、伺服器需求喜憂參半！外資點名,5
2022/4/01,Re: [請益] 留房子&& 存股 哪個好？？？,5
2022/3/31,[情報] 2330台積電於4/14召開第一季法說會,54
2022/3/31,[請益] 幫未成年的子女買股票,69
2022/3/31,[標的] 4175 杏一 長線多,46
2022/3/31,[心得] 2022Q1 腰斬排行榜,43
2022/3/31,[新聞] 長榮航總座：航空貨運市場依舊非常好 客,17
2022/3/31,[標的] 永豐金 2890多,63
2022/3/31,[情報] 0331 上市櫃外資投信同買排行,8
2022/3/31,[心得] 2022Q1 飆股排行榜,50
2022/3/31,[標的] AMD 衰神多,51
2022/3/31,[情報] 6655 科定 EPS 7.68. 現金股利4元,7
2022/3/31,[標的] 明基材 8215 蓋地基發財多,19
2022/3/31,[新聞] 巴克萊跟隨高盛步伐下調AMD目標價$115,23
2022/3/31,[新聞] 樂士董事會流會 無法出具去年財報,42
2022/3/31,[新聞] 美查陸企洗產地…太陽能台廠 迎轉單潮,6
2022/3/31,Re: [新聞]〈中信金法說〉預估我央行共升息2.5碼,26
2022/3/31,Re: [請益] 150萬短暫閒置資金該如何運用?,12
2022/3/31,[新聞] 基辛格回鍋英特爾一年「抱走51億薪酬」,18
2022/3/31,[標的] 6532.TW 瑞耘 多,2
2022/3/31,[新聞] 中信金：利率倒掛免驚 台股可望站上萬八,22
2022/3/31,[情報] 111年03月31日信用交易統計,23
2022/3/31,Re: [請益] 每月一萬如何配置？,0
2022/3/31,[新聞] 疫情爆發後首見 中國製造、服務業PMI同步,16
2022/3/31,[標的] 6469 大樹 多,17
2022/3/31,[請益] 重訊 6251定穎轉換股份為定穎投控,7
2022/3/31,[公告] 03/31 處置公告,10
2022/3/31,[情報] 2729瓦城110年EPS 7.04 股利4+3.15,36
2022/3/31,[新聞] 疫情多點爆發 快篩劑訂單狂追！出貨量翻,38
2022/3/31,[新聞] 發力金融服務！蘋果或啟動「突圍」計劃，開發支付處理技術,9
2022/3/31,[請益] 150萬短暫閒置資金該如何運用?,97
2022/3/31,[情報] 公告本公司未依規定期限公告申報財務報告,7
2022/3/31,[新聞] 謝金河：買合庫金投報率比台積電好,34
2022/3/31,[新聞] 日月光投控擬配息7元創新高 規劃設立社會,15
2022/3/31,[情報] Novavax向歐盟申請12~17歲打疫苗,9
2022/3/31,[情報] 0331八大公股銀行買賣超排行,44
2022/3/31,[新聞]〈中信金法說〉預估我央行共升息2.5碼,78
2022/3/31,Re: [標的] 1711.TW 永光 空,10
2022/3/31,[情報] 中環處分長榮普通股股票之公告,43
2022/3/31,Re: [心得] 違約交割,99
2022/3/31,Re: [標的] 長榮2603 老船長防線多,2
2022/3/31,Re: [請益] 特斯拉拆股，大利多，我韭直衝美股開海外,15
2022/3/31,[情報] 0331 上市櫃外資投信買超金額排行,2
2022/3/31,[情報] 111年03月31日 櫃買法人買賣金額統計表,35
2022/3/31,[新聞] 美股買進訊號來了？專家：這指標曝關鍵,28
2022/3/31,[請益] 每月一萬如何配置？,96
2022/3/31,[情報] 2442 新美齊 110年財報+開獎,6
2022/3/31,[新聞] 《時代雜誌》2022百大影響力企業　台積,14
2022/3/31,[新聞] NAND價漲量增群聯受惠 亞系外資重申買進,27
2022/3/31,[情報] 3711 日月光投控 股利 7,39
2022/3/31,Re: [新聞] 上海突襲封城　長榮航總座：旅客取消行程,13
2022/3/31,[新聞] 中信金、台新金、臺企銀…「用股息滾股,-10
2022/3/31,Re: [標的] 友達 空,20
2022/3/31,[新聞] 聯發科牛市循環近尾聲？大立光股價崩到,50
2022/3/31,[情報] 0331 上市外資買賣超排行,58
2022/3/31,[情報] 8454 富邦媒 EPS 18.02 股利 13+2,26
2022/3/31,[心得] 違約交割,92
2022/3/31,[新聞] 上海突襲封城　長榮航總座：旅客取消行程,15
2022/3/31,[標的] 大盤 空,15
2022/3/31,[心得] 殖利率高是存股唯一指標？討論其他可能考,24
2022/3/31,[情報] 1732毛寶 2月自結EPS 0.01,65
2022/3/31,[情報] 111年03月31日 三大法人買賣金額統計表,59
2022/3/31,[情報] 0331上市投信買賣超排行,73
2022/3/31,[新聞] 4月1日起免隔離入新加坡！新航、酷航全,97
2022/3/31,[情報] 1598 岱宇 EPS 3.48 股利2.5,7
2022/3/31,Re: [標的] 長榮2603 老船長防線多,44
2022/3/31,[閒聊] 2022/03/31 盤後閒聊,93
2022/3/31,Re: [標的] 2610 華航多,0
2022/3/31,[標的] 2610 華航多,9
2022/3/31,[標的] 5871.TW 中租-KY,44
2022/3/31,Re: [請益] 多久沒經歷這種量了,42
2022/3/31,Re: [標的］友達 空,27
2022/3/31,Re: [標的］友達 空,48
2022/3/31,Re: [新聞] 陸300萬噸肥料來了！東鹼應聲下挫逾,3
2022/3/31,Re: [新聞] SEC再開鍘！百度、愛奇藝列下市名單,10
2022/3/31,Re: [新聞] 陸300萬噸肥料來了！東鹼應聲下挫逾6%,27
2022/3/31,[新聞] 美國運輸部加快審查空中計程車認證規範,26
2022/3/31,[新聞] 美國擬大量釋放儲油壓低油價、對抗通膨,45
2022/3/31,[新聞] 印度政府電信行業PLI計劃 選定31家公司,1
2022/3/31,[新聞] SEC再開鍘！百度、愛奇藝列下市名單,30
2022/3/31,[新聞] 32位元MCU夯 新唐盛群沾光,40
2022/3/31,[閒聊] 2022/03/31 盤中閒聊,100
2022/3/31,[新聞] iPhone續用Face ID　郭明錤：屏下Touch,100
2022/3/31,[新聞] 不畏斷鏈和Omicron挑戰 露露檸檬上季業績,25
2022/3/31,[新聞] 新光金與台新金合併再露曙光！　將成立,100
2022/3/31,[新聞] 跟族人搏感情、顧生態，台泥獲二部落點,64
2022/3/31,[新聞] 劉德音示警：中國封控已影響終端消費,55
2022/3/30,[新聞] 國巨未來5年目標 成為全球最主要被動元件,47
2022/3/30,[新聞] 股神佩洛西又出手了！這次精準押注TSLA,32
2022/3/30,[新聞] 劉德音籲政府儘速做好配套措施 開放邊境,100
2022/3/30,[新聞] 俄烏戰爭效應 空運價反彈,12
2022/3/30,[情報] 0330 上市櫃外資投信同買排行,7
2022/3/30,Re: [新聞] 泰博快篩銷售破1500萬劑稱霸國內，解封,4
2022/3/30,[新聞] 永豐銀打擊詐欺洗錢犯罪 半年內查扣不法,17
2022/3/30,[情報] 0330 上市櫃外資投信買超金額排行,3
2022/3/30,[新聞] 台積電4月將調薪　董座劉德音說調幅「大,62
2022/3/30,[新聞] BioNTech去年Q4獲利超預期 擬祭15億美元,10
2022/3/30,[情報] 6195 詩肯 股利4.4,56
2022/3/30,[情報] 111年03月30日信用交易統計,31
2022/3/30,Re: [新聞] 泰博快篩銷售破1500萬劑稱霸國內，解封,14
2022/3/30,Re: [請益] 1708東鹼這線型怎麼弄出來的,3
2022/3/30,[新聞] Fed研究：財政政策造就美國的高通膨,41
2022/3/30,[情報]  日月光投控代子公司日月光半導體發股利,19
2022/3/30,[新聞] 鴻海Model C與E 獲曼谷車展節能休旅車等,34
2022/3/30,[情報]6165 浪凡 2021年EPS 2.63 配息:0.00000,31
2022/3/30,[情報] 0330八大公股銀行買賣超排行,65
2022/3/30,[請益] 00900.TW 富邦特選高股息,25
2022/3/30,[情報] 111年03月30日 櫃買法人買賣金額統計表,28
2022/3/30,[情報] 越南VinFast在美國設立電動車工廠,0
2022/3/30,[情報] 2206 三陽工業 EPS 2.3 配1.3,30
2022/3/30,[新聞] 陽明:今年仍具信心 俄烏戰後迎報復性反彈,95
2022/3/30,[情報] 2704 國賓 處分有價證券公告 中信金,13
2022/3/30,[情報] 官田鋼去年EPS 1.98元，1.2股息股利,11
2022/3/30,[情報] 5871中租-KY 股利分派,15
2022/3/30,[新聞] 高通公布1億美元「驍龍元宇宙基金」,21
2022/3/30,Re: [新聞] 陸300萬噸肥料來了！東鹼應聲下挫逾6%,11
2022/3/30,[新聞] 消費性MCU近期需求降溫跡象明顯,40
2022/3/30,"[新聞] 燁聯4月不銹鋼價格 每噸大漲12,000元",30
2022/3/30,[新聞]談銅價 智利礦業巨頭：至少12個月維持高檔,8
2022/3/30,[情報] 1532勤美董事會決議股利分派2.11,11
2022/3/30,[新聞] 沙國輸亞洲油價 每桶估大漲5美元,13
2022/3/30,[情報] 0330 上市外資買賣超排行,100
2022/3/30,[新聞] 陽明海運看後市：歐美長線價量有撐　亞,65
2022/3/30,[情報] 0330上市投信買賣超排行,49
2022/3/30,[新聞] 三地集團160MW漁電共生電廠 永豐主辦82億,39
2022/3/30,Re: [請益] 金融股要買委屈的還是創新高的,7
2022/3/30,Re: [新聞] 大魯閣紀念品最後買進日 股東數超富邦金,40
2022/3/30,[新聞] 美國參議院通過《美國競爭法》 強化台美,2
2022/3/30,[新聞] 謝金河：投資合庫金 報酬率比台積電還好,100
2022/3/30,Re: [新聞] 美房市脫離基本面 重現2008年金融海嘯泡,33
2022/3/30,[情報] 111年03月30日 三大法人買賣金額統計表,98
2022/3/30,[標的] 6138茂達 多,32
2022/3/30,Re: [請益] 金融股要買委屈的還是創新高的,12
2022/3/30,Re: [請益] 金融股要買委屈的還是創新高的,28
2022/3/30,[閒聊] 2022/03/30 盤後閒聊,66
2022/3/30,[新聞] 美房市脫離基本面 重現2008年金融海嘯泡,94
2022/3/30,Re: [請益] 買金控股比較穩定還是電信股？,8
2022/3/30,[標的] 2606.TW 裕民 尾盤嘎爆超級多,-10
2022/3/30,Re: [標的] 台新金 2887,46
2022/3/30,[心得] 打帶跑實戰之長榮開盤篇,72
2022/3/30,[新聞] 俄央行資本管制出奇效　盧布漲破90大關、,40
2022/3/30,[請益] 請教一下華航這兩天走勢,36
2022/3/30,Re: [請益] 現在是沒有人管 US10YY 了嗎?,13
2022/3/30,[新聞] 陸300萬噸肥料來了！東鹼應聲下挫逾6%,42
2022/3/30,[新聞] 台積電產能滿載 股價衝600元大關,83
2022/3/30,[標的]心悅。 新冠新藥二期解盲。多,6
2022/3/30,[新聞] 台積組CIS供應鏈 精材、采鈺樂,10
2022/3/30,[新聞] 目標2050再生能源占比將超過6成,52
2022/3/30,[新聞] 友達減資市場不買單?多家外資重申賣出,62
2022/3/30,[新聞] 官股鎖定10檔 逢低護盤,28
2022/3/30,[新聞] 大魯閣紀念品最後買進日 股東數超富邦金,70
2022/3/30,[新聞] 烏俄戰事推升通膨 聯詠、瑞昱不再猛追產,8
2022/3/30,[新聞] 印度半導體使命(ISM)推出四項計劃,16
2022/3/30,[新聞] 富爸爸撐腰眼球股 3檔大賺逾一股本,2
2022/3/30,[新聞] 外資同降NB、伺服器！降評廣達砍目標價,27
2022/3/30,[新聞] 俄政府擬將「海外俄概股」全面下市,37
2022/3/30,Re: [新聞] 反彈無視殖利率線倒掛 美銀示警熊市陷阱,3
2022/3/30,[請益] 金融股要買委屈的還是創新高的,99
2022/3/30,Re: [請益] 買金控股比較穩定還是電信股？,9
2022/3/30,Re: [標的] 2330.TW 台積電 多,55
2022/3/30,[請益] Re: [請益] 是不是該去美股了？,48
2022/3/30,[新聞] 衰退警鐘！2年/10年期美債殖利率短暫倒掛,30
2022/3/30,[新聞] 反彈無視殖利率線倒掛 美銀示警熊市陷阱,39
2022/3/30,Re: [新聞] 烏俄談判露曙光 俄承諾減少烏北軍事行動,6
2022/3/30,[新聞] 美光財測亮麗盤後飆 CEO：資料中心已成記,30
2022/3/30,[標的] 冠軍 減資資優生多,12
2022/3/30,[閒聊] 2022/03/30 盤中閒聊,100
2022/3/30,[標的] 2610.TW 華航 對做多,26
2022/3/30,Re: [請益] 是不是該去美股了？,26
2022/3/30,[新聞] 烏俄談判露曙光 俄承諾減少烏北軍事行動,56
2022/3/30,Re: [請益] 現在是沒有人管 US10YY 了嗎?,4
2022/3/30,[情報] US.MU 美光財報,15
2022/3/30,Re: [請益] 防禦性股票,24
2022/3/30,Re: [請益] 現在是沒有人管 US10YY 了嗎?,37
2022/3/29,[標的] 胡連 6279  多,11
2022/3/29,[標的] NTR.US 用力多,51
2022/3/29,[新聞] 美光今日盤後公佈業績，小摩/花旗提前唱多,67
2022/3/29,[情報] 4414 如興 EPS -2.31 股利0,46
2022/3/29,[標的] 美股 AMC,13
2022/3/29,Re: [標的] 1795.TW 美時 價值投資多,26
2022/3/29,[新聞] 有贊被暴裁員兩千人 一年市值蒸發四百億,5
2022/3/29,[心得] 由2019年 中環減資嘎空事件看友達,83
2022/3/29,[情報] 111年03月29日信用交易統計,24
2022/3/29,[新聞] 口罩「抗病毒專利」難言 萬泰科董座：艱,11
2022/3/29,[新聞] 麗清董事放棄認購股數達得認購股數1/2,2
2022/3/29,[新聞] 迎接後疫情時代 華航宣布四、五月增班20%,56
2022/3/29,[請益] 防禦性股票,68
2022/3/29,[新聞] 穩懋拋震撼彈 Q1毛利率恐下修,73
2022/3/29,[新聞] 華南金去年獲利創新高 股利有望重返1元以,28
2022/3/29,[情報] 2801彰銀 股利 0.5+0.1,56
2022/3/29,[情報] 越南Q1 GDP成長5.03%,34
2022/3/29,[新聞] 史上罰最重！丹尼爾投顧遭重罰300萬　董,22
2022/3/29,[請益] 有沒有高齡化概念股？,43
2022/3/29,[新聞] 台積、三星抗議補助不公 避免淪為職訓所,42
2022/3/29,[標的] 由田 3455 挖油多,26
2022/3/29,[情報] 0329 上市櫃外資投信同買排行,0
2022/3/29,[心得] 當沖賺便當x華孚給飯吃x薯條加大,54
2022/3/29,[新聞] 華新麗華4月不銹鋼內外銷盤價 全面調漲,56
2022/3/29,[情報]  0329八大公股銀行買賣超排行(手機截圖,33
2022/3/29,[公告] 03/29 處置公告,1
2022/3/29,[新聞] 鉀肥供不應求 中國政府宣布釋放大量儲備,42
2022/3/29,[情報] 0329 量大分點齊買,4
2022/3/29,[新聞] 馬士基：上海分批封控將使運輸成本提高,29
2022/3/29,[新聞] 高通今年起投片重回台積電懷抱，與聯發,45
2022/3/29,Re: [請益] 這次愛大錯了嗎？,37
2022/3/29,[情報] 0329 上市櫃外資投信買超金額排行,8
2022/3/29,[情報] 1312國喬現金股利2元,90
2022/3/29,[請益] 穩懋在中國養的豬現在如何了？,11
2022/3/29,[標的] 美股VT VOO,45
2022/3/29,[新聞] 2022年動盪的全球經濟情勢,3
2022/3/29,[公告] Stock 樂透開獎,18
2022/3/29,[情報]  5530 龍巖 EPS 3.36,36
2022/3/29,[新聞] 歐盟《Digital Markets Act》達成政治協,3
2022/3/29,[情報] 0329 上市外資買賣超排行,100
2022/3/29,[新聞] 健喬(4114) 決議實施第13次庫藏股買回,27
2022/3/29,[新聞] 美國提議與台日韓結盟 組半導體產業新聯,55
2022/3/29,[新聞] 馬斯克「慎重」考慮建造新社群平台,36
2022/3/29,[新聞] 《電腦設備》藍天配息創近7年新高 往後,13
2022/3/29,[請益] 面對外資降評，散戶一點辦法都沒有嗎？,78
2022/3/29,[新聞] 看衰股市 消費者信心9個月來最低,31
2022/3/29,[標的] 特斯拉又要拆股，股價要上火星了嗎,27
2022/3/29,Re: [請益] 康寧生醫 權力轉換 成土地？,9
2022/3/29,[新聞] 冠軍減資配息 發2元現金,10
2022/3/29,[情報] 111年03月29日 櫃買法人買賣金額統計表,42
2022/3/29,[情報] 0329 上市投信買賣超排行,62
2022/3/29,[情報] 111年03月29日 三大法人買賣金額統計表,92
2022/3/29,[標的] 1708東鹼長期持有多,45
2022/3/29,Re: [標的] 00905.TW FT台灣Smart ETF 討論,5
2022/3/29,[情報] 1514 亞力 股利分派,6
2022/3/29,[情報] 1312國喬110年EPS 6.47,52
2022/3/29,[新聞] 5G循環見頂 摩根大通降評聯發科,51
2022/3/29,[新聞] 伊爾艾朗：美國面臨生活成本危機 Fed 升,15
2022/3/29,[情報] 4142 國光生 EPS 0.1 股利0,6
2022/3/29,Re: [標的] 聯發科是不是沒救了,54
2022/3/29,[標的] 6488.TW 環球晶  谷底反彈？,8
2022/3/29,[標的] 00905.TW FT台灣Smart ETF 討論,24
2022/3/29,[新聞] 大摩看好世芯、環球晶,25
2022/3/29,[情報] 1708 東鹼 澄清報導,44
2022/3/29,[閒聊] 2022/03/29 盤後閒聊,52
2022/3/29,[新聞] 友達減資 一石三鳥,29
2022/3/29,[標的] 二哥與力積電的比價效應,36
2022/3/29,[請益] 綠電過來人，弱弱一問，股票注意轉處置時,18
2022/3/29,[標的] 東鹼嘎空多,17
2022/3/29,[新聞] 4月起新電價 工業大戶約漲3％,55
2022/3/29,Re: [新聞] 友達6.44元先配1元 3年股利平準化創舉打,23
2022/3/29,[請益] 為何當初彩晶會飆到30 ??,100
2022/3/29,[標的] 聯發科是不是沒救了,100
2022/3/29,[請益] 要如何克服追逐漲停價的心理壓力?,38
2022/3/29,[新聞]第2季5G手機晶片砍價！美系外資開槍降評聯,69
2022/3/29,[標的] 歐付寶嘎空多多,5
2022/3/29,[新聞] 泰博快篩銷售破1500萬劑稱霸國內，解封,16
2022/3/29,Re: [新聞] 友達6.44元先配1元 3年股利平準化創舉打,36
2022/3/29,[標的] 2330.TW 台積電 多,0
2022/3/29,[新聞] 友達6.44元先配1元 3年股利平準化創舉打,56
2022/3/29,[新聞] DRAM供過於求 Q2價格估續跌,42
2022/3/29,[新聞] 逾40元兆豐金還能買？　分析師：再漲空,51
2022/3/29,[標的] 2603.TW 長榮 長榮 下面那篇看錯新聞多,45
2022/3/29,[標的] 8069.TW 元太 鰻魚飯好吃,13
2022/3/29,[閒聊] 2022/03/29盤中閒聊,100
2022/3/29,[新聞] 張國華強勢「配息27.5元」大砍小金庫,42
2022/3/29,[標的] 2409.TW 友達 討論,20
2022/3/29,[情報] 6691 洋基工程去年EPS 15.83元及開獎,19
2022/3/29,[新聞] 特斯拉將再度分割股票 盤前股價聞訊漲近6,26
2022/3/29,"Re: [標的] 2409 友達 (進場110張,看好減資)",86
2022/3/29,[心得] 幾個定存股的操作心法分享,83
2022/3/29,"Re: [標的] 2409 友達 (進場110張,看好減資)",15
2022/3/29,[標的] 8487 愛爾達我爸爸多,31
2022/3/28,[新聞] 烏克蘭危機+通膨 傳蘋果擬減產iPhone及Ai,20
2022/3/28,[情報] 0328 處置股票與注意股票統計分析,2
2022/3/28,[情報] 6221 晉泰 財報+開獎,6
2022/3/28,[新聞] 晶圓代工三強 高盛砍目標價,32
2022/3/28,[新聞] 炒股賠了 雲南白藥2021年淨利減少49%,17
2022/3/28,Re: [新聞] 日圓兌新台幣遽貶 現鈔賣出0.2356元改寫,62
2022/3/28,[標的] 3008.TW 大立光 不知不覺居然破底,40
2022/3/28,[情報] 1235 興泰 開獎,2
2022/3/28,[新聞] 外資以電腦手機分析半導體供需 黃崇仁：,18
2022/3/28,[新聞] 英超足球聯賽 MOD愛爾達8月超重磅登場,43
2022/3/28,"Re: [請益] 小股東散戶組成""自救會""的作用?",7
2022/3/28,"[請益] 小股東散戶組成""自救會""的作用?",58
2022/3/28,[標的] NYSE: EOG頁岩油多,13
2022/3/28,"Re: [標的] 2409 友達 (進場110張,看好減資)",98
2022/3/28,[情報] 111年03月28日信用交易統計,36
2022/3/28,[請益] 友達到底是發現金幾塊,13
2022/3/28,[公告] Stock 板 開始舉辦樂透!(友達),5
2022/3/28,[標的] 環泰 4207 多,10
2022/3/28,[新聞] 日圓兌新台幣遽貶 現鈔賣出0.2356元改寫,78
2022/3/28,[情報] 藍天 110年3.03 股利2.1,46
2022/3/28,Re: [情報] 友達光電 發放股利及辦理現金減資,16
2022/3/28,Re: [請益] 台幣續貶，是外資不玩了嗎？,21
2022/3/28,[新聞] SEMI 預估今、明年晶圓出貨量低於預期，,27
2022/3/28,Re: [情報] 友達光電 發放股利及辦理現金減資,10
2022/3/28,Re: [情報] 友達光電 發放股利及辦理現金減資,31
2022/3/28,[新聞] 遭國際點名在俄營運 吳政忠：應配合捍衛,0
2022/3/28,[公告] 03/28 處置公告,6
2022/3/28,[新聞] 台揚2月自結虧損5500萬元 年減5成,53
2022/3/28,[情報] 0328八大公股銀行買賣超排行,25
2022/3/28,[情報] 0328 上市櫃外資投信同買排行,0
2022/3/28,[新聞] 美股債齊跌 投資人轉向現金、派息股,5
2022/3/28,[標的] 楠梓電 2316.tw 機會財多,11
2022/3/28,[新聞] 友達宣布減資2成加上盈餘分配每股可拿3元,36
2022/3/28,[新聞] 高盛：油價2字頭 全球大衰退,28
2022/3/28,[新聞] TSLA本年股東會投票表決再拆分,70
2022/3/28,Re: [情報] 聯合董事會決議不分派甲種特別股股息,6
2022/3/28,Re: [情報] 友達光電 發放股利及辦理現金減資,23
2022/3/28,[新聞] 調查：美近80%主動型基金經理人績效落後,15
2022/3/28,[情報] 0328 上市櫃外資投信買超金額排行,5
2022/3/28,[新聞] 供給受限惡化 國際黃豆價格看漲,13
2022/3/28,[情報] 1806 冠軍 EPS 2.29 股利1 減資10%,22
2022/3/28,[新聞] 上海浦東分區封控 華航、長榮宣布取消2,8
2022/3/28,[新聞] 2月景氣續亮黃紅燈 景氣擴張力道趨緩,32
2022/3/28,[創作] 死了都要Buy,16
2022/3/28,[情報] 2406國碩 EPS 0.09,5
2022/3/28,Re: [情報] 友達光電 發放股利及辦理現金減資,87
2022/3/28,[情報] 友達董事會通過三年股東報酬計畫&減資,57
2022/3/28,Re: [情報] 友達光電 發放股利及辦理現金減資,39
2022/3/28,[情報] 1215 卜蜂 EPS 5.06,20
2022/3/28,[情報] 友達光電 發放股利及辦理現金減資,100
2022/3/28,[情報] 3714 富采  辦理現金增資發行私募普通股,35
2022/3/28,[請益] 是不是該全面放空台股？,30
2022/3/28,[情報] 0328 上市外資買賣超排行,67
2022/3/28,[新聞] 友達下午4時30分重訊記者會！！,100
2022/3/28,[情報] 111年03月28日 櫃買法人買賣金額統計表,54
2022/3/28,[情報] 0328 上市投信買賣超排行,79
2022/3/28,[情報] 111年03月28日 三大法人買賣金額統計表,100
2022/3/28,[新聞] 蘋果傳下季iPhone SE產量大砍20%,47
2022/3/28,[新聞]質疑亞太電遭賤賣 小股東組自救會擬向董,12
2022/3/28,[標的] 2103台橡（跟著原物料多）,8
2022/3/28,[新聞]俄烏戰爭與高通膨夾擊 集邦估Q2 DRAM價格,5
2022/3/28,[標的] 2069.TW 運錩 多,10
2022/3/28,[閒聊] 2022/03/28 盤後閒聊,83
2022/3/28,[新聞] 網家：電商進入第二階段成長期,24
2022/3/28,[新聞] 台灣人笑了 台股第1季市值仍穩贏韓國,19
2022/3/28,[公告] Stock 樂透開獎,8
2022/3/28,[新聞] 本土疫情蔓延 台積電開盤下跌17元,35
2022/3/28,[新聞] 日本央行再度出手無限量購債 遏制殖利率,76
2022/3/28,Re: [新聞] 華爾街預測 Fed今年將進行「巨無霸」式,2
2022/3/28,Re: [請益] 台股來說穩定領6趴股利實務上是可行的嗎,17
2022/3/28,[情報] 富邦金 2021年淨利 年增 60.14%,42
2022/3/28,[新聞] 台積電高雄設廠再邁一步 中油高煉廠三區,61
2022/3/28,Re: [新聞] 華爾街預測 Fed今年將進行「巨無霸」式,20
2022/3/28,[請益] 關於疫情影響台股的層面,7
2022/3/28,[新聞] 疫情升溫引發恐慌賣壓　台股一度重挫逾30,47
2022/3/28,[標的] 8487.TW 愛爾達體育永動機 多,42
2022/3/28,Re: [請益] 貨運噴，為何電商不噴？,8
2022/3/28,"Re: [標的] 2409 友達 (進場110張,持續加碼)",94
2022/3/28,Re: [標的] 2412.TW 中華電 星鏈多,8
2022/3/28,[標的] 1210大成開獎後為何漲?,41
2022/3/28,[新聞] 法案審議再起，大麻股利多？,5
2022/3/28,Re: [新聞] 明年基本工資調幅 估5%起跳,8
2022/3/28,[請益] 元太(8069)與晶宏(3141),21
2022/3/28,[情報] 8440 綠電 自結2月EPS 0.01元,24
2022/3/28,[新聞] 華爾街預測 Fed今年將進行「巨無霸」式,41
2022/3/28,Re: [請益] 台股來說穩定領6趴股利實務上是可行的嗎,46
2022/3/28,[新聞] 明年基本工資調幅 估5%起跳,67
2022/3/28,[標的] 6508惠光,21
2022/3/28,[閒聊] 2022/03/28 盤中閒聊,100
2022/3/28,Re: [請益] 台股來說穩定領6趴股利實務上是可行的嗎,7
2022/3/28,[情報] 6446藥華藥:AOP反請求總金額約60億歐元,8
2022/3/28,Re: [請益] 台股來說穩定領6趴股利實務上是可行的嗎,35
2022/3/28,Re: [請益] 台股來說穩定領6趴股利實務上是可行的嗎,1
2022/3/28,[新聞] 航海王慘淪潛水艇 貨櫃3雄回穩先看2訊號,34
2022/3/28,Re: [請益] 台股來說穩定領6趴股利實務上是可行的嗎,13
2022/3/27,[新聞] 外資連三買 台積電轉機來了,65
2022/3/27,[請益] Re:台股來說穩定領6趴股利實務上是可行的嗎,29
2022/3/27,[標的] 1517 利奇 Rich,24
2022/3/27,[新聞] 美將中移動、中國電信和俄卡巴斯基列入黑,33
2022/3/27,[新聞] 上海明日凌晨五點封城 台積電：目前不影,47
2022/3/27,"Re: [標的] 2409 友達 (進場110張,持續加碼)",99
2022/3/27,Re: [請益] 台股來說穩定領6趴股利實務上是可行的嗎,39
2022/3/27,[新聞] 宏泰去年獲利大爆發 稅後純益26.9億元、,5
2022/3/27,[新聞] 中工有移工確診 工務所員工配合檢疫,4
2022/3/27,"Re: [新聞] 俄烏戰爭牽連台股 外資""跑路""4,800億元創歷史新高",-10
2022/3/27,[標的] 6485 點序 勇敢多,16
2022/3/27,[新聞] 挑戰「萬八」的下個催化劑 投顧點名台積,22
2022/3/27,Re: [請益] 台股來說穩定領6趴股利實務上是可行的嗎,100
2022/3/27,[新聞] 投信季底大爆買 台半、漢磊等16檔出線,52
2022/3/27,[新聞] 中石化去年賺3200億　創近十年最佳業績,60
2022/3/27,Re: [新聞] 快訊／今確診破200例！本土今年新高,57
2022/3/27,[新聞] 格芯輝達市值噴 老謝:台積聯電遭嚴重低估,62
2022/3/27,[標的] 台股大盤 本土疫情多空請益,32
2022/3/27,[公告] Stock 板 開始舉辦樂透!(大盤),14
2022/3/27,[新聞] 本土案例今年新高 法人:通膨仍是台股關鍵,16
2022/3/27,Re: [新聞] Fed加速升息預期轉濃 美債殖利率竄高,0
2022/3/27,[標的] 長榮 2603.tw 三天後抄底多,25
2022/3/27,[新聞] 台灣貨櫃三雄為何慘輸日航運股？謝金河,36
2022/3/27,[標的] 1732.TW 毛寶 疫情多,72
2022/3/27,[新聞] 快訊／今確診破200例！本土今年新高,98
2022/3/27,Re: [標的］友達 空,13
2022/3/27,[標的]  4739.TW 線仙多,21
2022/3/27,Re: [請益] [請益] 面對升息的未來買銀行股比較好還,8
2022/3/27,Re: [標的］友達 空,22
2022/3/27,[標的] 2313.TW 華通 低軌衛星中長多,58
2022/3/27,Re: [新聞] Fed加速升息預期轉濃 美債殖利率竄高,14
2022/3/27,Re: [請益] [請益] 面對升息的未來買銀行股比較好還,7
2022/3/27,Re: [標的] AMD. 強在晶片設計 or 製程? (vs.Intel),18
2022/3/27,[請益] [請益] 面對升息的未來買銀行股比較好還,69
2022/3/27,[新聞] Alphabet旗下量子運算單位Sandbox拆分獨,7
2022/3/27,Re: [請益] 水手請進 攤平或認錯,50
2022/3/27,[新聞] Fed加速升息預期轉濃 美債殖利率竄高,36
2022/3/26,[心得] 生小孩的股票市場論,19
2022/3/26,[請益] leap call 取代正股可行性?,23
2022/3/26,Re: [標的] 3005 神基 除息後走勢,3
2022/3/26,[新聞] 俄羅斯央行預告 股市28日恢復正常交易,62
2022/3/26,[情報] 匯僑(2904)董事會決議股利分派0.8,15
2022/3/26,Re: [請益] 這樣的績效是好的嗎？,1
2022/3/26,[標的] AMD. 強在晶片設計 or 製程? (vs.Intel),78
2022/3/26,Re: [請益] 量子糾纏和股市投資的課題,7
2022/3/26,"[請益] 好多公司用不同理由在""私募普通股""",12
2022/3/26,[標的] 長榮的借券是不是就主力自己的？,16
2022/3/26,[新聞] 半導體供應鏈受衝擊？　三星、台積電未回應,10
2022/3/26,Re: [新聞] 長榮減資6成   專家：洗小股東出場,48
2022/3/26,[新聞] Lordstown、PTT、Fisker 站台力挺，MIH,29
2022/3/26,[請益] 台股來說穩定領6趴股利實務上是可行的嗎,55
2022/3/26,[請益] 關於存股的前期跟後期？,29
2022/3/26,[新聞] 1年股利領200萬！不敗教主曝「存金融股,-10
2022/3/26,[新聞] 鋰礦成本暴增，大摩警告將破壞電動車需求面,19
2022/3/26,[情報] 5876上海商銀 股利1.8,85
2022/3/26,[新聞] 喊話三兄弟 長榮國際董座 不要引狼入室,29
2022/3/26,[新聞] 美銀卻警告：第二季股市可能迎強大賣壓,36
2022/3/26,[請益] 2000-2010美股是發生什麼事,42
2022/3/26,[標的] 富鼎 8261 多多益善,19
2022/3/26,[新聞] 鍋貼比台灣貴2倍！八方雲集進軍美國,67
2022/3/26,[新聞] 歐盟推出史上最嚴《數位市場法》,24
2022/3/26,[新聞] 國巨、長榮後…十銓現金減資3成,5
2022/3/26,[新聞] 快新聞／「日本將迎大時代」謝金河：日,65
2022/3/26,[新聞] 沙烏地儲油廠慘遭葉門叛軍攻擊！發射導,68
2022/3/26,[新聞] 耶魯大學列43家企業不理會撤出俄羅斯呼聲 台灣三大廠上榜,58
2022/3/26,Re: [新聞] Fed鷹聲 紐約聯準銀行總裁支持5月升息2碼,47
2022/3/26,[情報] 4540.TW 全球傳動  本公司針對員工確診COVID-19事宜之相關,15
2022/3/26,[新聞] 台股最恐慌時候已過　下半年行情開始暖身,100
2022/3/26,[新聞] Fed鷹聲 紐約聯準銀行總裁支持5月升息2碼,66
2022/3/26,[情報] 2316楠梓電 EPS2.94 現金股利1元,35
2022/3/26,[心得] Re: [心得] 打帶跑之實戰,0
2022/3/26,Re: [標的]  8091 翔名 希望來得及上車多,5
2022/3/26,Re: [標的] 2603 長榮 空 航運 is over,8
2022/3/26,[心得] 打帶跑之實戰,100
2022/3/26,Re: [請益] 現在是沒有人管 US10YY 了嗎?,21
2022/3/26,[情報] 6128上福股利2元,21
2022/3/25,"[新聞] 俄烏戰爭牽連台股 外資""跑路""4,800億元創歷史新高",60
2022/3/25,[新聞] 中股現「前所未見」出走潮，IIF：恐與俄,27
2022/3/25,[標的] 1711.TW 永光 空,20
2022/3/25,[標的] 3005 神基 除息後走勢,11
2022/3/25,[情報] 2637慧洋 股利 5.5,19
2022/3/25,[情報] 0325 違約交割,47
2022/3/25,[新聞] 貨櫃海運價格連10週走跌 美西線跌破8000,72
2022/3/25,Re: [請益] 水手請進 攤平或認錯,43
2022/3/25,[情報] 111年03月25日信用交易統計,30
2022/3/25,[情報] 2520冠德股利2.5元 2546根基2.6+1元股票,25
2022/3/25,[情報] 0325 上市櫃外資投信同買排行,2
2022/3/25,[情報] 0325 上市櫃外資投信買超金額排行,4
2022/3/25,[新聞] 費半強彈電子股卻熄火 專家揭關鍵 28檔Q1,34
2022/3/25,[情報] 6858 愛比科技 開獎,5
2022/3/25,Re: [新聞] 長榮現金減資爆陰謀論？本土法人三分析,0
2022/3/25,Re: [情報] 3551 世禾 110全年 EPS 7.16,11
2022/3/25,[公告] 03/25 處置名單：monkey471 = Gigih,5
2022/3/25,[新聞] 《半導體》新唐2月每股盈餘0.9元,24
2022/3/25,[情報] 0325八大公股銀行買賣超排行,51
2022/3/25,[情報] 2891中信金 股利 1.25,100
2022/3/25,[新聞] 反指標？看空半導體下修台積電目標價,17
2022/3/25,[情報] 8487愛爾達 EPS 2.08 股利現金1.1股票0.5,26
2022/3/25,[創作] 愛得正好,9
2022/3/25,[情報] 4967十銓 21Q4 EPS-2.28 全年 EPS-1.02,37
2022/3/25,Re: [請益] 水手請進 攤平或認錯,24
2022/3/25,[新聞] 萬海砸7億美元 建造5艘貨櫃船,64
2022/3/25,[新聞] 裕隆 公告本公司股利配發基準日,26
2022/3/25,[新聞] 輝達轉型成全方位運算平台商,11
2022/3/25,[情報] 1313 聯成二月自結 0.11,7
2022/3/25,[請益] 水手請進 攤平或認錯,100
2022/3/25,[情報] 2348海悅 EPS15.58 股利7+1,12
2022/3/25,[情報] 2027大成鋼 8415大國鋼 股利開獎,62
2022/3/25,[情報] 3033 威健 EPS 4.54 股利3.02,47
2022/3/25,[新聞] 逾70萬小資族大勝外資？ 台積電股價短線,60
2022/3/25,[情報] 0325上市外資買賣超排行,86
2022/3/25,[情報] 2349錸德 110財報 EPS(-0.49),9
2022/3/25,[情報] 1708 東鹼 2月自結0.57,58
2022/3/25,[新聞] 運價維持高檔 航運業獲利穩,33
2022/3/25,[情報] 9921 巨大 EPS15.81 股利10,5
2022/3/25,[新聞]【航運股攻略2】三雄怎麼選? 專家認為挑這,31
2022/3/25,[情報]1210 大成 EPS2.32 股利 1.5+0.5,32
2022/3/25,[情報] 炎洲開獎,26
2022/3/25,[情報] 111年03月25日 櫃買法人買賣金額統計表,67
2022/3/25,[情報] 4148 全宇生技 EPS3.09,4
2022/3/25,[新聞] 初領失業救濟金創52年新低 美股開盤走揚,6
2022/3/25,[新聞] 長榮現金減資爆陰謀論？本土法人三分析,36
2022/3/25,Re: [情報]富邦複委託取消低消限制,9
2022/3/25,[標的] SNDL.US賭博多,9
2022/3/25,[情報] 0325 SCFI指數 4434.07 (-106.24)-2.39%,88
2022/3/25,[標的] TESLA.US 討論 股價已反應到2030 ?,46
2022/3/25,[標的] 2723 美食KY 去年還不錯的85度C,26
2022/3/25,[情報] 111年03月25日 三大法人買賣金額統計表,92
2022/3/25,[情報] 0325 上市投信買賣超排行,56
2022/3/25,[心得] 長期投資的心得與觀察,62
2022/3/25,[新聞] 歐盟執委會核准2.09億歐元支持SK On匈牙,2
2022/3/25,[情報] 2028 威致 EPS5.11 股利2.5,7
2022/3/25,[請益]  6788華景電,6
2022/3/25,[新聞] 亞洲貨運量運價望回升 貨櫃三雄將大成長,100
2022/3/25,[閒聊] 2022/03/25 盤後閒聊,24
2022/3/25,[新聞] 淘特放棄「效仿」拼多多,0
2022/3/25,Re: [新聞] 外資》瑞信：電視面板價格回穩 看好友達,19
2022/3/25,Re: [新聞] 北極星-KY上市案通過，最快第二季掛牌,3
2022/3/25,Re: [新聞] 元太積極擴產 H1營運看旺,17
2022/3/25,[情報] 聯合董事會決議不分派甲種特別股股息,9
2022/3/25,[新聞] 法人唱旺元太、喊上200元 「鰻魚飯」貴,12
2022/3/25,Re: [標的] 3033.TW 威健 應該配得不錯多,30
2022/3/25,Re: [新聞] 減資疑雲 張國華一次說清楚,54
2022/3/25,[新聞] 外資》瑞信：電視面板價格回穩 看好友達,37
2022/3/25,Re: [新聞] 金管會查外資報告牽涉4大基金績效？,0
2022/3/25,Re: [新聞] 北極星-KY上市案通過，最快第二季掛牌,5
2022/3/25,[新聞] 減資疑雲 張國華一次說清楚,49
2022/3/25,[新聞] NCC即將開放申請低軌道衛星執照 已有三家,6
2022/3/25,[新聞] 能源危機近，美科技大佬齊擁核,79
2022/3/25,[標的] 2603.TW 長榮 抄底多,60
2022/3/25,[新聞] 元太目標價 喊到200元,51
2022/3/25,[情報] 5245智晶 股利4.5元,0
2022/3/25,Re: [新聞] 外資喊買台積電卻大賣　證交所派稽查人,17
2022/3/25,[新聞] 逸達前列腺癌新劑型新藥 獲歐盟CHMP建議,21
2022/3/25,[閒聊] 2022/02/25盤中閒聊,97
2022/3/25,Re: [請益] 美股科技股高報酬時代要終結了嗎,66
2022/3/25,[新聞] 金管會查外資報告牽涉4大基金績效？,41
2022/3/25,Re: [新聞] 外資喊買台積電卻大賣　證交所派稽查人,29
2022/3/25,[新聞] 果粉想換機不用大失血 傳蘋果將推硬體訂,18
2022/3/25,Re: [新聞] 俄烏戰爭台灣也受害! 外資落跑有史以來,1
2022/3/25,[標的] 2618 長榮航多,16
2022/3/25,[新聞] 俄烏戰爭台灣也受害! 外資落跑有史以來,34
2022/3/25,[請益] 原物料概念股的漲價邏輯,29
2022/3/24,[情報] 0324 上市櫃外資投信同買排行,3
2022/3/24,[創作] 一閃一閃亮晶晶-微星,2
2022/3/24,[情報] 0324 上市櫃外資投信買超金額排行,6
2022/3/24,[情報] 0324 處置股票與注意股票統計分析,4
2022/3/24,[請益] 股價成本會影響您對長榮減資的考量嗎?,84
2022/3/24,[新聞] 外資喊買台積電卻大賣　證交所派稽查人力,85
2022/3/24,[情報] 力特 2021Q4 EPS:2.33 ，2021 EPS:4.76,62
2022/3/24,Fw: [情報]富邦複委託取消低消限制,100
2022/3/24,[情報] 3491昇達科 股利3.2+0.8,6
2022/3/24,[情報] 特力(2908)董事會決議股利分派1.28,5
2022/3/24,[情報] 111年03月24日信用交易統計,42
2022/3/24,[情報] 1220台榮 eps 1元/股利 1元,9
2022/3/24,[新聞] 美國對352項中國產品恢復關稅豁免 延至20,48
2022/3/24,[新聞] 上市公司女董又出事！涉內線交易削千萬遭搜索　曾吞公司1.1,19
2022/3/24,[情報] 6121新普  股利26,16
2022/3/24,[情報] 0324八大公股銀行買賣超排行,59
2022/3/24,[情報] 0324違約交割,49
2022/3/24,[新聞] Fed梅斯特再次呼籲加快升息腳步,34
2022/3/24,[新聞]康普今年硫酸鈷產能擴充兩倍,25
2022/3/24,[情報]8390金益鼎 財報3.47 股利1.8 減資20%,8
2022/3/24,[標的] 6407 相互 多,25
2022/3/24,[情報] 111年03月24日 櫃買法人買賣金額統計表,33
2022/3/24,[新聞] 鳳凰去年每股賺1.17元 擬派利2元,33
2022/3/24,[情報] 正新 盈餘分配之現金股利(元/股)： 1.2,11
2022/3/24,[標的] 2377.TW 微星 想抄短線不慎套牢 請益,100
2022/3/24,[新聞] 涉原油基金配售不公 街口支付負責人胡亦,14
2022/3/24,[請益] 買定存股當退休金股價一直漲該持續買進嗎,34
2022/3/24,[情報] 1708 東鹼 110年EPS 2.69 股利 2,30
2022/3/24,[新聞] 不法獲利9千萬！追募街口布蘭特原油ETF,32
2022/3/24,[新聞] 謝金河高喊航海王太委屈 再曝長榮2大利多,98
2022/3/24,[新聞] 備戰國境開放 龍頭級旅行社停止無薪假,57
2022/3/24,[新聞] 去年全球前十大IC設計營收破千億美元 台,5
2022/3/24,[情報] 3551 世禾 110全年 EPS 7.16,8
2022/3/24,[情報] 0324 上市外資買賣超排行,86
2022/3/24,[情報] 6468網石 110財報 EPS7.34,12
2022/3/24,[新聞] 不准做空有效？俄羅斯股市開盤後急拉,39
2022/3/24,[情報]  2101 南港 110年EPS -0.29,16
2022/3/24,[情報] 3532台勝科 2月自結EPS 0.76,33
2022/3/24,[新聞] 力積電推「賺的多」洋芋片 校園徵才萌商,36
2022/3/24,[情報] 6761穩得 110財報 EPS8.54 股利5.8,21
2022/3/24,[請益] 該多收一點含台積電的ETF嗎？,47
2022/3/24,[情報] 2731 雄獅 110年EPS -6.43,52
2022/3/24,Re: [新聞] 顯卡一天跌35% 華碩砍價 微星技嘉跟進,15
2022/3/24,[情報] 111年03月24日 三大法人買賣金額統計表,100
2022/3/24,[情報] 0324 上市投信買賣超排行,100
2022/3/24,[情報] 9955佳龍 110年EPS -0.95,24
2022/3/24,Re: [新聞] 台泥和平續開採部落 諮商投票同意了,16
2022/3/24,[新聞] Nvidia考慮外包英特爾 陸：拿雞毛當令箭,30
2022/3/24,[情報] 2221大甲 110財報 EPS4.27 股利3.0,26
2022/3/24,[情報] 1711 永光 110年eps 0.86 股利0.5,11
2022/3/24,[新聞] 台泥和平續開採部落 諮商投票同意了,55
2022/3/24,[閒聊] 2022/03/24 盤後閒聊,40
2022/3/24,[新聞] 謝金河：龍頭失威 台股弱勢冠全球,98
2022/3/24,[新聞] 輝瑞向聯合國售出新冠口服藥,4
2022/3/24,[新聞] 普丁狂賭？俄股關門1個月今開市,45
2022/3/24,[新聞] 顯卡一天跌35% 華碩砍價 微星技嘉跟進,100
2022/3/24,[新聞] 市場波動加劇 外資砍這3檔目標價,10
2022/3/24,[情報] 2404漢唐 股利開獎13,16
2022/3/24,[新聞]大摩:記憶體需求疲軟 保守看南亞科 華邦電,80
2022/3/24,[公告] 投顧梗圖 請標上日期,30
2022/3/24,[標的] 6192 巨路 存骨多~,21
2022/3/24,[新聞] 大江去年財報及前景不佳，亞系外資降評「,22
2022/3/24,Re: [新聞] 護神山 金管會向外資宣戰 點名9家外,6
2022/3/24,[新聞] 元太獲利強勁成長 野村上調目標價至193元,45
2022/3/24,[新聞] 割韭菜了？大魯閣早盤從漲9%到殺跌停,100
2022/3/24,Re: [標的] 長榮航空,4
2022/3/24,[新聞] 北極星-KY上市案通過，最快第二季掛牌,5
2022/3/24,[新聞] 「彰化銀股權」何時清零？ 台新金林維俊,19
2022/3/24,Re: [標的] 長榮航空,12
2022/3/24,[請益] 第一證券融資利率的幣別是?,5
2022/3/24,[新聞] 鈊象賺67元配60元！ 不敗教主卻曝1隱憂,-10
2022/3/24,Re: [標的] 大魯閣(1432) 賣出,99
2022/3/24,[標的] 1723 中碳,8
2022/3/24,[新聞] 藥華藥解除全額交割 看4月,5
2022/3/24,[請益] 降低波段投資部位增加定期定額,7
2022/3/24,[新聞] NVIDIA推核彈級GPU　搭台積4奈米製程「,45
2022/3/24,[新聞] 元太積極擴產 H1營運看旺,36
2022/3/24,[新聞] 蒲亭：不友善國家買天然氣要用盧布,80
2022/3/24,Re: [新聞] 網家延攬周磊擔任投資長暨策略長 將主導,3
2022/3/24,Re: [新聞] 護神山 金管會向外資宣戰 點名9家外資,20
2022/3/24,[閒聊] 2022/03/24 盤中閒聊,100
2022/3/24,[標的] 3419 譁裕 請益,3
2022/3/24,Re: [新聞] 護神山 金管會向外資宣戰 點名9家外資,15
2022/3/24,[新聞] 禁止放空！俄國24日恢復股市交易,45
2022/3/24,[新聞] 歐洲鋼價飆 中鋼銷歐傳捷報,24
2022/3/24,[新聞] 護神山 金管會向外資宣戰 點名9家外資,97
2022/3/24,Re: [請益] 玩波段通常設定幾%停損？,4
2022/3/24,[情報] 6138 茂達去年EPS 12.9元及開獎,7
2022/3/24,[請益] 確定自己是反˙主力怎麼辦？,55
2022/3/24,[情報]1608華榮開獎,1
2022/3/23,[標的] 1101台泥 繼續開採多,19
2022/3/23,[情報] 王道銀行2897開獎,37
2022/3/23,[新聞] 1101台泥獲部落諮商票決同意 可續採礦,39
2022/3/23,Re: [心得] 大盤.,0
2022/3/23,[情報] 2393億光 110財報 EPS4.37 股利3.5,10
2022/3/23,[新聞] 特斯拉德國超級工廠正式交付電動車，預估,54
2022/3/23,[新聞] 受疫情重創 大陸航空業今年前兩月虧損200,13
2022/3/23,[情報] Adobe Q1營收同比增長 Q2指引不如預期,9
2022/3/23,Re: [標的] 美股ETF推薦,30
2022/3/23,[請益] 玩波段通常設定幾%停損？,99
2022/3/23,[新聞] 國安基金銀彈提高？蘇建榮：5000億還夠,20
2022/3/23,[新聞] 麗清去年EPS 1.03元 擬配發現金股利0.62,4
2022/3/23,[新聞] 建大去年每股賺1.01元 擬配發現金股利1元,10
2022/3/23,[新聞] 中華電信光世代月租費4月起調降,20
2022/3/23,[情報] 科誠 110年4.61 股利3 配股1,4
2022/3/23,[情報] 111年03月23日信用交易統計,25
2022/3/23,[情報] 3541西柏 財報 EPS 3.38 股利3,12
2022/3/23,[情報] 0323 上市櫃外資投信同買排行,5
2022/3/23,[情報] 0323 上市櫃外資投信買超金額排行,1
2022/3/23,[新聞] 三級警戒衝擊 全家獲利和EPS均探近六年低,55
2022/3/23,Re: [標的] 綠電 多,14
2022/3/23,[情報] 6435大中 110年EPS 13.09 股利7.2,20
2022/3/23,[標的] 美股ETF推薦,72
2022/3/23,[情報] 9914 美利達 110eps 15.55|股利 8,5
2022/3/23,[公告] 03/23 處置公告,2
2022/3/23,[情報] 2323中環處分富邦未來車 ETF基金,60
2022/3/23,[情報] 老爺知 董,47
2022/3/23,[情報] 0323八大公股銀行買賣超排行,51
2022/3/23,[情報] 2614東森 減資10% EPS 1.37 股利1,23
2022/3/23,[情報] 陸海5603開獎4元現金還有配股,12
2022/3/23,[新聞] 微星法說會後，多家外資維持原評等，亞、,17
2022/3/23,[情報] 日電貿 股利開獎,16
2022/3/23,[情報] 0323 量大分點齊買,13
2022/3/23,[新聞] 聯強取得普羅森科技全產品代理權，搶攻3D,14
2022/3/23,[新聞] 鴻海擬配發5.2元現金股利 殖利率約4.92%,28
2022/3/23,[情報] 巨路 110年7.96 股利4 現金減資10%,16
2022/3/23,[心得] 當沖繳學費x東鹼來上課x薯條加大,61
2022/3/23,Re: [情報] 2834台企銀2月份自結 EPS 0.08,47
2022/3/23,[情報] 2471 資通 110年EPS2.42，股利2.24,1
2022/3/23,[情報] 2247 汎德永業 110年EPS 15.36  股利12,18
2022/3/23,Re: [標的] 8069 元太 殺手級應用_多,21
2022/3/23,[情報] 2317 鴻海股利開獎 5.2,72
2022/3/23,[情報] 0323 上市外資買賣超排行,100
2022/3/23,[情報] 6104創惟公布2月自結數1.29元,43
2022/3/23,[情報] 111年03月23日 櫃買法人買賣金額統計表,38
2022/3/23,[情報] 2707 晶華 股利 12.3925,24
2022/3/23,[新聞] 股市重啟在望？莫斯科證交所下令禁止放空,56
2022/3/23,[標的] 美股 PLTR JMIA SOFI,27
2022/3/23,[情報] 111年03月23日 三大法人買賣金額統計表,94
2022/3/23,[新聞]哥哥派奇襲發動長榮鋼鐵提早改選 殷琪是,51
2022/3/23,[情報] 0323 上市投信買賣超排行,68
2022/3/23,Re: [標的] 2034允強_等待上漲,15
2022/3/23,[情報] 2524京城 110年EPS 4.54 股利0,80
2022/3/23,[情報] 9927泰銘 財報 EPS 4.0 股利4.5,18
2022/3/23,Re: [心得] 股市菜雞的心得分享與勸世交流,11
2022/3/23,[新聞] 飛宏電動車布局邁大步 傳充電樁獲福斯認證通過,19
2022/3/23,[閒聊] 2022/03/23 盤後閒聊,55
2022/3/23,[新聞] 蔡明彰觀點：俄烏戰爭時間延長 鋼鐵、航,2
2022/3/23,Re: [心得] 股市菜雞的心得分享與勸世交流,10
2022/3/23,Re: [心得] 股市菜雞的心得分享與勸世交流,23
2022/3/23,[新聞] Fed將加速升息？國安基金密切注意,9
2022/3/23,[標的] 3033.TW 威健 應該配得不錯多,29
2022/3/23,[新聞] 永豐金預測台灣央行利率走勢 全年升息3碼,73
2022/3/23,[標的] 5230 雷笛克光學,13
2022/3/23,[新聞] 不賣了！ 潤成股本2238億元直逼台積電成,38
2022/3/23,[新聞] 義大利以提供40%資金拉攏英特爾投資,61
2022/3/23,[新聞] 少了俄羅斯石油 全球逃不過經濟衰退,53
2022/3/23,[請益] 借券&融券&借不到?,6
2022/3/23,[情報] 2414 精技 股利開獎,14
2022/3/23,[標的] 3360尚立 轉機小股本 多,16
2022/3/23,[新聞] 2022年全球晶圓設備支出突破千億美元 台,6
2022/3/23,[標的] NVDA 該空就空,20
2022/3/23,[標的] 大魯閣(1432) 賣出,39
2022/3/23,"[新聞] 台股早盤漲逾百點站上17,700點 台積開盤",13
2022/3/23,[新聞] Fed 到底會多激進？5、6 月極可能升 2 碼,50
2022/3/23,[標的] 2546 根基穩穩多,17
2022/3/23,[新聞] 特斯拉領漲，美電動車盼增市占,12
2022/3/23,[請益] 升降息對銀行股是多或空？,23
2022/3/23,[閒聊] 2022/03/23 盤中閒聊,100
2022/3/22,[標的] $ELP 巴西最大公有發電廠,3
2022/3/22,[標的] 5009.TW  繼續多,12
2022/3/22,[新聞] 外資唱旺海運 喊買長榮,78
2022/3/22,[新聞] 元太推新全彩電子紙模組 攻室內廣告商機,14
2022/3/22,[新聞] 大摩：股市仍處於熊市 投資人應趁近期反彈,100
2022/3/22,[新聞] 高通豪擲1億美元 成立元宇宙基金,32
2022/3/22,[新聞] 原物料飆漲衝擊獲利，南僑2月EPS 0.02元,39
2022/3/22,[情報] 0322 處置股票與注意股票統計分析,8
2022/3/22,[情報] 聲寶股利開獎,13
2022/3/22,[新聞] 外資報告4大缺失 近10年9家券商挨罰,22
2022/3/22,Re: [新聞] 橡膠面板太陽能走強　台股攀高震盪,70
2022/3/22,[新聞] 美公債殖利率曲線倒掛 郭哲榮:別過度擔心,49
2022/3/22,[新聞] 〈國泰金法說〉國泰金今年仍以現金股息,63
2022/3/22,[新聞] 分析：烏克蘭3-6月可能僅出口20萬噸小麥,11
2022/3/22,[新聞] 妖鎳見曙光！今打開跌停但每噸失守3萬美,21
2022/3/22,[情報] 111年03月22日信用交易統計,29
2022/3/22,Re: [情報] 0322 上市投信買賣超排行,6
2022/3/22,[情報] 0322 量大分點齊買,0
2022/3/22,[新聞] 大聯大每股擬配3.5元現金股利 殖利率達6%,-10
2022/3/22,Re: [其他]20200319後繼續蓋第一金零股塔到今天會?,19
2022/3/22,[情報] 6462神盾110年EPS -3.11 股利10,47
2022/3/22,[新聞] 業者:俄烏停戰後 估半年才能恢復鋼鐵供應,45
2022/3/22,[情報] 0322 上市櫃外資投信同買排行,9
2022/3/22,[新聞] 《半導體》聯詠好慘 又一家外資唱衰TDDI,0
2022/3/22,[情報] 1473台南 110財報 EPS(-0.92),26
2022/3/22,[情報] 0322八大公股銀行買賣超排行,49
2022/3/22,[情報] 大聯大 股利開獎,37
2022/3/22,[標的] 驅動IC公司未來有可能維持高毛利高獲利嗎,13
2022/3/22,Re: [新聞] 美銀：原油庫存接近見底 WTI恐上演無法交割的歷史性軋空,7
2022/3/22,[情報] 0322 上市櫃外資投信買超金額排行,3
2022/3/22,[情報]3209全科110年EPS 4.05 股利2.4+0.8,51
2022/3/22,Re: [新聞] 美銀：原油庫存接近見底 WTI恐上演無法交割的歷史性軋,6
2022/3/22,[情報] 9939.TW 宏全 開獎,8
2022/3/22,[新聞] 美銀：原油庫存接近見底 WTI恐上演無法交割的歷史性軋空,33
2022/3/22,[情報] 3010 華立 110年EPS12.05 股利6.8,5
2022/3/22,[新聞] 《電腦設備》微星去年3率3升 今年Q2蹲H2,6
2022/3/22,[情報] 4123.tw 晟德 開獎,3
2022/3/22,[新聞] 不是打炒房？ 這檔靠賣屋今年股價飆漲73%,9
2022/3/22,[情報]  8112 至上110年EPS 7.02 股利 4,63
2022/3/22,[新聞] 固態電池商品化時程有機會提前到2024年,6
2022/3/22,[新聞] 市場流出資訊表明，蘋果尚未決定要自行開,12
2022/3/22,[新聞] 半導體業景氣走向與發展趨勢之探索,0
2022/3/22,[新聞] 40元差一步 中鋼能追？分析師曝關鍵價位,37
2022/3/22,[新聞] 國際油價強彈 二檔原油ETF大漲,17
2022/3/22,[新聞] 鮑爾：若得更大幅升息遏止通膨 聯準會準,32
2022/3/22,[情報] 5701劍湖山 110財報 EPS(-0.65),33
2022/3/22,[情報] 9943好樂迪 減資15% EPS0.43 股利0.5,38
2022/3/22,[情報] 0322 上市外資買賣超排行,69
2022/3/22,[心得] 近半年個人標的紀錄,50
2022/3/22,[新聞] 金寶上演經營權之爭？許勝雄說「對人性,13
2022/3/22,[新聞] 統一砸541億吃台灣家樂福？外媒曝已獲優,36
2022/3/22,[請益] 存股ETF or 個股？,40
2022/3/22,[請益] 存股兆豐但最近又買不下去,100
2022/3/22,[新聞]預售屋轉售第三人最高罰3百萬 最快7月上路,88
2022/3/22,[情報] 111年03月22日 櫃買法人買賣金額統計表,33
2022/3/22,Re: [請益] 海運是不是已經不想發船了...？,32
2022/3/22,[新聞] 世芯-KY 全年挑戰賺三個股本,29
2022/3/22,[情報] 111年03月22日 三大法人買賣金額統計表,100
2022/3/22,[標的] 2330 台積電 多更多,50
2022/3/22,[情報] 0322 上市投信買賣超排行,62
2022/3/22,[新聞] 高盛預計聯準會 5、6月將各升息2碼,43
2022/3/22,[新聞] 俄羅斯盧布匯價穩定 恢復OFZ債券交易,6
2022/3/22,[新聞] 美銀砍價10檔電子股 台積入列大立光最慘,28
2022/3/22,Re: [新聞] 鮑威爾說Fed將採取必要措施解決通膨問題,20
2022/3/22,[情報] 1722台肥 110年EPS 3.1 股利2.8,13
2022/3/22,[標的] 4919新唐 卡三月營收多,43
2022/3/22,[公告] Stock 樂透開獎,31
2022/3/22,[新聞] 國巨1.3億元出售新竹不動產 處分利益7483,10
2022/3/22,Re: [心得] 股市菜雞的心得分享與勸世交流,2
2022/3/22,Re: [請益] 海運是不是已經不想發船了...？,17
2022/3/22,[閒聊] 2022/03/22 盤後閒聊,37
2022/3/22,Re: [心得] 股市菜雞的心得分享與勸世交流,5
2022/3/22,Re: [新聞] 挖礦機制改變 需求縮水,11
2022/3/22,[情報] 1234黑松 110財報 EPS1.98 股利1.7,30
2022/3/22,[新聞] 大摩保守看待驅動IC 聯詠目標價313元,62
2022/3/22,Re: [請益] 海運是不是已經不想發船了...？,23
2022/3/22,[標的] 心臟壞掉的驊訊,50
2022/3/22,[心得] 當沖賠便當x高林空失敗x薯條加大,65
2022/3/22,Re: [心得] 股市菜雞的心得分享與勸世交流,4
2022/3/22,Re: [心得] 股市菜雞的心得分享與勸世交流,14
2022/3/22,[標的] 2915.TW潤泰全 公佈股利多,23
2022/3/22,Re: [情報] 中國東方航空波音737客機MU5735失事,6
2022/3/22,[新聞] 挖礦機制改變 需求縮水,58
2022/3/22,[新聞] 別再存金融股？分析師直言：有3大隱憂,53
2022/3/22,[新聞] 馬斯克與中國的密切關係讓華盛頓不太安心,25
2022/3/22,Re: [標的] 2393 億光 超級多,8
2022/3/22,Re: [標的] 長榮航空,5
2022/3/22,Re: [標的] 興富發 2542 多,43
2022/3/22,[新聞] 彭博：台灣家樂福 數週內將賣給統一,100
2022/3/22,Re: [心得] 股市菜雞的心得分享與勸世交流,20
2022/3/22,Re: [心得] 股市菜雞的心得分享與勸世交流,11
2022/3/22,[標的] 2393 億光 超級多,23
2022/3/22,Re: [新聞] 鮑威爾說Fed將採取必要措施解決通膨問題,13
2022/3/22,[新聞] 外資喊多權王卻大賣 查,31
2022/3/22,[新聞] 研調：電子標籤成長高於預期 電子紙彩色,28
2022/3/22,[心得] 股市菜雞的心得分享與勸世交流,81
2022/3/22,[新聞] 外資服務多元 買賣、分析不同掛,4
2022/3/22,[新聞] 宏碁「咬錢虎」報喜 4檔配息大手筆,12
2022/3/22,[閒聊] 2022/03/22 盤中閒聊,100
2022/3/22,[新聞] 歐盟考慮對俄祭石油禁運 油價漲逾7%,30
2022/3/22,[新聞] 中鋼 前二月賺近百億元,53
2022/3/22,[新聞] 鮑威爾說Fed將採取必要措施解決通膨問題,24
2022/3/22,[情報] Powell 談話整理,13
2022/3/22,Re: [新聞] 中國恆大及旗下二公司在港交所暫停交易,3
2022/3/22,[新聞] 存股族注意! 金管會同意壽險業多發股利,96
2022/3/21,[情報] 0321 上市櫃外資投信同買排行,10
2022/3/21,[新聞] 再多一次！高端涉炒股 金管會：已移送6,81
2022/3/21,[新聞] 緯穎重挫逾6%失守千金價　原來是自家人一,19
2022/3/21,Re: [標的] 3028  增你強 中二多,19
2022/3/21,[新聞] 拿不到台積電晶片 華日：俄武器研發將受挫,11
2022/3/21,[新聞] 中國恆大及旗下二公司在港交所暫停交易,8
2022/3/21,[情報] 0321 上市櫃外資投信買超金額排行,1
2022/3/21,[新聞] 老巴睽違數年終於收購公司啦！,14
2022/3/21,[請益] 現在是沒有人管 US10YY 了嗎?,29
2022/3/21,[新聞] 三星也要用聯發科天璣 9000 處理器？,26
2022/3/21,[標的] 3028.TW 增你強  3702.TW 大聯大 討論,-10
2022/3/21,[新聞] 歐盟考慮禁運俄油 國際油價再站上110美元,52
2022/3/21,Re: [標的] 2886.TW 兆豐金 安穩領息睏霸多,32
2022/3/21,[情報] 長榮鋼 開獎,9
2022/3/21,[新聞] 微星去年賺逾兩股本，Q1不淡，週二線上法,7
2022/3/21,[情報] 111年03月21日信用交易統計,38
2022/3/21,[新聞] 長榮航看貨運 今年不會差,32
2022/3/21,Re: [新聞] 《半導體》聯詠遭外資開槍 全因這件事,4
2022/3/21,[新聞] 外資賣散戶撿 台積電持股人數達122萬再創,19
2022/3/21,[新聞] 主管機關嚴重失職？台積電權重太高 連005,-10
2022/3/21,[情報] 3293鈊象110年EPS 67.21 股利 50+10,70
2022/3/21,[新聞] 東元、大同 車用馬達出貨旺,18
2022/3/21,Re: [請益] 量子糾纏和股市投資的課題,5
2022/3/21,[新聞] 超級航運週慘況重演 網驚見1大關鍵：船,16
2022/3/21,[情報] 0321八大公股銀行買賣超排行,61
2022/3/21,[情報] 增你強 股利開獎,100
2022/3/21,[新聞] 全家跌破200元整數大關 2年來首見,100
2022/3/21,[情報] 1227 佳格 110年EPS 2.7 股利1.9,42
2022/3/21,[新聞]外資報告看好台積電卻反手賣 金管會允調查,21
2022/3/21,[新聞] 美國8次升息循環 台股平均大漲43.57％,37
2022/3/21,[請益] 扣除台積電的大盤點數,2
2022/3/21,[情報] 2377 微星董事會決議發放股利10.5,47
2022/3/21,Re: [請益] 量子糾纏和股市投資的課題,17
2022/3/21,[情報] 3628盈正  110年財報  EPS1.60 股利1.25,4
2022/3/21,Re: [新聞] 日本央行預告下週一出手無限量購債 遏制,18
2022/3/21,[新聞] 《半導體》聯詠遭外資開槍 全因這件事,45
2022/3/21,[情報] 2377 微星 110年eps 20.03,16
2022/3/21,[創作] 三竹智選股 選股app,52
2022/3/21,Re: [情報] 中國東方航空波音737客機MU5735失事,29
2022/3/21,[情報] 2368金像電110年eps 5.41 股利2.2 減資10%,41
2022/3/21,[請益] 量子糾纏和股市投資的課題,33
2022/3/21,[情報] 中國東方航空波音737客機MU5735失事,50
2022/3/21,[情報] 0321 上市外資買賣超排行,67
2022/3/21,[標的] 00899.TW 潔淨能源ETF 短多,5
2022/3/21,[情報] 1459聯發 財務報告EPS2.01 股利0.2,17
2022/3/21,[標的] 9802 鈺齊,7
2022/3/21,[新聞] 《航運股》長榮揮別減資之亂 亞系外資力,38
2022/3/21,[情報] 1432大魯閣 合併財務報表 EPS:-2.05,100
2022/3/21,[情報] 111年03月21日 櫃買法人買賣金額統計表,26
2022/3/21,[情報] 111年03月21日 三大法人買賣金額統計表,94
2022/3/21,[新聞] 友達宣示 2050年全面使用再生能源,87
2022/3/21,[情報] 0321 上市投信買賣超排行,56
2022/3/21,[標的] 台勝科（3532）超多,20
2022/3/21,Re: [新聞] 台股價值投資當道！高通膨與升息雙壓力,35
2022/3/21,[公告] Stock 板 開始舉辦樂透!,11
2022/3/21,[閒聊] 2022/03/21 盤後閒聊,35
2022/3/21,[公告] Stock 樂透開獎,29
2022/3/21,[新聞] 歐盟沒俄國恐無法生存！石油、天然氣高度仰賴進口　能源價,72
2022/3/21,[情報] 2002中鋼 2月營收 稅前盈餘,23
2022/3/21,[新聞] 台企銀21日同步調升台幣美元存款牌告利率,60
2022/3/21,[標的] 東和鋼鐵(空),21
2022/3/21,[心得] 當沖賺便當x所羅門奇鈜給飯x薯條加大,81
2022/3/21,[新聞] 台股價值投資當道！高通膨與升息雙壓力,5
2022/3/21,[新聞] 貨櫃三雄上週小股東增 400張大戶持有減少,59
2022/3/21,[新聞] 聯電可能布局美國？在底特律建 12 吋晶,28
2022/3/21,[公告] 03/21 處置公告,21
2022/3/21,[請益] 健策 期現貨價差,16
2022/3/21,[新聞] 眼球商機復甦 隱形眼鏡類股大解析,25
2022/3/21,[新聞] 美衝半導體 傳邀聯電設廠,64
2022/3/21,[新聞] 16個月來最佳表現，美股單周上漲5~8%,9
2022/3/21,Re: [標的] 元晶 安集 大腸包小腸蒜頭多,13
2022/3/21,[新聞] 俄烏打擊尺寸需求 本季面板價格反彈落空,25
2022/3/21,[新聞] 真奇葩！這家中國公司竟自辦敲鐘儀式,41
2022/3/21,"[新聞] 台積目標價 外資喊1,052元",100
2022/3/21,[閒聊] 2022/03/21 盤中閒聊,100
2022/3/21,[新聞] 兩個事件 催動鋼價向上,37
2022/3/21,[新聞] 她想解約200萬定存押金融股 專家給忠告,25
2022/3/21,[新聞] 房貸利率衝破4%續攀高 聯準會升息補槍,31
2022/3/20,[新聞] 歐洲最大煉鋼廠遭俄軍摧毀 !!!,74
2022/3/20,[標的] 大盤,59
2022/3/20,[新聞] 台前十大IC設計 2021營收衝破9千億 聯發,24
2022/3/20,"[新聞] 馬立波遭圍城猛轟 俄炸""歐洲最大煉鋼廠""",16
2022/3/20,[新聞] 房貸利率衝破4%續攀高 聯準會升息補槍,40
2022/3/20,[新聞] 中國唐山疫情升溫「全面進入緊急狀態」鋼鐵廠、物流停工,48
2022/3/20,[標的] CWT.US 宅宅用力多,5
2022/3/20,Re: [新聞] 長榮減資6成   專家：洗小股東出場,82
2022/3/20,Re: [新聞] 力挺公司!台積電7位副總加碼自家股票,45
2022/3/20,Re: [新聞] 台積電ADR先哭後笑 老謝見1事急喊慘,27
2022/3/20,[新聞] 力挺公司!台積電7位副總加碼自家股票,81
2022/3/20,[新聞] 長榮減資6成   專家：洗小股東出場,58
2022/3/20,[標的] 日本股票-7203豐田汽車,14
2022/3/20,Re: [新聞] 巴菲特不因俄烏戰爭賣股票 謝金河：大買,53
2022/3/20,[新聞] 長榮、陽明股利行情失靈？本土法人喊出,66
2022/3/20,Re: [請益] 有資深前輩講講早期台股歷史嗎,24
2022/3/20,Re: [新聞] 長榮、國巨連袂重摔 老手揭減資殘酷真相,2
2022/3/20,Re: [新聞] 台積電ADR先哭後笑 老謝見1事急喊慘,25
2022/3/20,[新聞] 半導體材料2021年全球營收創新高 台灣連1,8
2022/3/20,[請益] 國際上有哪些國家屬於淺碟市場？,26
2022/3/20,[情報] 1451 年興2月營收,28
2022/3/20,[新聞] 全球NAND快閃資本支出達299億美元 2022年,15
2022/3/20,[請益] 有資深前輩講講早期台股歷史嗎,71
2022/3/20,[新聞] 外資續賣台積電 法人：有望逢低進場,24
2022/3/20,[新聞] 巴菲特不因俄烏戰爭賣股票 謝金河：大買,14
2022/3/20,[新聞] 南韓近五年在中國進口市場份額大幅下降,39
2022/3/20,[請益] 關於升息對於股市的影響？,37
2022/3/20,[新聞] 小摩分析師建議：逢低就買進,28
2022/3/20,Re: [新聞] 宏盛減資2成退還股東2元 Q2起陸續入帳高,14
2022/3/19,[新聞] 別看到高股利就買，小心沒賺反而賠！陳,-10
2022/3/19,[新聞] 微星進攻商用 Q1不看淡,22
2022/3/19,[新聞] 台積電ADR先哭後笑 老謝見1事急喊慘,97
2022/3/19,[標的] 美股 Lu,0
2022/3/19,Re: [新聞] 俄烏戰爭下，金融股現在可以買嗎？艾,8
2022/3/19,[公告] Stock板 開始舉辦樂透!(長榮星期一收盤價),42
2022/3/19,[新聞] 金寶庫藏股自肥案 金管會開罰72萬,53
2022/3/19,[心得] ARK big ideas2022 人工智慧篇短評,7
2022/3/19,Re: [請益] 震盪市期權策略,12
2022/3/19,[新聞] Fed布拉德鷹派發言 稱央行應將利率提高3%,77
2022/3/19,[新聞] 俄羅斯央行 宣布3/21恢復交易所部分交易,87
2022/3/19,[新聞] 合庫、一銀、土銀跟進調升存款利率！下週,46
2022/3/19,[請益] 震盪市期權策略,17
2022/3/19,Re: [請益] 試撮漲停 盤中跌停 通常是什麼原因？,13
2022/3/19,Re: [標的] 3015 全漢 多,13
2022/3/19,[標的] 5531 鄉林多,8
2022/3/19,[新聞] 停滯性通膨再現？三個對焦等待下個長線擴,45
2022/3/19,[請益] 試撮漲停 盤中跌停 通常是什麼原因？,18
2022/3/19,[新聞] 市場二大憂慮 SCFI運價指數連九跌,29
2022/3/19,[新聞] 長榮、國巨連袂重摔 老手揭減資殘酷真相,45
2022/3/19,[請益] 銀行借貸真有創造貨幣嗎？,13
2022/3/19,[新聞] 長華*(8070)，110年下半年配1.62,17
2022/3/19,Re: [請益] 真有人擔心經濟冷戰嗎？,5
2022/3/19,Re: [請益] 這波回檔各位買滿幾成持股了,85
2022/3/19,[請益] 真有人擔心經濟冷戰嗎？,24
2022/3/19,[新聞] 大魯閣股民搶股東會贈品 連飆3根漲停,47
2022/3/19,Re: [標的] 2303聯電 真的沒有fu糗?,22
2022/3/19,Re: [心得] 大盤.,20
2022/3/19,Re: [新聞] 法人：長榮減資市場誤解錯殺　目標價上,61
2022/3/19,Re: [請益] 升息一碼錢會跑回去銀行存嗎,6
2022/3/19,[新聞] 長榮丟「自殺炸彈」 他驚洩老一輩最猛操,0
2022/3/19,Re: [新聞] 法人：長榮減資市場誤解錯殺　目標價,5
2022/3/19,[標的] 1402遠東新 多,39
2022/3/19,Re: [新聞] 法人：長榮減資市場誤解錯殺　目標價上,12
2022/3/19,[請益] 升息為什麼對綠能跟航空有利？,21
2022/3/19,[新聞] 拜習視訊談烏俄危機 美股四大指數齊揚,9
2022/3/19,Re: [新聞] 法人：長榮減資市場誤解錯殺　目標價上,4
2022/3/19,[心得] 大盤.,14
2022/3/19,[請益] 中概是真觸底回升 還是假反彈真逃命？,25
2022/3/19,[新聞] 大摩分析師：特斯拉最終將會跨足製造飛行,26
2022/3/19,Re: [新聞] 法人：長榮減資市場誤解錯殺　目標價上,28
2022/3/19,Re: [新聞] 法人：長榮減資市場誤解錯殺　目標價上,19
2022/3/19,Re: [新聞] 法人：長榮減資市場誤解錯殺　目標價上,9
2022/3/19,[情報] 9960邁達康 開獎配1.7,12
2022/3/19,Re: [新聞] 法人：長榮減資市場誤解錯殺　目標價上,9
2022/3/19,Re: [新聞] 法人：長榮減資市場誤解錯殺　目標價上,91
2022/3/19,[請益] 大盤指數長期向上不適用港股？,25
2022/3/18,Re: [標的] 3015 全漢 多,20
2022/3/18,[創作] 連名帶姓,5
2022/3/18,Re: [標的] ZIM.US 以色列航海王 / 21Q4財報,41
2022/3/18,[情報] 111年03月18日信用交易統計,39
2022/3/18,[請益] 融券問題,9
2022/3/18,[情報] 0318 上市櫃外資投信同買排行,6
2022/3/18,[新聞] 郭哲榮：台積電神祕法說會 隱藏大祕密,-10
2022/3/18,Re: [標的] 2303聯電 真的沒有fu糗?,2
2022/3/18,Re: [新聞] 快訊／央行宣布升息1碼！上修經濟成長率,29
2022/3/18,Re: [請益] 美股ETF的問題(有點難但真的疑惑),8
2022/3/18,[新聞] 鈺創去年獲大大躍進 每股純益3.91元 創上,28
2022/3/18,[情報] 0318 上市櫃外資投信買超金額排行,5
2022/3/18,[請益] 長線來看 買0050是否幾乎等於買台積電？,49
2022/3/18,[新聞] 台積電擬發行142億元公司債 新建擴建廠房,72
2022/3/18,[新聞] 緯創擬二度處分8000張緯穎持股 持股比將,29
2022/3/18,[情報] 2357華碩2月自結 EPS 3.5,36
2022/3/18,[請益],18
2022/3/18,[情報] 崇越5434股利開獎,4
2022/3/18,Re: [標的] 2303聯電 真的沒有fu糗?,14
2022/3/18,[新聞] 台銀開第一槍 存款利率調升0.25個百分點,52
2022/3/18,[情報] AZ準備放棄爭取美國批准Covid疫苗,5
2022/3/18,[情報] 1611 中電開獎,6
2022/3/18,[情報] 0318八大公股銀行買賣超排行,38
2022/3/18,[標的] 2303聯電 真的沒有fu糗?,68
2022/3/18,[情報] 1737台鹽 股利 開獎,17
2022/3/18,[創作] 陰天,19
2022/3/18,[情報] 2540 愛山林 股利3.5+股票6.5,34
2022/3/18,[情報] 5609中菲行開獎,31
2022/3/18,[情報] 2323 中環 公告本公司處分有價證券(高鐵),31
2022/3/18,[情報] 2489 瑞軒 110年EPS 6.3 股利0.75+0.5,14
2022/3/18,[新聞] 利上加利？國巨1.2萬未落袋 股民先虧2萬,9
2022/3/18,Re: [新聞] 南加州塞港緩解 降至半年來最低水準,15
2022/3/18,[情報] 技嘉 股利開獎,71
2022/3/18,Re: [情報] 2477 美隆電 110年報 股利,9
2022/3/18,[情報] 1216統一 代子公司公告處分有價證券(2412,11
2022/3/18,[心得] 海外券商&複委託,38
2022/3/18,Re: [新聞] 快訊／央行宣布升息1碼！上修經濟成長率,62
2022/3/18,Re: [新聞] 法人：長榮減資市場誤解錯殺　目標價上,52
2022/3/18,[新聞]淡馬錫2021財年投資組合淨值達3810億創歷,9
2022/3/18,[情報] 4119旭富 110年財務合併報告 EPS0.58,15
2022/3/18,[請益] 美股ETF的問題(有點難但真的疑惑),10
2022/3/18,[情報] 1712.tw 興農開獎,49
2022/3/18,[新聞] 2022年十大最具創新力的太空公司,4
2022/3/18,Re: [新聞] 台驊投控擬花費4.98億元購置北市不動產,36
2022/3/18,[請益] 升息縮表 美股定期定額策略,21
2022/3/18,[情報]  0318 外資上市買賣超排行,67
2022/3/18,[情報] 2477 美隆電 110年報 股利,7
2022/3/18,[閒聊] 現在該從定期定股改ALL IN嗎?,27
2022/3/18,[新聞] 台驊投控擬花費4.98億元購置北市不動產,98
2022/3/18,[情報] 111年03月18日 櫃買法人買賣金額統計表,33
2022/3/18,[新聞] 南加州塞港緩解 降至半年來最低水準,100
2022/3/18,[情報] 5016.TW 松和 110年合併財務報告及股利,3
2022/3/18,Re: [新聞] 快訊／央行宣布升息1碼！上修經濟成長率,100
2022/3/18,[情報] 0318 SCFI指數4540.31 (-84.75)-1.86%,68
2022/3/18,[新聞] 《熱門族群》利上加利？國巨1.2萬未落袋,6
2022/3/18,[情報] 111年03月18日 三大法人買賣金額統計表,99
2022/3/18,[情報] 0318上市投信買賣超排行,84
2022/3/18,[請益] 跟上大魯閣行情算是穩賺不賠嗎？,44
2022/3/18,Re: [請益] 大同2371 尾盤,2
2022/3/18,[情報] 莫德納向美國FDA申請開放成人打第四劑,24
2022/3/18,[新聞] 美國國會提高2022財年國防預算 加強太空,10
2022/3/18,[標的]  2404 .TW漢唐 中長多,7
2022/3/18,[閒聊] 2022/03/18 盤後閒聊,66
2022/3/18,Re: [新聞] 法人：長榮減資市場誤解錯殺　目標價上,0
2022/3/18,Re: [心得]  高被割離席,42
2022/3/18,[新聞] 長科＊改面額 每股1元→0.4元,54
2022/3/18,[新聞] Fed最快升息循環 市場估5或6月一次升2碼,20
2022/3/18,[新聞] 央行意外升1碼 瑞銀預期今年還有2次升息,51
2022/3/18,[請益] 南六為什麼一直跌？,29
2022/3/18,[新聞] 法人：長榮減資市場誤解錯殺　目標價上,87
2022/3/18,[心得] 當沖賺便當x怡利電給飯x薯條加大,43
2022/3/18,[新聞] 國際油價大漲8％　重返每桶100美元之上,31
2022/3/18,Re: [標的] 太陽能要火紅起來了嗎？,23
2022/3/18,[新聞] Netflix開鍘，挽留股東或嚇跑用戶？,62
2022/3/18,[標的] 長榮2603 老船長防線多,98
2022/3/18,[新聞] 英特爾宣佈800 億歐元投資歐洲十年策略,83
2022/3/18,[新聞] 鴻海法說會公布2022年六大營運主軸,15
2022/3/18,[標的] 3380 明泰,7
2022/3/18,[新聞] 還在找下一檔台積電？怪老子1招破解,7
2022/3/18,[新聞] 空軍總司令看台股 17500～18000將遇賣壓,-10
2022/3/18,[閒聊] 2022/03/18盤中閒聊,100
2022/3/18,[情報] 4532 瑞智 開獎,8
2022/3/18,[新聞] 升息一碼是多少　「每天少一碗滷肉飯,100
2022/3/18,[請益] 5009 榮剛的股利所屬盈餘期間,0
2022/3/18,[新聞] 華碩被點名、Uniqlo表錯態 地緣政治成台,23
2022/3/18,Re: [請益] 升息對台股會怎麼影響??,16
2022/3/17,[新聞] 同欣電股利：現金9元,14
2022/3/17,[新聞] 克裡姆林宮：談判取得重大進展? 錯了!,59
2022/3/17,Re: [標的] 萬海2615 短空,29
2022/3/17,[請益] 交易日法人的動態,0
2022/3/17,[請益] 升息對台股會怎麼影響??,91
2022/3/17,Re: [標的] 元晶 安集 大腸包小腸蒜頭多,14
2022/3/17,Re: [新聞] 快訊／央行宣布升息1碼！上修經濟成長率,19
2022/3/17,[情報] 0317 上市櫃外資投信同買排行,3
2022/3/17,[標的] 2327國巨 在減資之後,14
2022/3/17,[請益] 升息質借利率也會升嗎!?,22
2022/3/17,[情報] 0317 上市櫃外資投信買超金額排行,1
2022/3/17,[新聞] 幣安獲杜拜虛擬資產執照 將建立區塊鏈技,15
2022/3/17,[情報] 111年03月17日信用交易統計,46
2022/3/17,[請益] 每日收盤價下載,4
2022/3/17,[新聞] 首家驅動IC股利出爐 矽創去年大賺5個股本,9
2022/3/17,Fw: [新聞] 升息1碼打擊通膨 楊金龍定調朝緊縮方向前,51
2022/3/17,[情報] 2851 中再保 股利開獎,10
2022/3/17,[新聞] 公布股利後 航運股的天空是什麼價位？,9
2022/3/17,Re: [新聞] 俄烏戰爭下，金融股現在可以買嗎？艾,18
2022/3/17,[新聞] 新制勞退開放自選投資標的？勞動部：審慎,18
2022/3/17,[新聞] 外資今買超鴻海1.7萬張 新目標價114元至1,27
2022/3/17,[新聞] 通膨憂慮 英國央行連3月升息,7
2022/3/17,Re: [標的] 長榮航空,16
2022/3/17,[標的] 早午餐店姐姐想解定存投資金融股,100
2022/3/17,[新聞] 打炒房再加碼 賴正鎰轟牴觸憲法,30
2022/3/17,[心得] 統一恆生科技指數ETN強制贖回,8
2022/3/17,Re: [新聞] 快訊／央行宣布升息1碼！上修經濟成長率,75
2022/3/17,Re: [心得] 25年虛耗 恆生指數跌回1997年時水準,58
2022/3/17,[情報] 2545 皇翔處分有價證券(陽明,28
2022/3/17,[情報] 3017 奇鋐 110 eps8.21|股利3.3+1,20
2022/3/17,[情報] 0317八大公股銀行買賣超排行,39
2022/3/17,Fw: [新聞] Arm 宣布全球裁員最多 15%，人數達近千人,13
2022/3/17,[心得] 25年虛耗 恆生指數跌回1997年時水準,23
2022/3/17,Re: [標的] 長榮航空,35
2022/3/17,[情報] 2704國賓處分台積電股票,28
2022/3/17,[標的] 壽險股是不是迎來利多？,43
2022/3/17,[情報] 國巨 開獎,35
2022/3/17,[請益] 全職交易要如何面對社會性疏離的壓力?,100
2022/3/17,[情報] 2327國巨110年EPS 46.46 股利10,21
2022/3/17,Re: [請益] 港股大盤指數是不是好的操作標的,2
2022/3/17,Re: [新聞] 快訊／央行宣布升息1碼！上修經濟成長率,32
2022/3/17,[情報]  2906 高林 110年EPS 0.43 股利0.4,24
2022/3/17,[情報] 4721 美琪瑪 110年EPS 4.81 股利 3.8,25
2022/3/17,[請益] 0050與006208定期定額差別,28
2022/3/17,[情報] 6016.tw康和證 開獎,32
2022/3/17,[新聞] 國巨決議現金減資兩成 每股退還股東現金2,100
2022/3/17,[情報] 2369 菱生 110年EPS 2.35 股利 1.28,11
2022/3/17,[情報] 5533皇鼎 開獎,6
2022/3/17,[新聞] 快訊／央行宣布升息1碼！上修經濟成長率,100
2022/3/17,[情報] 茂訊 股利開獎,10
2022/3/17,[情報] 0317 上市外資買賣超排行,100
2022/3/17,[新聞] 台股融券回補大戲 上秀,24
2022/3/17,[情報] 1785.TW 光洋科開獎,7
2022/3/17,[情報] 隆大 股利開獎,13
2022/3/17,Re: [標的] 要追求資產翻倍的話買投機股會比較適,2
2022/3/17,[新聞] 《電腦設備》配息利多失靈 華碩翻黑,27
2022/3/17,Re: [情報] 2633台灣高鐵 開獎,4
2022/3/17,[心得] 當沖賺便當x大盤漲我還是想空x薯條加大,24
2022/3/17,[請益] 港股大盤指數是不是好的操作標的,8
2022/3/17,[新聞] 美國聯準會升息步調「溫和偏鷹」 5大重點,42
2022/3/17,[情報] 111年03月17日 櫃買法人買賣金額統計表,41
2022/3/17,[情報] 8016矽創現金股利32元 殖利率10.5%,44
2022/3/17,[請益] 投顧外資的報告會有內外兩份嗎？,25
2022/3/17,[請益] 公司股本與流通股數為什麼不同,5
2022/3/17,[情報] 111年03月17日 三大法人買賣金額統計表,99
2022/3/17,[情報] 3/17上市投信買賣超排行榜,82
2022/3/17,[情報]  6150 撼訊 股利 11,16
2022/3/17,Re: [標的] 長榮技術面這根帶量長黑該尊重吧,19
2022/3/17,Re: [標的] 長榮航空,16
2022/3/17,[情報] 麗臺董事會決議股利分派,21
2022/3/17,[新聞] 狠甩外資連18賣利空 台積電衝582元,40
2022/3/17,Re: [標的] 長榮航空,18
2022/3/17,Re: [請益] 台積零股這樣買還有救嗎？,48
2022/3/17,[新聞] 台積電遭二面手法大賣 網友急呼金管會：該請喝咖啡吧,35
2022/3/17,[閒聊] 2022/03/17 盤後閒聊,87
2022/3/17,Re: [標的] 長榮航空,24
2022/3/17,[情報] 日本加購7000萬劑莫德納用於booster,22
2022/3/17,Re: [情報] 2633台灣高鐵 開獎,25
2022/3/17,[標的] 要追求資產翻倍的話買投機股會比較適合嗎,91
2022/3/17,Re: [新聞] 國務院救市，中概股全面逆轉,17
2022/3/17,[新聞] 國務院救市，中概股全面逆轉,43
2022/3/17,[新聞] 出清長榮被噓爆 台驊回應了,49
2022/3/17,[新聞] 獨家專訪長榮張榮發長子 張國華：希望兄,100
2022/3/17,[閒聊] 2022/03/17盤中閒聊,95
2022/3/17,[新聞] Fed：暗示今年升息7次、最快5月縮表,100
2022/3/17,Re: [請益] 鴻海2317近年現金流出了甚麼問題？,6
2022/3/17,[新聞] 全球20大風場「台海佔16處」　離岸風電,69
2022/3/17,[新聞] 搶先台積！英特爾歐洲大投資,96
2022/3/17,[情報] 美國2018以來首次升息 0.25% 1碼,100
2022/3/17,Re: [標的] 2603 長榮 EPS王  多,24
2022/3/17,[新聞] 睽違近5個月 長榮再度列入當沖警示股,20
2022/3/17,[標的] 2603 長榮 EPS王  多,100
2022/3/16,[新聞] 〈鴻海法說〉今年展望持平、毛利率恐遭稀,42
2022/3/16,[新聞] 升息在即 一文了解Fed決策會議可能行動,14
2022/3/16,Re: [標的] YANG.US 三倍放空中國ETF,6
2022/3/16,[情報] 1795美時 110年EPS 5.50 股利 1.93,11
2022/3/16,Re: [標的] 美股 大盤 小型股屌噴請益,0
2022/3/16,[標的] SQQQ 技術面爆炸加碼多,31
2022/3/16,[心得] 2603長榮一年佛系操作 83.3%勝率,7
2022/3/16,[請益] 今晚預估會升息幾碼?,99
2022/3/16,[新聞] 央視揭黑心酸菜 統一駁:土坑醃製酸菜並未,30
2022/3/16,[標的] 大盤多,14
2022/3/16,[新聞] 長榮爆量大逃殺！網憶這幾檔減資都超慘,36
2022/3/16,[新聞] 台中銀去年賺48億 寫新頁,37
2022/3/16,[新聞] 騰訊股價跌60% 馬化騰身價蒸發427億港幣,8
2022/3/16,[新聞] 去年大賺350億 開發金:股利一定比往年多,64
2022/3/16,[標的] 美股 大盤 小型股屌噴請益,30
2022/3/16,[新聞] 外資罕見大動作出脫ETF 三檔美債ETF皆遭,2
2022/3/16,[新聞] 俄羅斯打算和中國建立單一貨幣機制,67
2022/3/16,[新聞] 長榮減資背後藏宮鬥大戲？專家驚曝可能,17
2022/3/16,[新聞] 土洋對作台積電 謝金河：本土資金接籌碼,5
2022/3/16,[創作] 航運英雄,2
2022/3/16,[標的] 2603 長榮 空 航運 is over,5
2022/3/16,[新聞] 中概股不擔心退市!中國表態支持陸企掛牌,24
2022/3/16,[情報] 111年03月16日信用交易統計,65
2022/3/16,Re: [請益] 長榮跌停十分疑惑,4
2022/3/16,Re: [標的] 興富發 2542 多,51
2022/3/16,Re: [請益] 鴻海2317近年現金流出了甚麼問題？,15
2022/3/16,[新聞] 愛普*矽電容新業務打入主流應用,12
2022/3/16,[請益] 是不是已經利空出盡，準備來All in？,61
2022/3/16,[新聞] 長榮試撮衝漲停 尾盤打跌停 美銀不看好：,47
2022/3/16,[創作] 夜曲,66
2022/3/16,Re: [請益] 長榮跌停十分疑惑,9
2022/3/16,[新聞] 鴻海股利開獎！劉揚偉：配發率5成以上,27
2022/3/16,[新聞] 長榮減資、股價爆量重挫 散戶怕什麼？,39
2022/3/16,[新聞] 經長重申：近期停電均非缺電,31
2022/3/16,[新聞] 一張不留跳船閃 台驊帶頭出清長榮持股 進,100
2022/3/16,[新聞] 俄烏戰爭下，金融股現在可以買嗎？艾蜜,11
2022/3/16,"[情報] 6269台郡 董事會決議買回庫藏股 15,000張",20
2022/3/16,[情報] 4934 太極 110財報/現增/提請董事會私募,16
2022/3/16,[新聞] 寶成去年下半年疫情干擾 全年仍賺144億,33
2022/3/16,Re: [標的] 長榮技術面這根帶量長黑該尊重吧,2
2022/3/16,[情報] 4919 新唐 股利開獎&討論,20
2022/3/16,[新聞] 瑞銀：油價下跌不會持續太久,16
2022/3/16,Re: [標的] 長榮技術面這根帶量長黑該尊重吧,8
2022/3/16,Re: [標的] 長榮技術面這根帶量長黑該尊重吧,26
2022/3/16,Re: [標的] 長榮技術面這根帶量長黑該尊重吧,15
2022/3/16,[新聞] 無懼唱衰NB　華碩：獲利率今年拚增6%、電,33
2022/3/16,[公告] 03/16 處置公告,0
2022/3/16,[情報] 2323中環處分中興電股票,24
2022/3/16,[情報] 2633台灣高鐵 開獎,27
2022/3/16,[標的] 長榮技術面這根帶量長黑該尊重吧,49
2022/3/16,[標的] 1102 .TW 亞泥  亞妮再變成女巨人多,14
2022/3/16,[情報] 0316八大公股銀行買賣超排行,57
2022/3/16,[情報] 2916 滿心 股利,11
2022/3/16,[標的] 2454.TW 聯發科 討論,28
2022/3/16,[新聞] 22 069 Nickel Trading Update 鎳最新動態,0
2022/3/16,[情報] 2323中環取得長榮股票,100
2022/3/16,[新聞] 長榮試搓漲停 開盤後爆殺 老手爆大戶陰謀,92
2022/3/16,[情報] 3231緯創 股利,45
2022/3/16,[標的] 2371 大同 多多,2
2022/3/16,[情報] 5523 豐謙 賺5.91 配1.8,0
2022/3/16,[情報] 2454 聯發科 股利 73,100
2022/3/16,[情報] 0316 上市櫃外資投信同買排行,7
2022/3/16,Re: [標的] 港股 盈富基金 2800.HK 多,6
2022/3/16,[情報] 台驊投控處分長榮普通股股票之公告,100
2022/3/16,[請益] 00878裡面的成分股,36
2022/3/16,Re: [請益] 長榮跌停十分疑惑,18
2022/3/16,[新聞] 央行明升息？金融業估至少升半碼　或6月,77
2022/3/16,Re: [請益] 台股真的回不去了嗎?,10
2022/3/16,[情報] 0316 上市櫃外資投信買超金額排行,3
2022/3/16,[新聞] 國巨 : 澄清 111/03/15 經濟日報報導,6
2022/3/16,[情報] 2353 宏碁 110年EPS 3.63 股利2.28,100
2022/3/16,[情報] 1714和桐 110財報(0.72)股利(0.42),5
2022/3/16,[心得] 陸港股大漲,9
2022/3/16,[情報] 6205 詮欣 110年EPS 2.02 股利 2,7
2022/3/16,[新聞] 俄羅斯央行宣布即日起停止從銀行購買黃金,20
2022/3/16,Re: [請益] 長榮減資,18
2022/3/16,[情報] 0316 上市外資買賣超排行,100
2022/3/16,Re: [情報] 2357華碩 股利 42,0
2022/3/16,Re: [情報] 2357華碩 股利 42,42
2022/3/16,[新聞] 俄烏衝突助長糧食保護主義及全球糧食危機,12
2022/3/16,[標的] 2030 彰源 等倫鎳回復交易,7
2022/3/16,[情報] 2357華碩 股利 42,100
2022/3/16,[情報] 1721 三晃 化工類股 開獎,12
2022/3/16,[新聞] 長榮辦現金減資！網指空軍遭大爆擊　還,25
2022/3/16,Re: [新聞] 股利+減資不起作用 大型外資看壞長榮,12
2022/3/16,[情報] 堡達 3537 開獎,4
2022/3/16,[標的] 00686R 群益台灣加權反1 神童預言討論,11
2022/3/16,[標的] 大盤,0
2022/3/16,[創作] 曾經真的以為航運就這樣了,48
2022/3/16,[新聞] 股利+減資不起作用 大型外資看壞長榮,81
2022/3/16,[新聞] 銅價蠢動 ETF有潛利,6
2022/3/16,Re: [心得] 今天長榮在測智力測驗嗎,0
2022/3/16,Re: [請益] 島型反轉不是代表很強反轉訊號嗎？,11
2022/3/16,[情報] 111年03月16日 櫃買法人買賣金額統計表,31
2022/3/16,[情報] 2382 廣達 110年EPS 8.73 股利6.6,55
2022/3/16,[新聞] IHS Markit：2024年前電動車電池價格持,3
2022/3/16,[情報] 0316 上市投信買賣超排行,59
2022/3/16,[情報] 正新110年度自結財務資訊。,9
2022/3/16,Re: [標的] 2603長榮 一張不賣奇蹟自來多,3
2022/3/16,[情報] 111年03月16日 三大法人買賣金額統計表,100
2022/3/16,[標的] HSTECH.HK 恆生科技指數 爆炸多,1
2022/3/16,[情報] 豐藝 股利開獎,26
2022/3/16,[情報] 輝瑞BNT要求美國FDA批准老人打第四劑,18
2022/3/16,Re: [請益] 長榮跌停十分疑惑,26
2022/3/16,[請益] 主題式ETF和共同基金的差異性?,10
2022/3/16,[情報] 鴻海董事會通過110年度自結合併財務資訊,52
2022/3/16,[新聞] 興富發去年EPS重返6元，市場關注股利配發,23
2022/3/16,Re: [新聞] 長榮首度辦現金減資  對股民的好處,6
2022/3/16,Re: [請益] 長榮跌停十分疑惑,2
2022/3/16,[標的] 2603長榮 有機會破千元履約嗎？？,14
2022/3/16,[閒聊] 2022/03/16 盤後閒聊,44
2022/3/16,[標的] 2603長榮 一張不賣奇蹟自來多,100
2022/3/16,Re: [請益] 長榮跌停十分疑惑,0
2022/3/16,[新聞] 新台幣續破底、央行午前出手 暫收28.656,36
2022/3/16,[情報] 6213 聯茂董事會決議股利分派5元,11
2022/3/16,Re: [請益] 長榮跌停十分疑惑,0
2022/3/16,Re: [請益] 長榮跌停十分疑惑,-10
2022/3/16,[請益] 如何擺脫買什麼賠什麼的宿命 ?,100
2022/3/16,Re: [請益] 長榮跌停十分疑惑,9
2022/3/16,[新聞] 長榮首度辦現金減資  對股民的好處有這些,32
2022/3/16,Re: [請益] 長榮跌停十分疑惑,0
2022/3/16,Re: [請益] 長榮跌停十分疑惑,0
2022/3/16,[請益] 股票怎樣才算賺？,16
2022/3/16,Re: [請益] 長榮跌停十分疑惑,18
2022/3/16,[標的] 發公司債對公司到底是壞事還是好事啊,23
2022/3/16,Re: [請益] 長榮跌停十分疑惑,7
2022/3/16,Re: [請益] 長榮跌停十分疑惑,8
2022/3/16,Re: [請益] 長榮跌停十分疑惑,100
2022/3/16,[新聞] 台股震盪劇烈 財長:國安基金會密切關注,3
2022/3/16,Re: [心得] 今天長榮在測智力測驗嗎,1
2022/3/16,Re: [情報] 2609陽明現金股利20元 殖利率15%,13
2022/3/16,Re: [心得] 今天長榮在測智力測驗嗎,7
2022/3/16,Re: [新聞] 長榮就是霸氣 再發10個月年「中」獎金,3
2022/3/16,[新聞] 亞系外資：上修長榮今年獲利預估 目標價,50
2022/3/16,Re: [問題]為什麼開盤前要試搓,23
2022/3/16,[問題]為什麼開盤前要試搓,100
2022/3/16,[新聞] 長榮就是霸氣 再發10個月年「中」獎金,100
2022/3/16,[新聞] 2022年初汽車與AI硬體成創投焦點,1
2022/3/16,[標的]  2906 高林 嘎空多,8
2022/3/16,[請益] 請問9910豐泰最近在跌甚麼?,15
2022/3/16,[新聞] 沙國對中國石油貿易 打算用人民幣結算,100
2022/3/16,[情報] 6732.tw 昇佳電子 開獎,14
2022/3/16,Re: [心得] 今天長榮在測智力測驗嗎,4
2022/3/16,[新聞] 美境內旅遊返疫情前水準，領航空旅遊股上,5
2022/3/16,[新聞] 公股金控 今年股票股利都想拉高,11
2022/3/16,[新聞] 暌違10年 兆豐金擬配股票股利,74
2022/3/16,[心得] 腦喘長進來,100
2022/3/16,[請益] 段永平為什麼敢買中概股,32
2022/3/16,[新聞] 長榮減資利多推升股價　法人：小股東多,84
2022/3/16,[心得] 這波大跌 0056還比較像避險工具?,17
2022/3/16,Re: [心得] 2885元大金股利 1.5+0.3,63
2022/3/16,Re: [新聞] 趙彭博︱期街口布蘭特油正2油價飆 大略,5
2022/3/16,[請益] 電動車ETF自營商狂賣,6
2022/3/16,[標的] 2615萬海 散戶忘記他了多,41
2022/3/16,[閒聊] 2022/03/16盤中閒聊,100
2022/3/16,[新聞] 中鋼翁朝棟：研議Q3開月盤 逐月調整伏筆,11
2022/3/16,[新聞] 俄債危機今天是關鍵 惠譽：即使用盧布付,46
2022/3/16,[標的] SCO.US 拜登不得不 多,2
2022/3/16,Re: [心得] 今天長榮在測智力測驗嗎,70
2022/3/16,[新聞] 長榮減資 經營權之爭白熱化,27
2022/3/16,Re: [標的] 2454 聯發科 多,13
2022/3/16,Re: [新聞] 長榮、榮運 15日公布獲利,8
2022/3/15,Re: [情報] 2603長榮 公告本公司董事會決議現金減資,26
2022/3/15,Re: [新聞] 0056買進沒配息的長榮引爭議 元大投信回,38
2022/3/15,[請益] 關於長榮減資案,96
2022/3/15,[標的] 2454 聯發科 多,80
2022/3/15,Re: [心得] 長期投資者存投機擇時心態而虧損之檢討,2
2022/3/15,[標的] 2603長榮 省紀念品多,35
2022/3/15,Re: [心得] 長期投資者存投機擇時心態而虧損之檢討,3
2022/3/15,[情報] 致和證 5864 開獎,3
2022/3/15,[新聞] 宏碁資訊去年每股盈餘7.79元 預計配息5.5,27
2022/3/15,[情報] 順發 6154 開獎,9
2022/3/15,[公告] 03/15 處置公告,5
2022/3/15,[新聞] 疫情下仍高飛！華航去年獲利近百億元,20
2022/3/15,[新聞] Fed升息是怎麼回事?對投資者有何影響?,14
2022/3/15,[情報] 4417 金洲 股利開獎,11
2022/3/15,[心得] 長期投資者存投機擇時心態而虧損之檢討,17
2022/3/15,[新聞] 台積電再遭「中概股」拖累,20
2022/3/15,[新聞] 台積電16日除息市場屏息以待 專家仍看好,48
2022/3/15,[新聞] 中國疫情大爆發 深圳封城台廠停工,19
2022/3/15,[情報] 莫德納HIV疫苗一期臨床試驗開始施打,32
2022/3/15,[情報] 111年03月15日信用交易統計,63
2022/3/15,"[新聞] 美2月份批發通膨率攀升0.8%,略低於預期.",13
2022/3/15,[請益] 減資對權證的影響,12
2022/3/15,[新聞] 貨櫃三雄股利政策大不同 郭哲榮曝玄機,46
2022/3/15,[情報] 2820 華票開獎,23
2022/3/15,[新聞] 工料雙缺預售屋「8年交屋」　建商：成本,51
2022/3/15,[情報] 0315 上市櫃外資投信同買排行,1
2022/3/15,Re: [新聞] 外資今年賣超台股超車去年全年 金管會揪,2
2022/3/15,[情報] 2023年及其之後：海運市場的展望,79
2022/3/15,[新聞] 長榮貨櫃又卡！長程輪美國巴爾的摩港擱淺,13
2022/3/15,[情報] 0315 上市櫃外資投信買超金額排行,2
2022/3/15,[情報] 6577 勁豐 開獎,5
2022/3/15,[情報] 2371大同110年EPS 1.57 股利0,56
2022/3/15,[新聞] 大魯閣股東紀念品再發消費抵用券 加碼買,92
2022/3/15,[新聞] 認列世創交易終止費 環球晶去年每股賺27.,11
2022/3/15,[情報] 新麥1580 配息7,11
2022/3/15,[新聞] 興富發去年獲利大增2.09倍創次高 EPS 6.4,44
2022/3/15,[心得] 今天長榮在測智力測驗嗎,100
2022/3/15,[情報] 潤泰雙雄財報,8
2022/3/15,[情報] 英業達 開獎,14
2022/3/15,[情報] 1702 南僑 2021財報/股利,14
2022/3/15,[新聞] 〈台幣〉資金大逃殺連3貶收28.612元 創,20
2022/3/15,[情報] 2545皇翔現金股利6.3元 殖利率15.2%,42
2022/3/15,Re: [標的]  5434 崇越 多,7
2022/3/15,[標的] 2324.TW 仁寶  討論,28
2022/3/15,[情報] 英業達 2021EPS1.81,10
2022/3/15,[標的] 2615 萬海 韭菜多,13
2022/3/15,Re: [情報] 2603長榮 公告本公司董事會決議現金減資,22
2022/3/15,[情報] 0315八大公股銀行買賣超排行,33
2022/3/15,[情報] 1904.tw 正隆 配息開獎,16
2022/3/15,[新聞] 外資今年賣超台股超車去年全年 金管會揪,26
2022/3/15,[標的] 長榮 2603.TW 未來股王多!!,-10
2022/3/15,[情報] 生達1720.tw 配息開獎,1
2022/3/15,[情報] 1905華紙股利開獎 0.4,11
2022/3/15,[情報] 3056.tw總太開獎,30
2022/3/15,[新聞] 除息前散戶狂撿台積電 零股交易熱絡,55
2022/3/15,[請益] Re: 2603長榮 公告本公司董事會決議現金減資,25
2022/3/15,Re: [情報] 2603長榮 公告本公司董事會決議現金減資,18
2022/3/15,[情報] 2515.tw中工開獎,16
2022/3/15,Re: [情報] 2603長榮 公告本公司董事會決議現金減資,16
2022/3/15,[新聞] 長榮現金減資+配息 股東每股可領回24元,34
2022/3/15,[標的] TQQQ 空,18
2022/3/15,[情報]  3703欣陸 現金股利1.68,10
2022/3/15,Re: [情報] 2603長榮 公告本公司董事會決議現金減資,11
2022/3/15,Re: [情報] 長榮重訊直播,78
2022/3/15,[情報] 2615萬海現金股利10.5元 股票股利1.5元,100
2022/3/15,Re: [情報] 2603長榮現金股利18元,5
2022/3/15,[新聞] 俄烏衝突將加密貨幣推向主流地位？,8
2022/3/15,[情報] 2603長榮 公告本公司董事會決議現金減資,65
2022/3/15,[新聞] 海運市場前景樂觀 長榮謝惠全:做夢也會笑,49
2022/3/15,[情報] 2603長榮現金股利18元,100
2022/3/15,[情報] 2890永豐金 110年ESP 1.44 股利0.8+0.1,55
2022/3/15,[心得] 最近幾次現金減資走勢,0
2022/3/15,[情報] 2885元大金股利 1.5+0.3,92
2022/3/15,[情報] 長榮重訊直播,67
2022/3/15,Re: [情報] 長榮下午公布現金減資,27
2022/3/15,[情報] 1907永豐餘董事會決議股利分派1.5元,8
2022/3/15,[情報] 2027 大成鋼 110年eps5.76|Q4 1.58,25
2022/3/15,[情報] 2204 中華 （車）開獎5.5,15
2022/3/15,[情報] 0315 上市外資買賣超排行,96
2022/3/15,[新聞] 新光金控併元富證爆內線交易 檢調今約談,40
2022/3/15,Re: [情報] 長榮下午公布現金減資,58
2022/3/15,[新聞] 全球50%氖氣的烏克蘭商Ingas和Cryoin停,4
2022/3/15,[新聞] 煤鐵暴漲受不了！中鋼4月及第2季盤價開緩,8
2022/3/15,[情報] 中鋼 4月及第2季 盤價出爐 平均調漲 5.83%,13
2022/3/15,Re: [情報] 長榮下午公布現金減資,10
2022/3/15,[情報]  2615 萬海 110EPS 42.35 股利10.5+1.5,65
2022/3/15,[情報] 長榮下午公布現金減資,99
2022/3/15,[新聞] 威剛去年每股賺9.14元 今年營運將穩步,8
2022/3/15,[新聞] 哈日族別等了！日圓走弱台幣貶更兇　2個,28
2022/3/15,Re: [情報] 111年03月15日 三大法人買賣金額統計表,32
2022/3/15,[創作] 婚禮的祝福,9
2022/3/15,[情報] 0315上市投信買賣超排行,83
2022/3/15,[情報] 2610 華航 110年 EPS 1.67 股利0.836,51
2022/3/15,[情報] 111年03月15日 櫃買法人買賣金額統計表,34
2022/3/15,[標的] 00665L.TW 富邦恆生國企正2 請益,18
2022/3/15,Re: [情報] 111年03月15日 三大法人買賣金額統計表,92
2022/3/15,[心得] 八點檔大戲-九命怪貓力晶,7
2022/3/15,[標的] YANG.US 三倍放空中國ETF,25
2022/3/15,[新聞] 台股重挫帶衰 大立光變臉貼息,13
2022/3/15,[心得] 歷史外資賣超前十名,84
2022/3/15,[情報] 111年03月15日 三大法人買賣金額統計表,100
2022/3/15,[情報]  2324 仁寶 110年EPS 2.9 股利 2,54
2022/3/15,[新聞] 世芯-KY緯穎跌破1000元大關 台股剩8千金,14
2022/3/15,[情報] 2344華邦電 110年EPS 3.42 下半年股利 1,17
2022/3/15,Re: [美股] 道瓊空,0
2022/3/15,[新聞] 失守萬七大關 法人:前低未守住恐跌破萬六,27
2022/3/15,[創作] 對面的韭菜看過來,22
2022/3/15,[標的] 2330.TW台積電 天降禮物內裝啞鈴 空,23
2022/3/15,Re: [新聞] 曾製作小英戰袍的紡織大廠宏遠興業大火,1
2022/3/15,[創作] 吻別,70
2022/3/15,[創作] 如果有一天,5
2022/3/15,[請益]  忘綠紅的存股族操作建議,14
2022/3/15,[情報]  2603 長榮 110年 EPS 45.57,100
2022/3/15,[新聞] 台積電除息前該進場搶？網友熱議5字頭GG,42
2022/3/15,[閒聊] 2022/03/15 盤後閒聊,46
2022/3/15,Re: [標的]  美股SARK 多,4
2022/3/15,[新聞] 綠界中籤者笑不出來 董座：年年拚賺2股本,63
2022/3/15,[新聞] 五檔千金股同步跌停 台股史上首見,50
2022/3/15,[請益] 請問電纜相關概念股,65
2022/3/15,[標的] 港股 盈富基金 2800.HK 多,26
2022/3/15,[請益] 有辦法可以先掛低，打到價再賣嗎？,36
2022/3/15,Re: [新聞] 長榮航去年大賺66億元 年增近3倍創歷年,10
2022/3/15,[新聞] 曾製作小英戰袍的紡織大廠宏遠興業大火,100
2022/3/15,Re: [標的] 聯電 空空蕩蕩淒淒慘慘,14
2022/3/15,Re: [請益] 關於股票先賣出在收回的看法,5
2022/3/15,[請益] 關於股票先賣出在收回的看法,11
2022/3/15,[新聞] LME鎳市場周三將恢復交易 多種金屬實施15,26
2022/3/15,Re: [請益] 台積電套高高會怎麼處理,27
2022/3/15,[標的] 2330 台積電 多,51
2022/3/15,[新聞] 優先打通膨！貨幣市場押注Fed升息循環的,28
2022/3/15,Re: [新聞] 終結10年零股利 陽明每股擬配發20元股息,8
2022/3/15,[請益] 跌的比大盤少=贏大盤？有對帳單：）,12
2022/3/15,Re: [標的] 美股 AGQ 多,1
2022/3/15,[新聞] 台積電股價下探560元創5個月低 市值縮水3,100
2022/3/15,[標的] 空8103 瀚荃,2
2022/3/15,[新聞]中國封城、Deltacron疑慮，疫苗股漲勢再起,22
2022/3/15,[請益] 請問外資期貨空單,30
2022/3/15,[新聞] 14檔電力概念股 資金避風港,20
2022/3/15,[閒聊] 2022/03/15 盤中閒聊,100
2022/3/15,[新聞] 台驊近期出售陽明股票獲利約1.4億　下半年考慮加發股利,35
2022/3/15,[新聞] 快訊／照片曝！長榮船又卡住 11萬噸級貨,100
2022/3/15,Re: [新聞] 陽明終結零股利 長榮沒配這數字說不,5
2022/3/15,[請益] 請問當日融券回補再券賣可以改現股當沖?,15
2022/3/15,Re: [新聞] 800萬All in金融股！他閃電辭職「全靠股,4
2022/3/15,[標的] 2609 陽明 空,0
2022/3/15,[請益] 請問這檔股票的線型圖?,27
2022/3/15,[請益] 面板股漲是市場行情還是股利,15
2022/3/15,Re: [新聞] 國際油價飆 主計長：政府已用洪荒之,54
2022/3/14,[新聞] 陽明終結零股利 長榮沒配這數字說不過去,13
2022/3/14,Re: [新聞] 800萬All in金融股！他閃電辭職「全靠股,54
2022/3/14,Re: [新聞] 投信:台股本益比低於歷史評價 布局時點到,0
2022/3/14,[新聞] 美光CEO表態晶片缺貨持續到明年,18
2022/3/14,[標的] 陽明何時會被關廁所,47
2022/3/14,[新聞] 國際油價飆 主計長：政府已用洪荒之力穩,12
2022/3/14,[新聞] 史上最重 炒房最高罰5千萬,-10
2022/3/14,[新聞] 長榮航去年大賺66億元 年增近3倍創歷年,22
2022/3/14,[請益] 台積電套高高會怎麼處理,100
2022/3/14,[情報] 發哥天璣9000戰勝高通8Gen1,38
2022/3/14,[新聞] 投信:台股本益比低於歷史評價 布局時點到,89
2022/3/14,[新聞] 柏文2021年每股稅後虧損1.91元 健身工廠,21
2022/3/14,Re: [新聞] 800萬All in金融股！他閃電辭職「全靠股,32
2022/3/14,[情報] 111年03月14日信用交易統計,34
2022/3/14,[標的] 4148全宇生技  肥料多,5
2022/3/14,[新聞] 800萬All in金融股！他閃電辭職「全靠股,100
2022/3/14,[新聞] 趙彭博︱期街口布蘭特油正2油價飆 大略,9
2022/3/14,Re: [新聞] 騰訊傳違反中國反洗錢法規，面臨巨額罰款,48
2022/3/14,Re: [情報] 2609陽明現金股利20元 殖利率15%,49
2022/3/14,[新聞] 陽明去年EPS48.73元、股利20元 配發率41%,39
2022/3/14,Re: [情報] 2609陽明現金股利20元 殖利率15%,10
2022/3/14,Re: [情報] 2609陽明現金股利20元 殖利率15%,18
2022/3/14,[新聞] 國巨18日線上法說 股利政策受關注,1
2022/3/14,[新聞] 華碩：停止對俄羅斯出貨 捐款3000萬賑濟,81
2022/3/14,[新聞] 騰訊傳違反中國反洗錢法規，面臨巨額罰款,72
2022/3/14,[標的] US.AMD 6折多,30
2022/3/14,Re: [情報] 2609陽明現金股利20元 殖利率15%,30
2022/3/14,[新聞] 大立光、台積電明後天除息 大盤指數先蒸,13
2022/3/14,[情報] 4707磐亞開獎,14
2022/3/14,[情報] 1409新纖 公告本公司董事會決議股利分派,38
2022/3/14,Re: [新聞] 該買殖利率5％兆豐金，還是高股息ETF0056,11
2022/3/14,[情報] 阿根廷停止大豆油出口,16
2022/3/14,[新聞] 台灣IC產業報酬指數 聯詠、聯發科入列,7
2022/3/14,[情報] 0314 上市櫃外資投信同買排行,4
2022/3/14,[情報] 2323 中環 110財報/現金減資/股利,3
2022/3/14,[新聞] 聯發科旗下達發科技6月底前上市,26
2022/3/14,[情報] 台驊：公告本公司一年內累積處分同一有,41
2022/3/14,[情報] 台驊投控處分長榮普通股股票之公告,69
2022/3/14,[情報] 0314八大官股銀行買賣超排行,28
2022/3/14,Re: [情報] 2609陽明現金股利20元 殖利率15%,15
2022/3/14,[新聞] 終結10年零股利 陽明每股擬配發20元股息,47
2022/3/14,[新聞] TrendForce：2021年第四季前十大晶圓代工,3
2022/3/14,[新聞] 韓元對美元匯率持續攀升創22個月來新高,9
2022/3/14,[新聞] 暴砍30％！騰訊阿里再傳大規模裁員,55
2022/3/14,[情報] 2323中環 處分有價證券 陽明,37
2022/3/14,[情報]2889國票金 110年EPS 1.3 股利0.65股票0.5,43
2022/3/14,Re: [情報] 2609陽明股利分派,38
2022/3/14,[情報] 5880 合庫金 110年EPS 1.51 股利1 股票0.3,47
2022/3/14,Re: [新聞] 貨櫃運價又跌 旺季漲不動,27
2022/3/14,[情報] 0314 上市櫃外資投信買超金額排行,5
2022/3/14,Re: [情報] 2609陽明股利分派,14
2022/3/14,[情報]  1314 中石化 110年EPS 1.09 股利 0.4,9
2022/3/14,[新聞] 深圳封城廠商哀號 PCB、電源、連接器廠,23
2022/3/14,Re: [情報] 2609陽明現金股利20元 殖利率15%,23
2022/3/14,Re: [新聞] 陽明董事會決議傍晚公告　傳股利18-,9
2022/3/14,[情報] 2609陽明現金股利20元 殖利率15%,100
2022/3/14,[情報]  2618 長榮航 110年EPS 1.31 股利0.6,60
2022/3/14,[新聞] 北加州灣區通脹創廿年新高 百物騰貴民不,11
2022/3/14,[情報] 4930tw 燦星網 開獎,27
2022/3/14,[情報] 0314上市外資買賣超排行,53
2022/3/14,[新聞] 巴菲特握有西方石油10%股權 他還會繼續加,11
2022/3/14,[情報] 6443元晶 110年EPS 0.1,51
2022/3/14,Re: [新聞] 陽明董事會決議傍晚公告　傳股利18-20元,5
2022/3/14,[新聞] 陽明董事會決議傍晚公告　傳股利18-20元,100
2022/3/14,[情報] [3147]大綜 _110年度股利分派.,12
2022/3/14,[請益] 如果油價短多長空，怎麼操作？,16
2022/3/14,[標的] 台積 多空交戰討論,66
2022/3/14,[情報] 111年03月14日 櫃買法人買賣金額統計表,33
2022/3/14,[請益] 供電不穩定對電爐煉鋼的影響,9
2022/3/14,[心得] 台灣去年用電量增加近100億度，年增4.1%,100
2022/3/14,[心得] 港股如果再重挫不止會拖累台灣金融股嗎?,68
2022/3/14,[情報] 0311上市投信買賣超排行,81
2022/3/14,[情報] 111年03月14日 三大法人買賣金額統計表,100
2022/3/14,[新聞] 長榮、陽明股利拚20元 內行卻想起這慘事,61
2022/3/14,[閒聊] 2022/03/14 盤後閒聊,81
2022/3/14,[新聞] 美公布摘牌風險名單 中概股齊跳水,57
2022/3/14,[新聞] 外資匯出 台幣早盤貶值9.4分、續創近一,67
2022/3/14,[新聞] 長榮、榮運 15日公布獲利,100
2022/3/14,[標的] 2388威盛多,2
2022/3/14,[請益] 高雄青果運銷合作社股票,33
2022/3/14,[請益] 公司註冊地上市地不同受誰管？,7
2022/3/14,Re: [心得] 價投仔的悲歌,11
2022/3/14,[標的] 中宇 中碳 中聯資,5
2022/3/14,[公告] 03/14 處置公告,13
2022/3/14,[新聞]新制裁升級？大疆遭美企封禁,37
2022/3/14,[新聞] 康友「龐氏騙局」狠撈201億 黃文烈等29人,75
2022/3/14,[心得] 當沖空不到x綠電不給飯x出師不利,17
2022/3/14,[新聞] 中國深圳疫情飆升急封城 iPhone生產恐受,47
2022/3/14,[新聞] 技嘉 配息擬低於近年水準,27
2022/3/14,[心得] 價投仔的悲歌,56
2022/3/14,[新聞] 超級航運周來了 陽明、長榮配息挑戰20元,100
2022/3/14,[新聞] 史上僅見大震撼！ 土銀下令 停接土建融新,99
2022/3/14,[情報] 4736泰博去年營收及股利分派,9
2022/3/14,[新聞] 鋼價漲勢難擋；英國鋼鐵祭史上最大漲幅,36
2022/3/14,[閒聊] 2022/03/14盤中閒聊,100
2022/3/14,[標的] 6239.TW 力成 （被低估-多）,42
2022/3/14,[新聞] 施壓奏效！美副國務卿：俄開始願意進行,61
2022/3/14,Re: [新聞] 重大突破！烏克蘭曝與俄談判成果：雙,29
2022/3/14,Re: [新聞] 重大突破！烏克蘭曝與俄談判成果：雙,3
2022/3/13,Re: [新聞] 重大突破！烏克蘭曝與俄談判成果：雙,63
2022/3/13,Re: [新聞] 勞動基金又爆炒股弊案！統一投信2經理人,7
2022/3/13,Re: [新聞] 重大突破！烏克蘭曝與俄談判成果：雙,10
2022/3/13,[公告] 03/13 處置名單：WhitePope,21
2022/3/13,Re: [請益] 複委託美股換回台股要繳稅嗎？,7
2022/3/13,Re: [新聞] 重大突破！烏克蘭曝與俄談判成果：雙,100
2022/3/13,Re: [請益] 說要買美股的有想過美股會跌成這樣嗎？,3
2022/3/13,Re: [新聞] 重大突破！烏克蘭曝與俄談判成果：雙,16
2022/3/13,Re: [新聞] 重大突破！烏克蘭曝與俄談判成果：雙方已,31
2022/3/13,Re: [請益] 複委託美股換回台股要繳稅嗎？,5
2022/3/13,[新聞] 該買殖利率5％兆豐金，還是高股息ETF0056,40
2022/3/13,[新聞] 台灣分析師登陸報明牌 遭判3到4年徒刑,42
2022/3/13,[新聞]聯電明年產能僅能滿足一半需求28奈米緊缺,71
2022/3/13,[新聞] 台積電遭棄息?專家警告:別貪2.75元股利,100
2022/3/13,[請益] 投資ETF需要考慮經理人過去績效嗎？,15
2022/3/13,[新聞] 巴菲特稱鐵路事業100年內仍是波克夏重要,67
2022/3/13,[新聞] 急尋替代石油來源！川普轟拜登：跪求他國,75
2022/3/13,[標的]  8091 翔名 希望來得及上車多,37
2022/3/13,Re: [新聞] 重大突破！烏克蘭曝與俄談判成果：雙方已,2
2022/3/13,Re: [新聞] 重大突破！烏克蘭曝與俄談判成果：雙方已,26
2022/3/13,[請益] 複委託美股換回台股要繳稅嗎？,26
2022/3/13,Re: [請益] 說要買美股的有想過美股會跌成這樣嗎？,54
2022/3/13,Re: [請益] 說要買美股的有想過美股會跌成這樣嗎？,10
2022/3/13,[新聞]〈觀察〉庫存提升屬短期因素 成衣廠營運向,3
2022/3/13,Re: [新聞] 台積電有多強大？德國男揭當地慘況,12
2022/3/13,[新聞] 英特爾先進製程發展超乎預期，Pat Gelsi,61
2022/3/13,[新聞] Russia stock market to shut for 3rd Wk,22
2022/3/13,[情報] 巴西總統批評國營石油公司漲價提高利潤,14
2022/3/13,Re: [新聞] 重大突破！烏克蘭曝與俄談判成果：雙,59
2022/3/13,Re: [請益] 升息遏止通膨 難道不怕變成通貨緊縮嗎？,5
2022/3/13,[新聞] 愈跌愈該買！6檔低本益比電子股 加碼聯發,15
2022/3/13,Re: [新聞] 台積電有多強大？德國男揭當地慘況,5
2022/3/13,Re: [新聞] 非核家園能源配比 宣告跳票 2025再生能,25
2022/3/13,Re: [請益] 升息遏止通膨 難道不怕變成通貨緊縮嗎？,6
2022/3/13,[新聞] 烏克蘭外長：準備談判 不會投降也不接,39
2022/3/13,Re: [新聞] 台積電有多強大？德國男揭當地慘況,1
2022/3/13,[標的] 大盤 & 2330 空手空,12
2022/3/13,Re: [請益] 升息遏止通膨 難道不怕變成通貨緊縮嗎？,0
2022/3/13,Re: [新聞] 非核家園能源配比 宣告跳票 2025再生能,0
2022/3/13,Re: [新聞] 非核家園能源配比 宣告跳票 2025再生能,0
2022/3/13,Re: [請益] 升息遏止通膨 難道不怕變成通貨緊縮嗎？,5
2022/3/13,[新聞] 台積電有多強大？德國男揭當地慘況,27
2022/3/13,[新聞] 下週台股》投顧：低點不會再破 關注烏俄,27
2022/3/13,[新聞] 馬斯克遭爆生活低於貧窮線！　竟住113萬,55
2022/3/13,[新聞] 重大突破！烏克蘭曝與俄談判成果：雙方已,97
2022/3/13,Re: [新聞] 非核家園能源配比 宣告跳票 2025再生能,100
2022/3/13,Re: [請益] 升息遏止通膨 難道不怕變成通貨緊縮嗎？,45
2022/3/13,[請益] 疫情解封股還有機會嗎？,22
2022/3/13,Re: [請益] 歷次崩盤與大盤本益比變化關係,5
2022/3/13,Re: [請益] 升息遏止通膨 難道不怕變成通貨緊縮嗎？,9
2022/3/13,Re: [標的] 大盤  從技術分析來看,14
2022/3/13,[請益] 歷次崩盤與大盤本益比變化關係,29
2022/3/12,Re: [請益] 升息遏止通膨 難道不怕變成通貨緊縮嗎？,27
2022/3/12,Re: [請益] 升息遏止通膨 難道不怕變成通貨緊縮嗎？,1
2022/3/12,Re: [標的] 大盤  從技術分析來看,77
2022/3/12,Re: [請益] 升息遏止通膨 難道不怕變成通貨緊縮嗎？,5
2022/3/12,[標的] 4908.TWO 前鼎 多,11
2022/3/12,Re: [請益] 升息遏止通膨 難道不怕變成通貨緊縮嗎？,45
2022/3/12,[標的] 用比特幣走勢看納指QQQ,53
2022/3/12,[新聞] 榮運自結去年EPS 1元 每股配息0.4元,69
2022/3/12,[新聞] 俄烏戰事氖氣斷供 台韓半導體廠8年前已,16
2022/3/12,Re: [標的] 大盤  從技術分析來看,3
2022/3/12,[請益] 升息遏止通膨 難道不怕變成通貨緊縮嗎？,0
2022/3/12,[新聞] 台積5字頭入手打敗定存 老手曝2獲利指標,82
2022/3/12,Re: [標的] 大盤  從技術分析來看,27
2022/3/12,[新聞] 「妖鎳」史詩級軋空！　外媒爆多家中資及,30
2022/3/12,Re: [新聞] 非核家園能源配比 宣告跳票 2025再生能,33
2022/3/12,[情報] uber在美國要求乘客支付燃油費用,19
2022/3/12,[新聞] 俄烏開戰 散戶撿便宜 盤中零股交易夯,56
2022/3/12,Re: [新聞] 普丁開口 美股先笑後哭！科技股重災 台積,5
2022/3/12,Re: [標的] 大盤  從技術分析來看,3
2022/3/12,Re: [標的] 大盤  從技術分析來看,0
2022/3/12,Re: [新聞] 普丁開口 美股先笑後哭！科技股重災 台積,0
2022/3/12,[情報] 5546永固-KY 2021EPS 3.18元 現金股利5元,11
2022/3/12,[標的] 大盤  從技術分析來看,51
2022/3/12,Re: [新聞] 普丁開口 美股先笑後哭！科技股重災 台積,6
2022/3/12,[情報] 葉倫:減少燃油稅是減輕消費者負擔選項之,8
2022/3/12,[請益] 現在適合佈置亞洲(中日台)空單嗎?,24
2022/3/12,[請益] 上海交易所的股票有類似0050這種嗎？,9
2022/3/12,[新聞] 外資大賣台積 零股投資人慘套,100
2022/3/12,[新聞] 普丁開口 美股先笑後哭！科技股重災 台積,90
2022/3/12,RE:[新聞] 晶片業恐斷氣！烏克蘭暫停生產占全球一半,22
2022/3/12,[新聞] 美對俄羅斯金融制裁出現漏洞　大型投行,49
2022/3/12,[請益] 請問和大1536與0050之替換性,18
2022/3/12,[新聞] 台股土洋法人全面推演烏俄戰爭風險 鴻海內部評估：歐美參戰,36
2022/3/12,Re: [請益] 美股科技股高報酬時代要終結了嗎,100
2022/3/12,Re: [標的] ZIM.US 複製台股航海王多,37
2022/3/12,[新聞] 宋恭源女密友被起訴！獨扛「偷聽電話」,33
2022/3/12,[請益] 美股科技股高報酬時代要終結了嗎,60
2022/3/12,[新聞] 美國撤消俄羅斯最惠國待遇,23
2022/3/11,[新聞] 滴滴傳已停止籌備香港上市，App 將維持下,12
2022/3/11,[標的] us.futu 撐香港多,54
2022/3/11,[標的] 2618長榮航2610華航-一起多,54
2022/3/11,[新聞]1513 中興電董事會決議發放現金股利,9
2022/3/11,Re: [標的] 期街口布蘭特正2，期元大S&P原油反一,78
2022/3/11,[新聞] 《紡纖股》儒鴻1月每股盈餘2.36元,24
2022/3/11,[情報] 111年03月11日信用交易統計,34
2022/3/11,Re: [心得] 大盤觀察與心得分享,11
2022/3/11,[新聞] 普廷暗示俄烏談判有進展 歐美股齊漲,99
2022/3/11,[標的] 期街口布蘭特正2，期元大S&P原油反一,29
2022/3/11,[新聞] 【Hot台股】網問「航運三雄PK誰更穩」 專,8
2022/3/11,[新聞] 晶片業恐斷氣！烏克蘭暫停生產占全球一半,46
2022/3/11,[心得] 大盤觀察與心得分享,100
2022/3/11,[情報] 1717.TW 長興 開獎 減資5%,27
2022/3/11,[心得] 歷史上的今天-以東京電力為例,20
2022/3/11,[新聞] 傳美、歐、G7 將撤消俄羅斯最惠國待遇,25
2022/3/11,[情報] 2385 董事會決議股利分派,4
2022/3/11,Re: [標的] 長榮  股利與殖利率探討,38
2022/3/11,[情報] 8069 元太 110年財報/111年股利,43
2022/3/11,[情報] Hapag-Lloyd 2021年EPS 51.63 配息€35,26
2022/3/11,[新聞] 富邦金今年股利上看5.8元？ 總座這樣說,40
2022/3/11,[新聞] 退休金4%法則不夠!陳重銘：高通膨改用6%,-10
2022/3/11,[新聞] 宏碁12代Intel處理器 5款新品開賣 台灣全,24
2022/3/11,[新聞] 統一羅智先：消費品不像石油可漲來漲去,57
2022/3/11,[情報] 0311八大公股銀行買賣超排行,23
2022/3/11,[情報] 盛餘董事會決議盈餘分派發放現金股利,6
2022/3/11,[新聞] 寶鋼再開高盤，板鋼4月行情漲勢可期,10
2022/3/11,[情報] 3576 聯合再生提請股東會同意適時現增及私募,39
2022/3/11,[情報] 2376技嘉 110年EPS 21.01,65
2022/3/11,[新聞] 大小摩看好行情 喊買台積電,100
2022/3/11,[情報] 0311 上市櫃外資投信同買排行,5
2022/3/11,[請益] 還券後成本調整,17
2022/3/11,[情報] 0311 上市櫃外資投信買超金額排行,6
2022/3/11,[情報] 新光金 停止本公司董事長之董事職務3個月,73
2022/3/11,Re: [標的] 高油價對塑化原料類股的關係?,8
2022/3/11,[情報] 1909榮成  股利1.2元,26
2022/3/11,[標的] 長榮  股利與殖利率探討,53
2022/3/11,Re: [情報] 0311 SCFI指數 4625.06 (-121.92)-2.6%,0
2022/3/11,Re: [情報] 0311 SCFI指數 4625.06 (-121.92)-2.6%,31
2022/3/11,[情報] 0311上市外資買賣超排行,77
2022/3/11,Re: [情報] 0311 SCFI指數 4625.06 (-121.92)-2.6%,0
2022/3/11,[情報] 0311 SCFI指數 4625.06 (-121.92)-2.6%,71
2022/3/11,[情報] 111年03月11日 櫃買法人買賣金額統計表,30
2022/3/11,Re: [標的] 大盤 尾盤多單入場多,16
2022/3/11,[情報] 111年03月11日 三大法人買賣金額統計表,100
2022/3/11,[情報] 0311上市投信買賣超排行,71
2022/3/11,[標的] 長榮航空,47
2022/3/11,[新聞] 俄烏戰火動盪！股民逢低搶ETF 盤中零股,9
2022/3/11,[標的] 大盤 尾盤多單入場多,7
2022/3/11,[心得] 隔日冲小戶x運氣運氣x薯條加大,55
2022/3/11,[新聞] 危機入市首重1指標 謝金河再薦2檔IC設計,46
2022/3/11,[情報]  2313 華通 110年EPS 4.31 股利1.8,21
2022/3/11,[情報] 1303南亞 110年ESP 10.25 股利 7.5,44
2022/3/11,[閒聊] 2022/03/11 盤後閒聊,52
2022/3/11,Re: [標的] 元晶 安集 大腸包小腸蒜頭多,12
2022/3/11,[標的] 3034.TW 聯詠  2542.TW 興富發  討論,0
2022/3/11,Re: [標的] 大盤 翻多,24
2022/3/11,[新聞] 傳「鎳王」不願放棄空單，史詩級軋空未完,100
2022/3/11,[標的] 長榮 2603.TW 送分題多,0
2022/3/11,[新聞] SEC開第一槍 5家中概股陷摘牌下市危機,4
2022/3/11,Re: [心得] 長期投資者對大跌的應對,24
2022/3/11,Re: [標的] 2603 長榮 危機入市多,30
2022/3/11,Re: [標的] 高油價對塑化原料類股的關係?,6
2022/3/11,[標的] 聯電 空空蕩蕩淒淒慘慘,38
2022/3/11,[新聞] 中國擴大人民幣兌盧布浮動幅度,69
2022/3/11,[請益] 去年賺很多 配息卻很低的股票,83
2022/3/11,[標的] 高油價對塑化原料類股的關係?,16
2022/3/11,Re: [心得] 長期投資者對大跌的應對,48
2022/3/11,Re: [請益] 港股跌破新冠肺炎低點 香港怎麼了??,8
2022/3/11,[新聞] 俄羅斯報復！59家在俄外企擬收歸國有 蘋,99
2022/3/11,[請益] 關於追蹤國外股票的ETF,4
2022/3/11,[新聞] 日本「新資本主義」計劃重點投資5大科技,10
2022/3/11,[心得] 不要害怕下跌,24
2022/3/11,[請益] 美國市場中概股下市問題:,5
2022/3/11,[新聞] 亞股湧賣壓「台股年線保衛」 法人:航運,13
2022/3/11,Re: [標的] 1605 華新 被妖鎳嘎空,22
2022/3/11,[請益] 外資定義?,14
2022/3/11,[新聞] 刺激買盤 亞馬遜股票1拆20,13
2022/3/11,[標的] 4930.TW 燦星網 減資+高配息 多,31
2022/3/11,[新聞] 快訊／台股跌逾110點！台積電跌逾1%　恐,4
2022/3/11,[新聞] 矽力股票一拆四 股王將換人,22
2022/3/11,Re: [新聞] 非核家園能源配比 宣告跳票 2025再生能,55
2022/3/11,[新聞] 【美企業績】「Tesla殺手」 Rivian季績遜,13
2022/3/11,[新聞] 拜登簽署《發展數位資產》行政命令 評估,42
2022/3/11,[情報] 3669 圓展:董事會決議股利分派,3
2022/3/11,[新聞] 俄羅斯限制出口汽車飛機與穀物 股市11日,57
2022/3/11,[標的] 1605 華新 被妖鎳嘎空,23
2022/3/11,[閒聊] 2022/03/11 盤中閒聊,100
2022/3/11,[標的] 3694.TW 海華,4
2022/3/11,[情報] 永光三廠 3/10 火災情況說明,34
2022/3/11,[新聞] 俄國央行禁止民眾將盧布兌換成外幣半年,100
2022/3/11,[心得] 長期投資者對大跌的應對,69
2022/3/11,Re: [請益] 快奔三了...請各位大大解惑....,7
2022/3/11,[新聞] 觀音工業區永光化工廠暗夜火警 桃市消防,46
2022/3/11,[新聞] ASAN 盤前大跌26% 營收放緩和獲利率下滑,13
2022/3/11,[情報] 3707 漢磊 2月營收,16
2022/3/10,Re: [請益] 快奔三了...請各位大大解惑....,7
2022/3/10,[請益] 不確定性越來越少 是不是該空了,31
2022/3/10,Re: [請益] 大家到底看法人買賣超跟營收幹嘛?,3
2022/3/10,[新聞] 303大停電曝電網脆弱「政府出資改善」,47
2022/3/10,Re: [新聞] 303大停電 杜紫軍：供電挑戰恐從明年開始,6
2022/3/10,[新聞] 美國2月CPI年增7.9% 續創近40年新高紀錄,47
2022/3/10,[情報] 6547 高端疫苗 2月營收 yoy 999999%,69
2022/3/10,[新聞]鎳價暴漲 華新期貨避險認列評價未實,37
2022/3/10,[新聞] 福邦證2月營收0.81億元年減56.43% 1—2月,5
2022/3/10,Re: [請益] 快奔三了...請各位大大解惑....,11
2022/3/10,[公告] 03/10 處置公告,16
2022/3/10,Re: [情報] 順達(3211)開獎,7
2022/3/10,[新聞] 大陸多家公司股東違規減持 「誤操作」成,9
2022/3/10,[新聞] 郭哲榮:外資兩手策略 原來葫蘆裡是賣這藥,38
2022/3/10,Re: [請益] 快奔三了...請各位大大解惑....,18
2022/3/10,[新聞] 海運巨頭赫伯羅德：運費短期內只會維持在,32
2022/3/10,[標的] pins.us 死貓跳 短多,4
2022/3/10,[情報] 111年03月10日信用交易統計,41
2022/3/10,[情報] 2611志信 2月營收6227萬 月減21% 近8月低,4
2022/3/10,[情報] 華新  公告本公司從事衍生性商品交易達,37
2022/3/10,Re: [情報] 2330台積電2月營收 mom-14.7% yoy+37.9%,0
2022/3/10,Re: [請益] 黃金、黃金存摺與黃金概念股,18
2022/3/10,[新聞] 聯華食品推米做的可樂果 估帶動新品業績,40
2022/3/10,[新聞] 萬海2月營收年增93.08％ 歷史第5高,35
2022/3/10,[新聞] 10萬鎂鎳是喜訊？謝金河:股票反彈機會高,36
2022/3/10,[新聞] 「人多的餐廳才要去」股海老船長年賺逾30,13
2022/3/10,[新聞] 303大停電 杜紫軍：供電挑戰恐從明年開始,48
2022/3/10,[請益] 大家到底看法人買賣超跟營收幹嘛?,40
2022/3/10,[情報] 興農、敦陽科、宏全  2月營收,2
2022/3/10,[新聞] 廣越今年營收估成長雙位數 毛利率同增,4
2022/3/10,[情報] 0310 上市櫃外資投信同買排行,1
2022/3/10,[新聞] 打炒房對第2戶做房貸成數管制？楊金龍：,39
2022/3/10,[情報] 1101台泥 2月營收,20
2022/3/10,[情報] 3324 雙鴻|110年eps 13.12|股利 6,15
2022/3/10,[情報] 0310 上市櫃外資投信買超金額排行,3
2022/3/10,[新聞] 聯發科前2月營收創同期新高 外資不捧場,9
2022/3/10,[新聞] 去年獲利211億元創新高 合庫金：逢低加碼台股,20
2022/3/10,[情報] 南山人壽2月稅後損益30.65億年減68%,13
2022/3/10,[情報] 越南水產出口增加51%,16
2022/3/10,[情報] 0310八大公股銀行買賣超排行,44
2022/3/10,[新聞] 台塑向南亞購地 拚仁武廠轉型,11
2022/3/10,[情報] 2363矽統董事會決議股利分派0.8+1,3
2022/3/10,[情報] 0310 量大分點齊買,3
2022/3/10,Re: [情報] 2474可成2月營收,4
2022/3/10,[請益] 三大法人 個股買賣超 以金額排行,8
2022/3/10,[情報] 2201裕隆 110年EPS 4.82 股利1,71
2022/3/10,[情報] 中環 處分 富邦金控,41
2022/3/10,[標的] 2377.TW 微星  長期多,32
2022/3/10,Re: [新聞] 大立光目標價 驚見新低,7
2022/3/10,[情報] 萬海 2月營收MoM:-27.16 YoY:93.08%,90
2022/3/10,[情報] 2542 興富發2月營收,30
2022/3/10,[情報] 力智2月每股盈餘1.65元,8
2022/3/10,[新聞] 吳東進沒職務仍操縱新光金 董座許澎遭停職,44
2022/3/10,[新聞] 日月光投控2月營收438.31億元 年增近2成,8
2022/3/10,[情報] 2454聯發科 2月營收,41
2022/3/10,[情報] 2474可成2月營收,40
2022/3/10,[新聞] 創意電子發佈2.5D與3D多晶粒APT設計平台,3
2022/3/10,[情報] 潤泰新2月營收14.85億元年增22.24% 1—2.,16
2022/3/10,Re: [請益] 快奔三了...請各位大大解惑....,0
2022/3/10,[情報] 9941裕融 110年EPS12.96 股利5.5現+1.7股,36
2022/3/10,[情報] 長榮航、華航2月營收,59
2022/3/10,[情報] 6180橘子 財務報告EPS6.3 股利5,18
2022/3/10,[情報] 0310上市外資買賣超排行,65
2022/3/10,[新聞] MCU概念股 : 醞釀漲價,33
2022/3/10,[情報] 6770 力積電111年2月營收,36
2022/3/10,[情報] 聯強2347 增你強3028 威健3033  2月營收,7
2022/3/10,[情報] 6415矽力-KY決議變更每股面額為2.5元,47
2022/3/10,Re: [請益] 快奔三了...請各位大大解惑....,6
2022/3/10,[標的] 00895.TW 富邦未來車,35
2022/3/10,[情報] 6477 安集 2月營收,29
2022/3/10,[情報] 3661 世芯-KY 5269 祥碩 2月營收,11
2022/3/10,[情報] 亞洲藏壽司 110年合併財務報表,17
2022/3/10,[情報] 0310上市投信買賣超排行,54
2022/3/10,[新聞] 板卡廠業績旺，華碩、微星、技嘉首2月雙,26
2022/3/10,[情報] 111年03月10日 櫃買法人買賣金額統計表,31
2022/3/10,[情報] 6239 力成 110年EPS 11.54 股利6.8,12
2022/3/10,[新聞] 三大法人買超台股64.88億元 外資終止連6,19
2022/3/10,[情報] 1301 台塑 110年EPS 11.21 股利8.2,57
2022/3/10,[標的] 台玻1802 30t還有救嗎,30
2022/3/10,Re: [新聞] 宏遠估貨櫃三雄1月單月EPS6-7元　將長榮,32
2022/3/10,[情報] 111年03月10日 三大法人買賣金額統計表,100
2022/3/10,[情報] 力成110年度合併財報及預計分派股利,9
2022/3/10,[情報] 5007 三星 公告董事會決議股利分派,27
2022/3/10,[情報] 8454富邦媒 8044網家 2月營收,21
2022/3/10,[新聞] 衰退? 交易員警告債券殖利率曲線即將倒掛,28
2022/3/10,Re: [請益] 快奔三了...請各位大大解惑....,77
2022/3/10,[新聞] 蘋果M1 Ultra亮相 台積握大單,26
2022/3/10,Re: [請益] 快奔三了...請各位大大解惑....,0
2022/3/10,[創作] 水手怕水 周杰倫,6
2022/3/10,[閒聊] 2022/03/10 盤後閒聊,61
2022/3/10,[請益] 快奔三了...請各位大大解惑....,99
2022/3/10,Re: [新聞] 279萬劑高端恐銷毀！損失高達30億元　陳,24
2022/3/10,[情報] 南茂 2月營收 MoM:-7.7% YoY:6.05%,0
2022/3/10,[情報] 2330台積電2月營收 mom-14.7% yoy+37.9%,100
2022/3/10,[標的] 6242 立康.TW 多,26
2022/3/10,[新聞] 儒鴻股價暴跌打落跌停 因為法說會釋出這,43
2022/3/10,[請益] 古早時代的增資股票怎麼處理？,35
2022/3/10,Re: [請益] 股票嚴重影響身心理，是不是該賣？,47
2022/3/10,Re: [請益] 股票嚴重影響身心理，是不是該賣？,7
2022/3/10,[標的] 元晶 安集 大腸包小腸蒜頭多,29
2022/3/10,Re: [請益] 股票嚴重影響身心理，是不是該賣？,9
2022/3/10,Re: [標的] 億豐 8464,6
2022/3/10,[新聞] 吳中書：央行必當適度跟進聯準會升息,39
2022/3/10,[新聞] 千附實業去年獲利 創2004年上櫃以來首度,11
2022/3/10,Re: [請益] 股票嚴重影響身心理，是不是該賣？,50
2022/3/10,Re: [請益] 0050要繼續擺嗎?,11
2022/3/10,Re: [請益] 股票嚴重影響身心理，是不是該賣？,0
2022/3/10,[情報] 4571 鈞興-KY 澄清新聞媒體報導,7
2022/3/10,Re: [請益] 股票嚴重影響身心理，是不是該賣？,26
2022/3/10,[情報] 4763材料-KY 澄清媒體報導 保留法律追訟權,21
2022/3/10,[新聞] 【三星高層離職打老東家】三星電子反擊,0
2022/3/10,[新聞] 俄遭經濟制裁看好未來得利 中國大陸散戶,19
2022/3/10,Re: [請益] 0050要繼續擺嗎?,21
2022/3/10,[請益] 為什麼我台積電零股都買不到？？,31
2022/3/10,[請益] 股票嚴重影響身心理，是不是該賣？,99
2022/3/10,[新聞] 廠商撤單！亞洲、歐美運價跌，航運或許提,66
2022/3/10,[新聞] 外資喊買卻反手大賣，目標價都是為了出貨,25
2022/3/10,[新聞] 國際油價大幅回落 布倫特原油重挫逾17%,38
2022/3/10,[新聞] 麥擱賣啊！ 野村：台積電被超賣 逢低必買,36
2022/3/10,[閒聊] 2022/03/10盤中閒聊,100
2022/3/10,[新聞] 戰爭拖垮！俄分析師節目舉杯：安息吧!,11
2022/3/10,Re: [請益] 0050要繼續擺嗎?,42
2022/3/10,[新聞] Amazon approves 20-for-1 stock split,18
2022/3/10,[情報] 油價大跌了,100
2022/3/10,[新聞] 台積電要來了 學者憂高雄交通路網將更壅塞,35
2022/3/10,[新聞] 拜登宣布禁俄石油 克宮:美國已向我們宣,49
2022/3/10,Re: [心得] 從數據來看明天台股,13
2022/3/10,[心得] 從數據來看明天台股,26
2022/3/10,[請益] 俄羅斯 ETF 要怎麼清算?,16
2022/3/10,[新聞] 6家壽險已認列俄債損失 合計99.67億,19
2022/3/09,[新聞] 倒貨倒不停！彭博：外資正加速撤出台股,100
2022/3/09,[創作] 2022金控合理價估算指標-TBBQQ(臺企指數),59
2022/3/09,[新聞] 俄執政黨提案沒收並強制國有化外資工廠,52
2022/3/09,Re: [新聞] 拜登宣布建立美國關鍵礦產供應鏈 確保美,36
2022/3/09,Re: [標的] ZIM.US 以色列航海王 / 21Q4財報,7
2022/3/09,[新聞] 2022 年圖像顯卡市況 陸行之：保守看待下,7
2022/3/09,Re: [新聞] 「妖鎳」暴漲苦主出面 青山：已調配到充,35
2022/3/09,[新聞] 「妖鎳」漲破10萬美元！謝金河：股市轉,0
2022/3/09,Re: [標的] ZIM.US 以色列航海王 / 21Q4財報,21
2022/3/09,Re: [標的] 王品還有救嗎,8
2022/3/09,[新聞] 長榮接班家變新戰線 張國煒要奪回海外,20
2022/3/09,Re: [標的] 王品還有救嗎,3
2022/3/09,[情報] 111年03月09日三大法人買賣超前三十,3
2022/3/09,[新聞] 白宮:美國將研究發現 數位美元,45
2022/3/09,[新聞] 停滯性通膨 很難捲土重來-工商時報,10
2022/3/09,[情報]  大聯大 3702 二月份營收,2
2022/3/09,[標的] 王品還有救嗎,100
2022/3/09,[情報] 4105.tw 東洋開獎,5
2022/3/09,[情報] 111年03月09日信用交易統計,40
2022/3/09,[情報] FW；4739.TW. 康普二月營收,4
2022/3/09,[新聞] 黃天牧：六大壽險提列俄債減損上看百億,30
2022/3/09,[請益] 台股本益比怎麼這麼低啊,29
2022/3/09,Re: [請益] 請問航運三雄目前狀況？,52
2022/3/09,[情報] 福懋董事會決議股利分派,20
2022/3/09,[情報] 輝瑞很快提交第四劑的數據給FDA,19
2022/3/09,[新聞] 「妖鎳」暴漲苦主出面 青山：已調配到充,58
2022/3/09,[標的] ZIM.US 以色列航海王 / 21Q4財報,60
2022/3/09,[新聞] 長榮營收 連5月站穩500億,36
2022/3/09,"Re: [新聞] 0056績效大逆襲 規模飆破1,200億元",19
2022/3/09,[情報] 聯華食1231.TW 開獎  現金1.5+股利1.1,9
2022/3/09,[新聞] 微軟收購動視暴雪三人涉嫌參與內幕交易被,16
2022/3/09,[情報] 0309 量大分點齊買,1
2022/3/09,[情報] 111年【2月份金控股】EPS排名(全已公布),84
2022/3/09,Re: [請益] 0050要繼續擺嗎?,5
2022/3/09,[情報] 0309 上市櫃外資投信同買排行,4
2022/3/09,Re: [心得] 倫鎳暴漲的原因,67
2022/3/09,Re: [情報] 111年03月09日 三大法人買賣金額統計表,5
2022/3/09,[情報] 台聚集團 開獎,18
2022/3/09,[情報] 0309 上市櫃外資投信買超金額排行,4
2022/3/09,[情報] 2888新光金 2月營收 YOY/MOM爆減!,91
2022/3/09,[情報] 2834 臺企銀 開獎,100
2022/3/09,[新聞] 俄羅斯週三恢復盧布交易，但股市持續休市,23
2022/3/09,Re: [新聞] 妖鎳事件，青山實業：老外的確有些動作,6
2022/3/09,[情報] 0309八大公股銀行買賣超排行,37
2022/3/09,"[新聞] 0056績效大逆襲 規模飆破1,200億元",24
2022/3/09,[情報] 2883開發金 2月自結,79
2022/3/09,[情報] 2324仁寶 二月營收 824E,16
2022/3/09,[情報] 廣達2382 2月營收,9
2022/3/09,[情報] 2884玉山金 股利0.67+0.67,62
2022/3/09,[新聞] 妖鎳事件，青山實業：老外的確有些動作,5
2022/3/09,[情報] 2609陽明 2月營收 mom-6.5%  yoy+59.6%,100
2022/3/09,Re: [請益] 0050要繼續擺嗎?,0
2022/3/09,[情報] 台中銀 2月自結,21
2022/3/09,[新聞] 台積電殺破570背後致命傷！謝金河曝聯電,24
2022/3/09,[情報] 聯華食、生達、正隆、零壹  2月營收,4
2022/3/09,[新聞]  台驊看好貨櫃航運合理本益比5-8倍,17
2022/3/09,[情報] 文曄 3036 2月營收,14
2022/3/09,[請益] 黃金、黃金存摺與黃金概念股,11
2022/3/09,[情報] 國賓取得台積電有價證券,35
2022/3/09,[新聞] 林岱樺揭深喉嚨錄音檔　再爆金寶董座自,18
2022/3/09,[情報] 1216 統一 110年EPS 3.5 股利 2.7,18
2022/3/09,[情報] 5880 合庫金 2月自結,29
2022/3/09,[新聞] 拜登宣布建立美國關鍵礦產供應鏈 確保美,27
2022/3/09,[情報] 3026.tw 禾伸堂開獎,11
2022/3/09,[新聞] 外資3天賣台股逾1700億　台銀砸近300億,49
2022/3/09,[情報] 0309 上市外資買賣超排行,70
2022/3/09,[情報] 2886 兆豐金 2月自結,34
2022/3/09,Re: [新聞]拜登即將宣布美禁止進口俄羅斯石油、天然氣,27
2022/3/09,[情報] 1515.TW 力山 二月營收,24
2022/3/09,[創作] 勇氣,8
2022/3/09,[新聞] 台驊董座看海運市場：萬里晴空、順風順水,27
2022/3/09,[新聞] 全球晶圓代工市場2022年連續第三年增長>20%,0
2022/3/09,[情報]陽明山2月營收 月+0.74%年-1.92%,53
2022/3/09,[新聞] 華碩2月營收年增20% 16日法說會登場,17
2022/3/09,Re: [情報] 111年03月09日 三大法人買賣金額統計表,29
2022/3/09,[新聞] 世芯-KY先進製程領營運，5奈米貢獻提升,7
2022/3/09,[心得] 當冲賺便當x大盤反彈我還是勇敢空,55
2022/3/09,[新聞]2月營收不同調 國巨登新高 華新科22月新低,19
2022/3/09,[情報]  2308 台達電 2月營收,9
2022/3/09,[標的] 8069 元太,28
2022/3/09,[新聞] 這檔航運股利開獎竟慘崩 網嚇:怕長榮陽明,32
2022/3/09,[情報] 2002中鋼 2月營收,24
2022/3/09,[情報] 1229 聯華 110年EPS 2.92 股利1.8股票0.5,25
2022/3/09,[情報] 111年03月09日 櫃買法人買賣金額統計表,35
2022/3/09,[情報] 111年03月09日 三大法人買賣金額統計表,100
2022/3/09,[情報] 0309上市投信買賣超排行,57
2022/3/09,Re: [情報] 神基 股利開獎 滾動調整!,1
2022/3/09,[標的] 2028.TW 威致 草原多,17
2022/3/09,[標的] 中國市場指數,46
2022/3/09,[情報] 3545敦泰 2月營收 mom-8.99%  yoy-14.6%,53
2022/3/09,[創作] 每天愛你多一些 張學友,11
2022/3/09,[情報] 3481 群創 2月營收 220E,29
2022/3/09,[情報] 3037 欣興 二月營收,16
2022/3/09,[閒聊] 2022/03/09 盤後閒聊,99
2022/3/09,[新聞] 國安基金護盤銀彈 財政部研擬提高,35
2022/3/09,[情報] 2409友達 二月營收 256E,30
2022/3/09,[情報] 3017奇鋐 2月營收 40.48億,14
2022/3/09,[情報] 1326台化110年EPS 6.56 股利4.8,21
2022/3/09,[情報] 2385 群光Q4財報,31
2022/3/09,[標的] 半導體產業還有可能回到2020年前的狀態嗎,25
2022/3/09,[新聞] 聯發科與恩智浦專利戰擴展到中國戰場,5
2022/3/09,[討論] 新手適合美股還台股？,37
2022/3/09,[新聞] 大摩：IT面板價格未觸底 保守看友達、群,35
2022/3/09,[新聞] 郭哲榮曝9日盤後有1大事 台股賣壓或減輕,100
2022/3/09,Re: [新聞] 「沒下指令護盤！」 財部:公股自發性買股,0
2022/3/09,Re: [標的] 大盤 多蛙vvvvv叫,30
2022/3/09,[新聞] 2026年是打破Macbook與iPad市場邊界最佳,10
2022/3/09,Re: [請益] 0050要繼續擺嗎?,42
2022/3/09,[請益] 顯卡缺貨緩解，AMD伺服器用的基板供應也,30
2022/3/09,[新聞] 「沒下指令護盤！」 財部:公股自發性買股,100
2022/3/09,[新聞] 大立光目標價 驚見新低,40
2022/3/09,Re: [請益] 0050要繼續擺嗎?,6
2022/3/09,[新聞]阮清華：台股若不理性下跌 國安基金不排,29
2022/3/09,Re: [標的] 元晶6443 烏克蘭多,22
2022/3/09,[新聞] 疫情重創王品集團去年每股虧1.4元,36
2022/3/09,[新聞] 〈俄烏衝突〉麥當勞暫時關閉所有俄羅斯,23
2022/3/09,[新聞] 業內消息稱 聯電將提供三星新合約報價,31
2022/3/09,[閒聊] 2022/03/09盤中閒聊,100
2022/3/09,[新聞] 外資賣超461億元 晶圓雙雄遭狙擊,15
2022/3/09,[標的] 大盤 多蛙vvvvv叫,33
2022/3/09,[新聞] 真的有新色！iPhone 13系列推綠色系抓緊,100
2022/3/09,[標的] ICLN.US 潔淨能源 拉不拉多,11
2022/3/09,[標的] 2330.TW 台積電 觀察TSM危機入市多,36
2022/3/09,Re: [新聞] 倫敦金屬交易所：取消所有8日0時後在場外,16
2022/3/09,Re: [標的] 航運，鋼鐵，綠能，電池,5
2022/3/09,Re: [新聞]拜登即將宣布美禁止進口俄羅斯石油、,11
2022/3/09,[新聞] 拜登宣布禁止進口俄羅斯能源 英國跟進禁止,86
2022/3/09,Re: [新聞] 拜登即將宣布 美禁止進口俄羅斯石油、天,70
2022/3/09,Re: [新聞]拜登即將宣布美禁止進口俄羅斯石油、,30
2022/3/09,[新聞] 長線樂觀！大摩CEO:別人恐懼 你要貪婪,71
2022/3/09,Re: [新聞]拜登即將宣布美禁止進口俄羅斯石油、,21
2022/3/09,[創作] 我還年輕,9
2022/3/08,[公告] 03/08 處置公告,1
2022/3/08,[新聞] 宏達電2021虧損持續收斂 每股虧損3.75元,57
2022/3/08,[新聞] 高端營收暴增至32.8億「99％來自政府」,18
2022/3/08,[新聞] 台股連日大暴跌 蘇貞昌：逢低買進、股民,46
2022/3/08,Re: [新聞]拜登即將宣布美禁止進口俄羅斯石油、,63
2022/3/08,Re: [標的] USO.US 戰爭開打多,15
2022/3/08,Re: [請益] 股票有辦法透過研究分析來準確判斷漲跌嗎,4
2022/3/08,[請益] 還房貸 vs 定存股,37
2022/3/08,Re: [請益] 這波信貸抄底存股可行嗎?,13
2022/3/08,Re: [新聞] 倫敦金屬交易所：取消所有8日0時後在場外,2
2022/3/08,[新聞]拜登即將宣布美禁止進口俄羅斯石油、天然氣,100
2022/3/08,[新聞] 台新金自結前二月稅後淨利 13.5億元,15
2022/3/08,[新聞] 宏碁2月營收年增逾12% 創8年同期新高,17
2022/3/08,[新聞] 油金高漲 商品ETF跟著衝,5
2022/3/08,[新聞] 證交所再度信心喊話 投資人不必過度恐慌,32
2022/3/08,[請益] 這波信貸抄底存股可行嗎?,86
2022/3/08,[新聞] 華新2月營收130億元創同期新高 年增近8成,16
2022/3/08,Re: [請益] 股票有辦法透過研究分析來準確判斷漲跌嗎,36
2022/3/08,Re: [新聞] 倫敦金屬交易所：取消所有8日0時後在場外,58
2022/3/08,[情報] 6592 和潤企業 開獎 & 二月營收,10
2022/3/08,[請益] 存股VT一年，要停損嗎？,78
2022/3/08,[標的] 到底美股擺著可以幹嘛,53
2022/3/08,[新聞] 倫敦金屬交易所：取消所有8日0時後在場外,100
2022/3/08,[新聞] 長榮前2月營收1121億元 年增逾9成,44
2022/3/08,[情報] 111年03月08日信用交易統計,46
2022/3/08,[情報] 順達(3211)開獎,20
2022/3/08,[請益] 股票有辦法透過研究分析來準確判斷漲跌嗎,11
2022/3/08,[請益] 0050要繼續擺嗎?,49
2022/3/08,[新聞] 久元6261年增率連續13個月成長超過10%,11
2022/3/08,[新聞] 台股3天暴殺千點 兇手竟然是它？專家爆,0
2022/3/08,[新聞] 統一超與全聯 位居全球前250大零售業,12
2022/3/08,[請益] 甲種特別股是否優先於乙種特別股?,11
2022/3/08,[新聞] 中鋼：鋼價將比去年高點更瘋狂,5
2022/3/08,[情報] 0308八大公股銀行買賣超暨歷史買超金額榜,20
2022/3/08,[心得] 倫鎳暴漲的原因,100
2022/3/08,[情報] 3048 益登 110年 EPS 4.63,29
2022/3/08,[請益] 新光金的俄債是無法解套了嗎?,58
2022/3/08,[情報] 0308上市櫃外資投信同買排行,5
2022/3/08,[情報] 華南金(2880) 2月自結,34
2022/3/08,Re: [心得] 去年定投大盤的報酬變負值,13
2022/3/08,[新聞] 代工廠2月營收 緯創年增逾3成、英業達成,19
2022/3/08,[情報] 2881富邦金 2月自結,64
2022/3/08,[情報] 1102亞泥110年EPS 4.7 股利3.4,35
2022/3/08,[情報] 6147頎邦2月營收,11
2022/3/08,[情報] 達欣工 開獎,11
2022/3/08,[情報] 4440宜新實業 EPS 5.06、股息4元,4
2022/3/08,[情報] 矽格（6257）開獎,10
2022/3/08,[新聞] 俄債苦主 新光金2月虧損10.41億元,38
2022/3/08,[新聞] 台驊去年EPS 30.03元 董事會通過股息13元,22
2022/3/08,[新聞]台股連兩天共跌逾900點 金管會:尚未有非理,44
2022/3/08,[情報] 2603長榮2月營收 mom-2.7% yoy+86.66%,100
2022/3/08,[心得] 去年定投大盤的報酬變負值,97
2022/3/08,[情報] 6438迅得 股利6.5元,3
2022/3/08,[新聞] 張國煒走自己的路 星宇Q3進軍資本市場,39
2022/3/08,[請益] 原物料如果暴漲太多是否會對產品有反效果,34
2022/3/08,[情報] 2834台企銀2月份自結 EPS 0.08,75
2022/3/08,Re: [請益] 「有撐」的根據是什麼？,11
2022/3/08,[新聞] 鎳期大漲1倍登10萬美元 LME宣布暫停交易,28
2022/3/08,[情報] 0308 上市櫃外資投信買超金額排行,9
2022/3/08,[新聞] 再破通膨警戒線 2月CPI年漲2.36%雞蛋漲近,39
2022/3/08,[情報] 0308 量大分點齊買,2
2022/3/08,[情報] 2887台新金 2月自結,40
2022/3/08,[情報] 2888新光金 2月自結,67
2022/3/08,[新聞] 國巨2月營收92.47億元 創歷年同期新高,12
2022/3/08,[情報] 2636台驊投控 股利13元 殖利率8.67%,44
2022/3/08,[新聞] 0050盤中零股挑戰歷史天量,37
2022/3/08,[新聞] 台股三天跌掉1100點 法人：短線急跌催出,62
2022/3/08,[新聞] 全台303大停電！是時候重新調整現行能源,19
2022/3/08,[情報] 2347聯強 110年EPS 10.35 股利 5,27
2022/3/08,[情報] 5203訊連 110年第四季認列鉅額投資損失,23
2022/3/08,[新聞] 各國策略盡出 台灣半導體業依舊大放異彩,23
2022/3/08,[新聞] 40個月年終機會來了！長榮開缺起薪4.6萬,29
2022/3/08,[情報] 6505台塑化110年EPS 5.19 股利3.8,12
2022/3/08,[情報] 0308婦女節上市外資買賣超排行,66
2022/3/08,[新聞] 統一證(2855)公告本公司股東會盈餘分配案,11
2022/3/08,[情報] 2892 第一金 2月自結,18
2022/3/08,[情報] 1402遠東新 110年EPS 1.94 股利1.5,32
2022/3/08,Re: [請益] 怎麼看美股/台股資金配比,9
2022/3/08,Re: [標的] 上洋-6728.TW 冷門價值成長兼具股,15
2022/3/08,Re: [請益] 怎麼看美股/台股資金配比,1
2022/3/08,[情報]  3576 聯合再生 2月營收,8
2022/3/08,[新聞] 台股午盤跌350點 外資看衰有原因,31
2022/3/08,[情報] 2636台驊投控 2月營收,40
2022/3/08,[情報] 大成鋼 2月營收發布,40
2022/3/08,"Re: [標的] 2409 友達 (進場110張,持續加碼)",59
2022/3/08,[新聞] 薑是老的辣！巴菲特重返全球前5大富豪,22
2022/3/08,[情報] 111年03月08日 櫃買法人買賣金額統計表,37
2022/3/08,[情報] 台塑、南亞、台化、台塑化 2022/02自結,19
2022/3/08,[情報] 元太2月營收,71
2022/3/08,[請益] 主跌段是不是才剛要開始,69
2022/3/08,[情報] 2108.tw南帝開獎,29
2022/3/08,[標的] 006208富邦台50 今天的跌幅,22
2022/3/08,Re: [新聞] 鎳價飆被軋、傳中國建銀子公司未如期追加,23
2022/3/08,[情報] 0308上市投信買賣超排行,54
2022/3/08,[情報] 111年03月08日 三大法人買賣金額統計表,100
2022/3/08,[請益] 怎麼看美股/台股資金配比,16
2022/3/08,[心得] Re: [心得] 鎳瘋了,42
2022/3/08,[新聞] 鎳價飆被軋、傳中國建銀子公司未如期追加,39
2022/3/08,[請益] 這次愛大錯了嗎？,82
2022/3/08,[閒聊] 2022/03/08 盤後閒聊,20
2022/3/08,[情報] 1476儒鴻營收27.7億元 +19.26%YoY,8
2022/3/08,Re: [請益] 金控股該停損嗎？,10
2022/3/08,[標的] 2330 台積電 多,55
2022/3/08,[心得]  台指期畢業文囉,99
2022/3/08,[心得] 鎳瘋了,100
2022/3/08,Re: [情報] 鎳價又噴了 (大漲30% 再破新高),22
2022/3/08,Re: [標的] 2603 長榮 危機入市多,19
2022/3/08,[新聞] 南韓船企2月接單量位居全球第一,4
2022/3/08,[新聞] 台灣被列俄羅斯「不友善國家」外交部:經貿,47
2022/3/08,[請益] 「有撐」的根據是什麼？,50
2022/3/08,[新聞] 集邦：面板報價止跌,16
2022/3/08,[標的] 大盤多 你明明還有錢多,100
2022/3/08,Re: [標的] 元晶6443 烏克蘭多,14
2022/3/08,[新聞] 聯電50元保衛戰 股價寫9個多月低點,36
2022/3/08,[心得] 千萬不要隨便進場炒底,0
2022/3/08,[請益] 友達好強，為什麼？,33
2022/3/08,[請益] 股災時 股票投資分析師怎麼不叫人跑？,37
2022/3/08,[新聞] 韓政府：正了解被俄拉黑對各行業的影響,17
2022/3/08,[閒聊] 跌破萬七 黑特區,99
2022/3/08,[新聞] 不再無處可投 巴菲特三天買進西方石油逾6,23
2022/3/08,Re: [心得] 黑心權證交易員的告白,5
2022/3/08,[新聞] 國際婦女節台企女董事比僅12%　市值2哥聯,0
2022/3/08,[新聞] 貨船被炸、船員喪生，黑海淪為不歸路！俄,39
2022/3/08,[心得] 烏俄戰爭不應該影響長期投資計畫,41
2022/3/08,[新聞] 俄威脅停供歐天然氣 嗆聲石油禁運會讓油,61
2022/3/08,[新聞] 航母級主權基金 狂賣台積電,59
2022/3/08,[新聞] 國安基金 蘇揆:成交量5000億股民有信心,76
2022/3/08,[標的] 6829千附精密,7
2022/3/08,[標的] USO.US 多,4
2022/3/08,[新聞] 大摩:PC無獲利成長空間 中性看廣達、華碩,29
2022/3/08,Re: [標的] 大盤,26
2022/3/08,[情報] 鎳價又噴了 (大漲30% 再破新高),33
2022/3/08,[新聞] 投信護盤 24天買超678億,60
2022/3/08,[新聞] 台股爆量摜破年線 國安基金關注,21
2022/3/08,[新聞] 油金大宗商品漲翻天、國內ETF可關注　這,4
2022/3/08,Re: [標的] 2618.TW 長榮航 空,12
2022/3/08,[新聞] 證交所喊話：台股基本面無虞,53
2022/3/08,[情報] 2498宏達電 決議110年度虧損撥補案,19
2022/3/08,[情報] 宏達電110年度合併財務報告,43
2022/3/08,[閒聊] 2022/03/08 盤中閒聊,100
2022/3/08,[新聞] 1個月3度喊買台積電 回頭瘋砍6萬張 網揪,60
2022/3/08,[新聞] 鎳價一度暴漲90%創歷史新高 供應前景令人,33
2022/3/08,[新聞] 台積電高雄廠 陳其邁：將有生態公園,83
2022/3/08,[心得] 準畢業文,30
2022/3/08,[標的] 大盤 彈出來多,100
2022/3/08,[新聞] 地緣政治風險難估 外資：避險第一 最保守,11
2022/3/08,[標的] 2330.台積 TSM.US 技術分析線圖心得討論,29
2022/3/08,Re: [心得] 台積電 畢業蓋牌了不多不空,0
2022/3/08,[新聞] 烏克蘭等3國申請入會 歐盟今天開始審核！,54
2022/3/08,Re: [請益]有人會真的把印度神童的預測納入考量嗎？,7
2022/3/08,Re: [請益]有人會真的把印度神童的預測納入考量嗎？,2
2022/3/08,Re: [標的] 大成鋼 2027 多,16
2022/3/08,[新聞] 美股持續下挫　道瓊跌逾460點,61
2022/3/08,[請益] 愛爾蘭版本的QQQ是哪隻?,1
2022/3/08,[新聞] 台積電大跌狂撿甜甜價 他一路抄底4次「,14
2022/3/08,[請益]有人會真的把印度神童的預測納入考量嗎？,28
2022/3/07,[心得] 多軍投顧如何面對大熊?,18
2022/3/07,[請益] 趨勢看對可能烙賽原油算是經典案例？,5
2022/3/07,Re: [心得] 黑心權證交易員的告白,58
2022/3/07,[新聞] 台股2月實際交易戶數月減12萬多戶,53
2022/3/07,[新聞] RC新目標:BBBY,1
2022/3/07,Re: [情報] 俄羅斯預計針對不友好國家名單進行制裁,25
2022/3/07,[新聞] 預測油價跌到12美元 女股神拖2年終於認錯,43
2022/3/07,[新聞] 303大停電　台泥：合併營收減少1.21億元,18
2022/3/07,Re: [情報] 俄羅斯預計針對不友好國家名單進行制裁,47
2022/3/07,[公告] 最近違規數偏多，檢舉量爆增,16
2022/3/07,[情報] 2838 聯邦銀 2月自結,16
2022/3/07,[新聞] 熱軋價格大漲 鋼廠喜迎旺季,46
2022/3/07,[情報] 111年03月07日信用交易統計,37
2022/3/07,[請益] 木頭前年說因為電動車，石油將回到12美金,30
2022/3/07,[新聞] 台股爆量重挫 財長喊話：國安基金必要時,23
2022/3/07,[情報] 俄羅斯預計針對不友好國家名單進行制裁,100
2022/3/07,[新聞] 集雅社去年每股賺3.2元創高 今年拚全台開,33
2022/3/07,[情報] DHL:貨櫃航運市場2022-2024之展望,55
2022/3/07,Re: [情報] 111年03月07日 三大法人買賣金額統計表,12
2022/3/07,[新聞] 聯詠2月營收117.25億元 年增34.54%創同期,1
2022/3/07,[情報] 2344華邦電 2月營收,7
2022/3/07,[情報] 2616.tw 山隆 開獎,15
2022/3/07,[新聞] 久元股利：現金5元,25
2022/3/07,[情報] 2891中信金 2月自結,36
2022/3/07,[情報] 佳世達2352  股利分派2.5,29
2022/3/07,[請益] 請問要怎麼捏到心中的停利價？,7
2022/3/07,[新聞] 裕民去年EPS5.79元 現金股利3元 今年11艘,16
2022/3/07,[新聞] 金管會打炒房撒手鐧 值得商榷,15
2022/3/07,[新聞] 東聯董事會決議股利分派,-10
2022/3/07,Re: [新聞] 美國運通暫停在俄羅斯和白俄羅斯所有業務,0
2022/3/07,[新聞] 新光金前獨董討1800萬+5%　李紀珠：子虛烏有,19
2022/3/07,[情報] 2838.tw聯邦銀 開獎,33
2022/3/07,Re: [請益] 同樣追蹤大盤，006208 怎溢價這麼多？,4
2022/3/07,Re: [標的]：美國石油公司  OXY.US,32
2022/3/07,[標的] 2603 長榮 危機入市多,54
2022/3/07,Re: [請益] 停滯性通膨該怎麼操作？,34
2022/3/07,[情報] 0307八大公股銀行買賣超暨歷史買超金額榜,35
2022/3/07,[新聞] 外資狂砍台股822億創歷史次高 台積電、00,42
2022/3/07,[公告] 03/07 處置公告 其之三＋改判,1
2022/3/07,Re: [標的] 長榮 送分題空 2603.tw,-10
2022/3/07,[心得] 黑心權證交易員的告白,36
2022/3/07,[情報] 0307 上市櫃外資投信同買排行,16
2022/3/07,[情報] 2890永豐金 2月自結,39
2022/3/07,[情報] 0307 量大分點齊買,1
2022/3/07,[情報] 0307 上市櫃外資投信買超金額排行,16
2022/3/07,[情報] 晶技 股利開獎,27
2022/3/07,[標的] 長榮線仙多更多,0
2022/3/07,[新聞] 外資今年買的全吐回！聯發科失守千元關卡,29
2022/3/07,[標的] 2330 台積電   多,53
2022/3/07,[情報] 今天台股大跌 但卻大溢價的國內ETF,31
2022/3/07,[新聞] 3260威剛二月營收年增13.3%,18
2022/3/07,[新聞] 證交所：台股基本面良好　投資人應保持冷,80
2022/3/07,[心得] 這裡有批便宜的鎳礦(已更新上漲38趴……,65
2022/3/07,[情報] 0307上市外資買賣超排行,100
2022/3/07,[心得] 明天是短線搶反彈跟中線撿便宜的好時機!,60
2022/3/07,[情報] 8016 矽創 2月營收,17
2022/3/07,[新聞] 戰爭讓你焦慮?施昇輝：退休理財別做這事,31
2022/3/07,[新聞] 京元電前景穩健 高盛上調目標價至42元,1
2022/3/07,[情報] 2884.TW 玉山金 2月自結,33
2022/3/07,Re: [標的] 2618.TW 長榮航 空,14
2022/3/07,Re: [情報] 111年03月07日 三大法人買賣金額統計表,9
2022/3/07,[新聞] 股市大逃殺！財部：還沒發生 實體經濟穩,99
2022/3/07,[新聞] 俄烏傷貿易，船用燃料價飆歷史高，轉運,10
2022/3/07,[情報] 4919.TW 新唐 二月營收,22
2022/3/07,[新聞] 外資狂殺台股822億元創歷史次高紀錄 三大,44
2022/3/07,[情報] 111年03月07日 櫃買法人買賣金額統計表,30
2022/3/07,[情報] 2889.TW 國票金 2月自結,32
2022/3/07,[心得] 歷史外資賣超前五名,43
2022/3/07,Re: [心得] 歷史外資賣超前五名,47
2022/3/07,[情報] 3034聯詠2月營收,37
2022/3/07,[情報] 111年03月07日 三大法人買賣金額統計表,100
2022/3/07,[情報] 0307上市投信買賣超排行,57
2022/3/07,Re: [新聞] 俄烏危機升溫致韓元對美元匯率創21個月,6
2022/3/07,[創作] 5566放手一搏,16
2022/3/07,[新聞] 商品ETF戰爭效應 全面翻揚,12
2022/3/07,[情報] 2885元大金 2月自結,43
2022/3/07,[閒聊] 2022/03/07 盤後閒聊,50
2022/3/07,Re: [標的] 大盤 四大皆空 追名空 艙緊空,22
2022/3/07,[新聞] 台股大跳水 國安基金進場倒數計時！,52
2022/3/07,[新聞] 外資「狂逃」轉往美元避險 專家：新台幣,48
2022/3/07,Re: [請益] 停滯性通膨該怎麼操作？,7
2022/3/07,Re: [標的] 2610.TW 華航 空,15
2022/3/07,Re: [標的] 萬海2615 短空,27
2022/3/07,[請益] 為什麼可以動用國安基金?,2
2022/3/07,[請益] 黑色星期一和黑色星期四會重演嗎?,13
2022/3/07,[新聞] 俄烏危機升溫致韓元對美元匯率創21個月,8
2022/3/07,[新聞] 鴻海電動車大夢 將拉升毛利率,33
2022/3/07,[請益] 同樣追蹤大盤，006208 怎溢價這麼多？,22
2022/3/07,[情報] 台積電被嗨了......,99
2022/3/07,Re: [請益] 停滯性通膨該怎麼操作？,54
2022/3/07,[公告] 03/07 處置公告 其之二,9
2022/3/07,[標的] 長榮 撈船長多,38
2022/3/07,[請益] 停滯性通膨該怎麼操作？,99
2022/3/07,[標的] 長榮 反彈多 信仰多,41
2022/3/07,[情報] 德國砸2000億歐元工業轉型,7
2022/3/07,[新聞] 台股重挫近600點 國安基金密切關注,39
2022/3/07,[新聞] 怕錯過反彈 投資人開始買進烏克蘭和俄羅,34
2022/3/07,[請益] 欸這樣還要不要抽綠界阿,35
2022/3/07,[標的] 長榮，支撐多,20
2022/3/07,[新聞] 高盛砍台積電目標價1050→855元 聯發科、,40
2022/3/07,[標的] 2603 長榮 投機多,28
2022/3/07,[新聞] 分紅了！勞退基金大賺逾2836億創新高　14,56
2022/3/07,[新聞] 股市狂殺超過500點！國安基金救市待命中,98
2022/3/07,[新聞] 千金股再少一家 聯發科跌落千元之下、台,18
2022/3/07,Re: [標的] 興富發 2542 多,11
2022/3/07,Re: [標的] 2888.TW 新光金 失望接刀多,5
2022/3/07,[閒聊] 一跌再跌 黑特區,98
2022/3/07,[公告] 03/07 處置公告 其之一,6
2022/3/07,Re: [標的] 大盤 四大皆空 追名空 艙緊空,37
2022/3/07,"[新聞] 美國原油因可能的制裁,升至13年新高",40
2022/3/07,Re: [請益] 金控股該停損嗎？,100
2022/3/07,Re: [請益] 中油台電台糖為什麼不要公開股票上市?,9
2022/3/07,[閒聊] 2022/03/07 盤中閒聊,100
2022/3/07,[新聞] 美國運通暫停在俄羅斯和白俄羅斯所有業務,25
2022/3/07,Re: [請益] 黑天鵝是否已經逼近了?,11
2022/3/07,[新聞] 全球停滯性通膨 恐捲土重來,26
2022/3/07,Re: [新聞] 謝金河提台股1警告「必會變成災難」！,8
2022/3/07,[新聞] 台積電N3e良率超前 大摩重申優於大盤,56
2022/3/07,Re: [新聞] 俄國債遭三大信評打入垃圾等級 金管會,37
2022/3/07,[新聞] 美上月CPI 將逼近8％,62
2022/3/06,[新聞] 鋼價漲 中鋼受惠大,24
2022/3/06,[標的] 大盤  弗拉迪米爾 普丁空,11
2022/3/06,[標的] 5546.TW 永固-KY 警示文,91
2022/3/06,[新聞] 富邦集團捐款3000萬救援烏克蘭　蔡明忠,29
2022/3/06,[新聞] 投信掩飾投資俄實情?爆金額差88.4億金管,71
2022/3/06,[新聞] 俄債信一週內連2降 評等跌至垃圾級Ca,9
2022/3/06,[新聞] 279萬劑高端恐銷毀！損失高達30億元　陳,84
2022/3/06,[新聞] 台積電跌破600元吸引買盤 股東人數百萬,100
2022/3/06,[新聞] 高通驍龍8 Gen2曝光：代工廠換為台積電,32
2022/3/06,Re: [請益] 金控股該停損嗎？,56
2022/3/06,[標的] 00878.TW 00881.TW 00891.TW 討論,13
2022/3/06,[新聞] 普丁提荒謬停火條件 俄銀行轉抱中國銀聯,77
2022/3/06,Re: [請益] 中油台電台糖為什麼不要公開股票上市?,12
2022/3/06,[新聞] 大戶看好長榮利多歸隊「籌碼愈趨集中」,39
2022/3/06,[標的] 4739 康普 養樂多,18
2022/3/06,[新聞] 航海王千張大戶上船了！貨櫃三雄再現去年,83
2022/3/06,[新聞] 〈俄烏衝突〉空運成本飆漲 美消費者恐面,24
2022/3/06,[標的] 8069.TW 元太 請益,69
2022/3/06,[請益] 中油台電台糖為什麼不要公開股票上市?,100
2022/3/06,Re: [情報] 0050、0056指數調整出爐,8
2022/3/06,[新聞] 5大金控曝險千億 新光金：季底會決定怎做,100
2022/3/06,[新聞] 謝金河提台股1警告「必會變成災難」！,45
2022/3/06,[情報] 8112.TW 至上 2月營收,16
2022/3/06,[新聞] 國泰金開第一槍 認列俄債投資減損26億,100
2022/3/06,[情報] 03/07 ~ 03/11 美股財報行事曆,7
2022/3/06,[情報] 2385.tw 群光2月營收,31
2022/3/06,Re: [標的] 大盤 四大皆空 追名空 艙緊空,27
2022/3/06,[新聞] 國際制裁有一劍封喉的威力 謝金河：俄羅,17
2022/3/06,[情報] 國泰金111/02自結稅後損益,90
2022/3/06,[新聞] 俄烏戰鋼鐵暴漲 中鋼、中鴻惜售封盤,84
2022/3/06,[請益] 烏俄戰爭還有什麼重大利空未爆彈?,44
2022/3/06,Re: [請益] 黑天鵝是否已經逼近了?,0
2022/3/06,[請益] 油價上漲對於塑化石化是利多還是利空,38
2022/3/06,[新聞] 俄羅斯倒貨低價原油 歐洲油商暴賺5億,60
2022/3/06,[新聞] 普廷：西方制裁如同「宣戰」 國內尚不考,30
2022/3/05,Re: [請益] 黑天鵝是否已經逼近了?,29
2022/3/05,[新聞] 美國會醞釀禁俄國石油 白宮：考慮減少進,51
2022/3/05,[請益] 水資源ETF,14
2022/3/05,[情報] 義大利因應制裁俄羅斯與卡達談天然氣合,13
2022/3/05,[請益] 有沒有以期指結算日畫出的月K線,3
2022/3/05,[新聞] ASML在台徵才千人碩士新人年薪上看160萬,51
2022/3/05,Re: [標的] 1615大山.TW 耐心多,25
2022/3/05,Re: [標的] 元晶6443 烏克蘭多,14
2022/3/05,[新聞] 快訊／俄羅斯航空宣布：3／8起停飛所有,100
2022/3/05,Re: [新聞] 逾279萬劑高端疫苗恐過期 陳時中證實：7,18
2022/3/05,[標的] 持股健檢,3
2022/3/05,[請益] 全球市場是不是殺過頭了？,90
2022/3/05,[創作] 倒帶,4
2022/3/05,[情報] 中國小麥收成可能是史上最糟,54
2022/3/05,Re: [新聞] 傳奇投資人預言：2022美股漲不動、金價與,0
2022/3/05,Re: [請益] 黑天鵝是否已經逼近了?,15
2022/3/05,[請益] 黑天鵝是否已經逼近了?,46
2022/3/05,[新聞] 聯電2月營收登頂 Q1拚新高,55
2022/3/05,[新聞] 創歷史同期新高！鴻海2月營收4550億,32
2022/3/05,[新聞] 中國宣布 在接近越南海岸處舉行軍演,48
2022/3/05,Re: [新聞] 高雄設廠環團提5聲明 台積電：會與利害,43
2022/3/05,Re: [新聞] 休市5天蓋牌 俄經濟學家:俄國股市安息吧,18
2022/3/05,[情報] 2317鴻海 2月營收4550億元，年增13.22%,44
2022/3/05,[新聞] 馬斯克霸氣開戰俄羅斯 秀出「美國掃帚」上太空,62
2022/3/05,[新聞] 大戰關鍵期台股挫在等 謝金河:巨變要來了,77
2022/3/05,[新聞] 俄國債遭三大信評打入垃圾等級 金管會,38
2022/3/05,[新聞] 國泰金：除非戰爭惡化到不可收拾 否則俄,95
2022/3/05,[新聞] 歐洲石油巨頭殼牌(SHEL.US)以創紀錄折扣,19
2022/3/05,[新聞] 抄底開始？華爾街銀行、對沖基金買入俄羅,38
2022/3/05,[情報] 越南今年限制煤炭出口203萬噸,14
2022/3/05,Re: [新聞] 休市5天蓋牌 俄經濟學家:俄國股市安息吧,16
2022/3/05,[新聞] 休市5天蓋牌 俄經濟學家:俄國股市安息吧,72
2022/3/05,Re: [新聞] 高雄設廠環團提5聲明 台積電：會與利害,37
2022/3/05,[情報] 6446 藥華藥 2月營收,10
2022/3/05,[請益] 讓股市震盪加大抑制通膨？,23
2022/3/05,[新聞] 0050也打不過！ 3檔食品股入手時機曝,33
2022/3/05,[新聞] 台積電今年狂建廠徵才8000名　碩士畢新人,58
2022/3/05,[情報] 3008大立光 2月營收 mom-30% yoy-18.7%,57
2022/3/05,[新聞] 不到一週！標普再度調降俄國主權信評,23
2022/3/05,[新聞] 加入制裁行列！三星：暫停向俄羅斯發貨,15
2022/3/05,[新聞] 高雄設廠環團提5聲明 台積電：會與利害,44
2022/3/05,[情報] 0050、0056指數調整出爐,34
2022/3/05,[標的] 大盤 四大皆空 追名空 艙緊空,40
2022/3/05,[標的] 2542 興富發.TW 多,26
2022/3/05,[新聞] SCFI連7週走跌 惟指數年增74％,8
2022/3/05,[新聞] 美2月非農新增就業67.8萬遠超預期 創去年,46
2022/3/05,[新聞] 一周熱門零股/陽明、元大高股息 搶眼,16
2022/3/05,[情報] 李洲董事會通過110年度合併財報,3
2022/3/04,[創作] 南方四賤客,92
2022/3/04,[情報] 2338 光罩辦理現金增資發行新股,31
2022/3/04,[情報] 9941 裕融 2月自結,14
2022/3/04,Re: [請益] 如何判斷是有誠信老闆經營的公司呢？,21
2022/3/04,[創作] 最熟悉的陌生人,34
2022/3/04,Re: [新聞] FED 前官員：為馴服通膨巨獸，FED 需刻意,70
2022/3/04,[情報] 111年03月04日信用交易統計,72
2022/3/04,[心得] 美股選擇權-用蒙地卡羅模擬計算凱利公式,61
2022/3/04,[新聞] 迅德6292董事會通過盈餘分派案,7
2022/3/04,[新聞] 逾279萬劑高端疫苗恐過期 陳時中證實：7,99
2022/3/04,[新聞] 當沖客搶進貨櫃三雄！,16
2022/3/04,[新聞] 群聯110年EPS41.34元 擬H2配息13元,33
2022/3/04,[情報] 2527.TW 宏璟 110年eps 6.19元 股利3元,6
2022/3/04,[新聞] 產業分析》高盛：升息週期到來 仍看好聯,12
2022/3/04,[情報] 中鋼03/03停電影響說明,43
2022/3/04,Re: [標的] 大盤,20
2022/3/04,[請益] 公布高配息後股票反而跌,56
2022/3/04,[情報] 00905 富蘭克林臺灣 Smart ETF基金 募集,35
2022/3/04,[情報] 0304八大公股銀行買賣超排行,37
2022/3/04,[新聞] 台積美國投資設廠「進行式」,8
2022/3/04,[標的] 長榮 送分題空 2603.tw,-10
2022/3/04,[新聞]  外資大提款　台積電殺破6字頭,46
2022/3/04,[新聞] 外匯局長:未見外資「恐慌性」拋售新台幣,37
2022/3/04,[新聞]  遠百董事會決議股利分派,11
2022/3/04,[新聞] 台積電高雄廠環評初審未過 專案小組：補,68
2022/3/04,Re: [請益] 長榮的認購權證為什麼不會漲？,0
2022/3/04,[情報] 0304 上市櫃外資投信同買排行,8
2022/3/04,[新聞] 航運超級財報周 未演先轟動,48
2022/3/04,[新聞] 5G行動裝置2026年出貨量達4650萬台,3
2022/3/04,[情報] 2376技嘉 2月營收 mom-37.3%  yoy+27.6%,20
2022/3/04,[心得] 真的不要隨便亂抄底，包含國際ETF,78
2022/3/04,[新聞] 俄烏短線地緣政治波動！法人：逢低承接好,31
2022/3/04,[情報] 0304 上市櫃外資投信買超金額排行,10
2022/3/04,[創作] 張衛健 信徒,54
2022/3/04,[新聞] 聯發科搶人才 碩士畢業生年薪上看200萬,37
2022/3/04,[情報] 0304 上市外資買賣超排行,100
2022/3/04,Re: [請益] 金控股該停損嗎？,69
2022/3/04,[情報] 2498 宏達電 2月營收,41
2022/3/04,[新聞] 航運股成交量已破41%　再次成為護國艦隊,53
2022/3/04,[情報] 3532台勝科 110年EPS 3.64 股利2.22,8
2022/3/04,[新聞] 大立光加碼10億元在台中購地 規劃做倉儲,19
2022/3/04,[新聞] 連5天休市避制裁！俄股4日持續停止交易,38
2022/3/04,[情報] 6104 創惟 2月營收,25
2022/3/04,[情報] 索尼本田合作開發電動車,22
2022/3/04,[情報] 2208台船 110年EPS 0.02股利0,31
2022/3/04,[標的] 2603.TW長榮 反手空,0
2022/3/04,[情報] 8299群聯 110年年報股利 111年2月營收,27
2022/3/04,[請益] 如何判斷是有誠信老闆經營的公司呢？,60
2022/3/04,[情報] 111年03月04日 櫃買法人買賣金額統計表,35
2022/3/04,[情報] 2436 偉詮電 2月營收,18
2022/3/04,[情報] 2467 志聖，2021股利開獎...,9
2022/3/04,[新聞] 台股又嚇傻 兩大投信董座喊：免驚！台股,49
2022/3/04,[新聞] 外資降7半導體目標價 台積電下調至855元,69
2022/3/04,[情報] 臺灣指數系列/臺灣高股息指數成分股審核,12
2022/3/04,[情報] 0304上市投信買賣超排行,75
2022/3/04,[情報] 2303聯電 2月營收 mom+1.6%  yoy+39.21%,96
2022/3/04,[心得] 台股個股資訊查詢、篩選(選股)網站整理,13
2022/3/04,[情報] 0304 SCFI指數4746.98 -71.49(-1.5%),46
2022/3/04,[情報] 111年03月04日 三大法人買賣金額統計表,100
2022/3/04,Re: [標的] 2609陽明,30
2022/3/04,[標的] 2408 南亞科好多,7
2022/3/04,Re: [心得] 看到航運揚帆再起我真的一點也開心不起,2
2022/3/04,[請益] 漲都出量，跌都無量為什麼？,15
2022/3/04,[創作]走在紅毯那一天,10
2022/3/04,[閒聊] 2022/03/04 盤後閒聊,7
2022/3/04,[標的] 長榮 咕嚕咕嚕多,97
2022/3/04,[請益] 金控股該停損嗎？,100
2022/3/04,[新聞] 龐培歐訪台 將與新纖董事長吳東昇談合作,25
2022/3/04,Re: [請益] 法人估的目標價準確率怎那麼低,4
2022/3/04,[標的] 00893 電動車多,34
2022/3/04,[標的] 元晶6443 烏克蘭多,9
2022/3/04,[新聞] 貨櫃三雄為何長榮最強 接下來換何檔股票,57
2022/3/04,Re: [心得] 看到航運揚帆再起我真的一點也開心不起,7
2022/3/04,Re: [標的] 2412.TW 中華電 星鏈多,15
2022/3/04,Re: [心得] 看到航運揚帆再起我真的一點也開心不起,0
2022/3/04,[新聞] 全台大停電 估損失逾百億,16
2022/3/04,Re: [心得] 看到航運揚帆再起我真的一點也開心不起,4
2022/3/04,[新聞] 中鋼領頭鋼鐵人夯全年 謝金河欽點7檔,2
2022/3/04,[新聞] 郴州、惠州樓市再現“零首付”“首付貸,18
2022/3/04,Re: [心得] 今天備轉容量只剩下6.48%,0
2022/3/04,[請益] 法人估的目標價準確率怎那麼低,5
2022/3/04,Re: [心得] 老船長、哲哲對航運的看法,38
2022/3/04,[心得] 今日當沖之操作&買賣 (附對帳單),76
2022/3/04,[標的] 全家5903發生什麼事,100
2022/3/04,Re: [心得] 今天備轉容量只剩下6.48%,79
2022/3/04,[請益] 長榮的認購權證為什麼不會漲？,12
2022/3/04,[新聞] 南韓2月CPI同比上漲3.7%,8
2022/3/04,[新聞] 貨櫃海運價 又要大漲了,78
2022/3/04,[新聞] 全球智慧型手機AP/SoC晶片市場 聯發科33%,7
2022/3/04,[情報] 1476儒鴻開獎 股利12元,8
2022/3/04,Re: [標的] Coin.US 永動機多,8
2022/3/04,Re: TSM US 94瘋狂94多,7
2022/3/04,[標的] 2330.TW 台積電 哲哲多,39
2022/3/04,Re: [標的] 6477.TW 安集 直(大)腸迎來暖流多,4
2022/3/04,[請益] 方便看k線的看盤軟體,16
2022/3/04,[新聞] 小摩：俄原油供給若持續受限 布蘭特原油,16
2022/3/04,[新聞] 貨櫃三雄超級財報周 未演先轟動,34
2022/3/04,[新聞] 石化業怨：獨厚電子 犧牲傳產,33
2022/3/04,[閒聊] 2022/03/04盤中閒聊,100
2022/3/04,[新聞] 美決定將韓列為對俄出口管制規則豁免對,25
2022/3/04,[新聞] 損失恐上百億…半導體鏈重創 石化鏈跳腳,99
2022/3/04,[標的] 大盤 停電多,20
2022/3/04,[新聞] 傳產業跳腳 石化、鋼鐵受創,15
2022/3/04,[新聞] 【Bilibili業績】嗶哩嗶哩第四季收入增5,30
2022/3/04,[標的] 大成鋼 2027 多,17
2022/3/04,[新聞] 郭哲榮:貨櫃為何長榮最強 接下來換何檔,5
2022/3/04,[新聞] 信心不足美股4大指數盤中翻黑 費半跌1.8%,19
2022/3/04,[新聞] 小麥、棕櫚油價格失控 油脂烘焙廠獲利拉,10
2022/3/04,[新聞] 全台大停電「缺電概念股」該布局？股民點,23
2022/3/03,[新聞] 長榮航華航 調漲燃油附加費,28
2022/3/03,Re: [新聞] 台灣20%燃煤「由俄羅斯進口」　學者憂制,7
2022/3/03,[新聞] 互信雙贏 83％居民支持亞泥繼續採礦,96
2022/3/03,[新聞] 群創擁轉型+殖利率雙題材 目標價2字頭,12
2022/3/03,[情報] FH富時不動產收益分配,14
2022/3/03,[新聞] 303全台大停電 科技廠影響名單一次看,74
2022/3/03,[標的] 2603.TW長榮 從ZIM看出Evergreen的優勢多,73
2022/3/03,[情報] 3293.TW 鈊象 2月營收,11
2022/3/03,[情報] 中信關鍵半導體收益分配,0
2022/3/03,[新聞] 群電營收、盈餘、股息、ROE連三年創新高,0
2022/3/03,[心得] 老船長、哲哲對航運的看法,79
2022/3/03,[情報] 佳世達 2月營收,19
2022/3/03,[情報] 中國信託臺灣綠能及電動車ETF收益分配,8
2022/3/03,[新聞] 外資報告》美銀喊賣群創 目標價12.4元,45
2022/3/03,[新聞] 台灣20%燃煤「由俄羅斯進口」　學者憂制,56
2022/3/03,[情報] 111年03月03日信用交易統計,23
2022/3/03,[新聞] 壽險業1382億元俄羅斯債限期半年出清,89
2022/3/03,[請益] 法說會到底要怎麼看？,0
2022/3/03,Re: [請益] 大戶不會拉給你解套？,2
2022/3/03,[心得] 以大盤MACD柱買賣個股之投報率,18
2022/3/03,[新聞] 投信外資瘋狂砍殺！LED龍頭富采法說釋財,24
2022/3/03,[新聞] 大成鋼Q1營收不看淡 法人首評喊價55元,25
2022/3/03,[標的] 旅行箱三傑,24
2022/3/03,[新聞] 大陸股民瘋狂追捧 中俄貿易概念股掀漲停,29
2022/3/03,[問卷] 問卷(150P&抽現金）機器人理財的持續使用,70
2022/3/03,[情報] 2845.tw遠東銀開獎,47
2022/3/03,[情報] 0303 處置股票與注意股票統計分析,4
2022/3/03,[情報] 0303 上市櫃外資投信同買排行,3
2022/3/03,[新聞] MODEL T電巴交車 寫下鴻海電動車發展重要,6
2022/3/03,Re: [請益] 論風險分散0050+0051or0056好？,4
2022/3/03,[情報] 0303八大公股銀行買賣超排行,36
2022/3/03,[情報] 0303 量大分點齊買,8
2022/3/03,[標的] 萬海2615 短空,89
2022/3/03,[情報] 中環處分長榮普通股股票之公告,62
2022/3/03,[情報] 0303 上市櫃外資投信買超金額排行,12
2022/3/03,[新聞] 特斯拉德國首座歐洲汽車工廠獲得布蘭登,24
2022/3/03,[情報] 2451.TW 創見開獎,39
2022/3/03,Re: [心得] 晚上可能又要分區限電了,-10
2022/3/03,[請益] 宏達電的外資今天高歌離席了嗎？,31
2022/3/03,[請益] 權證造市券商會掛錯價格嗎?,35
2022/3/03,Re: [心得] 晚上可能又要分區限電了,76
2022/3/03,[情報] 0303上市外資買賣超排行,95
2022/3/03,Re: [心得] 晚上可能又要分區限電了,68
2022/3/03,[新聞] 永豐金今年股利會比去年高,49
2022/3/03,[情報] 大⊕  現金股利13.7元,27
2022/3/03,[情報] 3035智原1月自結 0.77,95
2022/3/03,[情報] 111年03月03日 櫃買法人買賣金額統計表,33
2022/3/03,[情報] 慧洋-KY 2月營收,29
2022/3/03,[新聞] 南部六加工區成重災區直接「放假」,59
2022/3/03,[請益] 放空(put)到要下市ETF怎麼結算？,40
2022/3/03,[新聞] 莫斯科周四續休市 個人外匯交易抽3成佣金,65
2022/3/03,[心得] 隔日冲小戶x小打小鬧x薯條加大,7
2022/3/03,[新聞] 謝金河：高殖利率股會跳出來,16
2022/3/03,[新聞] 布油一度噴漲至118美元 期街口布蘭特正2,20
2022/3/03,[新聞] 航運再起！台驊奔漲停 長榮年後已漲4成,9
2022/3/03,[情報] 6202 盛群  110年EPS9.04 股利8.1229,23
2022/3/03,[心得] 晚上可能又要分區限電了,5
2022/3/03,[情報] 111年03月03日 三大法人買賣金額統計表,89
2022/3/03,[標的] 嘎空多蛙概念股 高林2906,4
2022/3/03,[情報] 0303上市投信買賣超排行,59
2022/3/03,[新聞] 〈俄烏衝突〉美鋁宣布暫停對俄採購 原物,14
2022/3/03,[新聞] 全台大停電 證交所：整體證券市場運作正常,15
2022/3/03,[新聞] 群電去年每股賺7.22元 擬配息5.2元歷史新,11
2022/3/03,[新聞] 本土法人估萬長陽2022EPS 70/70.15/65.8,77
2022/3/03,[請益] 證交稅是不是該調整？,18
2022/3/03,Re: [心得] 阿榮借出後 股價走勢,10
2022/3/03,[標的] 興富發房價翻倍多,0
2022/3/03,Re: [請益] 航運高歌離席時間點,16
2022/3/03,[請益] 停電或網路因素導致無法回補,-10
2022/3/03,[新聞] 俄烏戰爭對鴻海業績有影響？劉揚偉：有,11
2022/3/03,[閒聊] 2022/03/03 盤後閒聊,40
2022/3/03,Re: [請益] 有沒有缺電概念股,7
2022/3/03,Re: [標的] 2603長榮 150以下老天送的禮物？！,14
2022/3/03,[新聞] 貨攬業看市況／空運喊漲25％ 海運續衝,19
2022/3/03,Re: [請益] 有沒有缺電概念股,2
2022/3/03,Re: [標的] 2603長榮 150以下老天送的禮物？！,14
2022/3/03,Re: [請益] 有沒有缺電概念股,7
2022/3/03,Re: [請益] 有沒有缺電概念股,22
2022/3/03,[新聞] 大聯大首季業績 戰同期新高,7
2022/3/03,Re: [標的] 2603長榮 150以下老天送的禮物？！,-10
2022/3/03,[情報] 3702 大聯大 2021 EPS 6.61,19
2022/3/03,Re: [請益] 有沒有缺電概念股,28
2022/3/03,[標的] 2371.TW 大同 缺電多,14
2022/3/03,[請益] 停水概念股,20
2022/3/03,Re: [請益] 有沒有缺電概念股,19
2022/3/03,[請益] 複利效果是要不賣一直買還是適時賣出較好,17
2022/3/03,[新聞] 美國：手機汽車等消費品免受對俄出口管,9
2022/3/03,[新聞] 價漲 DRAM廠看旺,22
2022/3/03,[新聞] 全台大規模停電 竹科目前未受影響、南科,100
2022/3/03,[新聞] 俄羅斯4架戰機進入瑞典領空,34
2022/3/03,Re: [心得] 農產品價格也大狂飆了,4
2022/3/03,[標的] 元晶 跳電多,31
2022/3/03,[請益] 有沒有缺電概念股,61
2022/3/03,[新聞] 群創：今年景氣倒吃甘蔗,22
2022/3/03,[新聞] 綠界科技明以 760 元公開申購！中籤一張,21
2022/3/03,[新聞] NTCJ助攻 新唐大啖電動車商機,9
2022/3/03,[閒聊] 2022/03/03盤中閒聊,99
2022/3/03,[閒聊] 2022/03/03 盤中閒聊,98
2022/3/03,[新聞] 車界台積電！和泰汽車擴大徵才 前進全台,23
2022/3/03,Re: [情報] 6104創惟公布1月自結數1.42元,15
2022/3/03,[新聞] 業內消息透露 儲存晶片供應商將跟進美光,11
2022/3/03,[新聞]美聯準會：俄烏戰爭帶來不確定性 但本月如,26
2022/3/03,[新聞] 天璣8100可能是今年CP值最高的處理器,28
2022/3/03,Re: [新聞] 壽險「俄羅斯曝險」近1400億,8
2022/3/02,[新聞] 社交股:我們不賣廣告給俄羅斯/白俄了,3
2022/3/02,[新聞] 陽明海運談願景 今年貨櫃海運業會更好,29
2022/3/02,Re: [新聞] 壽險「俄羅斯曝險」近1400億,7
2022/3/02,[新聞] 鮑威爾：3月適合加息 及 盤面新聞整理,22
2022/3/02,[標的] 2618.TW 長榮航 空,59
2022/3/02,[心得] 農產品價格也大狂飆了,42
2022/3/02,[標的] 3035智原 嘎空多,29
2022/3/02,[情報] 0302 上市櫃外資投信同買排行,3
2022/3/02,Re: [新聞] 台開董事會確認董事長職權並解任吳子嘉,2
2022/3/02,[情報] 0302 上市櫃外資投信買超金額排行,5
2022/3/02,[新聞] 華航迎客運復甦商機 夏季班表擴大增班,30
2022/3/02,[新聞] 俄羅斯將祭資本管制試阻外資出逃,23
2022/3/02,[新聞] 長榮海董事改選…大哥張國華 擬定四招應,31
2022/3/02,[新聞] 藥華藥besremi列入NCCN治療指南,16
2022/3/02,Re: [新聞] 長榮經營權之爭 全面引爆,10
2022/3/02,[請益] 越南市場到底值不值得投入？,38
2022/3/02,[情報] 111年03月02日信用交易統計,31
2022/3/02,[新聞] 俄烏戰事膠著 6檔抗戰概念型ETF出線,0
2022/3/02,[標的] 4919.TW 新唐 日本AV 高塔公主 多,21
2022/3/02,[新聞] 台開董事會確認董事長職權並解任吳子嘉,25
2022/3/02,Re: [新聞] 長榮經營權之爭 全面引爆,2
2022/3/02,[新聞] 大成砸6.8億 再標下嘉義馬稠後土地,31
2022/3/02,[新聞] 證交所4日審議北極星藥業-KY上市案,6
2022/3/02,[情報] 關於俄羅斯相關股票與ETF交易 可能委託失,15
2022/3/02,[標的] 大盤 四大皆空 追名空 艙緊空,45
2022/3/02,Re: [新聞] 長榮經營權之爭 全面引爆,13
2022/3/02,[新聞] 勞退新制基金1月虧735.4億元　勞工退休帳,26
2022/3/02,Re: [請益] 美股比台股好做?,22
2022/3/02,Re: [情報] 俄羅斯聯邦儲蓄銀行 ADR 單日-90%,17
2022/3/02,[情報] 至興4535股利1.6,6
2022/3/02,[情報] 0302八大公股銀行買賣超排行,40
2022/3/02,Re: [新聞] 長榮經營權之爭 全面引爆,47
2022/3/02,[情報] 0302 量大分點齊買,2
2022/3/02,[新聞]原油價格續走高，中碳2月營運看正向,5
2022/3/02,[新聞] 全球制裁俄羅斯 北溪2號聲請破產成祭品,94
2022/3/02,[標的] 大盤,20
2022/3/02,[情報] 俄羅斯聯邦儲蓄銀行 ADR 單日-90%,100
2022/3/02,[新聞] 俄烏衝突陷膠著 謝金河：台股全球最抗跌,0
2022/3/02,[標的] 宏全 9939.tw  撿瓶蓋多,13
2022/3/02,[請益] 美股比台股好做?,77
2022/3/02,[新聞] 終端需求溫吞 國喬短期營運看保守,21
2022/3/02,[標的] 2603 長榮上看300,-10
2022/3/02,[情報] 0302上市外資買賣超排行,91
2022/3/02,[新聞] 日本入境新制未認可高端疫苗 陳時中：持,1
2022/3/02,[新聞] Meta、微軟、蘋果和三星重壓元宇宙裝置，,25
2022/3/02,[標的] 2330.TW 台積電 討論,25
2022/3/02,[情報] 2809京城銀 2月自結,34
2022/3/02,[新聞] 分析師:別急著抄底 再跌5%具歷史性吸引力,42
2022/3/02,[情報] 111年03月02日 櫃買法人買賣金額統計表,23
2022/3/02,[情報] 5213.tw 亞昕開獎,12
2022/3/02,[標的] 2603 長榮 殖利率多,88
2022/3/02,[情報] 111年03月02日 三大法人買賣金額統計表,100
2022/3/02,[新聞] 馬士基、MSC加入孤立俄羅斯行列 全球近半,26
2022/3/02,[情報] 0302上市投信買賣超排行,64
2022/3/02,[新聞] 促進海運競爭 拜登籲國會結束航,30
2022/3/02,[情報] 6104創惟公布1月自結數1.42元,50
2022/3/02,Re: [請益] 宏達電的主力是不是台股最狠的？,7
2022/3/02,[標的] 由田3455,10
2022/3/02,[閒聊] 2022/03/02 盤後閒聊,58
2022/3/02,Re: [請益] 科技相關ETF推薦,8
2022/3/02,[新聞] 俄羅斯央行宣布莫斯科股市今繼續暫停交易,68
2022/3/02,Re: [新聞] 囤房稅法衝擊層面廣 財部確定不修法,11
2022/3/02,[心得] 俄羅斯概念股,32
2022/3/02,[情報] 韓國針對納入豁免制裁名單與美國協商,7
2022/3/02,[新聞] 半導體資本支出估1904億美元創新高,6
2022/3/02,[請益] VGT 跟 QQQ 為何較多人選QQQ？,48
2022/3/02,[新聞] 俄羅斯股市暴跌 台灣人危機入市搶基金,70
2022/3/02,"[新聞] 主要退休基金慘賠1,332億",57
2022/3/02,Re: [新聞] 印度神童新預言！曝2確切時點：財富版圖,20
2022/3/02,Re: [新聞] 俄烏局勢一觸即發 美股重挫,8
2022/3/02,Re: [新聞] 美國政府著手建立境內稀土完整供應鏈，,4
2022/3/02,[請益] 大家覺得鋼鐵股這次的行情會持續多久？,48
2022/3/02,[新聞] 志信：公司董事長遭台北地方檢察署起訴,12
2022/3/02,[請益] 科技相關ETF推薦,43
2022/3/02,[新聞] 美國政府著手建立境內稀土完整供應鏈，,20
2022/3/02,[標的] 2303 聯電 信念多,55
2022/3/02,[新聞] 【許勝雄人頭認股】用人頭領員工認股權,30
2022/3/02,[新聞] 宏益股利 現金2元,6
2022/3/02,Re: [新聞] 囤房稅法衝擊層面廣 財部確定不修法,40
2022/3/02,[新聞] 壽險「俄羅斯曝險」近1400億,31
2022/3/02,[新聞] 印度神童新預言！曝2確切時點：財富版圖,9
2022/3/02,[新聞] 日本新制！台人打「3劑疫苗+小黃卡」有,100
2022/3/02,[新聞] 戰火掀能源危機 兩檔ETF飆漲,1
2022/3/02,[新聞] 高端疫苗2021年首見獲利14億　配發5元股,30
2022/3/02,[新聞] 蔡英文：穩供電 碳費徵收以大帶小,9
2022/3/02,[新聞] 存股族注意 大摩主推三檔金融股,61
2022/3/02,[閒聊] 2022/03/02 盤中閒聊,100
2022/3/02,[新聞] 台積電：五輕整治未好 就不會建廠,99
2022/3/02,[新聞] 關切俄羅斯侵略烏克蘭 蘋果宣布在俄停售,31
2022/3/02,[標的] TSM US 94瘋狂94多,17
2022/3/02,[公告] 03/02 處置公告,3
2022/3/02,Re: [請益] 該不該讓Meta股票被收購?,23
2022/3/02,[標的] 3035智原（最近最威的強勢股）,56
2022/3/02,Re: [新聞] 俄烏戰爭讓美元指數升破97 瑞信：Fed恐需,6
2022/3/02,[新聞] 中國狂買伊朗石油 核協議解除禁油變數多,25
2022/3/01,[新聞] 俄烏戰爭讓美元指數升破97 瑞信：Fed恐需,47
2022/3/01,[請益] 該不該讓Meta股票被收購?,21
2022/3/01,[請益] 康寧生醫 權力轉換 成土地？,6
2022/3/01,[請益] 單一券商進出排行,5
2022/3/01,[請益] 新竹五信已被合併的實體股票怎麼辦？,8
2022/3/01,Re: [標的] Coin.US 永動機多,3
2022/3/01,[新聞] 油價暴漲 中長線更需關注基本面供需,11
2022/3/01,[請益],1
2022/3/01,[請益] 大家會聽podcasts當輔助工具嗎？,55
2022/3/01,[新聞] 加州罰款68萬美元 萬海：對財務無重大影響,14
2022/3/01,[新聞] 囤房稅法衝擊層面廣 財部確定不修法,61
2022/3/01,[情報] 111年03月01日信用交易統計,37
2022/3/01,[標的] 長榮2603重返榮耀多,5
2022/3/01,[請益] 多tsm 空2330 = 財富自由？,23
2022/3/01,[新聞] 埃及將提高通過蘇伊士運河的船舶過境費,9
2022/3/01,[新聞] 對抗制裁！俄羅斯砸2771億元　買受影響俄,83
2022/3/01,[新聞] 聯發科全力搶攻5G手機 天璣8100、天璣800,9
2022/3/01,[標的] 美股 CRWD 解套多,7
2022/3/01,[新聞] 遠傳發放現金股利每股3.25元 配發率116%,12
2022/3/01,[新聞] 台積電將加入對俄羅斯制裁 經濟部長王美,3
2022/3/01,[新聞] 皇普去年EPS 1.49元 擬配發現金股利0.46,10
2022/3/01,[新聞] 俄羅斯入侵烏克蘭遭國際制裁萬事達卡、Vi,18
2022/3/01,Re: [請益] 出現避雷針是不是要趕快跑 才安全,18
2022/3/01,[新聞] G胖轟元宇宙 虛擬形象行之有年不是新技術,27
2022/3/01,[新聞] 景氣燈號轉「黃紅燈」！未來添4隱憂,62
2022/3/01,[新聞] 聯詠具高殖利率題材；SoC產品挹注動能,16
2022/3/01,[情報] 2323 中環處分有價證券(發哥,22
2022/3/01,[情報] 0301 上市櫃外資投信同買排行,1
2022/3/01,[新聞] 殼牌宣布退出在俄國所有業務並放棄參與北,47
2022/3/01,[新聞] 宏達電「元宇宙造鎮計畫」落腳高雄,55
2022/3/01,[情報] 0301八大公股銀行買賣超排行,43
2022/3/01,[新聞] 長榮經營權之爭 全面引爆,60
2022/3/01,[新聞] 高端擬配5元股票股利 因應國際訂單將辦35,36
2022/3/01,[新聞] 配合制裁 VISA與萬事達封鎖俄國金融機構,23
2022/3/01,[新聞] 竹科發生大規模壓降 晶圓廠部分機台跳電,72
2022/3/01,[情報] 0301 上市櫃外資投信買超金額排行,4
2022/3/01,[情報] 0301 量大分點齊買,1
2022/3/01,[新聞] 韓被排除在美對俄出口管制規則例外對象,18
2022/3/01,[新聞] 誰愛當沖？元富調查：女性勝出,75
2022/3/01,[新聞] 各國政府吸引企業投資碳捕集技術 但目前,1
2022/3/01,[新聞] 錢進四類ETF 有潛利,2
2022/3/01,Re: [新聞] 普丁揮軍烏克蘭效應！俄羅斯爆ATM擠兌潮,92
2022/3/01,[請益] 台股受到戰爭影響程度,10
2022/3/01,[新聞] 俄烏開戰 政院：國安基金隨時因應,7
2022/3/01,[情報] 0301上市外資買賣超排行,100
2022/3/01,[新聞] 竹科跳電 台電：疑力晶科技主變壓器跳脫,47
2022/3/01,Re: [標的] 航海王長榮麾下實習生報到 多,11
2022/3/01,[情報] 6547 高端疫苗 現增 配股 發CB,15
2022/3/01,[情報] 6547高端疫苗110年EPS6.65 股利0+5,30
2022/3/01,[新聞] 愛普*每股擬派發6元現金股息 今年營運持,20
2022/3/01,[標的] 6244.TW 茂迪 太陽王多,28
2022/3/01,[請益] 出現避雷針是不是要趕快跑 才安全,57
2022/3/01,[情報] 111年03月01日 櫃買法人買賣金額統計表,48
2022/3/01,[情報] 0301上市投信買賣超排行,58
2022/3/01,[情報] 韓國118項俄羅斯進口產品依存度高於20%,25
2022/3/01,[情報] 111年03月01日 三大法人買賣金額統計表,100
2022/3/01,Re: [標的] 航海王長榮麾下實習生報到 多,27
2022/3/01,Re: [請益] 3035智遠還可以在追嗎？,3
2022/3/01,[新聞] 被俄烏局勢莫名波及 台積電ADR連跌8天呈,9
2022/3/01,Re: [標的] 長榮 陽明 萬海 睏寶數錢多,43
2022/3/01,[新聞] 普丁揮軍烏克蘭效應！俄羅斯爆ATM擠兌潮,20
2022/3/01,[閒聊] 2022/03/01 盤後閒聊,39
2022/3/01,[新聞] 宏達電版元宇宙「VIVERSE」登場　王雪紅,37
2022/3/01,Re: [新聞] 法俄總統通話 普亭：滿足這「三大條件」,19
2022/3/01,Re: [創作] 早上好台股 現在我有長榮海,100
2022/3/01,[新聞] 跑不掉了！五大金控掃到颱風尾,59
2022/3/01,[新聞] 蘋果產品升級 鴻海大贏家,17
2022/3/01,[新聞] 大摩長期看好中鋼 目標價52元,43
2022/3/01,[情報] Novavax預防有症狀無症狀感染82.5%,8
2022/3/01,[標的] 大盤  烏俄多,-10
2022/3/01,[新聞] 電信新三國時代 遠傳、亞太電股價兩樣情,27
2022/3/01,[新聞] 俄被逐出SWIFT、韓企跳腳 專家：南韓遭池,86
2022/3/01,[請益] 保險跟活體可以納入Portfolio嗎,27
2022/3/01,[新聞] 法俄總統通話 普亭：滿足這「三大條件」,86
2022/3/01,Re: [請益] 自組[紀念品ETF],24
2022/3/01,"[新聞] 台塑四寶股息 上看1,800億",15
2022/3/01,[新聞] 嘉義營運處涉假交易害中華電信損3400萬,7
2022/3/01,[新聞] 太陽能廠 訂單塞爆,33
2022/3/01,[新聞] 佈局長遠發展 阿里巴巴策略漸見成效,2
2022/3/01,[新聞] ABF股王南電 外資升目標價,13
2022/3/01,[情報] 3357 臺慶科 股利7.0元 殖利率約5.78%,43
2022/3/01,[新聞] 台積研發大將米玉傑：半導體缺貨還會延,100
2022/3/01,[新聞] 翁朝棟：鋼品輸美減稅 機會來了,16
2022/3/01,[標的] 2412.TW 中華電 星鏈多,10
2022/3/01,[閒聊] 2022/03/01盤中閒聊,100
2022/3/01,[新聞] 俄烏開戰/ 俄烏籍船員全球占比近15%,15
2022/3/01,[新聞] 中鋼股利10倍爆發 高手終極賣點曝光,28
2022/3/01,[新聞] 與鴻海協議有變數？皮卡新創Lordstown股,12
2022/3/01,[標的] 2883 開發金 普丁腦袋空空,5
2022/3/01,[標的] 2027大成鋼多,27
2022/3/01,Re: [新聞] 瑞士總統宣布「放棄中立」：加入制裁俄,24
2022/3/01,Re: [新聞]台積電為何遭暴砍500億？專家4字曝外資,38
2022/3/01,[新聞] 瑞士總統宣布「放棄中立」：加入制裁俄,100
2022/2/28,[新聞] 美國擴大制裁俄羅斯 美股開盤急殺,40
2022/2/28,Re: [新聞]台積電為何遭暴砍500億？專家4字曝外資,30
2022/2/28,[新聞] 俄羅斯遭踢出SWIFT！央行接招「改用本土版,36
2022/2/28,[新聞] 小摩 瑞銀：現在拋售股票風險太大,36
2022/2/28,[新聞]台積電為何遭暴砍500億？專家4字曝外資,22
2022/2/28,[標的] 航運，鋼鐵，綠能，電池,28
2022/2/28,[新聞] 面板雙虎孕育小金雞 成果亮眼,6
2022/2/28,Re: [新聞] 俄羅斯央行：莫斯科交易所暫停股票交易,36
2022/2/28,[請益] 宏達電五檔的秘密要怎麼破解？,18
2022/2/28,[新聞] 109盧布兌1美元創歷史新低 俄羅斯央行：,51
2022/2/28,[新聞] Toyota日本境內工廠全停工(遭網攻),54
2022/2/28,[新聞]快訊／美國禁止美國人與「俄羅斯央行」交易,100
2022/2/28,[新聞] 全面喊漲時代已過 IC設計廠未來靠2優勢,0
2022/2/28,[新聞] 好想贏韓國！電動車浪潮下臺灣汽車產業如,18
2022/2/28,Re: [標的] 明天大盤請益,25
2022/2/28,[標的] 明天大盤請益,76
2022/2/28,[新聞] 中國銀行海外機構已停止對俄融資,58
2022/2/28,[新聞] 俄羅斯央行：莫斯科交易所暫停股票交易,51
2022/2/28,[標的] goog msft aapl 都幾？！,27
2022/2/28,[新聞] 俄羅斯被逐出SWIFT 中：與俄正常貿易合作,51
2022/2/28,[新聞] 快訊／神達1員工確診　39人採撿都陰性,12
2022/2/28,[新聞] 烏俄動盪 金管會、國安基金緊盯情勢變化,30
2022/2/28,[新聞] 俄被踢出SWIFT後第一個交易日盧布暴跌30%,60
2022/2/28,Re: [新聞] 俄央行調升關鍵利率至20％,53
2022/2/28,[新聞] 烏俄戰事將使船員短缺 中國航運股大漲逾7,86
2022/2/28,Re: [心得] 俄烏風雲-新冷戰,11
2022/2/28,[新聞] 俄央行調升關鍵利率至20％,100
2022/2/28,[新聞] 存股族拉緊報！開發金股東數崩跌近萬人,31
2022/2/28,[新聞] 5年挑戰！全台房價漲幅32%　超越薪資成,60
2022/2/28,[新聞] 俄禁外資賣股 台灣金融業受影響一次看,100
2022/2/28,[新聞] 俄金融海嘯一觸即發 歐央行：俄最大銀行,36
2022/2/28,[心得] 俄烏風雲-新冷戰,61
2022/2/28,Re: [新聞] 沒了鯰魚效應 電信巿場成一灘死水,5
2022/2/28,[新聞] PChome 網家去年第 4 季費用大增，每股-,95
2022/2/28,[新聞] 電信新三國 撼動龍頭中華電,3
2022/2/28,[新聞] 道瓊期指重摔600點、那指跌逾2% 憂對俄,73
2022/2/28,[新聞] 台股3月下旬轉趨樂觀 投顧點出5原因,45
2022/2/28,[新聞] 宏碁華碩筆電出貨俄羅斯估占５％密切關注,51
2022/2/28,[新聞] 俄烏開戰 黑海地區散裝航運需求放緩,8
2022/2/28,[標的] 羅素2000指數多(全球指數多),18
2022/2/28,[新聞] 沒了鯰魚效應 電信巿場成一灘死水,51
2022/2/28,[標的] 美股納斯達克指數 崩盤空,31
2022/2/28,Fw: [新聞] 國務院:美國公民立即離開俄國,36
2022/2/28,[公告] 02/28 處置公告,1
2022/2/28,[新聞] 俄央行將禁止外國客戶掛單出售有價證券,93
2022/2/28,[標的] 1737 臺鹽,41
2022/2/28,Re: [情報] 普丁簽署執行命令！核彈部隊進入「特別,100
2022/2/27,[情報] 普丁簽署執行命令！核彈部隊進入「特別,98
2022/2/27,[新聞] 烏克蘭總統證實　願與俄談判,67
2022/2/27,[新聞] 外資倒貨晶圓雙雄 投信搶進,9
2022/2/27,[請益] 五年平均本益比是在看甚麼？,5
2022/2/27,[新聞] 外資因俄烏賣台股　單週賣超創紀錄,11
2022/2/27,[情報] 02/28 ~ 03/04 美股財報行事曆,12
2022/2/27,[新聞] 投信連19買 認養股出列,65
2022/2/27,[請益] 10號公布財報前買台股是不是不適用？,15
2022/2/27,[新聞] 長榮1張王牌快出手? 大咖驚現不尋常操作,26
2022/2/27,[新聞] 臺企銀 強化放款業務,69
2022/2/27,Re: [心得] 將俄羅斯踢出SWIFT 將有嚴重的後果,18
2022/2/27,[請益] 俄烏戰爭證明台海無風險 台股本益比低估?,10
2022/2/27,[情報] 巴菲特發布2022年致股東公開信,34
2022/2/27,[新聞] 台積電加入制裁！分析師：對俄國影響甚大,79
2022/2/27,[請益] 綠界科技投標,32
2022/2/27,[新聞] 捲入俄烏戰事 日本貨船航經黑海遭俄軍炸,47
2022/2/27,[新聞] 回應烏克蘭請求！ 馬斯克啟動星鏈衛星,35
2022/2/27,Re: [心得] 加權指數與證券劃撥存款餘額,2
2022/2/27,Re: [心得] 將俄羅斯踢出SWIFT 將有嚴重的後果,31
2022/2/27,[心得] 將俄羅斯踢出SWIFT 將有嚴重的後果,-10
2022/2/27,[新聞] 美英歐加同意新一輪制裁 將把俄羅斯銀行,42
2022/2/27,[新聞] Intel和 AMD 暫停向俄羅斯供應產品,29
2022/2/27,Re: [請益] 老實說， 你覺得有用的財經雜誌有哪些？,6
2022/2/27,[新聞] 西方國家祭新金融制裁！將俄羅斯踢出SWI,80
2022/2/27,Re: [新聞] 歐美要查船公司有無聯合行為　SCFI跌2,9
2022/2/27,Re: [請益] 老實說， 你覺得有用的財經雜誌有哪些？,6
2022/2/27,[標的] 散裝多,27
2022/2/27,[心得] 長期投資的一些小心得,100
2022/2/27,[標的] 2376 技嘉 艾爾登法環概念股,31
2022/2/27,[心得] 加權指數與證券劃撥存款餘額,23
2022/2/26,[新聞] 謝金河:台股被外資愈殺愈漲 內資主導台股,37
2022/2/26,[新聞] 歐美要查船公司有無聯合行為　SCFI跌2,27
2022/2/26,[新聞] 快訊／俄羅斯聲稱：烏克蘭拒絕和談　普,52
2022/2/26,[新聞] Meta槓上俄羅斯 臉書限制4家官媒遭報復,21
2022/2/26,Re: [請益] 老實說， 你覺得有用的財經雜誌有哪些？,3
2022/2/26,Re: [請益] 老實說， 你覺得有用的財經雜誌有哪些？,12
2022/2/26,[新聞] 俄烏駁火 散裝航運陷近憂遠慮,7
2022/2/26,[問卷](100P)大學金融相關課程對個人理財素養之,100
2022/2/26,[新聞] 俄烏開戰美股為何大漲？分析師：股市最怕,34
2022/2/26,[新聞] 台股近十年3月上漲機率達7成　這22檔個股,28
2022/2/26,[請益]烏俄戰爭若長期持續所造成的影響,8
2022/2/26,[標的] 美股 AGQ 多,5
2022/2/26,[新聞] 政院:國安基金必要時進場 匯市採妥適管理,25
2022/2/26,[新聞] 俄烏戰火起 中鋼：削減外銷 內需優先,47
2022/2/26,[標的] GOOGL/GOOG 股哥google現在是否送分題?,53
2022/2/26,[新聞] 謝金河：台股跌破萬八的日子不會太多,17
2022/2/26,Re: [情報] 2412 中華電配4.608元,74
2022/2/26,Re: [標的] Coin.US 永動機多,31
2022/2/26,[請益] 0050 vs 00878,61
2022/2/26,[標的] Coin.US 永動機多,4
2022/2/26,[標的] 2002.TW 中鋼 讓利 解套 春燕多,16
2022/2/26,[新聞] 俄烏戰爭勿驚慌！　巴菲特：哪怕世界大,100
2022/2/26,[請益] 買美股債券ETF一樣會被扣30%的稅?,6
2022/2/26,[新聞] 航海王注意！陽明股東會5月27日召開,67
2022/2/26,Re: [新聞] 富采去年Q4獲利季減66％ 全年EPS 3.22元,32
2022/2/25,[請益] 想請教投資美股的看法,59
2022/2/25,[新聞] 〈百大創新機構〉台積電、聯發科重返百大,21
2022/2/25,[情報] US.SQ Block財報,8
2022/2/25,[新聞] 快訊／美股開盤大漲！道瓊指數狂升300點,76
2022/2/25,[標的] 2888.TW 新光金 失望接刀多,50
2022/2/25,[新聞] 巴菲特:戰爭拋售股票買入黃金非明智之舉,58
2022/2/25,[創作] 快樂天堂,9
2022/2/25,[標的] 6443.TW元晶 大尺寸多,8
2022/2/25,[新聞] 富采去年Q4獲利季減66％ 全年EPS 3.22元,35
2022/2/25,[新聞] 遠傳合併亞太電信 鴻海將成新遠傳第五大,18
2022/2/25,[情報] 111年02月25日信用交易統計,43
2022/2/25,[情報] 4904遠傳 110年 EPS2.8 股利3.25?!,11
2022/2/25,[新聞] 普廷與習近平通話 稱願與烏克蘭進行高級,99
2022/2/25,[情報] 1101台泥 110年 EPS3.30 股利?,29
2022/2/25,[情報] 6582申豐 發15元現金 殖利率10%,20
2022/2/25,[新聞] 遠傳宣布合併亞太電信 暫定9月30日完成,25
2022/2/25,[情報] 聯發科 代子公司公告董事會決議認購鈺太,9
2022/2/25,[情報] 2888新光金 110年 EPS 1.67 股利 0.43,100
2022/2/25,[心得] 二月有賺錢就贏了吧,85
2022/2/25,[標的] 6477.TW 安集 直(大)腸迎來暖流多,21
2022/2/25,[新聞] 快訊／遠傳、亞太電信20：30開記者會,34
2022/2/25,[標的] 2888 新光金 OGC空,15
2022/2/25,[心得] 上次投信連續買超這麼多天的時候,24
2022/2/25,[新聞] 京城銀新任總座確定！獨董姜宏亮接任,6
2022/2/25,[公告] 02/25 處置公告,8
2022/2/25,[新聞] 長榮王國變天 張國煒母改變心意支持大房,40
2022/2/25,[情報] 0225八大公股銀行買賣超暨歷史買超金額榜,45
2022/2/25,[情報] 8044網家 110年 EPS 0.84,63
2022/2/25,[情報] 2337旺宏 110年 EPS6.48 股利1.8,58
2022/2/25,[心得] 一個禮拜當沖沖掉一個月薪水,99
2022/2/25,[情報] 6438迅得開獎 10.15元,5
2022/2/25,[情報] 0225 上市櫃外資投信同買排行,5
2022/2/25,[標的] 2357 .TW 華碩 電競多,25
2022/2/25,[標的] 當冲鳳凰(5706)之運氣賺便當,12
2022/2/25,[情報] 111年02月25日 櫃買法人買賣金額統計表,27
2022/2/25,[情報] 0225 上市櫃外資投信買超金額排行,5
2022/2/25,[情報] 信義9940　股利開獎,19
2022/2/25,[新聞] 連環跳票恐破10億元　台開付不出薪水證,22
2022/2/25,[標的] 大盤 還有人沒上車空,40
2022/2/25,[情報] 神基 股利開獎,19
2022/2/25,[情報] 2330台積電股份買回計劃執行完畢,31
2022/2/25,[情報] 3706.tw神達開獎,49
2022/2/25,[情報] 2480.TW 敦陽科 現金股利5.62元,0
2022/2/25,[情報] 2430 燦坤 股利 搭配減資 爆噴,10
2022/2/25,[情報] 6147頎邦 2021 EPS 9,63
2022/2/25,[情報] 5508 永信建 eps 8.9 配8,20
2022/2/25,[情報] 3711日月光投控 註銷庫藏 110年 年報,18
2022/2/25,[標的]  大盤.TW  我知道投信還有錢多,0
2022/2/25,[新聞] 台股外資再殺510億元 本周已提款逾1665億,51
2022/2/25,[情報] 2474可成註銷買回股分及對股東拋棄股份辦理減資,36
2022/2/25,[新聞] Airbus：2035年氫飛機將投入市場,2
2022/2/25,[情報] 0225上市外資買賣超排行,85
2022/2/25,Re: [請益] 俄羅斯股市大跌33％,66
2022/2/25,[新聞] 快訊》中職第6隊揭曉！台鋼下週交意向書,20
2022/2/25,[情報] 4915致伸  110年EPS 5.13 股利3.1,27
2022/2/25,[新聞] 比爾蓋茲投5千萬美元支持儲能新創Antora,4
2022/2/25,[情報] 3006 晶豪科 110年EPS 17.76 股利8,20
2022/2/25,[情報] 111年02月25日 三大法人買賣金額統計表,100
2022/2/25,[情報] 0225 SCFI指數 4818.47 (-127.54)-2.65%,82
2022/2/25,[情報] 0225上市投信買賣超排行,73
2022/2/25,Re: [新聞] 鴻海首款電動車 3月3日正式交車,10
2022/2/25,[新聞] 虛報良率數字 ?!! 客戶發現 Samsung 5/4,44
2022/2/25,[新聞] 《俄烏戰爭》低價鋼材出口受限，鋼廠正向,12
2022/2/25,[情報]  8046 南電 110年EPS 16.38 股利10,34
2022/2/25,[新聞] 聯電擴產顯示供需仍健康，目標價114.5 元,63
2022/2/25,Re: [標的] 3714 富采 翻倍暴賺多,92
2022/2/25,[閒聊] 2022/02/25 盤後閒聊,46
2022/2/25,[新聞] 俄烏開戰　台經院：對台灣半導體影響輕微,16
2022/2/25,[情報] 2002中鋼 股利3.1元 殖利率8.6%,100
2022/2/25,[情報] 中鋼110年度合併財務報告,20
2022/2/25,[新聞] 俄烏戰爭氖氣面臨斷供？台積電：已建立,15
2022/2/25,[新聞] 鴻海首款電動車 3月3日正式交車,22
2022/2/25,[標的] 3687歐買尬 嘎空+小金雞掛牌 多,0
2022/2/25,[情報] AMD宣布80億美元的股票回購,100
2022/2/25,[情報] 2439 美律 股利開獎 4元,21
2022/2/25,[新聞] 海運緊張 貨櫃運價將暴漲,14
2022/2/25,[新聞] 阿里巴巴會計年度第三季淨利大減25%，週,21
2022/2/25,[新聞] 內外資喊買 欣興至少3字頭,41
2022/2/25,[新聞] 俄軍大舉入侵烏克蘭 外交部:台將對俄國實,99
2022/2/25,Re: [請益] 俄國被制裁，台股誰受惠？,2
2022/2/25,[新聞] 聯電星國擴廠 拚2024量產,9
2022/2/25,[新聞] MSCI今盤後生效 台股防爆量甩尾,35
2022/2/25,Re: [情報] 8150南茂一月營收,7
2022/2/25,[請益] 俄國被制裁，台股誰受惠？,31
2022/2/25,[閒聊] 2022/02/25 盤中閒聊,100
2022/2/25,[新聞] WSJ：SEC要查馬斯克兄弟賣股是否涉內線,7
2022/2/25,[標的] 2330.TW 台積電  2454.TW 聯發科  討論,0
2022/2/25,[新聞] 烏俄為鋼鐵出口大國 中鋼：鋼價會速拉升,10
2022/2/25,[新聞] 烏克蘭危機借鏡引爆台股恐慌　投信：急跌,38
2022/2/25,[新聞] 今年經濟成長率估4.42% 主計長：俄烏對台,24
2022/2/25,[新聞] 〈美股盤後〉拜登祭俄第二波制裁 道瓊狂,44
2022/2/25,[情報] OPEN.US Q4財報,6
2022/2/25,[新聞] Fed下月升息預期 降至1碼,18
2022/2/25,[請益] 元大原油正2 是不是生不逢時,22
2022/2/25,[新聞] 近4年新高！人民幣對美元匯率逼近6.30,9
2022/2/25,Re: [標的] 大盤,100
2022/2/24,Re: [請益] 現在只剩航運能買？,24
2022/2/24,Re: [標的] US.FLGT 今年三倍多,2
2022/2/24,[標的] US SaaS 謹慎多,27
2022/2/24,[標的] 2609 陽明 多,25
2022/2/24,[情報] RSX 台灣的交易單位被美國鎖住不能交易,17
2022/2/24,Re: [新聞] 俄烏戰事不會久拖！　新光投信董座劉坤,29
2022/2/24,[標的] 00891 半島體戰略恐懼多,7
2022/2/24,[新聞] 美光示警「記憶體遭砍單」業界估短期現象,22
2022/2/24,[新聞] 烏俄開戰股市崩跌！道瓊開盤大跌逾800點,75
2022/2/24,[新聞] 原物料需求熱 BDI指數強彈,1
2022/2/24,[標的] 大盤 拉不拉多,44
2022/2/24,[請益] 元大投資先生定期定額006208,19
2022/2/24,[新聞] 大立光每股配70.156元 12年新高,13
2022/2/24,[新聞] 資產破20億！「台灣第6大女富豪」因這事,12
2022/2/24,[新聞] 彩晶去年EPS 2.75元 擬配發1元現金股利,12
2022/2/24,[情報] 1727 中華化開獎 配息0.52 配息率28%,8
2022/2/24,[標的] NVTK.ME Novatek 抄底俄國滷肉,16
2022/2/24,Re: [標的] Nasdaq & 台股,2
2022/2/24,[標的] 00671R.TW 富邦NASDAQ反1 多,3
2022/2/24,[新聞] 《法新社》：俄軍已進入烏克蘭首都,99
2022/2/24,Re: [請益] 請問美股今天會有大奇蹟日嗎？,15
2022/2/24,[情報] 111年02月24日信用交易統計,45
2022/2/24,[請益] 俄羅斯速滅烏克蘭 會馬上止跌反彈嗎？,33
2022/2/24,Re: [請益] 請問美股今天會有大奇蹟日嗎？,1
2022/2/24,[請益] 三五法則適用在崩盤嗎？,11
2022/2/24,[標的] MBT俄羅斯中華電信 有夠俗,12
2022/2/24,[新聞] 俄烏開戰嚇歪股市！散戶逆勢瘋搶3檔零股E,10
2022/2/24,[新聞] 俄烏開戰 期街口S&P黃豆上漲3.47％,3
2022/2/24,[請益] 今天到底該不該砍股票？？,74
2022/2/24,[請益] 請問美股今天會有大奇蹟日嗎？,53
2022/2/24,Re: [新聞] 快訊／碩豐內線交易案　驚見賴品妤父親,6
2022/2/24,[請益]  美股盤前大跌 這只是空頭剛開始嗎？,38
2022/2/24,[情報] 3714富采 110年 EPS3.21 110Q4股利2.0,26
2022/2/24,[新聞]敦泰3545 配發率估5成起跳 現金殖利率飆9%,19
2022/2/24,[新聞] 600元的台積電，還能閉著眼睛買？郭哲榮,33
2022/2/24,[創作] 烏俄大戰爭，大大大優惠,14
2022/2/24,[情報] 0224 量大分點齊買股,0
2022/2/24,[新聞] 台灣危機！製造業缺工近25萬人 2000億訂單無法如期交貨,41
2022/2/24,[新聞] 金管會提三點穩信心：投資人低檔承接力道,59
2022/2/24,[創作] How You Like That (BLACKPINK),14
2022/2/24,[標的] USO.US 戰爭開打多,0
2022/2/24,[新聞] 敦泰：半導體恢復季節性波動 估第1季業績,11
2022/2/24,[請益] 可能的風險、如何避險,3
2022/2/24,[標的] 2887.TW台新金 行員正妹多,58
2022/2/24,[情報] 2912統一超 110年 EPS 8.52 股利9,8
2022/2/24,[標的] 2610.TW 華航 空,21
2022/2/24,[新聞] 普丁開戰創台積電買點? 楊應超:只要到600,71
2022/2/24,[新聞] 快訊／碩豐內線交易案　驚見賴品妤父親,73
2022/2/24,[情報] 2308 台達電 110年財報&股利,17
2022/2/24,Re: [請益] 這波下殺會讓你們停損嗎,13
2022/2/24,[新聞] 〈俄烏衝突〉台股半年線保衛戰 證交所、,24
2022/2/24,[情報] 0224八大公股銀行買賣超暨歷史買超金額榜,41
2022/2/24,[新聞] 俄烏開打台股暴跌461點 金管會：必要時啟,40
2022/2/24,[新聞] 俄烏戰事不會久拖！　新光投信董座劉坤,52
2022/2/24,[情報] 2323中環 取得長榮普通股,18
2022/2/24,[情報] 0224 上市櫃外資投信同買排行,1
2022/2/24,Re: [標的] 3019.TW 亞光 空,3
2022/2/24,[請益] 美股夜盤跟台股夜盤問題,10
2022/2/24,Re: [請益] 這波下殺會讓你們停損嗎,21
2022/2/24,[情報] 0224 上市櫃外資投信買超金額排行,10
2022/2/24,[請益] 如何購買俄羅斯股票,36
2022/2/24,[情報] 3264欣銓 110年 EPS5.46 股利2.80,15
2022/2/24,[新聞] 全球獨角獸大增七成 突破1000家,4
2022/2/24,[心得] 我的獨家創見 拜登要利用普丁來打通膨,36
2022/2/24,[標的] RSX.US俄羅斯 戰爭多,13
2022/2/24,[情報] 烏克蘭交易所(PFTS SE)今天休市,51
2022/2/24,[新聞] 俄股閃崩45%史上最慘 油價飆破100美元,57
2022/2/24,[標的] rsx.us 多 俄羅斯ETF,12
2022/2/24,[請益] 戰爭沒有結束的一天 黃金概念股就有戲？,7
2022/2/24,[情報] 光寶科 股利開獎,10
2022/2/24,[情報]  2303 聯電 110年EPS 4.57 股利3,73
2022/2/24,[標的] 黃金 多,0
2022/2/24,[情報]  8049 晶采 股利開獎,5
2022/2/24,[新聞] 俄烏開戰油價飆升 投信：布油重回130美,29
2022/2/24,[情報] 台中銀 股利0.25 股票0.5,21
2022/2/24,[新聞] 俄羅斯盧布、股市回穩 交易員：制裁不如,100
2022/2/24,[新聞] 外資：PC供需將反轉下砍瑞昱,14
2022/2/24,[情報] 3014聯陽 配盈餘8元+資本公積1元,15
2022/2/24,[情報] 2014中鴻 110年 EPS 4.42 股利2.8,31
2022/2/24,[請益] 為何俄羅斯股市沒有熔斷機制,61
2022/2/24,Re: [標的] 大盤,18
2022/2/24,[標的] 2603長榮撿便宜多,-10
2022/2/24,[情報] 0224上市外資買賣超排行,93
2022/2/24,Re: [請益] 俄烏戰跟台股的關聯 到底?,7
2022/2/24,Re: [標的] 2610.TW 華航討論,2
2022/2/24,[情報] 2474.tw 可成 110年報,13
2022/2/24,Re: [請益] 俄烏戰跟台股的關聯 到底?,0
2022/2/24,[新聞] 川普警告︰「烏克蘭災難」之後 下一個就,100
2022/2/24,Re: [心得] 今天根本還不到恐慌吧!,6
2022/2/24,[請益] 俄烏戰跟台股的關聯 到底?,41
2022/2/24,[標的] 大盤,100
2022/2/24,Re: [標的] 2610.TW 華航討論,17
2022/2/24,[請益] 俄羅斯股市大跌33％,100
2022/2/24,[情報] 111年02月24日 櫃買法人買賣金額統計表,30
2022/2/24,Re: [心得] 歷史外資賣超前五名,10
2022/2/24,Re: [請益] 美股還能投嗎？,69
2022/2/24,Re: [標的] 2610.TW 華航討論,5
2022/2/24,[新聞] 俄烏衝突加劇 布蘭特原油短線飆破100美,19
2022/2/24,[心得] 歷史外資賣超前五名,67
2022/2/24,[標的] 2610.TW 華航討論,10
2022/2/24,Re: [新聞] 快訊／莫斯科證交所宣布暫停交易！,58
2022/2/24,Re: [心得] 今天根本還不到恐慌吧!,53
2022/2/24,[情報] 111年02月24日 三大法人買賣金額統計表,100
2022/2/24,[情報] 0224上市投信買賣超張數整理,10
2022/2/24,[情報] 0224上市投信買賣超排行,61
2022/2/24,[心得] 今天根本還不到恐慌吧!,44
2022/2/24,[請益] 請問烏俄戰爭是否跟去年15159點一樣？,9
2022/2/24,[新聞] 俄大舉進軍烏克蘭 拜登揚言將再祭出新一,55
2022/2/24,[情報]  6116 彩晶 110年 eps 2.75 股利 1,11
2022/2/24,[新聞] 謝金河：虎年個股命運會大不相同,-10
2022/2/24,Re: [新聞] 普京宣布開始入侵烏克蘭 (頓巴斯區),15
2022/2/24,[請益] 打完了就可以抄底了嗎？,9
2022/2/24,[情報] 8271宇瞻 110年 EPS4.81 股利2.89,5
2022/2/24,[新聞] 台股重挫461點 國安基金不排除開會因應,54
2022/2/24,Re: [標的] 6182.TW 合晶 空,12
2022/2/24,[新聞] 想當航海王？入「長榮增資」群組 險被詐2,10
2022/2/24,[創作] 股價不說謊                     黎明版,4
2022/2/24,[閒聊] 2022/02/24 盤後閒聊,67
2022/2/24,[情報] 8150.TW 南茂 110年度合併財務報告,20
2022/2/24,[請益] 第一次遇到戰爭事件 該如何做交易,85
2022/2/24,[請益] 長榮借券哥...,-10
2022/2/24,[新聞] 快訊／莫斯科證交所宣布暫停交易！,45
2022/2/24,[請益] 今天這一根，是不是2020/03/02那一根,27
2022/2/24,[請益] 我是空八蛙 但我沒要空八啊==,43
2022/2/24,[請益] 現在進場例如大型的塑化股是穩定標的嗎？,10
2022/2/24,Re: [新聞] 普京宣布開始入侵烏克蘭 (頓巴斯區),47
2022/2/24,[情報] 不用擔心俄股了！,100
2022/2/24,[新聞] 俄烏緊張台股狂瀉400點　國安基金緊盯進,45
2022/2/24,[請益] 戰爭能在今天收盤前結束嗎？,6
2022/2/24,[心得] 戰爭遲早會過去 分批買進的最佳時機,2
2022/2/24,[請益] 現在大盤算是三尊頭嗎,21
2022/2/24,Re: [新聞] 普京宣布開始入侵烏克蘭 (頓巴斯區),12
2022/2/24,[請益] 這波下殺會讓你們停損嗎,100
2022/2/24,Re: [標的] 3596.TW 智易 空,8
2022/2/24,Re: [標的] 興富發 2542 多,10
2022/2/24,[新聞] 俄烏情勢緊張 蔡總統：全力穩定股匯市,99
2022/2/24,Re: [請益] WW3還是越跌越買嗎？,12
2022/2/24,Re: [請益] WW3還是越跌越買嗎？,13
2022/2/24,[新聞] 普京宣布開始入侵烏克蘭 (頓巴斯區),100
2022/2/24,[請益] 崩盤時仍能安心持有的股票,82
2022/2/24,[請益] WW3還是越跌越買嗎？,65
2022/2/24,Re: [新聞]宏達電1月營收3.59億元 續寫同期新低,9
2022/2/24,[新聞] 力積電除息1.18元 早盤走弱暫貼息,24
2022/2/24,[標的] 2888新光金 到底是..?,21
2022/2/24,[新聞] 志信、凱鈺 錢景看俏(2/24漲停板),2
2022/2/24,[請益] Fed為何不趁烏俄衝突突之際直接升息呢？,4
2022/2/24,[新聞] 載板需求旺 欣興產能滿到2027,9
2022/2/24,[請益] 現在的盤是不是天天給你希望又讓你絕望?,37
2022/2/24,[新聞] (8070)長華* 漲價10% 營運來勁,12
2022/2/24,[新聞] 美國液化天然氣將成歐洲「脫俄」支柱,68
2022/2/24,[新聞] 聯詠OLED加持營運再拚高；潛在殖利率逾1,4
2022/2/24,[閒聊] 2022/02/24 盤中閒聊,100
2022/2/24,[新聞] 俄烏緊張加劇 航運鋼鐵護台股重回萬八,11
2022/2/24,[新聞] 聯想集團年度第三季淨獲利6.4億美元，年,7
2022/2/24,Re: [請益] 美股跌破33000怎麼辦?,21
2022/2/24,[新聞] 歐美加碼制裁俄國 道瓊下挫464點、那指跌,51
2022/2/24,Re: [請益] 美股還能投嗎？,12
2022/2/24,[請益] 美股跌破33000了怎麼辦?,49
2022/2/24,[標的] SQQQ 睏飽數吉爆炸多 納達回檔40％多,27
2022/2/24,[請益] 為何油價漲特斯拉會跌這麼多??,69
2022/2/24,Re: [標的] 2618 2610 航空可以飛多高 會是第二個面板/二哥嗎?,33
2022/2/24,[新聞] 健策買光洋科1萬張私募股,11
2022/2/23,[請益] 美股還能投嗎？,99
2022/2/23,[心得] 韭韭的奇幻冒險,44
2022/2/23,Re: [新聞] 烏俄情勢緊張　台灣跟進美日祭出半導體,8
2022/2/23,Re: [請益] 愛普6531,8
2022/2/23,[請益] 這樣的讀者會是股神還是韭神？,100
2022/2/23,[新聞] 投資人觀望券商1月獲利不到10億元 減幅超,20
2022/2/23,[新聞] 貨櫃三雄要回航了？陽明、萬海遇小亂流,12
2022/2/23,[新聞] 少年股神又翻船？券商申報萬海違約交割,16
2022/2/23,[情報] 111年02月23日信用交易統計,51
2022/2/23,Re: [美股] UPST MNDY SQ 多,99
2022/2/23,[新聞] 烏俄情勢緊張　台灣跟進美日祭出半導體,20
2022/2/23,[創作] 值得,8
2022/2/23,[請益] 愛普6531,23
2022/2/23,[新聞] 台積電累計買回1041張庫藏股 執行率75%,29
2022/2/23,[新聞] 中櫃看好今年業務 擬配發股利1.65元 配息,8
2022/2/23,[請益] 最近是不是做短線才會贏？,45
2022/2/23,[請益] 買賣問題,8
2022/2/23,[情報] 0223 上市櫃外資投信同買排行,12
2022/2/23,[新聞] 萬海受邀參與ESG法說會,9
2022/2/23,[新聞] 獨家》基於美日戰略合作 台灣擬對俄羅斯,38
2022/2/23,[情報] 0223 上市櫃外資投信買超金額排行,6
2022/2/23,[情報] 3515 華擎 110年財報&股利,15
2022/2/23,[情報] 6613 朋億 110年度16.75 股利12,12
2022/2/23,[情報] 德律開獎 配息3.3元,23
2022/2/23,Re: [新聞] 俄烏戰爭不是危機 真正危機是台海危機,50
2022/2/23,[新聞] 解封題材推升航空股驚漲 法人提醒留意兩,17
2022/2/23,[情報] 0223八大公股銀行買賣超排行,27
2022/2/23,[請益]  台股有哪些盈餘分配率很高或很低的指標,15
2022/2/23,[情報] 0223違約交割,61
2022/2/23,[情報] 2412 中華電配4.608元,100
2022/2/23,[新聞] 華碩旗下華芸遇駭客攻擊加密封鎖　用戶被,15
2022/2/23,[標的] 3481群創借券餘額91萬張惹,28
2022/2/23,[新聞] ATM「領不到錢還被扣款」　國泰世華銀致,25
2022/2/23,[情報] 2360 致茂 110年財報&股利,5
2022/2/23,[新聞] 野村喊買國巨 目標價650元,28
2022/2/23,[新聞] 中國國家發改委等4部門：「東數西算」工,19
2022/2/23,Re: [標的] 鴻海現況討論,13
2022/2/23,[新聞] 英國24日起解除所有防疫限制 與病毒共存,76
2022/2/23,[新聞] 欣興客戶搶訂ABF產能 訂單排至2030年,100
2022/2/23,[情報] 3545敦泰 通過庫藏股 110年 EPS30.23,31
2022/2/23,[新聞] 京元電子300億擴廠計畫 都更獲內政部審議通過,14
2022/2/23,[情報] 5471松翰 110年 EPS8.71 股利7.0,29
2022/2/23,[情報] 1232 大統益 開獎,11
2022/2/23,[情報] 111年02月23日 外資買賣超前30名,52
2022/2/23,Re: [新聞] 退休金準備調查6成民眾估每月需3~5萬,16
2022/2/23,[情報] 0223上市外資買賣超排行,81
2022/2/23,[標的] 2454.TW 聯發科 市值上看1000億美元,31
2022/2/23,[情報] 3029 零壹 配息3.6元,22
2022/2/23,[情報] 2642宅配通 110年 EPS2.52 股利2.1,10
2022/2/23,[新聞]傳台灣已接受加入美制裁俄行列！將限制對俄出口半導體,73
2022/2/23,[新聞]高通繼4奈米棄守三星後 傳3奈米AP只找台積,51
2022/2/23,[情報] 2340 台亞 110年EPS 2.11,6
2022/2/23,[情報] 1731美吾華 配發現金股息每股1.17元,12
2022/2/23,[情報] 02/22散裝指數,16
2022/2/23,[新聞] 陳時中首鬆口！下半年可望開放出國旅遊,82
2022/2/23,[情報] 111年02月23日 櫃買法人買賣金額統計表,35
2022/2/23,[標的] 2015 豐興 跟著法人多,6
2022/2/23,[情報] 2383 台光電 110年度財報,6
2022/2/23,[情報] 111年02月23日 三大法人買賣金額統計表,100
2022/2/23,[新聞] 〈俄烏衝突〉記憶體惰性氣體供給受阻,18
2022/2/23,[請益] 可以固定價格刻度的看盤軟體,7
2022/2/23,Re: [請益] 華航(2610)的合理價位應該是多少？,32
2022/2/23,[情報] 0223上市投信買賣超排行,83
2022/2/23,Re: [請益] 華航(2610)的合理價位應該是多少？,19
2022/2/23,[新聞] 十年大空頭認錯，稱 AMD 還有 30% 上行空間,19
2022/2/23,[新聞] 俄烏戰爭不是危機 真正危機是台海危機,60
2022/2/23,Re: [請益] 華航(2610)的合理價位應該是多少？,19
2022/2/23,[閒聊] 2022/02/23 盤後閒聊,32
2022/2/23,Re: [請益] 華航(2610)的合理價位應該是多少？,97
2022/2/23,[請益] 2883b 開發金乙特可以代替中華電嗎,23
2022/2/23,Re: [請益] 2412中華電最近發生什麼事,25
2022/2/23,[請益] 華航(2610)的合理價位應該是多少？,100
2022/2/23,Re: [新聞] 美通膨升息難救 他語出驚人:先讓市場崩盤,0
2022/2/23,[請益] 2412中華電最近發生什麼事,68
2022/2/23,[新聞] 俄烏戰爭風險加劇　星展：全球股市軍事,9
2022/2/23,[標的] 3707 漢磊 空,6
2022/2/23,Re: [新聞] 退休金準備調查6成民眾估每月需3~5萬,36
2022/2/23,Re: [情報] 3035智原 110年 EPS4.65 股利3.3,14
2022/2/23,[新聞] 恐慌指數飆高 法人：台股基金加碼好時機,31
2022/2/23,[新聞] 退休金準備調查6成民眾估每月需3~5萬,63
2022/2/23,[新聞] 勞斯萊斯與鷺森航空簽MOU，三到五年內搶,8
2022/2/23,[問卷] (抽商品卡)Podcast收聽意願與廣告態度,13
2022/2/23,[標的] 4968 立積 多,15
2022/2/23,[新聞] 中國「元宇宙產業自律公約」 可能抵制資,2
2022/2/23,[新聞] 台積電接蘋果訂單 大摩評「優於大盤」,27
2022/2/23,Re: [標的] 陽明 殖利率多,51
2022/2/23,[新聞] 浩鼎新藥授權中港澳 簽約金達2億美元,7
2022/2/23,"[新聞] 貨櫃三雄 估發2,500億股息",38
2022/2/23,[新聞] 陸智慧機砍單 半導體鏈警戒,8
2022/2/23,[新聞] 長榮子公司公告發放股利 法人估航海王每,18
2022/2/23,[新聞] 鴻海攻元宇宙 入股XRSPACE,19
2022/2/23,[新聞] 《電子通路》聯強海外大豐收 今年更上層,14
2022/2/23,[標的]  2609.TW 陽明 就知道是你多,35
2022/2/23,[新聞] 智原今年更旺 帶量急攻,17
2022/2/23,Re: [新聞] 木頭姐上周五抛售所持逾半Palantir股份,4
2022/2/23,[標的] 興富發 2542 多,12
2022/2/23,[標的] 瑞昱 2379 多,24
2022/2/23,[新聞] 矽創、聯詠 高股息題材撐腰,-10
2022/2/23,[新聞] 拜登普丁峰會破局！　白宮：現在時機不適,17
2022/2/23,[請益] 今年台股的黑天鵝會是?,36
2022/2/23,[閒聊] 2022/02/23 盤中閒聊,100
2022/2/23,Re: [新聞] 美通膨升息難救 他語出驚人:先讓市場崩盤,2
2022/2/23,[標的] 5009.TW 早起多,8
2022/2/23,[新聞] 張忠謀：一開始若投資至今報酬1000倍,91
2022/2/23,Re: [新聞] 德國力邀台積電設廠 經長：政府樂觀,20
2022/2/23,[新聞] 騰訊因監管疑慮今股價大跌5% 公司指「將,3
2022/2/23,[新聞] 快訊／俄羅斯上議院批准「總統境外動武」,67
2022/2/23,[新聞] 木頭姐上周五抛售所持逾半Palantir股份,48
2022/2/22,[新聞] 小摩:看空股市乃風潮 但這觀點站不住腳,13
2022/2/22,[標的] FEES 俄股 亂入,18
2022/2/22,[新聞] 馬雲難逃審核？傳北京突徹查螞蟻金流，阿,46
2022/2/22,[情報] 0222 處置股票與注意股票統計分析,0
2022/2/22,[新聞] 德國力邀台積電設廠 經長：政府樂觀其成,49
2022/2/22,[新聞] Bernstein分析師10年後再度調升AMD,22
2022/2/22,[新聞] 美通膨升息難救 他語出驚人:先讓市場崩盤,28
2022/2/22,[新聞] 美而快進軍NFT 推網紅孵化器,23
2022/2/22,[情報] 3037欣興 110年 EPS 8.98 股利 3.4,48
2022/2/22,[情報] 111年02月22日信用交易統計,40
2022/2/22,Re: [標的] 3704合勤控,4
2022/2/22,[新聞] 川普社群平台Truth Social發布 DWAC+20%,78
2022/2/22,[新聞] 力積電股價跌完了沒？ 法人這麼說,56
2022/2/22,[情報] 0222 上市櫃外資投信同買排行,7
2022/2/22,[新聞] 義隆電 2021 年每股大賺 17.64 元！決議,16
2022/2/22,[情報] 0222 上市櫃外資投信買超金額排行,10
2022/2/22,Re: [標的] 今天大盤是強支撐而不是吊人線吧？,9
2022/2/22,[新聞] 鎖定高用電製造業！環保署擬擴大碳盤查,27
2022/2/22,[新聞] 浩鼎兩新藥授權大陸地區,1
2022/2/22,[標的] 大盤,27
2022/2/22,[標的] 今天大盤是強支撐而不是吊人線吧？,34
2022/2/22,[新聞] 新光金吳東進案 金管會：有些不是很妥當的行為,19
2022/2/22,[新聞] 從SpaceX共乘衛星 觀察DARPA太空技術發展,1
2022/2/22,Re: [標的] Nasdaq & 台股,8
2022/2/22,[標的] 00709.TW富邦歐洲、VGK.USD  請益,1
2022/2/22,[新聞] 俄烏惡化 金融三業投資股債曝險近30兆元,26
2022/2/22,[新聞] 攻Apple Car！傳鴻海2025年將於泰國,16
2022/2/22,[公告] 俄烏新聞討論置底區,30
2022/2/22,[情報] 0222八大公股銀行買賣超排行,52
2022/2/22,[請益] vix價格,22
2022/2/22,[新聞] 欣興併旭德「換股比例」出爐 看好合併4大,22
2022/2/22,[新聞] 印度半導體及顯示器激勵投資案 第一輪收,6
2022/2/22,Re: [新聞] 英相強生：俄國決意全面侵略烏克蘭,13
2022/2/22,Re: [新聞] 快訊／寶齡富錦「腎臟新藥」三期臨床數,6
2022/2/22,[新聞] 歐美制裁對俄烏衝突 牽動全球經濟復甦,9
2022/2/22,[標的] 2382廣達 小心多,13
2022/2/22,[新聞] 傳台積電3奈米製程遇障礙 影響超微、輝達,100
2022/2/22,[請益]  俄羅斯這波操作 韭菜該如何是好,19
2022/2/22,[新聞] 英相強生：俄國決意全面侵略烏克蘭,46
2022/2/22,[情報] 8179 旭德 3037 欣興 重大訊息,25
2022/2/22,[新聞] 不只長榮航、華航創高 專家曝這些股票都,0
2022/2/22,[情報] 5299杰力 110年 EPS17.68 股利11.6,9
2022/2/22,[新聞] 黃豆價格看漲 期街口S&P黃豆ETF盤堅,6
2022/2/22,Re: [標的] 6182.TW 合晶 空,9
2022/2/22,[新聞] 快訊／寶齡富錦「腎臟新藥」三期臨床數,46
2022/2/22,[情報] 0222上市外資買賣超排行,99
2022/2/22,[新聞] 塞港靠邊 顏益財：航運股最重要是「它」,24
2022/2/22,[請益] 套牢中要怎麼加碼,47
2022/2/22,[情報] 3035智原 110年 EPS4.65 股利3.3,51
2022/2/22,[創作] 我是不是該安靜地走開 (郭富城),32
2022/2/22,Re: [請益] 股價總有一天會回來今年還適用嗎,25
2022/2/22,[情報] 8358金居 110年EPS6.03 股利4.2,17
2022/2/22,[新聞] 張錫「5理由」喊：現在是買點,59
2022/2/22,Re: [標的] 3019.TW 亞光 空,8
2022/2/22,[創作] 攤平(劉德華-練習),32
2022/2/22,[新聞] 高盛:若烏俄衝突升級 美股恐再跌6%,70
2022/2/22,[情報] 111年02月22日 櫃買法人買賣金額統計表,45
2022/2/22,[新聞] 華航、長榮航市值飆破1600億　老謝：已,32
2022/2/22,[創作] 元宇宙迷航-宇宙司令號,11
2022/2/22,[情報] 111年02月22日 三大法人買賣金額統計表,100
2022/2/22,[情報] 0222上市投信買賣超排行,89
2022/2/22,[創作] 再不回頭 要睡街頭 ( 劉文正-卻上心頭),11
2022/2/22,[新聞] 光洋科經營權大和解 馬堅勇：雙方都有最大誠意,15
2022/2/22,[情報] 1605 華新 110年 EPS 4.27 股利1.6,36
2022/2/22,[情報] 2458義隆110年 EPS 17.64 股利 13.5,34
2022/2/22,[標的] 2330.TW 台積電 戰時空手請益,26
2022/2/22,[閒聊] 2022/02/22 盤後閒聊,16
2022/2/22,Re: [新聞] 國安基金喊話台股非無量下跌民眾要有信心,27
2022/2/22,[請益] 股價總有一天會回來今年還適用嗎,92
2022/2/22,Re: [請益] 出兵的第一天是開始還是結束?,35
2022/2/22,[新聞] 國安基金喊話台股非無量下跌民眾要有信心,84
2022/2/22,[新聞] 京城銀行總經理張日政辭職,2
2022/2/22,[標的] 請問9955佳龍在噴什麼？,92
2022/2/22,[請益] 00891 這種ETF 該怎麼查詢除息日呢,-10
2022/2/22,[請益] 出兵的第一天是開始還是結束?,69
2022/2/22,[心得] 加權指數收盤-2%以上後隔日表現,76
2022/2/22,[標的]  2330.TW 台積電  撿便宜多,63
2022/2/22,[閒聊] 二次跌破萬八 黑特區,72
2022/2/22,[新聞] 貨運暢旺！謝金河盛讚：華航、長榮寫傳奇,66
2022/2/22,[標的] 3687.TW oh my god空,5
2022/2/22,[標的] 揚明光3504 抄底多,13
2022/2/22,[請益] 俄羅斯不敢拿下烏克蘭全境？,100
2022/2/22,[標的] 2548.TW 華固  2542.TW 興富發  討論,41
2022/2/22,[新聞] 拜登熱線澤倫斯基 承諾維護烏克蘭領土完整 馬克宏籲歐盟制,59
2022/2/22,[新聞] 各擁利多 生技股法人按讚,14
2022/2/22,[公告] 02/22 處置公告,4
2022/2/22,Re: [標的] 陽明 殖利率多,74
2022/2/22,[閒聊] 2022/02/22盤中閒聊,100
2022/2/22,[新聞] 《半導體》聯詠Q1不淡 配息上看53元,30
2022/2/22,[新聞] 烏克蘭情勢升溫！俄羅斯股市暴跌10%,100
2022/2/22,[標的] 樂意 7584 多,24
2022/2/21,Re: [請益] 投資理財請益,51
2022/2/21,[新聞] 微博傳裁員數百人！員工怨「考績被打最低,64
2022/2/21,[新聞] 工商社論》沒有恐慌，就沒有通膨,7
2022/2/21,[標的] 台開2841 白癡與天才的對決,30
2022/2/21,[新聞] 通膨吃掉薪水 蘇揆：拚經濟也會穩物價,-10
2022/2/21,[新聞] 美批准對台1億美元軍售 中國宣布反制2美,77
2022/2/21,Re: [新聞] 俄股本益比低 可分批進場布局,20
2022/2/21,[新聞] 【美股期貨】烏克蘭傳零星戰火　美提升,30
2022/2/21,[情報] 111年02月21日信用交易統計,56
2022/2/21,Re: [心得] 關於配息這件事,6
2022/2/21,[新聞] 韓國地方法院駁回三菱重工抗告,21
2022/2/21,[新聞] 預言崩盤 傳奇投資人砍Alphabet買台積電,48
2022/2/21,Re: [情報] 3008 大立光 註銷庫藏股及Q4財報,4
2022/2/21,[新聞] 五大壽險金控上季持股曝光 竟重押這檔,52
2022/2/21,[新聞] 全球行動通訊大會 中磊秀5G、雲端寬頻分,3
2022/2/21,[新聞] 國巨楠梓廠 1431名員工檢測結果全陰性,3
2022/2/21,[新聞] 代子公司創見資訊(上海)有限公司處分土地,13
2022/2/21,[新聞] ABF供不應求 欣興明停牌受市場關注,17
2022/2/21,[新聞] 綠界3/3開始收單！別錯過史上最大價差,45
2022/2/21,[新聞] 長榮5虎大漲市值破兆  謝金河狂讚:張榮發,9
2022/2/21,[情報] 0221 量大分點齊買超,4
2022/2/21,[新聞] 南僑元月EPS 0.37元 略低於去年同期,8
2022/2/21,[情報] 0221 上市櫃外資投信同買排行,5
2022/2/21,[情報] BNT將在4~5年內推出癌症治療藥物,23
2022/2/21,Re: [心得] 關於配息這件事,10
2022/2/21,[新聞] 三星又掉單了！台積電再接蘋果射頻接收,53
2022/2/21,[請益] 投資理財請益,58
2022/2/21,[標的] 2618.Tw 長榮航 空下去,0
2022/2/21,[情報] 0221 上市櫃外資投信買超金額排行,4
2022/2/21,[標的] 航海王長榮麾下實習生報到 多,23
2022/2/21,[請益] 豐存股定期定額扣台幣或是美金較佳,8
2022/2/21,[新聞] 載板龍頭欣興22日暫停交易 業界兩猜測,34
2022/2/21,[情報] 0221八大公股銀行買賣超,34
2022/2/21,[情報] 1760 寶齡富錦 因有重大訊息待公布 02月22日 起暫停交易,29
2022/2/21,[情報] 2809京城銀 股利開獎,100
2022/2/21,[新聞] 不畏IC短缺「外資喊買華碩、廣達」,26
2022/2/21,[情報] 二月下旬面板報價,22
2022/2/21,[請益] 航運除權息問題？,38
2022/2/21,[請益] 指數化投資帳戶資金分配請益,25
2022/2/21,[情報] 3008 大立光 註銷庫藏股及Q4財報,18
2022/2/21,[請益] 為甚麼韭菜總是逃不過宿命,67
2022/2/21,[情報] 0221上市外資買賣超排行,74
2022/2/21,[新聞] 衛星照片曝光！俄羅斯軍隊新野戰部署就,47
2022/2/21,[新聞] 內獲利支撐 外解封題材 航空雙雄Q1不看淡,49
2022/2/21,[情報] 111年02月21日 櫃買法人買賣金額統計表,48
2022/2/21,[情報] 111年02月21日 三大法人買賣金額統計表,100
2022/2/21,[情報] 0221上市投信買賣超排行,64
2022/2/21,Re: [請益] 零股的操作,4
2022/2/21,[請益] 一半投資中華電信，一半投資VT是否穩健,78
2022/2/21,[新聞] 俄烏＋美伊雙影響 原油市場詭譎,5
2022/2/21,[標的]  空 長榮航 2618.tw 解封空,100
2022/2/21,Re: [標的] 2618.Tw 長榮航 實質解封股 率先受惠,15
2022/2/21,[閒聊] 2022/02/21 盤後閒聊,0
2022/2/21,Re: [心得] 還真的賣了就噴==,1
2022/2/21,Re: [新聞] 長榮及長榮航 郭哲榮：差一個字差很大！,100
2022/2/21,[新聞] 空巴2021年獲利創紀錄 2022年交機數量攀,12
2022/2/21,[請益] 零股的操作,37
2022/2/21,[新聞] 鋼價調漲 鋼鐵大軍昂揚,74
2022/2/21,[新聞] 老謝:長榮集團股價大漲市值破兆 他的時代來臨,28
2022/2/21,[新聞] 產業分析》大摩：DRAM競爭加劇 衝擊華邦,55
2022/2/21,[請益] 搬家改地址，股息信件一樣寄到舊地址,24
2022/2/21,Re: [新聞] 全球首例!元太電子紙獲國際暗空協會認證,0
2022/2/21,[新聞] 台股急殺不怕 過半民眾估上半年高點攻萬九,51
2022/2/21,[新聞] 低本益比+高殖利率 這2檔IC設計股奮起,0
2022/2/21,[標的] 1102.TW 亞泥    亞妮出來了多,24
2022/2/21,Re: [情報] Novavax自認是mRNA疫苗的強勁對手,11
2022/2/21,Re: [新聞] 航海王這次上漲來真的?法人:萬海將是帶頭,0
2022/2/21,Re: [新聞] 法總統馬克宏提議拜普會 傳雙方都已接受,0
2022/2/21,[新聞] 長榮海運 千億運能艦隊啟航,71
2022/2/21,[標的] 陽明 殖利率多,94
2022/2/21,Re: [心得] 關於配息這件事,1
2022/2/21,[新聞] 法總統馬克宏提議拜普會 傳雙方都已接受,76
2022/2/21,[新聞] NAND Flash價漲 威剛、群聯氣盛,-10
2022/2/21,[閒聊] 2022/02/21盤中閒聊,100
2022/2/21,[新聞] 長榮海運 每股配息上看20元,57
2022/2/21,[新聞] 航海王這次上漲來真的?法人:萬海將是帶頭,27
2022/2/21,Re: [請益] 為什麼創造崩盤可以抑制通膨,16
2022/2/20,[請益] 券%(無配額)  現沖券(0)  原理差在哪?,3
2022/2/20,Re: [新聞] 法俄元首達共識以達成「停火協議」為目標,51
2022/2/20,[心得] 關於配息這件事,85
2022/2/20,[新聞] 法俄元首達共識以達成「停火協議」為目標,100
2022/2/20,[新聞]  「雙俄」延長聯合軍演 英媒：俄軍可能無,59
2022/2/20,[新聞] 彭博列全球市值10大企業！台積電超車騰訊,11
2022/2/20,[新聞] 群聯 股價半年新高,12
2022/2/20,[情報] 英國強生:可能切斷俄羅斯公司獲得美金,10
2022/2/20,Re: [請益] 為什麼創造崩盤可以抑制通膨,99
2022/2/20,[請益] 有沒有比較好用的台股配置回測網站,3
2022/2/20,[公告] 02/20 處置公告,20
2022/2/20,[標的] 3710.TW連展投控,91
2022/2/20,[新聞] 聯電法說會引爆股票慘跌　謝金河還原真相,50
2022/2/20,Re: [標的] 瑞昱 2379 多,27
2022/2/20,[情報] Novavax自認是mRNA疫苗的強勁對手,26
2022/2/20,[新聞] Nvidia營收再創新高，資料中心為成長引,19
2022/2/20,[新聞] 理工畢業生9年大減 台積聯發科爆人才短缺,82
2022/2/20,Re: [請益] 為什麼創造崩盤可以抑制通膨,0
2022/2/20,[請益] 為什麼創造崩盤可以抑制通膨,38
2022/2/20,[新聞] 傳統產業的痛！台船去年被科技業吸走百人,48
2022/2/20,[請益] 想學習改做價差，該從哪些書或影片入門?,100
2022/2/20,[新聞] 俄烏若開戰 這次Fed恐無力救市,17
2022/2/20,[新聞] 藥明遭美列清單出貨受阻 國際藥廠急向永昕、台康生尋產能,10
2022/2/20,[請益] 融資能領股利嗎？,30
2022/2/20,Re: [閒聊] 歐盟想要台積電的5奈米以下的製程去歐洲,28
2022/2/20,[新聞] 西方若不支持烏 強生:破壞性後果包括台灣,100
2022/2/20,Re: [新聞] 快上船？航運三雄狂噴別賣太早 他爆2大,23
2022/2/20,Re: [新聞] 快上船？航運三雄狂噴別賣太早 他爆2大,14
2022/2/20,Re: [請益] 賣股買房的時機?,43
2022/2/20,[情報] 02/21~02/25 美股財報行事曆,8
2022/2/20,[新聞] 俄股本益比低 可分批進場布局,10
2022/2/20,[新聞] 快上船？航運三雄狂噴別賣太早 他爆2大,78
2022/2/20,Re: [新聞] 英特爾伺服器晶片推遲發布 股價NVDA,7
2022/2/20,Re: [請益] 賣股買房的時機?,57
2022/2/20,[新聞] 「股神」巴菲特印度投資處女秀押注這股,22
2022/2/20,[標的] 大盤,66
2022/2/20,[心得] 存股到底只能用閒錢?,44
2022/2/20,Re: [新聞] 英特爾伺服器晶片推遲發布 股價重挫逾5％,100
2022/2/20,[新聞] 小摩：Fed未來連九次會議都將升息1碼,34
2022/2/20,Re: [新聞] 俄烏若開戰 外資：FED恐延後升息,0
2022/2/20,[新聞] 群聯模組報價喊漲 強漲9.6%寫9個月新高,0
2022/2/19,[新聞] 運價連五跌 美西線逆勢創高,27
2022/2/19,[情報] 德國警告所有國民離開烏克蘭,46
2022/2/19,[新聞] 快訊／烏克蘭內政部長遭到攻擊 迫擊砲,50
2022/2/19,Re: [新聞] 俄烏若開戰 外資：FED恐延後升息,10
2022/2/19,[新聞] 獨家｜聯發科2月百萬分紅將開獎 傳再加,28
2022/2/19,[情報] 英相強森慕尼黑會議對烏俄危機演說,39
2022/2/19,[請益] 賣股買房的時機?,45
2022/2/19,[新聞] 俄烏若開戰 外資：FED恐延後升息,67
2022/2/19,Re: [新聞] 俄已準備好攻擊 美國防部長:已就戰鬥位置,22
2022/2/19,[新聞] 英特爾伺服器晶片推遲發布 股價重挫逾5％,25
2022/2/19,[新聞] 罕見 大摩二度喊買台積,57
2022/2/19,[新聞] 俄已準備好攻擊 美國防部長:已就戰鬥位置,100
2022/2/19,[新聞] 烏克蘭通報首名士兵陣亡 俄國邊界地區進,41
2022/2/19,[新聞] 美股因俄烏戰雲密布收跌「死亡交叉」預告,10
2022/2/19,[新聞] 不畏中國施壓 德國馬牌將持續投資立陶宛,13
2022/2/19,[請益] 老實說， 你覺得有用的財經雜誌有哪些？,87
2022/2/19,[新聞] 果粉哭哭!爆料達人指iPhone不再開發螢幕,81
2022/2/19,[新聞] 國泰世華推「新台幣的聲音」音樂 網狂聽「療癒數鈔聲」：招,30
2022/2/19,[新聞] 爆開戰了！烏克蘭24hr砲擊29次 死傷人數,63
2022/2/19,[標的]  5309 系統電 耐心多,31
2022/2/19,Re: [心得] 是不是要還拜登公道了？,2
2022/2/19,Re: [新聞]俄媒:烏克蘭24小時內朝親俄發射100多火砲,11
2022/2/19,[新聞] 5月1日生效！Fed禁止官員買股債及加密貨,49
2022/2/19,[心得] 論報酬率彼得林區和索羅斯>巴菲特,12
2022/2/19,Re: [心得] 還真的賣了就噴==,31
2022/2/19,[標的] TW.6535 順藥 烏俄戰爭受惠股 多,11
2022/2/19,[標的] Nasdaq & 台股,31
2022/2/19,[新聞] FED 前官員：為馴服通膨巨獸，FED 需刻意,43
2022/2/19,[心得] 高殖利率 清單 EXCEL,100
2022/2/19,Re: [新聞] 烏克蘭邊境15萬俄軍部隊 美官員：半數已,12
2022/2/19,[新聞] Fed理事Brainard：3月適合開始升息、縮表,27
2022/2/19,[新聞]俄媒:烏克蘭24小時內朝親俄發射100多枚火砲,38
2022/2/19,Re: [心得] 阿榮借出後 股價走勢,6
2022/2/19,[新聞] 綠電大買家 台積囊括99%,55
2022/2/19,[新聞] 烏克蘭邊境15萬俄軍部隊 美官員：半數已,63
2022/2/19,[心得] 阿榮借出後 股價走勢,41
2022/2/19,Re: [心得] 還真的賣了就噴==,9
2022/2/19,[新聞] 拜登：普亭已決定攻擊烏克蘭 鎖定基輔為目標,87
2022/2/19,[新聞] 英特爾2奈米 拚後年量產,60
2022/2/19,[新聞] 那指陷死亡交叉 三大指數週線吞黑,17
2022/2/19,Re: [心得] 還真的賣了就噴==,35
2022/2/19,Re: [請益] 論風險分散0050+0051or0056好？,20
2022/2/19,Re: [心得] 還真的賣了就噴==,6
2022/2/19,[創作] 我只在乎妳,13
2022/2/19,[新聞] 蒙格：不介意融資持有阿里巴巴、加密貨,19
2022/2/19,[情報] 馬斯克透露09年他因為蒙格看衰特斯拉而,41
2022/2/19,[標的] coin.us 壓房子多,22
2022/2/19,[新聞] 快訊／普丁下令：開始接收進入俄的烏克蘭,88
2022/2/19,Re: [新聞] 長榮華航爆400人離職潮！科技業2倍薪,0
2022/2/19,[新聞] 多頭挹注 證交稅去年首破2000億年增逾8成,6
2022/2/19,Re: [情報] 2330台積電 本公司董事會通過買回公司股,7
2022/2/19,[請益] 賣太多put 要爆倉了怎麼辦？,-10
2022/2/19,Re: [心得] 我是傻空畢業了~~,27
2022/2/19,[情報] ROKU.US 財報,3
2022/2/18,[新聞] 國際資金近期流向中國股市基金,24
2022/2/18,[新聞] 市場對潛力科技股不理不睬 伍德：資金錯,40
2022/2/18,[請益] 3605 宏致 可轉換公司債,3
2022/2/18,[情報] RDFN.US Redfin財報展望,3
2022/2/18,[新聞] INTC.US 投資者會議無亮點 遭下調目標價,60
2022/2/18,Re: [心得] 我是傻空畢業了~~,57
2022/2/18,Re: [請益] 為什麼台股都不會跌,41
2022/2/18,Re: [心得] 我是傻空畢業了~~,100
2022/2/18,[情報] 111年02月18日信用交易統計,50
2022/2/18,[新聞] 俄羅斯明進行大規模核武演習 普丁將到場,100
2022/2/18,[新聞] 有錢人敢花！精品喊漲 它漲了25％,24
2022/2/18,[情報] 3257虹冠電 3141晶宏 110年 年報 股利,9
2022/2/18,[新聞] 仁寶殖利率優；今年非PC成長動能強,21
2022/2/18,Re: [心得] 還真的賣了就噴==,34
2022/2/18,Re: [標的] 2890.TW 永豐金 慢慢存股多,20
2022/2/18,[新聞] 長榮華航爆400人離職潮！科技業2倍薪挖,100
2022/2/18,[心得] 還真的賣了就噴==,54
2022/2/18,[標的] TW 2023 燁輝 2030 彰源 多,6
2022/2/18,[新聞] 最新貨櫃海運價格再跌 連5週下探,53
2022/2/18,[新聞] 台灣2021年IC產值4.08兆 佔全球26.2%,11
2022/2/18,Re: [新聞] 長榮包機日本7大城3/22-6/28自由行即起開,22
2022/2/18,[公告] 02/18 處置公告,4
2022/2/18,[新聞] 外資大買貨櫃三雄 共買進6.98萬張 謝金河,27
2022/2/18,[新聞] H2毛利率尚未明朗 外資不改保守看聯詠,6
2022/2/18,[情報] 0218八大公股銀行買賣超排行,63
2022/2/18,[情報] 百億規模基金持股01/31,25
2022/2/18,[標的] 2603長榮 150以下老天送的禮物？！,-10
2022/2/18,[情報] 0218 上市櫃外資投信同買排行,1
2022/2/18,[心得] 大概要熬到什麼時候？,71
2022/2/18,[情報] 2323中環處分長榮有價證券,44
2022/2/18,[心得] 做空標的選擇分享,29
2022/2/18,[情報] 0218 上市櫃外資投信買超金額排行,7
2022/2/18,[情報] SCFI 本週 -34.92 -0.7%,66
2022/2/18,[新聞] 長榮及長榮航 郭哲榮：差一個字差很大！,32
2022/2/18,[新聞] 「貨櫃三雄再不換掉就來不及了！」分析師,100
2022/2/18,[情報] 0218上市外資買賣超排行,83
2022/2/18,[情報] 8299群聯 民事解任董事之訴，判決駁回,15
2022/2/18,[新聞] 快訊／夏普會長戴正吳將卸任CEO,33
2022/2/18,[情報] 111年02月18日 櫃買法人買賣金額統計表,44
2022/2/18,[新聞] 2021年全球電動車電池市場成長翻倍達286.,15
2022/2/18,[情報] 111年02月18日 三大法人買賣金額統計表,53
2022/2/18,[情報] 0218上市投信買賣超排行,82
2022/2/18,[情報] 3675德微 111/1月自結 0.75,14
2022/2/18,[新聞] 為馴服通膨巨獸 FED需刻意製造崩盤,42
2022/2/18,[情報] 國巨針對員工確診COVID-19事宜說明,13
2022/2/18,[心得] 我是傻空畢業了~~,55
2022/2/18,[新聞] 長榮航太登錄興櫃 股價大漲82.53%,18
2022/2/18,[新聞] NVIDIA宣布終止對Arm收購,6
2022/2/18,[新聞] 蒙格：中美衝突極度愚蠢　應該互相喜歡,54
2022/2/18,[新聞] 美俄外長敲定下周會當面討論烏克蘭僵局,13
2022/2/18,[新聞] 貨輪失火全員棄船 滿載近4000輛保時捷、,52
2022/2/18,[閒聊] 2022/02/18 盤後閒聊,0
2022/2/18,Re: [標的] 2618.Tw 長榮航 實質解封股 率先受惠,7
2022/2/18,[新聞] 巴菲特聲稱，事前不知道微軟收購動視暴,57
2022/2/18,[新聞] 長榮航太登興櫃　法人看好營運隨旅遊復,7
2022/2/18,Re: [標的] 2618.Tw 長榮航 實質解封股 率先受惠,30
2022/2/18,[新聞] 陽明強化全球航網 搶賺高運價,13
2022/2/18,Re: [請益] 爆大量是要走嗎？,36
2022/2/18,[請益] 為什麼台股都不會跌,100
2022/2/18,[請益] 貨櫃辦理減資 就無敵了吧,68
2022/2/18,[新聞] 外資報告 大摩喊賣聯詠 目標價313元,85
2022/2/18,[新聞] 貨櫃三雄陽明今年有條件配發最高股利,75
2022/2/18,[新聞] IDC：印度智慧型手機2021年成長7%，聯發,3
2022/2/18,[新聞] 中華電大金雞 是方配息9.3元,52
2022/2/18,[心得] PLTR Palantir 2021財報整理,45
2022/2/18,[新聞]LINE群「飆股」喊穩賺不賠 他易經占卦相信,73
2022/2/18,[新聞] ABF載板需求強 欣興、景碩樂透,15
2022/2/18,[請益] 航空股現在空下去能財富自由嗎,68
2022/2/18,[標的] 2897王道銀.TW 伍佰多,59
2022/2/18,[新聞] 施振榮成NFT創作者新推手！推動台灣NFT,15
2022/2/18,[新聞] 滿載福斯貨輪失火仍漂流中,22
2022/2/18,[請益] 爆大量是要走嗎？,52
2022/2/18,Re: [標的] PLTR  Palantir  請益  討論,29
2022/2/18,[新聞] 中鋼開漲盤 向上拐點確立,19
2022/2/18,[新聞] 葡萄王小金雞葡眾 配息逾82元,24
2022/2/18,[新聞] 日航開第一槍 大砍台日519架次,25
2022/2/18,[閒聊] 2022/02/18 盤中閒聊,100
2022/2/18,[新聞] 布林肯在安理會闡述烏俄現況,13
2022/2/18,[新聞] 同樣3倍本益比航運格局更勝面板？謝金河曝3關鍵,4
2022/2/18,[請益] 若戰爭導致股價下跌是暫時性的,86
2022/2/18,[新聞] 美俄再爆衝突！美使館副館長遭俄羅斯驅逐,34
2022/2/18,Re: [新聞] 俄烏局勢一觸即發 美股重挫,14
2022/2/18,[新聞] 一口咬定烏俄開戰機率高 拜登:可能就在這,100
2022/2/18,Re: [標的] AMD NVDA 空頭再臨 討論,0
2022/2/18,Re: [新聞] 拜登：所有跡象顯示俄幾天內將攻烏,35
2022/2/18,[請益] 在券商開戶後營業員的指定/更換或換券商,5
2022/2/18,Re: [標的] 2618.Tw 長榮航 實質解封股 率先受惠,30
2022/2/18,"[新聞] 澤連斯基：""入侵""的恐慌謠言對烏克蘭不利",13
2022/2/18,Re: [標的] 2618.Tw 長榮航 實質解封股 率先受惠,1
2022/2/18,[新聞] 白俄羅斯揚言：若面臨西方威脅「境內將部,18
2022/2/18,[創作]印度麥可,5
2022/2/18,Re: [心得] 富采3714 當沖心得 附對帳單,32
2022/2/18,Re: [新聞] 拜登表示俄國幾天內將攻打烏克蘭,42
2022/2/17,[標的] 高林2906 -旅行箱RIMOWA,21
2022/2/17,[標的] 2618 2610 航空可以飛多高 會是第二個面板/二哥嗎?,54
2022/2/17,[新聞] 華邦電、旺宏 小摩按讚,20
2022/2/17,[新聞] 長榮及長榮航 郭哲榮：差一個字差很大！,68
2022/2/17,[新聞] 快訊／長榮運輸又出事！開進三重巷弄A到,82
2022/2/17,[新聞] 拜登：所有跡象顯示俄幾天內將攻烏,71
2022/2/17,[新聞] 華航受惠邊境開放 法人上調投資評等至買,26
2022/2/17,[新聞] 李洲處置期首日 股價攻漲停,3
2022/2/17,[標的] 2618.Tw 長榮航 實質解封股 率先受惠,100
2022/2/17,[新聞] 疫情+缺工》台積電美國新廠 延後3~6月完工,18
2022/2/17,[新聞] 蘇州疫情緊繃京隆科技暫停生產，隔離點環,7
2022/2/17,[標的] 3019.TW 亞光 空,7
2022/2/17,Re: [請益] 全新手研讀順序請益,3
2022/2/17,[標的] TW3624 光頡 紅包多多,12
2022/2/17,Re: [標的] 3034.TW 聯詠  8299.TWO 群聯  討論,3
2022/2/17,Re: [請益] 全新手研讀順序請益,3
2022/2/17,[情報] 111年02月17日信用交易統計,58
2022/2/17,[新聞] 31萬股民注意！00878 22日除息0.3元　年,29
2022/2/17,Re: [請益] 全新手研讀順序請益,18
2022/2/17,Re: [情報] 富旺處分華航普通股股票之公告,1
2022/2/17,[新聞] 史上最慘…國際旅客少99% 飯店業出現三大,21
2022/2/17,[標的] 2881 TW 富邦金 季前多,31
2022/2/17,[請益]  自稱券商營業員打來加LINE群,30
2022/2/17,[情報] 2545皇翔取得萬海股票,39
2022/2/17,[新聞] 證交所查設執行董事合法性　大同再掀人事新風暴,9
2022/2/17,[新聞] 〈精材法說〉去年每股賺6.92元 擬配3元現,17
2022/2/17,[新聞] 長榮包機日本7大城3/22-6/28自由行即起開,87
2022/2/17,Re: [請益] 人在國外操作台股?,5
2022/2/17,[請益] 如果舊幣換新幣，股票價值會改變嗎？,0
2022/2/17,[新聞] 花1萬5也能抱台積電！　30年股海老手：,0
2022/2/17,[情報] 0217八大公股銀行買賣超排行,36
2022/2/17,[新聞] 大摩：MLCC需求不再惡化 看好國巨,31
2022/2/17,[請益] 人在國外操作台股?,39
2022/2/17,[請益] 除息是騙散戶的金融手法嗎？,21
2022/2/17,[情報] 富旺處分華航普通股股票之公告,35
2022/2/17,Re: [情報] 8150南茂一月營收,14
2022/2/17,[情報] 0217 上市櫃外資投信同買排行,10
2022/2/17,[情報] 0217上市外資買賣超排行,90
2022/2/17,Re: [請益] 全新手研讀順序請益,0
2022/2/17,[情報] 0217 上市櫃外資投信買超金額排行,2
2022/2/17,[請益] 這時候適合進場嗎?,5
2022/2/17,[請益] 跟爸媽借了60萬買台積電 接下來怎麼做？,100
2022/2/17,[新聞] 同樣3倍本益比 老謝獨愛長榮陽明原因曝,40
2022/2/17,Re: [標的] 3034.TW 聯詠  8299.TWO 群聯  討論,8
2022/2/17,[標的] 3034.TW 聯詠  8299.TWO 群聯  討論,0
2022/2/17,Re: [請益] 全新手研讀順序請益,3
2022/2/17,Re: [請益] 全新手研讀順序請益,2
2022/2/17,Re: [請益] 全新手研讀順序請益,6
2022/2/17,Re: [請益] 全新手研讀順序請益,2
2022/2/17,[情報] 0217上市投信買賣超排行,67
2022/2/17,[請益] 全新手研讀順序請益,100
2022/2/17,[標的] 2481 強茂 電動車大利多,27
2022/2/17,[情報] 111年02月17日 櫃買法人買賣金額統計表,35
2022/2/17,Re: [新聞] 烏克蘭武裝部隊向4個盧甘斯克地區發射迫,38
2022/2/17,[新聞]中鋼3月盤價漲2.44％ 鋼市進入新一波漲勢,35
2022/2/17,[新聞] 長榮航太將上興櫃解封題材長榮航爆量漲停,37
2022/2/17,[情報] 111年02月17日 三大法人買賣金額統計表,100
2022/2/17,[新聞] 烏克蘭傳開火「亞股聞訊重挫」日股一度,27
2022/2/17,[新聞] AMD 市值凌駕英特爾史上首見,35
2022/2/17,[新聞] 全球首例!元太電子紙獲國際暗空協會認證,61
2022/2/17,[閒聊] 2022/02/17 盤後閒聊,48
2022/2/17,Re: [新聞] 烏克蘭武裝部隊向4個盧甘斯克地區發射迫,7
2022/2/17,[新聞] 陽明「錢景可期」！法人估全年可賺60元,52
2022/2/17,Re: [新聞] 烏克蘭武裝部隊向4個盧甘斯克地區發射迫,16
2022/2/17,[標的] 2603. TW長榮 戰爭空peko,0
2022/2/17,Re: [新聞] 烏克蘭武裝部隊向4個盧甘斯克地區發射迫,36
2022/2/17,[新聞] 芒格：中國是個投資的好地方 在中國投的,18
2022/2/17,[新聞] 烏克蘭武裝部隊向4個盧甘斯克地區發射迫,100
2022/2/17,[請益] 航空股算是景氣循環股嗎？,44
2022/2/17,Re: [新聞] 華航貨運訂單看至3月 Q2旺季運價有撐,11
2022/2/17,[標的] 6548.TW長科* 回檔多,14
2022/2/17,[新聞] 12員工涉假交易真放貸 中華電信台南營,49
2022/2/17,Re: [情報] 長榮鋼處分長榮航普通股股票之公告,0
2022/2/17,Re: [標的] 2408南亞科 多,6
2022/2/17,Re: [新聞] 華航貨運訂單看至3月 Q2旺季運價有撐,26
2022/2/17,[新聞] E-Axle改變電動車生產模式與設計，成為,6
2022/2/17,[新聞] Intel透露將對外授權x86架構,30
2022/2/17,[新聞] 台股登2萬 還需2兆新活水,42
2022/2/17,[新聞] 元宇宙概念股 搶鏡,14
2022/2/17,[閒聊] 2022/02/17 盤中閒聊,100
2022/2/17,[新聞] 技嘉今年營收拚增50%,35
2022/2/17,[新聞] 阿里股票 高瓴淡馬錫丟、橋水撿,0
2022/2/17,[新聞] FOMC:暫不升息 但最快三月,70
2022/2/17,[標的] AMD.US,13
2022/2/17,[請益] fomc 最快知道結果的方法,15
2022/2/17,"[新聞] 花旗重申INTC中性,Cowen調降AMD目標價",5
2022/2/17,[標的] US.FLGT 今年三倍多,4
2022/2/16,[新聞] 俄軍未撤？北約秘書長表示「仍在烏克蘭附,63
2022/2/16,[新聞] 做空機構「渾水公司」負責人遭FBI 調查,17
2022/2/16,[請益] AMD/Xilinx 換股問題,5
2022/2/16,[請益] 90的紅茶該怎麼操作？,100
2022/2/16,[新聞] 華航貨運訂單看至3月 Q2旺季運價有撐,59
2022/2/16,[新聞] Google將更新Android版的隱私權計畫,28
2022/2/16,[新聞] Gogoro證實 今年第1季有望到海外掛牌,32
2022/2/16,[請益] 外資連日買電信股 是不是有事要發生?,30
2022/2/16,[情報] 111年02月16日信用交易統計,42
2022/2/16,[新聞] Fed沒那麼鷹？大摩小摩：俄烏反創造買點,71
2022/2/16,[新聞] 台開再退票 合計達6張、金額2.46億元,26
2022/2/16,[新聞] 台康生技乳癌生物相似藥 美國FDA進行審查,11
2022/2/16,[新聞] 出於國安疑慮，印度再封殺 54 款中國 App,12
2022/2/16,[新聞] 《各報要聞》台積上季配息2.75元,34
2022/2/16,[新聞] 半導體人才就是供不應求，南韓企業相繼取消退休年齡制度,59
2022/2/16,[請益] 長老的操作勝率是接近百分百嗎,44
2022/2/16,Re: [請益] 零股成交價錢計算，我被系統a錢了?,39
2022/2/16,[請益] 隔日沖大戶進場後的操作,47
2022/2/16,[情報] 0216 量大分點齊買股,0
2022/2/16,[情報] 0216八大公股銀行買賣超排行,50
2022/2/16,[新聞] 俄烏局勢存變數 短期油價仍呈現震,10
2022/2/16,Re: [新聞] 俄羅斯宣布克里米亞軍演結束「部隊撤,35
2022/2/16,[請益] 如果下次股災沒有QE？,48
2022/2/16,Re: [請益] 零股成交價錢計算，我被系統a錢了?,62
2022/2/16,[情報] 0216 上市櫃外資投信同買排行,3
2022/2/16,[新聞] 英相曝俄在烏邊境「大建野戰醫院」 看衰,54
2022/2/16,[新聞] 外資重申ABF載板供不應求 估景碩今年將,34
2022/2/16,[情報] 0216 上市櫃外資投信買超金額排行,4
2022/2/16,[情報] 富旺 本公司處分元大台灣50正2 ETF基金相,26
2022/2/16,[新聞] 美國2022年電動自行車年銷量朝百萬輛邁進,12
2022/2/16,Re: [標的] 8299群聯 再次進場突破多,19
2022/2/16,[新聞] 台股可見2萬點？京城銀董座這麼說,31
2022/2/16,[新聞] 綠界承銷價暫定760元 抽到股票現賺43萬元,40
2022/2/16,[新聞] 美銀：經理人持股創十年低 科技股抄底時,19
2022/2/16,[新聞] 台積電JASM熊本廠初期資本支出86億 股權,12
2022/2/16,[請益] 台股會不會在2月就19000了?,83
2022/2/16,[新聞] 太空新創公司Quantum Space將提供月軌空,6
2022/2/16,[新聞] 俄羅斯宣布克里米亞軍演結束「部隊撤離,100
2022/2/16,[新聞] 俄烏不打了 油價慘殺！謝金河斷言「這產,13
2022/2/16,[情報] 0216上市外資買賣超排行,79
2022/2/16,[請益] 鉅額交易 配對交易,5
2022/2/16,[情報] 李洲自結110/11~12月，每股稅後1.18元,5
2022/2/16,[情報] 111年02月16日 櫃買法人買賣金額統計表,55
2022/2/16,[情報] 0216上市投信買賣超排行,66
2022/2/16,[情報] 111年02月16日 三大法人買賣金額統計表,82
2022/2/16,[情報] 富邦媒董事會通過110年度合併財務報告,27
2022/2/16,[新聞] 高端疫苗「一度亮燈漲停」！早盤漲逾5%,46
2022/2/16,[閒聊] 2022/02/16 盤後閒聊,40
2022/2/16,[請益] Fed 即將升息及縮表，投資上該如何選擇？,78
2022/2/16,[新聞] 投信連11買 14年來最狂熱,51
2022/2/16,[請益] 回購股票跟派發股利，對股東來說哪個好,30
2022/2/16,[標的] 6550.TW 北極星藥業-KY 莫來台技術多,4
2022/2/16,[新聞] 萬海1月營收創新高 本土法人目標價看426,99
2022/2/16,[新聞] 可摺疊iPhone長這樣？　最新概念圖曝光,100
2022/2/16,[心得] 當沖富采(3714) 操作&買賣 (附對帳單),66
2022/2/16,[情報] ABNB 第四季度財報,7
2022/2/16,[新聞] 再槓馬斯克！美對沖基金大老持續做空特,44
2022/2/16,Re: [新聞] 莫德納首度來台設公司！亞太第三國支援台,8
2022/2/16,[新聞] 【史上最大假扣押】 康友KY假帳害人慘賠,38
2022/2/16,[新聞] 力積電312億聯貸 連結ESG,41
2022/2/16,[新聞] 莫德納首度來台設公司！亞太第三國支援台,38
2022/2/16,[新聞] 日經：鴻海擬與Vedanta在印度合建晶片廠,25
2022/2/16,[新聞] 艾爾斯大擴產 再生晶圓3年內恐易跌難漲,19
2022/2/16,[新聞] 中油大林廠1員工確診恐擴大 緊急匡列全廠,24
2022/2/16,[新聞] Type-C接口將一統江湖 鈺創晶片訂單看到,44
2022/2/16,Re: [標的] 2330 台積電 全面做多,25
2022/2/16,[新聞] 宏遠估貨櫃三雄1月單月EPS6-7元　將長榮,49
2022/2/16,[閒聊] 2022/02/16 盤中閒聊,99
2022/2/16,[新聞] 拜登堅稱俄羅斯仍可能入侵烏克蘭 撤軍說,100
2022/2/16,[情報] UPST.us q4財報,30
2022/2/16,Re: [新聞] AOP仲裁官司 藥華藥判罰款48.07億元,21
2022/2/16,Re: [新聞] 普丁與蕭茲的偕同聲明:北溪2 北約 頓巴斯,3
2022/2/16,[新聞] 藥華藥仲裁案 免賠48億,37
2022/2/16,[新聞] 史上頭一遭 台積電開缺要找政治學博士,19
2022/2/16,[新聞] 普丁與蕭茲的偕同聲明:北溪2 北約 頓巴斯,48
2022/2/16,[情報] 莫得納CEO刪除推特拋售公司股票達4億美元,25
2022/2/16,[新聞] 華立1月營收站上70億元大關 創歷史新高,7
2022/2/16,[新聞] 蕭茲告訴普丁他對於烏克蘭邊境局勢的擔憂,11
2022/2/16,Re: [請益] 長榮航空 是否為下一個長榮？,19
2022/2/16,[情報] 0215 處置股票與注意股票統計分析,1
2022/2/16,Re: [情報] 2330台積電 本公司董事會通過買回公司股,12
2022/2/15,Re: [請益] 該不該聽教主的話去買amd?,26
2022/2/15,[新聞] 忘卻寒冬言論 大摩搶買記憶體 旺宏、群聯,30
2022/2/15,[新聞] 環說會延後、環團總動員   台積電高雄廠,28
2022/2/15,Re: [新聞] 法國公布國家新核戰略 融資600億建六座新,6
2022/2/15,[新聞] 台積電要買1387張庫藏股 因應發行員工權,21
2022/2/15,"[新聞] 外資賣超162億 這3檔合計遭倒貨82,302張",2
2022/2/15,Re: [新聞] 法國公布國家新核戰略 融資600億建六座新,24
2022/2/15,[情報] 普丁跟蕭茲記者會直播,89
2022/2/15,[新聞] 台積電員工分紅逾712億創新高 平均每人領,7
2022/2/15,[新聞] WD宣佈即日漲價 群聯：會跟進/盡力滿足,15
2022/2/15,[情報] 漢磊董事會決議現增發行新股220萬股，每股暫訂90元,42
2022/2/15,[新聞] 美元月PPI年增9.7% Fed加速升息壓力更重,29
2022/2/15,[新聞] 政院報告亞泥案查無不法 學者專家發聯合,13
2022/2/15,[標的] 8069.TW 元太 悲空,38
2022/2/15,[情報] 111年02月15日信用交易統計,31
2022/2/15,[創作] 台股猜燈謎,17
2022/2/15,[情報] 2330台積電 本公司董事會通過買回公司股,99
2022/2/15,[請益] 長榮航空 是否為下一個長榮？,54
2022/2/15,[新聞] 用戶、收入嚴重滑落！滴滴被爆全公司大裁,12
2022/2/15,[新聞] 不敵生產成本攀升 路易威登16日起漲價,5
2022/2/15,[情報] 2330台積電 民國110年度合併財務報告,22
2022/2/15,[新聞] 冬海集團遭印度狙擊 市值蒸發逾4千億、,5
2022/2/15,[新聞] 台積電熊本廠將新增製程與產能 Denso取得,38
2022/2/15,[新聞] 俄烏對峙害慘台股?操盤手：這件事更要命,22
2022/2/15,[新聞] 玉山金去年獲利創新高 市場估每股配1.3元,28
2022/2/15,"Re: [新聞] ""總是要談的"" 普丁已準備與烏克蘭進行談判",17
2022/2/15,[情報] 0215 上市櫃外資投信同買排行,3
2022/2/15,[新聞] 晶片荒何時解？光陽：至少今年年中之後,14
2022/2/15,[請益] 有人怕戰爭今天狂賣股的嗎？,100
2022/2/15,[情報] 0215 上市櫃外資投信買超金額排行,5
2022/2/15,[新聞] 高端WHO團結試驗臨床，最快3月底期中解盲,46
2022/2/15,[新聞] 俄國部分軍隊撤兵烏克蘭邊境,100
2022/2/15,[情報] 0215八大公股銀行買賣超排行,35
2022/2/15,[新聞] 紙業大廠榮成二林廠竄無名火！燃燒面積-,63
2022/2/15,[情報] TSEM.US 盤前+55%,38
2022/2/15,[標的] 今天大盤在跌什麼？,30
2022/2/15,[情報]  3189 景碩 2021 EPS 8.56,6
2022/2/15,[情報] 3707漢磊 2021EPS 0.73,54
2022/2/15,[情報] 2323中環 取得有價證券,47
2022/2/15,"[新聞] ""總是要談的"" 普丁已準備與烏克蘭進行談判",41
2022/2/15,[新聞] 賣給亞馬遜、Nike？派樂騰新CEO潑冷水,9
2022/2/15,[心得] 大家可以回家啦,100
2022/2/15,[新聞] 陳泰銘 1月增持國巨股票175張,27
2022/2/15,[新聞] 國內最大商用飛機維修商長榮航太2/18每股,10
2022/2/15,[新聞] 台積電史上首度徵政治學博士人才　已逾70,71
2022/2/15,[情報] 0215上市外資買賣超排行,76
2022/2/15,Re: [新聞] 美國確定關閉烏克蘭大使館,14
2022/2/15,[新聞] 俄烏若開火 國際油價估突破100美元,23
2022/2/15,[情報] 111年02月15日 櫃買法人買賣金額統計表,52
2022/2/15,[情報] 0215上市投信買賣超排行,75
2022/2/15,Re: [心得] 2462 良得電,14
2022/2/15,[情報] 111年02月15日 三大法人買賣金額統計表,100
2022/2/15,[情報] 6104創惟自結12月EPS 0.96,40
2022/2/15,[心得] 友達 一買就跌...,30
2022/2/15,[心得] 2462 良得電,18
2022/2/15,Re: [新聞] 美國確定關閉烏克蘭大使館,44
2022/2/15,[閒聊] 2022/02/15 盤後閒聊,20
2022/2/15,[新聞] 華航貨機降芝加哥擦撞貨櫃嚴重,19
2022/2/15,"[新聞] 六大壽險 元月淨值蒸發2,800億",6
2022/2/15,[新聞] 俄羅斯16日攻入烏克蘭？普丁給答案：願繼續與美國會談,27
2022/2/15,Re: [標的] 2062.TW 橋椿2021/Q4毛利率上升,4
2022/2/15,[新聞] 全球股市震盪 法人：進場勝率8成,37
2022/2/15,[標的] 1712興農在噴什麼?,99
2022/2/15,[新聞] 法國公布國家新核戰略 融資600億建六座新,100
2022/2/15,[標的] 2330 台積電 全面做多,58
2022/2/15,[新聞] 聯電挫勒但！台積這動作拉客引網友熱議,18
2022/2/15,[新聞] 美國確定關閉烏克蘭大使館,100
2022/2/15,[新聞] 傳英特爾砸60億美元 收購以色列晶片業者,29
2022/2/15,[新聞] 貨櫃三雄撐盤　法人：航運類股獲利可期,14
2022/2/15,[請益] 台康生技 1月營收,5
2022/2/15,[公告] 02/15 處置公告,20
2022/2/15,Re: [新聞] 俄羅斯2月16日攻烏？ 普亭親滅火：願意繼,38
2022/2/15,[閒聊] 2022/02/15盤中閒聊,99
2022/2/15,[新聞] 巴菲特神算！波克夏Q4買進動視暴雪,71
2022/2/15,[情報] 劍麟1月合併營收3.7億元 年增5.69%,4
2022/2/15,[新聞] 俄羅斯2月16日攻烏？ 普亭親滅火：願意繼,100
2022/2/15,[新聞] 時機神準！微軟收購前 巴菲特買進動視暴,44
2022/2/15,Re: [請益] 發現新的選股方式 這樣做真的可行嗎？,2
2022/2/15,[新聞] 高盛：若俄國出兵 這次股市將摔得比2014,32
2022/2/15,[新聞] 俄烏戰火一觸即發 烏克蘭權貴富商包機逃,33
2022/2/15,[新聞] 國際原油期大漲 週一二檔原油期ETF,9
2022/2/14,[標的] 6182.TW 合晶 空,15
2022/2/14,[新聞] 晶片2023產能過剩？傳台積電將「開大絕」,100
2022/2/14,[新聞] 春節商機旺 統一超元月營收創同期新高,2
2022/2/14,[新聞] 俄外長建議續循外交途徑解決紛爭 俄羅斯,40
2022/2/14,[新聞] 高端疫苗巴拉圭三期解盲達標獲EUA,100
2022/2/14,Re: [標的] 聯電到底是在跌什麼?,23
2022/2/14,Re: [標的] 聯電到底是在跌什麼?,5
2022/2/14,[標的] 聯電到底是在跌什麼?,99
2022/2/14,[新聞] 抵抗外資賣壓 官股情人節撒60億元鎖定權,19
2022/2/14,[情報] 0214 處置股票與注意股票統計分析,1
2022/2/14,[請益] 發現新的選股方式 這樣做真的可行嗎？,15
2022/2/14,[新聞] 華航1月合併營收142.55億元 年增57.86%,16
2022/2/14,[新聞] 大聯大111年1月份自結合併營收,12
2022/2/14,[情報] 111年02月14日信用交易統計,19
2022/2/14,[新聞] 鴻海電動車 3月上路,32
2022/2/14,[標的] 2834 臺企銀.TW 多,100
2022/2/14,[新聞] 俄烏情勢台股重跌313點 摜破萬八失守月線,16
2022/2/14,[新聞] 電信三雄1月財報出爐 中華電EPS續稱王,21
2022/2/14,[情報] 0214 上市櫃外資投信同買排行,5
2022/2/14,[新聞] 聯詠去年每股大賺6股本　4外資看好、目標,32
2022/2/14,[情報] 111年【1月份金控股】EPS排名(全已公布),100
2022/2/14,[情報] 0214 上市櫃外資投信買超金額排行,3
2022/2/14,[情報]航空股王  虎航(67570) 1月營收,8
2022/2/14,Re: [標的] 3551.tw 世禾 長期投資,8
2022/2/14,[情報] 0214 量大分點齊買超,2
2022/2/14,[新聞] 快訊／強茂擬每股80.8元收購「虹冠電」30%,38
2022/2/14,[情報] 2323中環 取得/處分有價證券,9
2022/2/14,[情報] 0214八大公股銀行買賣超排行,45
2022/2/14,[請益] 定存股如果股價飆上去要怎麼操作會比較好,23
2022/2/14,[請益] 面板股是不是真沒救了QQ永遠只能是三喵？,43
2022/2/14,[新聞] 強茂開併購第二槍 晚間將召開重訊記者會,23
2022/2/14,[情報] 2882國泰金 1月自結,26
2022/2/14,Re: [標的] 央行升息美國升息縮表大家股市依舊多？,5
2022/2/14,[情報] 6592.TW 和潤企業 一月合併營收,9
2022/2/14,[情報] 9904.tw 寶成1月營收,18
2022/2/14,[情報] 3048益登 1月營收,4
2022/2/14,[情報] 生達、永記、美吾華 1月營收,3
2022/2/14,[情報] 111年02月14日 櫃買法人買賣金額統計表,21
2022/2/14,[新聞] 烏克蘭大使：未放棄入北約 想跟英美簽,79
2022/2/14,[情報] 2881富邦金 1月自結,93
2022/2/14,Re: [請益] 券商辦的交易活動會讓你想要下單嗎？,3
2022/2/14,[情報] 0214上市外資買賣超排行,60
2022/2/14,[新聞] 台積電中科擴廠有譜！二期將擴建土地,19
2022/2/14,[標的]  5434 崇越 多,14
2022/2/14,[情報] 富邦媒 8454.tw 一月合併營收 momo,5
2022/2/14,[情報] 華航(2610) 1月營收年增月減,44
2022/2/14,[請益] 券商辦的交易活動會讓你想要下單嗎？,24
2022/2/14,[情報] 2002中鋼1月營收,11
2022/2/14,[情報] 3661 世芯-KY 12月自結,3
2022/2/14,[情報] 2451.tw 創見 一月營收,19
2022/2/14,[情報] 台塑、南亞、台化、台塑化 2022/01自結,10
2022/2/14,[情報] 5351 鈺創111年度1月營收,17
2022/2/14,[請益] 有沒有開課仔資歷的八卦？,49
2022/2/14,[新聞] 大陸房地產午後港股跌幅擴大　融創遭降,11
2022/2/14,[情報] 4915 致伸 2021EPS 5.13,30
2022/2/14,[創作] 韭菜(趙傳-小孩),1
2022/2/14,[情報] 0214上市投信買賣超排行,55
2022/2/14,[標的] TSLA 俄烏關係緊張回頭載客多,19
2022/2/14,[情報] 111年02月14日 三大法人買賣金額統計表,100
2022/2/14,[情報] 3545敦泰 1月營收,51
2022/2/14,[心得] 台股偏小跌不用憂慮,26
2022/2/14,[新聞] 俄烏萬一開戰 Fed恐由鷹轉鴿,40
2022/2/14,[情報] 2324仁寶 1月營收,43
2022/2/14,[情報] 台塑2022年1月合併營業額,6
2022/2/14,[情報] 8081致新 2021EPS 25.45,20
2022/2/14,[閒聊] 2022/02/14 盤後閒聊,19
2022/2/14,[標的] 00878 今天的成交量,27
2022/2/14,[新聞] 俄烏緊繃台股大跌 國安基金：表現尚穩健,44
2022/2/14,Re: [新聞] 俄羅斯央行升息4碼 以打擊通膨,18
2022/2/14,[新聞] 聯電和艦1員工疑染疫　生產逐步暫停,32
2022/2/14,Re: [新聞] 友達彭双浪：今年整體持穩或小幅成長,27
2022/2/14,[新聞] 開發金元月賺33億 年增64％,51
2022/2/14,[情報] 1409.tw 新纖一月營收,29
2022/2/14,[新聞] 野村：半導體設備銷售今年續強,25
2022/2/14,Re: [新聞] 友達彭双浪：今年整體持穩或小幅成長,9
2022/2/14,[情報]  2303 聯電:蘇州廠有一名員工疑似染疫,39
2022/2/14,[新聞] 烏俄危機／亞股全倒 日股大跌2%、港股跌逾,61
2022/2/14,[新聞] 交易員1動作害公司虧2.4億「3天全部還清,19
2022/2/14,[閒聊] 2022/02/14 盤中閒聊,100
2022/2/14,[心得] 職業投資人不該有的問題,-10
2022/2/14,[心得] 俄烏風雲-各懷鬼胎,100
2022/2/13,Re: [請益] 今年公司的月營收要如何讀取,5
2022/2/13,[請益] 今年公司的月營收要如何讀取,28
2022/2/13,[新聞] 俄烏危機 半導體原料恐斷鏈,69
2022/2/13,[新聞]當沖虧近300萬竟遭券商索賠逾650萬股民怨：明明說好不收違約,54
2022/2/13,Re: [新聞] 友達彭双浪：今年整體持穩或小幅成長,4
2022/2/13,[新聞] 晶片荒未緩解？　外媒：交貨期拉長至99週,18
2022/2/13,[新聞] 大陸智慧機需求遜 大摩喊賣宏捷科,17
2022/2/13,[新聞] 輝瑞料今年疫苗及藥物銷售額達540億美元,2
2022/2/13,[新聞] 友達彭双浪：今年整體持穩或小幅成長,21
2022/2/13,[新聞] 承諾不漲價? 雞肉大廠卜蜂:沒這樣說過,67
2022/2/13,[請益] 要你先匯錢加入會員再告訴你股票是詐騙嗎,24
2022/2/13,Re: [標的] 3714 富采 翻倍暴賺多,44
2022/2/13,Re: [請益] 有人上禮拜重倉現在發抖的嗎？,42
2022/2/13,[新聞] 大客戶需求旺 同欣電今年車用CIS預計擴產3成 產能全被預訂一,2
2022/2/13,Re: [請益] 有人上禮拜重倉現在發抖的嗎？,11
2022/2/13,Re: [請益] 有人上禮拜重倉現在發抖的嗎？,17
2022/2/13,[新聞] 國安基金緊盯俄烏! 阮清華：隨時因應,45
2022/2/13,Re: [心得] 抱了一年的創惟,67
2022/2/13,Re: [請益] 有人上禮拜重倉現在發抖的嗎？,77
2022/2/13,[新聞] 基本面佳、籌碼乾淨 法人看好台股走勢,26
2022/2/13,[新聞] 新iPhone大改變　大立光有望重返股王榮耀,36
2022/2/13,[新聞] 俄烏戰火一觸即發 謝金河：油價飆漲 油氣不同步 顯然有伏筆,0
2022/2/13,[標的] 3714 富采 翻倍暴賺多,48
2022/2/13,Re: [請益] 該買TIP 通脹債券指數嗎？,0
2022/2/13,[請益] 禮拜日台股不開盤有辦法從以色列股市避,31
2022/2/13,Re: [請益] 有人上禮拜重倉現在發抖的嗎？,3
2022/2/13,[請益] 鴻海2317近年現金流出了甚麼問題？,21
2022/2/13,Re: [請益] 有人上禮拜重倉現在發抖的嗎？,3
2022/2/13,[請益] 這種漲跌分佈圖的名稱叫什麼？,13
2022/2/13,Re: [請益] 有人上禮拜重倉現在發抖的嗎？,0
2022/2/13,Re: [請益] 有人上禮拜重倉現在發抖的嗎？,0
2022/2/13,Re: [請益] 有人上禮拜重倉現在發抖的嗎？,1
2022/2/13,[請益] 該買TIP 通脹債券指數嗎？,4
2022/2/13,[新聞] 高雄半導體封測大廠員工確診 日月光：不,28
2022/2/13,[情報] 02/14 ~ 02/18 美股財報行事曆,13
2022/2/13,[新聞] 美股2天慘跌千點 台股本週回測壓力大,59
2022/2/13,[新聞] 吃高速傳輸大單 概念股旺到年底,26
2022/2/13,[新聞] 烏俄戰爭一觸即發 金管會緊盯金融業曝險,20
2022/2/13,[公告] 02/13 處置公告,9
2022/2/13,[心得] 看到股板風向，心安了！,50
2022/2/13,[新聞] 美情資指俄16日攻烏克蘭 拜登、普亭緊急,21
2022/2/13,Re: [新聞] 外交部籲僑胞撤離烏克蘭 當地台灣人：沒,13
2022/2/13,Re: [新聞] 俄烏局勢一觸即發 美股重挫,41
2022/2/13,Re: [請益] 該不該聽教主的話去買amd?,20
2022/2/13,[新聞] 無懼美股大跌　台股虎年首周大漲636點收,25
2022/2/13,[新聞] 俄烏黑天鵝 國安基金繃緊神經,0
2022/2/13,Re: [新聞] 俄烏局勢一觸即發 美股重挫,21
2022/2/13,Re: [新聞] 外交部籲僑胞撤離烏克蘭 當地台灣人：沒,4
2022/2/13,Re: [新聞] 俄烏局勢一觸即發 美股重挫,20
2022/2/13,Re: [標的] 3551.tw 世禾 長期投資,17
2022/2/13,[新聞] 外交部籲僑胞撤離烏克蘭 當地台灣人：沒,52
2022/2/12,[標的] NIO-US 充電技術-無線充電,13
2022/2/12,[標的] 3035智原 多，但小心進場,18
2022/2/12,Re: [新聞] 俄烏局勢一觸即發 美股重挫,1
2022/2/12,[請益] 該不該聽教主的話去買amd?,33
2022/2/12,[請益] 打仗跟美股暴跌有什麼關係？,8
2022/2/12,Re: [新聞] 俄烏局勢一觸即發 美股重挫,39
2022/2/12,Re: [請益] 為什麼戰爭股價會跌?,14
2022/2/12,[新聞] 逾200億 離岸風電聯貸大案登場,20
2022/2/12,[新聞] 快訊／被動元件大廠「聚鼎」爆1員工確診,18
2022/2/12,Re: [新聞] 俄烏局勢一觸即發 美股重挫,0
2022/2/12,[新聞] 俄羅斯央行升息4碼 以打擊通膨,14
2022/2/12,[新聞]索羅斯去年底狂售大型科技股 繼續敲進台積,23
2022/2/12,[新聞] 亞泥新城山可續採礦 經部：推部落自主與,40
2022/2/12,Re: [新聞] 俄烏局勢一觸即發 美股重挫,8
2022/2/12,Re: [新聞] 俄烏局勢一觸即發 美股重挫,19
2022/2/12,Re: [標的] 3551.tw 世禾 長期投資,26
2022/2/12,[請益] 哪一些公司董事長是不會唬爛？,98
2022/2/12,Re: [請益] 為什麼戰爭股價會跌?,35
2022/2/12,Re: [新聞] 俄烏局勢一觸即發 美股重挫,18
2022/2/12,[請益] 股票借出閉鎖期,3
2022/2/12,Re: [新聞] 俄烏局勢一觸即發 美股重挫,51
2022/2/12,Re: [請益] 總資產5%>一年支出才能專職交易？,6
2022/2/12,[新聞] 俄媒：俄羅斯外交人員開始撤離烏克蘭,21
2022/2/12,Re: [新聞] 俄烏局勢一觸即發 美股重挫,12
2022/2/12,[新聞] 陸狂進口這東西 老謝:大陸更需要台灣,18
2022/2/12,Re: [請益] 總資產5%>一年支出才能專職交易？,13
2022/2/12,Re: [新聞] 俄烏局勢一觸即發 美股重挫,37
2022/2/12,[新聞] 原料行情飆 中鋼3月盤看漲,39
2022/2/12,[新聞] 俄國攻烏克蘭日期已定？ 德媒：美方情資,68
2022/2/12,Re: [請益] 去年股票賠了30% 不知道今年怎麼操作！,8
2022/2/12,Re: [請益] 總資產5%>一年支出才能專職交易？,2
2022/2/12,Re: [新聞] 俄烏局勢一觸即發 美股重挫,47
2022/2/12,[請益] 總資產5%>一年支出才能專職交易？,42
2022/2/12,[標的] 3596.TW 智易 空,28
2022/2/12,Re: [請益] 為什麼戰爭股價會跌?,18
2022/2/12,[新聞] 快訊／高雄確診5姊妹 么妹是日月光主管,30
2022/2/12,Re: [請益] 為什麼戰爭股價會跌?,18
2022/2/12,[新聞] ASML：陸廠偷技術，還賣侵權設備,67
2022/2/12,Re: [請益] 為什麼戰爭股價會跌?,2
2022/2/12,Re: [請益] 為什麼戰爭股價會跌?,3
2022/2/12,Re: [請益] 為什麼戰爭股價會跌?,2
2022/2/12,Re: [新聞] 俄烏局勢一觸即發 美股重挫,19
2022/2/12,[新聞] 長榮營收報喜股價反跌近0.4% 亞系、美,20
2022/2/12,[請益] 為什麼戰爭股價會跌?,55
2022/2/12,[請益] 鈷、鎳價上漲對康普、美琪瑪的影響?,6
2022/2/12,Re: [新聞] 俄烏局勢一觸即發 美股重挫,42
2022/2/12,[新聞] 長榮、萬海營收大爆炸 陽明出爐...網震,11
2022/2/12,[新聞] 薪資上看50K！日月光、國巨等37家科技廠,11
2022/2/12,[新聞] 俄烏局勢一觸即發 美股重挫,49
2022/2/12,[新聞] 俄烏開打原物料受惠 4檔搶發戰爭財,34
2022/2/12,[新聞] 郭台銘解質25.7萬張鴻海股票　永齡回應,35
2022/2/12,[新聞] 白宮警告晶片業備戰 防俄羅斯斷料,26
2022/2/12,[公告] 02/12 處置公告,1
2022/2/12,[新聞] 五個理由 通膨恐慌打趴美股時可低接,4
2022/2/12,[新聞] 拜登、普丁周六將就俄烏局勢通話 美促公民48小時內離開烏克,60
2022/2/12,Re: [標的] Nasdaq: AMD,41
2022/2/12,Re: [情報] 歐盟調查mRNA疫苗是否造成月經不規律,10
2022/2/12,[新聞] 俄烏危機新聞整理 1/28-2/12,98
2022/2/12,[標的] AMD.US 多頭再起 討論,34
2022/2/12,Re: [情報] 歐盟調查mRNA疫苗是否造成月經不規律,9
2022/2/12,[新聞] 外商護台灣｜8大強國搶投資，新護國神山,10
2022/2/12,[標的] AMD NVDA 空頭再臨 討論,51
2022/2/12,[新聞] 加LINE投資台股690萬秒吸光高雄男揭遭詐,91
2022/2/12,[新聞] 幣安投資《富比士》雜誌 2 億美元，助其,3
2022/2/12,[新聞] 聯詠去年營運 破三項紀錄,2
2022/2/12,Re: [情報] 歐盟調查mRNA疫苗是否造成月經不規律,8
2022/2/12,Re: [標的] 1515.TW 力山 派樂騰反彈多←反指標,11
2022/2/11,[新聞] 聯發科一月營收435億 首季展望正成長,3
2022/2/11,[新聞]睽違14年！友達在后里擴建新線 資本支出破,49
2022/2/11,[新聞] 廣州最大民企雪松控股宣布理財產品違約,1
2022/2/11,[新聞] 八方雲集1月營收5.46億元 單月新高,60
2022/2/11,[新聞] 台積電慘殺 真兇是誰？專家抖內幕:小心美,7
2022/2/11,[情報] 聯詠 2021 全年EPS63.87,44
2022/2/11,[情報] 歐盟調查mRNA疫苗是否造成月經不規律,100
2022/2/11,Re: [標的] 6161 捷波 IPC應用復甦多,6
2022/2/11,[新聞] 今年來台股日均值低於3千億元 比去年少1,34
2022/2/11,[情報]  3714 富采 1月營收,20
2022/2/11,[標的] 2618長榮航-出國多,28
2022/2/11,[情報] 111年02月11日信用交易統計,21
2022/2/11,[情報] Z.US Zillow 財報,9
2022/2/11,Re: [標的] 美股 SENS 短多長多,23
2022/2/11,[新聞] 長榮航元月營收106.55億元 為疫情以來第,16
2022/2/11,[新聞] 填息率百分百 中信關鍵半導體ETF、小資,13
2022/2/11,[新聞] 日本央行預告下週一出手無限量購債 遏制,86
2022/2/11,[新聞] 亞泥案4建議 擬升級法律護原保地,5
2022/2/11,[請益] 飼料廠類股消息,18
2022/2/11,[新聞] 萬海1月營收325.1億 改寫歷史新高,32
2022/2/11,[新聞] 華邦電 2021 年每股 EPS 達 3.42 元，202,5
2022/2/11,Re: [請益] 去年股票賠了30% 不知道今年怎麼操作！,5
2022/2/11,Re: [情報] 2618長榮航 1月營收,23
2022/2/11,[新聞] 陽明營收連續20個月創新高　估本月下旬貨,40
2022/2/11,[新聞] 殖利率5％起跳！這4檔「高股息ETF」填息,13
2022/2/11,[情報] 3537堡達一月營收,6
2022/2/11,Re: [情報] 2618長榮航 1月營收,40
2022/2/11,[情報] 4739TW.康普 一月營收,8
2022/2/11,[情報] 聯華食、零壹、宏全 1月營收,9
2022/2/11,[新聞] 群創全年大賺575億 EPS5.53元,33
2022/2/11,[新聞] 晶華推專案攻情人節商機；看好電商平台挹注動能,8
2022/2/11,[情報] 5880合庫金一月自結,46
2022/2/11,[情報] 0211八大公股銀行買賣超排行,27
2022/2/11,Re: [請益] 去年股票賠了30% 不知道今年怎麼操作！,16
2022/2/11,[情報] 2891中信金 1月自結,45
2022/2/11,Re: [情報] Fed emergency meeting Feb 14,11
2022/2/11,[情報] 2812 台中銀 一月自結,17
2022/2/11,[情報] 0211 量大分點齊買,2
2022/2/11,[情報] 2618長榮航 1月營收,77
2022/2/11,[情報] 3481 群創 一月營收,25
2022/2/11,[情報] 華南金(2880) 1月自結,18
2022/2/11,[情報] 0211 上市櫃外資投信同買排行,6
2022/2/11,[情報] 2887台新金 1月自結,60
2022/2/11,[情報]  2897 王道銀行 1月自結,2
2022/2/11,[情報] 9945 潤泰新1月營收,1
2022/2/11,[情報] 2497 怡利電  1月營收,16
2022/2/11,[情報] 2609陽明 1月營收,100
2022/2/11,[情報] 2886 兆豐金 1月自結,51
2022/2/11,[情報] 2615萬海 1月營收,100
2022/2/11,[情報] 0211 上市櫃外資投信買超金額排行,0
2022/2/11,[情報] 2892 第一金 1月自結,10
2022/2/11,[情報] 6005群益證 1月營收,25
2022/2/11,[情報] 2888 新光金 1月自結,33
2022/2/11,[情報] 8112.TW 至上1月營收,16
2022/2/11,[情報] 2454聯發科 1月營收,38
2022/2/11,[新聞] 洛克希德馬丁公司將為NASA取回火星樣本,15
2022/2/11,[情報] 聯詠 2022年1月合併營收123.17億元 年增5,29
2022/2/11,[情報] 興農、正隆、聯強、敦陽科 1月營收,20
2022/2/11,[請益] 不懂技術分析，勝率就是50%？,15
2022/2/11,[情報] 開發金(2883) 1月自結 EPS 0.20,52
2022/2/11,[情報] 3028.TW 增你強 1月營收,15
2022/2/11,[情報] 3051 力特 1月營收,36
2022/2/11,[情報] 0211上市外資買賣超排行,54
2022/2/11,[請益] 去年股票賠了30% 不知道今年怎麼操作！,100
2022/2/11,[新聞]〈世界法說〉Q1營收季增上看6.7%再創高,23
2022/2/11,[新聞]宏達電1月營收3.59億元 續寫同期新低,62
2022/2/11,[新聞] 貨櫃運價再傳漲聲，傳長榮、陽明3月起加,48
2022/2/11,[情報] 2890永豐金 1月自結,48
2022/2/11,[情報] 亞泥1102  1月營收,15
2022/2/11,[情報] 4934太極 1月營收,6
2022/2/11,[新聞] 市場押注3月升2碼機率近乎百分百,32
2022/2/11,[情報] Fed emergency meeting Feb 14,89
2022/2/11,[新聞]起風了？除了航運 老謝點名2檔金融股,26
2022/2/11,Re: [請益] 韭菜發問,5
2022/2/11,[情報] 111年02月11日 櫃買法人買賣金額統計表,48
2022/2/11,[情報] 111年02月11日 三大法人買賣金額統計表,54
2022/2/11,[請益] 各位大大會買官股嗎,11
2022/2/11,Re: [閒聊] 歐盟想要台積電的5奈米以下的製程去歐洲,36
2022/2/11,[情報] 2498宏達電 1月營收,100
2022/2/11,[情報] 0211 SCFI指數 4980.93 ↓(-29.43)0.59%,43
2022/2/11,[情報] 0211上市投信買賣超排行,38
2022/2/11,[閒聊] 歐盟想要台積電的5奈米以下的製程去歐洲,98
2022/2/11,Re: [請益] 要拉大盤指數的用意,6
2022/2/11,Re: [標的] TW2497 怡利電 噴爆的多,16
2022/2/11,Re: [請益] 台積開高空操作手法,11
2022/2/11,[請益] 要拉大盤指數的用意,45
2022/2/11,[請益] 資減資增哪個才對股東好？,18
2022/2/11,[閒聊] 2022/02/11 盤後閒聊,0
2022/2/11,[請益] 2883換2834,48
2022/2/11,[新聞] 1月營收續創高 力積電股價仍疲,36
2022/2/11,[新聞] 美澳分行表現佳 臺企銀海外獲利比 逾4成,11
2022/2/11,[新聞] 兆豐金前董座蔡友才接受客戶招待 遭起訴,9
2022/2/11,[新聞] 中國量化對沖基金經歷數年高增長後遇挫,5
2022/2/11,[請益] 台股迴避能力為何很強?,93
2022/2/11,[標的] 1909.TW 榮成 空到地心,18
2022/2/11,[新聞] IDC：2025年全球晶圓製造業總體市場成長1,15
2022/2/11,[新聞] 快訊／康友KY黃文烈炒股掏空7.6億躲國外,100
2022/2/11,[請益] 韭菜發問,0
2022/2/11,Re: [標的] 1519.TW 華城 無理多,12
2022/2/11,[新聞] PE報價反彈 台聚集團吃補,6
2022/2/11,[新聞] 福邦證1月營收1.52億元年增152.45% 1—1月達1.52億元,6
2022/2/11,[標的] 1519.TW 華城 無理多,2
2022/2/11,[標的] 6206飛捷,1
2022/2/11,[新聞] 日商喊漲矽晶圓 環球晶台勝科合晶再旺3年,20
2022/2/11,[情報] 2409友達 2021 EPS 6.44,84
2022/2/11,[情報] 2449京元電 2022年1月合併營收30.89億,4
2022/2/11,[標的] 8440 綠電 面臨處置,4
2022/2/11,Re: [新聞] 聯準會Bullard支持超級大量升息，7月1日前升4碼,48
2022/2/11,[閒聊] 2022/02/11盤中閒聊,100
2022/2/11,[新聞] 台泥是台股首批掛牌上市公司 代號1101 (,13
2022/2/11,[標的] 道瓊大盤四海遊龍後...（討論）,42
2022/2/11,Re: [請益] 潤泰家族是存股好標的嗎？,46
2022/2/11,[情報] 0210 處置股票與注意股票統計分析,8
2022/2/11,[新聞] 主力自拉自唱 專家曝7檔比宏達電更兇險,0
2022/2/11,Re: [請益] 開市後長老拼命買50反1 到底?,0
2022/2/11,Re: [標的]  3303 岱稜 dead money多,0
2022/2/10,[新聞] AMD：已獲必要批准 估2月14日完成收購案,28
2022/2/10,[新聞] 鴻海董座劉揚偉：今年再推2款電動車,17
2022/2/10,[新聞] 立陶宛：去年12月就停止食品出口中國,16
2022/2/10,[請益] 高殖利率股選擇,100
2022/2/10,[新聞] 中華化 1月營收1.7億，月增率-24.28%，年,4
2022/2/10,[請益] 開市後長老拼命買50反1 到底?,24
2022/2/10,[新聞] 裕隆宣布結構性調薪 員工月薪最高調25％,16
2022/2/10,[情報] 1101.tw 台泥 一月營收,36
2022/2/10,[新聞] 國際股美股 美國1月CPI年增7.5%超乎預期,69
2022/2/10,[新聞] 台積電報喜　吃中國中興訂單,51
2022/2/10,[新聞] 台積電歐洲設廠地點 評估捷克,68
2022/2/10,[情報] 111年02月10日信用交易統計,35
2022/2/10,[標的] 2338.TW 光罩 GG月增可佈局多,6
2022/2/10,[新聞] 台睿新藥解盲失利！股價「跳水狂殺60％」,19
2022/2/10,[新聞] 高市府保證「台積電下半年動工」　預告,39
2022/2/10,[心得] 偶爾打敗大盤不難,-10
2022/2/10,[情報] 2355敬鵬 一月營收,7
2022/2/10,[新聞] 研調：物料汙染事件影響，Q2 NAND價格料轉為上漲,15
2022/2/10,[情報] 4736泰博1月營收 月增67.35%,9
2022/2/10,[新聞] 國票金1月自結獲利1.78億元,25
2022/2/10,[新聞] 2月除息 00891 .29 00878 .3 00894 .35,3
2022/2/10,[情報] AZ公司十年來首次提高股息,56
2022/2/10,[新聞] 快訊／仁寶擬收購興櫃公司「普達系統」,13
2022/2/10,[新聞] 鴻海調整去年12月營收為7175億元,25
2022/2/10,[情報] 3293.TW 鈊象 1月營收,10
2022/2/10,[心得] 今年大部分股民獲利率難逃被房價漲幅打敗,39
2022/2/10,[新聞] 淡季超旺！長榮1月營收創歷史新高,62
2022/2/10,[情報] 3037欣興 1月營收,13
2022/2/10,[情報] 5347 世界  1月營收,14
2022/2/10,[請益] etoro購買歐股外匯問題,5
2022/2/10,[情報]  2376 技嘉1月營收,24
2022/2/10,[情報] 台亞一月營收,13
2022/2/10,[情報] 6251 定穎 一月營收,8
2022/2/10,[情報] 3707漢磊 一月營收,19
2022/2/10,[新聞] 宏碁1月營收年增7.1% 創八年同期新高,28
2022/2/10,[請益] 最近是撿金融股的好時機嗎?,76
2022/2/10,[情報] 0210八大公股銀行買賣超排行,21
2022/2/10,[情報] 2603長榮 1月營收,99
2022/2/10,[情報] 0210量大分點齊買,2
2022/2/10,[情報] 2323 中環處分環球晶有價證券,24
2022/2/10,[新聞] 鋼價動了！陸指標大廠鞍鋼3月盤價大漲開,29
2022/2/10,[情報] 0210 上市櫃外資投信同買排行,1
2022/2/10,[新聞] 臺企銀公告本公司111年1月份自結合併盈餘,72
2022/2/10,[情報] 4919.TW 新唐 110年度財務報告,16
2022/2/10,[情報] 0210 上市櫃外資投信買超金額排行,5
2022/2/10,[情報] 3665貿聯1月份自結,5
2022/2/10,[情報] 2636 台驊投控 一月營收,18
2022/2/10,Re: [心得] 美股最近走勢非常瘋狂,18
2022/2/10,[情報] 9914美利達 1月營收,15
2022/2/10,[請益] 潤泰家族是存股好標的嗎？,35
2022/2/10,[新聞] 日媒：安倍曾與蔡總統通話 指台已跨越CP,34
2022/2/10,[新聞] 《電子零件》亞泰2021年EPS5.87元 創新高,3
2022/2/10,[情報] 6015.TW 宏遠證1月自結,36
2022/2/10,[請益] 只電子下單的話最推哪家？,63
2022/2/10,[情報] 0210上市外資買賣超排行,61
2022/2/10,[情報] 2317鴻海更110年12月合併營收(校正回歸),56
2022/2/10,[情報] 玉山金(2884) 1月自結,64
2022/2/10,[情報] 6477 安集 1月營收,15
2022/2/10,[情報] 6547高端疫苗 1月營收,37
2022/2/10,[新聞] 亞泥礦場爭議獲政府背書露曙光　國泰看好,11
2022/2/10,[新聞] 中國拍芯片愛國劇「 輾壓台積電、稱霸,69
2022/2/10,[情報] 3711 日月光投控 1月營收年增18.91%,22
2022/2/10,[情報] 3260 威剛 一月營收,5
2022/2/10,Re: [新聞] 台睿敗血症新藥解盲未達統計學意義 股價,12
2022/2/10,[情報] 5388中磊 1月營收,8
2022/2/10,[情報] 8150南茂一月營收,12
2022/2/10,[情報] 5607 遠雄港 一月營收,5
2022/2/10,[情報] 超豐1月營收 年增20.12%,15
2022/2/10,[情報] 111年02月10日 櫃買法人買賣金額統計表,48
2022/2/10,[情報] 中環 本公司處分(國泰智能電動車),44
2022/2/10,[情報] 2357 華碩一月營收,32
2022/2/10,[新聞] 日月光2021年報 EPS14.84元,63
2022/2/10,Re: [請益] 老蘇是不是很神？,12
2022/2/10,[情報] 6770 力積電 111年1月營收自結,17
2022/2/10,[請益] 為什麼現在長榮航會狂漲啊？,58
2022/2/10,[情報] 8016矽創 2021EPS 50.03,49
2022/2/10,[新聞] 群聯1月營收54.19億元、年增近34%　創歷,30
2022/2/10,[情報] 2409 友達一月營收,73
2022/2/10,[情報] 0210上市投信買賣超排行,50
2022/2/10,[情報] 111年02月10日 三大法人買賣金額統計表,50
2022/2/10,[情報] 2027大成鋼 1月營收,31
2022/2/10,[新聞] 長科＊元月營收續創高 Q1不會比上季差,6
2022/2/10,[情報] 2382 廣達 1月營收,21
2022/2/10,[情報] 8040.tw 九暘一月營收,10
2022/2/10,[情報] 3017奇鋐 1月營收,19
2022/2/10,[情報] 2836 高雄銀 1月自結,7
2022/2/10,[情報] 2303 聯電1月營收,76
2022/2/10,Re: [情報] 2330台積電 1月營收,27
2022/2/10,[情報] 9943.TW 好樂迪1月營收,1
2022/2/10,[情報] 2885 元大金 1月營收,51
2022/2/10,[創作] 早上好台股 現在我有長榮海,18
2022/2/10,[閒聊] 2022/02/10 盤後閒聊,6
2022/2/10,[新聞] 馬斯克笑不出來！太陽磁暴毀40顆衛星　Sp,53
2022/2/10,[情報] 5864.TW 致和證1月自結,9
2022/2/10,[標的] TW6488 環球晶,10
2022/2/10,Re: [請益] 都要定投 ETF 為什麼買台股不買美股,21
2022/2/10,[請益] 現在要買台積電還是航運勝率比較高,55
2022/2/10,[情報] 2330台積電 1月營收,100
2022/2/10,[新聞] 歐洲推晶片法 官員：若無台灣全球工廠3周,6
2022/2/10,Re: [請益]定存300萬解掉該買哪隻? 比定存好都可,8
2022/2/10,[新聞] 馬士基：供應鏈中斷可望幾個月內恢復正常,31
2022/2/10,[請益] 都要定投 ETF 為什麼買台股不買美股,42
2022/2/10,[新聞] 台睿敗血症新藥解盲未達統計學意義 股價,16
2022/2/10,[新聞] 6月改選 吳東亮可望掌工商協進會,9
2022/2/10,Re: [請益]定存300萬解掉該買哪隻? 比定存好都可,18
2022/2/10,[新聞] 英特爾CEO:晶片緊張至少持續到2023年末,26
2022/2/10,[新聞] 股民心聲》力積電辦現增 員外扮乞丐？,43
2022/2/10,[新聞] 華航搞飛機？2地勤桃機貨艙作業 險被貨,45
2022/2/10,[請益] 緯創是買太多立訊被剔除msci嗎?,31
2022/2/10,[請益] 現在存股標的選擇?00882?00878?0056?,39
2022/2/10,Re: [請益]定存300萬解掉該買哪隻? 比定存好都可,15
2022/2/10,Re: [請益]定存300萬解掉該買哪隻? 比定存好都可,10
2022/2/10,[情報] 中國暫停從立陶宛進口牛肉,83
2022/2/10,[標的] 聯發科 2454 人生第一次買一百萬以上的,60
2022/2/10,Re: [標的] 上洋-6728.TW 冷門價值成長兼具股,20
2022/2/10,[請益]定存300萬解掉該買哪隻? 比定存好都可,94
2022/2/10,[新聞] 快訊／嘉聯益電子廠再爆14例陽性 新北衛生,13
2022/2/10,[新聞] T+0賣股變現、ETF納夜盤交易,42
2022/2/10,[新聞] 鋼價反彈 亞洲鋼市迎春燕,8
2022/2/10,[新聞] 2021年國內上市櫃公司14件資安事件重大訊,6
2022/2/10,[新聞] 謝金河：台股今年仍會是最卓越市場之一,64
2022/2/10,[閒聊] 2022/02/10 盤中閒聊,100
2022/2/10,[新聞] 加薪談不攏 三星恐遇創社來首次罷工,47
2022/2/10,[新聞] 台睿 敗血症新藥解盲未達標,30
2022/2/10,[新聞] 梅斯特支持升息但3月升2碼理由不夠充分 F,25
2022/2/10,[新聞] 熱錢蜂擁 連三月淨匯入,2
2022/2/10,[新聞] MSCI季調出爐　新增元太剔除緯創,46
2022/2/10,"Re: [標的] 2409 友達 (進場110張,繼續持有,損益已打平)",13
2022/2/09,[請益] 股票借出提前召回,14
2022/2/09,[請益] 零股成交價錢計算，我被系統a錢了?,39
2022/2/09,[請益] 本金多大會放棄主動選股 加入大盤,28
2022/2/09,[標的] TW2497 怡利電 噴爆的多,24
2022/2/09,[標的] 1102.TW 亞泥 發動地鳴多,18
2022/2/09,[標的] 8299.TW 群聯 潘仔多,17
2022/2/09,[情報] 澳洲開放AZ作為第三劑,5
2022/2/09,[情報] 0209 上市櫃外資投信同買排行,4
2022/2/09,[情報] 111年02月09日信用交易統計,33
2022/2/09,"[情報] 6269台郡 董事會決議買回庫藏股 15,000張",7
2022/2/09,Re: [請益] 存股稅金問題,5
2022/2/09,[請益] 升息一碼 放款獲利如何試算？,55
2022/2/09,[新聞] 貨櫃航運賺不停 兩路淘金,35
2022/2/09,[情報] 0209 上市櫃外資投信買超金額排行,4
2022/2/09,[情報] 8069 元太1月營收,43
2022/2/09,[新聞] 去年美對台貿易逆差創新高 央行：非匯率,2
2022/2/09,[新聞] 新應材1月底送件申請，預計2月中登興櫃,14
2022/2/09,[新聞] 美檢討航運陳年陋規 盼降低進口商成本,43
2022/2/09,[情報] 2327國巨 1月營收,34
2022/2/09,[情報] 0209八大公股銀行買賣超排行,42
2022/2/09,Re: [請益] 存股還是買第二間房抉擇？,20
2022/2/09,[新聞] 供應鏈混亂推升運費 馬士基今年獲利居高,12
2022/2/09,[情報] 3508 位速  本公司有價證券近期多次達公,31
2022/2/09,[情報] 6670 復盛應用 1月營收,4
2022/2/09,[新聞] 瑞基1月營收再創高,2
2022/2/09,Re: [請益] 大家都如何選股？技術分析派請進,22
2022/2/09,[情報] 6443 元晶 1月營收,18
2022/2/09,[請益] 大家都如何選股？技術分析派請進,43
2022/2/09,[新聞] 瑞銀:六成亞洲投資人樂觀看未來6個月股市,19
2022/2/09,[新聞] 歐盟執委會提出《歐洲晶片法案》投入430,15
2022/2/09,[新聞] 陸約談業者禁哄抬價格 鐵礦石期貨跌逾6%,9
2022/2/09,[新聞] Fed官員戴莉：支持3月升息 通膨回落前恐,46
2022/2/09,[新聞] 傳統汽車大廠正積極投注固態電池技術,6
2022/2/09,Re: [請益] 存股稅金問題,20
2022/2/09,"Re: [標的] 2409 友達 (進場110張,繼續持有,損益已打平)",100
2022/2/09,[新聞] 控健身器材大廠砍單欠款「神鬼都是他」,55
2022/2/09,[請益] 存股稅金問題,49
2022/2/09,[情報] 0209上市外資買賣超排行,75
2022/2/09,[新聞] 慧洋1月營收年增逾7成 樂觀看散裝後市,15
2022/2/09,[請益] 長賜號來啦～～～,55
2022/2/09,[情報] 4906 正文 1月營收,12
2022/2/09,[請益] 手動定期定額零股貴多少算合理,7
2022/2/09,[新聞] 分手光洋科？台鋼傳出清持股,17
2022/2/09,[情報] 2458義隆 1月營收,10
2022/2/09,[情報] 6282康舒 1月營收,9
2022/2/09,[情報] 111年02月09日 櫃買法人買賣金額統計表,50
2022/2/09,[情報] 3596智易 1月營收,9
2022/2/09,Re: [請益] 很後悔沒有all in 怎麼調適,54
2022/2/09,[情報] 0209上市投信買賣超張數整理,12
2022/2/09,[情報] 0209上市投信買賣超排行,50
2022/2/09,[情報] 111年02月09日 三大法人買賣金額統計表,100
2022/2/09,[情報] 3231 緯創111年1月營收自結,26
2022/2/09,[新聞] 樹林PCB廠嘉聯益1移工確診 新北緊急疫調,28
2022/2/09,[標的] 6533 晶心科,6
2022/2/09,[新聞] 2021年全球晶片新創公司創新高達200億美,4
2022/2/09,[閒聊] 2022/02/09 盤後閒聊,29
2022/2/09,[請益] 如何用既有戶頭找有配合的證券商,31
2022/2/09,[請益] ABF是不是無腦破線加碼就好？,59
2022/2/09,[新聞] 輝瑞疫苗與口服藥搶手 2022年營收估破50,7
2022/2/09,[心得] 龍哥近期的操作是不是很慘,58
2022/2/09,[心得] 賣股過年是不是大輸,41
2022/2/09,Re: [請益] 很後悔沒有all in 怎麼調適,4
2022/2/09,Re: [請益] 很後悔沒有all in 怎麼調適,9
2022/2/09,[標的] 2313.TW 華通,9
2022/2/09,[新聞] 台股1月開戶數續創高 股市女多於男近6%,78
2022/2/09,[新聞] 晶圓代工大廠格羅方德財報讚，CEO 稱 30,19
2022/2/09,Re: [新聞] 歡迎台積電合作！ 歐盟斥資1.37兆堆晶片,0
2022/2/09,[標的] 瑞昱 2379 多,24
2022/2/09,Re: [請益] 台積開高空操作手法,8
2022/2/09,[新聞] 長榮航太送件 預估2月中旬登興櫃,46
2022/2/09,[請益] 台積開高空操作手法,33
2022/2/09,[請益] 存股還是買第二間房抉擇？,100
2022/2/09,Re: [請益] 很後悔沒有all in 怎麼調適,10
2022/2/09,[新聞] 歡迎台積電合作！ 歐盟斥資1.37兆堆晶片,88
2022/2/09,[新聞] 產業分析》大摩：IT面板帶來不確定性 中,35
2022/2/09,[閒聊] 2022/02/09盤中閒聊,99
2022/2/09,Re: [新聞] 美管制陸企 砍向面板業,22
2022/2/09,[新聞] 世貿組織認定美對韓加徵洗衣機進口關稅,34
2022/2/09,[新聞] 美管制陸企 砍向面板業,32
2022/2/09,[請益] 存股該選etf還金融？,69
2022/2/09,[新聞] 日月光投控今年展望樂觀；法說會2/10登場,19
2022/2/09,[請益] 請問有關借券和還券,33
2022/2/09,Re: [標的] ZIM.US 補漲技術面多,9
2022/2/09,[新聞] 聯詠法說將至，牽引驅動晶片族群後市,13
2022/2/09,[標的] 3714富采多+++++,19
2022/2/08,[新聞] 季度業績公佈前 ARK狂拋推特(TWTR),24
2022/2/08,[新聞] Meta股價三天崩跌30% 市值遭波克夏和輝達,85
2022/2/08,[情報] 6770 力積電決議辦理現金增資,87
2022/2/08,[新聞] 折疊手機挹注成長動能，兆利股價持續勁,15
2022/2/08,Re: [請益] paypal怎麼救,3
2022/2/08,[請益]  美股成交股價問題,17
2022/2/08,[新聞] 大摩改口喊買 台積電卻下殺 內行揪出兇手,12
2022/2/08,[新聞] 貨櫃船沒有一班準時到　碼頭貨櫃擠爆,20
2022/2/08,[新聞] USB PD拉貨續旺，偉詮電1月營收3.39億元,7
2022/2/08,[標的] FB Meta 元宇宙 多,69
2022/2/08,[新聞] 國產新冠疫苗可望＋1！浩鼎自力開發「BCV,23
2022/2/08,[請益] paypal怎麼救,48
2022/2/08,[情報] 111年02月08日信用交易統計,40
2022/2/08,Re: [請益] 很後悔沒有all in 怎麼調適,5
2022/2/08,[新聞] 三星勞資談判破裂恐遇創立53年首次罷工,18
2022/2/08,[新聞] 今年航運費率恐漲破天際？專家憂美西碼頭,32
2022/2/08,[新聞] 被馬斯克害慘？特斯拉投資比特幣慘賠28億,29
2022/2/08,[情報] 0208 上市櫃外資投信同買排行,8
2022/2/08,Re: [新聞] 航運股「還不能追」！分析師提醒：已逼,9
2022/2/08,[新聞] 中鋼今年訂定3大目標 拚營運再創高峰,26
2022/2/08,[請益] 很後悔沒有all in 怎麼調適,55
2022/2/08,[情報] 0208 上市櫃外資投信買超金額排行,3
2022/2/08,[情報] 0208 量大分點齊買股,0
2022/2/08,[新聞] Peloton to cut CEO and 2800 jobs,20
2022/2/08,[情報] 0208八大公股銀行買賣超排行,45
2022/2/08,[新聞] 航運股「還不能追」！分析師提醒：已逼,88
2022/2/08,Re: [新聞] 瑞幸咖啡：已繳納1.8億美元罰款,8
2022/2/08,[情報] 4958 臻鼎-KY 1月營收,27
2022/2/08,[情報] 6412群電 1月營收,5
2022/2/08,[情報] 富旺處分陽明普通股股票之公告,26
2022/2/08,[新聞] 國際油價彈升 石油ETF掀補漲行情,11
2022/2/08,Re: [標的] 富邦美債20年(00696B)、富邦A級債(00746B,49
2022/2/08,[新聞] 美日達成協議！4/1 豁免日本進口鋼鐵關稅,7
2022/2/08,[情報] 0208上市外資買賣超排行,62
2022/2/08,[情報] 京城銀111年01月自結盈餘相關資訊,66
2022/2/08,[情報] 多國加入歐盟挑戰中國WTO訴訟,7
2022/2/08,[新聞] 一網打盡臺灣半導體神山群！新光臺灣半,71
2022/2/08,[情報] 6104 創惟1月營收,37
2022/2/08,[新聞] 浩鼎新冠疫苗產生高效價抗體 對各變種均,32
2022/2/08,[新聞] 歐洲快不能用臉書和IG了！Meta考慮關閉歐,100
2022/2/08,[新聞] 晶片史上最大交易案 英美歐盟都阻止 輝達收購Arm破局 再賠軟,25
2022/2/08,[情報] 111年02月08日 櫃買法人買賣金額統計表,44
2022/2/08,[情報] 0208上市投信買賣超排行,60
2022/2/08,[情報] 111年02月08日 三大法人買賣金額統計表,82
2022/2/08,[情報] 8046 南電1月營收,32
2022/2/08,[新聞] 大摩看台積投資評等 翻多,29
2022/2/08,[新聞] 立訊股價盤中跌停,24
2022/2/08,Re: [心得] 老船長開始唬爛了,18
2022/2/08,[閒聊] 2022/02/08 盤後閒聊,49
2022/2/08,Re: [新聞] 曾嗆台積「死錢」外資突認錯恐怖陰謀曝,13
2022/2/08,[新聞] Navitas 委由台積電代工GaN晶片 下一目,25
2022/2/08,[新聞] 曾嗆台積「死錢」外資突認錯恐怖陰謀曝,44
2022/2/08,[標的] 5014.TW建錩 可以建倉嗎,10
2022/2/08,[情報] 2385tw 群光 1月營收,27
2022/2/08,[標的] 2308.TW 台達電 題材多多,7
2022/2/08,[情報] 日本可能對韓國提出與台灣類似開放要求,25
2022/2/08,[請益] 台積收購美光有搞頭嗎？,39
2022/2/08,[新聞] 升息風險已消化 小摩建議開始抄底,48
2022/2/08,[新聞] 勤美兩大投資案 百億計畫啟動,11
2022/2/08,[新聞] 聯電獲三星28奈米OLED驅動IC大單,55
2022/2/08,[新聞] 台積電設廠日本熊本縣 當地擬配合調整鐵,53
2022/2/08,Re: [新聞] 美國商務部將33家中國企業加入未核實清單,4
2022/2/08,[新聞] 美眾議院通過3500億美元美國競爭法 但參,4
2022/2/08,[新聞] 美國商務部將33家中國企業加入未核實清單,5
2022/2/08,Re: [標的] 2610.TW 華航 飛機多,7
2022/2/08,Re: [標的] 3016嘉晶空,4
2022/2/08,[標的] 2883 開發金 瘋狗多,51
2022/2/08,[新聞] 政院宣布開放福島5縣食品輸台,98
2022/2/08,[新聞] 泰鼎-Ky 營收締新猷 拚逐季成長,27
2022/2/08,[新聞] 全球前十大OEM廠商晶片採購量價帶動支出2,5
2022/2/08,Re: [標的] 永豐金(2890),30
2022/2/08,[新聞] 國際油價彈升 石油ETF齊漲,4
2022/2/08,[心得] 開紅盤，漲的就是你們這些傢伙,5
2022/2/08,[新聞] 蔡明彰觀點：貨櫃三雄虎年第一天漲停的,12
2022/2/08,[新聞] 隱眼大廠晶碩前幹部洩密陸企 吸3工程師帶槍投靠遭起訴,52
2022/2/08,[閒聊] 2022/02/08盤中閒聊,100
2022/2/08,[新聞] 北美塞港難解 航運價恐大漲,61
2022/2/08,Re: [標的] 美國最大購物中心地產商(房東)SPG,12
2022/2/08,[新聞] 原油飆破90美元 中油汽、柴油均不調整,6
2022/2/08,[心得] 看到便宜的選擇權交易之前記得先Google..,37
2022/2/08,[標的] 2891一元金是有內褲線知道配1.5以上嗎?,26
2022/2/08,[標的] 2610.TW 華航 飛機多,0
2022/2/07,[新聞] 四大理由撐腰 大摩升台股高點看萬九,85
2022/2/07,[新聞] 傳三星 Micro LED 電視砍價四成，友達打入供應鏈,25
2022/2/07,[新聞] 勞工的護國神山！勞退、勞保基金投資台,33
2022/2/07,[標的] 2603.TW 長榮 不要賣,6
2022/2/07,[新聞] 瑞幸咖啡：已繳納1.8億美元罰款,18
2022/2/07,[情報] 合勤控擬買回1萬張庫藏股,12
2022/2/07,[情報] 111年02月07日信用交易統計,94
2022/2/07,[心得] 真實的當沖交易比例比交易所公告的低,46
2022/2/07,Re: [請益] 現在像不像1999年末,11
2022/2/07,[新聞] 台開驚爆跳票150萬 台開經營權之爭風波,45
2022/2/07,[請益] 現在像不像1999年末,34
2022/2/07,[新聞] 東部海域地震規模5.5 三大科學園區：正常,1
2022/2/07,[新聞] 健身器材大廠(力山工業)遭控砍單欠款！,75
2022/2/07,[新聞] 衛生紙漲定了 永豐餘：1串10包漲10元,59
2022/2/07,Fw: [任務] QuestCenter 新春大地遊戲,0
2022/2/07,[情報] 0207 分點重壓股,0
2022/2/07,[情報] 0207 量大分點齊買股,3
2022/2/07,[情報] 0207八大公股銀行買賣超排行,60
2022/2/07,[情報] 0207 上市櫃外資投信同買排行,2
2022/2/07,[情報] 0207 上市櫃外資投信買超金額排行,8
2022/2/07,[情報] 3035 智原 1月營收,19
2022/2/07,[新聞] 兆豐金提五大獲利方向 看升息是大利多,78
2022/2/07,[情報] 0207上市外資買賣超排行,100
2022/2/07,Re: [請益] 聯電法說會為什麼要提到利空？,12
2022/2/07,[標的] 6407 相互 多,1
2022/2/07,Re: [請益] 伺服器零組件，在偷漲?,10
2022/2/07,[新聞] 航運三雄被硬拉漲停！內行驚洩目標價：去,43
2022/2/07,[情報] 2383台光電1月營收,12
2022/2/07,[請益] 半導體是不是轉長空沒救了？,79
2022/2/07,[情報] 111年02月07日 櫃買法人買賣金額統計表,54
2022/2/07,[請益] 所以台勝科的利空是什麼？,22
2022/2/07,[情報] 0207上市投信買賣超張數整理,13
2022/2/07,[情報] 0207上市投信買賣超排行,77
2022/2/07,[情報] 111年02月07日 三大法人買賣金額統計表,100
2022/2/07,[請益] 是誰說不要抱股過年的？,70
2022/2/07,Re: [新聞] 高股息+低本益比誘人 貨櫃三雄齊攻頂,10
2022/2/07,[請益] 伺服器零組件，在偷漲?,17
2022/2/07,[新聞] 美官方不檢討碼頭等建設太落後　卻想把運,31
2022/2/07,[心得] 做多喊得很爽做空不太敢承認,27
2022/2/07,[新聞] 高股息+低本益比誘人 貨櫃三雄齊攻頂,32
2022/2/07,[閒聊] 2022/02/07 盤後閒聊,17
2022/2/07,[公告] Stock 樂透開獎,69
2022/2/07,[請益] 聯電法說會為什麼要提到利空？,60
2022/2/07,[新聞] MSCI來了！法人看好元太、華航、AES-KY,17
2022/2/07,Re: [請益] 海運鋼鐵是不是要重返榮耀了？,-10
2022/2/07,[請益] 海運鋼鐵是不是要重返榮耀了？,39
2022/2/07,[新聞] 廣閎科明起競拍底價92.8元　３/1上櫃,2
2022/2/07,[新聞] 開工大紅包！勞動基金全年大賺4511億 新,40
2022/2/07,[新聞] 傳沙烏地阿美擬出售1.3兆元股票,13
2022/2/07,[新聞] 死錢復活?大摩翻多台積電目標價上調780元,7
2022/2/07,[新聞] 2022年虎虎生風 國發會：經濟成長可望超,31
2022/2/07,[新聞] IC設計虎年績優股(3-3) 驅動IC好日子還有,0
2022/2/07,[請益] 今天是哪支在撐台股？,74
2022/2/07,Re: [請益] 下週一台股開盤走勢？,5
2022/2/07,[新聞] 台積電ADR過年殺！謝金河洩台股開門價 1,20
2022/2/07,[閒聊] 2022/02/07 盤中閒聊,99
2022/2/07,[心得] 職業投資人該有的特質,-10
2022/2/06,[新聞] HTC沒手機可賣？官網僅剩U20 5G福利品在,82
2022/2/06,[新聞] 巴隆：台光電及聯詠是首選的新興市場價值,15
2022/2/06,[新聞] 比特斯拉Cybertruck快！鴻海Lordstown,46
2022/2/06,[新聞] 鴻海攜泰石油巨擘PTT攻電動車 估2024年首季量產,65
2022/2/06,[新聞] 股民心聲》聯電沒有2022？,38
2022/2/06,[標的] 鋼鐵該噴了吧 2027.TW 8415.TW,35
2022/2/06,[心得] 蒸丸 蒸的丸子,100
2022/2/06,Re: [請益] 下週一台股開盤走勢？,21
2022/2/06,[新聞] 北極星肺間皮癌用藥 獲美國快速審查,8
2022/2/06,[新聞] 台股明開紅盤 證交所：國際情勢無重大不,84
2022/2/06,Re: [新聞] 跟上NFT潮流！美民宅權狀化為非同質化代,0
2022/2/06,Re: [標的] 3016嘉晶空,12
2022/2/06,[新聞] 平抑物價 政院宣布黃豆玉米等原物料減稅,39
2022/2/06,[新聞] 油價平穩雙機制 加碼春節物價穩定措施 汽,2
2022/2/06,Re: [標的] 越南PHP海防港口,6
2022/2/06,[請益] 明天要開盤大家會不會緊張？,56
2022/2/06,[新聞] 虎年開春經濟 面臨3大黑天鵝挑戰,24
2022/2/06,[新聞] 跟上NFT潮流！美民宅權狀化為非同質化代,20
2022/2/06,[心得] 台指期策略免費分享（111/2/7操作建議）,8
2022/2/06,[新聞] 紫光 停建重慶、成都晶片廠,27
2022/2/06,[心得] 看財經媒體影片 有感?,8
2022/2/06,[請益] 版上推薦的老師一直換，代表什麼？,22
2022/2/06,[新聞] 買不成世創 環球晶改三年內投資千億元擴,42
2022/2/06,[新聞] 台股休市期間美股上漲近800點 明日開紅盤,36
2022/2/06,Re: [心得] 過年看到媽媽的存股,14
2022/2/06,[新聞] 美前財長估今年升息七次,43
2022/2/06,[新聞] 聯電掛牌36年市值增逾700倍 台積電超車稱,7
2022/2/06,"Re: [心得] 台股封關時間,美股漲 2~4 %,新春將開紅盤",15
2022/2/06,[心得] 過年看到媽媽的存股,100
2022/2/06,[情報] 02/07~02/11 美股財報行事曆,7
2022/2/06,[請益] 股市贏家是否都是偏向 Mr.羅這種?,52
2022/2/06,[公告] 02/06 處置公告,45
2022/2/06,"[新聞] 總規模3,500億美元 美國競爭法眾院過關",35
2022/2/06,[標的] 長榮航 2618 長線看好多,41
2022/2/06,[標的] 3551.tw 世禾 長期投資,51
2022/2/06,[新聞] 木頭姐 vs 老巴: 2022年誰會贏？,18
2022/2/06,Re: [標的] Arkk.us 過年紅包多,0
2022/2/05,Re: [請益] 下週一台股開盤走勢？,27
2022/2/05,Re: [心得] 美股 討論度較高的熱門股 漲跌整理,17
2022/2/05,[新聞] 阿里巴巴已申請額外註冊10億份ADS 總價逾,28
2022/2/05,[新聞] 季配ETF混搭 讓你月月領息,21
2022/2/05,[新聞] 寶雅股價重挫3成！專家曝核心問題,100
2022/2/05,"[心得] 台股封關時間,美股漲 2~4 %,新春將開紅盤",49
2022/2/05,Re: [心得] 美股 討論度較高的熱門股 漲跌整理,9
2022/2/05,[請益] 石油上漲概念股是哪些？,70
2022/2/05,[心得] 美股 討論度較高的熱門股 漲跌整理,62
2022/2/05,[請益] ? 專職投資者通常會有什麼現金流副業 ?,50
2022/2/05,[新聞] 派樂騰傳吸引亞馬遜等潛在買家 盤後飆漲,7
2022/2/05,[新聞] 美商務部長示警 美國晶片危險依賴台積電,35
2022/2/05,[創作] 上海灘,16
2022/2/05,[情報] 封關時各國指數/神祕油/ADR/加密貨幣漲跌,25
2022/2/05,[請益] 論風險分散0050+0051or0056好？,56
2022/2/05,[創作] 簡簡單單,0
2022/2/05,[新聞] 終於找上了比特幣，英特爾壓抑的20年,49
2022/2/05,[新聞] 美國參議院司法委員會通過《Open App Mar,9
2022/2/05,[標的] 5880.TW 合庫金 討論,30
2022/2/05,[新聞] 謝志堅的60/40理論說 海運不是景氣循環股,31
2022/2/05,[新聞] 還是搞不定晶片，福特全面減產， 8 條產,19
2022/2/05,[心得] 台股休市期間美股累計漲跌點,37
2022/2/05,Re: [心得] 存股族的槓桿操作經驗,22
2022/2/05,Re: [請益] 看空就一定要做空嗎？,5
2022/2/05,[新聞] 大立光元月營收呈雙降,41
2022/2/05,[新聞] 謝金河：台股7日有上漲紅盤可以期待,26
2022/2/05,[請益] 00904會是台灣版的費半嗎？,7
2022/2/05,Re: [標的] Arkk.us 過年紅包多,16
2022/2/05,[請益] 下週一台股開盤走勢？,44
2022/2/05,Re: [請益] 看空就一定要做空嗎？,17
2022/2/05,[情報] 美國NIAID認為不需要針對omicron的疫苗,26
2022/2/05,[公告] 02/05 處置公告,6
2022/2/05,Re: [請益] 有沒有哪個作者的書都值得一看的,4
2022/2/05,Re: [請益] 有沒有哪個作者的書都值得一看的,10
2022/2/05,[請益] 美股 稅金計算問題,6
2022/2/05,Re: [請益] 看空就一定要做空嗎？,98
2022/2/05,[標的] Arkk.us 過年紅包多,56
2022/2/05,Re: [心得] ETF投資賠到脫褲,6
2022/2/05,[新聞] 65%物流業堅信今年供應鏈不會好 甚至惡化,16
2022/2/04,[情報] 紐西蘭批准使用Novavax,20
2022/2/04,[情報] 一月非農就業指數,96
2022/2/04,[請益] 看空就一定要做空嗎？,26
2022/2/04,[新聞] 不是長榮！馬士基超大型貨櫃船在北海擱淺,33
2022/2/04,Re: [美股] 道瓊空,-10
2022/2/04,[新聞] 油價飆升 美長途旅行電動車變划算,11
2022/2/04,Re: [心得] 美股最近走勢非常瘋狂,42
2022/2/04,[新聞] 英國央行連兩月升息 展開量化緊縮,20
2022/2/04,[新聞] 殖利率上看8％ 4檔鋼鐵人氣股來了,52
2022/2/04,[新聞] 年終不要亂花！ 3專家點名台股年後分批,51
2022/2/04,Re: [請益] 有沒有哪個作者的書都值得一看的,7
2022/2/04,[新聞] 殼牌(RDS.A.US)Q4淨利潤114.61億美元 預,30
2022/2/04,Re: [心得] ETF投資賠到脫褲,26
2022/2/04,[新聞] Meta收盤暴跌逾26%市值損失規模創美國市,76
2022/2/04,[標的] 2498該跌了吧,37
2022/2/04,[新聞] 新竹6小時連8震！氣象局：異常密集要注意,32
2022/2/04,[公告] Stock 板 開始舉辦樂透! (請先看本文後下注),11
2022/2/04,[新聞] 陸女炒股翻船抑鬱想死 盲信荐股一年賠六,41
2022/2/04,[請益] 有沒有哪個作者的書都值得一看的,51
2022/2/04,[心得] ETF投資賠到脫褲,81
2022/2/04,[新聞] 車載、元宇宙新應用萌芽 光學二線廠迎,11
2022/2/04,[新聞] 雷蒙多:美國晶片供給已嚴重依賴台灣,98
2022/2/04,[新聞] 南韓1月CPI同比上漲3.6%,44
2022/2/04,[新聞] 紐約WTI油價突破每桶90美元 為自2014年以,63
2022/2/04,[情報] SNAP.US 財報,14
2022/2/04,[情報] PINS.US 財報及展望,14
2022/2/04,[心得] 美股最近走勢非常瘋狂,50
2022/2/04,[新聞] Line、臉書詐騙多　金管會提醒別上當,9
2022/2/04,[請益] 大成年後長線多,27
2022/2/04,Re: [標的] AMZN.US,27
2022/2/04,Re: [新聞] Meta的財報將使賽道贏家和輸家更加清晰,6
2022/2/04,[情報] Spotify 財報,16
2022/2/04,Re: [標的] FB(Meta Platforms)短線多,46
2022/2/04,Re: [新聞] Meta的財報將使賽道贏家和輸家更加清晰,7
2022/2/04,Re: [標的] FB(Meta Platforms)短線多,12
2022/2/03,[新聞] 迎接黃金買點 元宇宙5強抄底訊號現,14
2022/2/03,[標的] FB(Meta Platforms)短線多,99
2022/2/03,Re: [標的] 鴻海現況討論,19
2022/2/03,[新聞] Meta的財報將使賽道贏家和輸家更加清晰,47
2022/2/03,Re: [請益] 大家都選好標的準備All in 了嗎,3
2022/2/03,Re: [標的] 鴻海現況討論,8
2022/2/03,[新聞] 光洋科上演「大和解」？王炯棻到場「鷹」援籃球隊　馬堅勇開,8
2022/2/03,[情報] 英國批准Novavax上市,18
2022/2/03,[標的] 2062.TW 橋椿2021/Q4毛利率上升,1
2022/2/03,[標的] 4755.tw 三福化 長期投資,20
2022/2/03,[新聞] 〈潛力股〉聯發科旗艦晶片再勝高通 站穩,11
2022/2/03,Re: [請益] 到底如何高歌離席？認真求解,6
2022/2/03,[新聞] Facebook盤後股價崩23%　AR和VR虧百億美,100
2022/2/03,[新聞] 實體銀行「倒閉潮」去年創新高 加州倒最,6
2022/2/03,[新聞] 土耳其通膨48%創20年新高 糧食飆漲55%,49
2022/2/03,Re: [請益] 到底如何高歌離席？認真求解,3
2022/2/03,Re: [請益] 到底如何高歌離席？認真求解,14
2022/2/03,Re: [心得] 朱家泓技術分析,18
2022/2/03,[新聞] 台積電扶植本土化學供應 英特爾有意取經,30
2022/2/03,Re: [請益] 到底如何高歌離席？認真求解,10
2022/2/03,[請益] 到底如何高歌離席？認真求解,65
2022/2/03,Re: [請益] 美股真的從台股1/28封關一路漲,0
2022/2/03,Re: [請益] 丁超：一定要抱股過年,24
2022/2/03,Re: [情報] Meta四季度財報不及預期，一季度指引疲軟,62
2022/2/03,[情報] 立陶宛砸4040萬歐元資助屋頂太陽能,20
2022/2/03,[情報] 高通第一財季業績超預期，業務高歌猛進,20
2022/2/03,[心得] AMD是不是也撐不住了,63
2022/2/03,[請益] 如何學股票估價？,63
2022/2/03,[請益] 大家都選好標的準備All in 了嗎,10
2022/2/03,[標的] 鴻海現況討論,61
2022/2/03,[情報] Meta四季度財報不及預期，一季度指引疲軟,67
2022/2/03,[情報] 納斯達克100權重分享-2022,26
2022/2/03,Re: [心得] 美股抄底指數是不是比較容易?,6
2022/2/03,[新聞] Facebook shares plunge more than 20%,100
2022/2/03,[標的] AMZN.US,39
2022/2/03,Re: [心得] 美股抄底指數是不是比較容易?,24
2022/2/03,[創作] 少年,4
2022/2/02,Re: [請益] 臺灣為何進入下行？,30
2022/2/02,Re: [請益] 存股族現在的策略?,65
2022/2/02,[請益] 2035年之後結束通膨擴張循環,0
2022/2/02,[新聞] 中國將成立晶片研發製造平台 傳找來英特,67
2022/2/02,[新聞] 看不到台積電車尾燈！北大:中國晶片業只,64
2022/2/02,[新聞] 超微財測遠超出市場預期 看好伺服器市場,21
2022/2/02,[心得] 美股抄底指數是不是比較容易?,47
2022/2/02,[新聞] 抱股安心過年 顏董:貨櫃三雄航向偉大航道,87
2022/2/02,Re: [心得] 台股留給法人自己互搞，來去美股吧各,36
2022/2/02,[標的] 3034.TW 聯詠 3702.TW 大聯大  討論,-10
2022/2/02,[情報] AMD.US 財報-電話會議逐字稿,58
2022/2/02,[情報] 紐西蘭政府不小心揭露的疫苗採購金額,100
2022/2/02,[請益] 台中第一信用合作社股票處理,0
2022/2/02,[情報] PYPL.US 財報,44
2022/2/02,[新聞] Google母企Alphabet宣布1拆20　股價急漲9,75
2022/2/02,[情報] AMD.US 財報,100
2022/2/01,Re: [標的] 特斯拉TSLA 本業到底是什麼?,12
2022/2/01,[心得] 今年順勢交易會被修理的很慘,-10
2022/2/01,[新聞] 福袋198元抽台積電股票 年初一凌晨家樂福,25
2022/2/01,[請益] 炒股第五年仍會碰到的三大問題,29
2022/2/01,[情報] 輝瑞將向美國FDA申請5歲以下兒童疫苗EUA,15
2022/2/01,Re: [新聞] 科學家研發新型鋰電池，充電速度是目前電,15
2022/2/01,[情報] 立陶宛暫停對家庭暖氣收增值稅,4
2022/2/01,[新聞] 科學家研發新型鋰電池，充電速度是目前電,63
2022/2/01,[請益] 財報公允價值衡量的金融資產,13
2022/2/01,[新聞] 環球晶併購世創未成 法人估終止費約影響,37
2022/2/01,[請益] 純網路運營的證卷與期貨商,2
2022/2/01,[心得] 投顧戰士(嘉偉老師粉絲後援會,39
2022/2/01,Re: [標的] 特斯拉TSLA 本業到底是什麼?,13
2022/2/01,[情報] 莫德納取得美國FDA藥證,10
2022/2/01,Re: [心得] 給股市新手的建議,3
2022/2/01,Re: [標的] 特斯拉TSLA 本業到底是什麼?,40
2022/2/01,Re: [新聞] 環球晶公開收購世創案破局 須付15.6億,11
2022/2/01,Re: [新聞] 環球晶收購世創失敗,9
2022/2/01,[新聞] 環球晶公開收購世創案破局 須付15.6億,91
2022/2/01,[新聞] 中鋼產線春節不打烊 估鋼鐵市況3月反彈,11
2022/2/01,[新聞] 南韓2022年1月出口553億美元創歷年同月,8
2022/2/01,[心得]  美股 果然,58
2022/2/01,Re: [請益] 美股大爆噴 已經打底 還是好心逃命波?,8
2022/2/01,[新聞] 環球晶收購世創失敗,100
2022/2/01,Re: [標的] 特斯拉TSLA 本業到底是什麼?,57
2022/2/01,[公告] Stock 樂透開獎,1
2022/2/01,[請益] 台股本益比估法是不是笑話？,-10
2022/2/01,Re: [請益] 美股大爆噴 已經打底 還是好心逃命波?,24
2022/1/31,Re: [請益] 美股大爆噴 已經打底 還是好心逃命波?,13
2022/1/31,[請益] 美股大爆噴 已經打底 還是好心逃命波?,99
2022/1/31,[請益] RDS.B改名?,12
2022/1/31,Re: [心得] 深夜美股雲霄飛車,20
2022/1/31,Re: [標的] 特斯拉TSLA 本業到底是什麼?,13
2022/1/31,[新聞] 中油：2月天然氣價格不調整,62
2022/1/31,[公告] PangWei 警告一次 / wintests 禁言一週,3
2022/1/31,[標的] 黃金怎麼沒人玩了？,56
2022/1/31,[請益] 台股這次是不是躲崩又等噴,8
2022/1/31,Re: [請益] 100萬用來創業較好?還是投資股票較好?,43
2022/1/31,[創作] 浪子心聲,4
2022/1/31,Fw: [任務] QuestCenter 春節任務─致富密碼,0
2022/1/31,[請益] 大家怎麼幫小孩子紅包選股,93
2022/1/31,[新聞] 包租公律師揭「股市心法」　曝一般人容,24
2022/1/31,[新聞] 台股四多 有利年後反彈,35
2022/1/31,[閒聊] 2022/01/31 年假閒聊,21
2022/1/31,Re: [請益] 100萬用來創業較好?還是投資股票較好?,24
2022/1/31,Re: [請益] 100萬用來創業較好?還是投資股票較好?,11
2022/1/30,Re: [請益] 100萬用來創業較好?還是投資股票較好?,23
2022/1/30,[新聞] 台積電全球首創「晶圓自動進出貨系統」,56
2022/1/30,[新聞] 對俄若祭空前制裁 美媒:恐重創經濟股市崩,27
2022/1/30,[標的] 特斯拉TSLA 本業到底是什麼?,100
2022/1/30,Re: [心得] 在股市裡的困難,1
2022/1/30,Re: [請益] 100萬用來創業較好?還是投資股票較好?,1
2022/1/30,[新聞] 高盛估美聯準會今年升息5次,44
2022/1/30,Re: [請益] 100萬用來創業較好?還是投資股票較好?,47
2022/1/30,Re: [請益] 指數化投資真的好嗎？,11
2022/1/30,[情報] 以色列採購500萬+500萬劑Novavax,51
2022/1/30,[新聞] 群聯：NAND下月啟動拉貨潮,33
2022/1/30,Re: [請益] 100萬用來創業較好?還是投資股票較好?,10
2022/1/30,[請益] TD有持股比例圓餅圖的功能嗎？,9
2022/1/30,[請益] 100萬用來創業較好?還是投資股票較好?,99
2022/1/30,[新聞] 全球貨櫃航運今年看旺,70
2022/1/30,Re: [心得] 在股市裡的困難,21
2022/1/30,[新聞] 炸傷台積電包商嫌犯抓到了 竟是下屬在30公尺外搖控引爆,32
2022/1/30,[新聞] LTN經濟通》元宇宙炒房？最新潮熱門投資,31
2022/1/30,Re: [新聞] Netflix 暴跌  CEO掏5.6億護盤慘套牢住套,51
2022/1/30,Re: [心得] 在股市裡的困難,5
2022/1/30,Re: [心得] 在股市裡的困難,2
2022/1/30,Re: [心得] 在股市裡的困難,37
2022/1/30,Re: [心得] 朱家泓技術分析,6
2022/1/30,[新聞] 老實公布通膨率36.1%　土耳其國家統計局,89
2022/1/30,[新聞] Netflix 暴跌  CEO掏5.6億護盤慘套牢住套,56
2022/1/30,Re: [標的] 聯發科 打敗閒聊空蛙恐嚇多,7
2022/1/30,[請益] 指數化投資真的好嗎？,42
2022/1/30,[請益] 為何燁興股價這陣子跌得這麼慘？,24
2022/1/29,[心得] 2021 腰斬排行榜,78
2022/1/29,Re: [心得] 朱家泓技術分析,92
2022/1/29,[新聞] 俄烏戰火一觸即發!拜登:美國近期將向東歐,57
2022/1/29,[新聞] 台積電過年24小時趕工生產　建新廠工人,83
2022/1/29,[新聞] 環球晶併世創案最後關頭奮力一搏 傳與德,68
2022/1/29,[新聞] 華航貨機於芝加哥機場滑行時與地面裝備,31
2022/1/29,Re: [新聞] 台積擴廠 磁吸效應太強 引發缺工,23
2022/1/29,[新聞] 拜登政府墨灣油礦開採租賃 遭聯邦法院駁,14
2022/1/29,Re: [新聞] 台積擴廠 磁吸效應太強 引發缺工,10
2022/1/29,[新聞] 業界看法不同調 美國鋼鐵CEO：鋼價將趨穩 不會進一步下跌,14
2022/1/29,[新聞] 歐盟即將公布歐洲版晶片法案 規模上看500,78
2022/1/29,[請益] 如何分辨主力在嚇甩磨還是倒貨？,51
2022/1/29,[新聞] 高盛警告：拋售股票是最糟糕的操作,100
2022/1/29,[標的] 聯發科 打敗閒聊空蛙恐嚇多,42
2022/1/29,[新聞] 台積擴廠 磁吸效應太強 引發缺工,99
2022/1/29,Re: [心得] 朱家泓技術分析,25
2022/1/29,[新聞] 巴菲特身價再度超越祖克伯  受惠價值投資,99
2022/1/29,[心得] 2021 飆股排行榜,32
2022/1/29,[心得] 深夜美股雲霄飛車,42
2022/1/29,[心得] 朱家泓技術分析,-10
2022/1/29,[心得] 很懷念空軍總司令,40
2022/1/28,[標的] AMD.US,33
2022/1/28,[新聞] 台新銀行員洩漏正妹電話給保全 最重恐遭,41
2022/1/28,[標的] TSM.US 台積電 最後一搏多,82
2022/1/28,[新聞] 華府智庫兵推 台灣半導體停產恐引爆美中,6
2022/1/28,Re: [其他] Tesla   信徒無腦多,7
2022/1/28,[標的] VTI AAPL.US 大盤崩崩時要抄哪個,46
2022/1/28,Re: [標的] TSLA.US請益,39
2022/1/28,Re: [請益] 嘉偉為什麼萬八做多，萬二做空,10
2022/1/28,[新聞] 新台幣最高發行額衝破3兆飆新高 創28年,33
2022/1/28,Re: [請益] 嘉偉為什麼萬八做多，萬二做空,4
2022/1/28,Re: [標的] TSLA.US請益,2
2022/1/28,Re: [標的] TSLA.US請益,78
2022/1/28,[公告] RainCityBoy 水桶七日,0
2022/1/28,[新聞] 蔡英文憂股市失序 點名金管會、財政部預,92
2022/1/28,Re: [心得] 美股 幾檔關注股票的下跌整理,57
2022/1/28,Re: [標的] TSLA.US請益,1
2022/1/28,[新聞]牛年外資投信佈局大不同！ 外資押寶金融,0
2022/1/28,Re: [標的] TSLA.US請益,13
2022/1/28,[新聞] 羅賓漢Q4虧損超出預期 盤後股價大跌,14
2022/1/28,[新聞] 特斯拉今年不推新車 研發機器人拚2023量,44
2022/1/28,Re: [心得] 代Po航運股心得就是爽,10
2022/1/28,[心得] 2021台股基金績效前10名,17
2022/1/28,[新聞] 政府基金買長榮慘虧1.2億！他竟大賺1500,31
2022/1/28,[新聞] 賓士加持 輝能科技打響台灣固態電池名號,6
2022/1/28,[公告] Stock 板 開始舉辦樂透!,10
2022/1/28,[情報] 0128違約交割公告,14
2022/1/28,[請益] 嘉偉為什麼萬八做多，萬二做空,63
2022/1/28,[情報] AAPL.US 蘋果盤前+5%,99
2022/1/28,[心得] 美股 討論度較高的熱門股 下跌整理,54
2022/1/28,[情報] 2308台達電駁斥不實報導(被勒索那篇),10
2022/1/28,[標的] TSLA.US請益,97
2022/1/28,[心得] 美股選擇權估值網站開發,14
2022/1/28,[情報] SCFI指數 -42.76,28
2022/1/28,[新聞] 國營事業2021年財報 台電賺256億中油大,56
2022/1/28,Re: [新聞] 聯電60以下老天的禮物? 郭哲榮三理由看好,27
2022/1/28,Re: [新聞] 葛拉漢警告：超級泡沫已形成 美股恐暴跌,24
2022/1/28,[標的] 00902 00899.TW 電池及儲能 潔淨能源 請益,12
2022/1/28,Re: [心得] 美股 幾檔關注股票的下跌整理,21
2022/1/28,[標的] 佳世達 年報/除息行情多,19
2022/1/28,Re: [請益] 升息對那個族群是利多？,7
2022/1/28,Re: [新聞] 聯電60以下老天送的禮物?郭哲榮三理由看好,2
2022/1/28,[新聞] 聯電60以下老天送的禮物?郭哲榮三理由看好,76
2022/1/28,[新聞] 2022年創投投資在量子運算將超越50億美元,2
2022/1/28,[新聞] 台積電南科18廠再傳工安意外 5工人趕工墜,20
2022/1/28,Re: [請益] 升息對那個族群是利多？,7
2022/1/28,[新聞] 浩鼎抗癌新藥OBI-822全球三期臨床試驗再,6
2022/1/28,[新聞] 台達電被駭「勒索4.1億」 約1.35萬台電,41
2022/1/28,Re: [請益] 1字頭的低利貸款要去哪找?,23
2022/1/28,[心得] 現在真的是信仰時刻,35
2022/1/28,Re: [請益] 台積電的重新估值,36
2022/1/28,[公告] 01/28 處置名單,10
2022/1/28,[新聞] 110年全年景氣燈號未亮黃藍燈　台經院:,69
2022/1/28,[新聞] 獨家｜萬海年終壓軸開獎！最高18個月 員工,60
2022/1/28,[心得] 美股 幾檔關注股票的下跌整理,56
2022/1/28,[新聞] 〈財報〉蘋果甩供應鏈陰影 Q1營收獲利創,14
2022/1/28,[新聞] 韓股盤中跌破2600點創近14個月新低,35
2022/1/28,[新聞] GDP亮麗救不了美股！道瓊吐光600點漲幅,49
2022/1/28,Re: [請益] 台積電的重新估值,20
2022/1/28,[新聞] 〈美股盤後〉美股坐雲霄飛車收黑 特斯拉,33
2022/1/28,[請益] 台積電的重新估值,95
2022/1/28,[閒聊] 2022/01/28 盤後閒聊,27
2022/1/28,[新聞] 聯發科傳出將成立「元宇宙事業群」,44
2022/1/28,[心得] 看美股真難眠,89
2022/1/28,Re: [心得］2021蔥寶年報,6
2022/1/28,Re: [請益] 台股過年期間為何不開放交易?,22
2022/1/28,[新聞] 台驊投控估今年前三季依然看好,6
2022/1/28,[新聞] 台積電、三星客戶資料解密！　美國調查,54
2022/1/27,[標的] PINS 長多,23
2022/1/27,[新聞] 〈美股早盤〉美國上季GDP大勝預期 三大指,51
2022/1/27,[新聞] 證交所：2021年台股市值56兆元 位居全球第16名,18
2022/1/27,[新聞] 土耳其央行大幅上修通膨預測 估年底23.2,34
2022/1/27,[心得］2021蔥寶年報,16
2022/1/27,[請益] 求推薦一支值得買好的股票 ！,99
2022/1/27,[標的]  美股SARK 多,17
2022/1/27,[新聞] 出口太旺 主計總處概估2021經濟成長率上,33
2022/1/27,[新聞] 年後建倉聯電、力積電誰好？謝金河這樣評,59
2022/1/27,[請益] 台灣有像賈伯斯一樣的CEO嗎,58
2022/1/27,[請益] 休市期間證券公司有上班嗎,8
2022/1/27,[心得] 外星人到地球投資股票卻沒有注意風險宇宙,10
2022/1/27,[請益] 台股休息要做什麼?,71
2022/1/27,[新聞] 日本公路又見「大排長榮」 長榮：事故與公司無關,9
2022/1/27,Re: [心得] 投資長拍桌:60元的聯電是老天爺的禮物!!!,18
2022/1/27,[情報] 聯準會公開市場操作帳戶,20
2022/1/27,[新聞] 獨家／今天簽約了 花旗銀明早宣布消金嫁,40
2022/1/27,[情報] 中國同意AMD對Xlinx的合併案,47
2022/1/27,[新聞] 兩岸不熱 金管會突開放證券期貨設大陸子,25
2022/1/27,[請益] 大家入金到Firstrade 大概都要多久時間呢,94
2022/1/27,[新聞] 臉書幣失敗告終？傳Diem協會正評估出售,20
2022/1/27,[新聞] 國票金併安泰銀遭否准 金管會提4大疑慮,32
2022/1/27,[新聞] 搶下全球電子紙市占9成　李政昊：當龍頭,48
2022/1/27,[新聞] 快訊！高鐵延伸宜蘭案重大突破　交通部確,57
2022/1/27,[新聞] 景氣燈號結束連9紅！轉為「紅黃燈」,85
2022/1/27,Re: [心得] 如果航運變成國巨，敦泰聯電新唐也會國巨,3
2022/1/27,[新聞] 華航擴大貨運布局 14億美元再買4架777F貨,27
2022/1/27,[新聞]〈聯發科法說〉去年Q4毛利率飛越財測飆上,93
2022/1/27,[新聞] 財部、台新大和解…就差5.7毛錢,18
2022/1/27,[新聞] 歐盟就中國對立陶宛貿易施壓行為 向WTO,15
2022/1/27,Re: [心得] 最後一篇分析文，也謝謝股票版曾經的前輩,42
2022/1/27,[新聞]「大排長榮」又來了！在日本阪神高速公路,100
2022/1/27,[新聞] 八小時談判奏效 俄烏同意不動武,99
2022/1/27,[情報] 上市公司董事酬金排名前十&末十,24
2022/1/27,[新聞] 結盟46家台廠合作 完成「5G毫米波智慧杆,11
2022/1/27,[心得] 過年最後兩天的標借暴利...,7
2022/1/27,Re: [新聞] 野村：聯電獲利已到頂 目標價降至70元,4
2022/1/27,[新聞] 聯電晉華案臺灣結案。算全面勝利？,20
2022/1/27,[新聞] WTO:中國可對約美國商品課報復性關稅,55
2022/1/27,[新聞] 證交所公布肥貓名單 宏達電董監事酬金423,33
2022/1/27,Re: [新聞]獨／勞退基金內線買KY股 統一經理人約,20
2022/1/27,[心得] 冰雨（國鼎版）,7
2022/1/27,[新聞] 傳統汽車廠商正學習特斯拉佈建充電網路,7
2022/1/27,[新聞] 「末日預言家」警告：美股將暴跌70％！,100
2022/1/27,[請益] 新春開紅盤,70
2022/1/27,Re: [心得] 其實空頭已經開始了吧,28
2022/1/27,[新聞] 肥貓董事名單出爐！93間上市公司上榜,40
2022/1/27,Re: [標的] OPEN 我願稱你為最強 極限做多,12
2022/1/27,[新聞] 台股Q1底部已近 公股行庫大軍年後進場,38
2022/1/27,[公告] 「違約交割問題」系列文禁回文,80
2022/1/27,Re: [心得] 目前Delta 美國就業 通膨的一些看法,15
2022/1/27,[新聞]獨／勞退基金內線買KY股 統一經理人約速,61
2022/1/27,[請益] 如果川普連任，現在FED的方向會改變嗎?,70
2022/1/27,Re: [請益] 為何那麼多人選擇當沖呀?,86
2022/1/27,Re: [請益] 台股過年期間為何不開放交易?,22
2022/1/27,Re: [請益] 違約交割問題,11
2022/1/27,[請益] 為何那麼多人選擇當沖呀?,69
2022/1/27,Re: [請益] 違約交割問題,21
2022/1/27,[新聞] 祥翊Chlorthalidone Tablets獲得美國ANDA,3
2022/1/27,[情報] STX.US 財報 (Seagate),3
2022/1/27,[閒聊] 2022/01/27 盤後閒聊,69
2022/1/27,Re: [請益] 違約交割問題,35
2022/1/27,[情報] INTC.US 財報及展望,28
2022/1/27,[新聞] Fed釋出升息、縮表訊號 美債殖利率全面沙,100
2022/1/27,[情報] 特斯拉 2021 Q4 財報,46
2022/1/27,Re: [新聞] 借券賣出暴增 長榮將有利空？,12
2022/1/27,Re: [請益] 違約交割問題,30
2022/1/27,[新聞] 德媒：批准環球晶併世創可能性不高,24
2022/1/27,Re: [請益] 違約交割問題,11
2022/1/27,Re: [請益] 違約交割問題,29
2022/1/27,Re: [請益] 違約交割問題,43
2022/1/27,Re: [請益] 定存解約買中華電信比較好還是0050比較,17
2022/1/27,Re: [請益] 違約交割問題,12
2022/1/27,[新聞] 資金退潮… 被動元件股價量齊跌,14
2022/1/27,Re: [請益] 違約交割問題,24
2022/1/27,Re: [請益] 違約交割問題,48
2022/1/27,Re: [請益] 違約交割問題,81
2022/1/27,[新聞] 蘇建榮：國安基金持續關注台股,14
2022/1/26,[請益]看ptt砍台股買美股還有救嗎,80
2022/1/26,Re: [新聞] 46.9萬小股民注意！長榮海股東會5/30召開,10
2022/1/26,[新聞] 〈南亞科法說〉今年市況審慎樂觀 Q2合約,8
2022/1/26,[新聞] 聯準會政策結果出爐前夕 美股強彈 微軟領,7
2022/1/26,[請益] 台股過年期間為何不開放交易?,25
2022/1/26,[新聞] 歐盟議會提議修訂ETS提案,0
2022/1/26,[請益] 美股是不是太無情了？,50
2022/1/26,[新聞] 銀行錢多到要滅頂 去年存款湧入逾3.8兆,38
2022/1/26,[心得] 投資長拍桌:60元的聯電是老天爺的禮物!!!,41
2022/1/26,[請益] 有沒有摩根士丹利aka.恐怖情人的八卦,29
2022/1/26,[情報] 0126 上市櫃外資投信同買排行,6
2022/1/26,"[情報] 三竹(8284)取得有價證券(50反,00632R)",17
2022/1/26,[請益] 封關沒扣到定期定額怎麼辦,0
2022/1/26,[情報] 111年01月26日信用交易統計,46
2022/1/26,[新聞] 紫光傳放棄兩大記憶體建廠計畫，阪本幸雄,33
2022/1/26,Re: [請益] 聯電是不是跌得莫名奇妙？,8
2022/1/26,[情報] 0126 上市櫃外資投信買超金額排行,0
2022/1/26,[新聞] 北捷、群創聯手打造 寶可夢彩繪列車亮相,4
2022/1/26,[請益] 這波美股賺最多的是不是公司董事/高管？,4
2022/1/26,[新聞] 〈Fed會議前瞻〉FOMC會議登場！分析師預,21
2022/1/26,[新聞] 抱台股過年有勝算？ 歷史經驗：近十年紅,16
2022/1/26,[新聞] 美泰兒獲得迪士尼玩具合約,8
2022/1/26,Re: [新聞] 46.9萬小股民注意！長榮海股東會5/30召開,5
2022/1/26,Re: [新聞] 46.9萬小股民注意！長榮海股東會5/30,14
2022/1/26,Re: [新聞] 46.9萬小股民注意！長榮海股東會5/30,17
2022/1/26,[創作] 編號992498,3
2022/1/26,[請益] 均價145陽明跟135漢磊哪一個比較慘？,76
2022/1/26,[新聞] 46.9萬小股民注意！長榮海股東會5/30召開,45
2022/1/26,[情報] 3141晶宏2021 EPS 9.74,26
2022/1/26,[新聞] 美分析師：台積電是地表上最重要公司,31
2022/1/26,[情報] 0126八大公股銀行買賣超排行,52
2022/1/26,[新聞] 南韓改革外匯市場 爭取韓股晉升MSCI「已,8
2022/1/26,Re: [新聞] 搶蛋之亂 餐飲業嘆有錢買不到,29
2022/1/26,[新聞] 資誠發布《2021台灣綠電交易進度報告》：,6
2022/1/26,Re: [新聞] 你賺到了嗎？台股牛年漲11.8％ 股民平均,7
2022/1/26,Re: [請益] 不會跌了！有人抱股過年的嗎？,37
2022/1/26,[新聞] 快訊／萊鎂醫董事會通過「終止興櫃掛牌」,77
2022/1/26,[創作] 1861961 (徐乃麟-7533967),12
2022/1/26,[請益] 聯電是不是跌得莫名奇妙？,20
2022/1/26,[情報] 0126上市外資買賣超排行,100
2022/1/26,[新聞] 陳時中證實：BNT加買1000萬劑,51
2022/1/26,[情報] 111年01月26日 櫃買法人買賣金額統計表,36
2022/1/26,[心得] 2021年報完整版 & 雞排預告文,100
2022/1/26,[情報] 0126上市投信買賣超排行,59
2022/1/26,[情報] 111年01月26日 三大法人買賣金額統計表,85
2022/1/26,Re: [新聞] 野村：聯電獲利已到頂 目標價降至70元,28
2022/1/26,[請益] 政府護盤是否對空手者不公平？,21
2022/1/26,Re: [公告] Stock 樂透開獎 (開錯了，對不起 = = ),25
2022/1/26,[請益] 銀行或大公司有辦法炒股嗎?,3
2022/1/26,[新聞] 德魯里估今年貨櫃船公司總獲利增逾三成,26
2022/1/26,[閒聊] 2022/01/26 盤後閒聊,17
2022/1/26,[新聞] 你賺到了嗎？台股牛年漲11.8％ 股民平均,84
2022/1/26,[請益] 獲利回到去年幾月?,32
2022/1/26,[情報] 6202盛群2021 EPS 9.04,19
2022/1/26,[請益] 封關啦！2022至今大家賺賠多少？,100
2022/1/26,[公告] Stock 樂透開獎 (開錯了，對不起 = = ),45
2022/1/26,[新聞] 《Buy American》美國政府提高國產化採購,10
2022/1/26,[新聞] 群創營運審慎樂觀 看韓廠退出LCD面板價,11
2022/1/26,Re: [新聞] 美國白宮晶片庫存只剩5天。只跟臺灣買！,10
2022/1/26,Re: [請益] 升息對營建股算是很大的利空嗎,5
2022/1/26,[請益] 一張不賣奇蹟自來？,7
2022/1/26,[新聞] 美國白宮晶片庫存只剩5天。只跟臺灣買！,89
2022/1/26,[請益] 可成現金流疑問,26
2022/1/26,Re: [請益] 升息對營建股算是很大的利空嗎,13
2022/1/26,[請益] 升息對營建股算是很大的利空嗎,25
2022/1/26,[新聞] 泰博單周供應國內逾百萬劑抗原快篩 再拚,5
2022/1/26,[新聞] 報價反彈 塑化廠迎曙光,13
2022/1/26,[新聞] 不怕半導體庫存修正？大摩喊買聯電,49
2022/1/26,[新聞] 中國即使在尖端製程落後三至四代 可從關,8
2022/1/26,[新聞] 搶蛋之亂 餐飲業嘆有錢買不到,37
2022/1/26,Re: [新聞] 大摩：NOR Flash漲勢有限 看壞旺宏、華,9
2022/1/26,[新聞] 微軟上季獲利和營收雙雙優預期 但雲端服,16
2022/1/26,[新聞] 野村：聯電獲利已到頂 目標價降至70元,85
2022/1/26,[新聞] Fed升息可能加速 台經院：台灣央行最快,65
2022/1/26,[閒聊] 2022/01/26盤中閒聊,99
2022/1/26,[標的] 台積 過年短空,39
2022/1/26,[新聞] 全球首創！矽基「新冠病毒檢測晶片」獲EU,32
2022/1/26,Re: [心得] 近期止跌訊號的看法,1
2022/1/26,[請益] 關於投信買賣超的小小疑問,14
2022/1/26,[請益] 卍宇宙總司令卍陳老師在佈局？,30
2022/1/25,[標的] TSLA.US 特斯拉 倒車接人多,84
2022/1/25,[新聞] 〈力成法說〉Q1營收年增幅雙位數 今年營,18
2022/1/25,[請益] 空頭不死，多頭不止？,9
2022/1/25,[新聞] 接單告捷 中鋼過年產線全開,19
2022/1/25,[請益] 台股根本沒人恐慌吧?我就知道你們還有錢,22
2022/1/25,[新聞] 〈旺宏法說〉Q1毛利率再向上 NOR Flash市場看不到烏雲,9
2022/1/25,[新聞] 〈聯電法說〉今年資本支出年增66%達30億,30
2022/1/25,Re: [請益] 存股族現在的策略?,32
2022/1/25,[請益] 美股續崩，明天台股最後的戰役？,100
2022/1/25,[標的] 3169.亞信 8155博智 3455由田 3532台勝科,13
2022/1/25,Re: [標的] 2603.TW長榮,-10
2022/1/25,[新聞] 華爾街日報：台積電晶片無處不在 亞洲最,46
2022/1/25,Re: [新聞] 外資求饒式買盤 老手揭中小型股噴出時刻,8
2022/1/25,[新聞]律師許永欽：帳密外洩 投資人留意過失責任,-10
2022/1/25,[情報] 6633萊鎂醫(興櫃)01/26暫停交易,10
2022/1/25,[情報] 0125 上市櫃外資投信同買排行,0
2022/1/25,[情報] 111年01月25日信用交易統計,32
2022/1/25,[新聞] 刷新台中交易紀錄！中壽120.5億購七期,32
2022/1/25,[新聞] 飲料廠因應塞港提前備庫存 瓶用酯粒旺季,4
2022/1/25,Re: [請益] EPS 50 股價50  會發生什麼事？,8
2022/1/25,[新聞] 郭哲榮：俄烏爆戰火成全球股市黑天鵝？,39
2022/1/25,[情報] 0125 上市櫃外資投信買超金額排行,2
2022/1/25,[請益] 股價跌，量縮代表的涵義?,50
2022/1/25,[標的] 陽明2609 抄底多,100
2022/1/25,[新聞] 哈薩克南北向電纜斷線 中亞3國大規模停電,8
2022/1/25,[情報] 韓國SK與越南娜美能源投資太陽能,7
2022/1/25,[新聞] 因應變種病毒 高端申請COVID-19次世代廣,4
2022/1/25,[請益] EPS 50 股價50  會發生什麼事？,35
2022/1/25,[標的] 2338.TW 光罩  破線&期指結算空,16
2022/1/25,Re: [心得] 明天抄底，勝率95%！,10
2022/1/25,Re: [心得] 明天抄底，勝率95%！,4
2022/1/25,Re: [心得] 明天抄底，勝率95%！,2
2022/1/25,[情報] 0125八大公股銀行買賣超排行,35
2022/1/25,[心得] 明天抄底，勝率95%！,100
2022/1/25,Re: [新聞] 傳蘋果已完成 A16 處理器設計！接受台積,7
2022/1/25,Re: [請益] 存股族現在的策略?,23
2022/1/25,Re: [心得] 近期止跌訊號的看法,0
2022/1/25,[新聞] 美股暴跌 華爾街策略師：股市寒冬來臨,39
2022/1/25,[情報] 0125 量大分點齊買股,3
2022/1/25,Re: [新聞] 傳蘋果已完成 A16 處理器設計！接受台積,2
2022/1/25,Re: [請益] 違約交割能有效阻止家人當沖嗎？,4
2022/1/25,[心得] 《超級績效》融合各門派的瘋狗大師兄,54
2022/1/25,[心得] 近期止跌訊號的看法,9
2022/1/25,[新聞] 傳蘋果已完成 A16 處理器設計！接受台積,33
2022/1/25,[新聞] 大摩：NOR Flash漲勢有限 看壞旺宏、華,28
2022/1/25,[情報] 2303聯電自結2021 EPS 4.57,48
2022/1/25,[請益] 存股族現在的策略?,34
2022/1/25,Re: [請益] 這個新年大家未實現損益還好嗎？,0
2022/1/25,[請益] 定期定額的人現在是不是很安心,4
2022/1/25,Re: [請益] 這個新年大家未實現損益還好嗎？,25
2022/1/25,[新聞] 宏達電跨足數位交易市場 2月成立NFT市集,1
2022/1/25,[心得] 這波目前是不是還沒人恐慌,69
2022/1/25,[新聞] 日本地震 東芝晶圓廠停工 聯電世界利多,19
2022/1/25,Re: [請益] 現在進場是撿便宜還是接刀機會大？,3
2022/1/25,[情報] 0125上市外資買賣超排行,98
2022/1/25,Re: [請益] 明天最後一天，該逃嗎？,12
2022/1/25,[請益] 看八大進出能預測明天漲跌嗎,26
2022/1/25,[創作] 如果可以,2
2022/1/25,[請益] 這個新年大家未實現損益還好嗎？,99
2022/1/25,[新聞] 現代汽車2021年營業利潤同比增178.9%,7
2022/1/25,[請益] 明天最後一天，該逃嗎？,100
2022/1/25,[情報] 111年01月25日 櫃買法人買賣金額統計表,36
2022/1/25,Re: [情報] 0107 SCFI指數 5109.60 （+62.94）,7
2022/1/25,Re: [請益] 現在進場是撿便宜還是接刀機會大？,2
2022/1/25,Re: [請益] 現在進場是撿便宜還是接刀機會大？,25
2022/1/25,[創作] 消極掰 (韭lin),8
2022/1/25,[情報] 0125上市投信買賣超排行,61
2022/1/25,[新聞] 寶雅雙品牌續展店，年底前總店數可望破37,13
2022/1/25,[情報] 111年01月25日 三大法人買賣金額統計表,100
2022/1/25,[新聞] 晶心科聯手英商 攻車載市場,7
2022/1/25,[請益] 現在進場是撿便宜還是接刀機會大？,61
2022/1/25,[創作] 醜人作多怪 - 告五人,5
2022/1/25,Re: [情報] 0107 SCFI指數 5109.60 （+62.94）,11
2022/1/25,[新聞] 追隨川普投顧！DWAC 為史上表現最佳 SPAC 股票,7
2022/1/25,[新聞] 揭曉虎年5件大事　謝金河透露台灣3大明,26
2022/1/25,[請益] 紅茶店是不是要跌停了？,28
2022/1/25,[創作] 不要騙我 (鄭知明 - 不要騙我),3
2022/1/25,[閒聊] 2022/01/25 盤後閒聊,39
2022/1/25,[請益] 這波要跌到什麼時候啊？,82
2022/1/25,[請益] 低點是不是還沒到？,39
2022/1/25,[新聞] 2021年中國自駕計程車市場急起直追,10
2022/1/25,[請益] 畢業文數量真的可以看出低點嗎,27
2022/1/25,[新聞] 飯店業發年終謝員工抗疫 這家給到4個月,15
2022/1/25,[心得] 正式告別草原狼,34
2022/1/25,[新聞] 油價高漲 日本1/27起首動用補助平抑汽油,14
2022/1/25,[心得] 劫後餘生,100
2022/1/25,Re: [標的] 霹靂(8450) 空,15
2022/1/25,Re: [請益] 今天大盤是吊人線還是換手,11
2022/1/25,[標的] 大盤,2
2022/1/25,[新聞] 台股中空架構成形中？專家授3招過好年,16
2022/1/25,Re: [請益] 違約交割能有效阻止家人當沖嗎？,15
2022/1/25,[新聞] 專家看封關周 重回萬八可期,52
2022/1/25,[新聞] 富邦媒吞第二根跌停 陷千元保衛戰...,37
2022/1/25,[公告] 01/25 處置名單,1
2022/1/25,[新聞] Gartner：2021年全球半導體營收均增25.1%,2
2022/1/25,[請益] 所以有人被凍結不能下單嗎？,14
2022/1/25,[新聞] 南韓2021年GDP增長4%,-10
2022/1/25,[閒聊] 2022/01/25盤中閒聊,98
2022/1/25,[新聞] 鎳因供應吃緊緩解暴跌,11
2022/1/25,[新聞] 台灣半導體產值4.1兆僅次美 科技界示警5,40
2022/1/25,[新聞] 美股盤中重挫4%後驚人大掉頭 逢低買氣收,98
2022/1/25,Re: [請益] Firstrade帳戶出問題？,77
2022/1/25,[新聞] 華爾街預測PV 重磅新藥 藥華藥6446,10
2022/1/25,[新聞] 美股閃崩 鄉民睡不著 狂問要不要抱台積電,26
2022/1/25,[新聞] 486先生解定存衝股市！「9位數」存款曝,-10
2022/1/25,[請益]  美股大奇蹟日 打底成功？,99
2022/1/25,[新聞] 貨櫃三雄再挨罰？不止東南亞航線　南韓,15
2022/1/25,[新聞] 美股重挫!道瓊指數暴跌1000點 科技股血流,35
2022/1/25,[請益] 這次總該平均每位股民賠100萬了吧,20
2022/1/25,[心得] 愛榭克:美股2022多頭離到站還很遠,60
2022/1/25,Re: [美股] 道瓊空,13
2022/1/25,[請益] 台股今年是不是世界強?,52
2022/1/25,Re: [請益] 價值投資分了幾支？,9
2022/1/25,Re: [新聞] 快訊／美股開盤20分鐘暴跌600點！烏俄局勢,38
2022/1/25,[新聞] 聯詠跌破500元還能入手嗎？被瑞鼎狠超車,7
2022/1/25,Re: [請益] Firstrade帳戶出問題？,26
2022/1/25,[創作]套牢者(原作陳奕迅孤勇者),3
2022/1/25,[請益] 違約交割能有效阻止家人當沖嗎？,70
2022/1/25,[情報] ARKK把首頁的YTD收益率藏起來了！！！,38
2022/1/24,[新聞] 快訊／美股開盤20分鐘暴跌600點！烏俄局勢,64
2022/1/24,[請益] 通膨手上的股票不是該更值錢嗎?,7
2022/1/24,[情報] 1101台泥 Q4稅後淨利 51億,13
2022/1/24,[新聞] 台積電傳嘉義縣設新廠？翁章梁：歡迎來+1,36
2022/1/24,[新聞] 傳產權值股拚反攻 「新」台泥轉型第一棒,3
2022/1/24,Re: [請益] 美股又大崩盤，明天怎麼走？,26
2022/1/24,[標的] SQQQ.US 果然！多（看空美股啦）,34
2022/1/24,[標的] 富邦歐洲00709、富邦日本00645 請益,2
2022/1/24,Re: [標的] 2498.TW 宏達電 多,5
2022/1/24,[請益] 美股又大崩盤，明天怎麼走？,99
2022/1/24,[請益] FT出錯嚇到情急之下買了幽靈股票怎麼辦,34
2022/1/24,[心得] 2022第一隻黑天鵝?,18
2022/1/24,[新聞] 台積電大單湧入擴產不停　先進封裝新廠,52
2022/1/24,[請益] 長老綠買紅賣 是不是可以看到盤中資料？,24
2022/1/24,Re: [請益] Firstrade帳戶出問題？,5
2022/1/24,[新聞] 憂烏俄衝突成真 比特幣挫跌逾7%至6個月低,46
2022/1/24,[情報] 111年01月24日信用交易統計,49
2022/1/24,Re: [新聞] 美股狂崩只是前菜？專家示警「超級泡沫」,2
2022/1/24,Re: [請益] 彼得林區加碼法則,15
2022/1/24,[請益] Firstrade帳戶出問題？,100
2022/1/24,[新聞] 美國5G訊號亂航班 150萬劑莫德納疫苗延,14
2022/1/24,[情報] 0124上市櫃外資投信同買排行,4
2022/1/24,[情報] 0124 上市櫃外資投信買超金額排行,3
2022/1/24,Re: [請益] 今天是拉台積騙過年嗎？,16
2022/1/24,[請益] 彼得林區加碼法則,11
2022/1/24,[情報] 0124八大公股銀行買賣超排行,71
2022/1/24,[心得] 看到俄羅斯暴跌6% 我更有信心熊市已經來,29
2022/1/24,[新聞]全世界搶建半導體廠 盧超群：不會產能過剩,18
2022/1/24,[新聞] 中鋼去年稅前賺逾844億 看鋼市先蹲後跳,63
2022/1/24,Re: [標的] 2732六角 NFT概念股 元宇宙多,6
2022/1/24,[情報] 0124上市外資買賣超排行,100
2022/1/24,Re: [新聞] 長榮沒逃有救？ 空頭C大斷言3月驚人價,30
2022/1/24,[新聞] 晶心科IP獲蘋果供應商導入 搶元宇宙商機,15
2022/1/24,[新聞] 三商壽 啟動10年最大增資,19
2022/1/24,[新聞] 台股開低走高　法人「受國際股市影響大,0
2022/1/24,[新聞] 年增29.4倍 中鋼2021年稅前淨利844.1億元,22
2022/1/24,[新聞] 《通信網路》沒嘗到美VR商機 宏達電陷,39
2022/1/24,[請益] 有可能配息完股價變負的嗎,0
2022/1/24,[請益] 升息對那個族群是利多？,26
2022/1/24,[情報] 111年01月24日 櫃買法人買賣金額統計表,47
2022/1/24,Re: [標的] 2606.TW 裕民 空,18
2022/1/24,[新聞] 新增51例COVID-19確定病例，分別為15例,42
2022/1/24,[情報] 0124上市投信買賣超排行,71
2022/1/24,[情報] 111年01月24日 三大法人買賣金額統計表,100
2022/1/24,[新聞] 長榮沒逃有救？ 空頭C大斷言3月驚人價,11
2022/1/24,[新聞]鴻海今年要更好 美系外資喊加碼、目標價16,55
2022/1/24,Re: [標的] 2344.TW 華邦電 空,11
2022/1/24,[請益] 今天是拉台積騙過年嗎？,48
2022/1/24,Re: [請益] 禮拜五鼓吹放空的人,9
2022/1/24,[閒聊] 2022/01/24 盤後閒聊,30
2022/1/24,[新聞] 安盛生捐贈快篩 挺敏盛醫療守護大桃園,1
2022/1/24,Re: [請益] 禮拜五鼓吹放空的人,73
2022/1/24,[請益] 今天沒收紅的股票是不是可以賣了,37
2022/1/24,Re: [標的] 6116.TW 彩晶 空,8
2022/1/24,[新聞] 台積猛拉13元 台股反彈260點 奪回季線,78
2022/1/24,[新聞] 因應疫情升溫 聯電全面啟動居家上班,27
2022/1/24,Re: [請益] 現在是反彈還是起漲點?,4
2022/1/24,[請益] 現在是反彈還是起漲點?,99
2022/1/24,Re: [標的] 2330台積電 全面轉多 接刀接不停,18
2022/1/24,Re: [標的] 2603.TW 長榮 線仙空,66
2022/1/24,Re: [請益] 星期一勇敢空 ？,8
2022/1/24,Re: [請益] 星期一勇敢空 ？,0
2022/1/24,Re: [心得] 韓國股市都跌到年線下彎了 台積電不可能,9
2022/1/24,[新聞] 寶齡、泰博急單湧進　早盤拉出半根漲停,3
2022/1/24,[新聞] 面板雙虎轉型 攻場域經濟,21
2022/1/24,Re: [請益] 星期一勇敢空 ？,14
2022/1/24,[新聞] 韓去年菜籃子價格漲5.9%創十年新高,6
2022/1/24,[心得] 韓國股市都跌到年線下彎了 台積電不可能,0
2022/1/24,[新聞] 統一、儒鴻、富邦媒 外資挺,33
2022/1/24,[標的] 1515.TW 力山 派樂騰反彈多,17
2022/1/24,Re: [請益] 星期一勇敢空 ？,36
2022/1/24,[新聞] 專家示警 半導體派對將結束,70
2022/1/24,[新聞] 油價衝150美元？高盛：Fed今年每次開會,31
2022/1/24,[閒聊] 2022/01/24盤中閒聊,100
2022/1/24,Re: [新聞]：瑞士法院還藥華藥（6446）清白,0
2022/1/24,[新聞] 瑞士法院還藥華藥（6446）清白,3
2022/1/24,[新聞] 鋼市福虎生風 Q2迎燕群,19
2022/1/24,[心得] 大盤技術分析心得分享,47
2022/1/24,Re: [請益] 價值投資分了幾支？,16
2022/1/23,[新聞] 價值型投資占上風 股神巴菲特績效直追女,52
2022/1/23,Re: [標的] 元太投信買爆 多,6
2022/1/23,[新聞] 半導體需求旺+新產能開出 三福化今年營,16
2022/1/23,[請益] 今年金融殖利率低是不是在預告升息,18
2022/1/23,[標的] 4736.TWO 泰博 移工50人以上快篩多,13
2022/1/23,[新聞] Q1營運更勝往年 劉揚偉：鴻海再現榮景,19
2022/1/23,[公告] 01/23 處置名單,4
2022/1/23,[標的] 航空雙雄還有戲嗎？,48
2022/1/23,[新聞] 亞旭、鴻佰無限期停工！全員工設電子圍籬,24
2022/1/23,[新聞] 鴻海尾牙加碼！劉揚偉送10台電動車,21
2022/1/23,Re: [請益] 星期一勇敢空 ？,41
2022/1/23,[標的] 元太投信買爆 多,13
2022/1/23,Re: [請益] 星期一勇敢空 ？,18
2022/1/23,Re: [請益] 星期一勇敢空 ？,26
2022/1/23,[新聞] 高端流感疫苗調整腳步 將引進韓國原液在,6
2022/1/23,Re: [請益] 星期一勇敢空 ？,20
2022/1/23,[新聞] Netflix一夕殺25％ 專家：航運等股票恐崩,17
2022/1/23,Re: [心得] 今天忍痛出清持股 真的有心痛的感覺,0
2022/1/23,[標的] 台達電 長長多,46
2022/1/23,[新聞] 彭双浪看產業景氣 「這種」循環要來了,11
2022/1/23,[標的] 6633 萊鎂醫 多,7
2022/1/23,[新聞] 鴻海Q1淡季不淡 劉揚偉：春節只有兩天假期,26
2022/1/23,Re: [請益] 電信＆金融股 明天開盤要全部賣出嗎,15
2022/1/23,[新聞] 首批默沙東口服藥24日抵台？ 陳時中：密,17
2022/1/23,Re: [請益] 電信＆金融股 明天開盤要全部賣出嗎,10
2022/1/23,[請益] 各位認為最佳的投資組合持有要幾檔?,71
2022/1/23,[新聞] 鴻海子公司中招！鴻佰科技4員工確診 新竹,12
2022/1/23,Re: [新聞] 借券賣出暴增 長榮將有利空？,12
2022/1/23,[請益] 電信＆金融股 明天開盤要全部賣出嗎,100
2022/1/23,[新聞] 宅配通 日線由黑翻紅,20
2022/1/23,Re: [請益] 下周是不是要全賣比較好?,13
2022/1/23,[公告] foxconn1080 / momoidcool / CarlEdwards 警告一次,0
2022/1/23,[新聞] 借券賣出暴增 長榮將有利空？,51
2022/1/23,Re: [請益] 下周是不是要全賣比較好?,13
2022/1/23,[新聞] 輝瑞執行長：一年一劑型疫苗 優於頻繁打,13
2022/1/23,[新聞] 美股跌跌不休＋本土疫情延燒 台股本週陷,32
2022/1/23,[新聞] 友達老董看2022年 面板淡旺季回來了,21
2022/1/23,[請益] 烏克蘭局勢緊張該買什麼資產？,44
2022/1/23,Re: [標的］友達 空,6
2022/1/23,[請益] 請問資金管理帳戶問題,6
2022/1/23,Re: [請益] 下周是不是要全賣比較好?,100
2022/1/23,[新聞] 仁寶一則重訊觸動紅色警戒！立訊iPhone,23
2022/1/23,Re: [新聞] 美科技股還沒跌完,2
2022/1/23,Re: [請益] 抄底早抄晚抄哪個比較賺？,3
2022/1/23,Re: [請益] 抄底早抄晚抄哪個比較賺？,99
2022/1/23,Re: [新聞] 立陶宛設1.3億歐元基金 搶救受陸制裁企,0
2022/1/23,Re: [請益] 台股現在是有恃無恐？,1
2022/1/23,Re: [請益] 抄底早抄晚抄哪個比較賺？,1
2022/1/23,Re: [請益] 抄底早抄晚抄哪個比較賺？,8
2022/1/23,[請益] 抄底早抄晚抄哪個比較賺？,19
2022/1/23,[請益] 小漲8千大跌3百？,4
2022/1/22,Re: [請益] 台股現在是有恃無恐？,51
2022/1/22,Re: [心得] 股價反應未來是放屁吧?,6
2022/1/22,[請益] 抄底資金分配part2,7
2022/1/22,Re: [請益] 美國2年公債殖利率的解讀？,2
2022/1/22,[新聞] VIX周漲逾50% 標普500到2月初恐都難以脫,11
2022/1/22,Re: [請益] 台股現在是有恃無恐？,15
2022/1/22,[新聞] 謝志堅看貨櫃船運會旺到第三季,47
2022/1/22,Re: [請益] 台股現在是有恃無恐？,10
2022/1/22,[新聞] Tesla 駕駛監控系統在《消費者報告》直,20
2022/1/22,[新聞] 中遠海控大賺 發30個月年終,16
2022/1/22,Re: [請益] 台灣疫情爆炸後的抓買點指標及時機?,11
2022/1/22,[新聞] 歐盟擬立法增歐洲企業女性董事成員比例,7
2022/1/22,[新聞] 日月光防3300名移工染疫失聯3小時得快篩,16
2022/1/22,"Re: [新聞] 'Netflix stock may be dead money,' say",9
2022/1/22,Re: [請益] 現在氛圍有比去年五月，前年三月恐懼嗎？,9
2022/1/22,[請益] 台股現在是有恃無恐？,40
2022/1/22,[新聞] 美科技股還沒跌完,30
2022/1/22,Re: [請益] 現在氛圍有比去年五月，前年三月恐懼嗎？,0
2022/1/22,Re: [請益] 現在氛圍有比去年五月，前年三月恐懼嗎？,4
2022/1/22,[新聞] 美股創下疫情來最差單周表現 臨Fed超級財,3
2022/1/22,Re: [新聞] 老謝：Netflix的震撼 將影響台灣資本市場,23
2022/1/22,[新聞] 老謝：Netflix的震撼 將影響台灣資本市場,14
2022/1/22,[請益] 台灣疫情爆炸後的抓買點指標及時機?,19
2022/1/22,Re: [新聞] 抱股過年怕怕？免驚！台股年後紅盤勝率,7
2022/1/22,"Re: [新聞] 'Netflix stock may be dead money,' say",18
2022/1/22,Re: [請益] 現在氛圍有比去年五月，前年三月恐懼,11
2022/1/22,[新聞] 遭駭客網路攻擊 台達電：對營運無重大影,1
2022/1/22,Re: [請益] 現在氛圍有比去年五月，前年三月恐懼,18
2022/1/22,[新聞] 立陶宛設1.3億歐元基金 搶救受陸制裁企,15
2022/1/22,[心得] 美股2022見解,17
2022/1/22,[新聞] 亞旭疫情大爆炸！70名員工染疫　母公司,25
2022/1/22,[新聞] IBM：網路安全2022年趨勢預測,3
2022/1/22,Re: [請益] 現在氛圍有比去年五月，前年三月恐懼嗎？,29
2022/1/22,[新聞] 反壟斷法驚嚇美股 半導體成重災區,10
2022/1/22,[新聞] 彭双浪：產業景氣將重回季節變化 內需逐,15
2022/1/22,[新聞] 抱股過年怕怕？免驚！台股年後紅盤勝率,54
2022/1/22,Re: [新聞] 航運崩殺 專家爆大哥入手價 別賭一件事,9
2022/1/22,Re: [新聞] 美股狂崩只是前菜？專家示警「超級泡沫」,5
2022/1/22,[新聞] 陽明、萬海年線失守　貨櫃三雄今年獲利卻,72
2022/1/22,[新聞] 美銀加入空軍！特斯拉在美市占將暴跌至19,60
2022/1/22,Re: [請益] 淨值比幾倍算合理,2
2022/1/22,[請益] 為什麼股票證券交易稅當沖可以減半?,12
2022/1/22,[標的] 疫情+股市回檔  大家有鎖定的股票,87
2022/1/22,Fw: [新聞] 新增130例COVID-19確定病例，分別為82例本土及4,48
2022/1/22,Re: [新聞] 美股狂崩只是前菜？專家示警「超級泡沫」,14
2022/1/22,[請益] 現在氛圍有比去年五月，前年三月恐懼嗎？,87
2022/1/22,[情報] 薩爾瓦多總統抄底買進410枚比特幣,35
2022/1/22,Re: [新聞] 美股狂崩只是前菜？專家示警「超級泡沫」,24
2022/1/22,[新聞] 官股買超105.58億 史上第四高 還有490億代操資金上膛,73
2022/1/22,[公告] Stock 板 開始舉辦樂透!,13
2022/1/22,[請益] 淨值比幾倍算合理,1
2022/1/22,[心得] 樂活大叔的做法還是禁得起考驗吧,0
2022/1/22,Re: [標的] 美股 買到這些真的沒救？,38
2022/1/22,[新聞] 國巨目標價 外資喊600元,35
2022/1/22,[新聞] 股市爆殺才知誰沒穿褲子？謝金河揭「3種,24
2022/1/22,Re: [新聞] 美股狂崩只是前菜？專家示警「超級泡沫」,9
2022/1/22,[新聞] 台積電奪下SonyCIS大單,94
2022/1/22,[新聞] 台灣50貼息 零股交易暴衝,22
2022/1/22,[請益] 長期投資遇到大跌要怎麼撐住,87
2022/1/22,Re: [標的] 3491. TW 昇達科  低軌衛星題材多,3
2022/1/22,[心得] 面對股市崩跌的危機處理,65
2022/1/22,[請益] 大盤再跌金控會不會申請國賠？,-10
2022/1/22,Fw: [新聞] 亞旭電腦千人採檢 鄭文燦：累計70人確診,47
2022/1/22,[新聞] 膨風資產急速消風，比特幣早盤一度急瀉逾,50
2022/1/22,[新聞] 物價飆漲受不了！近500家佛心企業凍漲,23
2022/1/22,[新聞] 人民幣躍全球第四大支付貨幣,17
2022/1/22,Re: [請益] 丁超：一定要抱股過年,23
2022/1/22,Re: [新聞] 美股狂崩只是前菜？專家示警「超級泡沫」,49
2022/1/22,[標的] 美股 買到這些真的沒救？,100
2022/1/22,Re: [請益] 丁超：一定要抱股過年,54
2022/1/22,[公告] GUCCI5566 警告一次,6
2022/1/22,[新聞] 美股狂崩只是前菜？專家示警「超級泡沫」,100
2022/1/22,Re: [新聞] 航運崩殺 專家爆大哥入手價 別賭一件事,50
2022/1/22,Re: [新聞] 航運崩殺 專家爆大哥入手價 別賭一件事,25
2022/1/22,Re: [新聞] 航運崩殺 專家爆大哥入手價 別賭一件事,11
2022/1/22,[新聞] 亞旭電腦廠暴增60例　全數送往劍潭「加強,32
2022/1/22,"Re: [標的] QQQ.US, TQQQ.US 中短空長多",7
2022/1/22,Re: [標的] 2330台積電 全面轉多 接刀接不停,11
2022/1/22,"[新聞] 'Netflix stock may be dead money,' say",34
2022/1/22,[請益] 防疫股是不是大跌時的最佳的避險標的？,27
2022/1/21,Re: [心得] 台股跟港股反指標化,3
2022/1/21,Re: [請益] 1字頭的低利貸款要去哪找?,4
2022/1/21,Re: [標的] VRTX.US 福泰製藥 彈力帶多,0
2022/1/21,[新聞] 加州特斯拉車主用自動輔助駕駛撞死人 成,11
2022/1/21,[心得] 美股續崩,100
2022/1/21,"[標的] QQQ.US, TQQQ.US 中短空長多",44
2022/1/21,[新聞] 桃園移工群聚擴大！王必勝證實：驗出60人,100
2022/1/21,Re: [新聞] 比特幣崩跌！吳淡如「絕不贖回」要加碼,36
2022/1/21,[標的] 大盤/台積電 多,47
2022/1/21,[新聞] 年關前中國水泥發貨率急降，台泥及亞泥2,7
2022/1/21,[新聞] 航運崩殺 專家爆大哥入手價 別賭一件事,11
2022/1/21,[標的] 2498.TW 宏達電 多,27
2022/1/21,[新聞] 中信兄弟棒球隊經營異動  納入中信金控,18
2022/1/21,[新聞] 外資示警IT面板跌價衝擊獲利 降評雙虎下,23
2022/1/21,[情報] 福邦證公告110年第四季合併財務報告,18
2022/1/21,[新聞] 鴻海與Gogoro攜手印尼官方及企業 發展電,30
2022/1/21,[情報] 111年01月21日信用交易統計,63
2022/1/21,Re: [標的] 到現在多軍只有我套牢？持股請益,26
2022/1/21,[心得] 台股跟港股反指標化,10
2022/1/21,[情報] 01/21買賣超券商排行(截圖,14
2022/1/21,[新聞] 仁寶啟動併購機制，掌握車電/元宇宙商機,13
2022/1/21,"[新聞] 大摩：台股樂觀情境21,500點",80
2022/1/21,[新聞] 南韓出手穩定物價 過年前增加牛豬肉供應,12
2022/1/21,[新聞] 環球晶收購世創股權案 通過陸反壟斷主管機,27
2022/1/21,[新聞] 挾集團之力攻全球市場 擬南下覓地蓋研發大樓,15
2022/1/21,Re: [標的] 緯創 多的是你不知道的事（低歌離席）,42
2022/1/21,Re: [標的] 00893 國泰智能車 抄底多,17
2022/1/21,[情報] 0121 上市櫃外資投信同買排行,8
2022/1/21,[情報] 2323中環取得台積電/長榮股票公告,38
2022/1/21,[請益] 為什麼不開放零股當沖套利,10
2022/1/21,[情報] 0121 上市櫃外資投信買超金額排行,2
2022/1/21,[情報] 0121八大公股銀行買賣超排行,57
2022/1/21,Re: [標的] 2606.TW 裕民 空,7
2022/1/21,[公告] 01/21 處置名單：pttccbbs/dsrte/lupefan4eva/trouble04323,6
2022/1/21,Re: [新聞] 葛拉漢警告：超級泡沫已形成 美股恐暴跌,4
2022/1/21,[標的] 00899、00903.TW潔淨能源、元宇宙,14
2022/1/21,[新聞] 歐盟將提前於2022年2月初提出《歐洲晶片,26
2022/1/21,Re: [心得] 嘎偉是不是有參加腦船長會員,1
2022/1/21,[心得] 嘎偉是不是有參加腦船長會員,12
2022/1/21,Re: [標的] 漢磊均價在135是否建議續抱還是直接停損?,4
2022/1/21,[新聞] 社論》談二十年來經濟成長的表象與內涵,20
2022/1/21,[創作] 不刪,5
2022/1/21,[標的] 00893 國泰智能車 抄底多,49
2022/1/21,[請益] 是不是頭洗下去就不要亂改方向比較好？,29
2022/1/21,[標的] 漢磊均價在135是否建議續抱還是直接停損?,70
2022/1/21,[新聞] 方舟Wood：美股有泡沫的話 也是在所謂的,39
2022/1/21,Re: [請益] 套牢的股票已虧損50趴以上該怎麼處理較好,3
2022/1/21,[標的] 大麻股最近怎麼了,13
2022/1/21,Re: [標的] 到現在多軍只有我套牢？持股請益,20
2022/1/21,[新聞] 華航大徵才釋200職缺　貨運爆量！要招150名機師、無經驗也可,29
2022/1/21,[請益] 套牢的股票已虧損50趴以上該怎麼處理較好,93
2022/1/21,[情報] 0121上市外資買賣超排行,100
2022/1/21,Re: [新聞] 為何愛領股息？興富發鄭欽天納悶：配息要,10
2022/1/21,[心得] 近兩年這時間美股走勢與我的資產變化,7
2022/1/21,Re: [新聞] 葛拉漢警告：超級泡沫已形成 美股恐暴跌,27
2022/1/21,[情報] 111年01月21日 櫃買法人買賣金額統計表,42
2022/1/21,[情報] 0121 SCFI指數 5053.12 (-41.24)-0.8%,79
2022/1/21,[情報] 0121上市投信買賣超排行,71
2022/1/21,[公告] 跌破18000 怒灌區,76
2022/1/21,[情報] 111年01月21日 三大法人買賣金額統計表,100
2022/1/21,Re: [請益] 今天有人砍股票的嗎,29
2022/1/21,[新聞] 這只是剛開始？華爾街頂級策略師：股市,46
2022/1/21,[新聞] 南韓1月前20天出口同比增22%,8
2022/1/21,Re: [心得] 想抱股過年的都進來,26
2022/1/21,[新聞] 新增68例COVID-19確定病例，分別為23例,25
2022/1/21,[創作]霹靂貓(懷舊卡通),13
2022/1/21,Re: [請益] 你各位今年買的中小股跌爆了嗎？,31
2022/1/21,[閒聊] 2022/01/21 盤後閒聊,42
2022/1/21,[心得] 想抱股過年的都進來,100
2022/1/21,Re: [新聞] 最新！證交所籲24日前更新電子下單密,1
2022/1/21,[請益] 你各位今年買的中小股跌爆了嗎？,68
2022/1/21,[新聞]  台股跌慘了！ 萬8宣告失守,70
2022/1/21,[標的] 2618.TW 長榮航 空,13
2022/1/21,Re: [新聞] 最新！證交所籲24日前更新電子下單密,7
2022/1/21,Re: [標的] 萬海 海空空,1
2022/1/21,[新聞] 台股掀棄抱股過年 指數重摔310點回測季線,26
2022/1/21,Re: [請益] 大家喜歡買貴的台積的道理？,11
2022/1/21,[新聞] 鴻海釋出全球形象預告片 劉揚偉親駕電動,20
2022/1/21,[新聞] 葛拉漢警告：超級泡沫已形成 美股恐暴跌,99
2022/1/21,[新聞] 瑞昱WiFi-6E拚今年量產；首季營運淡季,13
2022/1/21,[新聞] 數位美元研究報告終於發布 Fed：將大幅,55
2022/1/21,[新聞] 區塊鏈正在醫療保健領域尋找革命性新應用,6
2022/1/21,[請益] 美國升息美股到底會漲還是會跌呢,27
2022/1/21,Re: [新聞] 最新！證交所籲24日前更新電子下單密,8
2022/1/21,[標的] 2330台積電 全面轉多 接刀接不停,60
2022/1/21,Re: [請益] 1字頭的低利貸款要去哪找?,11
2022/1/21,[新聞] 外資喊進散熱三雄　同步調升雙鴻奇鋐建,21
2022/1/21,Re: [新聞] 最新！證交所籲24日前更新電子下單密,21
2022/1/21,[請益] 賣漲追跌的策略？,15
2022/1/21,[心得] 美國利率與通貨膨脹的看法,12
2022/1/21,Re: [請益] 1字頭的低利貸款要去哪找?,9
2022/1/21,[請益] 台積跟金融誰是最後一棒?,8
2022/1/21,[新聞] 獲利9366億 金融三業去年賺破紀錄,10
2022/1/21,[新聞]  美國股市連挫1200點壓制 台股多空轉折,11
2022/1/21,[請益]當沖注意股遇到跳閃示警畫面?,2
2022/1/21,Re: [請益] 1字頭的低利貸款要去哪找?,20
2022/1/21,Re: [新聞] 最新！證交所籲24日前更新電子下單密,12
2022/1/21,Re: [標的] 台積 人去樓空,10
2022/1/21,Re: [標的] 2603.TW 長榮 歷史重演多,-10
2022/1/21,Re: [新聞] 為何愛領股息？興富發鄭欽天納悶：配息要,7
2022/1/21,[閒聊] 2022/01/21 盤中閒聊,100
2022/1/21,Re: [新聞] 最新！證交所籲24日前更新電子下單密,4
2022/1/21,[新聞] PTON 遭爆料健身產品停產 股價暴跌24%,46
2022/1/21,[請益] 今天台股是不是又甜甜價送分題,88
2022/1/21,[新聞] 傳字節跳動戰投部已解散,8
2022/1/21,[標的] 網飛往地上飛,65
2022/1/21,[新聞] 連超級空頭大摩也翻多台股！郭哲榮：這七,57
2022/1/21,Re: [美股] 道瓊空,21
2022/1/21,Re: [新聞] 最新！證交所籲24日前更新電子下單密,5
2022/1/21,Re: [新聞] 為何愛領股息？興富發鄭欽天納悶：配息要,15
2022/1/21,[新聞] 油價續攻7年最高 金價漲至2個月高點,9
2022/1/21,Re: [新聞] 最新！證交所籲24日前更新電子下單密碼,4
2022/1/21,Re: [新聞] 台灣地底蘊藏12座核四電力　比爾蓋茲搶進,72
2022/1/21,[新聞] 最新！證交所籲24日前更新電子下單密碼,27
2022/1/21,Re: [請益] 1字頭的低利貸款要去哪找?,12
2022/1/20,[請益] 是時候抄底中概了嗎,47
2022/1/20,[請益] 1字頭的低利貸款要去哪找?,53
2022/1/20,Re: [新聞] 郭哲榮:這七檔值得抱股過年 因為真的便宜,20
2022/1/20,[新聞] 分析師：晶片市場最快Q4崩盤 沒有軟著陸,36
2022/1/20,[新聞] Meta(FB) 擬進軍 400 億美元的 NFT 市場,7
2022/1/20,Re: [新聞] 為何愛領股息？興富發鄭欽天納悶：配息要,7
2022/1/20,Re: [標的] US 真的沒東西好漲了 來漲中小吧,5
2022/1/20,[新聞] 台灣地底蘊藏12座核四電力　比爾蓋茲搶進,60
2022/1/20,[新聞] 瑞銀台股布局揭密 這「九檔」優先買,6
2022/1/20,[新聞] 陸行之看ASML財報 這一點怎麼解釋都怪,38
2022/1/20,[請益] 丁超：一定要抱股過年,46
2022/1/20,[請益] 全職交易一年要賺多少才可以,11
2022/1/20,[標的] 3624.TW光頡 賭博追高多,16
2022/1/20,[新聞] 郭哲榮:這七檔值得抱股過年 因為真的便宜,100
2022/1/20,[新聞] 中國房企奧園官網宣布違約 賴帳190億元,14
2022/1/20,[新聞] 船期延誤、年前趕貨 大陸鹽田港21日起限,44
2022/1/20,[新聞] 集邦：1月電視面板報價跌勢收斂 筆電面板,8
2022/1/20,[新聞] 27家藥廠簽協議 將生產默沙東的COVID口服,13
2022/1/20,[情報] 111年01月20日信用交易統計,15
2022/1/20,Re: [請益] 升息台股怎麼走,42
2022/1/20,Re: [標的] 6116.TW 彩晶 空,20
2022/1/20,[新聞] 俄羅斯打MIT流感疫苗 國光聯手俄藥廠攻,11
2022/1/20,[新聞] 南僑去年每股賺4.34元 寫五年新高,54
2022/1/20,Re: [新聞] 1.5萬就能入手！富邦元宇宙ETF 1／24掛牌,9
2022/1/20,[情報] 0120八大公股銀行買賣超排行,19
2022/1/20,[標的] 3017奇鋐 前女友多,31
2022/1/20,[新聞] 考量下游庫存去化 中鴻調降2月內銷盤價,22
2022/1/20,[標的] 3455由田 不跌看多,24
2022/1/20,Re: [標的] 4915.TW 致伸 多（附對帳單）,30
2022/1/20,[情報] 0120 上市櫃外資投信同買排行,3
2022/1/20,[情報] 0120 上市櫃外資投信買超金額排行,10
2022/1/20,[新聞] 索尼該如何應對微軟「花錢買優勢」策略,43
2022/1/20,[請益] 會為了標的而找第二券商開戶嗎？,35
2022/1/20,[請益] 把兆豐證券股票移到永豐大戶證券的方法?,8
2022/1/20,[標的] 2233宇隆 型態出現上漲訊號？,22
2022/1/20,[情報] 0120上市外資買賣超排行,77
2022/1/20,[請益] 會因為開戶送的贈品去開證券戶嗎?,43
2022/1/20,[情報] 0120上市投信買賣超排行,57
2022/1/20,[創作] 單身公害 (韭lin),14
2022/1/20,[情報] 1316 上曜自結12月EPS -0.2,33
2022/1/20,[情報] 111年01月20日 櫃買法人買賣金額統計表,43
2022/1/20,Re: [新聞] 資金退潮股市裸泳 謝金河點出三種恐被拋,7
2022/1/20,[情報] 111年01月20日 三大法人買賣金額統計表,100
2022/1/20,[新聞] 快訊／聯亞藥新藥三期期末數據出爐！,71
2022/1/20,Re: [新聞] 傳台積電高雄廠整汙不順轉覓地中油宿舍群,20
2022/1/20,[新聞] 1.5萬就能入手！富邦元宇宙ETF 1／24掛牌,51
2022/1/20,[新聞] 報道：瑞幸咖啡考慮在美國重新上市,23
2022/1/20,[標的] 3008.TW 大立光 討論,12
2022/1/20,[閒聊] 2022/01/20 盤後閒聊,13
2022/1/20,[新聞] IDTechEx提出全球電動車六大趨勢,3
2022/1/20,[新聞] 俄烏緊張衝擊鋁價 大成鋼鋁捲板醞釀再漲,29
2022/1/20,[新聞] 路易莎跨足健身產業 咖啡年後要漲價了,43
2022/1/20,[新聞] 台股急殺 國家隊救援,82
2022/1/20,Re: [新聞] 資金退潮股市裸泳 謝金河點出三種恐被拋,7
2022/1/20,Re: [請益] 升息台股怎麼走,13
2022/1/20,[新聞] 韓國重罰航商有內幕！原訂罰金8千億韓元,17
2022/1/20,[新聞] 童子賢：中國已非製造業最佳選擇 台商南,21
2022/1/20,Re: [請益] 要怎麼知道有沒有撐？,20
2022/1/20,[新聞] 傳台積電高雄廠整汙不順轉覓地中油宿舍群,34
2022/1/20,[新聞] 聯發科WiFi7估2023初量產 比WiFi6快2.4倍,37
2022/1/20,[新聞] 北市加開高端疫苗接種站 隨到隨打,27
2022/1/20,[新聞] 資金退潮股市裸泳 謝金河點出三種恐被拋,43
2022/1/20,[新聞] 藥華藥登JP Morgan,3
2022/1/20,[標的] 6547高端 台灣加油多,32
2022/1/20,Re: [新聞] 存股很穩，但不是賺最多！貝佐斯、馬斯克,6
2022/1/20,Re: [請益] 台股真的回不去了嗎?,10
2022/1/20,[新聞] 立陶宛農業部長：企業盼6月來台參展開拓,27
2022/1/20,[新聞] 為何愛領股息？興富發鄭欽天納悶：配息要,35
2022/1/20,[請益] 暴跌勇於接刀感覺勝率似乎比較高?,55
2022/1/20,Re: [請益] 要怎麼知道有沒有撐？,6
2022/1/20,Re: [請益]所得稅級距12%以上就不要參加除息嗎,9
2022/1/20,[標的] 3645 達邁,0
2022/1/20,[請益] 升息台股怎麼走,68
2022/1/20,[新聞] 大摩挺台股 喊傳產優於電子,56
2022/1/20,Re: [請益] 要怎麼知道有沒有撐？,2
2022/1/20,[閒聊] 2022/01/20盤中閒聊,100
2022/1/20,[請益] 要怎麼知道有沒有撐？,52
2022/1/20,[新聞] 與阿聯49億美元貨幣互換 挹注土耳其央行,9
2022/1/20,Re: [新聞] 美債息飆高 全球股市震盪,18
2022/1/20,[新聞] 抗美變招 華為搶進私募基金,7
2022/1/20,[新聞] 美債息飆高 全球股市震盪,44
2022/1/20,[創作] 台積曲,0
2022/1/20,Re: [請益] 戰爭開打概念股,1
2022/1/20,[新聞] 外資報告》大摩：定價能力難持續 喊賣力,15
2022/1/20,[新聞] 南電Q1動能暫歇 投顧看今年中性偏多,14
2022/1/19,[標的] 2606.TW 裕民 空,11
2022/1/19,[新聞] EUV光刻機搶手 ASML明年市值上看14兆,4
2022/1/19,[新聞] 謝金河曝6大老闆的話洩明牌 散戶押哪支,5
2022/1/19,[請益] 戰爭開打概念股,37
2022/1/19,[請益] 營業員的年節禮物,100
2022/1/19,[情報] 0119 上市櫃外資投信同買排行,1
2022/1/19,[請益] 為什麼陳老師要一直推宏達電？,29
2022/1/19,[新聞] 存股很穩，但不是賺最多！貝佐斯、馬斯克,12
2022/1/19,[請益] 為什麼蔡銘明彰要一直推海運？,25
2022/1/19,[情報] 0119 上市櫃外資投信買超金額排行,0
2022/1/19,[心得] 越南FLC董事長偷賣股票始末,37
2022/1/19,Re: [請益] 為什麼台積配息總會拿美公債來比,5
2022/1/19,Re: [請益] 為什麼台積配息總會拿美公債來比,5
2022/1/19,[請益] 為什麼台積配息總會拿美公債來比,24
2022/1/19,[新聞] 股票推銷、一接就掛來電變多？Whoscall：,50
2022/1/19,[新聞] ESL需求旺盛 元太今年獲利挑戰新高,6
2022/1/19,[情報] 111年01月19日信用交易統計,72
2022/1/19,Re: [請益] 立凱-ky vs 陽明，證明財報無用論？,7
2022/1/19,[新聞] 宣明智：電動車產值估達6兆美元 台灣將,23
2022/1/19,[新聞] 光刻機需求高燒不退  ASML Q4利潤超預期,12
2022/1/19,[新聞] 鴻海挹注13.8億 投資旗下電動車子公司,19
2022/1/19,[情報] 1/19 違約交割公告,63
2022/1/19,[新聞] 搶8%股息ETF!台灣股民「溢價9%買爆」不敗,0
2022/1/19,[新聞] 英特爾擴展與ASML合作 下訂首台先進EUV,30
2022/1/19,[新聞] 布局OLED 三星6月停產LCD,9
2022/1/19,Re: [請益] 請問股海老船長大家覺得這個老師怎麼樣,34
2022/1/19,[標的] AMC.US 發生什麼事了嗎？,15
2022/1/19,[新聞] 雲豹能源人氣夯 興櫃首日交易量破紀錄,36
2022/1/19,[情報] 聯亞藥 因有重大訊息待公布明天暫停交易,22
2022/1/19,[情報] 0119八大公股銀行買賣超排行,39
2022/1/19,[新聞] 35萬股民領紅包！「國民ETF」0050將配息3,32
2022/1/19,[請益] 台灣有全心全意為股東權益著想的公司嗎,36
2022/1/19,[新聞] 韓國廠商正爭取成為Apple Car供應鏈的一,9
2022/1/19,［新聞］台股熱潮讓證交所賺翻天，股民卻看得,9
2022/1/19,[新聞] 莫德納缺貨 莊人祥：24日還有一批抵台,13
2022/1/19,[新聞] 找嘸頭路！越南失業人口將達130萬,24
2022/1/19,[新聞] 23年首縮！高鐵年終1.8個月輸台鐵,33
2022/1/19,[新聞] 阿布達比石油設施遭攻擊 原油收登2014年來最高點,21
2022/1/19,[新聞] 台積電股價700元近了？法人三個字回應,100
2022/1/19,Re: [請益] 立凱-ky vs 陽明，證明財報無用論？,7
2022/1/19,Re: [請益] 立凱-ky vs 陽明，證明財報無用論？,7
2022/1/19,[情報] 0119上市外資買賣超排行,100
2022/1/19,[新聞] 人行：貨幣政策工具箱再開大一些,30
2022/1/19,[情報] 111年01月19日 櫃買法人買賣金額統計表,56
2022/1/19,Re: [請益]所得稅級距12%以上就不要參加除息嗎,29
2022/1/19,[新聞] 三星全面退出LCD業務 韓媒曝：提前在今年,49
2022/1/19,[創作] 張鎬哲-離別酒,12
2022/1/19,[請益] NFT亂象是股債崩盤的前兆嗎？,29
2022/1/19,[情報] 111年01月19日 三大法人買賣金額統計表,100
2022/1/19,[新聞] 台灣股市市值、人均GDP大躍進 終於贏韓國,95
2022/1/19,[情報] 0119上市投信買賣超排行,65
2022/1/19,Re: [請益] 立凱-ky vs 陽明，證明財報無用論？,8
2022/1/19,[新聞] 劉揚偉：鴻海將切入元宇宙平台,55
2022/1/19,Re: [新聞] 微軟收購動視暴雪的交易可能受到嚴密反,8
2022/1/19,Re: [標的] 8069.TW 元太 櫃買要吃鰻魚飯多,0
2022/1/19,[閒聊] 2022/01/19 盤後閒聊,26
2022/1/19,[請益] 立凱-ky vs 陽明，證明財報無用論？,25
2022/1/19,[新聞] 微軟收購動視暴雪的交易可能受到嚴密反,23
2022/1/19,[情報] 燦星網減資基準日等相關事宜,14
2022/1/19,[新聞] 台積電攻綠色製造 立凱、長園科攻漲停,11
2022/1/19,[請益]所得稅級距12%以上就不要參加除息嗎,57
2022/1/19,[新聞] 雲豹能源登興櫃 和益持股9% 收益可期,12
2022/1/19,Re: [心得] 散戶心態,65
2022/1/19,[標的] 4938 和碩 IPHONE13多,21
2022/1/19,[新聞] 台積電大舉投資440億美元，三星在晶圓代,37
2022/1/19,[心得] 今天忍痛出清持股 真的有心痛的感覺,64
2022/1/19,[情報] 2021胡潤中國500強！台積電排名第二！,30
2022/1/19,[新聞] 赴美注意！美5G訊號干擾777飛行　民航局,4
2022/1/19,[新聞] 中概股簡報：京東成為Shopify首个中國戰,17
2022/1/19,[新聞] 萊析樂™快篩證實可檢測Omicron病毒,8
2022/1/19,[新聞] 花旗喊買陽明 目標價為186元,58
2022/1/19,[新聞] 航業界研判：就怕陸、美、歐都來收 一家,23
2022/1/19,[請益] 股票借出,29
2022/1/19,[新聞] 美系外資看2022台股：首選聯發科等15檔,22
2022/1/19,Re: [新聞]〈美股盤後〉股債雙殺！半導體類股血崩 動視暴雪猛漲逾25,12
2022/1/19,[新聞] 雲豹能源 今每股70元登興櫃,68
2022/1/19,[心得] 散戶心態,100
2022/1/19,[新聞] 南韓開罰23航商 貨櫃三雄全上榜,9
2022/1/19,[新聞] 國光生Omicron快篩 報捷,13
2022/1/19,[新聞] 美國航空業聯合警告「5G將導致航班大亂,24
2022/1/19,[新聞] 致佳廠房遭火吞噬 世禾：客戶上門求產能,10
2022/1/19,[閒聊] 2022/1/19 盤中閒聊,99
2022/1/19,[新聞]〈美股盤後〉股債雙殺！半導體類股血崩 動視暴雪猛漲逾25%,52
2022/1/19,Re: [標的] 葛蘭素史克 GSK,2
2022/1/19,Re: [新聞] 微軟要收購暴雪!,43
2022/1/19,[標的] 2454 聯發科 勢如破竹多,15
2022/1/19,Re: [新聞] 微軟要收購暴雪!,23
2022/1/19,Re: [新聞] 海運商操縱價格遭南韓開罰 長榮、萬海都,16
2022/1/19,[新聞] 國際勞工組織：越南2022失業人數預計攀升,5
2022/1/19,[新聞] 外資超愛！越南自貿協定覆蓋率廣 今年經,6
2022/1/18,Re: [新聞] 微軟要收購暴雪!,15
2022/1/18,Re: [心得] 我被出貨了 跟去年拉台積 殺航運一樣,59
2022/1/18,[新聞] 智原矽智財 獲德車用驗證機構認證,10
2022/1/18,[請益] 現在美股是牛市或熊市?,64
2022/1/18,[新聞] 航運 is over？從台積下跌看貨櫃三雄未來,23
2022/1/18,Fw: [申請] Stock 板 新增實習板主,42
2022/1/18,[新聞] 微軟要收購暴雪!,97
2022/1/18,[情報] 微軟準備收購暴雪(ATVI)！！盤前暴漲37%,99
2022/1/18,[新聞] Microsoft to buy Activision Blizzard,57
2022/1/18,[情報] 00733.TW 2022 年第 1 次成分股定期審核,8
2022/1/18,[標的] 4739.TW 康普 A夢多,15
2022/1/18,[新聞] 華爾街日報：花旗台灣消金業務即將售予星,7
2022/1/18,[標的] 4945陞達科 大家一起多一多,7
2022/1/18,[情報] 111年01月18日信用交易統計,35
2022/1/18,[標的] 2344.TW 華邦電 空,32
2022/1/18,[新聞] 快訊／高力2員工確診！桃園同辦公室30多人,16
2022/1/18,[新聞] 海運商操縱價格遭南韓開罰 長榮、萬海都,23
2022/1/18,[新聞] 桃園群聚案延燒 高力2員工確診 同辦公室,20
2022/1/18,[新聞] 南韓控操作運價 陽明:未收到判決書 對財,27
2022/1/18,[請益] 鴻海ADR套利有搞頭嗎,9
2022/1/18,[請益] 台股沒有碎股是不是對小資族不友善,12
2022/1/18,[新聞] 【公告】說明長榮受南韓公平會(KFTC)調查,15
2022/1/18,Re: [請益] 資金多少才會考慮避險與如何避險,5
2022/1/18,[情報] 0118 上市櫃外資投信同買排行,3
2022/1/18,[情報] 0118 上市櫃外資投信買超金額排行,8
2022/1/18,[新聞] 南韓為舊案處分長榮、陽明、萬海等23家船,35
2022/1/18,Re: [標的] 2609陽明,23
2022/1/18,[情報] 2323中環取得環球晶/處分大同股票之公告,36
2022/1/18,[情報] 0118八大公股銀行買賣超排行,13
2022/1/18,[新聞] 法人:台股18300點有撐需觀察美縮表動向,5
2022/1/18,[新聞] 散戶急接刀航運？專家曝長榮陽明入手價,18
2022/1/18,[新聞] 2021年Q3季 航海3雄東協大賺逾千億,2
2022/1/18,[新聞] 2021年全球創投資金創紀錄達6210億美元,3
2022/1/18,[新聞] 要讓超微看不到車尾燈？英特爾CEO：AMD已,95
2022/1/18,[標的] 2337 旺宏 多,37
2022/1/18,Re: [心得] 半導體設備國產化,8
2022/1/18,[新聞] 2021年度台股人氣王揭曉 股民最愛這檔,18
2022/1/18,[情報] 0118鉅額交易日成交資訊-單一證券,5
2022/1/18,[新聞] 台灣將與病毒共存？陳時中認了：大家要,98
2022/1/18,[標的] 2609陽明,24
2022/1/18,[心得] 半導體設備國產化,30
2022/1/18,[心得] 大家玩當沖都賠多少呢?,30
2022/1/18,[新聞] 宏達電獲授權 全球獨家上架美少女戰士VR,51
2022/1/18,[標的] 2457 飛宏 多,0
2022/1/18,[標的] 2542.TW 興富發 多,-10
2022/1/18,[情報] 0118上市外資買賣超排行,88
2022/1/18,Re: [心得] 我被出貨了 跟去年拉台積 殺航運一樣,3
2022/1/18,[情報] 3231緯創第四季營收,30
2022/1/18,[標的] 台積 人去樓空,-10
2022/1/18,Re: [情報] 111年01月18日 櫃買法人買賣金額統計表,0
2022/1/18,[標的] 2347 聯強 多,13
2022/1/18,[心得] 我被出貨了 跟去年拉台積 殺航運一樣,62
2022/1/18,[情報] 111年01月18日 櫃買法人買賣金額統計表,50
2022/1/18,Re: [標的] 富邦越南 00885.TW 請益,34
2022/1/18,[情報] 111年01月18日 三大法人買賣金額統計表,53
2022/1/18,Re: [標的] 2330台積電又變成dead money了嗎？,99
2022/1/18,[情報] 0118上市投信買賣超排行,57
2022/1/18,[標的] 2330台積電又變成dead money了嗎？,53
2022/1/18,[新聞] 中東緊張加劇拉高油價 布蘭特原油觸及7年高點,9
2022/1/18,[新聞] 英特爾計畫在美國俄亥俄州建立大型晶圓廠,7
2022/1/18,[新聞] 台積電下殺收最低 網友兩張空單一天停利,-10
2022/1/18,[新聞] 美國需降15%消費才能消除港口壅塞　我業,14
2022/1/18,Re: [請益] 資金多少才會考慮避險與如何避險,2
2022/1/18,[閒聊] 2022/01/18 盤後閒聊,53
2022/1/18,"[新聞] 南韓罰長榮、萬海等23家航商共8,100萬美",99
2022/1/18,[新聞] 美系外資看好運價上漲空間 重申加碼長榮,0
2022/1/18,Re: [請益] 股票要實際賣掉獲利才算贏過大盤？,25
2022/1/18,Re: [新聞] 台積登頂 謝:設備供應鏈才是威力所在,8
2022/1/18,[請益] 股票要實際賣掉獲利才算贏過大盤？,82
2022/1/18,[標的] 2330 台積電 五日有撐 最後買點？,35
2022/1/18,[請益] 舊券商換到新券商，股利會發至哪個戶頭呢？,10
2022/1/18,Re: [標的] 2603.TW 長榮 歷史重演多,1
2022/1/18,[情報] 越南今年將開發6G技術,54
2022/1/18,[標的] 台積電 2330 無腦空,100
2022/1/18,[新聞] 台灣6年後人均GDP將超越日本？學者：日本預測參考就好,100
2022/1/18,[新聞] 台積登頂 謝:設備供應鏈才是威力所在,0
2022/1/18,[請益] 外籍人士開戶有無推薦的證劵公司?,23
2022/1/18,[新聞] 謝金河喊進台積電大聯盟 3族群2檔發了,19
2022/1/18,[請益] 請問看盤軟體,10
2022/1/18,[請益] 年前封關 菜鳥操作求教？,31
2022/1/18,[新聞] 仁寶平鎮廠停工七天估影響不到0.1% 股價,17
2022/1/18,[新聞] 2022年科技產業新趨勢,3
2022/1/18,[新聞] 疫情下旅行社成重災區 168家倒地,31
2022/1/18,Re: [標的] 2603.TW 長榮 歷史重演多,0
2022/1/18,[新聞] 招手元住民！宏達電限時招募10位VR居民、,24
2022/1/18,[標的] 台積電 下跪認錯 多,0
2022/1/18,[新聞] 快訊／新竹校園連爆確診！「國小學童PCR」,76
2022/1/18,[請益] 推薦給初學者看的影片或文章?,41
2022/1/18,[閒聊] 2022/01/18 盤中閒聊,99
2022/1/18,[新聞] 新台幣衝上近25年新高 專家揭關鍵轉折,35
2022/1/18,Re: [標的]  6452 康友,11
2022/1/18,Re: [標的] 富邦越南 00885.TW 請益,17
2022/1/18,Re: [請益] 位階搭配獲利，如何獲利了結,25
2022/1/18,[新聞] 去年企業籌資達1.05兆元創史上新高,1
2022/1/18,[請益] 位階搭配獲利，如何獲利了結,25
2022/1/18,[公告] 股票板板規 v4.0 (2022/01/18 修正),0
2022/1/18,[創作] 我學會飛翔,8
2022/1/18,Re: [標的] 美元 有人知道為什麼美金創新低嗎?,21
2022/1/17,[公告] 水桶 ☎ 招募板主中 ☎☎☎,17
2022/1/17,[請益] 資金多少才會考慮避險與如何避險,26
2022/1/17,[請益] 存股族適合用covered call來賺錢嗎？,39
2022/1/17,Re: [標的] 美元 有人知道為什麼美金創新低嗎?,13
2022/1/17,[新聞] 專家曝美做錯這事 航運塞爆恐成世紀噩夢,9
2022/1/17,[請益] 利空/利多 新聞連發會怎樣??,24
2022/1/17,[新聞] 台塑總裁王文淵拍板不額外發紅包 估今年獲利不如去年,23
2022/1/17,Re: [新聞] 台灣半導體設備6000億元靠進口 蔡英,100
2022/1/17,[標的] 康那香尬空多,7
2022/1/17,Re: [新聞] 台灣半導體設備6000億元靠進口 蔡英文：,8
2022/1/17,[情報] 111年01月17日信用交易統計,28
2022/1/17,[標的] 富邦越南 00885.TW 請益,32
2022/1/17,[新聞] 海運股倒頭栽 是不是沒戲了？,59
2022/1/17,[新聞] 日亞控日本華碩侵權獲勝 日本華碩須負損害賠償責任,14
2022/1/17,[請益] 為何主力賣超的股票還會漲,25
2022/1/17,Re: [新聞] 台灣半導體設備6000億元靠進口 蔡英文：,38
2022/1/17,[新聞] 海運一櫃難求！陸工人秀「千斤頂塞貨」,10
2022/1/17,Re: [標的] 8069.TW 元太 櫃買要吃鰻魚飯多,0
2022/1/17,[標的] 電動車類股今年強勢題材?,45
2022/1/17,[標的] 智原3035 我邰哥天下無敵多,16
2022/1/17,[情報] 0117 量大分點齊買股,1
2022/1/17,[新聞] 得力旗下浙江福發、杭州得力搬遷，補償金,20
2022/1/17,[情報] 0117 上市櫃外資投信同買排行,6
2022/1/17,[情報] 0117八大公股銀行買賣超排行,42
2022/1/17,[標的] 2330.TW 台積電 請益,36
2022/1/17,[情報] 0117 上市櫃外資投信買超金額排行,1
2022/1/17,[新聞] 台股登萬八投資人卻落跑 Q4大戶、散戶交,72
2022/1/17,[新聞] 村田部分MLCC產線停工 供需吃緊國巨受惠,27
2022/1/17,[新聞] 國際油價狂漲 二檔正向原油ETF大漲2.63,19
2022/1/17,[新聞] 供應鏈危機延燒 澳洲肯德基停賣雞肉產品,16
2022/1/17,[新聞] 陽明晉身資產股 坐擁十土地,63
2022/1/17,[請益] 台積電去年一月跟今年一月的量價變化,70
2022/1/17,[新聞] 2021年印度誕生44家新創獨角獸公司,4
2022/1/17,[情報] 0117上市外資買賣超排行,100
2022/1/17,[情報] 111年01月17日 櫃買法人買賣金額統計表,58
2022/1/17,[新聞] 中國央行果斷出手 「降息」穩定經濟,100
2022/1/17,[新聞] 大立光續坐冷板凳 玉晶光失守500元,15
2022/1/17,[標的] 1732.tw 毛寶 尾盤,30
2022/1/17,Re: [請益] 請問看財務報表來投資效果大不大？,3
2022/1/17,[情報] 111年01月17日 三大法人買賣金額統計表,49
2022/1/17,[情報] 0117上市投信買賣超排行,83
2022/1/17,[新聞] 仁寶再添1確診　已3人染疫 全面停工,57
2022/1/17,Re: [請益] 請問看財務報表來投資效果大不大？,24
2022/1/17,[新聞] 韓加貿易代表舉行會談商討韓加入CPTPP事,12
2022/1/17,[請益] 沒漲停的股票幹嘛借券？,29
2022/1/17,[新聞] 快訊／染疫再擴大！今爆17例本土「14例和,76
2022/1/17,[新聞] 【股價688元新高】台積電市值躍上全球第,52
2022/1/17,[新聞] 貨櫃三雄失動能 航運股跌第一,22
2022/1/17,[標的] 6176 瑞儀 多,28
2022/1/17,[新聞] 國鼎新冠新藥解盲引發疑慮 股價7天跌回起漲點,11
2022/1/17,[閒聊] 2022/01/17 盤後閒聊,19
2022/1/17,[新聞] 民眾搶打第三劑疫苗！高端盤中衝漲停,18
2022/1/17,[標的] 除了台積電/金融股還有什麼可進場？,75
2022/1/17,[新聞] 手上沒台積電好慘？專家曝散戶這麼做,21
2022/1/17,[新聞] 傳 AMD 伺服器晶片漲價三成，客戶「不買,23
2022/1/17,[新聞] 航運鏈染疫 美中出手救援,11
2022/1/17,[新聞] 環球晶併世創只欠東風 世創憂：德經濟部,12
2022/1/17,[新聞] 雲豹能源19日於興櫃掛牌　參考價每股70元,78
2022/1/17,Re: [標的] 2603.TW 長榮 歷史重演多,0
2022/1/17,[標的] 美元 有人知道為什麼美金創新低嗎?,58
2022/1/17,[標的] 00770 國泰北美科技 會賣不掉嗎?,10
2022/1/17,[新聞] 疫情燒民眾搶打第三劑風潮 高端開漲,33
2022/1/17,[新聞] 台積電創天價679學長終解套！法人：外資,50
2022/1/17,[新聞] 女股神報明牌暴跌40% 拒認錯嗆1句 散戶,36
2022/1/17,Re: [新聞] 台積電攻700快了?專家爆關鍵時:散戶大驚,14
2022/1/17,[新聞] 韓HDC集團會長就光州新樓坍塌事故致歉,5
2022/1/17,[新聞] 台積電登頂！盤點這群最有身價的男人,51
2022/1/17,[新聞] 聯電宣布：即日起分組、分區上班,17
2022/1/17,[新聞] 北韓試射2枚彈道飛彈 嚇倒韓股,38
2022/1/17,[新聞] 679梯大學長解套了！台積電早盤上攻至68,52
2022/1/17,[新聞] 謝金河點名「元宇宙」一定有後座力 籲應,28
2022/1/17,[標的] 今天突破前高再追台積才合理吧？,61
2022/1/17,Re: [請益] 現實生活談論長期投資的是不是都異類,6
2022/1/17,[新聞] 西堤傳播鏈傳不停已23例確診 王品早盤跌,25
2022/1/17,Re: [請益] 大家買股票都怎麼判斷?,3
2022/1/17,[新聞] 台積啖蘋果A16晶片 4奈米漲價接單,38
2022/1/17,[新聞] 防駭！千萬證券戶限期改密碼,68
2022/1/17,[閒聊] 2022/01/17 盤中閒聊,99
2022/1/17,[新聞] 台泥17日秀植物保種成果,26
2022/1/17,[請益] 大家買股票都怎麼判斷?,39
2022/1/17,[新聞] 困境…營建缺工 半導體產業最有感,40
2022/1/17,Re: [新聞] 台積電攻700快了?專家爆關鍵時:散戶大驚,1
2022/1/17,Re: [請益] 現實生活談論長期投資的是不是都異類,23
2022/1/17,[創作] 龍戰騎士,10
2022/1/16,[新聞] 網企裁員潮 傳叮咚買菜已裁上萬人,25
2022/1/16,[新聞] 航運價降溫 終止連九漲,56
2022/1/16,[創作] 杜鵑鳥的黃昏-致敬小胖老師,4
2022/1/16,Re: [請益] 現實生活談論長期投資的是不是都異類,18
2022/1/16,[新聞] 多空拉鋸台股周線收紅 農曆年前封關留意,7
2022/1/16,[請益] 現實生活談論長期投資的是不是都異類,81
2022/1/16,[新聞] 台積電攻700快了?專家爆關鍵時:散戶大驚,100
2022/1/16,Re: [請益] 請問看財務報表來投資效果大不大？,10
2022/1/16,[新聞] 玉山總部啟動居家、異地辦公！　民營陸,28
2022/1/16,[情報] 2324 仁寶 : 2名員工確診,82
2022/1/16,[新聞] 萬海年終傳12個月加100萬元 公司回應了,12
2022/1/16,[新聞] 萬海輸人不輸陣！傳年終每人加贈百萬,65
2022/1/16,[新聞] 台勝科 12 吋新廠大部分產能已被包光,29
2022/1/16,[標的] 滿街都是保時捷cayenne可買汎德永業嗎?,35
2022/1/16,[標的] 4735. TW 豪展 養樂多,6
2022/1/16,[創作] 翻車(粵),3
2022/1/16,Re: [新聞] 75.3萬人搶第3劑「2萬人選高端」 這廠牌,29
2022/1/16,[請益] 覺得台股很便宜想歐印合適嗎,47
2022/1/16,[新聞]航運三雄偷拉尾要反攻？老手爆大哥較安全,19
2022/1/16,Re: [新聞] 俄烏危機升溫恐斷歐天然氣供應！,27
2022/1/16,"[新聞] 封關倒數 台股拚衝破18,500點",35
2022/1/16,[新聞] 新增51例COVID-19確定病例，分別為10例,23
2022/1/16,[新聞] 傳英特爾將斥資10億美元 在美俄亥俄州建,35
2022/1/16,[新聞] 747貨機「放油回航」華航證實：一引擎異,23
2022/1/16,[新聞] Fed亮鷹爪、美元反摔兩月低 專家：市場,43
2022/1/16,Re: [請益] 請問看財務報表來投資效果大不大？,33
2022/1/16,[新聞] 美國洛杉磯火車遭洗劫　受害公司不滿,100
2022/1/16,[新聞] 快訊／華航班機驚傳「空中起火」！緊急拋油,60
2022/1/16,Re: [標的] 6547 高端多,9
2022/1/16,[新聞] Omicron來襲 富邦金17日起啟動北北桃基居,13
2022/1/16,[新聞] 北科大成立元宇宙XR研發中心打造育才基地,16
2022/1/16,[新聞] 仁寶平鎮廠昨取消加班全員快篩　員工驚긮,55
2022/1/16,[新聞] 15檔獲利雙強 賺紅包,41
2022/1/16,[請益] 智原是不是要噴了啊,57
2022/1/16,[新聞] 1%產能降價就能「玩死對手」！大立光林,51
2022/1/16,Re: [新聞] 俄烏危機升溫恐斷歐天然氣供應！,12
2022/1/16,[新聞] 韓證券市場2021年外資凈流入387.1億美元,14
2022/1/16,[新聞] 本土金控全出局 星展將買下花旗台灣個金,68
2022/1/16,[新聞] 俄烏危機升溫恐斷歐天然氣供應！,40
2022/1/16,[創作] 印度麥可傑克森,53
2022/1/16,[新聞] 陽明花4.49億拿回併招商局時取得的重慶南,81
2022/1/16,[請益] 存股族若存到大立光該有什麼策略呢？,46
2022/1/16,Re: [新聞] 看空女股神ARKK成功！SARK報酬已近40％,9
2022/1/15,[新聞] 仁寶今年迄今9個交易日 收8根紅K 漲幅3.3,39
2022/1/15,[新聞] 恆大效應擴大》中國民生銀行恐背290億人,32
2022/1/15,Re: [請益] 請問財報中合約負債的意義,16
2022/1/15,[新聞] 75.3萬人搶第3劑「2萬人選高端」 這廠牌,94
2022/1/15,[請益] 勞保破產.對經濟或股市可能帶來什麼影響?,64
2022/1/15,Re: [新聞] 打炒房還沒完！楊金龍今示警：將於適當,11
2022/1/15,[創作] 渡情,23
2022/1/15,[新聞] 台股開戶數逾人口一半 44%年輕族群已開戶,100
2022/1/15,Re: [請益] 該買金融股還是電子股,24
2022/1/15,Re: [新聞] 傳微軟挖走蘋果關鍵工程師，負責研發晶片,98
2022/1/15,[新聞] 台灣貝里斯經濟合作協定生效 有助雙邊貿,17
2022/1/15,Fw: [新聞] 預約不到高端疫苗 指揮中心：聯繫多開施,21
2022/1/15,[請益] 該買金融股還是電子股,100
2022/1/15,Re: [標的] Brk.b 與 S&P500 二選一的問題,9
2022/1/15,[情報] 台積電聯電/航運/金融集保人數2022增減,92
2022/1/15,Re: [標的] Brk.b 與 S&P500 二選一的問題,9
2022/1/15,[心得] 2015~2018 美國升息產業ETF報酬變化,58
2022/1/15,Re: [請益] 請問昨天Netflix尾盤噴發原因??,18
2022/1/15,[新聞] 輝瑞口服藥買到逾萬份 首批最快3月前抵,64
2022/1/15,[新聞] 小摩CEO大膽預估：Fed可能升息7碼,98
2022/1/15,[請益] 請問財報中合約負債的意義,12
2022/1/15,[新聞] 美股漲跌互見 台積電ADR再創新高,9
2022/1/15,[新聞]  美國供應鏈大亂！洛杉磯民眾直接搶貨,88
2022/1/15,Re: [標的] 關於台灣50反一(00632r)的請益,18
2022/1/15,[請益] 請問昨天Netflix尾盤噴發原因??,100
2022/1/15,[標的] 關於台灣50反一(00632r)的請益,50
2022/1/15,[新聞] 台股市值超越南韓創紀錄 謝金河點出原因,23
2022/1/15,[新聞] 聯亞藥涉內線交易檢調全台22處搜索 執行,34
2022/1/15,[新聞] 打炒房還沒完！楊金龍今示警：將於適當,63
2022/1/15,[請益] 如何調適好不容易買到隔天大崩的心情,44
2022/1/15,[新聞] 基金爆殺價戰；Vanguard：2025年費用再砍,35
2022/1/15,[新聞] 看空女股神ARKK成功！SARK報酬已近40％,48
2022/1/15,[新聞] 傳蘋果AR/VR頭戴式裝置研發遇難題 恐延,27
2022/1/15,[新聞] 今接種第3劑高端 蔡英文比讚：「非常厲害,63
2022/1/15,[新聞] 今年來指數上漲1% 逾7成個股賠價差,11
2022/1/15,[心得] 小戶股海三個月微微利心得,85
2022/1/15,[請益] 大家目前賠多少?,100
2022/1/15,[新聞] 鏡頭新技術大改革 大立光、玉晶光不再悶,28
2022/1/14,[新聞] 馬鈴薯貿易大亂，南非百事可樂稱沒有洋,23
2022/1/14,[心得] 陸軍679T即將退伍 海軍233T有機會退伍嗎?,78
2022/1/14,[請益] 塞港是利多還是利空?,27
2022/1/14,[新聞] 傳微軟挖走蘋果關鍵工程師，負責研發晶片,29
2022/1/14,[情報] 6770力積電 110年第4季自結合併損益,33
2022/1/14,[請益] 是不是該開始存股 反向ETF？,61
2022/1/14,[情報] 111年01月14日信用交易統計,39
2022/1/14,[新聞] 因應國際反避稅趨勢 行政院核定CFC制度,7
2022/1/14,[新聞] 竹科台積電停車場大爆炸！男子機車遭人放不明包裹炸斷手指,100
2022/1/14,Re: [新聞] 他苦存20萬投入股市！當沖半年被抬出去,16
2022/1/14,Re: [請益] 股息的意義,15
2022/1/14,Re: [標的] 金融股存股族最近的策略？,37
2022/1/14,[新聞] 彭博報導／李：美升息後 台灣將跟進,50
2022/1/14,[新聞] 陽明終於出手 董事會通過造5艘1.5萬箱貨,54
2022/1/14,[新聞] 一年股東激增13萬 散戶最愛這檔金融股,18
2022/1/14,[新聞] 台股主跌段前奏響？分析師：先看1價位跟2,0
2022/1/14,[情報] 0114八大公股銀行買賣超排行,44
2022/1/14,[情報] 中環處分長榮普通股股票之公告,52
2022/1/14,[新聞] 慧洋年終最高發12個月 股利拚1.5元起跳,25
2022/1/14,[情報] 0114 上市櫃外資投信買超金額排行,13
2022/1/14,[情報] 0114 上市櫃外資投信同買排行,22
2022/1/14,[請益] 3605宏致,7
2022/1/14,[新聞] 快訊／陽明年終13個月 分紅加總可領30多,81
2022/1/14,[新聞] 貨櫃運價指數跌幅0.29％ 中止連9漲,32
2022/1/14,[請益] 1/14又是拉積盤！貨櫃三雄繼續咕嚕咕嚕？,28
2022/1/14,[情報] 0114上市外資買賣超排行,92
2022/1/14,[標的] 金融股存股族最近的策略？,64
2022/1/14,[新聞] 95％接種3劑科興疫苗者有足夠中和抗體對,11
2022/1/14,[新聞] 他苦存20萬投入股市！當沖半年被抬出去,57
2022/1/14,[新聞] 韓專家普遍預測央行年內或再加息一到兩,14
2022/1/14,[心得] 其實空頭已經開始了吧,78
2022/1/14,[新聞] 低基期選股不怕鷹浪強 謝金河報5檔好股,26
2022/1/14,[新聞] 鷹派已成Fed共識 鴿派官員：升息後年底,25
2022/1/14,[標的] 8069.TW 元太 櫃買要吃鰻魚飯多,13
2022/1/14,[情報] 111年01月14日 櫃買法人買賣金額統計表,42
2022/1/14,[新聞] 馬斯克宣布狗狗幣可買特斯拉產品　狗幣,50
2022/1/14,[新聞] 中鋼2月盤價調降1.62% 看好農曆年後鋼市,11
2022/1/14,[情報] 111年01月14日 三大法人買賣金額統計表,100
2022/1/14,[情報] 0114 SCFI指數 5094.36（-15.24）-0.3%,79
2022/1/14,[情報] 0114上市投信買賣超排行,55
2022/1/14,[新聞] 花旗消金泰馬印越4國業務 傳UOB承接,10
2022/1/14,[新聞] 疫情肆虐 聯邦快遞勞動力短缺,4
2022/1/14,Re: [請益] 明天台積漲停機率多高？,37
2022/1/14,Re: [新聞] 謝金河：台灣正加速扭轉低薪,15
2022/1/14,[新聞] 法人喊買貨櫃三雄 認為市場看法過於悲觀,32
2022/1/14,[新聞] 美國西南岸港口傳800名工人確診但陽明與萬海,16
2022/1/14,[請益] 今天大盤是吊人線還是換手,41
2022/1/14,[新聞] 立陶宛稱小米手機內建審查功能 德國：查,6
2022/1/14,[新聞] 科技股有夠便宜！高盛欽點「電金25檔」,45
2022/1/14,[創作] 套牢的瞬間 (幸福的瞬間),18
2022/1/14,[閒聊] 2022/01/14 盤後閒聊,93
2022/1/14,[新聞] 沙國主權基金 百億美元買股,8
2022/1/14,[新聞] 台積電ADR大漲該買嗎？ 網友：去年才演過,7
2022/1/14,[新聞] 【CES 2022】值得關注的健康科技公司,2
2022/1/14,[心得] 奈米戶測試,11
2022/1/14,R: [標的] 8215.TW 明基材 空,5
2022/1/14,[創作] 好不容易 - 告五人,20
2022/1/14,[標的] Brk.b 與 S&P500 二選一的問題,28
2022/1/14,[請益] 中小電子跟海運是不是要反攻了?,0
2022/1/14,[請益] 連GG都軟了台股是不是不太妙？,54
2022/1/14,Re: [新聞]買進會變成「dead money」 大摩開台積電,24
2022/1/14,[新聞] 中職第6隊 台鋼雄鷹扮「程咬金」,29
2022/1/14,Re: [請益] 你各位的中小股跌爆了嗎？,55
2022/1/14,[請益] 這時候會凹單嗎,20
2022/1/14,[心得] 經過一年，所有的利空對台積來說都無效,29
2022/1/14,Re: [請益] 所以台積電的利多是什麼??,99
2022/1/14,[新聞] 外資觀點：美系外資調高台股指數目標,20
2022/1/14,[新聞] 低價賤賣亞太電信寬頻業務 王令麟確定要,5
2022/1/14,Re: [心得] 大家都被外資用ADR騙了,4
2022/1/14,[請益] 台積才是最後一棒吧？,20
2022/1/14,[新聞] 台股開高走低 法人：通膨壓力能否下降影,4
2022/1/14,[請益] 你各位的中小股跌爆了嗎？,100
2022/1/14,[新聞] 攻元宇宙商機，宏達電攜中華電、神腦、,15
2022/1/14,[請益] 台股今天在跌什麼 ?,95
2022/1/14,[新聞] 外資：科技股太便宜、加碼台股上看21000,68
2022/1/14,[新聞] 謝金河：台灣正加速扭轉低薪,-10
2022/1/14,[新聞] 台積電「重返670元」大學長等到了！,45
2022/1/14,R: [標的] 萬海 海空空,21
2022/1/14,[標的] 3583辛耘多,25
2022/1/14,[情報] 百億規模基金持股12/31,15
2022/1/14,[心得] 大家都被外資用ADR騙了,14
2022/1/14,[新聞] 南韓央行將基準利率上調至1.25%,61
2022/1/14,Re: [請益] 明天台積漲停機率多高？,0
2022/1/14,[心得] 我真的看不出台積電財測好在哪裡,-10
2022/1/14,Re: [請益] 明天台積漲停機率多高？,11
2022/1/14,[新聞] 大立光法說會不如預期！開盤隨即打入跌,55
2022/1/14,Re: [標的] 萬海 海空空,0
2022/1/14,[請益] 開發金又怎麼了,29
2022/1/14,Re: [請益] 明天台積漲停機率多高？,42
2022/1/14,[新聞] 馬士基出手！高價買光一家香港公司船隊，,15
2022/1/14,Re: [請益] 明天台積漲停機率多高？,2
2022/1/14,[標的] 台積電2330 開盤空爆,99
2022/1/14,Re: [請益] 請問有人參加過股票下市的民事求償嗎?,2
2022/1/14,[新聞] 歐盟拒批南韓兩大造船巨頭合併,15
2022/1/14,[新聞] 鷹派已成Fed共識 鴿派官員：升息後年底通,25
2022/1/14,[閒聊] 2022/01/14盤中閒聊,100
2022/1/14,[新聞] TDDI Q1價格降幅估達1成 外資再喊賣聯詠,5
2022/1/14,Re: [請益] 明天台積漲停機率多高？,32
2022/1/14,Re: [請益] 請問有人參加過股票下市的民事求償嗎?,9
2022/1/14,[情報] 2021臺灣ETF全年費用率,52
2022/1/14,Re: [新聞] 台積電全年大賺5965.4億 EPS 23.01元創新,14
2022/1/14,[請益] 請問有人參加過股票下市的民事求償嗎?,-10
2022/1/14,[請益] 明天台積漲停機率多高？,47
2022/1/14,"[新聞] 投行：iOS變動利空,下調Snap目標價45美元",3
2022/1/14,[請益] 台積跌倒，中小吃飽 這句話是真的嗎？,42
2022/1/13,[請益] 明天台積電跌停機率多高???,76
2022/1/13,[新聞] 台積電未來續樂觀 營收年增率再上調至15~,17
2022/1/13,[標的] 6116.TW 彩晶 空,15
2022/1/13,Re: [請益] 這是股災吧,6
2022/1/13,[新聞] 台積電攻千元新共識 高盛升台股高點,38
2022/1/13,[標的] 2330.TW 台積電 晶圓就是要折折多,0
2022/1/13,[請益] 台積電穩了吧？,34
2022/1/13,Re: [請益] 明天台積電漲停價率多高？,33
2022/1/13,Re: [請益] 所以台積電的利多是什麼??,16
2022/1/13,Re: [標的] 2330.TW 台積電 TSM 突破前高142多,20
2022/1/13,[請益] 明天台積電漲停價率多高？,61
2022/1/13,Re: [標的] 2330.TW 台積電 TSM 突破前高142多,21
2022/1/13,[新聞] 維珍銀河(SPCE)將發行4.25億可轉換票據,1
2022/1/13,[標的] 2330.TW 台積電 TSM 突破前高142多,100
2022/1/13,[標的] 2897王道銀行 為什可以漲停?,32
2022/1/13,Re: [新聞] 越來越多城市爆發疫情　中國港口大排長龍,5
2022/1/13,[請益] 請問借券賣出餘額的搭配解讀方式,3
2022/1/13,[新聞] 越來越多城市爆發疫情　中國港口大排長龍,14
2022/1/13,Re: [請益] 這是股災吧,51
2022/1/13,[新聞] 去年四小龍通膨率 台灣第二和緩,23
2022/1/13,[請益] 股價有可能是負數嗎?,10
2022/1/13,Re: [標的] 2330.TW 台積電 過年紅包多,23
2022/1/13,[情報] 111年01月13日信用交易統計,37
2022/1/13,[新聞] 台積電法說會報佳音 7關鍵重點一次看,28
2022/1/13,[新聞] 台積電全年營收將年增25％至29％ 高於同,57
2022/1/13,[請益] 紫外線概念股,7
2022/1/13,[新聞] 鎳價飆、鐵礦砂漲 鋼鐵人法人四理由看好,22
2022/1/13,Re: [請益] 這是股災吧,15
2022/1/13,[新聞] 華航旗下台灣虎航預計 2027年前引進15架,18
2022/1/13,Re: [標的] 2455.TW 全新 公司看好多,2
2022/1/13,[情報] 0113 上市櫃外資投信同買排行,18
2022/1/13,[新聞] 台積不再是Dead Money！郭哲榮：外資應叫,100
2022/1/13,[標的] 2455.TW 全新 公司看好多,8
2022/1/13,Re: [請益] 手動定期定額買零股ETF買不足,1
2022/1/13,Re: [請益] 這是股災吧,17
2022/1/13,[情報] 0113八大公股銀行買賣超排行,42
2022/1/13,Re: [請益]  跳空回補問題,12
2022/1/13,[新聞] 散戶又滅頂 航運三雄哀嚎殺到哪,54
2022/1/13,[新聞] 台股總市值破62兆超車韓國！　證交所董,62
2022/1/13,Re: [請益] 這是股災吧,100
2022/1/13,[請益] 推薦的新手教學投資影片,61
2022/1/13,[新聞] 大立光去年EPS 139元創7年新低　林恩平：,100
2022/1/13,Re: [標的] 2603.TW 長榮 歷史重演多,-10
2022/1/13,Fw: [新聞] Google Pixel 6 遭怨 Bug 太多！千萬訂閱,19
2022/1/13,Re: [新聞] 有富爸媽真好！台積電總裁魏哲家夫婦送3,4
2022/1/13,[請益] 這是股災吧,100
2022/1/13,[新聞] 三星開發出搭載 MRAM 記憶體電腦原型，可,6
2022/1/13,[標的] 6284 佳邦 & 2368金像電 回顧,11
2022/1/13,[請益]  跳空回補問題,4
2022/1/13,[新聞] 台積電全年大賺5965.4億 EPS 23.01元創新,100
2022/1/13,[情報] 0113上市外資買賣超排行,100
2022/1/13,Re: [標的] 6509.TW 聚和 空,13
2022/1/13,[新聞] 〈台積電法說〉Q1營收季增上看9%再創高,100
2022/1/13,[情報] 111年01月13日 櫃買法人買賣金額統計表,53
2022/1/13,[新聞] 大立光上季毛利率55.87%，去年每股盈餘13,29
2022/1/13,[新聞] 弘凱IPO今抽籤！1459名幸運兒出爐 中籤,16
2022/1/13,[情報] 111年01月13日 三大法人買賣金額統計表,59
2022/1/13,[新聞] ABF劇烈回檔 內外資齊力護航,22
2022/1/13,[情報] 0113上市投信買賣超排行,63
2022/1/13,[標的] 2385 好東西分享多,47
2022/1/13,[情報] 匯豐預測越南2022GDP成長6.5%,9
2022/1/13,[請益] 損益-125%的股票該砍嗎？,0
2022/1/13,[創作] 股海無關 - 告五人,9
2022/1/13,[創作] 永遠不回頭,19
2022/1/13,Re: [新聞] 女股神涼了？ARKK持倉公司正進行空前的,12
2022/1/13,[新聞] TDDI Q1價格降幅估達1成 外資再喊賣聯詠,24
2022/1/13,[新聞] 許璋瑤：全民共享股市榮景 台股今年穩健,23
2022/1/13,[閒聊] 2022/01/13 盤後閒聊,42
2022/1/13,[標的] 2603.TW 長榮 歷史重演多,68
2022/1/13,[新聞] 先別管盤價了！鋼鐵人帶量強彈原因曝光,45
2022/1/13,[情報] 台積電Q4線上法說會,100
2022/1/13,Re: [請益] 不是快封關了現在的進場理由是甚麼?,23
2022/1/13,[情報] 2330台積電 Q4 EPS 6.41,100
2022/1/13,[新聞] 大立光奪單 擊退紅色鏈,4
2022/1/13,[請益] ETF配息算三重徵稅嗎,6
2022/1/13,[請益] 請問股票的殖利率跟淨值比怎麼評估好,22
2022/1/13,[請益] 不是快封關了現在的進場理由是甚麼?,70
2022/1/13,[請益] 金融是不是在複製去年6月的航運？,64
2022/1/13,[新聞] 女股神涼了？ARKK持倉公司正進行空前的,44
2022/1/13,Re: [請益] 投資該怎麼穩定自己強大的內心素質,9
2022/1/13,[新聞] 中國疫情重擊工廠和港口　供應鏈問題雪上,6
2022/1/13,[標的] 2330 台積電 多 最後上車機會,43
2022/1/13,[新聞] AMD蘇媽確認Zen4將使用最佳化後的台積5nm,15
2022/1/13,[請益] 現在賣G求金還來的及嗎 ☹,42
2022/1/13,[標的]永遠守護我最愛的雪紅阿姨,7
2022/1/13,Re: [新聞] 立陶宛要設立歐盟反洗錢機構,15
2022/1/13,[請益] 買0050還不如買台積電,52
2022/1/13,[標的] 8358金居 金G多,7
2022/1/13,[新聞] 寶齡富錦澄清無哄抬價格 全台消毒水大王,11
2022/1/13,[請益] 最近有人接到操作美元指數的消息嗎,3
2022/1/13,[請益] 投資該怎麼穩定自己強大的內心素質,70
2022/1/13,[標的] 開發金 2883 併多多,31
2022/1/13,[新聞] 河靜鋼大砍盤價 中鋼這樣看,7
2022/1/13,[標的] 新光金 2888 all in 多,49
2022/1/13,[請益] 敢問大神們 當沖部位比重選擇,16
2022/1/13,[新聞] 配息率7%投資人搶破頭　這一檔ETF破天荒,7
2022/1/13,[新聞] 銀行群聚再擴大！鄭文燦宣布：深夜再+2,23
2022/1/13,[請益] 配股算法請益，超奇怪的晉泰,0
2022/1/13,[閒聊] 2022/01/13盤中閒聊,100
2022/1/13,Re: [新聞] 法務部全台稽查物價有成 麥味登早餐宣布,32
2022/1/13,[請益] 台股整體來說是賺錢的人多還是賠錢比較多,59
2022/1/13,[請益] 去年12月的電子股營收衰退的原因？,24
2022/1/13,[創作] 千年等一回,24
2022/1/13,Re: [請益] 朱家泓的技術分析好不好用呀？,16
2022/1/13,Re: [請益] 朱家泓的技術分析好不好用呀？,6
2022/1/13,Re: [心得] 錯過了航運 錯過了元宇宙 如果連金融股,20
2022/1/13,Re: [請益] 朱家泓的技術分析好不好用呀？,6
2022/1/12,[情報] 請投資人務必於111/1/22前更新電子平台登,39
2022/1/12,[新聞] 法務部全台稽查物價有成 麥味登早餐宣布,51
2022/1/12,[新聞] 研究：一併打輝瑞COVID-19和肺炎疫苗 安,9
2022/1/12,[新聞] 華航接到薯條包機 看好空貨運上半年續旺,61
2022/1/12,[心得] 錯過了航運 錯過了元宇宙 如果連金融股,14
2022/1/12,Fw: [新聞] 新增9例COVID-19本土確定病例，衛生單位,13
2022/1/12,Re: [標的] ZIM.US 補漲技術面多,31
2022/1/12,[新聞] 快訊／一夜再增9例本土 全是銀行員工！,100
2022/1/12,[情報] 鎳價創新高 銅 鋁原物料大漲,44
2022/1/12,Re: [請益] 朱家泓的技術分析好不好用呀？,46
2022/1/12,[新聞] 萬海航運正式簽下高港五櫃碼頭租約,14
2022/1/12,[新聞] 2021金融股股東人數大盤點 這5家流失最多,30
2022/1/12,[情報] 美國12月CPI年增7.0% 創近40年來最高紀錄,48
2022/1/12,Re: 哪家證卷定期定額ETF檔數最多,1
2022/1/12,[新聞] 京東方10.5代廠賠錢 陸新廠投資喊停,55
2022/1/12,[心得] 經營戰略4.0,1
2022/1/12,[請益] 朱家泓的技術分析好不好用呀？,34
2022/1/12,[新聞] 越南輿論與現狀不挺罷工 寶成爭年終落幕,34
2022/1/12,[情報] 111年01月12日信用交易統計,32
2022/1/12,Re: [標的] 2603.TW長榮,26
2022/1/12,[請益] 金融股的操作,47
2022/1/12,[請益] 航運是不是打破台股的所有慣例,49
2022/1/12,哪家證卷定期定額ETF檔數最多,5
2022/1/12,[情報] 2467 志聖自結2021 EPS 4.35,18
2022/1/12,[標的] 2330.TW台積電 聊天室刷666多,46
2022/1/12,[情報] 0112 上市櫃外資投信同買排行,8
2022/1/12,Re: [標的] 4915.TW 致伸 多（附對帳單）,21
2022/1/12,Re: [請益] 當沖策略,1
2022/1/12,[請益] 台股ETF vs 美股ETF,45
2022/1/12,[新聞] 萊鎂醫iNAP產品取得英國UKRP許可 將在英,1
2022/1/12,[新聞] 加拿大通報狂牛症病例 亞洲國家禁止進口,7
2022/1/12,Re: [情報] 中環處分台積電普通股股票之公告,6
2022/1/12,[情報] 0112八大公股銀行買賣超排行,45
2022/1/12,[標的] 2330.TW 台積電 過年紅包多,41
2022/1/12,[新聞] 產業推動自動駕駛卡車 安全風險仍是顧慮,15
2022/1/12,Re: [請益] 當沖策略,10
2022/1/12,[標的] 6509.TW 聚和 空,14
2022/1/12,[情報] 中環公告取得穩懋普通股,60
2022/1/12,[新聞] 晶心科12月營收月增149.4%,14
2022/1/12,Re: [請益] 當沖策略,8
2022/1/12,[情報] 0112上市外資買賣超排行,88
2022/1/12,[新聞] 大立光開盤上演秒填息 股價變臉跌破月線,3
2022/1/12,[請益] 台積每天尾盤都換外資拉 過年前行情大好?,20
2022/1/12,Re: [請益] 當沖策略,7
2022/1/12,Re: [請益] 當沖策略,12
2022/1/12,[創作] 被割之王(K歌之王),66
2022/1/12,Re: [請益] 當沖策略,3
2022/1/12,Re: [新聞] 出口商有救星！以星航運派加班船過年前「,76
2022/1/12,[請益] 當沖策略,41
2022/1/12,[新聞] 看旺油市 油價今年漲破100美元,26
2022/1/12,[新聞] Forbes：只靠半導體製造的復甦並不能確保,31
2022/1/12,[情報] 111年01月12日 櫃買法人買賣金額統計表,60
2022/1/12,Re: [標的] 2436.TW 偉詮電 空,6
2022/1/12,[標的] 2603.TW 長榮 線仙空,100
2022/1/12,[情報] 0112上市投信買賣超排行,51
2022/1/12,[情報] 111年01月12日 三大法人買賣金額統計表,63
2022/1/12,[新聞] 女股神預言：二手車市場將「血洗」 重挫,37
2022/1/12,[新聞] 本土法人估陽明目標價342元,33
2022/1/12,[新聞] 「積」情大甩尾 台股多頭安啦,20
2022/1/12,[新聞] 台積電一枝獨秀 台股漲87點站穩18300點,43
2022/1/12,[標的]  6261 久元 安全多,25
2022/1/12,[請益] 營業員與券商的選擇,19
2022/1/12,Re: [新聞] 本土法人估長榮2021年EPS逾45元 目標價3,-10
2022/1/12,[新聞] 新增96例COVID-19，4例本土及92例境外,34
2022/1/12,[創作] 稻香,28
2022/1/12,[新聞] 本土法人估長榮2021年EPS逾45元 目標價3,100
2022/1/12,[新聞] 外資唱衰陸手機庫存高 驅動IC中鏢,12
2022/1/12,[請益] 台積電該出了嗎,19
2022/1/12,[閒聊] 2022/01/12 盤後閒聊,29
2022/1/12,[新聞] 期交所 將推兩股價指數商品,8
2022/1/12,Re: [情報] 0107 SCFI指數 5109.60 （+62.94）,25
2022/1/12,[請益] 宏達電該出了嗎？,85
2022/1/12,[情報] 韓國最快3月申請加入CPTPP,12
2022/1/12,[標的] 5859.TW遠壽低估多,1
2022/1/12,Re: [標的] 萬海 海空空,-10
2022/1/12,Re: [標的] 1229.TW 聯華 到底在噴什麼?,8
2022/1/12,[標的] 3037.TW欣興 不明覺厲請益,21
2022/1/12,Re: [心得] 農曆年前停損畢業文,46
2022/1/12,[新聞] 8吋廠訂單滿到年底，成熟製程漲價,37
2022/1/12,[心得] 農曆年前停損放寒假文,100
2022/1/12,[標的] 群創 友達 寒流空,30
2022/1/12,Re: [心得] 6266不跌怪股泰詠,0
2022/1/12,[新聞] 航運三雄今年偷偷變了 謝金河爆1支明牌：,11
2022/1/12,[情報] 中環 本公司處分(國喬)普通股,28
2022/1/12,[新聞] 大立光法說前　外資：8P、i14 升級難,18
2022/1/12,[新聞] 元月營運淡季不淡 法人按讚華航、長榮航,49
2022/1/12,[新聞] Omicron猛襲；美西港口800人缺勤,32
2022/1/12,Re: [新聞] 出口商有救星！以星航運派加班船過年前「,0
2022/1/12,[新聞] 錸寶 儲能業務傳掉單,32
2022/1/12,[請益] 金融股該不該出場了？,100
2022/1/12,[新聞] 鮑爾：通膨壓力持續或今年晚些時候縮表,7
2022/1/12,Re: [請益] 234 679 誰比較快解套？,18
2022/1/12,[標的] 小台指 (已停利出場),0
2022/1/12,"[新聞] 去年稅收超徵逾4,000億 史上新高",73
2022/1/12,[新聞] 大摩看壞穩懋、聯詠,61
2022/1/12,[閒聊] 2021/01/02盤中閒聊,97
2022/1/12,[新聞] 《半導體》2外資齊讚聯詠 最高上看730元,9
2022/1/12,[情報] (6869)雲豹能源 1/19起登錄興櫃買賣,50
2022/1/12,[新聞] 猛K阿里騰訊，中國2021創投資金規模卻創,13
2022/1/12,[新聞] 美國住院人數超過 Delta 高峰，美醫生：O,41
2022/1/12,[新聞] 原油銅價 趨堅向上,11
2022/1/12,Re: [標的] 霹靂(8450) 空,8
2022/1/12,[新聞] 出口商有救星！以星航運派加班船過年前「,10
2022/1/12,Re: [請益] 元宇宙is over?,9
2022/1/12,[情報] 全球最強避險基金 美國國會2021投資績效,1
2022/1/12,[情報] 2023燁輝 12月營收,9
2022/1/12,Re: [標的] 霹靂(8450) 空,11
2022/1/12,[新聞] LendingClub grabs Buy rating at Seapor,0
2022/1/12,[情報] Powell 及 Fed官員談話整理,49
2022/1/11,[請益] 美股TD的app無法讀取,5
2022/1/11,[新聞] 國發會加碼12億美元投融資基金 助立陶宛,19
2022/1/11,[情報] 111年01月11日信用交易統計,62
2022/1/11,[新聞] 中信電池及儲能ETF 今開募,29
2022/1/11,[新聞] 晶圓代工雙雄紅不讓,29
2022/1/11,Re: [標的] 3016嘉晶空,4
2022/1/11,[新聞] 外資估台積電營收成長27% 目標價上看982,80
2022/1/11,Re: [新聞] 台灣經濟空前好 國安基金對台股有信心,8
2022/1/11,Re: [情報] 鴻海集團公告處分天鈺科技股份有限公司股,8
2022/1/11,[新聞] 台灣經濟空前好 國安基金對台股有信心,32
2022/1/11,[請益] 跟著隔日沖券商操作可行性,19
2022/1/11,Re: [請益] 請問陳龍,6
2022/1/11,[新聞] 台積電會狂噴到700？就看這檔事 但要小,0
2022/1/11,[請益] 有沒有還沒漲的趁機漲價概念股?,28
2022/1/11,[新聞] 桃園電子廠宏致「5員工確診」！ 公司回應了,14
2022/1/11,[請益] 打房、經濟、股市連動,10
2022/1/11,[新聞] 元大金大同大樓都更案 中國建經估完工後,22
2022/1/11,[標的] 霹靂(8450) 空,47
2022/1/11,[情報] 鴻海集團公告處分天鈺科技股份有限公司股,77
2022/1/11,[標的] 2006.TW 東和鋼鐵 多,37
2022/1/11,Re: [請益] 金融股最後一棒是真的嗎？,27
2022/1/11,Re: [請益] 有沒有不營利的股票高手FB、IG可追蹤的?,1
2022/1/11,[新聞] 本土疫情增溫！國安基金委員會關注,16
2022/1/11,Re: [心得] 台股留給法人自己互搞，來去美股吧各,27
2022/1/11,Re: [請益] 金融股最後一棒是真的嗎？,31
2022/1/11,[情報] 0111八大公股銀行買賣超排行,44
2022/1/11,[情報] 0111 上市櫃外資投信同買排行,7
2022/1/11,[新聞] 恆大撤出深圳總部 多間地產商評級遭下調,4
2022/1/11,[新聞] 王品去年營收171.5億元創歷史新高 無懼,64
2022/1/11,[標的] 富邦美債20年(00696B)、富邦A級債(00746B,13
2022/1/11,[新聞] 臺慶科接單旺 市場估首季將重返去年旺季,79
2022/1/11,[情報] 0111 上市櫃外資投信買超金額排行,6
2022/1/11,[新聞] Omicron影響生產力 美工資上漲還缺工,11
2022/1/11,[情報] 公告本公司到手香萃取物取得香港「類黃,20
2022/1/11,Re: [情報] 0107 SCFI指數 5109.60 （+62.94）,57
2022/1/11,[新聞] 台數科小金雞興櫃掛牌 鑫傳打造匯流生態,5
2022/1/11,Re: [標的] 8086 宏捷科 失物招領,11
2022/1/11,[新聞] 個人股票交易疑違反規定 美聯準會副主席,30
2022/1/11,[請益] 請問陳龍,87
2022/1/11,[新聞] 台積電拉尾盤救援 台股翻紅收18288點,15
2022/1/11,[新聞] 宏致驚傳員工5例確診停工！公司：對營業額,52
2022/1/11,Re: [新聞] 台積電日本廠補貼條件曝光！日媒：需至,21
2022/1/11,[新聞] 「健身工廠」柏文去年營收年減29.18％,20
2022/1/11,[情報] 恆大 / 康那香公告自結損益,39
2022/1/11,[請益] 元宇宙is over?,53
2022/1/11,[新聞] 台積電拉尾盤台股收漲48.83點 三大法人,13
2022/1/11,[新聞] 南韓船企2021年接單量位居全球第二,7
2022/1/11,[情報] 0111上市外資買賣超排行,100
2022/1/11,[創作] Lydia,37
2022/1/11,[情報] 111年01月11日 櫃買法人買賣金額統計表,57
2022/1/11,[情報] 111年01月11日 三大法人買賣金額統計表,70
2022/1/11,[標的] 大盤 / 聯發科,100
2022/1/11,Re: [心得] 長榮水手畢業...,71
2022/1/11,[新聞] 方舟旗艦基金1年暴跌42％ 女股神：,62
2022/1/11,[情報] 0111上市投信買賣超排行,53
2022/1/11,[標的] 4915.TW 致伸 多（附對帳單）,70
2022/1/11,[心得] 台新證券最近的問題,5
2022/1/11,[創作] 基本面查詢篩選網站-選股便利店,1
2022/1/11,Re: [標的] 長榮怎麼了？,28
2022/1/11,[新聞] 本土確診12例、境外58例美最多 聯醫護理,66
2022/1/11,[創作] 掌聲響起 & 背叛,8
2022/1/11,[請益] 國鼎怎麼了….☹,60
2022/1/11,Re: [標的] 長榮怎麼了？,10
2022/1/11,[新聞] 南韓最大行動支付Kakao Pay坑殺股東 執,13
2022/1/11,[心得] 港股 易緯集團03893 也是詐騙仙股,24
2022/1/11,[閒聊] 2022/01/11 盤後閒聊,69
2022/1/11,[新聞] 成本大增政府卻不准漲價 卜蜂：獲利無法,45
2022/1/11,[情報] 台中銀 2021自結 EPS1.1,34
2022/1/11,[新聞] 旺宏營收挺進500億新高 吳敏求：品質好才,19
2022/1/11,[標的] 長榮怎麼了？,92
2022/1/11,Re: [新聞] 疫情升溫防疫概念股卻失靈？亞諾法、毛寶,1
2022/1/11,Re: [心得] 紅茶的主力真的是丟臉,24
2022/1/11,[新聞] 郭明錤：蘋果首款頭盔採雙CPU、ABF,28
2022/1/11,[請益] 今天金融股怎麼了,64
2022/1/11,[請益] 金融股最後一棒是真的嗎？,66
2022/1/11,[標的] 王道的男人買王道的股票 王道銀行2897,22
2022/1/11,[新聞] 台積電日本廠補貼條件曝光！日媒：需至,65
2022/1/11,[標的] 台中銀 2812無腦多,0
2022/1/11,[標的]亞信 多,15
2022/1/11,[新聞] 航運恐怖拐點來了？專家爆殘酷真相,28
2022/1/11,[情報] 3707.tw 漢磊 12月營收,15
2022/1/11,Re: [請益] 有沒有不營利的股票高手FB、IG可追蹤的?,0
2022/1/11,[新聞] 疫情升溫防疫概念股卻失靈？亞諾法、毛寶,27
2022/1/11,[新聞] 鋼市暢旺 中鋼去年Q4及全年營收同寫新高,19
2022/1/11,[新聞] 如果索尼與蘋果都進軍電動車市場，這對傳,43
2022/1/11,Fw: [新聞] 泰國外交部官網公布 認可高端疫苗,27
2022/1/11,[新聞] 輝瑞執行長：擬3月推出Omicron疫苗,29
2022/1/11,Re: [情報] 0107 SCFI指數 5109.60 （+62.94）,-10
2022/1/11,[請益] 泰詠也太妖了吧,46
2022/1/11,[閒聊] 2022/01/11 盤中閒聊,96
2022/1/11,[新聞] 華邦電去年Q4營收寫歷史次高 全年995.7,31
2022/1/11,[新聞] 第5國！泰國認可高端疫苗 惟入境免隔離計,51
2022/1/11,[新聞] Nasdaq  ending positive after a 2.7%,34
2022/1/11,[新聞] 長程航班旅客入境採檢開始,12
2022/1/11,Re: [請益] 有沒有不營利的股票高手FB、IG可追蹤的?,10
2022/1/11,[情報] 鈺創12月營收,4
2022/1/11,Re: [標的] 2436.TW 偉詮電 空,5
2022/1/11,[請益] 有沒有不營利的股票高手FB、IG可追蹤的?,56
2022/1/11,Re: [標的] RYAAY.US 多,1
2022/1/11,[標的] 2618.TW 長榮航 空,16
2022/1/11,[請益] 今天搶便宜的現在是不是瑟瑟發抖,72
2022/1/10,[標的] 紅茶是不是應該要變綠茶了？,33
2022/1/10,[新聞] 仁寶12月營收創歷史新高 英業達寫單月次,17
2022/1/10,[情報] 聯華食、臺鹽、宏全 12月營收,7
2022/1/10,Re: [心得] 台股留給法人自己互搞，來去美股吧各,66
2022/1/10,[新聞] 實質經常性薪資5年首見負成長 主計總處：,48
2022/1/10,[新聞] 天鈺ESL驅動IC出貨躍進,20
2022/1/10,[情報] 111年01月10日信用交易統計,18
2022/1/10,[新聞] WSJ：燒光資金做不出高階晶片 北京挖掘企,81
2022/1/10,[新聞] 通膨來襲，萬物皆漲 張安平：台泥集團今,13
2022/1/10,[情報] 華新(1605.TW)12月營收174.8億年增47.8%,10
2022/1/10,Re: [請益] 機場入境PCR快篩會是用那家的?-股票,9
2022/1/10,[情報] 6547 高端疫苗 12月營收 年增8437.1%,94
2022/1/10,[標的] 1517利奇 12月營收創新高 擴產董事長加碼,7
2022/1/10,[情報] 2362藍天 23.07億 年增50.68%,20
2022/1/10,[情報] 創見(2451.TW)12月營收11.43億,30
2022/1/10,Re: [情報] 2609 陽明 12月營收,5
2022/1/10,Re: [請益] 機場入境PCR快篩會是用那家的?-股票,8
2022/1/10,[情報] 6757 虎航 12月營收,18
2022/1/10,[新聞] 福島食品有望今年春天解禁？ 經貿高層：,32
2022/1/10,[新聞] 《電腦設備》撼訊上月、去年營收報喜 今,10
2022/1/10,[標的] 2888新光金_今年不一樣慶祝多,51
2022/1/10,[情報] 6613朋億12月營收8.85億  年增110.7%,9
2022/1/10,[新聞] 華航去年12月營收創新高 法人估:2021每,23
2022/1/10,[情報] 1702南僑12月營收20.7億 年增9.4%,8
2022/1/10,[情報] 0110 上市櫃外資投信同賣排行,8
2022/1/10,[情報]  2834 臺企銀 12月自結,39
2022/1/10,[情報] 110年【金控股】EPS排名(全已公布),63
2022/1/10,[情報] 0110 上市櫃外資投信同買排行,7
2022/1/10,[情報] 3028.TW 增你強 12 月營收,15
2022/1/10,[情報] 2377.TW 微星 12月營收,16
2022/1/10,[標的] GAZP.MCX 俄羅斯天然氣 長期多,10
2022/1/10,[新聞] 揚秦也宣布漲價 麥味登最高漲14%,51
2022/1/10,[情報] 0110 上市櫃外資投信買超金額排行,1
2022/1/10,[請益]機場入境PCR快篩會是用那家的?,14
2022/1/10,[情報] 0110八大公股銀行買賣超排行,56
2022/1/10,[情報] 6411晶焱12月營收,5
2022/1/10,[情報] 0110 量大分點齊買,0
2022/1/10,[情報] 2104國際中橡12月營收,16
2022/1/10,[情報] 2481強茂 12月營收,20
2022/1/10,[情報] 2308台達電12月營收,10
2022/1/10,[新聞] 年前掀搶艙大戰！麵粉成本飆、芥末醬斷貨,15
2022/1/10,[情報] 國泰金(2882) 12月自結 EPS 0.37,13
2022/1/10,[情報] 中環處分台積電普通股股票之公告,95
2022/1/10,[情報] 1526 日馳12月營收,5
2022/1/10,[情報]  2606 裕民 12月營收,1
2022/1/10,[情報] 2888新光金12月自結,78
2022/1/10,[情報] 2881富邦金控 12月自結,26
2022/1/10,[情報] 2609 陽明 12月營收,87
2022/1/10,[情報] 開發金公告2021年自結合併盈餘,26
2022/1/10,[情報] 5425     台半 12月 營收,9
2022/1/10,[情報] 興農、生達、敦陽科 12月營收,1
2022/1/10,[情報] 1721 三晃 12月營收2.61億 月減14.6%,7
2022/1/10,Re: [新聞] 外資：上調南電欣興、喊進景碩,5
2022/1/10,Re: [新聞] 大聯大Q4展望下滑，美系外資重申「減碼」,7
2022/1/10,[請益］佳格還行嗎,45
2022/1/10,[情報] 3036 文曄 12 月營收,27
2022/1/10,[標的] 心悅 6575.TW 怕打針多,1
2022/1/10,[情報] 4572駐龍 12月營收,1
2022/1/10,[情報] 2454聯發科 12月營收,43
2022/1/10,[情報] 9958 世紀鋼12月營收,6
2022/1/10,[情報] 王品2727 12月營收18.4億元,25
2022/1/10,[情報] 1533車王電 12月營收,5
2022/1/10,[情報] 華航12月營收,78
2022/1/10,[情報] 6443元晶 12月營收,14
2022/1/10,[情報] 1714和桐 12月營收 幫我撐十秒,3
2022/1/10,[情報] 2618 長榮航 12月營收,52
2022/1/10,[情報] 6116彩晶 12月營收,30
2022/1/10,[情報] 9940 信義 12月營收,9
2022/1/10,[新聞] 立陶宛一貨櫃奶水卡關中國 台灣廠商甘田,43
2022/1/10,[情報] 0110上市外資買賣超排行,90
2022/1/10,[情報] 2615 萬海 12月營收,46
2022/1/10,[情報] 星雲 12月營收,20
2022/1/10,[情報] 力積電(6770) 12月營收68.7億元,43
2022/1/10,[情報] 2409友達 12月營收,48
2022/1/10,[情報] 3711日月光投控 12月營收,8
2022/1/10,[新聞] 航海王長榮去年獲利可望再創高　法人：貨,26
2022/1/10,[情報] 111年01月10日 櫃買法人買賣金額統計表,38
2022/1/10,[創作] 許願池的希臘少女 (韭lin),2
2022/1/10,Re: [新聞] 外資：上調南電欣興、喊進景碩,8
2022/1/10,[情報] 4919新唐 12月營收,34
2022/1/10,[新聞] 韓2021年吸引外商直接投資同比增42%創新,8
2022/1/10,[情報] 2357 華碩 12月營收,16
2022/1/10,[情報] 2374佳能12月營收 年增71.97%,5
2022/1/10,[情報] 111年01月10日 三大法人買賣金額統計表,100
2022/1/10,[情報] 台肥12月營收,32
2022/1/10,[情報] 0110上市投信買賣超排行,78
2022/1/10,[新聞] 賺翻了！台塑四寶去年獲利高達2402.95億,38
2022/1/10,[情報] 6523.tw 賽亞人的王子 12月營收,13
2022/1/10,Re: [心情] 千萬別去Ptt股板學投資！！,48
2022/1/10,[情報] 2002 中鋼12月營收,55
2022/1/10,[創作] Dragostea din tei,8
2022/1/10,[閒聊] 2022/01/10 盤後閒聊,99
2022/1/10,[情報] 第一金(2892) 12月自結,21
2022/1/10,Re: [新聞] 台積12月營收報告,-10
2022/1/10,[心得] 6266不跌怪股泰詠,17
2022/1/10,[新聞] 台積12月營收報告,100
2022/1/10,Fw: [心情] 千萬別去Ptt股板學投資！！,81
2022/1/10,[新聞] 寶成12月、Q1營收皆看較前期續成長,10
2022/1/10,Re: [新聞]美西塞港減班，貨櫃航運Q1營收難創高,-10
2022/1/10,[標的]  3303 岱稜 dead money多,13
2022/1/10,[新聞] 驚！郭台銘解質鴻海股票25.7萬張,75
2022/1/10,[新聞]美西塞港減班，貨櫃航運Q1營收難創高,39
2022/1/10,[請益] 發哥怎麼了？☹  ☹  ☹,54
2022/1/10,[新聞] 日媒：台灣加速解禁福島食品 有望1到3月,84
2022/1/10,[新聞] 巴菲特副手抄底阿里巴巴！分析師：他不,17
2022/1/10,[新聞] 南韓或成為第一大美國牛肉進口國,16
2022/1/10,[新聞] 遭疑Deltacron變種是實驗室汙染？ 賽普,4
2022/1/10,[新聞] 航商凍未條 運價提前喊漲,20
2022/1/10,[新聞] 鴻海官網動畫更新！今年新款電動車或有譜,22
2022/1/10,Re: [情報] 0107 SCFI指數 5109.60 （+62.94）,-10
2022/1/10,Re: [請益] 明天台股該怎麼逃,0
2022/1/10,Fw: [新聞] 桃機本土疫情擴大採檢8924人 陳時中：3,60
2022/1/10,[標的] 1615大山.TW 耐心多,28
2022/1/10,Re: [新聞] 指揮中心將宣布今起至24日維持2級警戒 加,0
2022/1/10,[請益] 真的會受股板的恐慌言論影響？,78
2022/1/10,[新聞] 台積電開盤跌6元 台股早盤一度挫逾百點,18
2022/1/10,[新聞] 漲多拉回 多頭格局不變 逢低布局,18
2022/1/10,Re: [請益] 明天台股該怎麼逃,49
2022/1/10,[新聞] APP上架 數位人民幣產業鏈吃補,18
2022/1/10,[新聞] 獲三大元宇宙客戶訂單 致伸今年衝刺新事業,23
2022/1/10,[閒聊] 2021/01/10盤中閒聊,100
2022/1/10,[新聞] 年前運量、運價現高峰 貨櫃三雄 加船加艙,7
2022/1/10,Re: [新聞] 新變種「Deltacron」現蹤賽普勒斯！結合D,11
2022/1/10,[新聞] 陸鋼價止跌 鋼市將迎拉貨潮,38
2022/1/10,[新聞] 鷹派干擾加本土疫情 台股再測萬八！,12
2022/1/10,[新聞] 壓制通膨 德銀：Fed 3月啟動升息 升幅可,19
2022/1/10,[新聞] 台積法說會將登場！三利多救台股抗疫情,43
2022/1/09,[標的] 明天是不是送分題? (大盤),100
2022/1/09,Re: [請益] 明天台股該怎麼逃,21
2022/1/09,[新聞] 關鍵領先! 寶齡富錦(1760)新冠快篩可以檢,15
2022/1/09,Re: [請益] 明天台股該怎麼逃,8
2022/1/09,Re: [請益] 國鼎新藥的新聞幾乎只有台灣報導,18
2022/1/09,Re: [請益] 明天台股該怎麼逃,1
2022/1/09,[請益] 在台灣如何投資 小米 ?,13
2022/1/09,Re: [請益] 明天台股該怎麼逃,26
2022/1/09,[新聞] 2050年前 歐盟估需為新一代核電廠投資50,19
2022/1/09,[新聞] 臺企銀 周線連寫三紅,28
2022/1/09,[公告] 水桶 ☎ 招募板主中 ☎☎☎,21
2022/1/09,[新聞] Omicron解方在台灣！翁啟惠首創「廣效疫,40
2022/1/09,Re: [請益] 明天台股該怎麼逃,2
2022/1/09,[請益] 看盤軟體假日在試搓？,8
2022/1/09,Re: [新聞] 防疫保單搶爆 台產急宣布：下周一下午5點,8
2022/1/09,Re: [請益] 當沖與停損時機？,7
2022/1/09,Re: [請益] 明天台股該怎麼逃,4
2022/1/09,[請益] 明天開盤跌停要如何操作？,28
2022/1/09,Re: [請益] 明天台股該怎麼逃,5
2022/1/09,[新聞] Meta停止開發VR系統，元宇宙夢想面臨擱淺,100
2022/1/09,[新聞] 搶救立陶宛 歐盟、美國動起來,4
2022/1/09,Re: [請益] 明天台股該怎麼逃,29
2022/1/09,[請益] 明天韭菜們是不是又要人踩人了,22
2022/1/09,[問卷] #抽現金 電子支付使用者的基金投資意向,100
2022/1/09,Re: [請益] 明天台股該怎麼逃,2
2022/1/09,[新聞] 股民心聲》五月疫情跌2400點 這次呢 ?,27
2022/1/09,[新聞] Omicron慘殺台股500點兇手？錯了！專家爆,11
2022/1/09,Re: [請益] 明天台股該怎麼逃,2
2022/1/09,Re: [請益] 明天台股該怎麼逃,1
2022/1/09,Re: [請益] 明天台股該怎麼逃,19
2022/1/09,[新聞] 指揮中心將宣布今起至24日維持2級警戒 加,19
2022/1/09,Re: [新聞] 散戶必學四招 40個月年終自己賺,4
2022/1/09,[請益] 明天台股該怎麼逃,100
2022/1/09,[標的] 6598 ABC-KY 檢測多,10
2022/1/09,[新聞] 新變種「Deltacron」現蹤賽普勒斯！結合D,62
2022/1/09,[新聞] 專家尷尬！高端追加劑無實證 mRNA疫苗面,25
2022/1/09,[標的] 2610 華航 2618 長榮航 境外海龜多,17
2022/1/09,[新聞] 本土激增11例 境外49例 桃機案再增第4條,100
2022/1/09,Re: [請益] 為何都沒啥人擔憂疫情擴大對股市的影響?,0
2022/1/09,[情報] 韓國執政黨總統候選人股市目標,30
2022/1/09,[新聞] 海運轉空運 桃機貨運量衝新高,13
2022/1/09,Re: [請益] 為何都沒啥人擔憂疫情擴大對股市的影響?,1
2022/1/09,Re: [請益] 為何都沒啥人擔憂疫情擴大對股市的影響?,5
2022/1/09,[新聞] 七大投信把脈 台股中性偏多 整理後再上,20
2022/1/09,[新聞] 15檔熱錢湧 吹反攻號,15
2022/1/09,Re: [請益] 為何都沒啥人擔憂疫情擴大對股市的影響?,21
2022/1/09,[請益] 開發金乙特大戶出貨，散戶為何下攤平？,28
2022/1/09,[新聞] 散戶必學四招 40個月年終自己賺,18
2022/1/09,[標的] 2330 台積電,14
2022/1/09,[新聞] 巴菲特2字警告散戶驚洩股市大殺戮來了,49
2022/1/09,Re: [請益] 為何都沒啥人擔憂疫情擴大對股市的影響?,14
2022/1/09,[新聞] 大小麥出口台灣 立陶宛準備好了,75
2022/1/09,Re: [請益] 為何都沒啥人擔憂疫情擴大對股市的影響?,42
2022/1/09,[請益] 為何都沒啥人擔憂疫情擴大對股市的影響?,95
2022/1/09,[新聞] 寶成前3季每股賺4.25元 年增逾2倍,6
2022/1/09,Re: [請益] 年終 ：大方長榮 vs.小氣陽明,22
2022/1/08,[情報] 6266   泰詠 12月營收,25
2022/1/08,[標的] 大盤,99
2022/1/08,Re: [請益] 年終 ：大方長榮 vs.小氣陽明,3
2022/1/08,[新聞] 寶成分散風險 擬赴印尼設廠,54
2022/1/08,[請益] rds b 2022/01/31下市？,9
2022/1/08,[新聞] 全球製鞋龍頭寶成越南廠仍缺工 不利本月全面復產,12
2022/1/08,[情報] 2368金像電12月營收,19
2022/1/08,[新聞] 本周重摔4.5%的美科技股能否止跌 仍要看,21
2022/1/08,[新聞] 新增運能帶旺業績 長榮Q1單月500億起跳,22
2022/1/08,[新聞] 寶成越南廠萬人大罷工　不滿公司砍年終,100
2022/1/08,Re: [請益] 年終 ：大方長榮 vs.小氣陽明,12
2022/1/08,[新聞] 群聯去年營收625.57億 登頂,24
2022/1/08,[新聞] 緯創去年12月營收960.78億元 創單月歷史新高,19
2022/1/08,[新聞] 換外幣趁現在！台幣3年暴衝11%面臨反轉,38
2022/1/08,Re: [新聞] 央行看聯準會會議紀錄 「提前縮表」比升,42
2022/1/08,[請益] 有沒有人手上滿手現金等疫情高峰？,72
2022/1/08,[請益] 貨櫃海2021年的本益比為什麼偏低？,48
2022/1/08,[請益] 請問看財務報表來投資效果大不大？,43
2022/1/08,[請益] 一張0050含幾股台積電,25
2022/1/08,[請益] web3的商業模式是這樣理解嗎,10
2022/1/08,[情報] 2545皇翔 12月營收,19
2022/1/08,Re: [標的] 為何騰訊要大幅降低SEA(冬海)的持股?,7
2022/1/08,[新聞] 美股太貴 巴菲特一直在買日股？波克夏擬,20
2022/1/08,[請益] 可以只開個股期貨的功能嗎?,34
2022/1/08,Re: [心得] 代Po航運股心得就是爽,100
2022/1/08,Re: [新聞] 央行看聯準會會議紀錄 「提前縮表」比升,31
2022/1/08,[新聞] 華虹三廠及五廠突發斷電暫停生產，恐加劇,84
2022/1/08,[新聞] 桃機群聚再加2達13例陳時中:進入社區感染,97
2022/1/08,Re: [新聞] 央行看聯準會會議紀錄 「提前縮表」比升,19
2022/1/08,Re: [新聞] 台積、聯發科 高盛喊買,14
2022/1/08,Re: [新聞] 央行看聯準會會議紀錄 「提前縮表」比升,54
2022/1/08,[新聞] 台積、聯發科 高盛喊買,36
2022/1/08,[標的] 為何騰訊要大幅降低SEA(冬海)的持股?,21
2022/1/08,[請益] 如果從這裡開始崩盤大家可以接受嗎?,51
2022/1/08,[新聞] 乳牛也玩「虛擬實境」？牛奶增產神器 竟V,55
2022/1/08,[新聞] 央行看聯準會會議紀錄 「提前縮表」比升,34
2022/1/08,[新聞] 越南Vinfast追隨特斯拉 擬在德國設電動,11
2022/1/08,[新聞] 【美股盤後】就業數據令人失望 收黑,20
2022/1/08,[新聞] 女股神跌落神壇？方舟創新ETF股價近腰斬,60
2022/1/08,Re: [標的] US 真的沒東西好漲了 來漲中小吧,2
2022/1/08,[新聞] 富邦元宇宙ETF本週五開始募集 1.5萬元輕,36
2022/1/08,[新聞] 台中銀犀利 年終衝九個月,25
2022/1/08,[情報] Fed官員Mary Daly談話 及 拜登談話整理,24
2022/1/08,[情報]  0107 量大分點齊買股,1
2022/1/08,[請益] 今天的賣超券商兇手 大小摩,10
2022/1/08,[情報] 2014中鴻 12月營收,30
2022/1/08,[新聞] 因應春節連假 台股1/31至2/4休市,43
2022/1/08,[情報] 1451 年興12月營收,10
2022/1/08,[標的] US 真的沒東西好漲了 來漲中小吧,18
2022/1/08,"[心得] 美股留給FED,程式去互搞，資金回台股吧",35
2022/1/07,[新聞] 中國為防疫不惜再封城 全球供應鏈剉咧等,19
2022/1/07,[新聞] 殼牌擬1938億元股票回購 持續清潔能源轉,9
2022/1/07,Re: [請益] 國鼎新藥的新聞幾乎只有台灣報導,12
2022/1/07,[新聞] 貨櫃船運美國線超大直客長約價出爐！,26
2022/1/07,[標的] 6509.TW 聚和 空,18
2022/1/07,"[情報] 今日FBX 9,466 ▲520 老。謝。看。多",28
2022/1/07,[新聞] 繼元宇宙後 宏達電10.85億投資半導體,9
2022/1/07,[情報] 宏碁12月營收295.16億 寫9年同期新高,34
2022/1/07,[請益] 美股新聞也是反著看嗎？？？,12
2022/1/07,[情報] 111年01月07日信用交易統計,37
2022/1/07,[新聞] 12月非農 不及預期,24
2022/1/07,[請益] 過年前股市會大漲?,18
2022/1/07,Fw: [新聞] 陳建仁第3劑將打高端 估元宵節後是疫情關,9
2022/1/07,[情報] 2345智邦12月營收,12
2022/1/07,[新聞] 外資大賣航運面板晶圓 法人:下週萬八有撐,43
2022/1/07,[情報] 2376 技嘉 12月營收,39
2022/1/07,[情報] 5347 世界 12月營收,19
2022/1/07,[情報] 6251 定穎 12月營收,31
2022/1/07,[情報] 2891中信金控 12月自結,37
2022/1/07,[新聞] 華研攻NFT 躋身概念股,12
2022/1/07,Re: [請益] 買不起房子概念股,11
2022/1/07,[新聞] 跟進聯發科腳步　宏達電宣布砸13億投資中國半導體基金,69
2022/1/07,[新聞] 貨櫃三雄將變投資股！謝金河看好長榮：會,100
2022/1/07,[情報] 8112.TW 至上 12月營收,7
2022/1/07,Fw: [新聞] 今58境外破紀錄！陳時中預告：明天還會,4
2022/1/07,[情報] 台新金110年12月份合併自結,27
2022/1/07,Re: [標的] 2338.TW 光罩 新聞利多聯發破五日空,11
2022/1/07,Re: [心得] 大賺小賠的秘訣,3
2022/1/07,[情報] 0107八大公股銀行買賣超排行,29
2022/1/07,Re: [心得] 大賺小賠的秘訣,6
2022/1/07,[新聞] 家樂福198福袋開賣！頭獎送台積電玉山金,38
2022/1/07,[請益] 為何12月營收一堆月減？,48
2022/1/07,[情報] 中環公告處分中鋼股票,10
2022/1/07,[標的] 2603長榮 新年紅包多,20
2022/1/07,[情報] 3624. TW 光頡12月營收,15
2022/1/07,[情報] 0107 上市櫃外資投信同買排行,8
2022/1/07,[情報] 2337旺宏12月營收,11
2022/1/07,[情報] 2027 大成鋼 2021年12月營收,19
2022/1/07,[情報] 2603長榮 12月營收,100
2022/1/07,[情報] 華南金(2880) 12月自結,18
2022/1/07,[情報] 2338光罩 12月5.3億 月減13.88%,7
2022/1/07,[情報] 2327國巨12月營收,17
2022/1/07,[新聞] 日本麥當勞再鬧薯條荒！　「大、中薯」1,46
2022/1/07,[情報] 2636台驊投控 12月營收,20
2022/1/07,[情報] 0107 上市櫃外資投信買超金額排行,8
2022/1/07,[情報] 1732 毛寶 11月自結,9
2022/1/07,[新聞] 迷因股Gamestop傳計劃推出NFT市集 盤後,10
2022/1/07,Re: 主動型基金與0050績效比較,2
2022/1/07,Re: [標的] 8215.TW 明基材 空,5
2022/1/07,[新聞] 英特爾Mobileye最新晶片將提升汽車自動駕,3
2022/1/07,[情報] 永豐金(2890) 12月自結,33
2022/1/07,[新聞] 群聯去年營收破600億創新高　潘健成：加,24
2022/1/07,[情報] 6196帆宣 12月營收,5
2022/1/07,[請益] 被警告了,44
2022/1/07,[情報] 8299群聯 12月營收,16
2022/1/07,"[新聞] 印尼撤銷2,000張採煤許可 傳跟未配合先",8
2022/1/07,[心得] 大賺小賠的秘訣,53
2022/1/07,[情報] 3051.TW 力特12月營收,71
2022/1/07,[情報] 6005 群益證1-12月自結 2.42,8
2022/1/07,[請益] 買不起房子概念股,48
2022/1/07,[請益] 股市大跌的時候如何能準確在相對低點進場,15
2022/1/07,[請益] 航運三雄不同調~~,19
2022/1/07,Re: [標的] 2436.TW 偉詮電 空,5
2022/1/07,[情報] 玉山金(2884) 12月自結,23
2022/1/07,[情報] 0107上市外資買賣超排行,94
2022/1/07,[情報] 霹靂8450 十一月自結 -0.21,31
2022/1/07,R: [標的] 2481.TW 強茂 空,8
2022/1/07,[情報] 儒鴻(1476) 12月營收,3
2022/1/07,[情報] 9943.TW 好樂迪12月營收,17
2022/1/07,[情報] 中信託股務「股利 e 通知」服務,6
2022/1/07,[情報] 4930.tw 燦星網12月營收,10
2022/1/07,Re: [美股] UPST MNDY SQ 多,7
2022/1/07,[情報] 111年01月07日 櫃買法人買賣金額統計表,46
2022/1/07,[情報] 合庫金(5880) 12月自結,25
2022/1/07,[情報] 3037欣興12月營收,40
2022/1/07,Re: [情報] 0107 SCFI指數 5109.60 （+62.94）,-10
2022/1/07,[情報] 3231緯創12月營收,10
2022/1/07,[新聞] COVID-19疫苗第3劑接種 間隔縮短至12週,35
2022/1/07,[情報] 111年01月07日 三大法人買賣金額統計表,50
2022/1/07,[情報] 0107 SCFI指數 5109.60 （+62.94）,61
2022/1/07,[情報]  6289 華上 11月自結,8
2022/1/07,[情報] 元太(8069) 12月營收,30
2022/1/07,[情報] 0107上市投信買賣超排行,58
2022/1/07,[情報] 兆豐金(2886) 12月自結,48
2022/1/07,[情報] 2382廣達2021年12月營收,15
2022/1/07,[新聞]記憶體春燕來了？ 需求起飛DDR5供應鏈欲小,26
2022/1/07,[情報] 6147 頎邦12月營收,65
2022/1/07,[情報] 6015宏遠證 110年12月自結,10
2022/1/07,[情報] 2337旺宏 12月營收,5
2022/1/07,Re: [新聞] 中鋼公布111年元月月盤及第1季盤價,3
2022/1/07,[情報] 3545敦泰12月營收,15
2022/1/07,[新聞] 科技四大廠商2022年積極布局元宇宙或AR/V,3
2022/1/07,[情報] 6271 同欣電 12月營收,7
2022/1/07,[情報] 3481 群創 12月營收,31
2022/1/07,[創作] 股市總司令-空軍版,44
2022/1/07,[創作] 萬八孤單,6
2022/1/07,[閒聊] 2022/01/07 盤後閒聊,71
2022/1/07,[請益] 美國2年公債殖利率的解讀？,16
2022/1/07,[發錢] 力智6719 抽中還願,100
2022/1/07,[新聞] 力智今抽籤出爐中籤率0.47%、現賺26.4萬,62
2022/1/07,[新聞] 桃機群聚再增確診 資金湧向防疫概念股,11
2022/1/07,[請益] 為什麼除息後股價會跌?,-10
2022/1/07,Re: [請益] 今天有人砍股票的嗎,29
2022/1/07,[新聞] 穩定農產售價 暫停肥料出口、補助原料漲,14
2022/1/07,[新聞] 供給短缺逐年加劇 外資看讚ABF載板三雄,11
2022/1/07,Re: [請益] 今天有人砍股票的嗎,14
2022/1/07,[新聞] 撐不住了！ 裕隆集團國產車 漲價,19
2022/1/07,[標的] 新唐 空,26
2022/1/07,[新聞] 外資轉向？ 昨匯出5億美元,27
2022/1/07,[新聞] 打造專屬供應鏈 越南VinFast在美設電池,3
2022/1/07,Re: [請益] 今天是反映疫情還是升息？,1
2022/1/07,[新聞] 外資：上調南電欣興、喊進景碩,37
2022/1/07,[請益] 今天有人砍股票的嗎,100
2022/1/07,Re: [美股] UPST MNDY SQ 多,29
2022/1/07,[情報] 台玻：台玻咸陽玻璃新型冠狀病毒疫情影響,9
2022/1/07,[新聞] 麥當勞薯餅各門市陸續暫停銷售 薯條正常,33
2022/1/07,[新聞] 升息效應 各大行庫加碼美債,3
2022/1/07,[請益] 興櫃跟上市期間的交易量能改設定嗎？,0
2022/1/07,[新聞] 聯成去年12月營收改寫次高 Q4、全年同登,1
2022/1/07,[新聞] 國鼎股價強攻300元 超車高端搶當新藥股王,34
2022/1/07,[標的] 1732 毛寶 超級多,13
2022/1/07,[請益] 國鼎新藥的新聞幾乎只有台灣報導,30
2022/1/07,[新聞] 三星電子2021年營業利潤同比增43.3%,5
2022/1/07,[標的] 牛樟芝概念股,5
2022/1/07,Re: [標的] 2603 長榮 空,-10
2022/1/07,[閒聊] 2021/01/07盤中閒聊,100
2022/1/07,[新聞] 英特爾挖走蘋果M1首席晶片設計師,76
2022/1/07,[新聞] 心悅抗新冠口服藥將進入三期臨床,16
2022/1/07,[新聞] 桃機群聚晚間爆4確診 陳時中:情況有點緊張,53
2022/1/07,Re: [新聞] 高端超搶手！兒科診所證實：已經打完了 1,7
2022/1/07,[標的] 2303聯電 非常多,47
2022/1/07,[新聞] 英特爾認輸！除外包3奈米 還與台積電討,19
2022/1/07,[創作] 套要怎麼賣出手(愛要怎麼說出口),3
2022/1/07,[新聞] 貨櫃海運價格再漲 航商農曆年調漲GRI費,38
2022/1/06,Fw: [Live] LIVE 桃機群聚再傳一確診 王必勝說明,0
2022/1/06,Re: [標的] ZIM.US 補漲技術面多,22
2022/1/06,[請益] 金融是不是最後一棒?,21
2022/1/06,[新聞] 快訊 桃機保全染疫第9例確診　王必勝急,72
2022/1/06,Re: [新聞] 高端超搶手！兒科診所證實：已經打完了 1,-10
2022/1/06,[新聞] cookies使用違規 Google遭法國處以47億,23
2022/1/06,Re: [新聞] 高端超搶手！兒科診所證實：已經打完了 1,15
2022/1/06,[請益] 官股配息差的依據?,9
2022/1/06,Re: [新聞] 高端超搶手！兒科診所證實：已經打完了 1,41
2022/1/06,[新聞] 縮表與縮債傻傻分不清,16
2022/1/06,[新聞] Fed三大重拳連擊台股 為何郭哲榮說「台,17
2022/1/06,[情報] 111年01月06日信用交易統計,29
2022/1/06,Re: [新聞] 高端超搶手！兒科診所證實：已經打完了 1,8
2022/1/06,Re: [標的] 3491. TW 昇達科  低軌衛星題材多,7
2022/1/06,[新聞] 南港輪胎名譽董事長林學圃辭世 享壽74歲,3
2022/1/06,[標的] 6188廣明 日商歐姆龍入股達明 主力偏多,11
2022/1/06,[請益] 美股科技業還會創新高？,26
2022/1/06,[新聞] 高端超搶手！兒科診所證實：已經打完了 1,74
2022/1/06,[新聞] TV面板價回穩 雙虎笑了,53
2022/1/06,[新聞] 711官網把「台灣按國家表示」遭大陸罰65,14
2022/1/06,[情報] 2049.TW 上銀 12月營收,14
2022/1/06,[情報] 零壹2021年12月合併營收9.56億 年增28.15,7
2022/1/06,[新聞] 美國恐提早升息！外資今天狂掃5檔金融股,28
2022/1/06,[心得] 美原油79美元出清回鄉過年,10
2022/1/06,[新聞] 航空雙雄貨運喊漲 亞洲地區漲幅1至2成,18
2022/1/06,[情報] 0106八大公股銀行買賣超排行,38
2022/1/06,[新聞] 美西碼頭工人驚傳近百名染疫,85
2022/1/06,[情報] 0106分點重壓股,1
2022/1/06,[情報] 0106 量大分點齊買,4
2022/1/06,[新聞]國產建材實業爆發內線交易 前董座林孝信,2
2022/1/06,[新聞] 晶圓測試量大增 京元電12月營收創新高,14
2022/1/06,[情報] 元大金(2885) 12月自結,38
2022/1/06,[新聞] 聯詠去年Q4營收略減4.71% 全年達1353.66,5
2022/1/06,[情報] （3189）景碩 12月營收月減8.9%,44
2022/1/06,[情報] 0106 上市櫃外資投信同買排行,6
2022/1/06,[情報] 台產 有關檢調單位至本公司進行調查事宜,3
2022/1/06,[情報] 0106 上市櫃外資投信買超金額排行,3
2022/1/06,[新聞] 《各報要聞》16檔CES概念股 展後迎大單,8
2022/1/06,[情報] 8490 利得 非國鼎合作廠商,24
2022/1/06,[新聞] 獨／華航發6個月年終 還比照軍公教調薪4%,100
2022/1/06,[請益] 蔡森現在還有出現螢幕前嗎？,33
2022/1/06,Re: [新聞] 陽明鄭貞茂：海運頭號敵人是塞港,0
2022/1/06,[新聞] 涉國產內線案？國票：全力配合調查 董座,1
2022/1/06,[新聞] 地中海超越馬士基 登上全球最大貨櫃航商,40
2022/1/06,[新聞] 雄獅首推七日環島之旅38秒完售,36
2022/1/06,Re: [請益] 快兩萬點了 是否該急流湧退了,19
2022/1/06,[情報] 國產/中保科 有關檢調單位至本公司調查,2
2022/1/06,[請益] 手動定期定額買零股ETF買不足,1
2022/1/06,[情報] 0050公告配息3.2元,39
2022/1/06,[新聞]宏達電VIVE Pro 2獲CES 2022創新獎,20
2022/1/06,[新聞] 傳涉內線交易遭檢調搜索 國票金：全力配,13
2022/1/06,[情報] 0106上市外資買賣超排行,100
2022/1/06,[情報] 111年01月06日 櫃買法人買賣金額統計表,39
2022/1/06,[情報] 3596智易 12月營收 30.79E,16
2022/1/06,[請益] 快兩萬點了 是否該急流湧退了,65
2022/1/06,[情報] 智原 12月 營收 9.3E,15
2022/1/06,[新聞] 國產建設爆內線交易 檢調約談董事等高層,15
2022/1/06,[情報] 111年01月06日 三大法人買賣金額統計表,67
2022/1/06,[情報] 宏達電2498 12月營收5.76億元,86
2022/1/06,[新聞] 瑞士媒體：中國要求台商必須與台灣政府,31
2022/1/06,[情報]  2476 鉅祥 12月營收 5.55E,5
2022/1/06,[新聞]00881配息0.59元、00830配2.8元,14
2022/1/06,[情報] 0106上市投信買賣超排行,75
2022/1/06,[情報] 聯詠12月營收,16
2022/1/06,[請益] 老王現在資金幾成？,64
2022/1/06,[情報] 2303 聯電12月營收,80
2022/1/06,Re: [請益] 怎麼判斷現在該不該去槓桿,0
2022/1/06,[請益] 鴻海是最後一棒嗎?,12
2022/1/06,[新聞] 中國十四五規劃中，設定於2025年成為機器,11
2022/1/06,Re: [新聞] 中國上市公司市值500強榜單發布台積電第,25
2022/1/06,Re: [請益] 怎麼判斷現在該不該去槓桿,3
2022/1/06,[閒聊] 2022/01/06 盤後閒聊,54
2022/1/06,[新聞] 亞系外資估貨櫃運價至Q3維持高檔，喊買,38
2022/1/06,[情報] 2385.tw 12月營收,21
2022/1/06,Re: [標的] 2451.TW 創見,34
2022/1/06,Re: [請益] 美聯儲升息該減倉還是分批加碼？,8
2022/1/06,Re: [新聞] 陽明鄭貞茂：海運頭號敵人是塞港,19
2022/1/06,[標的] 2379.TW 瑞昱 請益 怎麼臭酸了,31
2022/1/06,[新聞] 謝金河：龍頭昂首慶豐年,43
2022/1/06,[標的] 台積電 做完這波我要回鄉下過年多 2330,100
2022/1/06,[新聞] 雙強聯手 漢唐一號電巴攻國際市場,26
2022/1/06,[新聞] 陽明鄭貞茂：海運頭號敵人是塞港,30
2022/1/06,[新聞] 中國上市公司市值500強榜單發布台積電第,100
2022/1/06,Re: [新聞] 砍人前2天才通知：不必來上班　健身器材,5
2022/1/06,[新聞] 資金恐被沒收！美債券天王岡拉克：中國,21
2022/1/06,[新聞] 外資報告》瑞銀重申買入台積電 目標價74,35
2022/1/06,[新聞] 抽中賺近30萬！力智申購爆量逾50萬筆,100
2022/1/06,[新聞] 台積電領跌！航海王再度挺身而出,31
2022/1/06,[新聞] 立陶宛考量國家安全 拒讓中資企業興建鐵,14
2022/1/06,[新聞] 分析師:英特爾開始與台積電討論合作2nm,54
2022/1/06,[新聞] 國鼎漲67%暫停交易！股價破2百元,39
2022/1/06,Re: [標的] 聯發科2454認購權證多,10
2022/1/06,Re: [新聞] 國鼎「新冠肺炎藥」解盲成功！,60
2022/1/06,[新聞]汽車能隨意改變車色！BMW攜電子紙大廠元太,81
2022/1/06,[請益] 指數（股價）和期貨誰是主人誰是狗,21
2022/1/06,Re: [標的] 2330.TW 台積電 GG 勃起多,4
2022/1/06,[新聞] 立陶宛外交部回應台灣「2億美元」投資基,53
2022/1/06,[新聞] 外資愛台股 金管會：12年來外資單年最大,18
2022/1/06,[標的] 2330台積電 ADR跌 續空,24
2022/1/06,[閒聊] 2022/01/06 盤中閒聊,100
2022/1/06,[請益] 美聯儲升息該減倉還是分批加碼？,35
2022/1/06,Re: [新聞] 駐立代表：台灣擬設2億美元基金 投資立,6
2022/1/06,[新聞] Fed鷹浪太強 台積ADR跌近5% 大盤剉咧等,42
2022/1/06,Re: [新聞] Fed會議紀要：最早可能3月升息 之後開始,46
2022/1/06,[新聞] 砍人前2天才通知：不必來上班　健身器材,89
2022/1/06,Re: [新聞] Fed會議紀要：最早可能3月升息 之後開始,11
2022/1/06,[新聞] Fed會議紀要：最早可能3月升息 之後開始,100
2022/1/06,[新聞] 台積電買721元！22張共逾1500萬元　網驚,53
2022/1/06,[請益] 最近是不是都在炒水餃股?,5
2022/1/06,Re: [新聞] 國鼎COVID-19新藥二期解盲28天康復率,21
2022/1/06,Re: [請益] 哲哲真的是反指標嗎?,1
2022/1/06,Re: [新聞] 國鼎COVID-19新藥二期解盲28天康復率,5
2022/1/06,[請益] 台股記憶體走自己的路？,20
2022/1/06,Re: [標的] PLTR  Palantir  請益  討論,15
2022/1/06,Re: [新聞] 桃機清潔員再傳3例確診 疑都是大夜班人員,28
2022/1/05,[請益] 哲哲真的是反指標嗎?,24
2022/1/05,[新聞] 默克宣佈與Palantir合作打造Athinia半導體,11
2022/1/05,[創作] 我終於失去了妳,6
2022/1/05,[標的] MSFT.US微軟倒車接人多,41
2022/1/05,Re: [請益] 為什麼指數投資都只有股債配？,10
2022/1/05,[標的] INTC.US  i皇:換我爽了吧,35
2022/1/05,[新聞] 外資 2021年創12年最大淨匯入,30
2022/1/05,[新聞] 鴻海去年營收出爐，5.93 兆寫下歷史新高,27
2022/1/05,Fw: [新聞] 新增3例COVID-19本土確定病例，衛生單位,15
2022/1/05,[新聞] 長榮張國華罕見1動作 內行：股利要噴了,21
2022/1/05,[情報] 今日FBX指數,19
2022/1/05,[標的] 2753.TW 八方雲集 紅油抄底多,68
2022/1/05,[創作] 黑明產業鏈,6
2022/1/05,[標的] 2436.TW 偉詮電 空,13
2022/1/05,[新聞] 又有機構宣布做空特斯拉,19
2022/1/05,[新聞] 群聯百分百收購Sony孫公司Nextorage，未,0
2022/1/05,[情報] 111年01月05日信用交易統計,27
2022/1/05,[新聞] 本月下旬美國西南岸貨櫃航班增至6班,7
2022/1/05,Re: [新聞] 陽明：七堵大樓不敷使用 購置總部計畫研,-10
2022/1/05,[情報] 3141晶宏 12月營收,15
2022/1/05,Re: [新聞] 陽明：七堵大樓不敷使用 購置總部計畫研,14
2022/1/05,[新聞] 德國反壟斷當局開始審查谷歌 為打擊反競,10
2022/1/05,[情報]  2347 聯強 12月營收,12
2022/1/05,[情報] 3293.TW 鈊象 12月營收,13
2022/1/05,[情報] 9941 裕融 12月自結,13
2022/1/05,[標的] 6235華孚 12月營收創高 董事長加碼 多,3
2022/1/05,Re: [新聞] 駐立代表：台灣擬設2億美元基金 投資立,0
2022/1/05,[新聞] 大立光12月營收攀上11個月來新高 1月進入,7
2022/1/05,[新聞] 陽明：七堵大樓不敷使用 購置總部計畫研,100
2022/1/05,[心得] 散戶也能達成的循環經濟,0
2022/1/05,[新聞] 桃機清潔員再傳3例確診 疑都是大夜班人員,37
2022/1/05,[新聞] 駐立代表：台灣擬設2億美元基金 投資立,34
2022/1/05,[情報] 3003 健和興 12月營收,21
2022/1/05,[新聞] 攻2奈米製程 三星與台積電2025正面交鋒,34
2022/1/05,[標的] 3704合勤控,12
2022/1/05,[情報] 6446藥華藥12月營收 年增190.58%,17
2022/1/05,[情報] 0105八大公股銀行買賣超排行,38
2022/1/05,[標的] 台積電與TSM的折溢價?,54
2022/1/05,[新聞] 義隆12月營收13.74 億元,11
2022/1/05,[情報] 0105 上市櫃外資投信同買排行,8
2022/1/05,Re: [標的] PLTR  Palantir  請益  討論,34
2022/1/05,Re: [新聞] 郭明錤：玉晶光奪Meta高單價貼合訂單 成,18
2022/1/05,[新聞] 查到了！餐飲物價狂漲元凶曝光 這5類食,28
2022/1/05,[情報] 0105 上市櫃外資投信買超金額排行,13
2022/1/05,[情報] 0105量大分點齊買,3
2022/1/05,Re: [情報] 6405 悅城取得台積電股票之公告,6
2022/1/05,[新聞] 玉山金品牌長運動後猝逝　公司僅公告「,32
2022/1/05,Re: [請益] 定存解約買中華電信比較好還是0050比,9
2022/1/05,[新聞] 群聯百分百收購Sony孫公司Nextorage，未,44
2022/1/05,[情報] 6405 悅城取得台積電股票之公告,87
2022/1/05,[情報] 6104創惟營收3.8E,15
2022/1/05,Re: [新聞] 國鼎「新冠肺炎藥」解盲成功！,20
2022/1/05,[新聞] 他在長榮上班 上繳10個月年終 老婆跳腳,-10
2022/1/05,[情報] 6289 華上 12月自結,15
2022/1/05,[新聞] 謝金河:台灣人沒日沒夜只賺這家公司1／5,0
2022/1/05,[情報] 6278 台表科 12月營收 67.26E,8
2022/1/05,[創作] 金袂爽（未發送／阿冗）,2
2022/1/05,[標的] 2408 南亞科 多,23
2022/1/05,Re: [請益] 定存解約買中華電信比較好還是0050比較,14
2022/1/05,[新聞] 陽明團膳菜色縮水？董座鄭貞茂親上,100
2022/1/05,[新聞] 傳奇投資人預言：2022美股漲不動、金價與,10
2022/1/05,[請益] 00895 vs 00830 vs00662,15
2022/1/05,[情報] 0105上市外資買賣超排行,100
2022/1/05,[請益] 海公公這次不一樣嗎？,42
2022/1/05,[新聞] 福特計劃其新型全電動皮卡產量提高近一倍,18
2022/1/05,[新聞] miniLED 大陸晶粒廠商三安跌倒 富采吃飽？,17
2022/1/05,[新聞] 郭明錤：玉晶光奪Meta高單價貼合訂單 成,6
2022/1/05,[情報] 111年01月05日 櫃買法人買賣金額統計表,57
2022/1/05,Re: [心得] 一張不賣,4
2022/1/05,[情報] 榮成110年12月及1-12月累計合併自結損益,14
2022/1/05,[情報] 8046南電12月營收,19
2022/1/05,[情報] 6235 華孚 12月營收 3.17E,17
2022/1/05,[情報] 111年01月05日 三大法人買賣金額統計表,88
2022/1/05,[標的] 國鼎 解盲 疫情爆炸多,-10
2022/1/05,[情報] 貿聯-KY 12月營收,6
2022/1/05,[情報] 2637 慧洋-KY 12月營收 20.6E,13
2022/1/05,[情報] 0105上市投信買賣超排行,63
2022/1/05,Fw: [新聞] 國鼎COVID-19新藥二期解盲28天康復率100%,15
2022/1/05,Re: [標的] 2481.TW 強茂 空,15
2022/1/05,[情報] 6213聯茂12月營收,10
2022/1/05,[新聞] 國鼎「新冠肺炎藥」解盲成功！,99
2022/1/05,Re: [請益] 今天14檔個位數股票漲停 代表什麼,10
2022/1/05,[創作] 說好的解套呢（說好的幸福呢）,23
2022/1/05,[閒聊] 2022/01/05 盤後閒聊,80
2022/1/05,[新聞] 瑞昱12月營收月減0.1%,23
2022/1/05,[新聞] 陽明年終獎金輸長榮 鄭貞茂：硬要比較,17
2022/1/05,[請益] 今天14檔個位數股票漲停 代表什麼,10
2022/1/05,[新聞] 半導體市場2022年預估成長8.8% 但仍存在,6
2022/1/05,[新聞] 去年最猛黑馬晶宏 2022年挾ESL續強,8
2022/1/05,Re: [請益] 為什麼指數投資都只有股債配？,3
2022/1/05,[標的] 2497 怡利電 多,38
2022/1/05,[新聞] 南港輪胎榮董林學圃辭世 享壽74歲,18
2022/1/05,[新聞] 鴻海衝元宇宙 Google撒銀彈力挺,44
2022/1/05,[新聞] 600元買台積電「蹲1年腳麻」該跑了？他,25
2022/1/05,Re: [請益] 定存解約買中華電信比較好還是0050比較,9
2022/1/05,Re: [請益] 當沖與停損時機？,6
2022/1/05,[新聞] Sony也要賣電動車了 今春成立新公司準備,55
2022/1/05,[新聞]紐約FED：前所未見的供鏈壓力已觸頂,10
2022/1/05,[標的] 華航多,0
2022/1/05,Re: [請益] 定存解約買中華電信比較好還是0050比較,16
2022/1/05,[新聞] 好消息！高端疫苗對抗Omicron變異株,49
2022/1/05,[標的] 2330台積電 開高高空,34
2022/1/05,Re: [請益] 盲人如何玩股票?,100
2022/1/05,[新聞] 股神戰友孟格再增持阿里 Q4加碼近1倍,25
2022/1/05,[新聞] 台積電資本支出 大暴衝,32
2022/1/05,Re: [請益] 為什麼指數投資都只有股債配？,27
2022/1/05,Re: [新聞] 台股2萬點泡沫將至　谷月涵：最後一波不,69
2022/1/05,[新聞] 張國華及配偶鉅額轉讓 長榮股價待觀察,60
2022/1/05,Re: [請益] 為什麼指數投資都只有股債配？,3
2022/1/05,[標的] 鴻海 2317 多,11
2022/1/05,Re: [標的] 2330.TW 台積電 GG 勃起多,4
2022/1/05,Re: [請益] 當沖與停損時機？,7
2022/1/05,Re: [標的] 美成長股多,23
2022/1/05,[請益] 為什麼指數投資都只有股債配？,17
2022/1/05,[心得] Fed疫情前後QE五兆美元，資產負債表高達,43
2022/1/05,[新聞] 8年來持續看衰，JPMorgan分析師給特斯拉,49
2022/1/05,[閒聊] 2022/01/05 盤中閒聊,100
2022/1/05,[新聞] 有史以來最好賭注!股神巴菲特重押蘋果,32
2022/1/05,Re: [新聞] 台股2萬點泡沫將至　谷月涵：最後一波不,10
2022/1/05,[新聞] 智易越南新廠Q2全能量產；年底前規劃二,13
2022/1/05,Fw: [情報] 2021台灣發行ETF報酬 不含債、槓反、期貨,4
2022/1/05,[新聞] 台積電2天漲6%！散戶忙問利多在哪,29
2022/1/05,[新聞] 2021年中國水泥前十大排行出爐，台泥、,10
2022/1/05,[新聞] ASML火警 晶片荒恐惡化,35
2022/1/05,[新聞] 芒格在去年底又加碼30萬股阿里巴巴,22
2022/1/05,[新聞] (美股盤後)科技股下殺 道瓊續創新高,5
2022/1/05,[新聞] 群創 攻高階車用面板,9
2022/1/05,Re: [新聞] 獨家｜陽明再爆爭議！員工控遭逼認股,19
2022/1/05,[情報] FOMC票委 Neel Kashkari談話,18
2022/1/05,[新聞] AirPods出貨看佳 日月光投控和艾克爾封,6
2022/1/05,Re: [請益] 當沖與停損時機？,4
2022/1/05,[新聞] 獨家｜陽明再爆爭議！員工控遭逼認股,73
2022/1/05,Re: [新聞] 外資報告》大摩給予台積電「持有」評級,0
2022/1/04,[請益] 公司可能被收購前的走勢？？,12
2022/1/04,Re: [標的] PLTR  Palantir  請益  討論,19
2022/1/04,[新聞] 申洲寧波廠工人染疫 員工：上萬人被隔離,11
2022/1/04,[新聞] 中鋼公布111年元月月盤及第1季盤價,37
2022/1/04,Re: [新聞] 外資報告》大摩給予台積電「持有」評級,12
2022/1/04,[新聞] 裴洛西大筆買進MU/GOOG/CRM/DIS看漲期權,23
2022/1/04,[請益] 請問退庸,45
2022/1/04,[新聞] 外資報告》大摩給予台積電「持有」評級,55
2022/1/04,[新聞] 台積電6奈米互打！蘇媽不忍了搶發1張照,36
2022/1/04,[新聞] 外資求饒式買盤 老手揭中小型股噴出時刻,0
2022/1/04,[請益] 當沖與停損時機？,13
2022/1/04,[標的] JETS.US 成分股航空任選多,4
2022/1/04,[情報] 111年01月04日信用交易統計,23
2022/1/04,[標的] F.US 福特 F-150野馬多,32
2022/1/04,[請益] 工業元宇宙概念股,8
2022/1/04,[新聞] 外資玩兩面手法？今買超冠軍竟是台灣50,20
2022/1/04,[標的] 2338.TW 光罩 新聞利多聯發破五日空,10
2022/1/04,Re: [請益] 所以台積電的利多是什麼??,20
2022/1/04,[標的] PLTR  Palantir  請益  討論,42
2022/1/04,Re: [請益] 你各位真的不怕疫情嗎？,7
2022/1/04,[請益]6789采鈺,1
2022/1/04,[情報] 騰訊減持Sea Limited 2.6%股權,9
2022/1/04,[情報] 中環公告取得大同普通股股票,19
2022/1/04,Re: [心得] 一張不賣,64
2022/1/04,Re: [標的] 6414.TW 樺漢 多,5
2022/1/04,[新聞] 外資求饒式買盤 老手揭中小型股噴出時刻,11
2022/1/04,[請益] 股期入門 有些問題想請教,3
2022/1/04,Re: [心得] 一張不賣,14
2022/1/04,Re: [心得] 一張不賣,6
2022/1/04,Re: [請益] 今年走勢會不會跟去年雷同,4
2022/1/04,[請益] 你各位真的不怕疫情嗎？,100
2022/1/04,[情報] 0104八大公股銀行買賣超排行,45
2022/1/04,[標的] TMF40%QLD40%UPRO20%,12
2022/1/04,[情報] 6414樺漢 公告本公司董事會決議私募普通,13
2022/1/04,Re: [心得] 一張不賣,24
2022/1/04,[新聞] 中鋼受高雄市環保局裁處罰鍰新台幣135萬,28
2022/1/04,[情報] 0104 上市櫃外資投信同買排行,3
2022/1/04,[情報] 2809 京城銀 12月自結,35
2022/1/04,[情報] 4132國鼎0105暫停交易!,14
2022/1/04,Re: [新聞] 長榮海運40個月年終奬金的背後…,0
2022/1/04,[情報] 0104 上市櫃外資投信買超金額排行,2
2022/1/04,[情報] 0104 分點重壓股,1
2022/1/04,[情報] 0104 量大分點齊買股,1
2022/1/04,Re: [新聞] 長榮海運40個月年終奬金的背後…,2
2022/1/04,[新聞] 外資搶補敲向北方 台積679大學長解套有,39
2022/1/04,[請益] 年終 ：大方長榮 vs.小氣陽明,7
2022/1/04,[標的] 台指期 跟著大哥一起噴射,7
2022/1/04,[新聞] 長榮海運40個月年終奬金的背後…,0
2022/1/04,Re: [標的] 永動機什麼時候會變回永凍雞?,8
2022/1/04,[新聞] 特斯拉如何成為晶片危機中的大贏家？,8
2022/1/04,[標的] 6617共信-KY,0
2022/1/04,[心得] 一張不賣,100
2022/1/04,Re: [請益] 股票零和遊戲 賠錢的人呢?,0
2022/1/04,[情報] 2323 中環 11月自結0.2,14
2022/1/04,Re: [新聞] 二哥聯電110Q3 EPS 1.43,16
2022/1/04,Re: [請益] 所以台積電的利多是什麼??,32
2022/1/04,[情報] 0104上市外資買賣超排行,100
2022/1/04,[新聞] 今年AMOLED DDI供貨吃緊 聯電主要擴產計,25
2022/1/04,[情報] 111年01月04日 櫃買法人買賣金額統計表,42
2022/1/04,[請益] 台股真的回不去了嗎?,83
2022/1/04,Re: [心得] 1/1發雞排,73
2022/1/04,Re: [標的] 2330.tw 台積電  存零股請益,16
2022/1/04,[新聞] 美元兌日圓站上近5年新高 交易員押注聯,16
2022/1/04,[情報] 111年01月04日 三大法人買賣金額統計表,71
2022/1/04,[請益] 股價一直上漲的股票要怎麼判斷該不該追啊,54
2022/1/04,[情報] 0104上市投信買賣超排行,96
2022/1/04,[新聞] 新增34例COVID-19確定病例，分別為4例本,86
2022/1/04,[請益] 今年走勢會不會跟去年雷同,68
2022/1/04,[新聞] 2022年台灣IPO市場半導體產業仍是主力,2
2022/1/04,Re: [請益] 股票零和遊戲 賠錢的人呢?,6
2022/1/04,[標的] 6289華上 華燈初上多,17
2022/1/04,[創作] 不是每檔股票都有美好回憶,4
2022/1/04,Re: [請益] 股票零和遊戲 賠錢的人呢?,8
2022/1/04,[閒聊] 2022/01/04 盤後閒聊,58
2022/1/04,[創作] 王力宏 需要認賠,10
2022/1/04,[新聞] 中國再頒布監管新法！ 擁百萬用戶的軟體,12
2022/1/04,Re: [新聞] 不只有你賠錢 2021年當沖客總計賠掉一個,13
2022/1/04,Re: [請益] 所以台積電的利多是什麼??,5
2022/1/04,Re: [請益] 股票零和遊戲 賠錢的人呢?,35
2022/1/04,Re: [請益] 所以台積電的利多是什麼??,27
2022/1/04,[新聞] 美西候港船隻仍在101艘高峰　全球最大港,15
2022/1/04,Re: [新聞] 非核家園能源配比 宣告跳票 2025再生能,27
2022/1/04,Re: [請益] 股票零和遊戲 賠錢的人呢?,6
2022/1/04,[新聞] 抽中賺30萬！力智首日申購爆量17萬筆　可,51
2022/1/04,[新聞] 台積電4萬元沒賺到 2萬股東賣太早猛搥心,58
2022/1/04,Re: [請益] 所以台積電的利多是什麼??,5
2022/1/04,Re: [請益] 所以台積電的利多是什麼??,15
2022/1/04,[新聞] 大摩：2022年中國不再是世界經濟引擎,31
2022/1/04,[新聞] 不只有你賠錢 2021年當沖客總計賠掉一個,41
2022/1/04,[請益] 有人去年台積電佔很高所以沒什麼表現嗎,31
2022/1/04,[請益] 存股策略,21
2022/1/04,Re: [請益] 所以台積電的利多是什麼??,19
2022/1/04,[請益] 所以台積電的利多是什麼??,100
2022/1/04,[請益] 豐存股定期定額買到最高點..!,12
2022/1/04,[新聞] 群聯去年可望大賺超過四個股本，今年也,29
2022/1/04,[請益] 歷史高點 大家持股水位幾成？,92
2022/1/04,[請益] 盲人如何玩股票?,63
2022/1/04,[請益] 台積電應該不會連拉三天吧？,100
2022/1/04,[標的] 00895富邦未來車開車多,15
2022/1/04,[新聞] 中鋼 下修Q1內外銷接單量,46
2022/1/04,Re: [請益] 股票零和遊戲 賠錢的人呢?,11
2022/1/04,Re: [新聞] 新藥業拚十張藥證 創產業紀錄,5
2022/1/04,Re: [請益] 股票零和遊戲 賠錢的人呢?,8
2022/1/04,Fw: [新聞] 寧波北侖3天累計23例確診 舟山港提升防疫,16
2022/1/04,Re: [標的] 2330.TW 台積電 GG 勃起多,30
2022/1/04,[新聞] 買在679的朋友等待是值得的！法人也搶跟,65
2022/1/04,[情報] 金麗科12月營收為0.93億元，年增58.08%,4
2022/1/04,[新聞] IBM攜手三星 半導體設計重大突破,17
2022/1/04,[新聞] 台積電暴漲18元叩關650元　指數漲逾200點,22
2022/1/04,Re: [新聞] 台灣房價漲幅高?央行副總:高於大部分國家,21
2022/1/04,[標的] 濾能6823,8
2022/1/04,Re: [標的] 2330.TW 台積電 GG 勃起多,22
2022/1/04,[新聞] 長榮超級年終 逾5成來自大陸,0
2022/1/04,[新聞] 珍奶股紅包「抽中現賺5萬！」　聯發國際,13
2022/1/04,Re: [請益] 股票零和遊戲 賠錢的人呢?,10
2022/1/04,[新聞] 非核家園能源配比 宣告跳票 2025再生能,57
2022/1/04,[新聞] 半導體設備大廠ASML德國廠火警 損失仍在,71
2022/1/04,[閒聊] 2022/01/04 盤中閒聊,99
2022/1/04,[新聞] 全美第一！蘋果市值一度衝破3兆美元大關,17
2022/1/04,Re: [請益] 陽明股利有辦法預估發多少嗎?,7
2022/1/04,Re: [請益] 股票零和遊戲 賠錢的人呢?,3
2022/1/04,Re: [心得] 貨櫃三雄長榮有可能獨強嗎？,0
2022/1/04,Re: [請益] 股票零和遊戲 賠錢的人呢?,0
2022/1/04,[標的] bntx.us 多,8
2022/1/04,[標的] TSLA 宇宙太陽系第一神股,27
2022/1/04,Re: [請益] 股票零和遊戲 賠錢的人呢?,1
2022/1/04,Re: [請益] 股票零和遊戲 賠錢的人呢?,16
2022/1/04,Re: [請益] 股票零和遊戲 賠錢的人呢?,0
2022/1/04,[新聞] LG能源解決方案 將成南韓最大規模IPO,2
2022/1/04,Re: [新聞] 賺大紅包機會來了！力智今起申購抽中賺30,74
2022/1/04,[新聞] 快訊／機場清潔人員確診！指揮中心證實：,34
2022/1/03,[心得] 貨櫃三雄長榮有可能獨強嗎？,45
2022/1/03,[標的] 2330 台積電 世界第一多,76
2022/1/03,[新聞] 踩台開大雷！破百億借款恐無力還 銀行急,95
2022/1/03,[請益] 股票零和遊戲 賠錢的人呢?,0
2022/1/03,[標的] 展望2022，大摩看好蘋果多更多,5
2022/1/03,[情報]中環公告本公司取得有價證券,15
2022/1/03,Re: [請益] 陽明股利有辦法預估發多少嗎?,8
2022/1/03,[情報] 0103 處置股票與注意股票統計分析,4
2022/1/03,[新聞] 快訊／「有家長確診！」傳桃園2國高中4日,31
2022/1/03,[標的] 2330.TW 台積電 GG 勃起多,36
2022/1/03,[請益] 陽明股利有辦法預估發多少嗎?,42
2022/1/03,[新聞] 全球第5大植牙植體商遭掏空43億 奧齒泰無,36
2022/1/03,Re: [新聞] 年終縮水員工氣炸 陽明無奈：衝突對業務,44
2022/1/03,[標的] 4987科誠 存股多~,7
2022/1/03,Re: [標的] TSLA.US特斯拉該不該追高買入？,38
2022/1/03,[情報] 所羅門(2359) 自結11月EPS 0.31,20
2022/1/03,Re: [新聞] 年終縮水員工氣炸 陽明無奈：衝突對業務,9
2022/1/03,Re: [新聞] 聯電籠罩變數陰霾 瑞銀降評,15
2022/1/03,[請益] 海運公司買廣告的效益是什麼？,27
2022/1/03,[情報] 111年01月03日信用交易統計,32
2022/1/03,[新聞] 1年換了2董3總 董座王光祥誓言開發 大同,16
2022/1/03,辛耘 (3583) 10月自結 0.52,11
2022/1/03,[請益] 為何沒有任何分析師提到長榮王賺爆的事,23
2022/1/03,[新聞] 元太、振曜電子貨架標籤打入超市 年減3.8,6
2022/1/03,Re: [標的] TSLA.US特斯拉該不該追高買入？,19
2022/1/03,[新聞] 聯電籠罩變數陰霾 瑞銀降評,42
2022/1/03,Re: [請益] 為什麼現在股票網紅越來越多？,5
2022/1/03,[標的] 5457宣德 立訊受惠股 業績成長隱形冠軍,35
2022/1/03,[新聞] 陽明年終未定「總座親上火線！」董事會通,81
2022/1/03,[新聞] 土耳其通膨36%創19年新高 糧食飆漲43.8%,8
2022/1/03,[新聞] 台灣房價漲幅高?央行副總:高於大部分國家,81
2022/1/03,Re: [標的] TSLA.US特斯拉該不該追高買入？,3
2022/1/03,[新聞] 創辦人捐贈風波 中天、合一：專注本業,7
2022/1/03,[標的] TSLA.US特斯拉該不該追高買入？,82
2022/1/03,[情報] 0103八大公股銀行買賣超排行,35
2022/1/03,[情報] 0103 上市櫃外資投信同買排行,3
2022/1/03,[新聞] 全球廉價機票時代「恐在2022年告終」,48
2022/1/03,[情報] 0103 上市櫃外資投信買超金額排行,2
2022/1/03,[標的] 3034.TW 聯詠 解套的心得(我竟然解套了),0
2022/1/03,[請益] 為什麼現在股票網紅越來越多？,43
2022/1/03,[標的] 台積電 地震搖到噴出,38
2022/1/03,[標的] 宏達電 地震搖搖多,0
2022/1/03,[標的] 2481.TW 強茂 空,16
2022/1/03,[新聞] 電動車產業2022年五大趨勢觀察,5
2022/1/03,[新聞] 台灣申請入CPTPP 經長：韓國倍感壓力,58
2022/1/03,[請益] 股票匯播,10
2022/1/03,[請益] 那個台哥大連三竹很頓的,10
2022/1/03,[新聞] Starlink 融雪模式「太溫暖」，所以吸來,55
2022/1/03,[請益] 外資大買又隔日沖掉的華邦電 還有後市嗎,59
2022/1/03,[情報] 0103上市外資買賣超排行,100
2022/1/03,[新聞] 新藥業拚十張藥證 創產業紀錄,21
2022/1/03,[請益]  2022年題材會炒什麼?,86
2022/1/03,Re: [標的] 聯發科2454認購權證多,7
2022/1/03,[請益] 既是債權人也是債務人該怎麼辦,0
2022/1/03,[情報] 111年01月03日 櫃買法人買賣金額統計表,39
2022/1/03,[新聞] 台積電今年營運動能更強 美系外資上調目10,39
2022/1/03,[情報] 111年01月03日 三大法人買賣金額統計表,81
2022/1/03,[新聞] 永豐平台投資美股門檻降到1千元新台幣,27
2022/1/03,[新聞] 大立光向外借將 成立車用鏡頭部門,12
2022/1/03,[新聞] 周杰倫開賣潮牌熊NFT 限量1萬個賺2.8億,29
2022/1/03,[新聞] 恒大雪上加霜 海花島39棟樓列違建,8
2022/1/03,[情報] 0103上市投信買賣超排行,58
2022/1/03,"[請益] 有人知道網路上整天喊牌輸錢的""高手""嗎",32
2022/1/03,［創作］凌晨三點鐘,3
2022/1/03,[標的] 中環 2323,17
2022/1/03,Re: [標的] 聯發科2454認購權證多,17
2022/1/03,[新聞] 勞動基金2021年11月虧損208億 台股部位,17
2022/1/03,[新聞] 宏碁啟動員工持股信託制度！公司幫出一半,41
2022/1/03,Re: [請益] GG 是不是成為台股最後一棒？,18
2022/1/03,[創作] 水手回頭,1
2022/1/03,[創作] 吻別,10
2022/1/03,[閒聊] 2022/01/03 盤後閒聊,99
2022/1/03,[新聞] 立陶宛蘭姆酒遭中國拒收漂流海上 台酒力,100
2022/1/03,Re: [新聞] 貨櫃海運 首見簽三年長約,-10
2022/1/03,[新聞] 年終縮水員工氣炸 陽明無奈：衝突對業務,57
2022/1/03,Re: [標的] 帆宣 6196 技術面多,10
2022/1/03,[新聞] 貨櫃海運 首見簽三年長約,27
2022/1/03,[請益] 掛掉的三竹軟體？,14
2022/1/03,Re: [心得] 大盤看法 3/25 更新,56
2022/1/03,Re: [標的] 6207雷科,0
2022/1/03,[新聞] 台灣大合併台灣之星 還需過兩關,25
2022/1/03,Re: [心得] 超商店員的2021股海奇幻漂流,25
2022/1/03,[請益] 股板大戶是不是變多了!?,92
2022/1/03,[新聞] 外資挺ABF族群5年持續爆衝　同步上調南,15
2022/1/03,[新聞] PTT航海王「2021年狂賺45億」　驚人對帳,83
2022/1/03,[心得] 2021小資年抱,98
2022/1/03,[新聞] 洋基工程上市首日 早盤股價大漲31%,72
2022/1/03,[新聞] 富蘭克林潔淨能源ETF(00899) 1月3日開募,7
2022/1/03,[新聞] 搶攻NFT、元宇宙商機 台灣遊戲廠出招,10
2022/1/03,[新聞] 金融業估 新台幣27元是常態,22
2022/1/03,Re: [心得] 扣掉台積電 現在是股災吧？,100
2022/1/03,[新聞] 需求續旺 瑞昱Q1不看淡,6
2022/1/03,[閒聊] 2022/01/03 盤中閒聊,100
2022/1/03,[新聞] 賺大紅包機會來了！力智今起申購抽中賺30,61
2022/1/03,[新聞] 晶圓代工價格維持高檔 高盛上調台積電目,26
2022/1/03,[新聞] 高運價引糾紛 十大航商皮繃緊,13
2022/1/03,Re: [心得] 股票就是有錢人發明的 賭博遊戲,16
2022/1/03,[心得] 房地產泡沫如果真的破掉,80
2022/1/03,[新聞] 台灣大總座林之晨：加速台灣產業5G智慧升級,6
2022/1/03,[新聞] 海關添助力 陸企搶搭RCEP快車,14
2022/1/03,[情報] Tesla Q4 2021 交付數量,60
2022/1/03,[情報] Tesla Q4 2021 Vehicle Production & Del,15
2022/1/02,[心得] 2021年年報,100
2022/1/02,[請益] 2020 2021到底哪一年比較好做,35
2022/1/02,Re: [請益] 大家放入股市的錢 佔總資產比重?,5
2022/1/02,Re: [心得] 超商店員的2021股海奇幻漂流,14
2022/1/02,Re: [心得] 超商店員的2021股海奇幻漂流,63
2022/1/02,[心得] 股票就是有錢人發明的 賭博遊戲,13
2022/1/02,[新聞] 2022壬寅年想布局台股？民俗專家：金、水,49
2022/1/02,Re: [心得] 超商店員的2021股海奇幻漂流,11
2022/1/02,[新聞] Meta、蘋果擬推新產品 2022元宇宙大爆炸,12
2022/1/02,[新聞] 中國化工大省調電費 尖峰最高漲70%,10
2022/1/02,[新聞] 獨》不只台北101！陽明大灑幣 高雄跨年,67
2022/1/02,[新聞] 印尼煤炭短缺1月禁出口 專家：全球煤價,45
2022/1/02,[標的] 5483 中美晶 太陽能+化合物半導體,11
2022/1/02,Re: [心得] 超商店員的2021股海奇幻漂流,96
2022/1/02,[新聞] 中國寧波爆本土疫情 往北京深圳航班停飛,28
2022/1/02,[請益] 股價越來越便宜的股票如何判斷是否要進場,0
2022/1/02,[心得] 我與航運的十年一期 百年一會,99
2022/1/02,[新聞] 日本計畫加大投資半導體產業，期望十年內掌握 2 奈米製程技,22
2022/1/02,[心得] 生涯報酬率(第6.5年),21
2022/1/02,Re: [請益] 大家放入股市的錢 佔總資產比重?,12
2022/1/02,[心得] 小資重返美股2021績效,6
2022/1/02,[新聞] 南韓央行預測2022年中國GDP增長5%左右,18
2022/1/02,[請益] 夏普值(Sharpe)越高越好？,6
2022/1/02,[心得] 投資最重要的事-第二層思考,41
2022/1/02,Re: [新聞] 蔡總統元旦宣示穩物價 打炒房,-10
2022/1/02,[請益] 跟單大家如何判定？,27
2022/1/02,[心得] 超商店員的2021股海奇幻漂流,100
2022/1/02,[新聞] 南韓船企2021年接單量被中國反超位居第,4
2022/1/02,[新聞] 2021年亮麗封關》全球股市 連3年雙位數成長,3
2022/1/02,[新聞] 蔡總統元旦宣示穩物價 打炒房,95
2022/1/02,Re: [新聞] 中企IPO熄火 東南亞市場火熱,8
2022/1/02,[請益]關於財報的解讀(華邦電為例),5
2022/1/02,Re: [新聞] 中企IPO熄火 東南亞市場火熱,1
2022/1/02,Re: [請益] 2021台股投報率的中位數不知是幾%?,13
2022/1/02,[標的] 2610.TW 華航 新年快樂多,78
2022/1/01,Re: [請益] 2021台股投報率的中位數不知是幾%?,12
2022/1/01,Re: [心得] 專職交易之2021總結 - 文長慎入,1
2022/1/01,[請益] 台股2021年為何世界數一數二強?,100
2022/1/01,Re: [心得] 專職交易之2021總結 - 文長慎入,2
2022/1/01,Re: [新聞] 中企IPO熄火 東南亞市場火熱,2
2022/1/01,Re: [心得] K<20買，K>80賣，操作0050  今年,11
2022/1/01,[新聞] LTN經濟通》全球大加薪 恐引爆物價進一步,57
2022/1/01,[心得] 2021年美股投資績效,36
2022/1/01,[新聞] 恒大財務危機未解　許家印2022年首日喊話創造「涅槃重生的未,13
2022/1/01,[請益] 為什麼巴菲特當年不願意救雷曼兄弟,35
2022/1/01,[請益] 2021台股投報率的中位數不知是幾%?,9
2022/1/01,[新聞] 中企IPO熄火 東南亞市場火熱,4
2022/1/01,Re: [新聞] 【再造大同黃金屋3】王光祥怒拔最強媳婦,13
2022/1/01,[新聞] 人民幣強勢 去年升值2.5%,11
2022/1/01,[新聞] 快新聞／台股大漲新台幣升值　謝金河回顧,25
2022/1/01,Re: [心得] 美股雲端SaaS投資筆記：Saul TMF Style,18
2022/1/01,[新聞] 2022先押這3種股票 航運、元宇宙,7
2022/1/01,[心得] 2021 操作奧義二,21
2022/1/01,Re: [心得] 專職交易之2021總結 - 文長慎入,21
2022/1/01,[新聞] RCEP今生效陸日互降稅衝擊我高科技產品,6
2022/1/01,[請益] 宗教對於股票的看法,26
2022/1/01,[心得] 2021 操作奧義,20
2022/1/01,[心得] 小小虎2021年報,62
2022/1/01,[請益] 有人知道圓剛這波在幹嘛嗎？,6
2022/1/01,[心得] 美股雲端SaaS投資筆記：Saul TMF Style,28
2022/1/01,[新聞] 全球塞船運費飆漲 估恐持續到2023年,22
2022/1/01,[心得] 專職交易之2021總結 - 文長慎入,82
2022/1/01,[心得] 2021總結,32
2022/1/01,[新聞] 夢幻長榮 內行爆2024運能暴增恐是拐點,33
2022/1/01,[心得] 2021 定存美股年報分享,15
2022/1/01,[新聞] 櫃買中心「戰略新板」合格投資人獎勵活動,0
2022/1/01,[請益] 去年買美股的 打敗大盤的多嗎?,34
2022/1/01,Re: [標的] 6126 信音,46
2022/1/01,[新聞] 小資女創業背債2千萬 靠波段存股滾出4千,-10
2022/1/01,Re: [新聞] 台股封關!整年大漲3486點 股民平均進帳134萬,1
2022/1/01,[心得] 2020&2021年投資心得,38
2022/1/01,[新聞] 長榮超狂年終有所本！SCFI封關飆破5000點,13
2022/1/01,[標的] 菜鳥詢問0056的進出方式,25
2022/1/01,[心得] 2021 年報分享,23
2022/1/01,[新聞] 萬海航運遭美國FMC調查,96
2022/1/01,[標的] NVDA.US 空,100
