date,title,energy
2023/12/31,[請益] 台灣晶圓代工的強項,17
2023/12/31,[心得] 2023年年報,39
2023/12/31,[心得] 本保羅2023年的操作回顧及經驗分享,8
2023/12/31,Re: [新聞] 2024年AI PC全面引爆!謝金河揭緯創等3檔接,27
2023/12/31,[請益] 關於海外複委託的「複受託金融機構」,6
2023/12/31,[新聞] 紅海事件油價先漲後跌 法人看短線難翻揚,15
2023/12/31,[新聞] 馬士基再停航紅海航線 因貨櫃輪遭遇輪番,99
2023/12/31,[新聞] 總統大選快到謝金河驚股市攀峰用錢在投票,2
2023/12/31,[新聞] 2024年AI PC全面引爆!謝金河揭緯創等3檔接,50
2023/12/31,[新聞] 謝志堅看繞回好望角農曆年前獲利無虞,4
2023/12/31,[新聞] 航運巨頭返航紅海遭飛彈擊中！美國護衛,99
2023/12/31,[新聞] 賴清德贊成公開疫苗合約 高端：應一視同仁,97
2023/12/31,"[請益] IB盈透證卷買美債, 可提早賣出嗎？",12
2023/12/31,[心得] 2023美股不妥投資,1
2023/12/31,[心得] 「小散戶年報心得(檢討)文」,37
2023/12/31,Re: [心得] 2023年台股上市櫃漲幅排行,8
2023/12/31,[新聞] 車手剛拿到37萬遇警嚇歪 被害婦還幫他圓,29
2023/12/31,[新聞] 藍、白劍指疫苗合約 高端：研發壓力大,97
2023/12/31,[心得] 2023年報,7
2023/12/31,[心得] 2023年台股上市櫃漲幅排行,49
2023/12/31,[心得] 2022-2023年報 美股,12
2023/12/31,[心得] 2022~2023年報(感恩今年的運氣),8
2023/12/31,[心得] 2023投資年報分享,6
2023/12/30,Re: [請益] 被動收入24萬/年有人達到過嗎,98
2023/12/30,[心得] 台股美股休市日比較,29
2023/12/30,[心得] 2023～加入某投顧才開始賺錢,7
2023/12/30,[情報] 6906 現觀科 現金增資公開申購資訊,6
2023/12/30,[心得] 2023投資績效報告(美股),22
2023/12/30,[心得] 2023年報(存股TQQQ 正三),87
2023/12/30,[心得] 2023年報紀錄,7
2023/12/30,Re: [請益] 被動收入24萬/年有人達到過嗎,62
2023/12/30,[請益] 正二的停利方法？,37
2023/12/30,[標的] 英國 15y+長期債 GLTL,5
2023/12/30,[請益] 為啥今年只有我沒賺錢,89
2023/12/30,[心得] 2023全家人戶頭年報,37
2023/12/30,[心得] 生涯報酬率(滿8.5年),50
2023/12/30,[心得] 2023年年報,10
2023/12/30,Re: [心得] 使用Cover call交易美股選擇權心得,2
2023/12/30,Re: [請益] 被動收入24萬/年有人達到過嗎,8
2023/12/30,[心得] 2023年報,23
2023/12/30,[標的] 用定期定額來攤平合理嗎？,39
2023/12/30,[情報] 2023年國內金融類股含息總績效排名,11
2023/12/30,Re: [請益] 被動收入24萬/年有人達到過嗎,10
2023/12/30,[請益] 所以今年九成的人都賺錢？,98
2023/12/30,[新聞] 丹麥船員加薪一倍 彌補紅海航線遇襲潛在,18
2023/12/30,Re: [請益] 被動收入24萬/年有人達到過嗎,30
2023/12/30,[新聞] 2023年當沖客慘賠444億 平均一戶賠約44萬,68
2023/12/30,[標的] 長榮2603 即將填息在拼三百壯士多,-10
2023/12/30,[新聞] 貨櫃運價火 一周暴漲40% 歐洲線狂飆八成,31
2023/12/30,Re: [請益] 奈奈奈米萬七存股請益(分享?),14
2023/12/30,[心得] 2023年報,20
2023/12/30,[請益] 有關買入價格的問題,2
2023/12/30,[心得] 2023借錢凹單年報,54
2023/12/30,[心得] 2023年台股投資報酬率暨投資策略分享,30
2023/12/30,[心得] 2023年報,15
2023/12/30,[心得]2023年報 專業(失業)投資人的第2年,100
2023/12/30,Re: [請益] 質押的問題,12
2023/12/30,[心得] 2023交易年報&感謝文,19
2023/12/30,[公告] 12/30 處置公告,2
2023/12/30,[情報] 1229 上市櫃外資投信同買排行,3
2023/12/30,Re: [心得] 2023-退出老王以後才賺錢,22
2023/12/30,[心得] 2023年報(自己與小孩帳戶操作心得),8
2023/12/30,Re: [心得] 2023-退出老王以後才賺錢,4
2023/12/29,[情報] 1229 上市櫃外資投信買超金額排行,0
2023/12/29,Re: [新聞] 不同意監理寬容 金管會再催新壽增資70億,4
2023/12/29,Re: [心得] 2023兒子帳戶心得,7
2023/12/29,[心得] 2023年結算年報,8
2023/12/29,[心得] 2023年報,14
2023/12/29,[心得] 2023年存股年報 (滿一年),4
2023/12/29,Re: [心得] 2023-退出老王以後才賺錢,12
2023/12/29,[心得] 2023 ETF心得,89
2023/12/29,Re: [請益] 持股健檢／想組月月配,1
2023/12/29,[心得] Re: [心得] 2023年報(只買正二),12
2023/12/29,[心得] 2023年報操作心得,16
2023/12/29,[心得] 2023-退出老王以後才賺錢,100
2023/12/29,[心得] 2023年結算,6
2023/12/29,[心得] 2023年報,16
2023/12/29,[心得] 2023投資封關回顧&2024展望,4
2023/12/29,[心得] 2023年報(空軍),100
2023/12/29,[心得] 2023今年績效,82
2023/12/29,[新聞] 日經 : 台灣投資轉向 中國佔比降至幾十年,20
2023/12/29,[心得] 2023年投資年報,4
2023/12/29,[心得] 2023年度結算,3
2023/12/29,[心得] 2023年報,11
2023/12/29,Re: [心得] 2023兒子帳戶心得,22
2023/12/29,Re: [情報] 2023年國內成分ETF含息總績效排名,16
2023/12/29,[心得] 2023操作韭菜心得,4
2023/12/29,[情報] 112/12/29 八大公股銀行買賣超排行,9
2023/12/29,[請益] 可以追蹤特定美股財報公布的app,6
2023/12/29,[公告] a926918tim 自刪標的文,9
2023/12/29,[新聞] 網銀大撒錢買智冠 公平交易法大考驗,10
2023/12/29,[情報] 2636 台驊投控 處分陽明海運股票,10
2023/12/29,[情報] 2636 台驊投控 處分長榮海運股票,28
2023/12/29,[標的] 2023 股民平均值(略低)年報分享,15
2023/12/29,[心得] 2023 小朋友帳戶心得,67
2023/12/29,[情報] 日經23年收盤年增28.2%,9
2023/12/29,[心得] 2023小本金(百萬台幣內)投資總結,21
2023/12/29,Re: [新聞] 紅海局勢緊張　SCFI單周大漲逾500點、歐,4
2023/12/29,[心得] 2023 年報分享： 打平大盤,9
2023/12/29,[情報] 1229 上市外資買賣超排行,43
2023/12/29,[新聞] 紅海局勢緊張　SCFI單周大漲逾500點、歐,40
2023/12/29,Re: [請益] 全體股民的損益中位數,17
2023/12/29,Re: [心得] 選擇權根本就不是人玩的(2023年報),34
2023/12/29,[情報] 1229 scfi指數 1759.58(+504.59) +40.2%,98
2023/12/29,[情報] 112年12月29日 三大法人買賣金額統計表,64
2023/12/29,Re: [請益] 這投資績可以做全職了嗎,52
2023/12/29,[情報] 1229 上市投信買賣超排行,23
2023/12/29,[標的] 友達2409,20
2023/12/29,[請益] 為何不直接買入波克夏？,29
2023/12/29,[請益] 質押的問題,39
2023/12/29,[閒聊] 2023/12/29 盤後閒聊,20
2023/12/29,[情報] 2023年國內成分ETF含息總績效排名,73
2023/12/29,[新聞] 台股2023豐收年漲近3800點　每位股民賺百,70
2023/12/29,Re: [標的] 7558.TW 群利科技 冒險多,1
2023/12/29,Re: [心得] 2023年報(只買正二),16
2023/12/29,[心得] 2023年報 (美股),24
2023/12/29,[新聞] 萬八一定見 谷月涵拋台股4箭 謝金河按讚,99
2023/12/29,[心得] 跨年前的最後晚餐,22
2023/12/29,Re: [心得] 2023年報(只買正二),7
2023/12/29,[請益] 00830討論度極低現在適合進場布局嗎?,12
2023/12/29,Re: [心得] 2023 上半年分享,18
2023/12/29,[標的] 3680 家登 多,10
2023/12/29,Re: [心得] 2023年報(只買正二),31
2023/12/29,[標的] 3207耀勝-主力狂吃多,8
2023/12/29,[標的] 艾笛森3591 多多多,1
2023/12/29,[新聞] 少個零！長榮海運年終4個月 陽明情況也不,46
2023/12/29,Re: [心得] 2023年報(只買正二),21
2023/12/29,[心得] Re: 2023年報(只買正二),15
2023/12/29,[心得] 小魯的2023成績單,25
2023/12/29,[心得] 2023年報(只買正二),100
2023/12/29,[新聞] 不同意監理寬容 金管會再催新壽增資70億,21
2023/12/29,[心得] 2023美股年報,3
2023/12/29,Re: [標的] 3024 tw 憶聲 多,10
2023/12/29,[閒聊] 2023/12/29 盤中閒聊,100
2023/12/29,[心得] 2023美股投資年報,12
2023/12/29,Re: [心得] 2023年報,10
2023/12/28,[新聞] 外資撤出中國股債、淨流出額恐創新高 轉,36
2023/12/28,[情報] 1228 上市櫃外資投信同買排行,0
2023/12/28,[心得] 2023年報,8
2023/12/28,[情報] 1228 上市櫃外資投信買超金額排行,0
2023/12/28,[新聞] 台積電拚2030年完成1奈米製程 單一封裝電,8
2023/12/28,[心得] 散戶玩台股需要知道的事情,99
2023/12/28,[請益] 關於t+0交割,7
2023/12/28,[心得] 2023年報,35
2023/12/28,[心得] 2023年報,38
2023/12/28,[新聞] 大飲法說會／蘋果西打回來了！明年營收,28
2023/12/28,[新聞] 日本11月鋁產品產量出貨量下滑 但車市需求復甦,9
2023/12/28,Re: [心得] 2023年報與自我檢討,64
2023/12/28,[心得] 2023美股投資年報,21
2023/12/28,[心得] 2023投資年報,100
2023/12/28,Re: [心得] 2023年報,52
2023/12/28,[心得]2023年投資年報&權證心得,44
2023/12/28,[情報] 112/12/28 八大公股銀行買賣超排行,5
2023/12/28,[心得] 年度結算,30
2023/12/28,[情報] 2323 中環 取得陽明海運普通股,35
2023/12/28,Re: [心得] 年度短沖對帳單心得,19
2023/12/28,[心得] 2023下半年報以及勸世文,43
2023/12/28,Re: [心得] 2023年投資年報,8
2023/12/28,Re: [心得] 年度短沖對帳單心得,7
2023/12/28,Re: [心得] 2023年投資年報,7
2023/12/28,[新聞] 貨櫃船運美線1/1漲價仍有疑慮,14
2023/12/28,[心得] 2023損益-幸運的一年,100
2023/12/28,[新聞] 獨家／美國FED降息機率高！台灣房價又要,39
2023/12/28,[情報] 1228 上市外資買賣超排行,49
2023/12/28,[心得] 2023年報,86
2023/12/28,[心得] 2023年投資年報,100
2023/12/28,[情報] 112年12月28日 三大法人買賣金額統計表,100
2023/12/28,[新聞] 新光金：新壽RBC缺口非70億可支應 續爭꠭,58
2023/12/28,[情報] 1228 上市投信買賣超排行,22
2023/12/28,Re: [心得] 2023年報與自我檢討,0
2023/12/28,[心得] 2023 自我投資年報,33
2023/12/28,[心得] 年度短沖對帳單心得,28
2023/12/28,[心得] 2023年度回顧,29
2023/12/28,Re: [請益] 聯準會明年降息的機率高?美債還有得賺嗎?,10
2023/12/28,[心得] 2023 小資金年報,44
2023/12/28,[閒聊] 2023/12/28 盤後閒聊,51
2023/12/28,[請益] 聯準會明年降息的機率高?美債還有得賺嗎?,33
2023/12/28,[心得] 2023年報與自我檢討,100
2023/12/28,[心得] 2023年報 股版潛水7年第二篇文,45
2023/12/28,[請益] 國泰費城半導體00830,6
2023/12/28,[請益] 全體股民的損益中位數,19
2023/12/28,Re: [新聞] 押錯今年陸股會強彈 高盛分析師：學到2大,41
2023/12/28,[心得]  2023 虧損對帳單 取暖,99
2023/12/28,[標的] 2330 台積電 今年最後上車多(附對帳單),55
2023/12/28,[心得] 2023年股票收益報告 總計,62
2023/12/28,Re: [標的] 3483 力致 盤整突破多多,23
2023/12/28,Re: [新聞] 押錯今年陸股會強彈 高盛分析師：學到2大,32
2023/12/28,[新聞] 面板雙虎友達300億聯貸下月中底定 爆800,19
2023/12/28,[閒聊] 2023/12/28 盤中閒聊,99
2023/12/28,[新聞] 搶搭末班車 實支實付醫療險爆單,89
2023/12/28,[新聞] 朝鮮半島戰雲密布 金正恩籲：加快戰爭準,65
2023/12/28,[新聞] AI PC是未來一年主角！宏碁爆逾14萬張大,94
2023/12/28,Re: [標的] 美債現是不是快要到可以接的時刻了？,11
2023/12/28,[標的] 4743 合一,0
2023/12/28,[公告] 12/27 處置公告,3
2023/12/28,[請益] W-8BEN過期補件後還會需要扣繳稅嗎,6
2023/12/28,[情報] 1227 上市櫃外資投信同買排行,1
2023/12/28,[情報] 1227 上市櫃外資投信買超金額排行,4
2023/12/27,[新聞] 押錯今年陸股會強彈 高盛分析師：學到2大,74
2023/12/27,[新聞] 解決營造業缺工問題 內政部已核配破萬名,42
2023/12/27,[新聞] 航商赫伯羅德：紅海仍危險 維持繞道,48
2023/12/27,[新聞] 中國國台辦威脅 對台實施進一步貿易制裁,99
2023/12/27,[新聞] 幽默是金！ 研究：CEO在財報電話會上講,20
2023/12/27,[新聞] 雪佛龍今年股價摔15% 華爾街：頹勢恐延續至明年,8
2023/12/27,Re: [新聞] 貧富差距持續擴大　近5年台灣高收入家庭4,8
2023/12/27,[情報] 112/12/27 八大公股銀行買賣超排行,11
2023/12/27,[情報] 6292 迅德 處分元大金股票,15
2023/12/27,[情報] 2323中環處分長榮普通股股票之公告,99
2023/12/27,Re: [標的] 美債現是不是快要到可以接的時刻了？,28
2023/12/27,[新聞] 難道張忠謀錯了嗎？劉德音突然退休 知名,0
2023/12/27,[新聞] 全球第二大類比IC大廠ADI傳漲價 明年2月,8
2023/12/27,[心得] 回顧2023前瞻 展望2024趨勢 (凱基投顧),36
2023/12/27,[新聞] 大盤看萬八 學者警告:台股有點背離基本面,76
2023/12/27,[新聞] 貧富差距持續擴大　近5年台灣高收入家庭4,7
2023/12/27,[請益] 00878的選股也太鬼了吧？,60
2023/12/27,[新聞] 紅海船隻遇襲、降息希望 國際油價上漲,11
2023/12/27,Re: [標的] 美債現是不是快要到可以接的時刻了？,14
2023/12/27,[情報] 【2023年11月 #景氣燈號】重回藍黃燈 國,89
2023/12/27,[情報] 1227 上市外資買賣超排行,59
2023/12/27,[新聞] 農曆春節前台股封關日2/5、開市為2/15,48
2023/12/27,[情報] 112年12月27日 三大法人買賣金額統計表,98
2023/12/27,[新聞] 預告AI導入手機、VR　王雪紅曝宏達電明年,43
2023/12/27,[情報] 1227 上市投信買賣超排行,23
2023/12/27,[新聞] 去年神預測台股上萬八 董座估3年後3萬點,51
2023/12/27,[標的] 長榮2603越看壞越噴？,11
2023/12/27,[新聞] 都委會通過中科擴建二期 明年6月交地給台,18
2023/12/27,Re: [標的] 大盤 空,0
2023/12/27,[閒聊] 2023/12/27 盤後閒聊,28
2023/12/27,Re: [標的] 大盤還是期望用技術分析看多,8
2023/12/27,[新聞] 標普：美國房價指數創歷史新高、連續第9-,32
2023/12/27,Re: [標的] 6799 來頡 多多,2
2023/12/27,Re: [標的] 3006 晶豪科 築底多,26
2023/12/27,[心得] 阿肥的便當錢（半年）,85
2023/12/27,[標的] 美債現是不是快要到可以接的時刻了？,42
2023/12/27,[請益] 資金積壓過多卻不漲，賣掉又可惜該怎辦?,45
2023/12/27,[心得] 年度績效與策略分享,100
2023/12/27,[新聞] 美國再度展延數百項中國商品關稅豁免,27
2023/12/27,Re: [新聞] 《電腦設備》仁寶總座放話：股價沒40元,66
2023/12/27,[新聞] 華爾街大空頭警告：留意史上最大的信貸泡,84
2023/12/27,[請益] 街口布蘭特正2,20
2023/12/27,[請益] 為什麼紅海出事航運股票會漲?,86
2023/12/27,[標的] 3709 鑫聯大控股 AI PC 未被發現多,8
2023/12/27,[心得] 2023年報與觀念分享,37
2023/12/27,Re: [標的] 2303 聯電 多 不信填息缺口喚不回,27
2023/12/27,[新聞] MSC證實貨櫃船在紅海遇襲 胡塞組織坦承發,50
2023/12/27,[閒聊] 2023/12/27 盤中閒聊,100
2023/12/27,Re: [標的] 3702 大聯大 ETF丟貨空,5
2023/12/26,[情報] 1226 上市櫃外資投信同買排行,1
2023/12/26,[情報] 1226 上市櫃外資投信買超金額排行,0
2023/12/26,[新聞] 紅海商船 再傳遭葉門胡塞組織無人機攻擊,54
2023/12/26,Re: [新聞] 台積電、三星危險了？英特爾恐祭終極殺,48
2023/12/26,[新聞] 滬指失守2900點 4400隻個股齊跌,91
2023/12/26,[新聞] 聯發科蔡力行：未來每個公司不用AI就會,38
2023/12/26,[新聞] 經部與地方攜手產業首推國家標準5G智慧杆,14
2023/12/26,[情報] 2646 星宇航空 現金增資(補充發行價18元),49
2023/12/26,[請益] 手段那麼多 新光金怎丟的？,68
2023/12/26,[情報] 112/12/26 八大公股銀行買賣超排行,22
2023/12/26,[新聞] 43家中國A股遭強制下市刷新高 房地產類股,59
2023/12/26,[情報] 2887 台新金 2887E重設股息率為4.8725%,20
2023/12/26,[標的] 2428 興勤 多,66
2023/12/26,Re: [新聞] 身價破百億「雙鴻事件」意外讓他曝光！,72
2023/12/26,[標的]  00725B連兩天量破萬 討論,9
2023/12/26,[情報] 5210 寶碩 多次達注意標準 11月自結-0.18,13
2023/12/26,[情報] 1226 上市外資買賣超排行,56
2023/12/26,[情報] 112年12月26日 三大法人買賣金額統計表,100
2023/12/26,[情報] 1226 上市投信買賣超排行,24
2023/12/26,[新聞] 智冠、榮剛換股引爭議！網銀國際召集股東,34
2023/12/26,[新聞] 美股意外長紅 空頭損失慘重,23
2023/12/26,[閒聊] 2023/12/26 盤後閒聊,25
2023/12/26,[新聞] 看準真菌蛋白取代動物蛋白趨勢，葡萄王(1,43
2023/12/26,[新聞] 台積電、三星危險了？英特爾恐祭終極殺,81
2023/12/26,[請益] 有關富邦00670L納斯達克正2,25
2023/12/26,[情報] 文曄 台船 現金增資公開申購資訊,13
2023/12/26,Re: [標的] 友達群創過頸線，該進廠嗎？,25
2023/12/26,[新聞] 獲補貼內線消息？裴洛西丈夫搶購輝達股票,57
2023/12/26,[新聞] 美中央司令部：葉門叛軍「青年運動」向,32
2023/12/26,[公告] 12/26 處置公告,3
2023/12/26,[標的] 6417韋僑 RFID多,81
2023/12/26,Re: [請益] 短線高點持股健檢如何調整,0
2023/12/26,[閒聊] 2023/12/26 盤中閒聊,95
2023/12/26,[新聞] 面板業迎春燕拚下月漲價 雙虎明年邁入,36
2023/12/26,[請益] 質押再投入vs 二倍槓桿,47
2023/12/26,[請益] 請推薦幫老人家投資的媒介(管道),45
2023/12/25,[情報] 7725 列特博-新 公告處分長榮海運,22
2023/12/25,[情報] 1225 上市櫃外資投信同買排行,0
2023/12/25,[新聞] 拉回就是好買點！他曬「台積電對帳單」,28
2023/12/25,[情報] 1225 上市櫃外資投信買超金額排行,1
2023/12/25,[請益] 請問有沒有貴族學校概念股,78
2023/12/25,Re: [其他]  股板出身現役能打的還有誰,35
2023/12/25,[新聞] 馬士基擬恢復紅海航線 貨櫃三雄暫不跟進,84
2023/12/25,[請益] 納入指數成份股的一些問題,9
2023/12/25,[標的] 2603.TW 長榮海 多,16
2023/12/25,[新聞] 台股登萬七 11月證券劃撥存款創逾1年最大,66
2023/12/25,Re: [標的] 2409 友達 (2023.12月面板報價),0
2023/12/25,[情報] 112/12/25 八大公股銀行買賣超排行,9
2023/12/25,[新聞] 宏達電：王雪紅宣布 產品都要搭AI,99
2023/12/25,[情報] 5871 中租-KY 11月自結 1.21 累計 14.02,17
2023/12/25,[新聞] 國票金總座陳冠舟：營運漸入佳境 明年有,49
2023/12/25,[創作]免費的股票、可轉債資訊整合型網站(代PO),64
2023/12/25,[情報] 1225 上市外資買賣超排行,63
2023/12/25,[新聞]馬士基擬復航紅海 陽明：目前繞航令沒有改,99
2023/12/25,[新聞] 美國加強限制後 中國11月買荷蘭光刻機激,48
2023/12/25,[情報] 112年12月25日 三大法人買賣金額統計表,59
2023/12/25,[新聞] 中國學者劉紀鵬遭禁言後 證實不再任大學,48
2023/12/25,[情報] 1225 上市投信買賣超排行,19
2023/12/25,[新聞] 疫情紓困進入尾聲 信用卡呆帳潮蠢動,9
2023/12/25,Re: [新聞] 美國紅海護航聯盟 西班牙和澳洲拒加入,30
2023/12/25,[閒聊] 2023/12/25 盤後閒聊,22
2023/12/25,Re: [標的] 2606裕民BCI爆噴多,3
2023/12/25,Re: [新聞] 美股空頭今年損失逾5.5兆　這檔股票賠最,10
2023/12/25,[新聞] 紅海才解套 伊朗狠嗆下一個封鎖這,43
2023/12/25,[新聞] 陽明海運年終落差超嚴重！去年13個月 今,71
2023/12/25,[新聞] 長榮航空年終平均6個月創新高 空地勤飛行,19
2023/12/25,[新聞] 美股空頭今年損失逾5.5兆　這檔股票賠最,23
2023/12/25,[新聞] 焦點股》萬海：紅海危機解除？三雄殺紅眼,38
2023/12/25,[新聞] 台股ETF已破600萬人　00919蟬聯人氣王一,37
2023/12/25,[新聞] 聯發科下單12奈米 2025年量產,16
2023/12/25,[請益] 短線高點持股健檢如何調整,41
2023/12/25,[新聞] 聯電12奈米 技轉英特爾,60
2023/12/25,Re: [新聞] 馬士基宣布準備恢復通行紅海,59
2023/12/25,[新聞] 海運風暴來襲！不只紅海遭攻擊 他警告,39
2023/12/25,[新聞] 美國主導的護航艦隊組成不順利,56
2023/12/25,[新聞] 貨櫃海運報價 驚漲十倍,45
2023/12/25,[閒聊] 2023/12/25 盤中閒聊,77
2023/12/25,[新聞] 馬士基宣布準備恢復通行紅海,99
2023/12/24,[新聞] 外企不投資會後悔？中國高官言論挨批詐騙,19
2023/12/24,[心得] 2023年報 畢業啦....,100
2023/12/24,Re: [新聞] 2023台股大豐收平均每位股民賺近90萬元,1
2023/12/24,Re: [新聞] 2023台股大豐收平均每位股民賺近90萬元,14
2023/12/24,[新聞] 「股神」再加碼西方石油 持股躍升近28％,8
2023/12/24,[新聞] 撼動股市後 中國考慮調整限制網遊氪金的,50
2023/12/24,[標的] 大盤 空,22
2023/12/24,Re: [標的] 2409 友達 (2023.12月面板報價),23
2023/12/24,[新聞] 大億解任董座獨子董事職,67
2023/12/24,[新聞] 油輪行經印度洋也遇襲！,99
2023/12/24,[新聞] 馬斯克與木頭姐100分鐘對話　炮轟ETF投,59
2023/12/24,[新聞] 2023台股大豐收平均每位股民賺近90萬元,99
2023/12/24,[請益] 自主操盤績效打贏ETF 的人多嗎?,77
2023/12/24,[新聞] 南韓浦項鋼鐵大火 多處廠區暫停運作,60
2023/12/24,[標的] 6722輝創【ADAS台灣少數國際大廠認證】,13
2023/12/23,[新聞] 台股醞釀雙軋行情 軋空單軋外資空手蠢動,7
2023/12/23,[新聞] 台股萬八封關穩了？謝金河揭「3好1變數」,99
2023/12/23,[創作] 我每天許下同一個心願,6
2023/12/23,[新聞] 預測台灣明年經濟成長3.02%，中研院表示,36
2023/12/23,[新聞] 長榮海運總座謝惠全退休　首席副總吳光,17
2023/12/23,Re: [新聞] 馬士基：紅海航運混亂局面恐持續數月,7
2023/12/23,Re: [請益] 持股健檢,14
2023/12/23,[新聞] 身價破百億「雙鴻事件」意外讓他曝光！,99
2023/12/23,[新聞] ECFA震撼彈》機械業聯繫大陸同業 求自保,72
2023/12/23,[公告] 12/23 處置公告,2
2023/12/23,[新聞] 梁孟松操刀 傳中芯以DUV開發3奈米,99
2023/12/23,[心得] 12/25~12/29 美國經濟數據行事曆,6
2023/12/23,Re: [請益] 持股健檢,40
2023/12/23,Re: [新聞] 馬士基：紅海航運混亂局面恐持續數月,29
2023/12/23,[新聞] 馬士基：紅海航運混亂局面恐持續數月,49
2023/12/23,[新聞] 紅海危機 兩大航運公司加收額外費用,23
2023/12/23,[新聞] 陸整頓網遊 騰訊、網易蒸發2.2兆元,31
2023/12/23,[請益] 請問台股史上有毫無利空的股市展望?,38
2023/12/22,[情報] 1222 上市櫃外資投信同買排行,3
2023/12/22,[情報] 1222 上市櫃外資投信買超金額排行,0
2023/12/22,[新聞] 商用不動產面臨崩盤風險 美銀行恐損失5ꔭ,36
2023/12/22,[新聞] 美11月PCE通膨續降 更接近Fed目標,52
2023/12/22,[情報] 112年12月22日信用交易統計,15
2023/12/22,Re: [請益] 持股健檢,2
2023/12/22,Re: [新聞] 井噴161點才到半山腰？SCFI連4紅 紅海危,21
2023/12/22,[心得] 中國一年期定存利率居然比台灣低了,88
2023/12/22,Re: [請益] 航運類股梗圖,8
2023/12/22,[請益] 這是什麼情形？,31
2023/12/22,[新聞] 中國大陸取消ECFA部分關稅減讓 台塑表遺,39
2023/12/22,[新聞] 新青安貸款效應發酵 信義房屋：南二都低,39
2023/12/22,[新聞] 《其他電》在手訂單破1280億元 亞翔2024,23
2023/12/22,[公告] 1222 水桶,37
2023/12/22,[情報] 112/12/22 八大公股銀行買賣超排行,16
2023/12/22,[情報] 2323 中環 處分陽明海運普通股,99
2023/12/22,[新聞] 井噴161點才到半山腰？SCFI連4紅 紅海危,28
2023/12/22,Re: [新聞] 防紅海航線受滋擾 美防部：逾20國加入保,13
2023/12/22,[心得] 為什麼股市做空的惹人厭,71
2023/12/22,[情報] 2609 陽明 達注意標準 11月自結-0.44,99
2023/12/22,[新聞] 漢翔：F-16升級由落後追上進度 關鍵是24,25
2023/12/22,[標的] 長榮的最後一盤,49
2023/12/22,Re: [新聞] 防紅海航線受滋擾 美防部：逾20國加入保,3
2023/12/22,[情報] 1222 上市外資買賣超排行,61
2023/12/22,[請益] 中國經濟下滑 對台股的影響已經反應了嗎,28
2023/12/22,Re: [新聞] 防紅海航線受滋擾 美防部：逾20國加入保,7
2023/12/22,Re: [新聞] 陸下重手整頓網遊 禁首充、每日登錄獎勵,21
2023/12/22,[情報] 1222 SCFI指數1254.99(+161.47)+14.76%,99
2023/12/22,[情報] 112年12月22日 三大法人買賣金額統計表,31
2023/12/22,[情報] 1222 上市投信買賣超排行,31
2023/12/22,Re: [新聞] 陸下重手整頓網遊 禁首充、每日登錄獎勵,12
2023/12/22,Re: [新聞] 陸下重手整頓網遊 禁首充、每日登錄獎勵,8
2023/12/22,[標的] 大盤還是期望用技術分析看多,7
2023/12/22,[新聞] 防紅海航線受滋擾 美防部：逾20國加入保,47
2023/12/22,[新聞] NIKE調降營收展望、公布要省20億美元 股0,17
2023/12/22,[閒聊] 2023/12/22 盤後閒聊,26
2023/12/22,Re: [新聞] 陸下重手整頓網遊 禁首充、每日登錄獎勵,15
2023/12/22,[新聞] Fed會降息為拜登助選？專家：美股春季重,2
2023/12/22,Re: [新聞] 缺乏好獵物 巴菲特現金儲量達5兆元創新高,19
2023/12/22,Re: [新聞] 三期解盲失利，全福稱最後數據下月底出爐，朝二方向著手,20
2023/12/22,Re: [標的] 2542.TW 興富發 保羅覺得股價被低估多,5
2023/12/22,[標的] 8131福懋科 躺在地上多,8
2023/12/22,Re: [心得] 豐田還在搞笑賣氫能車 不怕被電車淘汰?,10
2023/12/22,[新聞] 陸下重手整頓網遊 禁首充、每日登錄獎勵,99
2023/12/22,[請益] 明年度股息目標設定,68
2023/12/22,Re: [請益] 現在還有停損的必要嗎,8
2023/12/22,[新聞] 中國選前中止ECFA「12產品」！這群人急憂,60
2023/12/22,[標的] 2542.TW 興富發 保羅覺得股價被低估多,31
2023/12/22,[請益] 興櫃轉往美國掛牌1月4日終止交易,6
2023/12/22,[新聞] 紅海危機迫商船改道 運費飆至1萬美元,42
2023/12/22,[新聞] 美光：記憶體報價漲到2025 南亞科、華邦,38
2023/12/22,Re: [標的]  系微 6231 微小多,33
2023/12/22,[標的] 2409友達 3481群創過頸線，該進場嗎？,52
2023/12/22,[新聞] 北極星藥業併購霖揚生技,24
2023/12/22,[閒聊] 2023/12/22 盤中閒聊,100
2023/12/22,Re: [心得] 豐田還在搞笑賣氫能車 不怕被電車淘汰?,16
2023/12/22,Re: [心得] 豐田還在搞笑賣氫能車 不怕被電車淘汰?,19
2023/12/22,Re: [心得] 豐田還在搞笑賣氫能車 不怕被電車淘汰?,17
2023/12/22,[標的] ML.US多,0
2023/12/22,Re: [請益] 現在還有停損的必要嗎,32
2023/12/22,[標的] 2330 台積電只要拉回就是好的買點!,29
2023/12/22,Re: [新聞] 國發會：蔡英文執政股市漲幅逾100％ 馬政,24
2023/12/21,Re: [心得] 豐田還在搞笑賣氫能車 不怕被電車淘汰?,88
2023/12/21,[情報] 1221 上市櫃外資投信同買排行,0
2023/12/21,[情報] 1221 上市櫃外資投信買超金額排行,0
2023/12/21,[情報]  恆大訂12/22召開法說會,3
2023/12/21,[新聞] 騙了34年？子公司爆醜聞 TOYOTA市值蒸,15
2023/12/21,[新聞] 美國下修第三季GDP成長 台指期夜盤反彈,12
2023/12/21,[新聞] 長榮接近填息關卡；貨櫃航運短期運價有撐,23
2023/12/21,[新聞] 中共財政危機惡化 急召香港銀行家借力紓,38
2023/12/21,[新聞] 高階市場吃補 臺慶科明年營收獲利有看頭,24
2023/12/21,Re: [標的] 請問鴻海被賣不停的原因,31
2023/12/21,[新聞] 三期解盲失利，全福稱最後數據下月底出爐，朝二方向著手,34
2023/12/21,[情報] 112年12月21日信用交易統計,29
2023/12/21,[新聞] 裕隆公司重訊說明 將清算解散裕隆大陸投,32
2023/12/21,Re: [情報] 中共停止ECFA減讓影響的 化工產品清單,12
2023/12/21,Re: [新聞] 《商情》運價疲軟 BDI指數續挫逾3%,6
2023/12/21,[新聞] 績效噴射機！年年打敗大盤 2023最強台股E,25
2023/12/21,Re: [心得] 終於解脫了，快點恭喜我,19
2023/12/21,[情報] 112/12/21 八大公股銀行買賣超排行,15
2023/12/21,[新聞] 智冠引「白衣騎士」榮剛穩經營權，市場-,44
2023/12/21,Re: [情報] 中共停止ECFA減讓影響的 化工產品清單,31
2023/12/21,[新聞] 《商情》運價疲軟 BDI指數續挫逾3%,20
2023/12/21,Re: [標的] 請問鴻海被賣不停的原因,62
2023/12/21,[新聞]去年新生兒降至366萬人 專家:未來10年勞動,46
2023/12/21,Re: [心得] 終於解脫了，快點恭喜我,39
2023/12/21,[情報] 1221 上市外資買賣超排行,79
2023/12/21,[標的] 3211順達 資料中心爆炸多,1
2023/12/21,Re: [心得] 終於解脫了，快點恭喜我,47
2023/12/21,Re: [心得] 終於解脫了，快點恭喜我,99
2023/12/21,[情報] 112年12月21日 三大法人買賣金額統計表,48
2023/12/21,[情報] 1221 上市投信買賣超排行,44
2023/12/21,[情報] 8054 安國 多次達注意標準 11月自結-0.10,30
2023/12/21,[新聞] 盈餘：茂訊(3213)1-11月合併稅前獲利5億7866萬元，每股稅前,18
2023/12/21,Re: [新聞] 台中銀行副董事長施建安辭任,2
2023/12/21,[新聞] 台中銀行副董事長施建安辭任,17
2023/12/21,[閒聊] 2023/12/21 盤後閒聊,28
2023/12/21,Re: [情報] 中共停止ECFA減讓影響的 化工產品清單,9
2023/12/21,Re: [標的] 6284 佳邦 Many多多,13
2023/12/21,Re: [情報] 中共停止ECFA減讓影響的 化工產品清單,26
2023/12/21,Re: [心得] 終於解脫了，快點恭喜我,59
2023/12/21,[新聞] 碳權交易所22日啟動首批交易 造紙股逆勢,11
2023/12/21,[標的] 00937B是不是不要賣比較好?,28
2023/12/21,Re: [心得] 終於解脫了，快點恭喜我,22
2023/12/21,[新聞] 華義取得《遊戲大亂鬥》社群平台,11
2023/12/21,[創作]股票資訊彙整網站,37
2023/12/21,[情報] 中共停止ECFA減讓影響的 化工產品清單,51
2023/12/21,[新聞] 紅海斷航危機神助攻！長榮完全填息剩,62
2023/12/21,Re: [情報] 中國大陸中止ECFA部分產品關稅減讓,24
2023/12/21,[情報] 中國大陸中止ECFA部分產品關稅減讓,73
2023/12/21,[新聞] 矽力擬買回3000張庫藏股 轉讓員工,7
2023/12/21,Re: [標的] 7402邑錡 無人機多,53
2023/12/21,[閒聊] 2023/12/21 盤中閒聊,100
2023/12/21,Re: [請益] 為何這次降息跟經濟好不好有關？,7
2023/12/21,Re: [標的] 3702 大聯大 ETF丟貨空,8
2023/12/20,Re: [請益] 有送分題結果是陷阱題的先例嗎,30
2023/12/20,[情報] 1220 上市櫃外資投信同買排行,4
2023/12/20,[請益] 為何這次降息跟經濟好不好有關？,36
2023/12/20,[新聞] 外資買超246 億元加碼台積電117億元 電子,13
2023/12/20,[請益] 請問一下掛單技巧,9
2023/12/20,[情報] 1220 上市櫃外資投信買超金額排行,0
2023/12/20,[新聞] 美國明年降息 台灣外銷訂單利多？經濟部,3
2023/12/20,Re: [情報] 胡塞武裝佈雷,25
2023/12/20,Re: [新聞] 友達彭双浪：面板已觸底 明年可望溫和成,7
2023/12/20,[請益] 台灣50反ㄧ（00632R）下市問題,13
2023/12/20,[請益] 富途牛牛手機版的財經日曆在哪,8
2023/12/20,[新聞] 智冠明日停牌 傳鋼鐵廠榮剛將「進場救援,34
2023/12/20,[新聞] 大到不能救？中國2兆元割韭菜慘案,30
2023/12/20,[情報] 112年12月20日信用交易統計,24
2023/12/20,[新聞] 日本百年電子巨頭 東芝今天下市,87
2023/12/20,[新聞] 友達彭双浪：面板已觸底 明年可望溫和成,21
2023/12/20,[標的] 2603長榮 YU力推底部上船抱緊多,-10
2023/12/20,[新聞] 囤房稅2.0三讀通過 法人改看好獲利成長、,22
2023/12/20,[請益] 明年降息3碼對銀行獲利影響多大？,24
2023/12/20,Re: [新聞] 中國學者示警中國恐成孤島經濟！微博遭封,57
2023/12/20,[新聞] 較台北交易「溢價高達11.4%」! 台積電ADR,38
2023/12/20,[情報] 112/12/20 八大公股銀行買賣超排行,16
2023/12/20,Re: [標的] 2356 英業達 爆量綠K多,27
2023/12/20,[新聞] 中國第三大財管公司海銀也爆雷 多款理財,32
2023/12/20,[情報] 1220 上市外資買賣超排行,80
2023/12/20,[新聞] 中國學者示警中國恐成孤島經濟！微博遭封,99
2023/12/20,[情報] 2324 仁寶 澄清媒體報導,99
2023/12/20,[情報] 112年12月20日 三大法人買賣金額統計表,100
2023/12/20,Re: [請益] 有送分題結果是陷阱題的先例嗎,2
2023/12/20,Re: [請益] 有送分題結果是陷阱題的先例嗎,2
2023/12/20,[情報] 1220 上市投信買賣超排行,60
2023/12/20,Re: [請益] 有送分題結果是陷阱題的先例嗎,89
2023/12/20,[標的] 2324 仁寶,68
2023/12/20,[閒聊] 2023/12/20 盤後閒聊,28
2023/12/20,Re: [請益] 有送分題結果是陷阱題的先例嗎,3
2023/12/20,Re: [請益] 有送分題結果是陷阱題的先例嗎,31
2023/12/20,[新聞] 微軟更新DirectML支援NPU，以加速Windows,11
2023/12/20,[新聞] 焦點股》恆大：中國疫情狂燒 資金重回籠,10
2023/12/20,[新聞] 囤房稅2.0三讀 專家：房價不會下修、但租,69
2023/12/20,[新聞] 金融營業稅2025降至2％ 有譜,20
2023/12/20,[新聞] 日盛：台股明年牛市續行 Q4有望挑戰18700,11
2023/12/20,[請益] 有送分題結果是陷阱題的先例嗎,65
2023/12/20,[請益] 港股的配息跟台灣一樣直接匯到戶頭嗎？,4
2023/12/20,Re: [新聞] 蘋果押寶新世代終極顯示器　友達組台,7
2023/12/20,[標的] 4532瑞智 壓縮機多,20
2023/12/20,[新聞] 仁寶爆十萬張大量攻漲停,77
2023/12/20,[新聞] 蘋果押寶新世代終極顯示器　友達組台廠Mi,30
2023/12/20,[新聞] 日經新聞：友達光電本月將關閉新加坡面板,31
2023/12/20,[標的] 2723 美食ky 咖啡多,24
2023/12/20,[閒聊] 2023/12/20 盤中閒聊,100
2023/12/20,[新聞] 紅海危機！多家業者上調歐洲、地中海航線,70
2023/12/20,Re: [新聞] 葉門武裝組織揚言每12小時就會攻擊一次,10
2023/12/20,[公告] 12/19 處置公告,8
2023/12/19,Re: [標的] 5515 建國 多,72
2023/12/19,Re: [新聞] 葉門武裝組織揚言每12小時就會攻擊一次,39
2023/12/19,[標的] 1234 黑松,9
2023/12/19,[新聞] 證交所董事會通過科科科技上市案,99
2023/12/19,[新聞] 國泰：台股明年上看2萬點,60
2023/12/19,[情報] 1219 上市櫃外資投信同買排行,6
2023/12/19,[新聞] 葉門武裝組織揚言每12小時就會攻擊一次,49
2023/12/19,[情報] 112年12月19日信用交易統計,12
2023/12/19,[情報] 1219 上市櫃外資投信買超金額排行,3
2023/12/19,Re: [請益] 持股健檢,4
2023/12/19,Re: [心得] 美債與總經,2
2023/12/19,[請益] 怎麼查全球遊戲產業產值數字？,8
2023/12/19,[新聞]日本央行宣布貨幣寬鬆政策不變維持負利率,100
2023/12/19,[新聞] 外資期貨空單大增！現貨買超縮水 12月20,25
2023/12/19,[新聞] 大摩:2024年底台股18500點 樂觀更上看2萬,99
2023/12/19,[情報] 112/12/19 八大公股銀行買賣超排行,12
2023/12/19,[新聞] 華爾街日報：跡象顯示中國經濟失去動能,61
2023/12/19,[情報] 2323 中環 取得 陽明海運普通股,46
2023/12/19,[新聞] 快訊／國泰世華銀2分行挪用客戶資產　挨1,63
2023/12/19,[情報] 1219 上市外資買賣超排行,38
2023/12/19,[新聞] 新冠新變異株JN.1 明年疫情恐升,43
2023/12/19,Re: [標的] NVDA.US,26
2023/12/19,[情報] 台積電董事長劉德音將於明年股東會後退休,99
2023/12/19,Re: [心得] 美債下車了,34
2023/12/19,[標的]9950 萬國通,12
2023/12/19,[標的] NVDA.US,23
2023/12/19,[情報] 112年12月19日 三大法人買賣金額統計表,87
2023/12/19,[標的] 美債 ETF 00687B,9
2023/12/19,[情報] 1219 上市投信買賣超排行,53
2023/12/19,Re: [請益] 可能沒有總統行情了,13
2023/12/19,[閒聊] 2023/12/19 盤後閒聊,45
2023/12/19,Re: [新聞] 紅海商船頻遇襲 美號召英義法10國聯手護,0
2023/12/19,[新聞] 囤房稅2.0 賴正鎰:七傷拳 明後年萬物必漲,94
2023/12/19,[新聞] 新加坡政府靠投資賺的錢，比所得稅還多！,44
2023/12/19,Re: [新聞] 紅海商船頻遇襲 美號召英義法10國聯手護,13
2023/12/19,[心得] 美債下車了,99
2023/12/19,Re: [新聞] 富邦金股利砍半 北市府市庫收入縮水,4
2023/12/19,[新聞] 最懂海運的男人 台驊買長榮 十天賺9021萬,20
2023/12/19,Re: [新聞] 紅海商船頻遇襲 美號召英義法10國聯手護,13
2023/12/19,[新聞] 扯上專利糾紛 蘋果宣布停售2新款Apple Wa,2
2023/12/19,Re: [請益] 會溢價買美債的是什麼人,4
2023/12/19,[新聞] 紅海商船頻遇襲 美號召英義法10國聯手護,55
2023/12/19,Re: [新聞] 30歲宣告躺平!他存股00929+00937B稱月領4,32
2023/12/19,[新聞] 大魯閣今年營收攀峰,34
2023/12/19,[標的] 00637L滬深正二 中又輸抄底多,30
2023/12/19,Re: [新聞] 機師工會控十年未調薪 長榮航聲明反駁：,24
2023/12/19,[新聞] 市況未到反轉階段 東京製鐵持續維持鋼價不變,8
2023/12/19,[標的] 1568倉佑 反指標對做投機多,10
2023/12/19,Re: [請益] 持股健檢,3
2023/12/19,[閒聊] 2023/12/19 盤中閒聊,100
2023/12/19,[請益] 菜債蛙除息幾問,40
2023/12/19,[標的] SOFI.US,25
2023/12/19,Re: [請益] 持股健檢,1
2023/12/19,Re: [標的] 00715L.TW 期街口布蘭特正2 投機多,17
2023/12/19,[標的] 3702 大聯大 ETF丟貨空,16
2023/12/19,[請益] 請問要怎麼買波蘭CDPR的股票？,6
2023/12/19,[情報] 英國石油BP: 暫停紅海海域航線 此區危險,10
2023/12/19,[新聞] 30歲宣告躺平!他存股00929+00937B稱月領4,26
2023/12/18,[標的] 00715L.TW 期街口布蘭特正2 投機多,14
2023/12/18,[新聞] 川普7搖擺州領先拜登、重掌白宮 台積電恐,41
2023/12/18,[標的] 4440宜新實業 法說心得,23
2023/12/18,[標的] TMF 看技術線型有用嗎？,2
2023/12/18,[新聞] 炒股半年大虧 胡錫進：很多人不敢相信有,43
2023/12/18,Re: [新聞] 新移工來源國有譜了 仲介：緬甸、印,14
2023/12/18,[新聞] 日本新日鐵擬出價149億美元收購美國鋼鐵,24
2023/12/18,[新聞] 富邦金股利砍半 北市府市庫收入縮水,15
2023/12/18,Re: [心得] TMF從負30%到正6%有多爽？,7
2023/12/18,[情報] 1218 上市櫃外資投信同買排行,2
2023/12/18,[情報] 112年12月18日信用交易統計,20
2023/12/18,[請益] 連14賣 自營商到底看到了什麼,34
2023/12/18,[新聞] 紅海危機！萬海即日起暫停通行紅海,15
2023/12/18,[情報] 1218 上市櫃外資投信買超金額排行,0
2023/12/18,[新聞] AI伺服器用電源供應器用板放量，高技2024,12
2023/12/18,[新聞] 中國認貿易壁壘無因應措施？經濟部：談判,8
2023/12/18,Re: [心得] 中國廢除ECFA要崩多少點？,45
2023/12/18,[新聞] 機師工會控十年未調薪 長榮航聲明反駁：,25
2023/12/18,[情報] 陽明海運: 風險海域 採暫停或繞道好望角,15
2023/12/18,[請益] 持股健檢,28
2023/12/18,[心得] TMF從負30%到正6%有多爽？,24
2023/12/18,Re: [情報] 長榮海運:暫停以色列航線進出口[客戶通知,7
2023/12/18,[標的] 2201裕隆 為何近期股價要死不活鳥鳥的?,14
2023/12/18,[新聞] 00919八上八下、00900、00713也換檔,19
2023/12/18,[情報] 長榮海運:暫停以色列航線進出口[客戶通知,18
2023/12/18,[新聞] 長榮海運拍板！即起暫停通行紅海 將改,61
2023/12/18,[標的] 8103瀚荃 想太多,3
2023/12/18,[新聞] 〈永立榮展望〉治療勃起功能障礙幹細胞新藥 明年一期臨床展,53
2023/12/18,[情報] 112/12/18 八大公股銀行買賣超排行,13
2023/12/18,[情報] 2358廷鑫 12/19 14:00自辦法人說明會,8
2023/12/18,[新聞]旅客自中國攜帶豬製品「首度驗出」檢出新,37
2023/12/18,[新聞] 聯發科獲 Apple TV Wi-Fi 晶片下單,45
2023/12/18,[情報] 00900成分股審核結果,47
2023/12/18,[情報] 6622 百聿數碼 推薦證券商因業務考量辭任,7
2023/12/18,[情報] 00713 成分股調整 (增13剔13）,41
2023/12/18,[情報] 6239 力成 達注意標準 11月自結0.29,25
2023/12/18,[情報] 1218 上市外資買賣超排行,61
2023/12/18,[新聞] 台股ETF受益人又創高！00919蟬聯人氣王,49
2023/12/18,[情報] 112年12月18日 三大法人買賣金額統計表,64
2023/12/18,[情報] 1218 上市投信買賣超排行,59
2023/12/18,Re: [新聞] 美食-KY董事長吳政學配偶 申報鉅額轉讓,25
2023/12/18,[新聞] Intel Core Ultra 效能解禁，全新設計，,26
2023/12/18,[閒聊] 2023/12/18 盤後閒聊,42
2023/12/18,Re: [標的] 美債00687B 哲哲再度加碼一千萬,39
2023/12/18,Re: 美債etf今天給它買下去了,28
2023/12/18,[新聞] 00919換股了？大賣陽明、萬海1.8萬張,22
2023/12/18,Re: [標的] 4958 臻鼎 多,7
2023/12/18,[新聞] 全球鋼價漲勢確立、中鋼集團訂單滿滿 鋼,34
2023/12/18,[標的] 3006 晶豪科 築底多,14
2023/12/18,[請益] 過時製程設備會有什麼殘值呢？,8
2023/12/18,[請益] 交易成本顯示問題,13
2023/12/18,[新聞] 【2023財經大事】變天！吳東進丟經營權　台新金併新光金成矚,32
2023/12/18,[請益] 債券etf的原理是什麼,27
2023/12/18,[標的] 買高股息ETF創造被動收入請問是好選擇嗎,9
2023/12/18,Re: [新聞] 4大航運巨頭暫停紅海運輸　全球海運,23
2023/12/18,Re: [新聞] 新移工來源國有譜了 仲介：緬甸、印,5
2023/12/18,[請益] 電匯附言打錯,11
2023/12/18,[請益] 請教一個借券時間點問題,9
2023/12/18,Re: 美債etf今天給它買下去了,31
2023/12/18,Re: [請益] 朋友借錢買美債,14
2023/12/18,Re: [新聞] 新移工來源國有譜了 仲介：緬甸、印,3
2023/12/18,Re: [新聞] 新移工來源國有譜了 仲介：緬甸、印,31
2023/12/18,[閒聊] 2023/12/18 盤中閒聊,99
2023/12/18,Re: [新聞] 新移工來源國有譜了 仲介：緬甸、印,1
2023/12/18,Re: [新聞] 新移工來源國有譜了 仲介：緬甸、印,5
2023/12/18,Re: [新聞] 新移工來源國有譜了 仲介：緬甸、印,28
2023/12/18,[新聞] 4大航運巨頭暫停紅海運輸　全球海運堵塞,34
2023/12/18,Re: [新聞] 新移工來源國有譜了 仲介：緬甸、印,8
2023/12/18,Re: [新聞] 新移工來源國有譜了 仲介：緬甸、印,0
2023/12/18,Re: [請益] 朋友借錢買美債,4
2023/12/18,Re: [新聞] 新移工來源國有譜了 仲介：緬甸、印,4
2023/12/18,Re: [新聞] 新移工來源國有譜了 仲介：緬甸、印度都,8
2023/12/18,Re: [新聞] 新移工來源國有譜了 仲介：緬甸、印,35
2023/12/18,Re: [請益] 請問有推薦的股票書籍嗎？,21
2023/12/18,[標的] US.U Unity software 爆炸多,4
2023/12/17,[標的] 橋椿 2062 傳產遇水則發多,17
2023/12/17,Re: [新聞] 新移工來源國有譜了 仲介：緬甸、印度都,46
2023/12/17,[請益] 如果股市崩跌時 債市會怎樣反應？,44
2023/12/17,[請益] 碳權碳費會對股市造成什麼影響？,39
2023/12/17,[新聞] 中國恆大深夜公告 境外債務重組方案恐夭,46
2023/12/17,[公告] 12/17 處置公告＋板務宣導,17
2023/12/17,[新聞] 碳交所22日首批碳權交易 中鋼搶頭香擬爭取購買500噸,39
2023/12/17,[請益] 朋友借錢買美債,37
2023/12/17,Re: [新聞] 新移工來源國有譜了 仲介：緬甸、印,60
2023/12/17,Re: [請益] 台灣受雇中位數 大輸美日韓星,0
2023/12/17,Re: [心得] 使用short put交易美股選擇權心得,3
2023/12/17,Re: [請益] 台灣受雇中位數 大輸美日韓星港？,0
2023/12/17,[新聞] 蔡英文台南挺綠電　籲在野勿抹黑：排斥綠電就是排斥台積電,-10
2023/12/17,Re: [請益]台股大盤融資創新高，現在加碼還來的及嗎?,8
2023/12/17,[請益] 這本書推嗎？,65
2023/12/17,[請益] 請問有推薦的股票書籍嗎？,28
2023/12/17,[請益] 一解套就賣 一到成本就跑 正常嗎,18
2023/12/17,Re: [請益] 美債,0
2023/12/17,Re: [請益] 美債,23
2023/12/17,[標的] 2723.TW 美食-KY,24
2023/12/17,[標的] 7707.TW 益芯科 興櫃矽智財ip多,17
2023/12/17,[新聞] 降雨改善 巴拿馬運河1月起放寬每日船量,28
2023/12/17,Re: [請益] 美債,39
2023/12/17,[新聞] 三星高層：2奈米製程要向台積電看齊,83
2023/12/16,Re: [請益] 如果要當沖  為什麼不玩期貨？,0
2023/12/16,Re: [請益] 美債,24
2023/12/16,Re: [請益] 美債,11
2023/12/16,Re: [請益] 美債,9
2023/12/16,Re: [標的] UPro/TMF 50:50 Risk parity每半年再平衡,6
2023/12/16,[新聞] 鎖定伺服器、車用 緯創墨西哥新廠 年底,11
2023/12/16,[標的] 2356英業達,0
2023/12/16,Re: [請益] 美債,43
2023/12/16,[新聞] 輝瑞錯估能長期靠COVID-19吃飯 收益銳減,47
2023/12/16,Re: [請益] 如果要當沖  為什麼不玩期貨？,0
2023/12/16,[請益] 母公司股東收到子公司現金增資,17
2023/12/16,Re: [請益] 如果要當沖  為什麼不玩期貨？,15
2023/12/16,Re: [請益] 如果要當沖  為什麼不玩期貨？,29
2023/12/16,Re: [請益] 美股才是當沖天堂吧？,0
2023/12/16,Re: [請益] 如果要當沖  為什麼不玩期貨？,8
2023/12/16,[標的] 5222全訊,17
2023/12/16,[新聞] 中國擴大禁令 傳8省份政府機關禁用蘋果iP,56
2023/12/16,[新聞] 大陸爆發「非洲豬瘟」！官方內部文件流出,96
2023/12/16,Re: [請益] 美債,99
2023/12/16,Re: [標的] 9958 世紀鋼 救救我吧 （空）,12
2023/12/16,[心得] 12/18~12/22 美股財報&經濟數據行事曆,19
2023/12/16,[請益] 如果要當沖  為什麼不玩期貨？,96
2023/12/16,[新聞] 紐約Fed總裁威廉斯 : 聯準會目前並未真,33
2023/12/16,[新聞] 世界兩大航運集團所有船隻暫停行經紅海,99
2023/12/16,Re: [請益] 美債,8
2023/12/16,Re: [請益] 美債,11
2023/12/16,[心得] 股市第5年，我終於歸零了,86
2023/12/16,Re: [請益] 有沒有券商會出 「ETF的ETF」,0
2023/12/16,Re: [請益] 美債,9
2023/12/16,[標的] 9958 世紀鋼 救救我吧 （空）,26
2023/12/15,[新聞] 大摩：銀行股獲利韌性強、股利優 首選中,23
2023/12/15,Re: [請益] 美債,14
2023/12/15,[新聞] 美銀 : 投資人全心信任聯準會 拋售現金,15
2023/12/15,[新聞] 焦點股》英業達：隔日沖賣壓出籠 高檔爆,7
2023/12/15,[新聞] 經貿辦：中國片面停止ECFA諮商 違反WTO,57
2023/12/15,Re: [請益] GG這種操作有甚麼用意嗎?,46
2023/12/15,[新聞] 長榮股價創波段高 台驊帳面獲利逾6800萬,41
2023/12/15,[情報] 1215 上市櫃外資投信同買排行,4
2023/12/15,[新聞] 矽統否認要轉型IP公司,25
2023/12/15,[情報] 112年12月15日信用交易統計,21
2023/12/15,[情報] 1215 上市櫃外資投信買超金額排行,2
2023/12/15,[標的] 3059 華晶科 隱藏版IP股？,25
2023/12/15,Re: [標的]  系微 6231 微小多,26
2023/12/15,Re: [請益] 要降息了，美債是不是送分題？,44
2023/12/15,[新聞] 威盛集團IP能量爆發,30
2023/12/15,[新聞] 《國際產業》讓晶片代工業務分家上市？英,4
2023/12/15,[情報] 112/12/15 八大公股銀行買賣超排行,25
2023/12/15,[請益] 持股分配建議,5
2023/12/15,[情報] 2323 中環 取得矽統普通股,7
2023/12/15,[新聞] 獨家／曬對帳單！他砸近億買「2檔投等債E,52
2023/12/15,[標的] 8401.TW 白紗科 大戶多,19
2023/12/15,[請益] 這一波是不是直接做多到谷月涵發文?,99
2023/12/15,[情報] 1215 上市外資買賣超排行,62
2023/12/15,Re: [請益] 認真問，初學股票要去哪裡,24
2023/12/15,Re: [請益] Re: [請益] 持股健檢（都是看批踢踢,8
2023/12/15,[情報] 1215 SCFI 指數 1093.52 (+61.31),51
2023/12/15,[情報] 112年12月15日 三大法人買賣金額統計表,100
2023/12/15,[情報] 1215 上市投信買賣超排行,31
2023/12/15,[公告] 12/15 處置公告,3
2023/12/15,Re: [請益] 持股健檢（都是看批踢踢買的）,99
2023/12/15,[新聞] PTT狂人砸360萬押友達 曝1驚人理由：不,67
2023/12/15,[請益] 請問這篇教的00679B計算法是對的嗎？,13
2023/12/15,[情報] 6643 M31 達注意標準 11月自結0.16,25
2023/12/15,[閒聊] 2023/12/15 盤後閒聊,27
2023/12/15,[情報] 3522 御頂 現金增資公開申購資訊,7
2023/12/15,[請益] GG這種操作有甚麼用意嗎?,43
2023/12/15,Re: [標的] 00671R 富邦納指反1 多,2
2023/12/15,Re: [心得] 使用short put交易美股選擇權心得,11
2023/12/15,[新聞] 響應2050淨零建築轉型，南寶積極搶進永,0
2023/12/15,[標的] 067893聯發科統一33購01  討論,10
2023/12/15,[新聞] 台股大漲這11檔卻慘跌 「這檔」印刷電路,7
2023/12/15,[請益] 券商ETF定期定額問題,13
2023/12/15,[新聞] 台積電2奈米首廠落腳寶山　明年4月進機,12
2023/12/15,[標的] 2356 英業達 爆量綠K多,26
2023/12/15,[新聞] 煤鐵等鋼鐵原物料價高 鋼市榮景看到明,65
2023/12/15,[標的] 5272笙科-藍芽多,3
2023/12/15,[情報] 中國商務部:台灣對大陸貿易構成貿易壁壘,74
2023/12/15,[新聞] 股債基金規模衝高 投信嗨翻,9
2023/12/15,[新聞] 英特爾 CEO 酸輝達 CUDA 護城河淺又小，,38
2023/12/15,[標的] 00929.TW 存股配息風險,16
2023/12/15,[情報] 3533 嘉澤 澄清媒體報導,16
2023/12/15,[標的] 7402邑錡 無人機多,57
2023/12/15,[標的] 00688L 相信哲哲 直上正2,33
2023/12/15,[閒聊] 2023/12/15 盤中閒聊,100
2023/12/15,Re: [請益] 高股息ETF的風險在哪裡？,15
2023/12/15,Re: [新聞] 跟進國際 主動式ETF明年擬開放,10
2023/12/15,[請益]台股大盤融資創新高，現在加碼還來的及嗎?,85
2023/12/15,Re: [請益] 要降息了，美債是不是送分題？,12
2023/12/15,Re: [請益] 高股息ETF的風險在哪裡？,11
2023/12/15,Re: [新聞] 跟進國際 主動式ETF明年擬開放,12
2023/12/15,[情報] 2023/11月 國內成分ETF內扣費用率,27
2023/12/14,[新聞] 跟進國際 主動式ETF明年擬開放,46
2023/12/14,[新聞] 中華郵政明年投資台股銀彈估200億元 看好,38
2023/12/14,[新聞] 營造業移工已核定逾萬名 花敬群:若仍不足,34
2023/12/14,[新聞] 台積電今除息3元 再度上演秒填息,16
2023/12/14,[標的] 2330.TW 台積 費半新高多,46
2023/12/14,[標的] 3532台勝科-跟著高股息ETF多,13
2023/12/14,[心得] 使用short put交易美股選擇權心得,19
2023/12/14,[情報] 1214 上市櫃外資投信同買排行,1
2023/12/14,[新聞] 央行利率連三凍！楊金龍認了「通膨情況特,45
2023/12/14,[情報] 112年12月14日信用交易統計,14
2023/12/14,[新聞] 董座洪嘉聰：聯電要從IC變身IP 攜矽統、,84
2023/12/14,[情報] 1214 上市櫃外資投信買超金額排行,1
2023/12/14,Re: [請益] 別人買的都漲 我的卻跌怎麼調適心情,6
2023/12/14,[新聞] 王品年終出爐「平均能領3.1個月」　店主,23
2023/12/14,Re: [情報] 8112 至上 達注意標準 11月自結0.34,7
2023/12/14,Re: [請益] 要降息了，美債是不是送分題？,8
2023/12/14,Re: [請益] 美債ETF VS. 美金高利定存,0
2023/12/14,Re: [請益] 要降息了，美債是不是送分題？,37
2023/12/14,Re: [請益] 美債ETF VS. 美金高利定存,1
2023/12/14,Re: [請益] 要降息了，美債是不是送分題？,5
2023/12/14,[標的] 00706L 期元大S&P 日圓正二,20
2023/12/14,[情報] 7708全家餐飲 12/14舉辦興櫃前法說會,26
2023/12/14,[請益] 因華醫保沒過，持股該賣？,8
2023/12/14,Re: [標的] 2409 友達 (持續加碼 5張),99
2023/12/14,[情報] 112/12/14 八大公股銀行買賣超排行,20
2023/12/14,[新聞] 《鋼鐵股》大成鋼明年H1拚揚 德州熱軋冷軋產能擴增,31
2023/12/14,Re: [請益] 持股健檢（媽媽買的）,38
2023/12/14,[新聞] 史上最大崩盤要來了？《富爸爸》作者,90
2023/12/14,Re: [新聞] Fed 12月聲明全文,10
2023/12/14,[請益] 請問元大50反一有可能下市嗎?,52
2023/12/14,Re: [新聞] Fed 12月聲明全文,44
2023/12/14,[情報] 00919群益台灣精選高息 新增八檔,56
2023/12/14,[新聞] 美系CSP廠BBU大單助攻明年業績,1
2023/12/14,[請益] 要降息了，美債是不是送分題？,68
2023/12/14,Re: [請益] 高股息ETF的風險在哪裡？,10
2023/12/14,[新聞] 央行決議利率 房市管制按兵不動,13
2023/12/14,Re: [請益] 高股息ETF的風險在哪裡？,6
2023/12/14,Re: [請益] 高股息ETF的風險在哪裡？,14
2023/12/14,[情報] 5521 工信 達注意標準 11月自結0.009,41
2023/12/14,[情報] 8112 至上 達注意標準 11月自結0.34,24
2023/12/14,Re: [請益] 別人買的都漲 我的卻跌怎麼調適心情,0
2023/12/14,[新聞] 全球鋼市谷底已過　中鋼全面調升明年鋼價,42
2023/12/14,[情報] 1214 上市外資買賣超排行,67
2023/12/14,Re: [請益] 高股息ETF的風險在哪裡？,18
2023/12/14,[請益] 高股息ETF的風險在哪裡？,99
2023/12/14,[新聞] 中信金張浴澤：要找睡著都能替你賺的工具,31
2023/12/14,[情報] 威剛11月 稅前淨利3.78億,17
2023/12/14,Re: [請益] 別人買的都漲 我的卻跌怎麼調適心情,28
2023/12/14,[情報] 112年12月14日 三大法人買賣金額統計表,100
2023/12/14,[情報] 1214 上市投信買賣超排行,45
2023/12/14,Re: [請益] 別人買的都漲 我的卻跌怎麼調適心情,6
2023/12/14,"[新聞] 滯銷品全便宜賣海外 中國靠降價""出口轉正",39
2023/12/14,Re: [新聞] 中國瘋造芯埋禍根！半導體平均每天倒閉31,19
2023/12/14,[新聞] 波克夏又敲進西方石油股票 加碼買進5.9,24
2023/12/14,Re: [新聞] 中國瘋造芯埋禍根！半導體平均每天倒閉31,-10
2023/12/14,[閒聊] 2023/12/14 盤後閒聊,23
2023/12/14,[新聞] 中國瘋造芯埋禍根！半導體平均每天倒閉31,38
2023/12/14,Re: [請益] 別人買的都漲 我的卻跌怎麼調適心情,2
2023/12/14,[新聞] 台股市值逼近56兆元大關 股民財富平均,99
2023/12/14,[新聞] 瑞昱車用成長可期，明年盼營運回溫,2
2023/12/14,Re: [請益] 別人買的都漲 我的卻跌怎麼調適心情,34
2023/12/14,Re: [請益] 別人買的都漲 我的卻跌怎麼調適心情,0
2023/12/14,Re: [新聞] 8家聯貸銀行同意降息給高鐵 預計每股貢獻,0
2023/12/14,[新聞] 股價並不重要... 巴菲特遵循3條重要策略,12
2023/12/14,Re: [心得] 少賺比賠錢更難受,8
2023/12/14,Re: [請益] 美債預計降息三碼 壓縮獲利空間？,14
2023/12/14,Re: [請益] 美債預計降息三碼 壓縮獲利空間？,32
2023/12/14,[心得] 少賺比賠錢更難受,46
2023/12/14,[新聞] 記憶體大漲 群聯南亞科進補,18
2023/12/14,Re: [新聞] 市場鬆口氣！美國財政部調降本季借貸目,4
2023/12/14,[新聞] 亞行上調2023年 中國經濟增長預期,0
2023/12/14,[閒聊] 2023/12/14 盤中閒聊,100
2023/12/14,[請益] 美債預計降息三碼 壓縮獲利空間？,40
2023/12/14,Re: [標的] 美債TMF試水溫多,18
2023/12/14,[請益] 美債ETF VS. 美金高利定存,55
2023/12/14,Re: [請益] 債券ETF跌到信心全無,27
2023/12/14,Re: [新聞] 中國豬肉價格崩跌逾3成 加劇通縮風險,18
2023/12/14,[新聞] Fed 12月聲明全文,99
2023/12/14,[新聞] 「遠亞併」倒數！ 亞太電信12月15日起停止公開發行,0
2023/12/14,[新聞] 中國豬肉價格崩跌逾3成 加劇通縮風險,89
2023/12/14,[心得] 使用Cover call交易美股選擇權心得,29
2023/12/13,[心得] 警告.拜託不要空京元電2449,29
2023/12/13,[情報] 112年12月13日信用交易統計,19
2023/12/13,Re: [新聞] 面板淡季將至　陸大廠擬「春節放假停產,21
2023/12/13,[情報] 2358 廷鑫 本公司之關係人退票事宜,23
2023/12/13,[新聞] 美11月PPI年增0.9% 低於預期,41
2023/12/13,Re: [標的] 四大債券ETF 抄底多,35
2023/12/13,[新聞] 廠商前景保守 國泰金下調台灣今明年經濟,5
2023/12/13,[情報] 1213 上市櫃外資投信同買排行,2
2023/12/13,[新聞] 8家聯貸銀行同意降息給高鐵 預計每股貢獻,36
2023/12/13,[新聞] 空270張緯創賠550萬…工程師當沖到賣房,17
2023/12/13,[情報] 1213 上市櫃外資投信買超金額排行,2
2023/12/13,Re: [請益] 持股健檢/9月才開戶的小白,0
2023/12/13,[新聞] 力積電補貼50％鼓勵員工買股 傳下月起,97
2023/12/13,Re: [請益] 債券ETF跌到信心全無,85
2023/12/13,[情報] 112/12/13 八大公股銀行買賣超排行,7
2023/12/13,[新聞] 台股多頭再起 新光投信:2024有望直奔萬九,39
2023/12/13,Re: [標的] 英業達(2356)應該明顯被高估大家怎麼看呢,32
2023/12/13,Re: [心得] 美債仔早點名 目前負多少%,60
2023/12/13,Re: [請益] 台灣有反向的不動產etf嗎,12
2023/12/13,[情報] 1213 上市外資買賣超排行,67
2023/12/13,[情報] 2358 廷鑫 更正本公司111年12月至112年10,47
2023/12/13,[請益] 台股交易時間改為0800~1530會更好嗎,49
2023/12/13,[情報] 112年12月13日 三大法人買賣金額統計表,57
2023/12/13,[情報] 1213 上市投信買賣超排行,36
2023/12/13,Re: [請益] 為什麼越來越多公司轉投控？,40
2023/12/13,Re: [請益] 台灣有反向的不動產etf嗎,4
2023/12/13,[閒聊] 2023/12/13 盤後閒聊,21
2023/12/13,Re: [請益] 請問美債還能上車嗎？,51
2023/12/13,[情報] 大宇資11月營收3.34億元年增74.68% 1—11,28
2023/12/13,[情報] 茂訊 3213 11月自結,17
2023/12/13,[標的] 英業達(2356)應該明顯被高估大家怎麼看呢,35
2023/12/13,[請益] 持股健檢與投資轉換,11
2023/12/13,[標的] 5269 祥碩,5
2023/12/13,[請益] 持股健檢/9月才開戶的小白,45
2023/12/13,"[新聞] 張錫：明年衝18,888 後年攻20,000",47
2023/12/13,[新聞] 高階鏡頭價/量看升，大立光2024年站穩,10
2023/12/13,[請益] 台灣有反向的不動產etf嗎,54
2023/12/13,[請益] 為什麼越來越多公司轉投控？,33
2023/12/13,Re: [請益] 持股健檢／想組月月配,31
2023/12/13,[新聞] 英業達AI晶片奪國際大單 搖身一變為當紅,80
2023/12/13,[新聞] 耀華玻璃！資產淨值722億元 股東一毛都拿,19
2023/12/13,[閒聊] 2023/12/13 盤中閒聊,100
2023/12/13,[情報] 1101B 台泥特重設股息率約為4.05%,8
2023/12/13,[新聞] 花旗：OPEC+勢必延續減產否則明年油價崩,31
2023/12/13,[新聞] 雷蒙多態度髮夾彎 允輝達向中國出售AI晶,69
2023/12/12,[新聞] 電動車產業吹泡泡 新創公司市值僅剩1.8兆,34
2023/12/12,[新聞] 華星光:公告本公司現金增資全體董事放棄,78
2023/12/12,[情報] 112年12月12日信用交易統計,20
2023/12/12,[標的] 1785 光洋科,27
2023/12/12,[情報] 美國11月CPI 及其他各項數據,31
2023/12/12,[新聞] 降息預期降溫 高盛：美股可逢低買進,27
2023/12/12,[情報] 11月cpi,98
2023/12/12,[請益] 持股健檢／想組月月配,20
2023/12/12,[新聞] 天品明年啟動基隆墓園興建，估生命服務需求穩,21
2023/12/12,[情報] 1212 上市櫃外資投信同買排行,1
2023/12/12,[情報] 1212 上市櫃外資投信買超金額排行,5
2023/12/12,[新聞] 加盟道奇！日專家估：大谷經濟效益643億,28
2023/12/12,[請益] 00692投資收益分配書電子帳單寄出了嗎?,9
2023/12/12,[新聞] 環球晶上半年EPS 22.49元 將配發8元股利,25
2023/12/12,[請益] YT的股市社團詐騙廣告,23
2023/12/12,[請益] 請問美債還能上車嗎？,99
2023/12/12,Re: [請益] 怎麼沒人認為2024年FED會再升一碼？,6
2023/12/12,[新聞] 緯穎洪麗寗：近期AI概念股價被哄抬過高,41
2023/12/12,[新聞] 台股早盤17528點觸碰今年新高，投資人愛,10
2023/12/12,[新聞] 華城法說會外銷暢旺 明年業績拚雙位,21
2023/12/12,[情報] 112/12/12 八大公股銀行買賣超排行,14
2023/12/12,[新聞] 三商家購美廉社明年全門市提供咖啡，著力加盟店,34
2023/12/12,[新聞] 長榮航空沒給40月年終＋10年不調薪＋違,76
2023/12/12,[情報] 3035 智原 本公司董事會決議辦理現金增資,99
2023/12/12,[情報] 東洋11月份自結合併損益 0.27元,57
2023/12/12,[情報] 1212 上市外資買賣超排行,50
2023/12/12,Re: [請益] 怎麼沒人認為2024年FED會再升一碼？,74
2023/12/12,Re: [新聞] 00919擠下006208成台股ETF第五大,30
2023/12/12,[情報] 112年12月12日 三大法人買賣金額統計表,92
2023/12/12,[新聞] 00919擠下006208成台股ETF第五大,38
2023/12/12,Re: [新聞] 外資今年凈買入中國債券近萬億,15
2023/12/12,Re: [情報] 2646 星宇航空 現金增資公開申購資訊,11
2023/12/12,[情報] 1212 上市投信買賣超排行,35
2023/12/12,[新聞] 外資今年凈買入中國債券近萬億,-10
2023/12/12,[新聞] 力積搶攻日車用晶片 黃崇仁:已與本田日產,43
2023/12/12,[閒聊] 2023/12/12 盤後閒聊,28
2023/12/12,[新聞] CNN：通貨緊縮成中國另一頭痛問題,63
2023/12/12,Re: [標的] 美債00687B 哲哲再度加碼一千萬,59
2023/12/12,[標的] 6187 萬 潤     短投機多,38
2023/12/12,[新聞] 新台幣狂升最大受害者！六大壽險單月虧,22
2023/12/12,Re: [標的] 2603長榮  淨值殖利率雙多多,0
2023/12/12,Re: [新聞] 中金公司十大預測幾乎全軍覆沒 網民嘲諷,4
2023/12/12,Re: [標的] 2603 長榮,61
2023/12/12,Re: [標的] 2603長榮  淨值殖利率雙多多,54
2023/12/12,[新聞] 中鋼11月稅前淨利雙成長 看好全球鋼市回,42
2023/12/12,[請益] 請物流經驗的談談空運海運的替代效應,19
2023/12/12,Re: [新聞] 馬雲喊「阿里會改」後 京東劉強東也發聲,1
2023/12/12,Re: [心得] 剛過32歲有2房 以房貸養股,22
2023/12/12,Re: [新聞] 台股超越港股寫紀錄 黃天牧：30年來股市,-10
2023/12/12,[新聞] 黃天牧：全力護台股,78
2023/12/12,Re: [心得] 剛過32歲有2房 以房貸養股,44
2023/12/12,[閒聊] 2023/12/12 盤中閒聊,100
2023/12/12,[新聞] 台中馬尾妹「超商面交」！40秒40萬飛了,58
2023/12/12,[請益] ETF存股持股健檢,74
2023/12/12,[新聞] 貨櫃海運價 下月漲定了,21
2023/12/12,[情報] 巨虹11月營收2.07億元年增32.81%,0
2023/12/12,[請益] 通貨緊縮是那些族群會受惠?,53
2023/12/11,Re: [心得] 剛過32歲有2房 以房貸養股,51
2023/12/11,[新聞] 中金公司十大預測幾乎全軍覆沒 網民嘲諷,67
2023/12/11,[請益] 精剛1584法說會,9
2023/12/11,[新聞] 大股東觸及歸入權法，挹注雙鴻業外收益近1.48億元,23
2023/12/11,Re: [情報] 2603 長榮 11月營收,0
2023/12/11,[新聞] 台股超越港股寫紀錄 黃天牧：30年來股市,44
2023/12/11,[情報] 112年12月11日信用交易統計,29
2023/12/11,[新聞] 新青安房貸加持 公股銀8、9月新增房貸餘,36
2023/12/11,[新聞] 景氣復甦曙光浮現 製造業加班工時連4紅,10
2023/12/11,[情報] 1211 上市櫃外資投信同買排行,0
2023/12/11,[情報] 1211 上市櫃外資投信買超金額排行,2
2023/12/11,[情報] 3708 上緯投控 11月營收,3
2023/12/11,[新聞] 馬雲喊「阿里會改」後 京東劉強東也發聲,42
2023/12/11,[情報] 2646 星宇航空 現金增資公開申購資訊,43
2023/12/11,[情報] 8044網家 11月營收,64
2023/12/11,[情報] 南山人壽2023 年 11 月份自結營運報告,12
2023/12/11,[情報] 112/12/11 八大公股銀行買賣超排行,17
2023/12/11,[標的] 2905.TW 三商（11月營收備註請益）,13
2023/12/11,[情報]4979 華星光 11月營收,21
2023/12/11,[情報] 2867 三商壽 11月營收,17
2023/12/11,[情報] 2851中再保 11月營收,4
2023/12/11,[情報] 112年【11月金控含銀行】累績EPS排行,32
2023/12/11,[情報] 6177 達麗 11月營收,8
2023/12/11,[情報] 2905三商 11月份營收,46
2023/12/11,[情報] 3443創意11月自結EPS1.21 Yoy-44.1,12
2023/12/11,[新聞] 海運大咖逆勢喊漲美國線,27
2023/12/11,[情報] 112年【11月份金控股】EPS排名(全已公布),39
2023/12/11,[情報] 2882 國泰金 11月自結 -0.6 累計 3.58,59
2023/12/11,[情報] 2883 開發金 11月自結 0.01 累計 1.13,45
2023/12/11,[請益] 0056 00878 00919分配,34
2023/12/11,Re: [新聞] 港股失守萬六 13個月新低今年30家券商倒,33
2023/12/11,[情報] 3443 創意 達注意標準 11月自結1.21,30
2023/12/11,[情報] 1211 上市外資買賣超排行,33
2023/12/11,[新聞] Gogoro電池異常「官方提出補償了」！受影,18
2023/12/11,[情報] 1216 統一 11月營收,11
2023/12/11,[情報] 2881 富邦金 11月自結 -0.21 累計 5.04,60
2023/12/11,[情報] 2903 遠百 11月營收,33
2023/12/11,Re: [新聞] 港股失守萬六 13個月新低今年30家券商倒,25
2023/12/11,Re: [新聞] 面板淡季將至　陸大廠擬「春節放假停產,3
2023/12/11,[情報] 3052 夆典  11月營收,8
2023/12/11,[請益] 怎麼沒人認為2024年FED會再升一碼？,52
2023/12/11,[情報] 3711 日月光投控 11月營收,9
2023/12/11,[情報] 4550長佳11月營收,2
2023/12/11,[情報] 1101 台泥 11月營收,15
2023/12/11,[情報] 112年12月11日 三大法人買賣金額統計表,39
2023/12/11,[情報] 8936 國統 11月營收,31
2023/12/11,[情報] 1211 上市投信買賣超排行,24
2023/12/11,[情報] 9945 潤泰新 2915潤泰全11月營收,27
2023/12/11,[情報] 6790永豐實 112年11月營收9.40億,15
2023/12/11,[情報] 6596 寬宏藝術11月營收,8
2023/12/11,[情報] 8454富邦媒 11月營收,25
2023/12/11,[閒聊] 2023/12/11 盤後閒聊,45
2023/12/11,[新聞] 港股失守萬六 13個月新低今年30家券商倒,86
2023/12/11,[心得] 剛過32歲有2房 以房貸養股,99
2023/12/11,[新聞] 央行利率 明年可能「躺平」,18
2023/12/11,[新聞] 面板風暴！群創竹南廠爆「優遣」上百人,66
2023/12/11,[新聞] 臺慶科 2024獲利重返1股本,64
2023/12/11,[請益] VMW合併AVGO稅務問題,1
2023/12/11,Re: [請益] 台灣受雇中位數 大輸美日韓星港？,26
2023/12/11,[閒聊] 2023/12/11 盤中閒聊,100
2023/12/11,Re: [請益] 台灣受雇中位數 大輸美日韓星港？,39
2023/12/11,[新聞] 輝達擬釋單英特爾 台積有壓,52
2023/12/11,[標的] 6290良維 神人吃貨多,57
2023/12/10,Re: [請益] 台灣受雇中位數 大輸美日韓星港？,99
2023/12/10,[新聞] 麗清前11月營收年增37.95％ 同期新高,22
2023/12/10,Re: [請益] 台灣受雇中位數 大輸美日韓星港？,100
2023/12/10,[新聞] 八方雲集法說會／估豬價明年下半年回穩,46
2023/12/10,[新聞] 拒華為參與5G建設 哥斯大黎加總統：安全,26
2023/12/10,[標的] 6605帝寶 11月營收創高.全球最大AM車燈,20
2023/12/10,Re: [請益] 台灣受雇中位數 大輸美日韓星,8
2023/12/10,[新聞] 輝達新AI晶片若能銷陸 台最大受惠者是他,17
2023/12/10,Re: [請益] 台灣受雇中位數 大輸美日韓星港？,10
2023/12/10,[新聞] 內外資鬥法！聯電、遠東新、台泥、世界這,13
2023/12/10,[新聞] 巴拿馬乾旱、蘇伊士運河有海盜 全球供應,47
2023/12/10,[新聞] 金融三業前十月獲利破7000億大關 最後兩,13
2023/12/10,Re: [請益] 台灣受雇中位數 大輸美日韓星港？,53
2023/12/10,Re: [請益] 台灣受雇中位數 大輸美日韓星港？,12
2023/12/10,Re: [請益] 台灣受雇中位數 大輸美日韓星,8
2023/12/10,Re: [請益] 台灣受雇中位數 大輸美日韓星港？,0
2023/12/10,[新聞] 法人看好：台股耶誕上漲機率 升至六成七,58
2023/12/10,[公告] 12/10 處置公告,5
2023/12/10,Re: [請益] 台灣受雇中位數 大輸美日韓星港？,2
2023/12/10,[新聞] 面板淡季將至　陸大廠擬「春節放假停產,39
2023/12/10,[請益] 可以計算特定期間損益的記帳app,39
2023/12/10,Re: [請益] 台灣受雇中位數 大輸美日韓星港？,10
2023/12/09,Re: [請益] 台灣受雇中位數 大輸美日韓星港？,-10
2023/12/09,Re: [請益] 現在美國經濟情勢到底怎麼樣,0
2023/12/09,[新聞] 中國11月CPI年減0.5% 引發通縮擔憂,95
2023/12/09,[心得] 12/11~12/15 美股財報&經濟數據行事曆,40
2023/12/09,[標的] 大江 8436 降息防禦多,30
2023/12/09,[新聞] 彭博:台積電營收下滑  晶片業全面復甦路崎,53
2023/12/09,Re: [請益] 現在美國經濟情勢到底怎麼樣,-10
2023/12/09,[情報] 6789 采鈺 11月營收,5
2023/12/09,[新聞] 高雄觀光旅館前三季總營收逾45億 年增3成,37
2023/12/09,Re: [請益] 現在美國經濟情勢到底怎麼樣,9
2023/12/09,Re: [請益] 現在美國經濟情勢到底怎麼樣,75
2023/12/09,[請益] 00688淨值查詢,5
2023/12/09,[新聞] 高載客率高票價 長榮航11月營收史上第三,21
2023/12/09,[公告] 政治違規加重處分條款,0
2023/12/09,[情報] 8996 高力 112年11月營收,14
2023/12/09,[情報] 3044健鼎11月營收,1
2023/12/09,[情報] 112年11月【測試介面】營收成長一覽,17
2023/12/09,[情報] 6186新潤 11月營收 MOM+361% YOY+6108%,20
2023/12/09,[情報] 富邦複委託優惠延長,39
2023/12/09,[情報] 6223 旺矽 112年11月營收,10
2023/12/09,[情報] 3362先進光11月營收,4
2023/12/09,Re: [請益] 現在美國經濟情勢到底怎麼樣,-10
2023/12/09,[公告] 12/09 處置公告,4
2023/12/09,[新聞] 認列台電離岸工程收入 森崴11月營收創新,15
2023/12/09,[心得] 我論數理操盤系統之可行性,76
2023/12/09,[情報] 6282 康舒11月營收,22
2023/12/09,[新聞] 廣達營收衝高 重返千億 筆電需求回暖、AI,10
2023/12/09,[情報] 3035智原11月營收,13
2023/12/09,Re: [請益] 現在美國經濟情勢到底怎麼樣,100
2023/12/09,[情報] 1208 上市櫃外資投信同買排行,2
2023/12/08,[情報] 1208 上市櫃外資投信買超金額排行,0
2023/12/08,[新聞] 堅持不打折 Lululemon耶誕季財測遜於預期,15
2023/12/08,Re: [標的] 6139亞翔-拉不拉多2,26
2023/12/08,[新聞] 揚秦營收／11月創同期新高 全年營收可望,31
2023/12/08,[情報] 6691洋基工程11月營收 月增5.07%,35
2023/12/08,[情報] 9958 世紀鋼 112年11月營收,8
2023/12/08,[情報] 112年12月08日信用交易統計,10
2023/12/08,[新聞] 非農就業高於預期 台指期跳水後攀升,15
2023/12/08,[情報] 美國11月非農就業&失業率,100
2023/12/08,[請益] 該如何制定臺股長期投資組合,45
2023/12/08,[情報] 2358廷鑫 11月營收公告,6
2023/12/08,[情報] 5262立達 11月營收MoM 32.79% YoY 55.52%,3
2023/12/08,[情報] 3376 新日興 11月營收,4
2023/12/08,[請益] 國泰證券的交割日,0
2023/12/08,[情報] 2105正新11月營收,6
2023/12/08,[情報] 3171新洲 112年11月營收1.23億、年減12.22%,3
2023/12/08,[新聞] 11月出口翻紅年增3.8%寫16個月最佳 資通,11
2023/12/08,[情報] 4306炎洲 112年11月營收14.66億、年增39,8
2023/12/08,[情報]2641正德112年11月營收1.29億、年增43.67%,13
2023/12/08,[情報] 2356 英業達 11月營收,32
2023/12/08,[情報] 6806 森崴能源 11月營收,19
2023/12/08,[情報] 2367 燿華 112年11月營收,5
2023/12/08,[情報] 4906正文 11月營收,6
2023/12/08,[情報] 3661世芯-KY 112年11月營收,28
2023/12/08,[情報] 3037 欣興 112年11月營收,33
2023/12/08,[情報] 1584精剛11月營收,3
2023/12/08,[情報] 112/12/08 八大公股銀行買賣超排行,14
2023/12/08,[情報] 11月營收美賣*,20
2023/12/08,[情報] 3346麗清11月營收,7
2023/12/08,[情報] 2891 中信金 11月自結0.08,47
2023/12/08,[情報]  2501 國建11月營收,20
2023/12/08,[情報] 6125 廣運11月份營收,9
2023/12/08,[情報] 6671三能-KY 11月營收 M+26.12% Y+4.72%,4
2023/12/08,[情報] 2636台驊投控 處分陽明股票,18
2023/12/08,[情報]  2609 陽明11月營收,9
2023/12/08,[情報] 2488漢平11月營收 MoM-10.32% YoY-17.45%,4
2023/12/08,[情報] 2211長榮鋼11月營收5.51億,19
2023/12/08,[情報]  5521 工信 11月營收,5
2023/12/08,[情報] 2376 技嘉 11月營收,23
2023/12/08,[情報] 新光金112年11月自結 累計EPS: -0.69,100
2023/12/08,[情報] 2812台中銀11月自結 0.11,45
2023/12/08,[情報] 2886 兆豐金 11月自結 0.17 累計 2.22,11
2023/12/08,[情報] 2323 中環 處分長榮海運股票,26
2023/12/08,[情報] 文曄3036 11月營收,9
2023/12/08,[情報] 2887 台新金 11月自結 0.11 累計 1.01,10
2023/12/08,[情報] 2323 中環 11月營收,0
2023/12/08,[情報] 2377微星 11月營收,5
2023/12/08,[情報] 5880 合庫金 11月自結 0.07 累計 1.13,21
2023/12/08,[情報] 6285 啟碁 11月營收,16
2023/12/08,[情報] 3357臺慶科 11月營收 4億元,32
2023/12/08,[情報] 2603 長榮 11月營收,47
2023/12/08,[情報] 6120 達運 11月營收,3
2023/12/08,[情報] 6170 統振11月營收 年增26.13% 月增1.38%,1
2023/12/08,[情報] 3293鈊象 11月税前3.71,11
2023/12/08,[情報] 2454聯發科 11月營收430億元 年增19.23%,20
2023/12/08,[情報] 皇昌（2543）11月營收,13
2023/12/08,[情報] 2880 華南金 11月自結 0.14 累計 1.48,33
2023/12/08,[情報] 2371 大同 11月營收 年增17.97%月增36.56%,7
2023/12/08,[情報] 6547高端疫苗 112年11月營收,42
2023/12/08,[情報] 9941 裕融 11月自結 0.86 累計 11.02,6
2023/12/08,Re: [請益] 為什麼高股息ETF一直被攻擊？,3
2023/12/08,[情報] 4533 協易機 11月營收,6
2023/12/08,[情報] 2364 倫飛 11月營收 年增39% 月增66.1%,3
2023/12/08,[情報] 1515力山 112年11月營收10.29億、年增2,3
2023/12/08,[情報] 1514 亞力 達注意標準公告自結,0
2023/12/08,[情報] 5469 瀚宇博 11月營收,1
2023/12/08,[情報] 2897 王道銀行 11月自結 0.07 累計 0.87,5
2023/12/08,[情報] 3147 大綜 11月營收,2
2023/12/08,[情報] 8210勤誠11月營收 mom+59.5% yoy+130%,44
2023/12/08,[情報] 112年 證券、期貨公司 11月自結 eps,7
2023/12/08,[情報] 6284 佳邦 11月營收,6
2023/12/08,[新聞] 面板雙虎11月營收出爐 友達月減4.7％、群,11
2023/12/08,[情報] 8155 博智11月營收2.71億元 年增3.81%,3
2023/12/08,[情報] 1208 上市外資買賣超排行,23
2023/12/08,[情報] 6669 緯穎 11月營收,22
2023/12/08,[情報] 2355 敬鵬 112年11月營收,6
2023/12/08,[情報] 1603華電 11月營收 年減33% 月減13%,7
2023/12/08,[情報] 2388 威盛11月營收 mom+74.74% yoy+71.96%,45
2023/12/08,[情報] 1522堤維西 11月營收16.98億 年增5.01%,7
2023/12/08,[情報] 1563 巧新 112年11月營收,38
2023/12/08,[情報] 1104環泥 11月營收 MOM:18.81% YOY:23.07%,27
2023/12/08,[情報] 2382 廣達11月營收 月增13.36% 年減-7.58%,21
2023/12/08,[情報] 112年12月08日 三大法人買賣金額統計表,27
2023/12/08,[情報] 2204 中華 11月營收,16
2023/12/08,[情報] 1208 上市投信買賣超排行,20
2023/12/08,[情報] 4907 富宇 11月營收,5
2023/12/08,Re: [請益] 為什麼高股息ETF一直被攻擊？,35
2023/12/08,[情報] 8069 元太 112年11月營收,16
2023/12/08,[情報] 3017奇鋐 112年11月營收 +1.35%/+8.68%,5
2023/12/08,[情報] 6139 亞翔 11月營收,36
2023/12/08,[情報] 2442新美齊11月營收MOM+2.67% YOY+36.55%,1
2023/12/08,[情報] 6214 精誠 11月營收,10
2023/12/08,[情報] 2516 新建 11月營收,14
2023/12/08,[情報] 2892 第一金 11月自結 0.09 累計 1.57,10
2023/12/08,[情報] 2834 臺企銀 11月自結 0.08 累計 1.2,45
2023/12/08,[情報] 6271 同欣電 11月營收,9
2023/12/08,[情報] 4766南寶 11月營收,2
2023/12/08,[情報] 3231緯創11月營收 mom-2.51% yoy-13.7%,99
2023/12/08,[閒聊] 2023/12/08 盤後閒聊,23
2023/12/08,[情報] 《業績-通網》振曜11月營收為5.22億元，4,4
2023/12/08,[情報] 6613朋億* 112年11月營收9.54億、年減11.,8
2023/12/08,[情報] 2540愛山林 11月營收MOM+49.95% YOY+253%,16
2023/12/08,[情報] 3515華擎 11月營收,4
2023/12/08,[情報] 5347 世界 11月營收,13
2023/12/08,[情報] 6147 頎邦 11月營收,22
2023/12/08,[情報] 2330台積電11月營收 mom-15.3% yoy-7.5%,99
2023/12/08,Re: [新聞] 廷鑫傳拖欠貨款 皇將：非關係企業、營運,22
2023/12/08,R: [請益] 真的有人在存大盤ETF嗎,4
2023/12/08,[新聞] 新壽現增上演茶壺風暴？黃天牧盼新團隊,6
2023/12/08,[新聞] 魏哲家：AI應用迅速發展 2024年充滿機會,7
2023/12/08,[新聞] 永豐餘二代掌門人何壽川道出下個百年挑戰,10
2023/12/08,[標的] 9940.TW 信義房屋 1500萬全額貸多,35
2023/12/08,[請益] 真的有人在存大盤ETF嗎,100
2023/12/08,[心得] 00713 與0050的差別,-10
2023/12/08,[新聞] 配息差很多！該賣00878買00919？他這樣做,29
2023/12/08,Re: [請益] 鎖單是不是一個比加碼攤平更好的策略？,2
2023/12/08,[新聞] 廷鑫傳拖欠貨款 皇將：非關係企業、營運,8
2023/12/08,Re: [請益] 現在美國經濟情勢到底怎麼樣,0
2023/12/08,[請益] 螢幕下鏡頭 概念股,10
2023/12/08,[請益] 現在美國經濟情勢到底怎麼樣,72
2023/12/08,[請益] 鎖單是不是一個比加碼攤平更好的策略？,44
2023/12/08,[請益] Firstrade 轉 Wise,2
2023/12/08,[新聞] 電動車電池若來自中國 美政府將不補貼,56
2023/12/08,[閒聊] 2023/12/08 盤中閒聊,100
2023/12/08,[新聞] 通膨降溫 11月核心CPI漲幅創逾1年半新低,25
2023/12/08,Re: [新聞] 滬指再失守3000點 專家析中國股市痼疾,0
2023/12/08,[新聞] 維繫供應鏈新希望　超微MI300傳明年出貨,25
2023/12/08,[情報]典範 2023年11月合併營收8387.1萬元 年增2,5
2023/12/08,[標的]  8155博智,38
2023/12/08,[公告] 12/07 處置公告,0
2023/12/07,[情報] 公告元大期貨112年11月份營運概況,4
2023/12/07,[請益] 為什麼高股息ETF一直被攻擊？,99
2023/12/07,[新聞] AI伺服器、新平台需求回溫 博智樂看明年H,7
2023/12/07,[新聞] 滬指再失守3000點 專家析中國股市痼疾,41
2023/12/07,[新聞] 台積電亞歷桑那廠勞資達共識 優先雇美籍,50
2023/12/07,[請益] 公布月營收前買進績優股勝率高嗎?,21
2023/12/07,[新聞] 45億聯貸案踩雷 6公股銀 被迫當歐洲療養,33
2023/12/07,[情報] 112年12月07日信用交易統計,14
2023/12/07,[情報] 5519隆大11月MoM +140.91%、YoY +540.6%,76
2023/12/07,[情報] 1207 上市櫃外資投信同買排行,4
2023/12/07,[情報] 2363矽統11月營收 YoY+4.04% MoM -5.2%,12
2023/12/07,[情報] 1207 上市櫃外資投信買超金額排行,5
2023/12/07,[新聞] 投信大買金融 永豐金最吸金,12
2023/12/07,[新聞] 4金控開獎》永豐金賺爛、獲利跳7成「破20,18
2023/12/07,[情報] 2338光罩11月營收 YoY-10.2% MoM 2%,7
2023/12/07,Re: [請益] 下一波題材就是美債了吧？,38
2023/12/07,[情報] 6269台郡11月營收 MoM-21.78% YoY-24.27%,27
2023/12/07,[情報] 5210 寶碩 多次達注意標準,9
2023/12/07,[情報] 112/12/07 八大公股銀行買賣超排行,8
2023/12/07,[情報] 合機 112年11月營收7.75億、年增146.05%,28
2023/12/07,[新聞] 至上：記憶體原廠積極漲價Flsah再漲60～8,27
2023/12/07,[情報] 2465 麗臺 達注意標準 11月自結0.08,7
2023/12/07,[情報] 2323 中環 取得高鐵普通股,9
2023/12/07,[新聞] 聲援北歐工人 丹麥退休基金拋售特斯拉股,26
2023/12/07,[情報]  6005群益證 11月自結 0.19,8
2023/12/07,Re: [新聞] 囤房稅2.0基準稅率敲定 建商痛批：政府硬,15
2023/12/07,[情報] 2889 國票金 2023年11月自結,10
2023/12/07,[情報] 2890 永豐金 11月自結 0.15 累計 1.53,50
2023/12/07,[情報] 1616億泰 11月營收,11
2023/12/07,[情報] 1207 上市外資買賣超排行,53
2023/12/07,[新聞] 美債ETF波段強彈！郭哲榮砸5000萬買 帳上,83
2023/12/07,[情報] 2884 玉山金 11月自結 0.15 累計 1.32,32
2023/12/07,[情報] 2845 遠東銀 11月自結 0.07 累計 0.99,55
2023/12/07,[情報] 4915 致伸 11月營收,24
2023/12/07,[情報] 6732 昇佳電子 11月營收,11
2023/12/07,[新聞] 黃崇仁再出手1.3億買豪宅 手握市值15億,62
2023/12/07,[情報] 112年12月07日 三大法人買賣金額統計表,54
2023/12/07,[新聞] 永豐金：明年台股上看1萬8800點,66
2023/12/07,[情報] 6015 宏遠證 11月自結 0.2,4
2023/12/07,[情報] 6024 群益期 11月自結 稅前0.51,20
2023/12/07,[情報] 1207 上市投信買賣超排行,20
2023/12/07,Re: [標的] 2618 長榮航 多,6
2023/12/07,[情報] 8112 至上11月營收月增36.12%,11
2023/12/07,[情報] 2801 彰銀 11月自結 0.08 累計 1.12,15
2023/12/07,[情報] 2885 元大金 11月自結 0.1 累計 2.05,23
2023/12/07,[新聞] 愛爾達創新板上市 過關,23
2023/12/07,[閒聊] 2023/12/07 盤後閒聊,29
2023/12/07,[新聞] 屏東工廠大火10死…停工2個多月擬資遣254人　明揚回應了,10
2023/12/07,[情報] 6016 康和證 11月自結,13
2023/12/07,[情報] 金萬林 國喬 現金增資公開申購資訊,23
2023/12/07,[新聞] 囤房稅2.0基準稅率敲定 建商痛批：政府硬,69
2023/12/07,[新聞] 收益平準金占比沒有96%也有85%！00929,25
2023/12/07,[新聞] LG Display將對40歲以上工人實施自願退休,35
2023/12/07,Re: [標的] 1618 合機   多,57
2023/12/07,Re: [新聞] 高端法說會／腸病毒疫苗拿下國內9成,88
2023/12/07,[新聞] 大亞綠色產品 台灣供電穩定力量,5
2023/12/07,[新聞] 亞力：大單到手 放量攻高,30
2023/12/07,[新聞] 投信扛大旗 年底雙行情燒,7
2023/12/07,[新聞] 經濟學家認為Fed降息還早,56
2023/12/07,[新聞] 受惠新機需求 全球Q3十大晶圓代工產值季,3
2023/12/07,[新聞] 作帳行情急又猛！神盾集團4檔IC設計同,11
2023/12/07,[閒聊] 2023/12/07 盤中閒聊,100
2023/12/07,Re: [請益] 如何才能發掘到像華城這種股票呢？,28
2023/12/07,[請益] 如何才能發掘到像華城這種股票呢？,65
2023/12/07,Re: [新聞] 快訊／鋁合金大廠遭爆欠薪、拖欠下游貨款,10
2023/12/06,[新聞] 長天期美債ETF 反彈,57
2023/12/06,Re: [新聞] 快訊／鋁合金大廠遭爆欠薪、拖欠下游貨款,84
2023/12/06,[標的] 2618 長榮航 多,17
2023/12/06,[新聞] 美11月ADP新增就業10.3萬人 遠低預期,46
2023/12/06,Re: [標的] 5478智冠,15
2023/12/06,[標的] TLT + TMF 實單交易多,21
2023/12/06,[新聞] 德10月製造業訂單月減3.7％ 遠不如預期,3
2023/12/06,[新聞] 快訊／鋁合金大廠遭爆欠薪、拖欠下游貨款,56
2023/12/06,[新聞] Fed降息不會是利多 知名空頭分析師：美股,29
2023/12/06,[情報] 8054 安國 11月MOM+28.24%YOY+28.29%,13
2023/12/06,[新聞] 穆迪調降評級展望嚇壞中國股市 爆資金逃,6
2023/12/06,[情報] 112年12月06日信用交易統計,8
2023/12/06,[請益] 哪裡可以查詢同時期台股跟融資漲幅？,1
2023/12/06,[新聞] 空頭看美股 比20年前更悲觀,23
2023/12/06,[新聞] 7金8銀有資格發動敵意併購 國泰金永豐金,24
2023/12/06,[新聞] 永續產業動能穩健，信邦明年全年力拼成,0
2023/12/06,[情報] 1206 上市櫃外資投信同買排行,0
2023/12/06,[情報] 2358 廷鑫 澄清媒體報導,44
2023/12/06,[情報] 1206 上市櫃外資投信買超金額排行,3
2023/12/06,[新聞] BDI連七紅 裕民、中航、新興受惠,11
2023/12/06,[情報] 公告輸往宏都拉斯共和國之我國貨品，自11,6
2023/12/06,Re: [新聞] 野村調升台股評級 看好Fed結束升息將有利,0
2023/12/06,[新聞] 鋁合金大廠廷鑫爆財務危機！欠百萬貨款,17
2023/12/06,[新聞] 泰金-KY營收恢復正常水準 估明年全年有2成成長,7
2023/12/06,[情報] 2882 國泰金 2882A重設股息率為4.21%,12
2023/12/06,[情報] 2605 新興 達注意標準公布自結,10
2023/12/06,[新聞] 野村調升台股評級 看好Fed結束升息將有利,40
2023/12/06,[情報] 3715定穎投控 11月營收,14
2023/12/06,[情報] 1319 東陽 11月營收 月增8% 年增28％,15
2023/12/06,[情報] 112/12/06 八大公股銀行買賣超排行,13
2023/12/06,[請益] 當沖成交量怎麼會有奇數,24
2023/12/06,[情報] 3293 鈊象 11月營收 年增月增,61
2023/12/06,[情報] 6515穎崴112年11月營收月減年減,6
2023/12/06,[新聞] 瑞昱業績連2降 11月營收創9個月低,17
2023/12/06,[新聞] 鋁合金大廠驚傳財務危機？爆欠薪、百萬貨,31
2023/12/06,[情報] 6670 復盛應用 11月營收,21
2023/12/06,[新聞] 11月CPI回跌至2.9% 核心CPI降至逾1年半新,36
2023/12/06,[新聞] 威剛11月營收重回40億元大關 逾13年半新,16
2023/12/06,[新聞] 再陷「斷電風暴」引民怨　Gogoro：第一,96
2023/12/06,[新聞] 美國政府警告英偉達不要給中國市場設計規,53
2023/12/06,[情報] 1206 上市外資買賣超排行,32
2023/12/06,[情報] 6811 宏碁資訊 11月營收,8
2023/12/06,[情報] 1519 華城 達公布注意交易資訊標準,22
2023/12/06,[情報] 2303 聯電 11月營收 年減月減,42
2023/12/06,[情報] 3034 聯詠 112年11月營收 yoy:15% mom:-6.1%,17
2023/12/06,[新聞] 全球首座四代核電石島灣高溫氣冷堆商運,1
2023/12/06,[情報] 1524 耿鼎 112年11月營收,8
2023/12/06,[情報] 茂訊 112年11月營收3.50億、年增47.82%,24
2023/12/06,[新聞] 央行阻貶變阻升 11月外匯存底創新高,45
2023/12/06,[新聞] FT：蘋果尋求在印度生產iPhone 16電池,2
2023/12/06,[情報] 112年12月06日 三大法人買賣金額統計表,51
2023/12/06,[情報] 2474可成 11月份營收,18
2023/12/06,[請益] 持股健檢2026交屋,75
2023/12/06,[情報] 1206 上市投信買賣超排行,7
2023/12/06,[情報] 4105 東洋 11月營收,23
2023/12/06,[新聞] 十銓11月營收20.54 億元(YOY250%),18
2023/12/06,[閒聊] 2023/12/06 盤後閒聊,28
2023/12/06,[情報] 6593 台灣銘板 達注意標準公告自結,8
2023/12/06,[標的] 00937B 高溢價etf可以套利嗎？,10
2023/12/06,Re: [標的] 慧洋-KY 散裝航運聖嬰Q4多,0
2023/12/06,[情報] 1805 寶徠 現金增資公開申購資訊,5
2023/12/06,[請益] 國泰美債20年配息,63
2023/12/06,[新聞] 進擊高階 錸德光碟明年市佔拚逾5成,33
2023/12/06,[請益] 除息前還是除息後買進為佳？(00919),15
2023/12/06,[新聞] BLACKPINK「個人約全未定案」！　YG坦承,20
2023/12/06,Re: [請益] 金融股主升段的停利點,20
2023/12/06,[新聞] 股市變賭場？標普500指數「正4」槓桿ETN,99
2023/12/06,[請益] 金融股主升段的停利點,36
2023/12/06,[標的] 鴻華(2258) 和 比亞迪的關係？,27
2023/12/06,[情報] 6622 百聿數碼 11月營收,5
2023/12/06,[新聞] 集邦12月上旬TV產品報價緩跌 面板雙虎本,9
2023/12/06,Re: [新聞] 台版晶片禁令 22項技術入列,-10
2023/12/06,[新聞] 台版晶片禁令 22項技術入列,54
2023/12/06,[閒聊] 2023/12/06 盤中閒聊,99
2023/12/06,[新聞] Spotify再裁員17%，股價漲逾7%,29
2023/12/06,[新聞] 長榮海運徵才人數增15％ 船上工作環境大,52
2023/12/05,[新聞] 沙國恐大量增產 油價看跌,59
2023/12/05,[情報] 6526達發11月營收10.19億元 年增7.03%,10
2023/12/05,[新聞] 新青安發威 10月國銀不動產放款餘額創一,67
2023/12/05,[新聞] 「承興案」再掀風波 京東、諾亞隔空交鋒,4
2023/12/05,[新聞] 高盛：台廠五大 AI 股明年元月營收年增,19
2023/12/05,[新聞] OCI損失回沖！遠東銀「明年股利多很多」,17
2023/12/05,[情報] 2439美律11月營收40.68億、年增30.20%,8
2023/12/05,[情報] 6121新普11月營收83.52 億元 MoM 0.6%,7
2023/12/05,[新聞]寫史上新高！外資11月「認錯回補」淨匯入,32
2023/12/05,Re: [新聞] 要員工提前「返鄉過年」！中國鋁業明年4,0
2023/12/05,Re: [新聞] 高端法說會／腸病毒疫苗拿下國內9成市占,7
2023/12/05,[新聞] 要員工提前「返鄉過年」！中國鋁業明年4,28
2023/12/05,[情報] 6690安碁資訊11月合併營收1.78億元,5
2023/12/05,[情報] 112年12月05日信用交易統計,14
2023/12/05,[請益] 持股部位有賺 還會繼續追高嗎?,51
2023/12/05,[情報] 6112邁達特11月營收 月增7.6% 年增15.23%,10
2023/12/05,[情報] 1205 上市櫃外資投信同買排行,2
2023/12/05,Re: [心得] 股債配置月月配雙組合00929+00937B,0
2023/12/05,[情報] 1205 上市櫃外資投信買超金額排行,2
2023/12/05,[情報] 台表科 112年11月營收39.08億、年減36.32,14
2023/12/05,[情報] 2354鴻準11月營收,41
2023/12/05,Re: [新聞] 哥大教授發現恐怖交易，知情者做空以色列,-10
2023/12/05,[情報] 2352佳世達一一二年十一月份合併營收NT$1,15
2023/12/05,[標的] 2609陽明-140買的韭菜水手該怎樣處理?,42
2023/12/05,Re: [請益] 女同事的舅媽想存股？,15
2023/12/05,[新聞] 哥大教授發現恐怖交易，知情者做空以色列,38
2023/12/05,[新聞] 台積明年資本支出  傳縮水,62
2023/12/05,[新聞] 穆迪將中國債務展望下調至負面,26
2023/12/05,Re: [新聞] 日相和黃仁勳會面、要求盡可能供應GPU,0
2023/12/05,[情報] 112/12/05 八大公股銀行買賣超排行,8
2023/12/05,[情報] 6274台燿 112年11月營收,20
2023/12/05,[情報] 2313 華通 11月 MOM-4.28%YOY-1.42%,36
2023/12/05,[新聞] 日相和黃仁勳會面、要求盡可能供應GPU,34
2023/12/05,Re: [新聞] 遠東銀總座:明年股利現金與股票比2：1,37
2023/12/05,[新聞] 高端法說會／腸病毒疫苗拿下國內9成市占,95
2023/12/05,[請益] 中航最後一盤是怎回事 直接砍5%,48
2023/12/05,[新聞] 2024投資趨勢／半導體、AI看俏供應鏈布局,7
2023/12/05,Re: [新聞] 薩爾瓦多押注比特幣 危及財政,25
2023/12/05,[新聞] 大立光營收/11月67.9億元、月增7.3% 創,10
2023/12/05,[情報] 1205 上市外資買賣超排行,46
2023/12/05,[新聞] 中港澳入境機場採檢 流感最多 未檢出黴漿菌,9
2023/12/05,[新聞] 南紡售統一國際大樓持分，貢獻獲利31億,5
2023/12/05,[新聞] FT：台積電恐得重議在德投資 若沒補助就,99
2023/12/05,[新聞] 遠東銀總座:明年股利現金與股票比2：1,45
2023/12/05,[情報] 2317 鴻海 11月營收,44
2023/12/05,[情報] 4420 光明 達注意標準公布財報,6
2023/12/05,[情報] 6276安鈦克 10月份自結 0.09元,22
2023/12/05,[情報] 112年12月05日 三大法人買賣金額統計表,47
2023/12/05,[新聞] 散裝運價飆 多頭行情啟動,22
2023/12/05,[情報] 1205 上市投信買賣超排行,23
2023/12/05,[情報] 5864 致和證 11月 自結 0.88 累計 2.552,17
2023/12/05,[情報] 3443創意11月營收 yoy-22% mom-7%,42
2023/12/05,[閒聊] 2023/12/05 盤後閒聊,40
2023/12/05,[情報] 華星光 三商電 現金增資公開申購資訊,16
2023/12/05,[請益] ROD賣出價怎麼設定,24
2023/12/05,[標的] 1618 合機   多,40
2023/12/05,[新聞] 迎廣盤中急拉飆漲停 法人樂觀看待AI PC,23
2023/12/05,[新聞] 出國注意！泰國新冠病例週增五百例,27
2023/12/05,[心得] 股債配置月月配雙組合00929+00937B,40
2023/12/05,Re: [新聞] 美國黑五網購金額創新高 衝上98億美元,0
2023/12/05,[新聞] 別期待有「金髮女孩」！小摩堅持看空估,34
2023/12/05,Re: [新聞] 美國黑五網購金額創新高 衝上98億美元,1
2023/12/05,[新聞] 祖克柏兩年來首度出售Meta股票 進帳近1.8,25
2023/12/05,Re: [新聞] 陽明：供給過剩恐到後年,14
2023/12/05,[閒聊] 2023/12/05 盤中閒聊,99
2023/12/05,[新聞] 群益ESG投等債20+ ETF 12月5日上櫃掛牌,22
2023/12/05,[新聞] 外商在台灣碳交所賣碳權 財部公布營所稅,21
2023/12/05,[公告] 12/05 處置公告,13
2023/12/04,[新聞] 獨家／美升息後遺症來了？歐美商辦驚見爆,52
2023/12/04,[新聞] 中國經濟不振欠債人數創新高 854萬人被列,43
2023/12/04,[新聞] 陽明：供給過剩恐到後年,39
2023/12/04,Re: [標的] 4167 松瑞藥（多）,6
2023/12/04,[新聞] 韓散戶嫌投資科技個股賺太慢 正夯美國3X槓桿ETF,99
2023/12/04,[情報] 112年12月04日信用交易統計,13
2023/12/04,[情報] 1204 上市櫃外資投信同買排行,3
2023/12/04,[情報] 1204 上市櫃外資投信買超金額排行,3
2023/12/04,Re: [新聞] 台股超越港股一大助力 王美花：我們搶走,0
2023/12/04,[新聞] 台股超越港股一大助力 王美花：我們搶走,13
2023/12/04,[標的] 8046南電 主力護盤安心多,14
2023/12/04,Re: [請益] 股市可有必勝操作法？,8
2023/12/04,[新聞] 〈宏達電元宇宙布局〉攜高雄市府打造元城市 率先全台導入「,46
2023/12/04,[情報] 112/12/04 八大公股銀行買賣超排行,15
2023/12/04,[情報] 2838 聯邦銀 11月自結 0.07 累計 0.96,14
2023/12/04,[情報] 2323 中環　公告處分陽明股票,23
2023/12/04,Re: [情報] 康那香董事康曜投資將於12/4申報轉讓5000,14
2023/12/04,Re: [新聞] 【車燈龍頭爆家變】得罪日本大股東 大億,29
2023/12/04,[標的] 00929.TW 復華台灣科技優息 保羅買進多,24
2023/12/04,Re: [標的] 台指大盤 機器學習該不該多,14
2023/12/04,[新聞] 材料營收／11月12.44億元、年月雙增,18
2023/12/04,[情報] 3715定穎投控10月每股盈餘0.43元,19
2023/12/04,[新聞] 【車燈龍頭爆家變】得罪日本大股東 大億,81
2023/12/04,[情報] 1204 上市外資買賣超排行,39
2023/12/04,[情報] 2809 京城銀 11月自結 0.71 累計 5.01,41
2023/12/04,[情報] 6117 迎廣 達注意標準 10月自結0.40,12
2023/12/04,Re: [標的] 遠東新 1402 多,81
2023/12/04,[情報] 2329 華泰 達注意標準公布自結,28
2023/12/04,[情報] 112年12月04日 三大法人買賣金額統計表,100
2023/12/04,[請益] 奈米戶的皮米借券戰略,6
2023/12/04,[情報] 1204 上市投信買賣超排行,25
2023/12/04,[新聞] 小股東登報質疑頎邦不改選董事 籲主管機,17
2023/12/04,Re: [請益] 新手的看法,6
2023/12/04,Re: [請益] 00878庫存貸款投資有沒有搞頭,12
2023/12/04,[新聞] 南寶看好明年本業營運續成長,6
2023/12/04,[閒聊] 2023/12/04 盤後閒聊,34
2023/12/04,[情報] 5478 智冠 多次達注意標準 10月自結0.44,22
2023/12/04,[新聞] 散裝船運價飆漲　裕民、新興等8檔衝漲停,39
2023/12/04,[情報] 2314 台揚 現金增資公開申購資訊,4
2023/12/04,[請益] 00878庫存貸款投資有沒有搞頭,45
2023/12/04,[請益] 請問有什麼軟體可以看海外期貨的1分K,18
2023/12/04,[新聞] 恆大清盤聆訊法院批准延至明年1/29，此前,2
2023/12/04,[新聞] 《半導體》華泰 外資投信敲進,10
2023/12/04,Re: [請益] 定期定額存股大漲會選擇變現嗎,7
2023/12/04,[新聞] 臺灣中型100指數納入達發等4家 12月15日,16
2023/12/04,[新聞] 大摩下修台積電目標價至 688 元,99
2023/12/04,[新聞] 太陽能廠再亮「紅色警戒」 元晶、茂迪、,20
2023/12/04,[請益] 00919可以一直續配0.54的原因？,18
2023/12/04,[標的] 1701 中化 黴漿菌多,10
2023/12/04,[心得] 三竹股市也被詐騙拿來當作幌子,30
2023/12/04,[請益] 定期定額存股大漲會選擇變現嗎,36
2023/12/04,[新聞] 陸面板廠大減產 有助推升報價至獲利水準,21
2023/12/04,[閒聊] 2023/12/04 盤中閒聊,96
2023/12/03,[新聞] 高股息ETF漲勢猛 這檔新星「有底氣、有買,15
2023/12/03,[情報] 康那香董事康曜投資將於12/4申報轉讓5000,74
2023/12/03,[新聞] 綠能臉綠？CNN：清潔能源失寵 股價崩跌,42
2023/12/03,[請益] 想知道大家的高股息etf比例怎麼分配,37
2023/12/03,[情報] 6547高端：向馬來西亞提交腸病毒71型疫苗,53
2023/12/03,[標的] 2330 台積電,54
2023/12/03,[標的] 1432.TW 大魯閣 王桑吉言多,11
2023/12/03,[新聞] 美方1月擬來台說明「對陸晶片管制」,52
2023/12/03,[請益] 新手的看法,29
2023/12/03,[新聞] 雷蒙多點名輝達：別為賺錢幫中國做晶片,44
2023/12/03,Re: [新聞] 美日20多國簽宣言 要求全球核電產能增3倍,14
2023/12/03,[新聞] 還世界 500 強咧！鄭州正威拖欠工資 老,38
2023/12/03,[標的] 2439.TW 美律 轉機多,29
2023/12/03,[新聞] 五大投顧：台股明年衝萬九,99
2023/12/03,[新聞] 又封城？中國呼吸道病例飆升 義烏要民眾囤,64
2023/12/03,[新聞] 高股息ETF除息秀壓軸登場 8檔奉上耶誕大,12
2023/12/03,[標的] 4167 松瑞藥（多）,10
2023/12/03,[新聞] 獨家／看盤軟體App下單踩紅線！金管會要求明年2月底前停止服,23
2023/12/03,[新聞] 緯創 擴產因應需求,38
2023/12/03,[情報] 8046南電11月營收 mom-15.7% yoy-49%,38
2023/12/03,[標的] 8996高力。雜碎多,7
2023/12/03,[標的] 4736.TW 泰博（多）,61
2023/12/03,[新聞] 台中銀線型偏多 法人力挺,34
2023/12/03,Re: [請益] 炒股財富自由的人後來都去幹嘛了?,99
2023/12/03,Re: [請益] 本國籍+全職 中位數才55萬 如何存005,93
2023/12/03,[新聞] 3屁孩玩殺蟲劑釀火！家樂福桃園中原店今,99
2023/12/03,[新聞] 保瑞12/19轉上市，明年營收續揚也拚整併,13
2023/12/03,Re: [請益] 緯創停損及做空,41
2023/12/03,Re: [請益] 本國籍+全職 中位數才55萬 如何存0050,50
2023/12/03,Re: [新聞] 美日20多國簽宣言 要求全球核電產能增3倍,99
2023/12/03,[新聞] COP28協議 綠能要增至三倍,23
2023/12/03,Re: [請益] 炒股財富自由的人後來都去幹嘛了?,12
2023/12/02,Re: [新聞] 美日20多國簽宣言 要求全球核電產能增3倍,-10
2023/12/02,[新聞] 美日20多國簽宣言 要求全球核電產能增3倍,99
2023/12/02,Re: [請益] 如何取得個股研究報告,7
2023/12/02,Re: [請益] 本國籍+全職 中位數才55萬 如何存0050,0
2023/12/02,[標的] 3715定穎投控超級多,38
2023/12/02,Re: [請益] 本國籍+全職 中位數才55萬 如何存0050,3
2023/12/02,[請益] 炒股財富自由的人後來都去幹嘛了?,50
2023/12/02,[請益] 減資後恢復買賣第一天開盤參考價的計算?,0
2023/12/02,[新聞] 威剛台北總部開幕啟用，為亞洲最大黑膠,14
2023/12/02,[標的] 4968立積精品多,6
2023/12/02,[新聞] 北京承認新冠疫情爆發 上海機場開始測核,99
2023/12/02,Re: [請益] 本國籍+全職 中位數才55萬 如何存0050,17
2023/12/02,Re: [請益] 本國籍+全職 中位數才55萬 如何存0050,5
2023/12/02,Re: [請益] 本國籍+全職 中位數才55萬 如何存0050,25
2023/12/02,Re: [請益] 本國籍+全職 中位數才55萬 如何存005,9
2023/12/02,Re: [請益] 本國籍+全職 中位數才55萬 如何存0050,0
2023/12/02,Re: [請益] 緯創停損及做空,62
2023/12/02,[新聞] Amkor 亞利桑那投20億美元擴產封測 台積,7
2023/12/02,[新聞] ETF換股名單揭曉 0050成分股沒變 0056五,3
2023/12/02,[公告] 12/02 處置公告,82
2023/12/02,Re: [請益] 本國籍+全職 中位數才55萬 如何存0050,62
2023/12/02,Re: [請益] 本國籍+全職 中位數才55萬 如何存0050,76
2023/12/02,[請益] 如何取得個股研究報告,42
2023/12/02,[新聞] 11月PMI連9月緊縮 製造業等復甦,10
2023/12/02,[新聞] 美國經濟不妙？金融海嘯爆發前警訊閃現,66
2023/12/02,Re: [請益] 緯創停損及做空,41
2023/12/02,[新聞] 一週熱門零股 台泥、鴻海利多 擠進十強,6
2023/12/02,Re: [標的] 8409商之器-以少勝（多）,12
2023/12/02,[心得] 12/04~12/08 美股財報&經濟數據行事曆,16
2023/12/02,[新聞] 葉倫稱Fed不需緊縮 經濟有望軟著陸,54
2023/12/02,[標的] 8409商之器-以少勝（多）,100
2023/12/02,[標的] 2031新光鋼,9
2023/12/02,[標的] 大盤 海龜交易法則 多,20
2023/12/02,[標的]1904 正隆多,10
2023/12/02,[標的] 1762中化生,0
2023/12/02,Re: [標的] 遠東新 1402 多,87
2023/12/02,[新聞] Fed主席鮑爾潑冷水：重申央行謹慎行事 談,84
2023/12/02,[請益] 日幣如何看？,14
2023/12/02,[新聞] 公告：皇昌取得「環狀線北環段Y23站(不,19
2023/12/02,[標的]  全家 全家餐飲興櫃,4
2023/12/01,[標的] 2606裕民BCI爆噴多,20
2023/12/01,[新聞] 客戶加速導入 定穎明年高階車用HDI占比可,9
2023/12/01,Re: [請益] 臨近退休的長輩1200萬該如何規劃,12
2023/12/01,Re: [新聞] 港股重挫引爆ELS大虧損 韓5大銀行售出逾2,6
2023/12/01,[新聞] 中資投行中金公司 禁分析師發表負面評論,16
2023/12/01,[請益] 臨近退休的長輩1200萬該如何規劃,99
2023/12/01,[情報] 1201 上市櫃外資投信同買排行,6
2023/12/01,[情報] 112年12月01日信用交易統計,14
2023/12/01,[情報] 1201 上市櫃外資投信買超金額排行,1
2023/12/01,Re: [標的] 1442 名軒 煎熬多,9
2023/12/01,[新聞] 潤泰新法說會／揮別「淨值危機」明年是否,50
2023/12/01,[標的] 康和證 台股11月噴出多,19
2023/12/01,[請益] 已實現及未實現資本利得 疑問？,3
2023/12/01,Re: [心得] 美國可能要面臨大衰退,10
2023/12/01,[情報] 輝達（NVDA.US）董事售出1.1萬股普通股股,64
2023/12/01,[新聞] SCFI收復千點 歐洲、美東線帶頭漲,5
2023/12/01,[標的] 6146耕興 慢慢多,23
2023/12/01,[情報] 3138 耀登 現金增資(補充:發行價120元),8
2023/12/01,[情報] 112/12/01 八大公股銀行買賣超排行,11
2023/12/01,Re: [心得] 美國可能要面臨大衰退,25
2023/12/01,[情報] SCFI 20231201 1010.81+17.6(+1.77%）,-10
2023/12/01,Re: [請益] 本國籍+全職 中位數才55萬 如何存0050,0
2023/12/01,[新聞] 統一告YouTuber重製影片「超商浩克」損害,70
2023/12/01,[情報] 0050/0056等相關指數的成分股審核結果,60
2023/12/01,[新聞] 連3個月虧損 勞動基金8至10月獲利回吐逾2,37
2023/12/01,[心得] 詐騙集團又再度出手,43
2023/12/01,[情報] 1201 上市外資買賣超排行,71
2023/12/01,[心得] 美國不太可能大幅衰退,0
2023/12/01,Re: [心得] 美國可能要面臨大衰退,49
2023/12/01,[情報] 8054 安國 達注意標準 10月自結-0.11,46
2023/12/01,[新聞] 高股息ETF黑馬配息出爐！00713配0.84元,49
2023/12/01,[情報] 112年12月01日 三大法人買賣金額統計表,43
2023/12/01,[情報] 2886 兆豐金 現金增資(補充:發行價33元),48
2023/12/01,[新聞] 11月底台股新增開戶2.1萬人 總開戶數1248,29
2023/12/01,[情報] 1201 上市投信買賣超排行,33
2023/12/01,[情報] 5508 永信建 112年11月營收,14
2023/12/01,[新聞] 拋金潮湧現？預期聯準會降息黃金飆天價,12
2023/12/01,[閒聊] 2023/12/01 盤後閒聊,28
2023/12/01,[新聞] 11月全球股市漲9％ 中股卻跌逾2％,42
2023/12/01,[新聞] 避免台美雙重課稅 美國會審查再邁一步,25
2023/12/01,[情報] 2949 欣新網 現金增資公開申購資訊,4
2023/12/01,Re: [新聞] 長榮航空傳發5、6個月年終 工會怒：,6
2023/12/01,Re: [心得] 美國可能要面臨大衰退,7
2023/12/01,[新聞] 陸呼吸道病毒爆發！4機場啟動自願採檢,10
2023/12/01,[請益] MSCI調整的線圖有參考價值嗎,13
2023/12/01,[新聞] 新光金法說釋「長線」佳音,23
2023/12/01,Re: [心得] 美國可能要面臨大衰退,3
2023/12/01,[標的] 6933 AMAX-KY 超級黑馬多,29
2023/12/01,[標的] 1519華城   猛多,58
2023/12/01,Re: [心得] 美國可能要面臨大衰退,-10
2023/12/01,[新聞] 不妙！勞動基金10月又回吐752.9億元 10,89
2023/12/01,[標的] 00919 新一季配出0.55,20
2023/12/01,Re: [心得] 美國可能要面臨大衰退,47
2023/12/01,[標的] 華邦電 谷底翻身多,19
2023/12/01,Re: [請益] 本國籍+全職 中位數才55萬 如何存0050,13
2023/12/01,[請益] 本國籍+全職 中位數才55萬 如何存0050,45
2023/12/01,[新聞] 中國恆大集團債台高築 子公司告母公司討,13
2023/12/01,Re: [標的] 2303 聯電 多 不信填息缺口喚不回,0
2023/12/01,Re: [新聞] 長榮航空傳發5、6個月年終 工會怒：至少,40
2023/12/01,[新聞] 黴漿菌疫情狂燒 藥師公會理事長爆：陸配,46
2023/12/01,[新聞] 資金狂潮來襲 六大投顧：台股歲末行情啟,11
2023/12/01,[新聞] 艾克曼：最快明年Q1降息若不快點恐硬著陸,46
2023/12/01,[閒聊] 2023/12/01 盤中閒聊,99
2023/12/01,Re: [心得] 美國可能要面臨大衰退,8
2023/12/01,[公告] 11/30 處置公告,15
2023/12/01,Re: [請益] 台灣股市怎麼沒受中國景氣影響,-10
2023/12/01,[新聞] 第一金股利配發率拚7成 看明年房市不差,6
2023/12/01,[新聞] 高股息雙雄 上月漲贏大盤,10
2023/11/30,[新聞] 美10月核心PCE年增創兩年半低 台指期夜盤,7
2023/11/30,[標的] 5525 順天 波段多,22
2023/11/30,Re: [新聞] 新麥今年獲利估創新高，中國子公司拚明年掛牌,14
2023/11/30,[新聞] 11月中國製造業PMI49.4 遜於預期,13
2023/11/30,[新聞] 虧大了！炒股慘賠307萬元 還被判刑1年,46
2023/11/30,[請益] 緯創停損及做空,90
2023/11/30,Re: [新聞] 長榮航空傳發5、6個月年終 工會怒：至少,4
2023/11/30,[情報] 112年11月30日信用交易統計,20
2023/11/30,[標的] 2303 聯電 多 不信填息缺口喚不回,16
2023/11/30,[新聞] 可成可望維持穩定配息，有望受惠筆電回春,0
2023/11/30,[情報] 1130 上市櫃外資投信同買排行,3
2023/11/30,[情報] 1130 上市櫃外資投信買超金額排行,2
2023/11/30,[標的] 2364倫飛 法說.選舉逆轉勝多,0
2023/11/30,"[新聞] 英國諾丁漢市本財年超支2,300萬英鎊 宣布破產",18
2023/11/30,[新聞] 高盛：看好五檔 ODM 股,15
2023/11/30,[新聞] 三能-KY明年營收估雙位數成長、獲利拚新高,1
2023/11/30,[新聞] 新麥今年獲利估創新高，中國子公司拚明年掛牌,10
2023/11/30,[情報] 112/11/30 八大公股銀行買賣超排行,9
2023/11/30,[新聞] 四大市場同步發力，德麥今年營運續拚新高,2
2023/11/30,[新聞] 尾盤爆千億大量 台股11月大漲1432點寫三,30
2023/11/30,[情報] Google和 加拿大政府 達成一億元和解方案,11
2023/11/30,[新聞] 00919配息出爐！配發0.55元 略優於市場預,50
2023/11/30,[情報] 6531 愛普* 達注意公告自結,13
2023/11/30,Re: [請益] 不同市場加權指數比較的意義?,7
2023/11/30,[新聞] 長榮航空傳發5、6個月年終 工會怒：至少,99
2023/11/30,[情報] 6139 亞翔 現金增資與發行可轉債,34
2023/11/30,[新聞] 習近平赴上海考察期交所 新華社：關鍵時間,44
2023/11/30,[情報] 1130 上市外資買賣超排行,33
2023/11/30,[情報] 9919 康那香 達注意標準 10月自結-0.17,50
2023/11/30,[請益] 如果FED真的降息，市場會怎麼走？,98
2023/11/30,[情報] 112年11月30日 三大法人買賣金額統計表,76
2023/11/30,[情報] 1130 上市投信買賣超排行,33
2023/11/30,Re: [請益] 都拉尾盤，零股怎麼撿便宜?,0
2023/11/30,[新聞] 黃仁勳：美中晶片供應鏈至少再10年才能,19
2023/11/30,Re: [標的] 3228金麗科,15
2023/11/30,Re: [新聞] 台股重返五日線 專家曝12月上漲機率,8
2023/11/30,[閒聊] 2023/11/30 盤後閒聊,22
2023/11/30,[情報] 艾姆勒 亞通 現金增資公開申購資訊,5
2023/11/30,[新聞] 大爆發！台股ETF募集檔數創紀錄,22
2023/11/30,[新聞] 美國移回生產 蔡總統：半導體生態系無法-,6
2023/11/30,[請益] 看不懂華泰到底是在吃貨還是出貨,39
2023/11/30,[新聞] Google示警：中國正加大對台網攻力道,13
2023/11/30,[新聞] OECD：先進國明年軟著陸,13
2023/11/30,[新聞] 賣在高點賺百億 國安基金估全數獲利了結,99
2023/11/30,[新聞] 廣達不再獨大 富士康搶下MacBook Pro訂單,27
2023/11/30,[新聞] 揮別疫情陰霾 國旅住宿房價持續攀升,36
2023/11/30,[新聞] 高息ETF猶如「新法人」 打造台股新秩序,33
2023/11/30,[新聞] 吳東亮：台股超越港股為正面指標 市場對,12
2023/11/30,[情報] TMF 1:10反拆股@12/4,16
2023/11/30,Re: [標的] 3035智原，賭命搶紅包多,78
2023/11/30,[新聞] MSCI半年度調整30日盤後生效 宜提防爆量,21
2023/11/30,[閒聊] 2023/11/30 盤中閒聊,100
2023/11/30,[新聞] Fed官員釋出降息訊號 美債市大受鼓舞,31
2023/11/30,[公告] 11/30 處置名單：mayingnine,3
2023/11/30,Re: [請益] 開槓桿然後全力做多請問是適合的策略嗎,85
2023/11/29,[情報] 6919.TW 康霈 重訊,5
2023/11/29,[標的] SOXS 冒險多,9
2023/11/29,Re: [標的] 5478智冠,22
2023/11/29,[標的] 2231.TW 為升 中長多,10
2023/11/29,"[新聞] 港股跌破17,000點 台股正式超車港股",47
2023/11/29,Re: [新聞] 全球房價猛跌！專家：台灣無風無雨很奇妙,57
2023/11/29,[標的] 3227原相為CIS漲價最大受惠股,21
2023/11/29,Re: [標的] 2516.TW 新建 長線多,10
2023/11/29,[心得] 你知道恆生指反映的是中國而非香港經濟嗎,56
2023/11/29,[新聞] MSCI半年度調整30日盤後生效 宜提防爆量,22
2023/11/29,[新聞] 造紙業調價題材Q4發酵,12
2023/11/29,[情報] 112年11月29日信用交易統計,21
2023/11/29,[情報] 2024年台股 休盤行事曆,9
2023/11/29,[新聞] 不敵房市寒冬 歐洲不動產巨人Signa聲請破,56
2023/11/29,[請益] 持ETF健檢,53
2023/11/29,[新聞] 全球房價猛跌！專家：台灣無風無雨很奇妙,99
2023/11/29,[新聞] 駁謠言已出清00882！ 陳重銘秀股利單：評,6
2023/11/29,[新聞] 台企銀明年股利可期 以股票為主搭現金股,40
2023/11/29,Re: [新聞] 台股指數超越港股 王美花：自由民主制度,10
2023/11/29,[情報] 1129 上市櫃外資投信同買排行,3
2023/11/29,[新聞] AI伺服器需求勁揚伺服器機殼廠迎廣、勤誠,29
2023/11/29,[情報] 1129 上市櫃外資投信買超金額排行,2
2023/11/29,Re: [新聞] 台股指數超越港股 王美花：自由民主制度,17
2023/11/29,[請益] 開槓桿然後全力做多請問是適合的策略嗎,45
2023/11/29,[請益]問下哪個網站有整理當天當沖賺賠率的排行?,6
2023/11/29,[情報] 112/11/29 八大公股銀行買賣超排行,10
2023/11/29,"[情報] 威盛代重要子公司VIATECH CO., LTD.董事會公告決議發放股利",5
2023/11/29,[情報] 2363 矽統 達注意標準公布自結,39
2023/11/29,[新聞] 更勝台股！台灣樓一早領先港樓,47
2023/11/29,[請益] 公司的美元匯率估值哪裡找？,1
2023/11/29,[標的] 6441.TW廣錠,13
2023/11/29,Re: [新聞] 蔡執政8年 台股市值、指數雙翻倍,54
2023/11/29,[新聞] 蔡英文時代台股8000→18619謝金河：台灣,48
2023/11/29,[情報] 1129 上市外資買賣超排行,34
2023/11/29,[新聞] 情節超級詭異 上海商銀1.4萬名客戶資料,26
2023/11/29,[請益] 大選前後ETF投資策略,22
2023/11/29,[新聞] 港股重挫引爆ELS大虧損 韓5大銀行售出逾2,96
2023/11/29,[情報] 112年11月29日 三大法人買賣金額統計表,75
2023/11/29,[情報] 1129 上市投信買賣超排行,23
2023/11/29,[新聞] 熱門股－康那香 價量揚站上短均,14
2023/11/29,[情報] 1325 恆大 達注意標準公布自結,8
2023/11/29,Re: [請益] 台股資金哪裡來的?,30
2023/11/29,[閒聊] 2023/11/29 盤後閒聊,39
2023/11/29,Re: [新聞] 蔡執政8年 台股市值、指數雙翻倍,99
2023/11/29,[新聞] 台股今天超車港股？證交所霸氣回：遲早的,60
2023/11/29,Re: [請益] 台灣股市怎麼沒受中國景氣影響,8
2023/11/29,[請益] 台灣股市怎麼沒受中國景氣影響,77
2023/11/29,[標的]  9103.TW 美德醫 疫情概念股,42
2023/11/29,[請益] 除息前出清00919？,33
2023/11/29,[請益] 台股資金哪裡來的?,85
2023/11/29,[新聞]《外資》台灣央行12月升息半碼？,80
2023/11/29,[新聞] 蔡執政8年 台股市值、指數雙翻倍,99
2023/11/29,[標的] 3035.TW 智原 多,26
2023/11/29,[標的] 禾伸堂 多,18
2023/11/29,[新聞] 低賣高買子公司股票　錸德董座葉垂景遭,14
2023/11/29,[閒聊] 2023/11/29 盤中閒聊,99
2023/11/29,[新聞] 巴菲特傳奇合夥人查理蒙格過世、享耆壽9,97
2023/11/29,[請益] 有價有量但股價波動不大是好股的特質嗎?,18
2023/11/29,[請益] 美債收益率跟美元是不是回不去了,35
2023/11/28,[新聞] 中植集團承認資不抵債 金管會清查台灣金,10
2023/11/28,[請益] 大家會用chat gpt 找股票嗎？,7
2023/11/28,[請益] 敦泰為何這一個月這麼飆？？,99
2023/11/28,[情報] 112年11月28日信用交易統計,27
2023/11/28,[新聞] 羅比尼：市場大屠殺可能繼續 投資人未來,43
2023/11/28,[新聞] 德國政府對台積電投資案補貼將跳票？經長,55
2023/11/28,[新聞] 獨》華爾街女神奪產凶殺 家屬：小姑男友被打 2個月後驚嚇過,17
2023/11/28,[情報] 1128上市櫃外資投信買超金額及同買排行,3
2023/11/28,[新聞] 台股睽違30年超越港股 金管會:基本面有撐,36
2023/11/28,[新聞] 法人搶買 金融股行情有戲,18
2023/11/28,[新聞] 兆利10月單月每股賺1元 股價衝漲停創新高,32
2023/11/28,Re: [情報] 台股超越港股:20231128 黃金交叉,5
2023/11/28,[新聞] 台股超越港股 投資專家：巴菲特怕錯地方,15
2023/11/28,[新聞] 智原拿下5個先進封裝訂單 搶攻 AI 龐大,19
2023/11/28,"Re: [情報] 中鋼買回庫藏股13,399張，總金額3.47億",15
2023/11/28,[新聞] 晶心科結盟TetraMem,10
2023/11/28,[情報] 112/11/28 八大公股銀行買賣超排行,8
2023/11/28,"[情報] 中鋼買回庫藏股13,399張，總金額3.47億",25
2023/11/28,[新聞] 14年新低！主計總處下修今年GDP至1.42％,94
2023/11/28,[新聞] 快訊／上海銀行洩客戶個資　挨罰1000萬,10
2023/11/28,[新聞] 「世界工廠2.0」優勢不再？外媒曝越南重,55
2023/11/28,[新聞] 開發金87萬股東注意 明年有機會發股息,51
2023/11/28,[情報] 1128 上市外資買賣超排行,53
2023/11/28,[標的] 4919 新唐 中多,43
2023/11/28,Re: [情報] 台股超越港股:20231128 黃金交叉,100
2023/11/28,[新聞] 港股被台股超車！5年前才創3萬3高點　如,76
2023/11/28,[情報] 112年11月28日 三大法人買賣金額統計表,74
2023/11/28,[情報] 1128 上市投信買賣超排行,32
2023/11/28,[新聞] 明基佳世達集團尾牙超威！ 南韓大勢女團,72
2023/11/28,[新聞] 台股暴漲200點！港股反重挫「相差不到百,33
2023/11/28,[情報] 台股超越港股:20231128 黃金交叉,99
2023/11/28,[閒聊] 2023/11/28 盤後閒聊,27
2023/11/28,[新聞] 夏普股價暴跌 和華為簽交互授權契約、共享5G專利,21
2023/11/28,[情報] 天虹 寶陞 現金增資公開申購資訊,20
2023/11/28,Re: [請益] 運動器材( 喬山 力山 岱宇),7
2023/11/28,[新聞] 還沒上車台股ETF?台股正報酬機率最高11月,38
2023/11/28,[標的] 2014中鴻 短中多,11
2023/11/28,[新聞] 台泥擴大投資土耳其、葡萄牙 佈局全球最,54
2023/11/28,[閒聊] 2023/11/28 盤中閒聊,92
2023/11/27,Re: [標的] 2330 台積電 準備五線翻揚大多特多,51
2023/11/27,Re: [標的] 美債TMF試水溫多,9
2023/11/27,[新聞] 阿里達摩院傳裁量子團隊 員工已在找新工,46
2023/11/27,[標的] 7516清淨海 防疫+臭蟲 多,16
2023/11/27,[新聞] 永豐實Q4營收拚高，今明2年獲利動能強,7
2023/11/27,[新聞] 中國發布防控措施 台股防疫生技概念股強,26
2023/11/27,[情報] 2409 友達 說明媒體報導,15
2023/11/27,[情報] 112年11月27日信用交易統計,9
2023/11/27,[情報] 1127上市櫃外資投信買超金額及同買排行,12
2023/11/27,[新聞] 涉內線交易賺300多萬！大魯閣總經理認罪,57
2023/11/27,[標的] 面板產業在台灣是不是很難達成穩定獲利,11
2023/11/27,[新聞] 特斯拉、PLTR助攻 Roundhill迷因股ETF走,1
2023/11/27,[新聞] 北京證券交易所傳要求上市企業大股東不,60
2023/11/27,[情報] 112/11/27 八大公股銀行買賣超排行,9
2023/11/27,[新聞] 光明出售桃園觀音不動產 處分利益估逾17億元,22
2023/11/27,[新聞] LCD價格操縱案 友達、彩晶遭南韓判決賠償近8億元給LG,40
2023/11/27,[新聞]10月景氣燈號退回低迷藍燈 國發會：11月將轉好,67
2023/11/27,[新聞] 10月份景氣燈號,14
2023/11/27,[情報] 10月份景氣燈號 藍燈,99
2023/11/27,[新聞] 彰銀：明年股利一定比今年好,24
2023/11/27,[情報] 1127 上市外資買賣超排行,41
2023/11/27,[新聞] 複製去年Q4 法人看好台股衝萬八,29
2023/11/27,[新聞] 房市回穩 全年全台買賣移轉棟數保30萬棟,33
2023/11/27,[情報] 112年11月27日 三大法人買賣金額統計表,56
2023/11/27,[情報] 1127 上市投信買賣超排行,36
2023/11/27,[閒聊] 2023/11/27 盤後閒聊,54
2023/11/27,[情報] 2867 三商壽 現金增資公開申購資訊,49
2023/11/27,[新聞] 美國信用卡拖欠率升 取得信貸難度提高,23
2023/11/27,Re: [請益] 150萬的資金如何投資,4
2023/11/27,[新聞] 快訊／券商APP鬧機瘟？　統一證、凱基證,27
2023/11/27,Re: [請益] 股版近期是不是混入了很多壞人故意誤導?,0
2023/11/27,[新聞] 美國黑五網購金額創新高 衝上98億美元,38
2023/11/27,[新聞] 台積電成熟製程傳降價 明年價格折讓約2%,66
2023/11/27,[新聞] 快訊／凱基證券app帳務異常處理中 股民嚇,23
2023/11/27,[請益] 券商app疏失導致交易損失，要怎麼,51
2023/11/27,[標的] 新光金買宏達電慘賠是台灣最大投資失利嗎,50
2023/11/27,[新聞] 全球船舶明年1月起 將面臨千億元碳排放帳,33
2023/11/27,Re: [標的] 7516.TW 清淨海 冒險多,1
2023/11/27,[標的] 9933 中鼎長線多,30
2023/11/27,[新聞] 強打多品牌 中華車導入MAXUS,14
2023/11/27,[閒聊] 2023/11/27 盤中閒聊,100
2023/11/27,Re: [請益] 150萬的資金如何投資,47
2023/11/27,[標的] 3035智原，賭命搶紅包多,57
2023/11/26,[新聞] 政策題材力拱 營造族群提前領紅包,29
2023/11/26,[新聞] 正崴Q3淨賺逾9億年增30.35％　能源事業,9
2023/11/26,[請益] 大盤連三天緩跌會是開始要做頭嗎?,96
2023/11/26,[新聞] 「黑五」買氣不如以往 民眾頂寒風排隊卻,15
2023/11/26,Re: [請益] 150萬的資金如何投資,2
2023/11/26,[標的] UPro/TMF 50:50 Risk parity每半年再平衡,10
2023/11/26,Re: [請益] 股版近期是不是混入了很多壞人故意誤導?,99
2023/11/26,Re: [請益] 股版近期是不是混入了很多壞人故意誤導?,8
2023/11/26,[新聞] 上市櫃Q3季報「已是出乎意料的好」！謝金,5
2023/11/26,Re: [請益] 股版近期是不是混入了很多壞人故意誤導?,12
2023/11/26,[請益] 重壓mram概念股,14
2023/11/26,[新聞] 台股上萬八？國泰投信總座張雍川樂觀喊話,52
2023/11/26,Re: [請益] 股版近期是不是混入了很多壞人故意誤導?,20
2023/11/26,[新聞] 竹科硬碟片大廠關閉 48家廠商將裁員496人,51
2023/11/26,Re: [請益] 150萬的資金如何投資,4
2023/11/26,Re: [請益] 150萬的資金如何投資,3
2023/11/26,Re: [請益] 150萬的資金如何投資,4
2023/11/26,[請益] 股版近期是不是混入了很多壞人故意誤導?,99
2023/11/26,[心得] 肉身實測加密貨幣USDT低成本入金美國券商,9
2023/11/26,Re: [請益] 能接受信貸投資法嗎？,4
2023/11/26,Re: [請益] 150萬的資金如何投資,58
2023/11/26,[請益] 債券ETF的收益問題,3
2023/11/26,[公告] 11/26 處置公告,1
2023/11/26,[新聞] 國泰永續高股息 吸睛,2
2023/11/26,Re: [請益] 沒什麼資金是不是不用資產配置,0
2023/11/26,Re: [請益] 能接受信貸投資法嗎？,10
2023/11/26,Re: [請益] 150萬的資金如何投資,7
2023/11/26,[新聞] 助陣零股交易 證期局：11月27日起 盤中零,71
2023/11/26,[標的] 2313華通(波段)財報很爛多,58
2023/11/26,Re: [請益] 能接受信貸投資法嗎？,15
2023/11/26,Re: [請益] 能接受信貸投資法嗎？,9
2023/11/26,[請益] 沒什麼資金是不是不用資產配置,60
2023/11/25,Re: [請益] 150萬的資金如何投資,12
2023/11/25,[情報] 大眾控:澄清媒體報導,3
2023/11/25,[新聞] 12月除息的台股 ETF 漲幅前五強出列,12
2023/11/25,[請益] 150萬的資金如何投資,96
2023/11/25,Re: [請益] 能接受信貸投資法嗎？,17
2023/11/25,Re: [請益] 能接受信貸投資法嗎？,8
2023/11/25,[請益] 老人家 200-300萬,99
2023/11/25,Re: [請益] 能接受信貸投資法嗎？,2
2023/11/25,Re: [請益] 能接受信貸投資法嗎？,6
2023/11/25,Re: [請益] 如有150萬怎五六年滾到3000萬,3
2023/11/25,Re: [請益] 能接受信貸投資法嗎？,6
2023/11/25,[新聞] 郭台銘退選 路透：富士康鬆了一口氣,32
2023/11/25,Re: [請益] 能接受信貸投資法嗎？,11
2023/11/25,[新聞] 13家內外資法人 台積電目標價喊700元以上,66
2023/11/25,Re: [新聞] 諾和諾德熱門減肥藥亞洲首賣 Wegovy明年2,7
2023/11/25,[新聞] 大陸爆「多重病原」疫情！疾管署宣布：即,99
2023/11/25,Re: [新聞] 諾和諾德熱門減肥藥亞洲首賣 Wegovy明年2,2
2023/11/25,Re: [請益] 能接受信貸投資法嗎？,11
2023/11/25,Re: [請益] 能接受信貸投資法嗎？,6
2023/11/25,Re: [新聞] 諾和諾德熱門減肥藥亞洲首賣 Wegovy明年2,2
2023/11/25,Re: [請益] 能接受信貸投資法嗎？,10
2023/11/25,Re: [請益] 如有150萬怎五六年滾到3000萬,6
2023/11/25,Re: [請益] 能接受信貸投資法嗎？,14
2023/11/25,Re: [請益] 能接受信貸投資法嗎？,28
2023/11/25,Re: [請益] 如有150萬怎五六年滾到3000萬,42
2023/11/25,[新聞] 諾和諾德熱門減肥藥亞洲首賣 Wegovy明年2,11
2023/11/25,Re: [請益] 能信貸做多的話為什麼要用融資買,13
2023/11/25,[請益] 能信貸做多的話為什麼要用融資買,42
2023/11/25,[新聞] 一週熱門零股 AI、金融指標股 躋身十強,7
2023/11/25,[心得] 11/27~12/01 美股財報&經濟數據行事曆,8
2023/11/25,Re: [請益] 能接受信貸投資法嗎？,15
2023/11/25,[標的]  系微 6231 微小多,40
2023/11/25,Re: [請益] 能接受信貸投資法嗎？,14
2023/11/25,Re: [請益] 能接受信貸投資法嗎？,99
2023/11/25,Re: [請益] 能接受信貸投資法嗎？,17
2023/11/25,Re: [請益] 能接受信貸投資法嗎？,0
2023/11/25,[公告] 11/24 處置公告,7
2023/11/25,[請益] 能接受信貸投資法嗎？,99
2023/11/25,Re: [請益] 如有150萬怎五六年滾到3000萬,48
2023/11/25,[新聞] 生質能中心運轉逾年 民代怨只燒垃圾不回,11
2023/11/24,[新聞] 吳欣盈參選 外資急拋新光金！,-10
2023/11/24,[新聞] 路透：輝達延後推出中國版AI晶片,8
2023/11/24,Re: [請益] 如有150萬怎五六年滾到3000萬,8
2023/11/24,Re: [請益] 如有150萬怎五六年滾到3000萬,6
2023/11/24,[新聞] 中國最大資產管理公司道歉了！背債人民幣,59
2023/11/24,[情報] 112年11月24日信用交易統計,11
2023/11/24,[新聞] 日盛台駿租賃再投資2太陽能電廠 創造售電,1
2023/11/24,Re: [心得] 當沖證交稅減免還是要先簽署同意書,6
2023/11/24,Re: [標的]  防疫概念股 口罩手套疫苗快篩    全多,7
2023/11/24,[情報] 1124 上市櫃外資投信同買排行,2
2023/11/24,[情報] 1124 上市櫃外資投信買超金額排行,2
2023/11/24,[標的] 2392 正崴,32
2023/11/24,[心得] 當沖證交稅減免還是要先簽署同意書,15
2023/11/24,[情報] 112/11/24 八大公股銀行買賣超排行,6
2023/11/24,[新聞] 〈國泰金法說〉國壽前三季股債合賺367億元 把握升息循環積,14
2023/11/24,[情報] 3694 海華 達注意標準公布財報,23
2023/11/24,[新聞] 大眾控營收可望連5年成長 3引擎帶動明年,17
2023/11/24,Re: [請益] 如有150萬怎五六年滾到3000萬,98
2023/11/24,Re: [標的] 大立光 底部保守多(文字多，誤入),31
2023/11/24,[情報] 1124 上市外資買賣超排行,45
2023/11/24,[情報] 112年11月24日 三大法人買賣金額統計表,57
2023/11/24,[情報] 1124 上市投信買賣超排行,28
2023/11/24,[新聞] 台泥100MW儲能商轉上線 拚年收益10億元,43
2023/11/24,[新聞] 中國「面板大廠TCL」宣布解散旗下半導體,48
2023/11/24,[閒聊] 2023/11/24 盤後閒聊,20
2023/11/24,[新聞] 壽險迎戰生死關 金管會3招神救援,24
2023/11/24,[新聞] 台積電接獲英特爾最新CPU訂單　陸行之5點,37
2023/11/24,[請益] 月領配息 00929還是自組？,55
2023/11/24,Re: [新聞] 永豐銀開民營銀行業第一槍 董座曹為實拍,6
2023/11/24,Re: [標的]  防疫概念股 口罩手套疫苗快篩    全多,34
2023/11/24,Re: [新聞] 短天期美債 跟著股神買,8
2023/11/24,Re: [標的] 2888.TW 新光金 多,0
2023/11/24,[新聞] WiFi 7助威 穩懋、全新認購燙,50
2023/11/24,Re: [標的] 1319東陽,26
2023/11/24,[心得] 太誇張了 英特爾噴成這樣 台積電漲不到幾,63
2023/11/24,[新聞] 短天期美債 跟著股神買,19
2023/11/24,[請益] 想問大家對明年度美國利率看法？,26
2023/11/24,[閒聊] 2023/11/24 盤中閒聊,93
2023/11/24,Re: [請益] 如有150萬怎五六年滾到3000萬,2
2023/11/23,[標的] 2228劍麟多,20
2023/11/23,Re: [請益}為何融資創新高卻不見融資追繳令萬箭齊發?,12
2023/11/23,[情報] 112年11月23日信用交易統計,8
2023/11/23,Re: [請益] 如有150萬怎五六年滾到3000萬,16
2023/11/23,[情報] 1123 上市櫃外資投信同買排行,0
2023/11/23,[新聞] 保險業2026接軌IFRS17、ICS 金管會訂出三,7
2023/11/23,[新聞] 晶華潘思亮：新業者加入有助拉高房價,13
2023/11/23,[新聞] 外資買超13億元…前十加碼傳產、金融股,7
2023/11/23,[情報] 1123 上市櫃外資投信買超金額排行,4
2023/11/23,[標的] 3551世禾(存股)三年漲兩倍多,47
2023/11/23,Re: [請益]  遇到操作 不順怎麼調適？,4
2023/11/23,[請益] 主力資金怎來的?,28
2023/11/23,[標的] 6790.TW 永豐實,17
2023/11/23,[請益]  遇到操作 不順怎麼調適？,12
2023/11/23,[請益] 定期定額的停利點都怎麼操作?,36
2023/11/23,[情報] 6933 AMAX-KY 達注意標準 10月自結0.08,28
2023/11/23,[新聞] 新一波晶片禁令衝擊輝達,17
2023/11/23,Re: [請益] 如有150萬怎五六年滾到3000萬,26
2023/11/23,[情報] 112/11/23 八大公股銀行買賣超排行,11
2023/11/23,[新聞] 歷史經驗...大選行情 選後更可期,11
2023/11/23,[新聞] 史上新低！月薪不到3萬降至184萬人 大減,32
2023/11/23,Re: [請益] 如有150萬怎五六年滾到3000萬,13
2023/11/23,[標的] 2538.TW 基泰 多,27
2023/11/23,[請益] 這三天的 2353 宏碁 詭異動作,11
2023/11/23,[標的] 2538 基泰 多,35
2023/11/23,[情報] 1123 上市外資買賣超排行,50
2023/11/23,[情報] 5871 中租-KY 10月自結 1.21 累計 12.81,32
2023/11/23,[情報] 112年11月23日 三大法人買賣金額統計表,66
2023/11/23,[情報] 1123 上市投信買賣超排行,31
2023/11/23,[情報] 8227 巨有科技 達注意標準公告自結,16
2023/11/23,[閒聊] 2023/11/23 盤後閒聊,42
2023/11/23,[請益] 關於區間周轉率,4
2023/11/23,Re: [請益] 是不是關注總經的人看法都比較悲觀空頭?,8
2023/11/23,[情報] 6219 富旺 現金增資公開申購資訊,3
2023/11/23,[新聞] 被控炒作高端獲暴利 凱基松山哥自曝「,90
2023/11/23,[標的] ETF00915 沒什麼人提？,19
2023/11/23,Re: [請益] 買了SQQQ該怎麼辦,0
2023/11/23,Re: [請益] 是不是關注總經的人看法都比較悲觀空頭?,6
2023/11/23,[標的] 3494誠研大跳水,15
2023/11/23,[請益] 建議買海外債嗎？,36
2023/11/23,Re: [請益] 2024年輪到哪個族群要漲了,0
2023/11/23,[新聞] 清呆卡潮可緩緩 國銀資本適足率新法延緩,4
2023/11/23,[標的] 3483 力致 盤整突破多多,27
2023/11/23,Re: [請益] 請教一下投資績效的趴數是怎麼算的啊?,5
2023/11/23,Re: [請益] 請教一下投資績效的趴數是怎麼算的啊?,4
2023/11/23,Re: [標的] 6139亞翔-拉不拉多2,46
2023/11/23,[標的] 3047訊舟 法說+子公司飆漲多,13
2023/11/23,[請益] 買了SQQQ該怎麼辦,54
2023/11/23,[閒聊] 2023/11/23 盤中閒聊,99
2023/11/23,Re: [請益] 是不是關注總經的人看法都比較悲觀空頭?,40
2023/11/23,Re: [請益] 請教一下投資績效的趴數是怎麼算的啊?,18
2023/11/22,[請益] 你看過那些號稱名人開的公益股票投資討論區？,29
2023/11/22,[標的] 2888.TW新光金/2867.TW三商壽,62
2023/11/22,[請益] 請教一下投資績效的趴數是怎麼算的啊?,41
2023/11/22,[新聞] IC設計廠搶進IP市場 安國、鈺創展開布局,30
2023/11/22,[情報] 112年11月22日信用交易統計,16
2023/11/22,[新聞] 台股重挫逾百點 黃天牧：台股基本面好,36
2023/11/22,[情報] 1122 上市櫃外資投信同買排行,0
2023/11/22,[情報] 1122 上市櫃外資投信買超金額排行,3
2023/11/22,[情報] 00878 新增聯電、世界先進、統一,84
2023/11/22,Re: [請益] 威盛這種走勢圖到底在幹嘛,3
2023/11/22,[請益] 2024年輪到哪個族群要漲了,99
2023/11/22,Re: [心得] 平準金可以說被妖魔化了吧？,4
2023/11/22,[情報] 112/11/22 八大公股銀行買賣超排行,31
2023/11/22,[標的] 3078 僑威 三率三升多,55
2023/11/22,Re: [情報] 王者歸來 Altman回任 OpenAI CEO,18
2023/11/22,Re: [標的] 3228金麗科,45
2023/11/22,[新聞] 最壞狀況已過去！凱基投顧「上修台股獲利,36
2023/11/22,[情報] 2516 新建 達注意標準公布自結 10月0.08,64
2023/11/22,[情報] 3005 神基 達注意標準公布自結 10月0.57,18
2023/11/22,[情報] 1122 上市外資買賣超排行,44
2023/11/22,Re: [請益] 配息仔永遠買不到台積電？成長股無人問津,9
2023/11/22,[請益] 配息仔永遠買不到台積電？成長股無人問津,44
2023/11/22,[標的] 達發 6526 小金雞多,26
2023/11/22,[情報] 112年11月22日 三大法人買賣金額統計表,76
2023/11/22,[情報] 1122 上市投信買賣超排行,34
2023/11/22,Re: [心得] 平準金可以說被妖魔化了吧？,5
2023/11/22,[情報] 4806 昇華 達注意標準公布自結 10月-0.03,6
2023/11/22,[情報] 王者歸來 Altman 回任 OpenAI CEO,91
2023/11/22,[新聞] 再創聯發科奇蹟！尹啟銘曝「1產業」成兩,4
2023/11/22,[閒聊] 2023/11/22 盤後閒聊,35
2023/11/22,[請益] 威盛這種走勢圖到底在幹嘛,66
2023/11/22,[標的] 1319東陽,31
2023/11/22,[心得] 平準金可以說被妖魔化了吧？,36
2023/11/22,[新聞] 輝達證實 將為大陸開發改款「合規晶片」,89
2023/11/22,[標的]5493.TW 三聯,24
2023/11/22,[新聞] 輝達中國營收拉警報　AI股臉綠緯創挫4%,20
2023/11/22,[標的] 00923是不是市值型很重要嗎?,41
2023/11/22,Re: [標的] 宏碁資訊 6811 多,-10
2023/11/22,[新聞] 牛仔褲大廠傳全面停工！年興紡織後龍廠50,73
2023/11/22,[新聞] 匯僑設計Q4迎高峰 明年樂觀以待,5
2023/11/22,[標的] 1216 統一 存股多,39
2023/11/22,Re: [新聞] 突發：OpenAI 執行長 Sam Altman 遭董事,46
2023/11/22,[標的] 萬潤 6187 做夢多,24
2023/11/22,[新聞] 半導體春燕到 台股行情發燙,28
2023/11/22,[閒聊] 2023/11/22 盤中閒聊,100
2023/11/22,[新聞] 幣安創始人趙長鵬辭職並認罪 支付1349億,87
2023/11/22,Re: [標的] 美債00687B 哲哲再度加碼一千萬,0
2023/11/22,[情報] NVDA財報,100
2023/11/22,Re: [標的] 美債00687B 哲哲再度加碼一千萬,8
2023/11/22,[公告] 11/22 處置公告,0
2023/11/22,[新聞] 台幣20天升1元 謝金河:台灣股匯這回超強,85
2023/11/21,[新聞] 00878開賣了? 開發金遭投信倒貨2.4萬張、,26
2023/11/21,[請益}為何融資創新高卻不見融資追繳令萬箭齊發?,8
2023/11/21,Re: [請益] 有推薦的中文美股頻道嗎？,4
2023/11/21,Re: [請益] 合一藥證通過卻送賠五萬大禮包,13
2023/11/21,[標的] 6412 群電,3
2023/11/21,[情報] 112年11月21日信用交易統計,14
2023/11/21,[新聞] 皇昌至今年10月在建工程達394億元 同期新,36
2023/11/21,[標的] 國建 2501 底部翻揚多,36
2023/11/21,[新聞] 世界先進星國設廠傳定案 股價破底翻 法人,12
2023/11/21,[情報] 1121 上市櫃外資投信同買排行,5
2023/11/21,[情報] 1451年興 後龍廠全面停工事宜,47
2023/11/21,[情報] 1121 上市櫃外資投信買超金額排行,3
2023/11/21,[新聞] 新青安房貸三個月衝1.2萬戶 推升國銀放,62
2023/11/21,[新聞] 外資敲邊鼓！金融股7檔配息有看頭,14
2023/11/21,Re: [標的] 5903全家,6
2023/11/21,[新聞] 12月ETF除息大秀倒數　配息又能填息是重,26
2023/11/21,[新聞] 美食-KY下半年在中國大砍30家店？公司證實Q3有閉店潮,20
2023/11/21,[情報] 112/11/21 八大公股銀行買賣超排行,26
2023/11/21,[情報] 2323 中環 取得矽統普通股,18
2023/11/21,[情報] 1312 國喬 現金增資(補充:發行價14.20元),10
2023/11/21,[新聞] OpenAI 董事會傳接洽 Anthropic 討論公,15
2023/11/21,[新聞] 富士康查稅結果出來了，重罰2萬元,99
2023/11/21,[情報] 2743 山富 10月自結(更正),16
2023/11/21,[新聞] 市場先知預言：股市將跌30% 商用不動產泡,33
2023/11/21,[情報] 1121 上市外資買賣超排行,52
2023/11/21,[新聞] 聯發科再推天璣8300晶片 強化生成式AI布,25
2023/11/21,[情報] 2743 山富 10月自結,11
2023/11/21,[情報] 112年11月21日 三大法人買賣金額統計表,100
2023/11/21,[新聞] 英特爾首度委外 CPU 晶片量產,73
2023/11/21,[情報] 1121 上市投信買賣超排行,41
2023/11/21,[標的] 現在繼續加碼00927半導體ETF？,23
2023/11/21,[閒聊] 2023/11/21 盤後閒聊,31
2023/11/21,Re: [請益] 合一藥證通過卻送賠五萬大禮包,13
2023/11/21,Re: [新聞] 散戶留意 谷月涵示警：台股面臨修正壓力 投資風險偏高,46
2023/11/21,[情報] 華凌 伯鑫 現金增資公開申購資訊,3
2023/11/21,[新聞] 台積電傳考慮建熊本3廠 生產3奈米晶片,99
2023/11/21,[新聞] 散戶錢進股市意願 連10個月正數,46
2023/11/21,[新聞] 台中銀前3季獲利創高 明年放款目標穩揚,34
2023/11/21,[標的] 宏碁資訊 6811 多,13
2023/11/21,[新聞] 多重成長引擎 華通21年新高,15
2023/11/21,[新聞] 尹錫悅訪英 全面強化與英國半導體等科技,6
2023/11/21,Re: [標的] 2409 友達 (2023.11面板報價),38
2023/11/21,[新聞] 德憲法法院判決影響政府運作 補貼台積電,87
2023/11/21,[新聞] 通訊-KY 符合退場機制條件 11月22日起停止,12
2023/11/21,[新聞] 在手工程129億，國統未來配息往4~5成比,4
2023/11/21,[閒聊] 2023/11/21 盤中閒聊,100
2023/11/21,Re: [請益] 32鎂蛙該如何調適心情？,7
2023/11/21,Re: [請益] 32鎂蛙該如何調適心情？,5
2023/11/20,[新聞] 高盛：7大科技巨擎重磅回歸 2024年將繼續,28
2023/11/20,[新聞] 馬雲怕被割韭菜? 將大賣阿里巴巴持股 股,27
2023/11/20,[新聞] 10月外銷訂單連14黑 估11月轉正 真正春燕,14
2023/11/20,Re: [情報] OpenAI 創始人Sam Altman 將加入微軟,29
2023/11/20,[情報] OpenAI員工要求高層改組 否則將加入微軟,17
2023/11/20,[標的] 3548.TW 兆利 利多到破兆,9
2023/11/20,[新聞] 遠東新內外皆美 營運喊衝,15
2023/11/20,[新聞] 歐美大貿易商下急單 中鋼：鋼價落底訊號,48
2023/11/20,[情報] 112年11月20日信用交易統計,4
2023/11/20,[新聞] 聯發科取代台積電成為大摩首選,34
2023/11/20,[情報] 1120 上市櫃外資投信同買排行,2
2023/11/20,[標的] 6968 萬達寵物(寵物公園),34
2023/11/20,[情報] 1120 上市櫃外資投信買超金額排行,0
2023/11/20,Re: [標的] 6671.TW 三能-KY 能三嗎？多,7
2023/11/20,[創作] 股市總司令-運通空軍版,45
2023/11/20,[新聞] 邦特(4107)美國客戶退貨結束，Q4營運回升,6
2023/11/20,[新聞] 越南女首富張美蘭涉銀行詐欺案！挪用金額佔越南GDP 6%,37
2023/11/20,[情報] 112/11/20 八大公股銀行買賣超排行,24
2023/11/20,[新聞] 佣金6％太高！全美不動產協會被告了 巴菲特也中槍,99
2023/11/20,[請益] 00879B等短債怎麼被突然集體往下,14
2023/11/20,Re: [情報] OpenAI 創始人Sam Altman 將加入微軟,15
2023/11/20,[新聞] 聯發科推5G RedCap解決方案 終端樣品明年,7
2023/11/20,Re: [請益] 少賺跟大賠哪個比較痛苦？,2
2023/11/20,Re: [請益] 少賺跟大賠哪個比較痛苦？,40
2023/11/20,[新聞] 鉅怡智慧影像式心率量測軟體通過美FDA,2
2023/11/20,[情報] OpenAI 創始人Sam Altman 將加入微軟,99
2023/11/20,Re: [新聞] 突發：OpenAI 執行長 Sam Altman 遭董事,17
2023/11/20,[情報] 3545敦泰 10月自結 0.1,59
2023/11/20,[情報] 1120 上市外資買賣超排行,34
2023/11/20,[情報] 112年11月20日 三大法人買賣金額統計表,100
2023/11/20,[情報] 1120 上市投信買賣超排行,32
2023/11/20,Re: [請益] 少賺跟大賠哪個比較痛苦？,6
2023/11/20,Re: [新聞] 突發：OpenAI 執行長 Sam Altman 遭董事,17
2023/11/20,Re: [新聞] 突發：OpenAI 執行長 Sam Altman 遭董事,10
2023/11/20,[閒聊] 2023/11/20 盤後閒聊,30
2023/11/20,[情報] 寬宏藝術 家登 現金增資公開申購資訊,11
2023/11/20,[新聞] 台幣連六日走升 過去選舉投票前三個月大多走升,14
2023/11/20,[新聞] 新台幣升值氣焰強 早盤大漲1.58角創逾3個,52
2023/11/20,[新聞] MG明年國產新車是「轎車」！　中華車24年,52
2023/11/20,[新聞] 揚智：搭上低軌道衛星 早早亮燈漲停,31
2023/11/20,[新聞] 廣運三箭齊發 訂單看到2026,30
2023/11/20,[新聞] 藍白破局？觀光股失望性賣壓 三檔先跌停,33
2023/11/20,Re: [請益] 少賺跟大賠哪個比較痛苦？,7
2023/11/20,[標的] 8436大江 法說多,11
2023/11/20,Re: [請益] 少賺跟大賠哪個比較痛苦？,2
2023/11/20,Re: [請益] 少賺跟大賠哪個比較痛苦？,7
2023/11/20,Re: [請益] 少賺跟大賠哪個比較痛苦？,0
2023/11/20,[閒聊] 2023/11/20 盤中閒聊,95
2023/11/20,Re: [新聞] 突發：OpenAI 執行長 Sam Altman 遭董事,5
2023/11/20,Re: [請益] 少賺跟大賠哪個比較痛苦？,6
2023/11/19,Re: [請益] 少賺跟大賠哪個比較痛苦？,3
2023/11/19,Re: [請益] 少賺跟大賠哪個比較痛苦？,2
2023/11/19,Re: [請益] 少賺跟大賠哪個比較痛苦？,1
2023/11/19,Re: [請益] 少賺跟大賠哪個比較痛苦？,5
2023/11/19,[新聞] 拜習會後大開綠燈 陸批准「萬事達卡」進大,62
2023/11/19,Re: [請益] 少賺跟大賠哪個比較痛苦？,7
2023/11/19,Re: [請益] 少賺跟大賠哪個比較痛苦？,5
2023/11/19,[新聞] 中華車明年內外銷均看增，MG銷售成長90%,25
2023/11/19,[請益] 少賺跟大賠哪個比較痛苦？,99
2023/11/19,[新聞] 台股ETF半導體類 表現突出,8
2023/11/19,Re: [請益] 年化報酬率6%是最低標準嗎？,11
2023/11/19,Re: [標的] 2739 寒舍 怎麼調適股票賣在起漲點?,10
2023/11/19,[公告] 11/19 處置名單：iwinlottery,0
2023/11/19,[請益] 年化報酬率6%是最低標準嗎？,99
2023/11/19,Re: [新聞] 無薪假再破萬人！製造業難降溫 一家工具,23
2023/11/19,[新聞] 公股銀：台股今年高點 就在這幾天,99
2023/11/19,[請益] 瑞馳智庫學院是真的還假的,0
2023/11/19,[新聞] 做空特斯拉超過5年資產縮水97.5％ 華爾街傳奇空頭輸慘,26
2023/11/19,[新聞] OpenAI執行長被趕下台 計畫開新AI公司,34
2023/11/19,[新聞] 富邦人壽現金水位逾2700億 對台股後市審,17
2023/11/19,[新聞] 「台灣景氣最壞時機已過」 富邦金估2024%,33
2023/11/19,[新聞] 傳奇投資人示警美股將暴跌3成　經濟衰退,35
2023/11/19,[新聞] 中財政危機！ 軍工企業降薪　藉「續簽考,25
2023/11/19,Re: [新聞] 突發：OpenAI 執行長 Sam Altman 遭董事,36
2023/11/19,[新聞] 無薪假再破萬人！製造業難降溫 一家工具,99
2023/11/19,[公告] 1119 水桶,22
2023/11/19,[公告] 11/19 處置公告,0
2023/11/19,[標的] 6671.TW 三能-KY 能三嗎？多,18
2023/11/18,[新聞] 月初財報公布後 Palantir股價一路攀升,10
2023/11/18,[新聞] 元大台灣50 買點浮現,41
2023/11/18,[新聞] 謝金河：半導體下檔支撐強勁,52
2023/11/18,[心得] 11/20~11/24 美股財報&經濟數據行事曆,21
2023/11/18,[請益] 匯損該如何避險？,53
2023/11/18,[新聞] 百萬存股族快收下! 富邦金 中信金等6金控,36
2023/11/18,[新聞] 《觀光股》鳳凰  題材利多買盤敲進,52
2023/11/18,[新聞] 「星艦」換零件第2次試射延到明晚再發射,15
2023/11/18,[新聞] 中籤率200%也信！女狂匯84萬買IC通路大廠,93
2023/11/18,Re: [標的] 2739 寒舍 怎麼調適股票賣在起漲點?,21
2023/11/18,[新聞] 一週熱門零股 富邦台50 華邦電 進十強,6
2023/11/18,[標的] 請問BND是否是好的長期投資標地？,25
2023/11/18,[新聞] 突發：OpenAI 執行長 Sam Altman 遭董事,79
2023/11/18,Re: [請益] 還沒升息萬八 升息後萬七的原因是什麼,6
2023/11/18,[新聞] 填息天數預測 法人教戰,2
2023/11/17,Re: [請益] 想出清00878轉00919,33
2023/11/17,Re: [標的] 必應創造(多),16
2023/11/17,Re: [標的] 美債00687B 哲哲再度加碼一千萬,8
2023/11/17,[情報] 112年11月17日信用交易統計,15
2023/11/17,[新聞] 大摩重申 看多半導體雙雄台積電、聯發科,69
2023/11/17,[新聞] 來頡有望大啖WiFi 7商機 今日股價強勢漲,27
2023/11/17,[情報] 1117 上市櫃外資投信同買排行,3
2023/11/17,[請益] 國泰樹精靈賣股問題,31
2023/11/17,[標的] 2327 國巨 里希特多,8
2023/11/17,[情報] 1117 上市櫃外資投信買超金額排行,0
2023/11/17,[新聞] 速食店用餐「薯條加購率」！竟是美國經濟,99
2023/11/17,[請益] 股票停利後繼續漲再加倍買回是好策略嗎,64
2023/11/17,[情報] 112/11/17 八大公股銀行買賣超排行,14
2023/11/17,"[新聞] 高盛：2024年底上看4,700點",15
2023/11/17,[新聞] 擴大下單友達?三星傳中斷與京東方關係 加,38
2023/11/17,Re: [新聞] 彭博：北京打美中「友善牌」是新台幣利多,8
2023/11/17,[新聞] 富邦金總座：明年配息有可能比今年高,61
2023/11/17,Re: [請益] 想出清00878轉00919,7
2023/11/17,Re: [請益] 還沒升息萬八 升息後萬七的原因是什麼,3
2023/11/17,[請益] 想出清00878轉00919,70
2023/11/17,Re: [請益] 還沒升息萬八 升息後萬七的原因是什麼,12
2023/11/17,[情報] 1117 上市外資買賣超排行,66
2023/11/17,[新聞] 股票抽中12張領160萬買股 新北警一句話點,49
2023/11/17,[新聞] 投資100萬賺1300萬！保全被騙再約車友,50
2023/11/17,[新聞] 彭博：北京打美中「友善牌」是新台幣利多,22
2023/11/17,[情報] 112年11月17日 三大法人買賣金額統計表,100
2023/11/17,[情報] 1117 上市投信買賣超排行,31
2023/11/17,[標的] TW 6443 元晶 5243 乙盛-KY 多,19
2023/11/17,Re: [請益] 還沒升息萬八 升息後萬七的原因是什麼,2
2023/11/17,[閒聊] 2023/11/17 盤後閒聊,12
2023/11/17,[情報] 威宏-KY 啟碁 致和證 現金增資公開申購資,12
2023/11/17,[請益] 還沒升息萬八 升息後萬七的原因是什麼,25
2023/11/17,[標的] 2739 寒舍 怎麼調適股票賣在起漲點?,99
2023/11/17,[新聞] 聯發科擠下高通 攜手Meta開發新一代AR智,32
2023/11/17,[新聞] 應材違法出口設備給中芯 遭美司法部調查盤後跌7％,41
2023/11/17,[標的] 6163華電網低位階智慧交通概念股,8
2023/11/17,Re: [標的] 2607榮運線仙零用錢多,5
2023/11/17,[標的] 5478智冠,61
2023/11/17,[閒聊] 2023/11/17 盤中閒聊,99
2023/11/17,[公告] 11/17 處置名單：zion000,2
2023/11/17,[標的] 6139亞翔-拉不拉多2,37
2023/11/17,[標的]  6138 茂達 多,42
2023/11/17,Re: [標的] 00679B已達可募集額度上限,10
2023/11/17,[標的] 5903全家,61
2023/11/17,Re: [請益] 中國正在賣美公債?依據為何?,2
2023/11/17,Re: [標的] 美債TMF試水溫多,3
2023/11/17,[請益] 中國正在賣美國公債?依據為何?,24
2023/11/16,[新聞] 10年期美債殖利率跌破4.5%！市場估Fed下,41
2023/11/16,[情報] 8996高力擬發行10億元無擔保CB 完成訂價轉換,6
2023/11/16,Re: [標的] 美債TMF試水溫多,2
2023/11/16,[情報] 1116 上市櫃外資投信同買排行,5
2023/11/16,[新聞] 投資基金搶購美國農地尋求避險,22
2023/11/16,Re: [標的] 美債TMF試水溫多,3
2023/11/16,Re: [標的] 到現在多軍只有我套牢？持股請益,39
2023/11/16,Re: [標的] 到現在多軍只有我套牢？持股請益,26
2023/11/16,[情報] 112年11月16日信用交易統計,21
2023/11/16,Re: [請益] 技術面跟基本面是不是其實不太重要,10
2023/11/16,[新聞] 00878配0.35元冏貼息 爆10萬張大量居ETF,23
2023/11/16,[情報] 1116 上市櫃外資投信買超金額排行,0
2023/11/16,[請益] 有人看得懂榮運在玩什麼嗎？,21
2023/11/16,[標的] 00679B已達可募集額度上限,25
2023/11/16,Re: [請益] 技術面跟基本面是不是其實不太重要,2
2023/11/16,Re: [請益] 技術面跟基本面是不是其實不太重要,0
2023/11/16,Re: [標的] 美債00687B 哲哲再度加碼一千萬,100
2023/11/16,[情報] 2357 華碩 說明媒體報導,21
2023/11/16,[請益] 技術面跟基本面是不是其實不太重要,79
2023/11/16,Re: [標的] 3045.TW 台灣大,21
2023/11/16,Re: [標的] 2618 搭乘長榮航，飛上平流層,5
2023/11/16,[情報] 112/11/16 八大公股銀行買賣超排行,17
2023/11/16,Re: [新聞] 習近平為何不能再誇口中國經濟？,20
2023/11/16,Re: [標的] 2618 搭乘長榮航，飛上平流層,14
2023/11/16,[情報] 8938明安 112年合併財務報告,5
2023/11/16,[請益] 美債ETF問題,28
2023/11/16,[情報] 1116 上市外資買賣超排行,95
2023/11/16,[情報] 2427 三商電 現增價23元,19
2023/11/16,[情報] 1116 上市投信買賣超排行,30
2023/11/16,[情報] 112年11月16日 三大法人買賣金額統計表,100
2023/11/16,Re: [標的] 遠東新 1402 多,100
2023/11/16,Re: [標的] 蝦皮貨運王,2
2023/11/16,[閒聊] 2023/11/16 盤後閒聊,16
2023/11/16,[情報] 裕隆 112年10月營收75.20億、年增11.19%,10
2023/11/16,[標的] 4583台灣精銳多,6
2023/11/16,[標的] 300萬想買公司債,46
2023/11/16,Re: [標的] 2330 台積電 多,6
2023/11/16,Re: [標的] 美債00687B 哲哲再度加碼一千萬,39
2023/11/16,[新聞] 上市公司前3季稅前獲利年衰退35% 三大,2
2023/11/16,Re: [標的] 2330 台積電 多,29
2023/11/16,Re: [標的] 大盤 機器學習線仙空,27
2023/11/16,Re: [新聞] 習近平為何不能再誇口中國經濟？,9
2023/11/16,[新聞] 「大賣空」貝瑞逆勢做空半導體股 平倉大E,45
2023/11/16,[新聞] Wedbush：AI支出浪潮將帶動下一輪科技股,6
2023/11/16,Re: [標的] 2732六角,25
2023/11/16,[閒聊] 2023/11/16 盤中閒聊,99
2023/11/16,[新聞] 習近平為何不能再誇口中國經濟？,68
2023/11/16,[情報] 4442 竣邦-KY 現金增資公開申購資訊,2
2023/11/15,[新聞] 永豐金獲 2023TCSA臺灣企業永續獎 十大獎,9
2023/11/15,[情報] 美國10月PPI指數,69
2023/11/15,[情報] 1115 上市櫃外資投信同買排行,0
2023/11/15,[標的] 9951皇田 十年線下成長翻倍多,78
2023/11/15,Re: [心得] 股票質借心得分享,37
2023/11/15,[情報] 112年11月15日信用交易統計,30
2023/11/15,[公告] 11/15 處置名單：kevin10449,3
2023/11/15,[情報] 1115 上市櫃外資投信買超金額排行,0
2023/11/15,[請益] 有人這樣操作嗎,9
2023/11/15,[新聞] 馬斯克：巴菲特早該在特斯拉市值僅目前0.,28
2023/11/15,[心得] 一些新一季13F整理,18
2023/11/15,[新聞] 外資買超台股469億元！改寫歷史第五紀錄,39
2023/11/15,[情報] 112/11/15 八大公股銀行買賣超排行,22
2023/11/15,Re: [請益] 當沖選股與停損停利,10
2023/11/15,[新聞] 元太法說 下修第4季展望2024首季將是低點,35
2023/11/15,[情報] 2543 皇昌 達注意標準公布財報,76
2023/11/15,[情報] 1115 上市外資買賣超排行,83
2023/11/15,Re: [新聞] 散戶留意 谷月涵示警：台股面臨修正壓力 投資風險偏高,25
2023/11/15,[情報]  3213 茂訊 10月自結,19
2023/11/15,[請益] 當沖選股與停損停利,53
2023/11/15,[情報] 112年11月15日 三大法人買賣金額統計表,99
2023/11/15,[標的] 2618長榮航2610華航,15
2023/11/15,[情報] 1115 上市投信買賣超排行,24
2023/11/15,[新聞] 傳大陸央行考慮「直升機撒錢」 4.4兆救,98
2023/11/15,[閒聊] 2023/11/15 盤後閒聊,25
2023/11/15,[情報] 2385 群光 10月營收,35
2023/11/15,[新聞] MSCI半年度調整 新增世芯-KY、刪除巨大,12
2023/11/15,[新聞] 愛山林獲利已倍增，建案延至明年入帳業績,22
2023/11/15,[新聞] 壽險未實現損失5.6兆 史上最慘,46
2023/11/15,[情報] 6894 衛司特 現金增資公開申購資訊,3
2023/11/15,[請益] 債券etf有辦法真的股債平衡嗎？,20
2023/11/15,[請益] 黃金相關的台股、期貨,11
2023/11/15,[新聞] Cathie Wood預測美國明年通縮 被迫降息,49
2023/11/15,Re: [標的] 3228金麗科,13
2023/11/15,[新聞] 日本第三季GDP初值萎縮2.1%，降幅高於預,55
2023/11/15,[新聞] Airbnb收購Siri創始人公司GamePlanner.AI,8
2023/11/15,[新聞] 加拿大總理親自宣布 台泥投255億建純綠電,53
2023/11/15,Re: [標的] SOXS 無腦多(賭Fed升息 台積財測爆炸),3
2023/11/15,[新聞] NVIDAI股價飆新高激勵！廣達漲逾4%、華碩,19
2023/11/15,[閒聊] 2023/11/15 盤中閒聊,99
2023/11/15,Re: [心得] 投資股票看月KD和成交量是不重要的,29
2023/11/15,[公告] 11/14 處置公告,0
2023/11/15,Re: [新聞] 定穎投控法說會／第4季持平有機會微幅成,6
2023/11/15,[新聞] 定穎投控法說會／第4季持平有機會微幅成,9
2023/11/14,[標的]  PLTR.US 持續作多,20
2023/11/14,[情報] 2915  潤泰全 Q3 累計EPS 10.75,24
2023/11/14,[新聞] 美10月通膨超預期降溫 消除Fed進一步升,44
2023/11/14,Re: [標的] SOXS 無腦多(賭Fed升息 台積財測爆炸),34
2023/11/14,Re: [標的] 00675L.TW 富邦台灣加權正2 不停損多,31
2023/11/14,Re: [心得] 畢業後漲了一千點,18
2023/11/14,[新聞] 致命空難近5年後 伊索比亞航空宣布採購,11
2023/11/14,[新聞] 馬雲案例太慘！外國投資者嚇一跳 洩「不,55
2023/11/14,[標的] 2905.TW 三商,24
2023/11/14,[情報] 美國10月CPI,99
2023/11/14,[情報] 112年11月14日信用交易統計,9
2023/11/14,[心得] 2023年股市AI行情只是剛開始？,16
2023/11/14,[新聞] 五百大超級電腦公布，微軟Azure拿下第三,28
2023/11/14,[情報] 1114 上市櫃外資投信同買排行,3
2023/11/14,[情報] 1114 上市櫃外資投信買超金額排行,1
2023/11/14,[新聞] 鴻海第三季淨利意外增長11%受惠西方市場,9
2023/11/14,[新聞] 台郡躍居宏觀第一大股東,1
2023/11/14,[新聞] 外資狂敲這金融股近4萬張登冠 加碼4大高,18
2023/11/14,[新聞] 愛普斥資5億取得來頡9.56％股權 進軍3D封,21
2023/11/14,[情報] 6282 康舒 112年Q3累計: 0.2,49
2023/11/14,[情報] 112/11/14 八大公股銀行買賣超排行,8
2023/11/14,[新聞] 台灣大明年最大挑戰 林之晨：完整合併台,8
2023/11/14,[情報] 3167大量庫藏股期間屆滿執行狀況,16
2023/11/14,[新聞] 美時:戒毒癮藥看到市佔成長機會；加速東,29
2023/11/14,[新聞] 台積電調高股利 Q3季配息上調至3.5元、,84
2023/11/14,[情報] 9904 寶成  Q3 2.06 H1.5 3.59,26
2023/11/14,[情報] 00850元大臺灣ESG永續 23Q4收益分配資訊,7
2023/11/14,[新聞] 劉揚偉：2024年微幅成長 地緣政治是最大,39
2023/11/14,[請益] 連宇2482還有救嗎？,40
2023/11/14,[情報] 1114 上市外資買賣超排行,40
2023/11/14,[新聞] 00878百萬投資人注意！　Q4配息0.35元明,48
2023/11/14,[情報] 2905 三商 112年Q3累計:-0.1,58
2023/11/14,Re: [心得] 畢業了,19
2023/11/14,[情報] 1702 南僑 q3 1.13 H1.5 2.64,22
2023/11/14,[新聞] hololive成員年均營收超3億日圓，Cover,21
2023/11/14,[情報] 112年11月14日 三大法人買賣金額統計表,76
2023/11/14,[情報] 1114 上市投信買賣超排行,27
2023/11/14,[情報] 4938 和碩 Q3 EPS 1.72,10
2023/11/14,[情報] 2542 興富發 Q3 EPS 0.41,38
2023/11/14,[情報] 3036 文曄 增資價：95元,31
2023/11/14,[標的] 四大債券ETF 抄底多,32
2023/11/14,[情報] 00878 - 112年第4次收益分配公告,42
2023/11/14,[情報] 2317鴻海 Q3EPS 3.11,85
2023/11/14,Re: [心得] 便當流當沖心法,5
2023/11/14,[閒聊] 2023/11/14 盤後閒聊,16
2023/11/14,[情報] 006208、00692、00900 11月收益分配資訊,13
2023/11/14,[新聞] 台股成外資最大提款機！今年賣超57億美元,41
2023/11/14,[情報] 2020 美亞 Q3 EPS 1.45,19
2023/11/14,Re: [心得] 便當流當沖心法,31
2023/11/14,[新聞] 鴻海環保長洪榮聰: 2024企業投資ESG最好,10
2023/11/14,Re: [心得] 便當流當沖心法,42
2023/11/14,[新聞] 東洋前10月獲利逼近去年全年 今年挑戰,9
2023/11/14,[情報] 大魯閣(1432)112年前三季EPS 0.76,27
2023/11/14,[新聞] 圓剛：推AI運算解決方案 市場捧場,15
2023/11/14,[標的] 3147 大綜 多,16
2023/11/14,[心得] 台新的權證我下次一定不買,52
2023/11/14,[閒聊] 2023/11/14 盤中閒聊,99
2023/11/14,[情報] 熱門ETF 2023年1~10月內扣費用率,43
2023/11/14,Re: [請益] 群創這隻股票還適合買嗎？,5
2023/11/13,Re: [情報] 2543 皇昌 112年Q3 EPS 0.69,44
2023/11/13,[標的] 文曄 外資接盤多,47
2023/11/13,[情報] 112年11月13日信用交易統計,20
2023/11/13,[新聞] 華為Mate 60其實很弱？中芯獲利「跌破眼,90
2023/11/13,[新聞] 中國庫存驚人 再幾個雙11都倒不完,53
2023/11/13,[心得] 投資股票看月KD和成交量是很重要的,37
2023/11/13,[情報] 6449鈺邦 Q3 1.45 H1.5 3.04,2
2023/11/13,[情報] 1113 上市櫃外資投信同買排行,0
2023/11/13,[情報] 1113 上市櫃外資投信買超金額排行,1
2023/11/13,[情報] 8936 國統 Q3 0.99 H1.5 2.03,27
2023/11/13,[情報] 3078僑威 Q3:2.53 H1.5:5.87,23
2023/11/13,[新聞] 不存股改賺價差 績效前10大ETF這檔暴衝逾,14
2023/11/13,[新聞] 永豐金今年盈餘將創新高 明年配發股利優,10
2023/11/13,[情報] 2354 鴻準 112年Q3 0.75,13
2023/11/13,Re: [標的] 本多忠勝，本小該如何?,11
2023/11/13,[情報] 2317 鴻海,12
2023/11/13,Re: [新聞] 波音今年銷售慘輸空巴 習近平送暖 傳拜,10
2023/11/13,[情報] 9945 潤泰新 累計Q3 3.67,36
2023/11/13,[情報] 2357 華碩 112年前三季EPS:16.16,21
2023/11/13,Re: [情報] 長榮112年第三季財報 前三季EPS:15.14,55
2023/11/13,[情報] 112/11/13 八大公股銀行買賣超排行,11
2023/11/13,[新聞] 世紀鋼：營運漸入佳境 投信力挺,0
2023/11/13,[情報] 8044 網家Q1-Q3 eps:-2.82,100
2023/11/13,[情報] 長榮112年第三季財報 前三季EPS:15.14,87
2023/11/13,[標的] 3045.TW 台灣大 保羅把台灣大股價弄倒多,18
2023/11/13,[標的] 2388 威盛 11-12月營收預期爆炸多,16
2023/11/13,[情報] 中環處分有價證券矽統,12
2023/11/13,[情報] 2206 三陽工業 112年 Q3 1.6,33
2023/11/13,[新聞] 美國智慧型手機市場下降5%　調查：蘋果三星出貨量佔77%,13
2023/11/13,[情報] 4105 東洋 112年10月自結 0.38,12
2023/11/13,[情報] 1603華電112年 Q3 1.08,7
2023/11/13,[情報] 2543 皇昌 112年Q3 EPS 0.69,22
2023/11/13,[情報] 1113 上市外資買賣超排行,49
2023/11/13,[情報] 3406 玉晶光 Q3 EPS 13.92,23
2023/11/13,[新聞] 波音今年銷售慘輸空巴 習近平送暖 傳拜,58
2023/11/13,[新聞] 【永豐金法說】總經理朱士廷：明年股利,21
2023/11/13,[情報] 112年11月13日 三大法人買賣金額統計表,92
2023/11/13,[情報] 1905 華紙 112年Q3 EPS -0.17,13
2023/11/13,[標的] 3228金麗科,24
2023/11/13,[情報] 1113 上市投信買賣超排行,25
2023/11/13,Re: [標的] 3036文曄,33
2023/11/13,[新聞] 陳佳文：Q3是中信金史上最好的一季,33
2023/11/13,[請益] 為何台股大盤很難跳空？,30
2023/11/13,[公告] 11/13 處置名單：pat12345,12
2023/11/13,[閒聊] 2023/11/13 盤後閒聊,23
2023/11/13,[情報] 4768 晶呈科技 現金增資公開申購資訊,2
2023/11/13,[新聞] 經濟成長穩步趨堅 樂觀看金融業獲利,2
2023/11/13,[新聞] 快訊／竹科聯發科火警！　B3停車場驚傳,99
2023/11/13,[新聞] 響應源頭減廢 友達認養海岸保安林沙灘 雙,31
2023/11/13,Re: [請益] 3955當時是什麼氛圍,15
2023/11/13,Re: [請益] 3955當時是什麼氛圍,5
2023/11/13,[閒聊] 2023/11/13 盤中閒聊,100
2023/11/13,[新聞] TrendForce：明年Q1面板稼動率恐下探7成,23
2023/11/12,Re: [心得]關於今日4743合一的盤中出貨事件,11
2023/11/12,Re: [情報] 6290良維 Q3 2.64,33
2023/11/12,Re: [請益] 3955當時是什麼氛圍,40
2023/11/12,[新聞] 鴻海低軌衛星「珍珠號」完成部署 成功回,38
2023/11/12,[心得] 畢業後漲了一千點,99
2023/11/12,[新聞] 中國雙11買氣不佳 外媒：反映中國經濟疲,55
2023/11/12,[標的] 5009 榮剛 鋼龍勝投奪冠多,16
2023/11/12,[標的] 1201 味全 冠軍多,14
2023/11/12,Re: [心得] 2022賠錢賣屁股總結vs2023呵呵笑總結,7
2023/11/12,[請益] 群創這隻股票還適合買嗎？,89
2023/11/12,[新聞] 台積電訂購6500多枝冰棒 美國鳳凰城小店,53
2023/11/12,Re: [心得]關於今日4743合一的盤中出貨事件,42
2023/11/12,Re: [標的] 2330台積電 救國救民多,37
2023/11/12,[新聞] 中國工銀美國子公司遭俄國駭客攻擊 急,34
2023/11/12,[新聞] 國泰永續高股息 可長抱,17
2023/11/12,[情報] 6216 居易 10月營收,27
2023/11/12,[新聞] 「拉積盤」下周再現？台積電ADR暴噴逾6%,80
2023/11/12,Re: [新聞] 輝達傳再推中國特供AI晶片 最快「這時」,34
2023/11/12,[請益] 請教關於美國國債問題,7
2023/11/12,Re: [標的] 必應創造(多),31
2023/11/12,Re: [標的] 本多忠勝，本小該如何?,24
2023/11/11,[情報] 112年【10月份金控股】EPS排名(全已公布),46
2023/11/11,[情報] 生達1720、邦特4107、宏全9939  10月營收,13
2023/11/11,Re: [情報] 皇昌(2543)10月營收,25
2023/11/11,[請益] 如果有1700萬 該怎麼投資？,99
2023/11/11,[新聞] 金融股失寵高股息ETF四雄成主流? 他發文,16
2023/11/11,[公告] 11/11 處置公告,0
2023/11/11,Re: [新聞] 輝達傳再推中國特供AI晶片 最快「這時」,88
2023/11/11,[情報] 皇昌(2543)10月營收,8
2023/11/11,[新聞] 一張圖表看14家金控10月獲利大洗牌 新光,25
2023/11/11,[請益] 大盤3955當時是什麼氛圍,85
2023/11/11,[新聞] 美掛牌ADR狂噴6％ 台積電下周飆到,96
2023/11/11,Re: [標的] 本多忠勝，本小該如何?,6
2023/11/11,[標的] 5258.TW虹堡：無人支付商機夯 明年展望佳,6
2023/11/11,Re: [創作] 股票策略驗證網站-小韭菜,3
2023/11/11,Re: [標的] 2206 三陽工業 長期持有 多,23
2023/11/11,Re: [標的] 本多忠勝，本小該如何?,49
2023/11/11,Re: [心得]關於今日4743合一的盤中出貨事件,9
2023/11/11,[新聞] 台積電ADR較現股溢價13% 下周拉積盤再現,86
2023/11/11,[心得] 11/13~11/17 美股財報&經濟數據行事曆,7
2023/11/11,[標的] 2206 三陽工業 長期持有 多,34
2023/11/11,[新聞] 一週熱門零股 緯創 合一 躋身進前十強,6
2023/11/11,Re: [心得]關於今日4743合一的盤中出貨事件,8
2023/11/11,[新聞] 彭博：台灣最快12月引進10萬印度勞工 恐,99
2023/11/11,[標的] 3413.TW 京鼎 長多,49
2023/11/11,[新聞] 台積電adr飆漲超6%，道瓊漲391點,99
2023/11/11,Re: [請益] 國泰複委託之非常難買~,26
2023/11/11,[情報] 112年 證券、期貨公司 10月自結 eps,4
2023/11/11,Re: [心得]關於今日4743合一的盤中出貨事件,24
2023/11/11,[情報] 2206 三陽工業 10月營收,23
2023/11/10,[新聞] 整合零售系統 遠百子公司45億收購太流22%,100
2023/11/10,[情報] 6664 群翊 112年第三季財報Q3 EPS:4.42,12
2023/11/10,[情報] 3402 漢科112年第3季合併財務報告,3
2023/11/10,[情報] 112年11月10日信用交易統計,7
2023/11/10,[情報]  5225 東科-KY Q3 3.27,3
2023/11/10,[情報] 1110 上市櫃外資投信同買排行,2
2023/11/10,[新聞] 《食品股》大成前三季每股盈餘3.68元,15
2023/11/10,[情報] 1110 上市櫃外資投信買超金額排行,1
2023/11/10,Re: [情報] 2330台積電Q3法說會 14:00,60
2023/11/10,[請益] 國泰複委託之非常難買~,25
2023/11/10,[情報] 2903 遠百 10月營收,12
2023/11/10,[情報] 6462 神盾112年第3季合併財務報告,6
2023/11/10,[情報] 1102 亞泥112Q3 EPS：0.81,11
2023/11/10,[情報]6754匯僑設計第三季合併財務報告,2
2023/11/10,[情報] 長榮鋼10月營收5.2億，較去年同期少36%,11
2023/11/10,[情報] 1101台泥Q3 EPS 0.18,29
2023/11/10,[情報] 8936國統 10月營收 4.02億元 年增49.72%,25
2023/11/10,[新聞] 中芯Q3利潤同比暴跌80%,60
2023/11/10,[情報] 6005群益證112年第3季合併財務報告,4
2023/11/10,[情報] 9945 潤泰新 10月營收,23
2023/11/10,[新聞] 勤誠:明年AI具動能，通用型明年續庫存去,6
2023/11/10,[情報] 2324 仁寶 前三季累計EPS 1.35,22
2023/11/10,[情報] 6629 泰金-KY Q3 1.79，H1股利1.5,2
2023/11/10,[情報] 2323 中環 112年第三季合併財務報告,13
2023/11/10,[情報] 112/11/10 八大公股銀行買賣超排行,5
2023/11/10,[情報] 2501 國建 10月營收,17
2023/11/10,[情報] 2855統一證  10月自結-0.2,5
2023/11/10,[新聞] 和碩營收／iPhone15拉貨持續 10月衝上22,6
2023/11/10,[新聞] 聯發科10月營收428億元 寫七個月新高轉年,38
2023/11/10,[情報] 3017奇鋐112年第3季合併財報,13
2023/11/10,[情報] 5876 上海商銀 112年第3季合併財務報告,1
2023/11/10,[情報] 2851中再保112年第3季財務報告,15
2023/11/10,[情報] 5533 皇鼎 Q3:0.69 (H1.5:2.8),2
2023/11/10,[情報] 1402遠東新112年第3季合併財務報告,10
2023/11/10,[情報] 2515中工 2520 冠德前三季合併財務報告,5
2023/11/10,[情報] 1612 宏泰 Q3 0.38 (H1.5 1.43),5
2023/11/10,[情報] 4743合一 速必一通過配方香港發明專利,41
2023/11/10,[情報] 2211長榮鋼112年第3季合併財務報告,60
2023/11/10,[情報] 新光金112年10月自結 累計EPS:-0.16,82
2023/11/10,[情報] 112年【10月金控含銀行】累績EPS排行,39
2023/11/10,[情報] 6290良維 Q3 2.64,15
2023/11/10,[情報] 亞翔112年10月營收 年增100.88%,18
2023/11/10,[情報] 2903 遠百 Q3:0.51  前3季累計1.58,26
2023/11/10,[新聞] 星宇營收／10月20.87億元 年增率445%,28
2023/11/10,[情報] 2882 國泰金 10月自結 0.4 累計 4.18,22
2023/11/10,[情報] 2247 汎德永業 Q3:5.52 累計:17.28,14
2023/11/10,[情報] 所羅門(2359)112年前三季財報EPS3.17,11
2023/11/10,[情報] 5864 致和證 10月自結 -0.527 累計 1.894,6
2023/11/10,[情報] 萬海112年第三季財報 Q3單季EPS:0.91,19
2023/11/10,[情報] 6770 力積電112年10月營收 月增年減,17
2023/11/10,[情報] 9941 裕融 10月自結 0.85 累計 10.16,10
2023/11/10,[情報] 6426統新 10月營收 mom+75.4% yoy+24.9%,5
2023/11/10,[情報] 1110 上市外資買賣超排行,35
2023/11/10,[情報] 2881 富邦金 10月自結 0.31 累計 5.25,28
2023/11/10,[情報] 高端疫苗112年10月營收  年增848.06%,69
2023/11/10,[情報]世芯ky112年10月營收月減2.25%年增130.67%,15
2023/11/10,[情報] 6863永道KY 10月營收,1
2023/11/10,[情報] 2204 中華 10月營收,10
2023/11/10,[情報] 3010華立 Q3 3.02 H1.5 7.16,10
2023/11/10,[情報] 2388 威盛10月營收 mom+3.1% yoy+95.25%,31
2023/11/10,[情報] 4306炎洲 Q3 0.38 H1.5 0.94,12
2023/11/10,[情報] 廣達112年10月營收 月減6.99%年減15.99%,67
2023/11/10,[情報] 5011久陽 112年10月營收,1
2023/11/10,[情報] 6117 迎廣 10月營收,2
2023/11/10,Re: [標的] 台積電W型態冒險多,15
2023/11/10,[情報] 1808 潤隆 Q3財報,9
2023/11/10,[情報] 112年11月10日 三大法人買賣金額統計表,34
2023/11/10,Re: [標的] 緯創3231按錯點火多,17
2023/11/10,[情報] 1110 上市投信買賣超排行,23
2023/11/10,[情報] 6657 華安 112年第三季財報,33
2023/11/10,[新聞] 台積電10月營收創新高 月增逾3成,27
2023/11/10,[情報] 2474 可成 Q3財報,38
2023/11/10,[情報] 2382 廣達 Q3財報,35
2023/11/10,[情報] 2516 新建 十月營收,4
2023/11/10,[情報] 8454富邦媒 10月營收,15
2023/11/10,[情報] 1104 環泥 112年10月營收,5
2023/11/10,[情報] 陽明112年第三季財報 Q3單季EPS:0.8,31
2023/11/10,Re: [標的] 2330 台積電 準備五線翻揚大多特多,42
2023/11/10,[情報] 敦泰112年第三季財報 前三季EPS:1.37,24
2023/11/10,[閒聊] 2023/11/10 盤後閒聊,15
2023/11/10,[情報] 8028 昇陽半導體 現金增資公開申購資訊,3
2023/11/10,[情報] 台積電10月營收月增34.8%,99
2023/11/10,[情報] 英業達112年第三季財報 前三季EPS:1.16,16
2023/11/10,[標的] 緯創3231按錯點火多,100
2023/11/10,[新聞] 合一90度下墜網喊不要鬧！專家：獲利賣壓,50
2023/11/10,Re: [新聞] 通縮壓力大增 大陸10月CPI再減0.2%,10
2023/11/10,Re: [新聞] 通縮壓力大增 大陸10月CPI再減0.2%,4
2023/11/10,[新聞] 輝達傳再推中國特供AI晶片 最快「這時」,16
2023/11/10,[心得] 股市跟虛擬幣走勢兩樣情,20
2023/11/10,[新聞] 別亂碰當沖 他3年負債600萬 賠上20年人生,74
2023/11/10,[新聞] 兆豐金現增每股溢價訂32元　預計募集112:,37
2023/11/10,[請益] ETF 或美元定存,37
2023/11/10,[新聞] 中鋼10月稅前盈餘8.2億元、為5個月最高,19
2023/11/10,[新聞] 新藥獲陸上市許可 合一股價5天強漲20％,100
2023/11/10,Re: [新聞] 彭双浪：面板庫存健康景氣回溫 友達明年,25
2023/11/10,[閒聊] 2023/11/10 盤中閒聊,99
2023/11/10,Re: [新聞] 通縮壓力大增 大陸10月CPI再減0.2%,56
2023/11/10,[新聞] 台股ESG ETF 掀熱潮,28
2023/11/09,[新聞] 通縮壓力大增 大陸10月CPI再減0.2%,99
2023/11/09,[請益] 短期投入ETF,92
2023/11/09,[情報] 1109 上市櫃外資投信同買排行,5
2023/11/09,[情報] 1109 上市櫃外資投信買超金額排行,1
2023/11/09,[新聞] 佳世達財報／第3季毛利率續破16% 創20年,24
2023/11/09,[請益] 美股ETF或公司持股信託請教,16
2023/11/09,[標的] 4979華星光 十月營收創高+強制回補嘎空多,17
2023/11/09,[情報] 112年11月09日信用交易統計,16
2023/11/09,[新聞] 中國10月出口年減6.4% 連續六個月衰退,28
2023/11/09,[情報] 3376 新日興 112年10月營收,13
2023/11/09,[情報] 統一1216 前三季 eps:2.95,15
2023/11/09,[新聞] 藥華藥10月營收5.5億元創歷史新高,29
2023/11/09,[情報] 6223 旺矽 10月營收yoy:11.51% + Q3:4.38,17
2023/11/09,[情報] 鈊象 112年第三季財報 前三季EPS:34.44,22
2023/11/09,[情報] 2753 八方雲集 Q3:2.24,12
2023/11/09,Re: [新聞] 彭双浪：面板庫存健康景氣回溫 友達明年,29
2023/11/09,[請益] 借券效益是不是微乎其微,38
2023/11/09,[新聞] 瑞鼎法說會／Q4毛利率持穩 明年PC與手機,3
2023/11/09,Re: [標的] 3036文曄,36
2023/11/09,[新聞] 需球疲弱，歐洲鋼鐵巨頭安賽樂米塔爾 Q3,11
2023/11/09,[情報] 2540愛山林 6186新潤 10月營收,11
2023/11/09,[新聞] 緯創第3季EPS 1.67元 創近7季新高,53
2023/11/09,[情報] 3617 碩天 112年Q3財報 前三季EPS:13.49,8
2023/11/09,Re: [新聞] 黃仁勳：沒有台積電就不會有輝達 張忠謀,8
2023/11/09,[情報] 8390 金益鼎前三季5.04元,9
2023/11/09,[情報] 2027/8415 大成鋼/大國鋼 Q3 0.55/1.26,6
2023/11/09,[標的] 00929請問適合拿來當穩定領息的標的嗎,0
2023/11/09,[情報] 2891 中信金 10月自結 0.25 累計 2.69,36
2023/11/09,[情報] 2880 華南金 10月自結 0.1 累計 1.34,12
2023/11/09,[新聞] 合一糖尿病足傷口潰瘍新藥 通過大陸審查,99
2023/11/09,[情報] 112/11/09 八大公股銀行買賣超排行,3
2023/11/09,[情報] 6117迎廣Q3,3
2023/11/09,[情報] 2812 台中銀 10月自結 0.11 累計 1.05,37
2023/11/09,[情報] 1324 地球Q3 0.24 100%,3
2023/11/09,[情報] 1104 環泥 112年第3季合併財務報告,11
2023/11/09,[情報] 3231 緯創 Q3財報 EPS 1.61,99
2023/11/09,[新聞] 黃仁勳：沒有台積電就不會有輝達 張忠謀,22
2023/11/09,[情報] 2883 開發金 10月自結 0.07 累計 1.12,32
2023/11/09,[新聞] 輝達再出招 可能針對中國推出最新,66
2023/11/09,[情報] 3025星通 前三季eps 1.56元,6
2023/11/09,Re: [標的] 4743 合一,55
2023/11/09,[新聞] 彭双浪：面板庫存健康景氣回溫 友達明年,22
2023/11/09,Re: [標的] 2105.TW 正新,5
2023/11/09,[情報] 2731 雄獅 前三季6.4元,3
2023/11/09,[情報] 3052 夆典 112年 Q3:0.22 H1.5:0.77,9
2023/11/09,[情報] 1599 宏佳騰 Q3 EPS1.2,11
2023/11/09,[情報] 3693營邦H1.5,28
2023/11/09,[情報] 6517 保勝光學 前三季3.33元,3
2023/11/09,[標的] 6170 統振 移工匯款龍頭多,19
2023/11/09,[情報] 5880 合庫金 10月自結 0.07 累計 1.06,27
2023/11/09,[情報] 3437榮創 Q3 EPS0.15,1
2023/11/09,[情報] 金像電112年第三季財報 前三季EPS:4.96,23
2023/11/09,[情報] 6596 寬宏藝術 Q3 EPS2.15,4
2023/11/09,[新聞] 華通財報／前三季每股稅後純益2.21元 今,8
2023/11/09,[情報] 1109 上市外資買賣超排行,35
2023/11/09,[情報]萬國通112年第3季自結合併損益,7
2023/11/09,[情報] 1234 黑松 112年 Q3 EPS:0.94 H1.5:1.92,11
2023/11/09,[情報] 3346麗清 Q3 0.88,7
2023/11/09,[情報] 2345 智邦 Q3財報,11
2023/11/09,[標的] 3321 緯創聰明融資空,36
2023/11/09,[情報] 4930燦星網  Q3 2.24 H1.5 3.04,9
2023/11/09,Re: [標的] 8086 宏捷科 多,17
2023/11/09,Re: [標的] 美債00687B 哲哲再度加碼一千萬,99
2023/11/09,Re: [請益] 高股息股市菜逼八請益,5
2023/11/09,[情報] 6715嘉基Q3 2.26,1
2023/11/09,[情報] 1524 耿鼎 Q3財報,16
2023/11/09,[情報] 3171新州 Q3 0.79 H1.5 1.64,8
2023/11/09,Re: [請益] 高股息股市菜逼八請益,30
2023/11/09,[情報] 112年11月09日 三大法人買賣金額統計表,42
2023/11/09,[情報] 1109 上市投信買賣超排行,20
2023/11/09,[情報] 6790 永豐實 112年Q3 EPS:1.11,8
2023/11/09,[情報] 5388 中磊 112年Q3 財報,5
2023/11/09,[情報] 4763材料-KY 112年 Q3財報,26
2023/11/09,[新聞] 友達營收／10月211億元 月減13.8%,14
2023/11/09,[請益] 現金增資如何影響財報？,9
2023/11/09,[閒聊] 2023/11/09 盤後閒聊,48
2023/11/09,[情報] 2836 高雄銀 10月自結 0.04,11
2023/11/09,[情報] 2603 長榮 說明工商時報報導,24
2023/11/09,[新聞] 矽統暴跌誰偷撿？「它」默默砸3.6億買破,18
2023/11/09,[新聞] 鴻海：跨足低軌衛星 續朝百元挺進,34
2023/11/09,[請益] 高股息股市菜逼八請益,48
2023/11/09,[新聞] 物價又漲逾3%！央行總裁稱還要觀察,36
2023/11/09,[標的] 6863 永道 KY 服務業缺工轉型長多,4
2023/11/09,[請益] 業績公布的疑問？,3
2023/11/09,[新聞] 波力-KY:公告本公司董事會通過不分派112,24
2023/11/09,[情報] 揚智3041 第三季EPS -1.33,8
2023/11/09,[新聞] 巧新營收／10月月增0.95％、年增40.45％,33
2023/11/09,[標的] 3206 志豐 安全多,7
2023/11/09,[情報] 1519 華城 H1.5 5.6元,15
2023/11/09,[閒聊] 2023/11/09 盤中閒聊,99
2023/11/09,[請益] 股市韭菜定期定額請益,21
2023/11/09,[新聞] 華航Q3賺近23億元年增17倍 前三季EPS 1.1,11
2023/11/09,[情報] 茂順前三季合併獲利7.83億元每股稅後9.41,6
2023/11/09,[新聞] 12檔高息ETF 報酬率按讚,19
2023/11/09,Re: [請益] 高股息ETF是不是未來存股主流？,1
2023/11/08,Re: [請益] 高股息ETF是不是未來存股主流？,5
2023/11/08,[情報] 6770 力積電 Q3 -0.08,84
2023/11/08,Re: [請益] 高股息ETF是不是未來存股主流？,42
2023/11/08,[情報] 2338光罩 112年10月營收及112年Q3合併財,9
2023/11/08,[情報] 112年11月08日信用交易統計,39
2023/11/08,[情報] 2393 億光 112年 Q3 EPS:0.91,14
2023/11/08,[情報] 3715 定穎投控10月營收,18
2023/11/08,[情報] 1108 上市櫃外資投信同買排行,6
2023/11/08,[情報] 1108 上市櫃外資投信買超金額排行,2
2023/11/08,[標的] 2454聯發科 可以持續存股嗎,62
2023/11/08,[請益] 高股息ETF是不是未來存股主流？,48
2023/11/08,[新聞] 華城:公告本公司112年第3季合併財務報告,4
2023/11/08,[情報] 2603 長榮 112年10月營收,96
2023/11/08,[情報] 8112 至上 財報,13
2023/11/08,[情報] 2739 寒舍 自結9月EPS 0.51,5
2023/11/08,[情報] 2845 遠東銀 10月自結 0.07 累計 0.92,54
2023/11/08,[情報] 1314 中石化 112年第3季合併財務報告,24
2023/11/08,[情報] 6125 廣運10月營收,18
2023/11/08,[新聞] 優群法說會／第4季業績季減兩位數、毛利,9
2023/11/08,[情報] 112/11/08 八大公股銀行買賣超排行,13
2023/11/08,[情報] 2886 兆豐金 10月自結 0.13 累計 2.05,21
2023/11/08,[情報] 2323 中環 取得矽統普通股,15
2023/11/08,Fw: [情報] Deucalion 航空公告與華航A350租機交易,1
2023/11/08,[情報] 2887 台新金 10月自結 0.05 累計 0.90,27
2023/11/08,[情報] 2890 永豐金 10月自結 0.09 累計 1.38,13
2023/11/08,[情報] 6515穎崴 112年10月營收年減月減,6
2023/11/08,[情報] 6167 久正 112年 前三季 EPS 1.05,2
2023/11/08,[標的] 00631L 台灣正2 我必須要贏回來,53
2023/11/08,[情報]jpp-KY 112年第三季合併財務報告 EPS:8.27,10
2023/11/08,[情報] 2501 國建 112年 Q3 EPS:0.21,66
2023/11/08,[情報] 5403 中菲 112年第3季合併財務報告,3
2023/11/08,[情報] 5312 寶島科 112年Q3 EPS 1.97,13
2023/11/08,[標的] UPST.US 2023 Q3財報,27
2023/11/08,[情報] 3037 欣興 112年10月營收,29
2023/11/08,[情報] 金像電10月營收29.52 億元,12
2023/11/08,[情報] 4550 長佳 112年Q3 EPS:1.26,7
2023/11/08,[情報] 雲豹能源112年第三季財報 前三季EPS:7.66,100
2023/11/08,[情報]  2610 華航 Q3財報,16
2023/11/08,[情報] 1108 上市外資買賣超排行,39
2023/11/08,[情報] 1513 中興電 Q3財報,13
2023/11/08,[情報] 臺慶科112年第三季財報 前三季EPS:4.66,52
2023/11/08,[新聞] Gogoro 推出 Apple 錢包機車鑰匙！完整實,9
2023/11/08,[情報] 2301光寶科10月營收mom-13.2% yoy-17.8%,30
2023/11/08,[情報] 2892 第一金 10月自結 0.08 累計 1.48,25
2023/11/08,[情報] 2834 臺企銀 10月自結 0.09 累計 1.12,40
2023/11/08,[情報] 112年11月08日 三大法人買賣金額統計表,37
2023/11/08,[情報] 技嘉112年10月營收 月增3.03%年增104.09%,62
2023/11/08,[情報] 1108 上市投信買賣超排行,21
2023/11/08,[情報] 1776展宇10月營收mom+29% yoy+28.4%,1
2023/11/08,[情報] 元太112年10月營收 月減26.46%年減29.89%,42
2023/11/08,[情報] 3260威剛 112年10月 MOM+13.43 YOY+39.59,15
2023/11/08,[情報] 緯穎112年10月營收 月增20.60%年減19.28%,27
2023/11/08,Fw: [新聞]ETF平準金配息設限 公會草案出爐,14
2023/11/08,[情報] 3260 威剛 112年Q3財報,5
2023/11/08,[情報] 2412 中華電 Q3 EPS 1.17,22
2023/11/08,[情報] 4942嘉彰 Q3 1.39 H1.5 3.67,12
2023/11/08,[閒聊] 2023/11/08 盤後閒聊,27
2023/11/08,[情報] 3231緯創10月營收 mom+0.67% yoy-0.25%,99
2023/11/08,[情報] 6485點序 Q3 0.1,5
2023/11/08,[新聞] AI回神緯創挑戰百元、網喊「買公公不如買,27
2023/11/08,[新聞] 2024終端應用恢復正成長法人這樣評估聯詠,0
2023/11/08,[標的] 3227 原相 法會空空空,19
2023/11/08,[新聞] AMAX-KY新秀登場飆逾倍 撇開這因素明年可,13
2023/11/08,[標的] 新產(2850)低調多...,11
2023/11/08,[新聞] 長榮航空大手筆採購33架空中巴士全新客,34
2023/11/08,[標的] 2330 台積電W型態冒險多,24
2023/11/08,[新聞] ETF過熱？ 金管會發五道警示,49
2023/11/08,[新聞] 群聯法說:谷底已過 Q4營運可望明顯優於Q3,31
2023/11/08,[閒聊] 2023/11/08 盤中閒聊,99
2023/11/08,[新聞] 共享泡沫幻滅 WeWork聲請破產保護,65
2023/11/08,[新聞] 雙鴻財報／第3季每股賺5.71元 創單季獲利,8
2023/11/07,[情報] 1107 上市櫃外資投信同買排行,1
2023/11/07,[新聞] 德國批准博世、英飛凌、恩智浦入股台積電,31
2023/11/07,[情報] 1107 上市櫃外資投信買超金額排行,0
2023/11/07,Re: [標的] 6279.TW 胡連 胡啦！！！,1
2023/11/07,[情報] 6235華孚10月營收為5.31億元，年增39.70%,12
2023/11/07,[新聞] 永豐銀開民營銀行業第一槍 董座曹為實拍,30
2023/11/07,[新聞] 聯發科天璣9300功能強大 外資目標價1200,87
2023/11/07,[新聞] 美系外資估ABF供過於求持續到後年 同步,50
2023/11/07,[情報] 112年11月07日信用交易統計,16
2023/11/07,[請益] 市值型ETF是跟高股息ETF一樣一直放著嗎?,23
2023/11/07,[請益] 美債配息問題,23
2023/11/07,[情報] 4167松瑞藥10月營收 yoy-10.9% mom -3.7%,10
2023/11/07,Re: [新聞] 路透：百度大手筆改訂華為AI晶片,37
2023/11/07,[情報]  8227 巨有科技 10月營收0.90億元年減26.,18
2023/11/07,[新聞] 歹年冬！庫存多卻「嘸訂單」　中國多個工,52
2023/11/07,Re: [新聞] 路透：百度大手筆改訂華為AI晶片,6
2023/11/07,鴻海,14
2023/11/07,[新聞] 長榮航前3季每股賺3.05元　砸逾3253億買,30
2023/11/07,[情報] 8096 擎亞 前三季eps -3.0,10
2023/11/07,[情報] 8996 高力 H1.5  6.05,22
2023/11/07,[標的] 板上常推006208 00692二擇一怎麼選?,45
2023/11/07,[新聞] 巴克萊：FED將於1月宣布升息,47
2023/11/07,[情報] 112/11/07 八大公股銀行買賣超排行,6
2023/11/07,[新聞] 國人太愛買ETF已破3.2兆元 敲響金管會警,47
2023/11/07,[情報] 9943 好樂迪 前3季EPS7.56,29
2023/11/07,[新聞] 路透：百度大手筆改訂華為AI晶片,53
2023/11/07,[情報] 3693 營邦 10月營收,17
2023/11/07,[情報] 2801 彰銀 10月自結 0.1 累計 1.04,17
2023/11/07,[新聞] 緯穎AI伺服器佔比突破10%，Q4/明年展望,19
2023/11/07,[情報] 2323 中環 取得 高鐵普通股,11
2023/11/07,[情報] 3017奇鋐 112年10月營收,19
2023/11/07,[情報] 2474 可成 112年10月營收,31
2023/11/07,[情報] 1568 倉佑 Q3 2.21 H1.5 3.03,27
2023/11/07,[情報] 6523達爾膚 Q3財報,11
2023/11/07,[情報] 3264欣銓 112年10月 MOM+0.64% YOY-2.32%,7
2023/11/07,[情報] 3711 日月光 112Q3財報 前三季EPS:5.20,7
2023/11/07,[新聞] 〈環球晶法說〉Q3純益季增15% 前三季EPS,9
2023/11/07,[情報] 2329 華泰10月營收,8
2023/11/07,[情報] 2363 矽統 10月營收,60
2023/11/07,[請益] 手機產業在復甦，為什麼ABF很弱,34
2023/11/07,[新聞] 〈聯詠法說〉終端消費力道回升不明 Q4營,28
2023/11/07,[新聞] 物價好高！10月通膨率飆升至3.05% 九個月,89
2023/11/07,[情報] 3317 尼克森  Q3 1.09 H1.5  2.46,11
2023/11/07,[情報] 3035 智原 10月營收,9
2023/11/07,[新聞] 韓股禁空令1日行情？今天慘跌到暫停交易,57
2023/11/07,[情報] 3206 志豐 Q3 1.46  H1.5 4.46,8
2023/11/07,[情報] 1107 上市外資買賣超排行,22
2023/11/07,[新聞] 生技股再度點火 生技醫療族群表現強勢,18
2023/11/07,[情報] 2884 玉山金 10月自結 0.13 累計 1.17,18
2023/11/07,[情報] 2204 中華 Q3財報,13
2023/11/07,[情報] 4561健樁 q3 1.3 H1.5 2.01,15
2023/11/07,[情報] 3622 洋華 Q3 1.85 Q1-Q3 2.75,19
2023/11/07,[情報] 112年11月07日 三大法人買賣金額統計表,35
2023/11/07,[情報] 2388 威盛 Q3 財報,40
2023/11/07,[情報] 1107 上市投信買賣超排行,21
2023/11/07,[情報] 2889 國票金 10月自結 0.02 累計 0.48,14
2023/11/07,[新聞] 十一長假等影響 台塑四寶10月營收均雙衰,10
2023/11/07,[情報] 8942 森鉅 Q3財報 上半年 股利2,13
2023/11/07,[情報] 2488 漢平 112年10月營收,23
2023/11/07,[請益]籌碼乾淨請問大家怎麼看得?,69
2023/11/07,[情報] 2885 元大金 10月自結 0.1 累計 1.95,24
2023/11/07,Re: [請益] 請問要如何避免被外資割韭菜?,6
2023/11/07,[閒聊] 2023/11/07 盤後閒聊,11
2023/11/07,[情報] 5312 寶島科 112年10月營收,9
2023/11/07,[新聞] AI手機啟動最強換機潮！外資：聯發科天璣,28
2023/11/07,[情報] 3532台勝科10月營收mom-12.4% yoy-28.02%,10
2023/11/07,[新聞] 外資連續6季匯出1600多億美元 中國第三季,37
2023/11/07,[情報] 5292 華懋 現金增資公開申購資訊,0
2023/11/07,Re: [請益] 請問要如何避免被外資割韭菜?,2
2023/11/07,[新聞] 焦點股》華城：訂單滿手 股價重回攻勢,16
2023/11/07,[情報] 聯發科2454 發布天機9300 性能優於高通蘋,85
2023/11/07,Re: [請益] 請問要如何避免被外資割韭菜?,2
2023/11/07,Re: [請益] 請問要如何避免被外資割韭菜?,0
2023/11/07,[新聞] 聯發科擬加碼最多6千張 達發股價勁揚收復,18
2023/11/07,[新聞] 少年股神變心 彭博:51%年輕人轉向債券ETF,36
2023/11/07,Re: [請益] 請問要如何避免被外資割韭菜?,19
2023/11/07,[標的] 4763材料-KY議員多,16
2023/11/07,[新聞] CCL三雄 外資喊買,14
2023/11/07,[閒聊] 2023/11/07 盤中閒聊,99
2023/11/07,[標的] 2867.TW 三商壽,28
2023/11/07,[新聞] 需求不振 研調:11月電視面板全面走跌,31
2023/11/06,[情報] 8420明揚 Q3 -19.21,27
2023/11/06,[新聞] 拋售美債救人民幣....中國10年內減持40％,82
2023/11/06,Re: [新聞] 17檔台股ETF本月除息 00878等5檔年化,0
2023/11/06,[新聞] 中油董事長李順欽預估 今年虧損300億,88
2023/11/06,[新聞] 17檔台股ETF本月除息 00878等5檔年化報酬,18
2023/11/06,[新聞] 余承東與何小鵬隔空互懟 華為電動車被指,17
2023/11/06,[情報] 6122擎邦第三季合併財務報告,9
2023/11/06,Re: [請益] 認真問，初學股票要去哪裡,9
2023/11/06,[新聞] 帶動國內先進封裝產業鏈 美商美光啟用臺,4
2023/11/06,[新聞] 陽明總座：大型海運公司今年本業獲利機會,18
2023/11/06,[情報] 112年11月06日信用交易統計,18
2023/11/06,[情報] 9934 成霖 112年Q3 EPS:0.46,99
2023/11/06,[新聞] 全漢財報／第3季獲利超越上半年 EPS及毛,4
2023/11/06,[標的] 1582 信錦  小短多,18
2023/11/06,[情報] 1106 上市櫃外資投信同買排行,2
2023/11/06,[情報] 1106 上市櫃外資投信買超金額排行,0
2023/11/06,[新聞] 揚秦 新品牌創佳績,13
2023/11/06,[心得] 保羅賺了好幾萬元停利的心得,4
2023/11/06,[情報] 2488漢平 Q3 1.92 單季eps及毛利史高,18
2023/11/06,[情報] 1524耿鼎 10月營收,9
2023/11/06,[情報] 4915 致伸 112年10月,40
2023/11/06,[情報] 112/11/06 八大公股銀行買賣超排行,13
2023/11/06,[情報] 6669 緯穎 一一二年第三季財報,14
2023/11/06,[新聞] 材料-KY營收年增201%、連十月創新高,28
2023/11/06,"[情報] 狂賀！00929 規模突破1,000億",36
2023/11/06,[標的] 2204 中華 多,7
2023/11/06,[標的] 台指大盤 機器學習該不該多,19
2023/11/06,[新聞] 上月CPI年增率逼近3%,37
2023/11/06,[新聞] 矽格10月營收13.52億元 月減約2%,8
2023/11/06,[新聞] 中砂(1560)估Q4鑽石碟較上季微增，砂輪,8
2023/11/06,[情報] 6667 信紘科 112年第3季合併財務報告,11
2023/11/06,Re: [標的] 2330 台積電 準備五線翻揚大多特多,35
2023/11/06,[新聞] 京元電前三季賺3.49元；Q4營運估持穩表現,15
2023/11/06,Re: [請益] 認真問，初學股票要去哪裡,6
2023/11/06,[情報] 世芯-KY 112年9月自結數 單月EPS:4.66,37
2023/11/06,[新聞] 聯電10月營收191.9億元比前月微增 單月,5
2023/11/06,[新聞] 中國又有富豪落馬？鬥魚直播CEO陳少傑,52
2023/11/06,[情報] 4105 東洋 112年10月營收 歷史新高?,37
2023/11/06,[情報] 1106 上市外資買賣超排行,38
2023/11/06,Re: [請益] LINE群詐騙團的標的,7
2023/11/06,Re: [標的] 大盤線仙空,12
2023/11/06,[情報] 2498 宏達電 112Q3財報 前三季EPS:-3.01,52
2023/11/06,[情報] 1785 光洋科112年度第三季合併財務報告,10
2023/11/06,[情報] 卜蜂112年第三季財報 前三季EPS:5.67,14
2023/11/06,[情報] 2356英業達10月營收mom-15% yoy-19.6%,54
2023/11/06,[情報] 2383台光電 112年10月營收,9
2023/11/06,[情報] 112年11月06日 三大法人買賣金額統計表,49
2023/11/06,[情報] 3265台星科10月mom-15.41% yoy-15.55%,1
2023/11/06,[情報] 1106 上市投信買賣超排行,9
2023/11/06,[標的] 大盤線仙空,85
2023/11/06,[情報] 6024 群益期 10月自結 0.49,31
2023/11/06,[情報] 3443創意10月營收 mom-8.4% yoy-12.1%,46
2023/11/06,[閒聊] 2023/11/06 盤後閒聊,19
2023/11/06,Re: [標的] 必應創造(多),6
2023/11/06,Re: [請益] 認真問，初學股票要去哪裡,13
2023/11/06,[新聞] 韓國KOSDAQ指數大漲啟動臨時停牌,54
2023/11/06,[標的] 3036 文曄大戶套牢空,27
2023/11/06,[新聞] 旅展第二天寒舍出現「千萬刷手」,36
2023/11/06,[新聞] 新青安催買盤！房市脫離谷底 最新景氣預,58
2023/11/06,[新聞] 洋基 前三季每股賺15.92元,100
2023/11/06,[新聞] 大陸減產 有利中鋼,52
2023/11/06,[新聞] 焦點股》中鋼：庫藏股15萬張 市場歡呼,15
2023/11/06,[標的] 2732六角,23
2023/11/06,[新聞] 旺季效應 美律Q4營運拚向上,16
2023/11/06,[閒聊] 2023/11/06 盤中閒聊,98
2023/11/06,[請益] LINE群詐騙團的標的,77
2023/11/06,Re: [請益] 認真問，初學股票要去哪裡,6
2023/11/06,Re: [請益] 認真問，初學股票要去哪裡,1
2023/11/06,[公告] 11/5 處置公告,0
2023/11/05,[新聞] 台灣虎航Q3營收近36億年增2378％　陳漢銘,47
2023/11/05,[情報] 2845遠東銀Q3財報,31
2023/11/05,[標的] 請問鴻海(2317)到底適不適合當長期投資,74
2023/11/05,Re: [請益] 認真問，初學股票要去哪裡,7
2023/11/05,[新聞] 友達TV面板出貨能否回溫 法人曝關鍵指標,10
2023/11/05,Re: [請益] 認真問，初學股票要去哪裡,31
2023/11/05,[標的] 中國跌倒概念股？,99
2023/11/05,[標的] 1442 名軒 煎熬多,41
2023/11/05,Re: [請益] 認真問，初學股票要去哪裡,4
2023/11/05,[新聞] 韓國將禁止賣空直到2024年6月,99
2023/11/05,[新聞] 美股強漲逾5％ 重啟狂歡派對,47
2023/11/05,[情報] 2317鴻海10月營收 mom+12% yoy-4.5%,65
2023/11/05,Re: [請益] 認真問，初學股票要去哪裡,5
2023/11/05,Re: [請益] 認真問，初學股票要去哪裡,1
2023/11/05,[標的] 3264.TW 欣銓 多,11
2023/11/05,Re: [請益] 認真問，初學股票要去哪裡,2
2023/11/05,[標的] 必應創造(多),33
2023/11/05,[心得] 小跟怡情，大跟自負盈虧,99
2023/11/05,Re: [請益] 認真問，初學股票要去哪裡,4
2023/11/05,Re: [請益] 在台灣  做空真的不如做多吧？,5
2023/11/05,[情報] 3008 大立光10月營收 mom+13.53% yoy+22.29%,24
2023/11/05,Re: [請益] 在台灣  做空真的不如做多吧？,20
2023/11/05,Re: [請益] 認真問，初學股票要去哪裡,30
2023/11/05,Re: [請益] 認真問，初學股票要去哪裡,2
2023/11/05,Re: [請益] 在台灣  做空真的不如做多吧？,1
2023/11/05,Re: [請益] 認真問，初學股票要去哪裡,0
2023/11/04,[新聞] 84萬鴻海股東不要看！郭明錤揭富士康明年,31
2023/11/04,[新聞] 缺乏好獵物 巴菲特現金儲量達5兆元創新高,60
2023/11/04,Re: [請益] 在台灣  做空真的不如做多吧？,4
2023/11/04,[新聞] FED決定不升息！謝金河曝：中國恐成最大,36
2023/11/04,[公告] 11/04 處置公告,34
2023/11/04,[新聞] 借貸投資ETF可賺7%報酬? 他分析只適合「,15
2023/11/04,Re: [請益] 認真問，初學股票要去哪裡,1
2023/11/04,Re: [請益] 在台灣  做空真的不如做多吧？,7
2023/11/04,Re: [標的] 8940新天地,2
2023/11/04,[心得] 11/06~11/10 美股財報&經濟數據行事曆,16
2023/11/04,Re: [請益] 認真問，初學股票要去哪裡,1
2023/11/04,Re: [請益] 認真問，初學股票要去哪裡,5
2023/11/04,Re: [請益] 在台灣  做空真的不如做多吧？,5
2023/11/04,Re: [請益] 在台灣  做空真的不如做多吧？,25
2023/11/04,Re: [請益] 在台灣  做空真的不如做多吧？,0
2023/11/04,[新聞] 《電零組》AI伺服器前景亮 建準直言明年,13
2023/11/04,Re: [請益] 買債券好還是存美金好?,18
2023/11/04,Re: [情報] 馬斯克: 祖馬之戰 將透過X平台直播,20
2023/11/04,[新聞] 金控投資未實現損失擴大 債券跌價、台股,31
2023/11/04,Re: [請益] 在台灣  做空真的不如做多吧？,32
2023/11/04,Re: [請益] 認真問，初學股票要去哪裡,6
2023/11/04,[請益] 在台灣  做空真的不如做多吧？,99
2023/11/04,[新聞] 國安部：有「唱空者」妄圖引發金融動盪,64
2023/11/04,Re: [請益] 爆衝型盤勢真的無法閃嗎？,3
2023/11/04,[創作] 修煉愛情,0
2023/11/04,Re: [請益] 認真問，初學股票要去哪裡,7
2023/11/04,Re: [請益] 爆衝型盤勢真的無法閃嗎？,45
2023/11/04,[請益] 如何防止長輩被投資廣告騙,60
2023/11/04,Re: [請益] 認真問，初學股票要去哪裡,21
2023/11/04,[新聞] 旺季不旺 蘋果營收連4季衰退,29
2023/11/04,[新聞] 一週熱門零股 廣達交投火 躍前十強,6
2023/11/04,Re: [請益] 認真問，初學股票要去哪裡,3
2023/11/04,"[新聞] 新一波勞動基金下月買股 銀彈達1,365億",48
2023/11/04,[標的] 6683 雍智科技 （多）,5
2023/11/04,[新聞] 警告企業應該做好準備！小摩執行長預估聯,23
2023/11/03,Re: [請益] 認真問，初學股票要去哪裡,22
2023/11/03,[請益] 買債券好還是存美金好?,24
2023/11/03,[情報] 6125 廣運112年第三季合併財務報告,11
2023/11/03,[新聞] 馬斯克預言未來AI時代 人類不再需要工作,64
2023/11/03,[新聞] 機票降價無望？長榮、華航認「高票價會成,25
2023/11/03,[標的] 2227 裕日車 多,6
2023/11/03,[情報] SCFI 20231103 1067.88 +55.28(+5.46%),26
2023/11/03,[情報] 1103 上市櫃外資投信同買排行,0
2023/11/03,[情報] 1103 上市櫃外資投信買超金額排行,0
2023/11/03,[新聞] 美就業市場降溫 強化Fed提前降息預測 主,34
2023/11/03,[情報] 112年11月03日信用交易統計,11
2023/11/03,[新聞] 高端疫苗內線交易案求償延長受理 投保中,3
2023/11/03,[新聞] 中鋼買庫藏股最低16.98元網友熱議　中鋼,16
2023/11/03,[新聞] 中國消費降級下迎雙11 「精緻摳」是特色,21
2023/11/03,Re: [請益] 爆衝型盤勢真的無法閃嗎？,3
2023/11/03,Re: [請益] 爆衝型盤勢真的無法閃嗎？,0
2023/11/03,[新聞] 美10月非農就業新增15萬人低於預期,37
2023/11/03,[情報] 2313華通 112年10月營收,5
2023/11/03,Re: [請益] 爆衝型盤勢真的無法閃嗎？,8
2023/11/03,[新聞] 馬士基大裁員1萬人 估航運市場疲軟至少持續到2026年,73
2023/11/03,[情報] 3293 鈊象 10月營收,23
2023/11/03,Re: [情報] 中鋼決議買回公司股份,2
2023/11/03,Re: [情報] 中鋼決議買回公司股份,8
2023/11/03,[情報] 112/11/03 八大公股銀行買賣超排行,11
2023/11/03,[新聞] 中鋼暌違 15 年再度實施庫藏股！砸 6 億,12
2023/11/03,Re: [標的]  3217優群 真AI委屈多,28
2023/11/03,Re: [新聞] 快訊／不等中國了！觀光署證實「明年春節,14
2023/11/03,Re:  [標的] 大盤 破頸空-follow 9- 反彈陷阱空,30
2023/11/03,[情報] 1777 生泰 Q3 2.08 H1.5 5.08,12
2023/11/03,[情報] 3715 定穎投控 112年Q3財報,13
2023/11/03,[新聞] 萊爾富老闆換人！創辦人光泉汪家撤出經,43
2023/11/03,Re: [新聞] 星巴克財報:美國消費者保持彈性 中國則不,100
2023/11/03,[情報] 1103 上市外資買賣超排行,48
2023/11/03,[情報] 2449 京元電 112年 Q3 EPS 1.26,30
2023/11/03,[情報] 6139 亞翔 112年Q3財報,22
2023/11/03,[新聞] 邁達特10月起合併Brainstorm，營收年增,3
2023/11/03,[請益] 爆衝型盤勢真的無法閃嗎？,55
2023/11/03,[情報] 1477聚陽Q3EPS及10月營收,7
2023/11/03,Re: [新聞] 星巴克財報:美國消費者保持彈性 中國則不,10
2023/11/03,[情報] 2867 三商壽 現金增資(補充:發行價5元),46
2023/11/03,[情報] 112年11月03日 三大法人買賣金額統計表,64
2023/11/03,[情報] 6274台燿 112年10月營收,19
2023/11/03,[情報] 技嘉112年Q3財報 前三季EPS:5.34,100
2023/11/03,[情報] 1103 上市投信買賣超排行,14
2023/11/03,[情報] 2002中鋼Q3 -0.05,41
2023/11/03,[情報] 9924 福興 112年 Q3 2.14,23
2023/11/03,[情報] 2385 群光 112年Q3 EPS 2.93,22
2023/11/03,[請益] 一直有新聞說SSD漲價了 但是?,16
2023/11/03,[閒聊] 2023/11/03 盤後閒聊,24
2023/11/03,[情報] 中鋼決議買回公司股份,54
2023/11/03,[新聞] 快訊／不等中國了！觀光署證實「明年春節,82
2023/11/03,Re: [標的] 遠東新 1402 多,12
2023/11/03,Re: [情報] 鴻海: 集團營運正常，請大眾 明辨是非!,52
2023/11/03,[新聞] 群益台灣精選高息擠進ETF規模500億俱樂部,27
2023/11/03,Re: [情報] 鴻海: 集團營運正常，請大眾 明辨是非!,45
2023/11/03,[標的] 大盤 破頸空-follow 9- 反彈陷阱空,88
2023/11/03,Re: [新聞] 星巴克財報:美國消費者保持彈性 中國則不,9
2023/11/03,Re: [標的] 遠東新 1402 多,100
2023/11/03,[新聞] 玉山金前九月獲利超越去年全年,16
2023/11/03,[閒聊] 2023/11/03 盤中閒聊,99
2023/11/03,[新聞] 央行理事：不排除Q4升息抗通膨,99
2023/11/03,Re: [新聞] 快訊／富士康被查「傳補稅7949億、土地歸,50
2023/11/02,Re: [標的] 2330 台積電 準備五線翻揚大多特多,9
2023/11/02,[新聞] 星巴克財報:美國消費者保持彈性 中國則不,40
2023/11/02,Re: [新聞] 定穎投控、安國11/3起列入處置股票 世芯-,11
2023/11/02,[情報] 鴻海: 集團營運正常，請大眾 明辨是非!,99
2023/11/02,[情報] 1102 上市櫃外資投信同買排行,1
2023/11/02,[情報] 1102 上市櫃外資投信買超金額排行,0
2023/11/02,[新聞] 快訊／富士康被查「傳補稅7949億、土地歸,99
2023/11/02,[情報] 富士康: 堅持合法合規經營。勿傳謠言!,30
2023/11/02,Re: [標的] 2330 台積電 準備五線翻揚大多特多,1
2023/11/02,[新聞] 定穎投控、安國11/3起列入處置股票 世芯-,12
2023/11/02,Re: [標的] 美債TMF試水溫多,26
2023/11/02,[新聞] 16檔國家隊力挺 衝鋒,5
2023/11/02,[新聞] Palantir上季業績超越預期 調升全年營收,21
2023/11/02,[情報] 112年11月02日信用交易統計,15
2023/11/02,[心得] 關於今日4763材料-KY的盤中胖手指事件,83
2023/11/02,[請益] 證券戶的一些問題,39
2023/11/02,[新聞] 證交所：人工智慧題材助攻 台股上半年,5
2023/11/02,[新聞] 市場鬆口氣！美國財政部調降本季借貸目,20
2023/11/02,[標的] Shopify 雙 beat,7
2023/11/02,[新聞] 聯詠：獲利出奇好 買盤推升,11
2023/11/02,[請益] 今天這種行情沒漲的484廢了,69
2023/11/02,Re: [請益] 朋友說買不起房可以買etf收租,0
2023/11/02,[情報] 2727 王品 112年Q3 EPS 4.59 累計13.55,30
2023/11/02,[情報] 2838 聯邦銀 10月自結 0.05 累計 0.89,20
2023/11/02,[新聞] 中國長假＋客戶庫存去化，信邦10月營收年,4
2023/11/02,[情報] 112/11/02 八大公股銀行買賣超排行,23
2023/11/02,[情報] 1477 聚陽 112年10月營收,13
2023/11/02,Re: [請益] 朋友說買不起房可以買etf收租,11
2023/11/02,[情報] 6547 高端疫苗 公告本公司112年第3季合併財務報告,39
2023/11/02,Re: [新聞] 景氣燈號終結連十藍 波段布局高息ETF這樣,2
2023/11/02,[新聞] 捷迅：11月海空運價擬調漲 看好第4季及,0
2023/11/02,[新聞] 央行議事錄鷹派論調,38
2023/11/02,[新聞] 《半導體》義隆Q4營收雙位數季減 董座:AI,22
2023/11/02,[情報] 8487 愛爾達 112年第三季財務報告,13
2023/11/02,[新聞] AI開案量將增加 愛普*樂看明年營運,9
2023/11/02,[情報] 6792詠業 112年第3季 合併財務報告,3
2023/11/02,[新聞] 富邦連3年穩坐台灣最大集團 台積電首度擠進前10大 名列第8,57
2023/11/02,[情報] 1102 上市外資買賣超排行,40
2023/11/02,[情報] 2809 京城銀 10月自結 0.26 累計 4.31,20
2023/11/02,Re: [新聞] 技嘉法說會／提前達成今年度千億元營收,40
2023/11/02,[新聞] 景氣燈號終結連十藍 波段布局高息ETF這樣,6
2023/11/02,[情報] 6902 走著瞧-創 112年Q3財報,13
2023/11/02,[情報] 112年11月02日 三大法人買賣金額統計表,100
2023/11/02,[情報] 1102 上市投信買賣超排行,49
2023/11/02,[情報] 3530晶相光 10月 mom-32.5% yoy+11.7%,1
2023/11/02,[情報] 8086宏捷科 10月mom+13.6 yoy+164.7%,42
2023/11/02,[新聞] 「最狂分析師」倒賺165萬！ 郭哲榮砸5000,60
2023/11/02,[新聞] 儘管債市動盪不止 逢低買入資金仍大舉流E,17
2023/11/02,[情報] 3661 世芯-KY 112年Q3 財報,21
2023/11/02,Re: [請益] 只有台股是平行世界嗎,2
2023/11/02,[情報] 8046 南電 10月營收 112年Q3財報,9
2023/11/02,Re: [請益] 只有台股是平行世界嗎,0
2023/11/02,[閒聊] 2023/11/02 盤後閒聊,43
2023/11/02,[情報] 8150 南茂 112年 Q3 0.8,17
2023/11/02,Re: [新聞] FED不升息！台股漲300點 萬6底部確立,1
2023/11/02,[請益] 只有台股是平行世界嗎,41
2023/11/02,[新聞] 郭明錤：明年iPhone鴻海鄭州廠減產逾35％,51
2023/11/02,[新聞] 台股引日資 台ETF雙掛牌,6
2023/11/02,Re: [情報] 00929配息公告,21
2023/11/02,[新聞] FED不升息！台股漲300點 萬6底部確立,52
2023/11/02,[新聞] 投資人大舉逢低存債 統一美債20年ETF申,20
2023/11/02,[請益] 朋友說買不起房可以買etf收租,57
2023/11/02,[標的] 啟碁洗盤多,10
2023/11/02,[新聞] 台股活水來了　勞動基金1365億元上膛、,99
2023/11/02,Re: [心得] 畢業了,26
2023/11/02,Re: [新聞] 擺脫連10藍！9月出口轉正 景氣燈號轉為,5
2023/11/02,[新聞] 月月領息、存債愛地球 首選00937B ESG,14
2023/11/02,Re: [請益] ETF上市前募集手續費,0
2023/11/02,[閒聊] 2023/11/02 盤中閒聊,100
2023/11/02,Re: [心得] 畢業了,99
2023/11/02,[新聞] Fed利率按兵不動 調高經濟成長評估,29
2023/11/02,[請益] ETF上市前募集手續費,4
2023/11/02,Re: [新聞] 擺脫連10藍！9月出口轉正 景氣燈號轉,19
2023/11/02,[新聞] 股神戰友稱不會持有台積電　坦言「現在要,59
2023/11/01,[情報] 美國十月製造業指數再度轉弱,54
2023/11/01,[新聞] 美眾院委員會擬提案禁政府買陸製無人機,54
2023/11/01,[新聞] 財新中國10月製造業PMI意外降至49.5，重,21
2023/11/01,[情報] 112年11月01日信用交易統計,21
2023/11/01,[情報] 3596 智易 112-Q3 財報,10
2023/11/01,Re: [請益] 股票中籤怎麼沒有進庫存,31
2023/11/01,[情報] 1101 上市櫃外資投信同買排行,0
2023/11/01,[情報] 1101 上市櫃外資投信買超金額排行,0
2023/11/01,Re: [情報] 0056 2023年10月配息組成公告,3
2023/11/01,[情報] 112/11/01 八大公股銀行買賣超排行,17
2023/11/01,[情報] 6285 啟碁 現增價106,60
2023/11/01,[情報] 00929配息公告,57
2023/11/01,[新聞] 台達電今年電動車成長略降至80%,24
2023/11/01,[情報] 6285 啟碁 112年Q3財報,40
2023/11/01,[新聞] 技嘉法說會／提前達成今年度千億元營收,68
2023/11/01,[情報] 8054 安國 9月自結,19
2023/11/01,[情報] 6196 帆宣 112年 Q3財報,7
2023/11/01,[情報] 6116 彩晶 112年第三季合併財務報告,19
2023/11/01,[情報] 00850 2023年10月配息0.7元,11
2023/11/01,[情報] 1101 上市外資買賣超排行,47
2023/11/01,[新聞] 財報：台燿(6274)112年前三季稅後盈餘4,11
2023/11/01,[標的] 6290.TW 良維多,21
2023/11/01,[新聞] 聯發科：天璣9300將是業界最強AI處理器,80
2023/11/01,[新聞] 韓媒：三星電子將逐季調漲NAND價格20%,11
2023/11/01,[情報] 112年11月01日 三大法人買賣金額統計表,76
2023/11/01,[情報] 006208/00692/00900配息公告,47
2023/11/01,[情報] 1101 上市投信買賣超排行,36
2023/11/01,[閒聊] 2023/11/01 盤後閒聊,71
2023/11/01,[請益] 群益一戶通的交割款問題,31
2023/11/01,[標的] 2618長榮航沒人要短短多,26
2023/11/01,[標的] 2347聯強連續11張買盤多...,18
2023/11/01,[新聞] 美國汽車勞資達成加薪協議 連6週罷工可,43
2023/11/01,[標的] 8940新天地,12
2023/11/01,[標的] 4904.TW 遠傳,72
2023/11/01,[新聞] 勞動基金9月單月虧近782億元 前3季收益率,99
2023/11/01,[請益] 異常推介可以認知成反指標嗎,7
2023/11/01,[新聞] 鴻海（2317）下跌會繼續買！專家曝光原因,52
2023/11/01,[新聞] AMD財報／蘇姿丰說明年 AI 晶片銷售20億,57
2023/11/01,Re: [情報] 拜登 簽署行政命令 加強AI監理,0
2023/11/01,[請益] 股票中籤怎麼沒有進庫存,15
2023/11/01,[新聞] 愈跌愈護！八大官股券商認真買！13個交易,72
2023/11/01,[閒聊] 2023/11/01 盤中閒聊,100
2023/11/01,Re: [新聞] 中國製造業景氣回落 10月PMI再度萎縮,4
2023/11/01,Re: [情報] 拜登 簽署行政命令 加強AI監理,9
2023/11/01,[新聞] 封測大廠頎邦被爆逃漏稅6年　關務署證實,62
2023/11/01,[新聞] 外銀估新台幣將貶到33元 楊金龍證實「央,100
2023/11/01,[請益] 幫小孩的存股規劃 求建議,72
2023/11/01,[新聞] 美國第三季ECI超預期成長 Fed高利率難降,9
2023/10/31,[標的] 2382廣達空。為什麼全體法人集體高估廣達,43
2023/10/31,[公告] 10/31 處置公告,33
2023/10/31,[新聞] 雷虎SEMA展丟震撼彈 RC10問世將切入軍用,13
2023/10/31,[情報] 6284 佳邦 112年第3季 合併財務報告,4
2023/10/31,[情報] 拜登 簽署行政命令 加強AI監理,67
2023/10/31,[情報] 112年10月31日信用交易統計,35
2023/10/31,[新聞] 第二場秋季發表傳喜訊 大立光領頭大漲蘋,8
2023/10/31,[新聞] 中國製造業景氣回落 10月PMI再度萎縮,32
2023/10/31,[新聞] 外資10月提款台股1449億 連4月賣超5000億,59
2023/10/31,Re: [情報]  3715 定穎投控 9月自結 0.65,5
2023/10/31,[情報] 1031 上市櫃外資投信同買排行,0
2023/10/31,[新聞] 台股驚險守住萬六大關 金管會:基本面仍穩,70
2023/10/31,[情報] 1031 上市櫃外資投信買超金額排行,0
2023/10/31,[請益] 經濟學好難之智障問題,28
2023/10/31,Re: [心得] 拜登是不是最鷹的聯準會成員,16
2023/10/31,Re: [新聞] 外資從新興亞股大逃亡 台股殺最慘,10
2023/10/31,[心得] 拜登是不是最鷹的聯準會成員,29
2023/10/31,Re: [標的] 2535達欣工減資該如何操作?,6
2023/10/31,[情報] 6811 宏碁資訊 112年第3季 合併財務報告,6
2023/10/31,[新聞] 市場押注亞洲央行重啟升息,47
2023/10/31,[標的] 請問00688L這檔，是不是若美債利率升至,4
2023/10/31,[心得] 畢業了,100
2023/10/31,[新聞] Fed傳聲筒：不排除12月後再升息,45
2023/10/31,[情報] 112/10/31 八大公股銀行買賣超排行,5
2023/10/31,[情報] 2308 台達電 112年第3季合併財務報告,34
2023/10/31,[請益] 想問是不是指數型etf都有設購買上限？,9
2023/10/31,[新聞] 陸無人機巨頭「大疆」網傳被美國罰1945,21
2023/10/31,[標的] 請益3105穩懋,99
2023/10/31,[新聞]特斯拉股價跌破200美元 9天市值蒸發近6兆,53
2023/10/31,Re: [新聞] 外資從新興亞股大逃亡 台股殺最慘,34
2023/10/31,[情報] 1031 上市外資買賣超排行,48
2023/10/31,[情報]  3715 定穎投控 9月自結 0.65,24
2023/10/31,[新聞] 廣達200飛了、緯創90告急 萬六拉警報,33
2023/10/31,[新聞] 確定了！力積電宣布 JSMC 首座晶圓廠落腳,64
2023/10/31,[新聞] 外資從新興亞股大逃亡 台股殺最慘,81
2023/10/31,[情報] 112年10月31日 三大法人買賣金額統計表,96
2023/10/31,Re: [情報] 00878 配息公告,16
2023/10/31,[情報] 1031 上市投信買賣超排行,26
2023/10/31,[請益] 關於菲凡能源倒閉相關問題,25
2023/10/31,Re: [情報] 00878 配息公告,19
2023/10/31,[新聞] 日銀がＹＣＣ運用を再修正、長期金利１％,19
2023/10/31,[情報] 4915 致伸 112年 Q3: 1.63,22
2023/10/31,[閒聊] 2023/10/31 盤後閒聊,39
2023/10/31,[新聞] 聯發科法說後 廣達、緯創等AI股重獲外資,46
2023/10/31,[新聞] 路透：越南著眼建首座晶片廠 台灣力積電,19
2023/10/31,[情報] 00878 配息公告,39
2023/10/31,[心得] 中國的流動性陷阱,24
2023/10/31,[情報] 友達112Q3財報 Q3單季:-0.13,38
2023/10/31,Re: [請益] 重現2008年大跌的可能性,47
2023/10/31,[新聞] 新加坡廠賣世界先進? 友達否認:無此規劃,5
2023/10/31,[新聞] 鴻海：輝達進場救援？股價破底翻,7
2023/10/31,[新聞] 焦點股》廣達：拜登簽AI禁令 摜破200元,42
2023/10/31,[新聞] 央行定存單餘額兩年半縮水1.67兆元 爛頭,31
2023/10/31,Re: [新聞] 越南股市 多頭行情開跑,16
2023/10/31,[標的] 3707漢磊,22
2023/10/31,[新聞] 國發基金強調 政府未賣台積電股票,87
2023/10/31,[新聞] 〈紐約匯市〉傳日銀考慮再調YCC,19
2023/10/31,[閒聊] 2023/10/31 盤中閒聊,100
2023/10/31,[標的] SOXS(反費半) 費半破年線 看清買回多,38
2023/10/31,[新聞] 遠傳併亞太 合併基準日暫定為12月15日,5
2023/10/31,[新聞] 打破掉單傳聞！ 鴻海擴大與輝達在北美合,44
2023/10/31,[請益] 請問海公公質押成本線在哪？,25
2023/10/30,[新聞] 證交所完成系統修改 ETF配息11/1「全都露,6
2023/10/30,[請益] 想問一個國小等級的經濟學問題,23
2023/10/30,[新聞] 鴻海存股價值浮現？分析師曝買點「甜甜價,79
2023/10/30,[新聞] 危邦不入？中國9月外商投資崩34％、創10,55
2023/10/30,[新聞] 鋼市逐步恢復元氣 中鋼「一本三利」護體,56
2023/10/30,[情報] 112年10月30日信用交易統計,11
2023/10/30,[情報] 1030 上市櫃外資投信同買排行,2
2023/10/30,[情報] 1030 上市櫃外資投信買超金額排行,1
2023/10/30,[新聞] 台塑集團傳祭優退政策？南亞董座回應了,46
2023/10/30,[新聞] 美債殖利率飆…9月金融業減損擴大 恐重,45
2023/10/30,[新聞] 〈焦點股〉聯發科獲外資升評 強漲6%重返,22
2023/10/30,Re: [情報] 5904寶雅 112年度第三季財務報告,37
2023/10/30,[情報] 鴻海: 外界對於 鴻海 的營運應有信心!,99
2023/10/30,[情報] 112/10/30 八大公股銀行買賣超排行,37
2023/10/30,[情報] 3189 景碩 112年第3季合併財務報告,25
2023/10/30,[新聞] 閎康Q3獲利減 前三季每股稅前賺10.66元,13
2023/10/30,[新聞] 鴻海旗下工業富聯第3季淨利人民幣63.4億 年增近30%、創同期,40
2023/10/30,Re: [請益] 股票投資跟賭博如何界定,5
2023/10/30,[標的] 該攤平公司債還是美債？,41
2023/10/30,[新聞] 英特爾強勁業績產生積極影響，機構,9
2023/10/30,[情報] 2816 旺旺保 112年第三季財務報告,14
2023/10/30,[情報] 1030  上市外資買賣超排行,74
2023/10/30,[請益] 持股健檢,51
2023/10/30,[情報] 112年10月30日 三大法人買賣金額統計表,76
2023/10/30,[情報] 1030 上市投信買賣超排行,39
2023/10/30,[情報] 5904寶雅 112年度第三季財務報告,35
2023/10/30,[新聞] 清算「富士康」超越國台辦層級 學者曝：,99
2023/10/30,[閒聊] 2023/10/30 盤後閒聊,34
2023/10/30,[情報] 6612 奈米醫材 5607 遠雄港 現金增資公開,4
2023/10/30,[公告] 10/30 處置公告＋系列文禁回,15
2023/10/30,[標的]6488.TW 環球晶 求金多,25
2023/10/30,[心得] 使用國泰APP之前請三思 跟恐龍一樣的公司,37
2023/10/30,Re: [新聞] 中國不只查富士康的稅 還要求資產3千萬人,100
2023/10/30,[新聞] 轉黃藍燈GDP仍難保2 經長:全球經濟都不好,53
2023/10/30,[新聞] 鴻海：中國查稅市場憂心 股價破底,99
2023/10/30,[新聞] 鴻海遭外資連十賣、狂賣超13.98萬張 股價,93
2023/10/30,[閒聊] 2023/10/30 盤中閒聊,100
2023/10/30,[新聞] GPU供貨最快明年好轉 廣達AI伺服器出貨 Q,42
2023/10/30,Re: [請益] 人腦與AI程式交易對決,1
2023/10/30,Re: [新聞] 中國不只查富士康的稅 還要求資產3千萬人,-10
2023/10/30,Re: [新聞] 景氣落入黃藍燈成「股市明燈」？歷史統計,19
2023/10/30,Re: [新聞] 中國不只查富士康的稅 還要求資產3千萬人,19
2023/10/30,Re: [新聞] 中國不只查富士康的稅 還要求資產3千萬人,6
2023/10/30,Re: [新聞] 中國不只查富士康的稅 還要求資產3千萬人,18
2023/10/29,Re: [新聞] 中國不只查富士康的稅 還要求資產3千萬人,43
2023/10/29,[新聞] 中國不只查富士康的稅 還要求資產3千萬人,99
2023/10/29,[新聞] 股市小白被套牢想加「投顧會員」！過來人,36
2023/10/29,[新聞] 上汽集團第三季度淨利降24% 銷量下滑是主,26
2023/10/29,Re: [請益] 有關殖利率倒掛即將修復,0
2023/10/29,Re: [請益] 有關殖利率倒掛即將修復,22
2023/10/29,Re: [請益] 大家如何介入和賣出？,7
2023/10/29,Re: [請益] 大家如何介入和賣出？,4
2023/10/29,Re: [公告] 10/28 處置公告,22
2023/10/29,Re: [請益] 有關殖利率倒掛即將修復,15
2023/10/29,Re: [新聞] 美銀行股股價搖搖欲墜 今年重挫29%,24
2023/10/29,[新聞] 美銀行股股價搖搖欲墜 今年重挫29%,44
2023/10/29,[新聞] 2010春源 永和中正橋委外包商凸槌 上百車毀容,12
2023/10/29,Re: [請益] 有關殖利率倒掛即將修復,10
2023/10/29,[新聞] 英特爾1.8奈米代工 搶到三客戶,59
2023/10/28,Re: [請益] 有關殖利率倒掛即將修復,73
2023/10/28,[請益] 大家如何介入和賣出？,36
2023/10/28,[請益] 有關殖利率倒掛即將修復,100
2023/10/28,Re: [標的] 2618 長榮航 空,15
2023/10/28,Re: [請益] 為何不直接買美債 反而去買台股美債etf?,20
2023/10/28,[請益] 可否請教這篇如何讓沒有經濟背景的人看懂,8
2023/10/28,Re: [請益] 為何美債是買ETF而不買原型,39
2023/10/28,[新聞] 華邦電跨足先進封裝 明年下半年小量生產,20
2023/10/28,Re: [請益] 為何不直接買美債 反而去買台股美債etf?,10
2023/10/28,Re: [標的] 聯發科 2454 四位數強力多,6
2023/10/28,[公告] 10/28 處置公告,67
2023/10/28,[新聞] 一週熱門零股 鴻海 台灣50 買盤進場,10
2023/10/28,[標的] 聯發科 2454 四位數強力多,32
2023/10/28,[請益] 為何美債是買ETF而不買原型,66
2023/10/28,[新聞] 力積電定日本宮城蓋晶片廠 日經:最快2026,51
2023/10/28,[新聞] 上市創新板再添生力軍 愛爾達科技遞件,24
2023/10/28,[心得] 10/30~11/03 美股財報&經濟數據行事曆,15
2023/10/28,[請益] 海外期貨符合技術訊號自動提醒方法請益,10
2023/10/28,Re: [新聞] 李克強6年前會郭台銘，要他把鴻海全產業,65
2023/10/28,[新聞] 【公告】群創董事會決議庫藏股轉讓員工,30
2023/10/28,Re: [請益] 為何不直接買美債 反而去買台股美債etf?,15
2023/10/28,Re: [請益] 為何不直接買美債 反而去買台股美債etf?,12
2023/10/28,[新聞] 李克強6年前會郭台銘，要他把鴻海全產業,27
2023/10/28,Re: [新聞] 林本堅：美國難擋中國晶片進展,-10
2023/10/27,Re: [請益] 為何不直接買美債 反而去買台股美債etf?,39
2023/10/27,Re: [請益] 股票投資跟賭博如何界定,5
2023/10/27,Re: [新聞] 張忠謀：美中脫鉤不利所有人 合作才能加,29
2023/10/27,[新聞] 福特因罷工影響取消財測、EV虧損擴大 盤,32
2023/10/27,Re: [新聞] 「沒想到幾天能賠上百萬」…連最狂分析師,37
2023/10/27,[新聞] 在中國房產和銀行業的投資巨虧 渣打股價,17
2023/10/27,[情報] 112年10月27日信用交易統計,19
2023/10/27,[請益] 加入投顧會員的人多嗎？,37
2023/10/27,[請益] 為何不直接買美債 反而去買台股美債etf?,55
2023/10/27,Re: [新聞] 林本堅：美國難擋中國晶片進展,0
2023/10/27,[情報] 1027 上市櫃外資投信同買排行,0
2023/10/27,[情報] 1027 上市櫃外資投信買超金額排行,2
2023/10/27,[新聞] 「沒想到幾天能賠上百萬」…連最狂分析師,91
2023/10/27,Re: [請益] 股票投資跟賭博如何界定,7
2023/10/27,[新聞] 張忠謀：美中脫鉤不利所有人 合作才能加,73
2023/10/27,Re: [請益] 股票投資跟賭博如何界定,6
2023/10/27,[新聞] 緯創印度廠確定售出！將以38.9億元賣給,82
2023/10/27,[情報] 2454聯發科112上半年股利24.6,25
2023/10/27,[新聞] 信邦前3季每股賺11.21元寫新猷 全年再戰,6
2023/10/27,[情報] 112/10/27 八大公股銀行買賣超排行,6
2023/10/27,[情報] 2323 中環 處分高鐵普通股,34
2023/10/27,[新聞] 華為手機晶片 爆使用ASML設備,24
2023/10/27,[新聞] 想存股想到頭痛 上網跪求起點 2檔老大哥,23
2023/10/27,Re: [新聞] 林本堅：美國難擋中國晶片進展,10
2023/10/27,Re: [新聞] 擺脫連10藍！9月出口轉正 景氣燈號轉為,10
2023/10/27,[情報] 3034 聯詠 Q3財報,18
2023/10/27,[新聞] 聯發科法說會 估Q4營收可望創五季新高,21
2023/10/27,[新聞] 擺脫連10藍！9月出口轉正 景氣燈號轉為,99
2023/10/27,[情報] 1027 上市外資買賣超排行,22
2023/10/27,Re: [新聞] 林本堅：美國難擋中國晶片進展,14
2023/10/27,[新聞] 成熟製程的專家：聯電,45
2023/10/27,Re: [請益] 請教，因為目前不再寬鬆貨幣，關於美股,12
2023/10/27,[情報] SCFI 20231027 1012.6 +94.94(+10.35%),40
2023/10/27,[情報] 112年10月27日 三大法人買賣金額統計表,100
2023/10/27,[新聞] 台股量縮上漲60點收復16100點 週線連2黑,13
2023/10/27,[情報] 1027 上市投信買賣超排行,34
2023/10/27,[標的] 2449京元電遮眼多,30
2023/10/27,[新聞] 赫茲租賃車隊電動化計畫踩剎車,6
2023/10/27,Re: [新聞] 新招！宏達電推《林襄沉浸式寫真》群眾集資計畫,24
2023/10/27,[請益] 請教，因為目前不再寬鬆貨幣，關於美股,12
2023/10/27,[情報] 2344 華邦電 現金增資公開申購資訊,21
2023/10/27,[閒聊] 2023/10/27 盤後閒聊,20
2023/10/27,[情報] 3105穩懋 Q3 0.08,56
2023/10/27,Re: [新聞] 新招！宏達電推《林襄沉浸式寫真》群眾集資計畫,9
2023/10/27,Re: [請益] 股票投資跟賭博如何界定,14
2023/10/27,[新聞] 林本堅：美國難擋中國晶片進展,54
2023/10/27,Re: [請益] 股票投資跟賭博如何界定,11
2023/10/27,Re: [請益] 股票投資跟賭博如何界定,14
2023/10/27,[請益] 為什麼現在沒人討論金磚四國了,75
2023/10/27,Re: [新聞] 資本撤出中國速度前所未有 大摩：不要抄,40
2023/10/27,[標的] 8040 九暘神功多,13
2023/10/27,[新聞] 台灣特斯拉突襲式降價六萬釀暴動 提早交,99
2023/10/27,Re: [請益] 股票投資跟賭博如何界定,10
2023/10/27,[新聞] 撿便宜! 存股大軍狂敲高息ETF,19
2023/10/27,Re: [新聞] 資本撤出中國速度前所未有 大摩：不要抄,6
2023/10/27,[心得] 投資投機跟賭博簡單區別,34
2023/10/27,[新聞] 新招！宏達電推《林襄沉浸式寫真》群眾集資計畫,97
2023/10/27,[閒聊] 2023/10/27 盤中閒聊,98
2023/10/27,Re: [請益] 想請問關於公司間重要技術轉移的事宜,0
2023/10/27,[請益] 股票投資跟賭博如何界定,67
2023/10/27,[新聞] 內線交易借券放空鴻海套利？黃天牧：若有,29
2023/10/27,[標的] 美國航空股 DAL.US LUV.US UAL.US AAL.US,16
2023/10/27,Re: [標的] 2330 台積電 準備五線翻揚大多特多,32
2023/10/27,Re: [標的]3715定穎投控小心空,24
2023/10/27,[新聞] 資本撤出中國速度前所未有 大摩：不要抄,88
2023/10/26,[新聞] 罷工40天後 福特與UAW工會達成協議未來4,42
2023/10/26,[請益] 想請問關於公司間重要技術轉移的事宜,5
2023/10/26,[新聞] 美國房貸利率飆高至7.9％ 創23年新高,98
2023/10/26,[情報] 112年10月26日信用交易統計,37
2023/10/26,[新聞] 美國第三季GDP初值報4.9% 高於預期,62
2023/10/26,[標的] 6527明達醫,6
2023/10/26,[情報] 1026 上市櫃外資投信同買排行,4
2023/10/26,[情報] 1026 上市櫃外資投信買超金額排行,3
2023/10/26,[標的] 2845遠東銀,41
2023/10/26,[新聞] 台積電二期「台中落腳」！盧秀燕證實要,99
2023/10/26,[新聞] 晟銘電AI伺服器訂單Q4增溫，晶片供給仍,14
2023/10/26,[新聞] 日本擬加碼補助台積電1940億元 美國補助,81
2023/10/26,[情報] 112/10/26 八大公股銀行買賣超排行,11
2023/10/26,[新聞] 國巨Q3獲利季增3成　每股賺11.6元,13
2023/10/26,[情報] 2323 中環 取得高鐵普通股,16
2023/10/26,[新聞] 美管制新規取消緩衝期 輝達AI晶片提前禁,14
2023/10/26,[新聞] 金管會公布「大到不能倒」銀行 名單維持6家,33
2023/10/26,[情報] 3443 創意 Q3財報,18
2023/10/26,[新聞] 華爾街再度擔憂即將到來的經濟衰退,34
2023/10/26,[創作]股債雙巴 巴拉 巴巴巴,9
2023/10/26,[情報] 2459 敦吉 Q1~Q3 稅後3.98,6
2023/10/26,[新聞] 快訊／公司治理欠佳！永豐金遭罰千萬　董,53
2023/10/26,[情報] 1026 上市外資買賣超排行,47
2023/10/26,Re: [新聞] 拜登預定下周一簽行政命令 AI將受到廣泛,12
2023/10/26,[請益] 柳橙汁或成最大贏家？,13
2023/10/26,[情報] 1721 三晃 達注意標準公佈財報,24
2023/10/26,[新聞] 全球紙業第一家！永豐餘為何敢加入RE100,10
2023/10/26,[情報] 3481 群創 Q3:-0.21,39
2023/10/26,[標的] 00687B美債20年怎麼持股有GG公司債？,9
2023/10/26,[新聞] 土耳其股市嚇到兩度熔斷! 艾爾段發表強烈,1
2023/10/26,[情報] 1026 上市投信買賣超排行,38
2023/10/26,[新聞] 野村：台股兩大利多支持 回檔即買點,56
2023/10/26,[情報] 3029 零壹 Q1~Q3 3.41,11
2023/10/26,[新聞] 台股收盤大跌285點》谷歌崩跌9.5％ 科技,10
2023/10/26,[情報] 112年10月26日 三大法人買賣金額統計表,85
2023/10/26,[新聞] 拜登預定下周一簽行政命令 AI將受到廣泛,26
2023/10/26,[創作] 被害學你想死,29
2023/10/26,[情報] 6147頎邦 Q3 1.56,22
2023/10/26,[創作] 不能少了我,2
2023/10/26,[創作] 出師表之星宇航空版,18
2023/10/26,[閒聊] 2023/10/26 盤後閒聊,24
2023/10/26,[新聞] 台股破底訊號浮現？黃天牧：台股具備兩優勢韌性佳,28
2023/10/26,[標的] 指數現在就是區間,4
2023/10/26,[情報] 6933 6922 6805 8906 6616 現金增資公開,4
2023/10/26,[新聞] 華泰Q3獲利衝高，全年EPS估逾2元,23
2023/10/26,[請益] 兆遠這陣子是在噴什麼？,4
2023/10/26,[新聞] 0050反一爆逾10萬張大量 00929奪第二,15
2023/10/26,[新聞] 台積電投資德勒斯登 市長：深植歐洲汽車,19
2023/10/26,Re: [心得] PP訂閱的每日報告王被起訴且收攤,5
2023/10/26,[新聞] 日圓跌破150 台幣匯率回測32.5元,99
2023/10/26,[新聞] 台股要破底了？黃天牧信心喊話：台股仍在,98
2023/10/26,[標的] BITI 比特幣反向etf 討論,25
2023/10/26,[新聞] 快訊／不妙！台指期開盤大跌逾200點,97
2023/10/26,Re: [標的] 美債TMF試水溫多,10
2023/10/26,[閒聊] 2023/10/26 盤中閒聊,100
2023/10/26,[新聞] 台股基金定期定額 升溫,12
2023/10/26,[新聞] 外資10月以來賣超830億 連續4個月大砍台,33
2023/10/26,[新聞] 男股票賺一億都不還　欠稅701萬16年遭管,54
2023/10/26,[新聞] 取消緩衝期 輝達AI晶片提前禁銷大陸,78
2023/10/26,[新聞] 碧桂園近5億債息拖過寬限期 美元債券首度,24
2023/10/26,Re: [標的] SOXS 無腦多(賭Fed升息 台積財測爆炸),17
2023/10/26,[公告] 10/26 違規處置公告,2
2023/10/25,[創作] AI快飛,21
2023/10/25,[新聞] 永豐攜手康舒導入信託保障綠電交易 推動,4
2023/10/25,[心得] PP訂閱的每日報告王被起訴且收攤,25
2023/10/25,[請益] 請問IP股和AI族群的關聯性,8
2023/10/25,[情報] 112年10月25日信用交易統計,20
2023/10/25,[新聞] 聯電法說 Q4晶圓出貨估季減5% 毛利率力守,54
2023/10/25,[情報] 1025 上市櫃外資投信同買排行,5
2023/10/25,[新聞] 台達旗下乾坤科技處分 GaN Systems Inc.,15
2023/10/25,[情報] 1025 上市櫃外資投信買超金額排行,0
2023/10/25,[新聞] 中鋼開發高強度汽車用鋁合金　搶下鴻海電,40
2023/10/25,[新聞] 富士康屢傳問題 蘋果培養立訊分訂單,25
2023/10/25,[情報] 3041 揚智 澄清媒體報導,21
2023/10/25,[請益] 智慧加減碼跟手動買,15
2023/10/25,[情報] 112/10/25 八大公股銀行買賣超排行,13
2023/10/25,[情報] 2323 中環 子公司取得矽統普通股,36
2023/10/25,[情報] 2303 聯電 112年 Q3 1.29,45
2023/10/25,Re: [新聞] 陸財政發功 增發1兆人民幣國債,99
2023/10/25,[新聞] 精測第3季財報每股純益0.33元 累計今年前,5
2023/10/25,[情報] 1025 上市外資買賣超排行,42
2023/10/25,[情報] 4979 華星光 9月自結 0.40,35
2023/10/25,[新聞] 聯亞Q3虧損擴大；Q4矽光續成長營收略回升,8
2023/10/25,[情報] 4763 材料-KY 自結8月 7.92,26
2023/10/25,[情報] 112年10月25日 三大法人買賣金額統計表,82
2023/10/25,[情報] 1025 上市投信買賣超排行,33
2023/10/25,[新聞] 美方加快晶片出口新規生效時間 分析文章,4
2023/10/25,[情報] 5871 中租-KY 9月自結 1.18 累計 11.60,41
2023/10/25,[新聞] 這檔金融股昔狂飆飛天！他曬對帳單已慘套,73
2023/10/25,[新聞] 台灣加拿大完成投資協議談判 助攻台企全,17
2023/10/25,[情報] 2383台光電 Q3 6.05,54
2023/10/25,[閒聊] 2023/10/25 盤後閒聊,20
2023/10/25,[新聞] 陸財政發功 增發1兆人民幣國債,94
2023/10/25,[標的] 1402.TW 遠東新,100
2023/10/25,[新聞] 微軟Q1雲端夯、客戶準備推AI 股價嗨；谷,18
2023/10/25,[新聞] 面板雙虎拚轉型 傳捷報,23
2023/10/25,[新聞] 旺宏吳敏求直言，Q4比Q3差,72
2023/10/25,[新聞] 金管會：金控動老本配息為特例,12
2023/10/25,Re: [標的] XLF IHE US,0
2023/10/25,[閒聊] 2023/10/25 盤中閒聊,99
2023/10/25,[新聞] 輝達、聯發科攜手打造CPU 手機晶片一哥,10
2023/10/25,[新聞] 大同看準東南亞新能源商機 攜福華搶下印,2
2023/10/25,[新聞] 美持續升息　8月外幣存款逼近14兆,29
2023/10/25,[新聞] 散戶指標連二減共逾2000億元 央行這樣解,13
2023/10/24,[新聞] 睽違七年台加再簽經貿協議 FIPA已完成談,71
2023/10/24,[新聞] 歐盟推風電方案 2030前裝置量翻倍,26
2023/10/24,Re: [標的] 智捷 8176,18
2023/10/24,[標的] XLF IHE US,7
2023/10/24,Re: [標的] BITO.US,0
2023/10/24,[標的] 8054安國-轉型夢想多,40
2023/10/24,[情報] 1024 上市櫃外資投信同買排行,3
2023/10/24,[情報] 1024 上市櫃外資投信買超金額排行,0
2023/10/24,[情報] 112年10月24日信用交易統計,22
2023/10/24,[新聞] 散戶進場撿便宜?鴻海零股成交逾287.6萬股,74
2023/10/24,[情報] 3693營邦 9月EPS 4.11元,42
2023/10/24,[新聞] 比特幣價格一度創近18個月新高 未來漲勢,21
2023/10/24,[請益] 菜鳥問題 為何外資一直賣 台股還能漲？,98
2023/10/24,[新聞] 無薪假人數又破萬！自行車零組件廠增逾,48
2023/10/24,[新聞] 做空美債還有得賺？ 知名經濟學家：避險,58
2023/10/24,[新聞] 隆銘綠能爆假帳虧損上億元　前負責人夫妻,19
2023/10/24,[情報] 112/10/24 八大公股銀行買賣超排行,25
2023/10/24,[情報] 2337旺宏 Q3 -0.22,16
2023/10/24,[新聞] 鋼市擁十利多 明年大有可為,58
2023/10/24,[新聞] 台積電CoWoS封裝擁優勢 力成：1年內沒廠,16
2023/10/24,[標的] 智捷 8176,14
2023/10/24,[情報] 2886 兆豐金 董事會決議辦理現金增資,69
2023/10/24,[新聞] 力成蔡篤恭：記憶體明年下半年強力反彈,23
2023/10/24,[新聞] 科科科技KKT- KY送件申請第一上市,100
2023/10/24,[請益] 00795B vs 00878,35
2023/10/24,[情報] 1024 上市外資買賣超排行,46
2023/10/24,Re: [請益] 台灣為什麼特別喜歡將子公司獨立上市？,76
2023/10/24,[情報] 112年10月24日 櫃買法人及個股買賣超,16
2023/10/24,[情報] 112年10月24日 三大法人買賣金額統計表,99
2023/10/24,[新聞] 智原法說會 Q3每股稅後純益1.42元 再獲,39
2023/10/24,[創作] 我姓聯,17
2023/10/24,[情報] 1024 上市投信買賣超排行,31
2023/10/24,[閒聊] 2023/10/24 盤後閒聊,26
2023/10/24,[情報] 4119 旭富 8011 台通 現金增資公開申購資,4
2023/10/24,[請益] 關於美債ETF價格變動問題,20
2023/10/24,[標的] 1795.TW 美時,31
2023/10/24,[新聞] 鴻海（2317）逢低買進最佳時機來了？網酸,82
2023/10/24,[請益] 台灣為什麼特別喜歡將子公司獨立上市？,70
2023/10/24,[新聞] 正面對決英特爾 傳輝達研發Arm架構PC晶片,24
2023/10/24,[新聞] 大摩挺聯發科 股價攻千金有望,33
2023/10/24,[新聞] 台積電小跌1元鴻海摜破百元大關 台股早盤,24
2023/10/24,[新聞] 台積電高雄蓋2奈米廠跨步 1.4奈米投資計,79
2023/10/24,[新聞] 瑞銀：美債義和團重現江湖 債息恐續飆,48
2023/10/24,[新聞] 谷月涵：臺股將走跌 網卻嗨爆：短線爆發,13
2023/10/24,[閒聊] 2023/10/24 盤中閒聊,100
2023/10/24,[新聞] 外資按讚聯電 泛聯家軍升勢,14
2023/10/24,[標的] 美債00687B 哲哲再度加碼一千萬,100
2023/10/24,[新聞] 美債殖利率再破5％ 美股開低後回彈,12
2023/10/24,[新聞] 散戶留意 谷月涵示警：台股面臨修正壓力 投資風險偏高,99
2023/10/23,[新聞] 榮剛在手訂單達80億元,13
2023/10/23,Re: [標的] 2330 台積電 準備五線翻揚大多特多,15
2023/10/23,[新聞] 春燕來了? 9月面板生產意外年增16% 連二,52
2023/10/23,[新聞] 「中國股市必須守住」話題引發熱議,56
2023/10/23,Re: [標的] 美債TMF試水溫多,27
2023/10/23,[新聞] 【富士康企業稅務和用地被查，島內議論,25
2023/10/23,[新聞] 工人原料倉小便！青島啤酒「開盤暴跌」蒸,51
2023/10/23,[情報] 112年10月23日信用交易統計,22
2023/10/23,[情報] 1023 上市櫃外資投信同買排行,4
2023/10/23,[新聞] 果粉注意！iPhone 16恐漲價？日媒曝生產,59
2023/10/23,[情報] 1023 上市櫃外資投信買超金額排行,2
2023/10/23,Re: [標的] 2330 台積電 準備五線翻揚大多特多,2
2023/10/23,[標的] 2254.TW 巨鎧精密-創 討論,22
2023/10/23,[情報] 112/10/23 八大公股銀行買賣超排行,15
2023/10/23,[新聞] 兒打破燈具被索賠3萬！網稱千元淘寶貨惹,70
2023/10/23,[新聞] 台股下跌189點！金管會喊基本面仍穩健,99
2023/10/23,[新聞] 證交所董座林修銘接受 CNBC 專訪 暢談證,1
2023/10/23,[創作] 藍色狂潮,6
2023/10/23,[情報] 3037欣興 Q3 1.7,36
2023/10/23,[情報] 2363矽統 Q3 -0.12,78
2023/10/23,[情報] 8996 高力 9月自結,16
2023/10/23,Re: [標的] 大盤 機器學習線仙空,10
2023/10/23,[情報] 3041 揚智 達注意標準公布自結,26
2023/10/23,[情報] 1568 倉佑 9月自結0.23,16
2023/10/23,[情報] 1023 上市外資買賣超排行,42
2023/10/23,Re: [新聞] 馬斯克談特斯拉降價：如果我們價格和TOYO,11
2023/10/23,[情報] 112年10月23日 三大法人買賣金額統計表,65
2023/10/23,[情報] 1023 上市投信買賣超排行,32
2023/10/23,Re: [標的] 2330 台積電 準備五線翻揚大多特多,14
2023/10/23,[新聞] 富士康遭中查稅 鴻海跌逾3%、工業富聯暴,64
2023/10/23,[閒聊] 2023/10/23 盤後閒聊,43
2023/10/23,Re: [新聞] 馬斯克談特斯拉降價：如果我們價格和TOYO,27
2023/10/23,[標的] 2211.TW 長榮鋼 燒垃圾慢慢多,13
2023/10/23,[情報] 3363 上詮 現金增資公開申購資訊,5
2023/10/23,Re: [標的] 2330 台積電 準備五線翻揚大多特多,0
2023/10/23,[新聞] 櫃買海外引資 前進香港,3
2023/10/23,[請益] 請問追蹤指數的etf，是否配息是怎麼決定,1
2023/10/23,[新聞] 保瑞今年營收仍有機會續優財測；看好晨暉,11
2023/10/23,Re: [標的] 2330 台積電 準備五線翻揚大多特多,19
2023/10/23,[新聞] 谷月涵：台股短線有壓 看好四大新興產業,38
2023/10/23,[新聞] 富士康遭大陸查稅引投資人心慌 鴻海爆量,72
2023/10/23,Re: [新聞] 馬斯克談特斯拉降價：如果我們價格和TOYO,16
2023/10/23,Re: [新聞] 中碳躋身半導體鏈 中鋼小金雞變身大金鵬,3
2023/10/23,[心得] 低歌畢業畢業文,100
2023/10/23,[新聞] 聯家軍揚智連拉3根漲停登「周價量爆增,9
2023/10/23,Re: [新聞] 馬斯克談特斯拉降價：如果我們價格和TOYO,14
2023/10/23,[閒聊] 2023/10/23 盤中閒聊,99
2023/10/23,[新聞] 記憶體回暖 Q4合約價看漲,18
2023/10/23,Re: [新聞] 馬斯克談特斯拉降價：如果我們價格和TOYO,33
2023/10/23,[新聞] 0056 00878等五檔高股息ETF換股大秀來了,8
2023/10/22,[新聞] AI股走跌魅力不減 廣達緯創股東數再衝高,99
2023/10/22,Re: [請益] 10～30元的股票，你會停損還是不理它,6
2023/10/22,[新聞] 華西村人均負債逾千萬元 股份被以1元賣掉,35
2023/10/22,[新聞] 繫好安全帶！大空頭示警標普恐暴跌63％,87
2023/10/22,[標的] 2330 台積電 準備五線翻揚大多特多,37
2023/10/22,[新聞] 中信金明年有望配2元? 這類投等公司債報,38
2023/10/22,[公告] 「貧窮感來襲 薪資指標惡化」系列文禁回,41
2023/10/22,[新聞] 澎湖風機老舊停擺、百億台澎海底電纜白蓋,43
2023/10/22,Re: [新聞] 貧窮感來襲 薪資指標惡化,61
2023/10/22,[新聞] 富士康遭中國大陸查稅 鴻海：會積極配合,59
2023/10/22,Re: [新聞] 他斷言「廣達2025年136元」…卻慘被噓！,8
2023/10/22,[情報] 2317 鴻海說明媒體報導,37
2023/10/22,Re: [新聞] 貧窮感來襲 薪資指標惡化,98
2023/10/22,[新聞] 找不到腸病毒疫苗第2劑施打 家長好崩潰,29
2023/10/22,Re: [新聞] 貧窮感來襲 薪資指標惡化,1
2023/10/22,Re: [新聞] 貧窮感來襲 薪資指標惡化,1
2023/10/22,[新聞] 陸官方多部門調查富士康稅務、用地情況,37
2023/10/22,[心得] 10/23~10/27 美股財報&經濟數據行事曆,10
2023/10/22,[新聞] 警告郭台銘？傳富士康中國多間企業遭中共,68
2023/10/22,Re: [新聞] 貧窮感來襲 薪資指標惡化,3
2023/10/22,Re: [新聞] 貧窮感來襲 薪資指標惡化,15
2023/10/22,Re: [新聞] 貧窮感來襲 薪資指標惡化,15
2023/10/22,Re: [新聞] 貧窮感來襲 薪資指標惡化,1
2023/10/22,[新聞] 不自提6%改買高息ETF更賺? 專家1理由小心保命錢被搬光,42
2023/10/22,Re: [新聞] 貧窮感來襲 薪資指標惡化,94
2023/10/22,[公告] 10/22 處置公告,4
2023/10/22,Re: [新聞] 馬斯克談特斯拉降價：如果我們價格和TOYO,15
2023/10/22,[新聞] 貧窮感來襲 薪資指標惡化,98
2023/10/22,[新聞] 【獨家：有關部門依法對富士康旗下企業進,23
2023/10/22,[請益] 油價高漲 電動車會產生替代效果嗎？,7
2023/10/22,[標的] 耿鼎 AM耿耿耿,9
2023/10/22,Re: [新聞] 馬斯克談特斯拉降價：如果我們價格和TOYO,30
2023/10/22,[標的] 3052 夆典 園區多,50
2023/10/22,[情報] 毅嘉 2402 Q3 自結,24
2023/10/21,Re: [請益] 美國一年歲收拿15%出來付利息是龐式騙局?,6
2023/10/21,Re: [請益] 美國一年歲收拿15%出來付利息是龐式騙局?,6
2023/10/21,Re: [新聞] 馬斯克談特斯拉降價：如果我們價格和TOYO,36
2023/10/21,Re: [標的] 3715 定穎投控 基本面跟技術分析,7
2023/10/21,Re: [心得] 美債仔早點名 目前負多少%,30
2023/10/21,[公告] 10/21 處置公告,7
2023/10/21,Re: [請益] 美國一年歲收拿15%出來付利息是龐式騙局?,36
2023/10/21,Re: [心得] 美債仔早點名 目前負多少%,34
2023/10/21,Re: [心得] 美債仔早點名 目前負多少%,21
2023/10/21,Re: [心得] 美債仔早點名 目前負多少%,8
2023/10/21,Re: [新聞] 馬斯克談特斯拉降價：如果我們價格和TOYO,15
2023/10/21,[新聞] ETF掌台股生死簿 基金規模升降有玄機,2
2023/10/21,Re: [心得] 美債仔早點名 目前負多少%,7
2023/10/21,Re: [心得] 美債仔早點名 目前負多少%,15
2023/10/21,[新聞] 馬斯克談特斯拉降價：如果我們價格和TOYO,99
2023/10/21,[標的] 2912 統一超 檳榔渣倒茶葉蛋,82
2023/10/21,Re: [標的] 3715 定穎投控 基本面跟技術分析,43
2023/10/21,Re: [請益] 美國一年歲收拿15%出來付利息是龐式騙局?,3
2023/10/21,Re: [心得] 美債仔早點名 目前負多少%,15
2023/10/21,Re: [請益] 美國一年歲收拿15%出來付利息是龐式騙局?,16
2023/10/21,[請益] Firstrade閒置資金如何運用?,25
2023/10/21,Re: [新聞] 亞特蘭大Fed行長：最快2024年底才會降息,10
2023/10/21,Re: [請益] 美國一年歲收拿15%出來付利息是龐式騙局?,10
2023/10/21,[新聞] 一週熱門零股 台泥 聯電等三檔 進十強,8
2023/10/21,[請益] 美國一年歲收拿15%出來付利息是龐式騙局?,38
2023/10/21,[新聞] 早起就嚇壞！美股再崩「道瓊下殺近300點,60
2023/10/21,[新聞] 基本面有撐 法人：台股Q4迎反彈,49
2023/10/21,Re: [心得] 美債仔早點名 目前負多少%,27
2023/10/21,[新聞] 10年期公債殖利率破5％ 暫停升息機率99%,9
2023/10/21,[標的] 3715 定穎投控 基本面跟技術分析,42
2023/10/21,[新聞] 華爾街恐慌指數創6個月新高 美股即將面臨,26
2023/10/21,[新聞] 三星霸氣宣示晶片計畫：3年內量產2奈米 5,75
2023/10/20,[新聞] ETF 批准預期攪動市場 比特幣又攻至3萬,15
2023/10/20,[新聞] 需求降緩 大陸水泥市場第四季 旺季不旺,21
2023/10/20,[新聞] 亞特蘭大Fed行長：最快2024年底才會降息,54
2023/10/20,[新聞] 美債殖利率5%時代誰要買股？「大賣空」,33
2023/10/20,[新聞] 何時能刷iPhone搭捷運？悠遊卡：恐須10年,51
2023/10/20,[標的] 美債TMF試水溫多,38
2023/10/20,Re: [請益] 請問美債跌跌不休的原因,16
2023/10/20,[情報] 112年10月20日信用交易統計,13
2023/10/20,Re: [標的] FUTU.US 新版難用空,0
2023/10/20,[情報]1215卜蜂   本公司接獲農糧署通知處分違,100
2023/10/20,[情報] 1020 上市櫃外資投信同買排行,0
2023/10/20,[情報] 1020 上市櫃外資投信買超金額排行,0
2023/10/20,[新聞] 研調 電視面板需求明顯減弱 11月價格恐全,41
2023/10/20,[情報] SCFI 20231020 917.66+26.11(+2.93%）,2
2023/10/20,Re: [標的] 2409 友達 (2023.10面板報價),35
2023/10/20,[心得] 外資 台積 ETF 台股 四角關係,8
2023/10/20,[新聞] 他斷言「廣達2025年136元」…卻慘被噓！,22
2023/10/20,[標的] FUTU.US 新版難用空,7
2023/10/20,[標的] 3346 麗清 超級多,17
2023/10/20,[新聞] 〈瑞昱法說〉明年PC有兩大換機動能 車用,15
2023/10/20,[創作] 左右為難,5
2023/10/20,[情報] 112/10/20 八大公股銀行買賣超排行,7
2023/10/20,[標的] 買市值型的ETF基本上都是穩賺不賠的嗎,29
2023/10/20,[新聞] 稱華為GPU對標輝達A100！科大訊飛放話：1,29
2023/10/20,[情報] 112年10月20日 櫃買法人及個股買賣超,13
2023/10/20,[新聞] 永豐光鐸獎八連霸　邁向碳淨零專業銀行,2
2023/10/20,[新聞] 美股空頭警告：標普500指數可能暴跌 63%,92
2023/10/20,[情報] 1020 上市外資買賣超排行,58
2023/10/20,[情報] 112年10月20日 三大法人買賣金額統計表,78
2023/10/20,[情報] 1020 上市投信買賣超排行,44
2023/10/20,[新聞] 《電週邊》特斯拉豬隊友 華孚觸跌停,4
2023/10/20,[新聞] 中經院下修今年經濟成長至1.38%,46
2023/10/20,[閒聊] 2023/10/20 盤後閒聊,26
2023/10/20,[新聞] 中800萬頭獎！男大生宣布「獎金花光了」,98
2023/10/20,[新聞] 廣達殺至200網問AI抄底還有戲嗎？ 專家：,4
2023/10/20,[新聞] 魏哲家：2奈米技壓對手18A,36
2023/10/20,[新聞] 景氣破底翻？傳台積電明年漲價第1槍 三大,17
2023/10/20,Re: [新聞] 華爾街日報：中國不排除爆發金融危機,41
2023/10/20,[新聞] 揚智：聯家軍新飆股 連拉3根漲停,19
2023/10/20,[新聞] 黃仁勳自曝沒穿皮衣原因 揭「為這事」徹,41
2023/10/20,[新聞] 0056除息失靈 法人喊免驚,22
2023/10/20,Re: [請益] 停損心情不好怎麼調適,13
2023/10/20,[新聞] 黃仁勳來台效應失靈 AI族群回檔廣達技嘉,13
2023/10/20,Re: [請益] 停損心情不好怎麼調適,0
2023/10/20,Re: [請益] 停損心情不好怎麼調適,22
2023/10/20,[標的] 2457飛宏 要不要參加抽籤?,47
2023/10/20,Re: [請益] 請問美債跌跌不休的原因,13
2023/10/20,Re: [請益] 請問美債跌跌不休的原因,2
2023/10/20,[閒聊] 2023/10/20 盤中閒聊,99
2023/10/20,[新聞] 華爾街日報：中國不排除爆發金融危機,97
2023/10/20,[心得]  如何利用選擇權對美股進行避險,9
2023/10/20,[公告] 10/20 處置公告,5
2023/10/20,Re: [標的] SOXS 無腦多(賭Fed升息 台積財測爆炸),11
2023/10/20,Re: [標的] 大盤 破頸空-follow 8-煙火秀,32
2023/10/20,[新聞] 中國晶片禁令竟納入「地表最強顯卡」,27
2023/10/19,Re: [請益] 請問美債跌跌不休的原因,17
2023/10/19,Re: [新聞] 輝達RTX 4090顯卡在中國全網斷貨 庫存幾,19
2023/10/19,Re: [新聞] 台泥完成260億元國際籌資 首家企業成功發,15
2023/10/19,[新聞] 輝達RTX 4090顯卡在中國全網斷貨 庫存幾,48
2023/10/19,[請益] 處置股無法融資券 為何融券可以增加?,5
2023/10/19,[新聞] 鴻海砸16億買新壽次順位公司債 預計10,8
2023/10/19,[新聞] 特斯拉Q3財報不如預期　陸行之：砍價取量,38
2023/10/19,[新聞] 美債10年期殖利率直逼5% 大摩：進場點將,36
2023/10/19,[情報] 1019 上市櫃外資投信同買排行,3
2023/10/19,[情報] 112年10月19日信用交易統計,12
2023/10/19,Re: [新聞] 預售市場投資客跑光光　建商哀嚎,11
2023/10/19,[情報] 1019 上市櫃外資投信買超金額排行,2
2023/10/19,[標的]4552力達KY 低本益比.營收創高 多,9
2023/10/19,Re: [新聞] 偷吃00934等3檔高息ETF豆腐 成分股大公開,24
2023/10/19,[新聞] 偷吃00934等3檔高息ETF豆腐 成分股大公開,30
2023/10/19,[新聞] 已和張忠謀吃飯 黃仁勳談「禁令」憂丟陸,48
2023/10/19,[新聞] 金管會卡五關！14家金控明年想拿「老本」,29
2023/10/19,[標的] 請問鴻海被賣不停的原因,85
2023/10/19,[情報] 112/10/19 八大公股銀行買賣超排行,6
2023/10/19,[請益] 公司靠匯率多賺的毛利不算好嗎？,22
2023/10/19,[新聞] 三顧攜手聖緹雅診所 特管法再生醫美案審,2
2023/10/19,Re: [請益] 請問美債跌跌不休的原因,19
2023/10/19,Re: [新聞] 台積電今年資本支出未降！維持320億美元,13
2023/10/19,Re: [新聞] 智慧能源周、淨零永續展10月登場 貿協：,9
2023/10/19,[新聞] 魏哲家直言CoWoS明年產能比今年倍增還多,37
2023/10/19,Re: [情報] 2330台積電Q3法說會 14:00,20
2023/10/19,[情報] 1019 上市外資買賣超排行,45
2023/10/19,[新聞] 30年房貸利率飆上8.5% 23年新高 開銷大增,39
2023/10/19,[新聞] 台積電今年資本支出未降！維持320億美元,18
2023/10/19,[標的] 台指期 空,53
2023/10/19,[情報] 台積電2023年第三季每股盈餘新台幣8.14,11
2023/10/19,[新聞] 華銀主辦力積電251億聯貸,24
2023/10/19,[情報] 112年10月19日 三大法人買賣金額統計表,56
2023/10/19,[情報] 112年10月19日 櫃買法人買賣金額統計表,15
2023/10/19,[情報] 6770 力積電 2023Q3 EPS (-0.08),83
2023/10/19,[新聞] 3奈米首占台積電Q3營收6％ 先進製程高達5,19
2023/10/19,[情報] 1019 上市投信買賣超排行,26
2023/10/19,Re: [新聞] 《油價》伊朗籲對以石油禁運 NYMEX原油登,8
2023/10/19,[新聞] 聯電獲外資圈按讚 最高目標價喊至75元,75
2023/10/19,[閒聊] 2023/10/19 盤後閒聊,25
2023/10/19,[請益] 高價興櫃上市申購是不是不能抽,51
2023/10/19,[情報] 2330台積電Q3法說會 14:00,98
2023/10/19,Re: [心得] 一直賠一直賠一直賠 我不玩了,19
2023/10/19,Re: [新聞] 預售市場投資客跑光光　建商哀嚎,5
2023/10/19,[情報] 台積公司2023年Q3 eps8.14,71
2023/10/19,Re: [請益] 請問美債跌跌不休的原因,14
2023/10/19,Re: [心得] 一直賠一直賠一直賠 我不玩了,46
2023/10/19,[情報] 6658 聯策 現金增資公開申購資訊,4
2023/10/19,Re: [新聞] 預售市場投資客跑光光　建商哀嚎,12
2023/10/19,[新聞] 0056配1.2元陷貼息 持有超過29張加收二代,12
2023/10/19,[請益] 請問美債跌跌不休的原因,81
2023/10/19,[新聞] 台灣氫能與燃料電池夥伴聯盟 參展智慧能源週,10
2023/10/19,[新聞] 達發今上市 蜜月行情可期,59
2023/10/19,[新聞] 美股未見高點 分析師：Nvidia逢低買進機-,10
2023/10/19,[標的] 9910.TW 豐泰 長線佈局多,5
2023/10/19,[請益] 單筆成交25張的意義？,32
2023/10/19,[新聞] A股三大指數均創今年新低 外資連續第4天,8
2023/10/19,[新聞] 智原攜安謀 搶晶片大單,14
2023/10/19,[新聞] 黃仁勳：攜手鴻海打造智慧工廠 推動AI革,32
2023/10/19,[新聞] 黃仁勳訪台未讓AI股再起 早盤股價紛紛向,9
2023/10/19,[新聞] 達發掛牌首日賣壓出籠　跌逾7%拉回,77
2023/10/19,[閒聊] 2023/10/19 盤中閒聊,99
2023/10/19,[新聞] 《油價》伊朗籲對以石油禁運 NYMEX原油登,19
2023/10/19,[新聞] 央行穩匯 台幣轉升,51
2023/10/19,[新聞] 台股大戶散戶全歸隊 Q3散戶進場人數創新,64
2023/10/19,Re: [請益] 幾個ETF和美股特性的問題,15
2023/10/19,Re: [請益] 幾個ETF和美股特性的問題,0
2023/10/19,[請益] 幾個ETF和美股特性的問題,10
2023/10/19,Re: [標的] 大盤 破頸空-follow 7,12
2023/10/19,[新聞] 美國升級限制 中國晶片設備製造商奪下國,20
2023/10/19,Re: [新聞] 台積電頭大了？韓媒揭2奈米競賽慘輸關鍵,12
2023/10/19,[請益] 10～30元的股票，你會停損還是不理它,10
2023/10/19,Re: [標的] 光寶科該停損還是攤平,4
2023/10/19,[新聞] 宏碁資訊布局AI「明年底營收占比達1成」,3
2023/10/19,[新聞] 研調 大尺寸面板出貨規模再下修 2023年減,7
2023/10/19,[新聞] 印度延長食糖出口限制 全球供應鏈再吃緊,6
2023/10/19,[新聞] 美債實質殖利率逼近08年 小摩建議減碼美股,22
2023/10/18,[新聞] 勞動部解決旅宿業缺工 補助訓練費每月12K,0
2023/10/18,[標的] 瑞儀6176新聞看漲說漲看跌說跌？,8
2023/10/18,Re: [標的] 光寶科該停損還是攤平,2
2023/10/18,[新聞] 美國新規將影響輝達A800、H800對中出口,21
2023/10/18,Re: [標的] 光寶科該停損還是攤平,9
2023/10/18,Re: [標的] 光寶科該停損還是攤平,3
2023/10/18,[新聞] 台積電法說押寶 大摩看75％會漲,66
2023/10/18,[情報] 112年10月18日信用交易統計,40
2023/10/18,Re: [標的] 光寶科該停損還是攤平,35
2023/10/18,Re: [新聞] 美股大空頭：標普500指數至年底恐再跌10%,0
2023/10/18,[情報] 1018 上市櫃外資投信同買排行,2
2023/10/18,Re: [請益] 貸款買美國1-3年國債,25
2023/10/18,[情報] 1018 上市櫃外資投信買超金額排行,1
2023/10/18,[新聞] 查理蒙格：AI 已被過度炒作,66
2023/10/18,[標的] 光寶科該停損還是攤平,98
2023/10/18,[標的] 00687B 國泰美債20年ETF 哲哲買完爆量,15
2023/10/18,[新聞] 美法院判HTC專利侵權 恐賠償2.8億元 宏,5
2023/10/18,[新聞] 美股大空頭：標普500指數至年底恐再跌10%,50
2023/10/18,[情報] 112/10/18 八大公股銀行買賣超排行,18
2023/10/18,[新聞] 高盛示警：航運業衰退可能更持久且更嚴重,47
2023/10/18,[請益] 債券etf匯率風險是什麼？,16
2023/10/18,[請益] 貸款買美國1-3年國債,56
2023/10/18,[新聞] 台積電頭大了？韓媒揭2奈米競賽慘輸關鍵,45
2023/10/18,Re: [標的] 3231緯創發生什麼事了,37
2023/10/18,[情報] 1018 上市外資買賣超排行,94
2023/10/18,[新聞] 郭明錤：2023年MacBook出貨預估將衰退約3,23
2023/10/18,[創作] 突然的自我,33
2023/10/18,Re: [新聞] 預售市場投資客跑光光　建商哀嚎,10
2023/10/18,[情報] 112年10月18日 三大法人買賣金額統計表,98
2023/10/18,[情報] 1018 上市投信買賣超排行,31
2023/10/18,[情報] 3289宜特 Q3 1.22,5
2023/10/18,[情報] 6643 M31 9月自結 1.7,11
2023/10/18,[情報] RTX4090也被禁止輸中,98
2023/10/18,[新聞] ASML預期2023營收成長近30% 2024持平,14
2023/10/18,[閒聊] 2023/10/18 盤後閒聊,14
2023/10/18,[請益] A股有類似台灣正2的槓桿大盤ETF嗎？,5
2023/10/18,[請益] 2353宏碁 用手機app盤中顯示錯誤?,4
2023/10/18,[標的] 2388.tw威盛是不是在教訓短線仔,33
2023/10/18,Re: [標的] 2316 楠梓電 多,7
2023/10/18,[新聞] 站穩腳跟！中國第3季GDP成長4.9%,44
2023/10/18,Re: [標的] 3231緯創發生什麼事了,47
2023/10/18,[標的] 2330台積 法說會前kd高檔死亡交叉 跌破季線,16
2023/10/18,[標的] 兆聯-6944.tw 興櫃  冷門價值翻倍多,40
2023/10/18,Re: [標的] 3231緯創發生什麼事了,99
2023/10/18,[新聞] 緯創：輝達3晶片禁輸中 放量摜破90元關卡,25
2023/10/18,[新聞] 黃仁勳搭Model B為鴻海科技日站台　一句,40
2023/10/18,Re: [標的] 2376.TW 技嘉 忍耐等待多,0
2023/10/18,[新聞] 黃仁勳逛夜市台股穩了？鄉民：向下很穩,16
2023/10/18,[新聞] 鴻海科技日亮點！黃仁勳與納智捷電動車,7
2023/10/18,[新聞] 緯創什麼價位可以買進？注意AI抄底「關鍵,51
2023/10/18,[標的] 3564 其陽 多,18
2023/10/18,[新聞] Nvidia 說可能被迫撤出部分國家 產品開發延後 因美擴大晶片,23
2023/10/18,[標的] 3094 聯傑 多,15
2023/10/18,[新聞] 台泥完成260億元國際籌資 首家企業成功發,42
2023/10/18,[新聞] 威剛Q3稅前獲利大躍進 累計前三季每股稅,28
2023/10/18,[閒聊] 2023/10/18 盤中閒聊,99
2023/10/18,[新聞] 倫飛前八月3.59元 逾24年高點,6
2023/10/18,[新聞] 黃仁勳來台 專家：輝達與鴻海在電動車有合作空間,18
2023/10/18,Re: [標的]3715定穎投控小心空,12
2023/10/17,Re: [標的] 3715 定穎投控,18
2023/10/17,[新聞] 美擴大限制輝達晶片銷陸 輝達早盤急挫6%,68
2023/10/17,[新聞] World Gym有股票了！ 證交所董事會今通,77
2023/10/17,[情報] 112年10月17日信用交易統計,17
2023/10/17,[新聞] 山富兩度更正9月營收導致股價大波動 遭櫃買罰60萬,26
2023/10/17,[標的] 6706 惠特 空,7
2023/10/17,[請益] 請問有雙重國籍朋友用過Schwab嗎,3
2023/10/17,[新聞] 美國9月零售銷售成長0.7% 強於預期,43
2023/10/17,[請益] 以軍開進加薩大戰後盤勢,25
2023/10/17,[請益] 元宇宙概念股，買哪支比較有潛力,42
2023/10/17,[情報] 1017 上市櫃外資投信同買排行,2
2023/10/17,[情報] 1017 上市櫃外資投信買超金額排行,2
2023/10/17,[新聞] 宏達電遭告侵權須賠2.86億　公司回應了,8
2023/10/17,[情報] 2323 中環 子公司處分矽統普通股,45
2023/10/17,[標的] 2363.TW 矽統被軋爆,99
2023/10/17,Re: [新聞] Coupang狠踩momo、PChome！它怎敢挾百億,0
2023/10/17,[情報] 112/10/17 八大公股銀行買賣超排行,10
2023/10/17,[新聞] 台股三類基金 績效勇,10
2023/10/17,[情報] 2363 矽統 第一次處置,31
2023/10/17,[新聞] 0056確定配1.2元 配息組成全公開 10月吸,44
2023/10/17,[新聞] 台積電中科廠交地進度提前 可能進階為1奈,41
2023/10/17,Re: [標的] 大家認為2618長榮航的支撐價在哪?,14
2023/10/17,[標的] 大盤 機器學習線仙空,51
2023/10/17,[標的] 3293.TWO 鈊象 心得(可跟保羅一起停利了),0
2023/10/17,[新聞] 00922將配0.57元股息！明天最後買進日,16
2023/10/17,[情報] 112年10月17日 櫃買法人買賣金額統計表,13
2023/10/17,[情報] 1017 上市外資買賣超排行,36
2023/10/17,[情報] 三商壽112年前三季自結EPS:-0.46,34
2023/10/17,[情報] 0056 2023年10月配息組成公告,7
2023/10/17,[情報] 112年10月17日 三大法人買賣金額統計表,100
2023/10/17,[情報] 1017 上市投信買賣超排行,37
2023/10/17,[閒聊] 2023/10/17 盤後閒聊,37
2023/10/17,Re: [新聞] 台積電龍潭擴廠生變 國發會：中科、高雄,24
2023/10/17,Re: [新聞] 蘋果i15在中國開局令人失望 華為奪走市,19
2023/10/17,[標的] 2107.TW 厚生 跟著大股東一起買進（多）,10
2023/10/17,[新聞] AI股跳水網喊「買緯創身心受創」 專家：,79
2023/10/17,[新聞] AI股首選？女股神：特斯拉比輝達更棒！,28
2023/10/17,[新聞] iPhone 16新亮點！　外媒爆A18晶片全採,29
2023/10/17,[標的] 3231緯創發生什麼事了,99
2023/10/17,[請益] 關於公股銀行&官股銀行買賣超疑問,2
2023/10/17,[請益] AI只剩IC設計強？,11
2023/10/17,[新聞] 台積電龍潭擴廠生變 國發會：中科、高雄,36
2023/10/17,[新聞] 威盛：搭上AI列車 法人青睞,16
2023/10/17,[請益] 半導體趨勢,10
2023/10/17,[新聞] 錢坑→金雞母 台鐵公司化 資產翻五倍,97
2023/10/17,[新聞] 台積電今正式宣告：不再考慮進駐龍潭園區,99
2023/10/17,[標的] 大家認為2618長榮航的支撐價在哪?,64
2023/10/17,[新聞] 美財長葉倫：高利率可能持續下去,45
2023/10/17,Re: [新聞] 通膨、高利率重傷美國經濟,0
2023/10/17,[閒聊] 2023/10/17 盤中閒聊,99
2023/10/17,[新聞] 通膨、高利率重傷美國經濟,10
2023/10/17,[情報] 熱門ETF 2023年1~9月內扣費用率,34
2023/10/17,[新聞] 月配高股息ETF報到！00934今開募 3策略,6
2023/10/17,[新聞] 黃天牧信心喊話 台股基本面佳,14
2023/10/17,[標的] 小那+小道 空一個估值修正,26
2023/10/17,[新聞] 台積電今年展望不會再下修，Q4有望優預,6
2023/10/17,[新聞] 蘋果i15在中國開局令人失望 華為奪走市,33
2023/10/17,[公告] 10/16 處置公告,1
2023/10/17,Re: [標的] 3715 定穎投控,4
2023/10/17,[新聞] 摩根大通CEO警告：全球恐迎幾十年來「最,67
2023/10/17,[標的]3715定穎投控小心空,25
2023/10/17,Re: [新聞] 長榮航空遭控要空服員發「曖昧詩卡」 乘-,25
2023/10/16,[新聞] UAW罷工衝擊汽車業 法人對東陽最新評估出,8
2023/10/16,[新聞] 10月ETF除息秀登場 殖利率、績效一次掌握,12
2023/10/16,[標的]  00687B 哲哲買了三千萬美債etf,100
2023/10/16,[新聞] 長榮航空遭控要空服員發「曖昧詩卡」 乘-,52
2023/10/16,[情報] 112年10月16日信用交易統計,14
2023/10/16,[新聞] 投資鑽石生技成9月唯一虧損金控　台新金,2
2023/10/16,[情報] 1016 上市櫃外資投信同買排行,4
2023/10/16,[情報] 1016 上市櫃外資投信買超金額排行,1
2023/10/16,[情報] 6446 藥華藥 擬申請股票轉上市,14
2023/10/16,[情報] 集保App 用戶意見調查 （統一修改匯款帳戶）,14
2023/10/16,[請益] 配股有可能配錯嗎,0
2023/10/16,[標的] 3293.TWO  鈊象 保羅重出江湖多,30
2023/10/16,[情報] 112/10/16 八大公股銀行買賣超排行,7
2023/10/16,"[新聞] AI狂潮未衰？創意外資喊目標1,920元",20
2023/10/16,[情報] 1016 上市外資買賣超排行,66
2023/10/16,[新聞] 宏達電續拓XR、VIVERSE生態圈，布局元城,33
2023/10/16,Re: [標的] 3715 定穎投控,15
2023/10/16,[情報] 112年10月16日 櫃買法人買賣金額統計表,9
2023/10/16,[情報] 112年10月16日 三大法人買賣金額統計表,68
2023/10/16,[請益]  現在到2025年投資標的,68
2023/10/16,[情報] 1016 上市投信買賣超排行,35
2023/10/16,[創作]多愛我一天,4
2023/10/16,[新聞] 陸客今年確定來不了！王國材認：只能看明,99
2023/10/16,[新聞] 元大復華高息ETF 搶手,8
2023/10/16,[新聞] 元大加權ETN上市 連結指數成分股超過900,19
2023/10/16,[閒聊] 2023/10/16 盤後閒聊,36
2023/10/16,Re: [標的] 2363矽統董座多,28
2023/10/16,[新聞] 力積電赴日設廠傳落腳三重縣 就等當地官,55
2023/10/16,[新聞] 00936台新永續高息中小ETF 今開募,25
2023/10/16,[新聞] Coupang狠踩momo、PChome！它怎敢挾百億,99
2023/10/16,[新聞] 國發會龔明鑫：有信心今年GDP保1　惟以,16
2023/10/16,Re: [新聞] 遊戲史上最大交易案過關：微軟成功收購動視暴雪，系列,27
2023/10/16,[新聞] 輝達H800恐遭限？傳美擬加碼AI晶片對中限,24
2023/10/16,[閒聊] 2023/10/16 盤中閒聊,99
2023/10/15,[新聞] 國家隊救場未奏效 A股再失守3100點,37
2023/10/15,[情報] 這是假消息！！網傳「高端流感疫苗沒有做第三期臨床試驗」,100
2023/10/15,[新聞] 榮剛前3季營收突破百億創同期新高　在手,8
2023/10/15,[新聞] 倫飛 外資加碼力挺,11
2023/10/15,[新聞] 聯準會暴力升息 美國迎來13年來最大破產,52
2023/10/15,[新聞] 鴻海帶勁 高盛喊優先買進 目標價上修至149元,34
2023/10/15,[新聞] 國旅房價飆漲超越疫前 旅館上半年住用率,37
2023/10/15,[新聞] 面板雙虎9月營收佳 法人保守看Q4原因曝光,7
2023/10/15,Re: [請益] 1795美時 之前沒有停損的下場,3
2023/10/15,Re: [心得] 做過什麼事轉運？,12
2023/10/15,[標的] 3078 僑威 空,6
2023/10/15,[新聞] 詐騙廣告 平台24小時不下架立即罰,71
2023/10/15,Re: [心得] 做過什麼事轉運？,14
2023/10/15,Re: [請益] 1795美時 之前沒有停損的下場,0
2023/10/15,[標的]9955佳龍 以哈衝突 黃金大漲 多,25
2023/10/15,[請益] 美元保單換美債？,31
2023/10/15,[新聞] 野村：台股大選前3個月平均漲6.23%,18
2023/10/15,[請益] 長榮前兩季稅率高達60%?,9
2023/10/15,[新聞] ChatGPT手機要來了！OpenAI、蘋果、軟銀A,52
2023/10/15,[新聞] Q4趨吉避凶 平衡配置股債ETF,1
2023/10/15,Re: [請益] 1795美時 之前沒有停損的下場,51
2023/10/15,Re: [標的] 2543皇昌 三年漲兩倍多,67
2023/10/15,Re: [新聞] 遊戲史上最大交易案過關：微軟成功收購動視暴雪，系列,73
2023/10/15,[新聞] 力拚ASML！佳能開賣晶片製造新設備,41
2023/10/15,Re: [新聞] 遊戲史上最大交易案過關：微軟成功收購動視暴雪，系列,16
2023/10/15,[新聞] 遊戲史上最大交易案過關：微軟成功收購動視暴雪，系列遊戲將,44
2023/10/14,[新聞] 大陸證監會14日發布股市「限空令」,100
2023/10/14,[新聞] 智慧能源周、淨零永續展10月登場 貿協：,14
2023/10/14,[新聞] 美對中出口管制 台積電爭取無限期豁免,18
2023/10/14,[公告] 10/14 處置公告 其之二,10
2023/10/14,[新聞] 收購破局！　台中銀宣布終止併購美銀行計,48
2023/10/14,[新聞] 急轉彎！ 龍科3期驚傳「台積電放棄設廠」,98
2023/10/14,[新聞] 張忠謀點名日本半導體成功機會大 預言,98
2023/10/14,[情報] 2812 台中銀 終止美國大陸銀行收購案,21
2023/10/14,Re: [請益] 1795美時 之前沒有停損的下場,18
2023/10/14,[標的] 1314.TW 中石化 地板多,24
2023/10/14,[請益] 股權分配的書籍,6
2023/10/14,[新聞] 台積電 2 奈米高雄廠，規劃量產 N2P,49
2023/10/14,[心得]10/16~10/20 美股財報&經濟數據行事曆,12
2023/10/14,[新聞] 張忠謀：台積電未來幾年挑戰恐更為嚴峻,97
2023/10/14,Re: [請益] 1795美時 之前沒有停損的下場,34
2023/10/14,Re: [標的] 00715L 期街口布蘭特正2 投機多,10
2023/10/14,Re: [請益] 1795美時 之前沒有停損的下場,4
2023/10/14,Re: [請益] 1795美時 之前沒有停損的下場,0
2023/10/14,[新聞] 中國房市救不起！ 地產、水泥業將裁員40,79
2023/10/14,[公告] 10/14 處置公告,0
2023/10/14,[新聞] 女股神：AI反通膨能力超過任何利率變化帶,32
2023/10/14,Re: [請益] 1795美時 之前沒有停損的下場,1
2023/10/14,Re: [請益] 1795美時 之前沒有停損的下場,19
2023/10/14,Re: [請益] 1795美時 之前沒有停損的下場,0
2023/10/14,[新聞] 一週熱門零股 聯發科 矽統 廣達 進十強,2
2023/10/14,[新聞] 水手福氣啦！SCFI止跌了 運價出現築底訊,21
2023/10/14,[新聞] 傳力積電晶圓廠獲日本政府補助　金額上,24
2023/10/13,[標的] 2330 台積 法說前討論,15
2023/10/13,[心得] 在股市裡，「偷看答案」有用嗎?,-10
2023/10/13,Re: [請益] 1795美時 之前沒有停損的下場,11
2023/10/13,[情報] 112年10月13日信用交易統計,19
2023/10/13,Re: [新聞] 2020年來最慘的一天！30年期美債殖利率又,23
2023/10/13,Re: [請益] 1795美時 之前沒有停損的下場,6
2023/10/13,Re: [標的] 3526 凡甲 多,7
2023/10/13,[新聞] 2020年來最慘的一天！30年期美債殖利率又,33
2023/10/13,Re: [請益] 1795美時 之前沒有停損的下場,6
2023/10/13,Re: [請益] 1795美時 之前沒有停損的下場,9
2023/10/13,[新聞] 山富漲停後9月營收二度更正 董事長解釋,16
2023/10/13,[情報] 1432 大魯閣 本公司總經理收到臺灣士林地,13
2023/10/13,[請益] 1795美時 之前沒有停損的下場,100
2023/10/13,[情報] 1013 上市櫃外資投信同買排行,1
2023/10/13,[情報] 1013 上市櫃外資投信買超金額排行,0
2023/10/13,[新聞] 前9月總稅收近2.8兆 證交稅估10月提前達,40
2023/10/13,[情報] 112/10/13 八大公股銀行買賣超排行,15
2023/10/13,[標的] 大盤，日幣升值多？,17
2023/10/13,[請益] 美國長債/公債ETF 選擇分配,29
2023/10/13,Re: [標的] 3715 定穎投控,24
2023/10/13,Re: [請益] 如果打仗，戰爭完會開盤嗎？,41
2023/10/13,[創作] 忘記你我做不到,9
2023/10/13,[情報] 2457 飛宏 現金增資公開申購資訊,19
2023/10/13,Re: [標的] 3715 定穎投控  強力買,21
2023/10/13,[情報] 6461 益得 4192 杏國 現金增資公開申購資,4
2023/10/13,[情報] 1013 上市外資買賣超排行,57
2023/10/13,[請益] 哪家軟體可大量查詢均價?,16
2023/10/13,[情報] 112年10月13日 櫃買法人買賣金額統計表,14
2023/10/13,[新聞] 焦點股》中工：鴻海包下雲宇宙AI園區,25
2023/10/13,[新聞] 00929「穩定月配＋速填息」贏投資人心！-,34
2023/10/13,[情報] 112年10月13日 三大法人買賣金額統計表,76
2023/10/13,[情報] SCFI 20231013 891.55 +4.7(+0.53%),3
2023/10/13,Re: [標的] 3045.TW 台灣大,14
2023/10/13,[情報] 1013 上市投信買賣超排行,41
2023/10/13,Re: [心得] 政府護盤對空方根本不公平,7
2023/10/13,[閒聊] 2023/10/13 盤後閒聊,38
2023/10/13,[情報] 6856 鑫傳 現金增資公開申購資訊,4
2023/10/13,[標的] 3045.TW 台灣大,100
2023/10/13,[標的] 廣達  2382.TW老黃來台反彈抄底多,28
2023/10/13,[標的] 2645長榮航太 多,4
2023/10/13,[新聞] 路透：拜登擬對中國海外企業實施AI晶片禁,17
2023/10/13,[新聞] WTO秘書長：以巴衝突若蔓延 將重創全球貿,13
2023/10/13,Re: [心得] 政府護盤對空方根本不公平,3
2023/10/13,[新聞] AI伺服器需求旺 緯穎、廣達急擴產,54
2023/10/13,[新聞] 王美花：台積電美國豁免權得到展延,15
2023/10/13,[標的] 2376.TW 技嘉 忍耐等待多,48
2023/10/13,[新聞] 鴻海傳擴大員工調薪計畫 平均幅度達4%,15
2023/10/13,[新聞] 散熱火紅 大和資本點名奇鋐,7
2023/10/13,Re: [標的] 2364倫飛 在野團結多,7
2023/10/13,[閒聊] 2023/10/13 盤中閒聊,99
2023/10/13,Re: [心得] 政府護盤對空方根本不公平,2
2023/10/13,[新聞] 大立光法說 釋追單利多…董座透露高階鏡,20
2023/10/13,Re: [心得] 政府護盤對空方根本不公平,5
2023/10/13,[新聞] 中華電攜國際夥伴攻6G,20
2023/10/12,[新聞]三星3奈米成果仍不如預期，準備直上2奈米,100
2023/10/12,Re: [請益] 一整年只漲電子不漲傳產正常嗎,1
2023/10/12,[新聞] 昱展改良劑型新藥賣回原開發廠 最高權利,2
2023/10/12,[新聞] 碧桂園危機苦主現身 建滔遭欠近63億債務,7
2023/10/12,[標的] 4919.TW 新唐 該換MCU多了吧,23
2023/10/12,[請益] 美債ETF新手請問,12
2023/10/12,[新聞] 以色列股匯債市受衝擊 台灣金融業、投信,5
2023/10/12,Re: [心得] 政府護盤對空方根本不公平,0
2023/10/12,[情報] 1012 上市櫃外資投信同買排行,1
2023/10/12,[新聞] 中鋼研發優質磁性材料　跨入電動車、低軌,28
2023/10/12,[情報] 112年10月12日信用交易統計,20
2023/10/12,[情報] 1012 上市櫃外資投信買超金額排行,1
2023/10/12,[新聞] 揚秦進軍火鍋界　涮金鍋拚月營收200萬,77
2023/10/12,[新聞] 《食品股》大成斥資10億打造最大洗選蛋廠,23
2023/10/12,"[心得] 從""心""看台股",-10
2023/10/12,[新聞] 美國垃圾債違約率將達2021年的6倍多？IMF,0
2023/10/12,[情報] 9月CPI數據,72
2023/10/12,[新聞] 輝達證實有員工遭擄　為以色列籍工程師,6
2023/10/12,[新聞] 以巴情勢衝擊台灣經貿？王美花：影響不大,18
2023/10/12,[新聞] 南韓成立特別小組 避免以巴衝突波及出口,5
2023/10/12,[新聞] 以巴衝突 台灣金融業及投信基金曝險近178,25
2023/10/12,[新聞] 上市公司9月營收3.4兆元衰退一成 航運、,3
2023/10/12,[情報] 2743 山富 XXXXXXXXXXXXXXXXXXXXXXXXXXXX,32
2023/10/12,[請益] 00934閉鎖期?為什麼00929上市就能馬上配,2
2023/10/12,Re: [心得] 政府護盤對空方根本不公平,12
2023/10/12,[情報] 112/10/12 八大公股銀行買賣超排行,7
2023/10/12,[新聞] 矽統漲停創新高價 8月每股淨損0.04元,67
2023/10/12,Re: [心得] 政府護盤對空方根本不公平,6
2023/10/12,[新聞] 大立光林恩平老實說！3原因拖累毛利率,37
2023/10/12,Re: [心得] 政府護盤對空方根本不公平,13
2023/10/12,Re: [新聞] Ozempic療效奪目 引發腎透析概念股盤前,6
2023/10/12,[新聞] 電信新三雄時代來了！公平會有條件通過,15
2023/10/12,[情報] 鴻海重訊：代子公司新加坡商鴻運科股份有,13
2023/10/12,[情報] 1012 上市外資買賣超排行,52
2023/10/12,Re: [心得] 政府護盤對空方根本不公平,9
2023/10/12,[情報] 112年10月12日 三大法人買賣金額統計表,89
2023/10/12,[新聞] 〈大立光法說〉Q3毛利率跌落到42.56%創42,28
2023/10/12,[情報] 112年10月12日 櫃買法人買賣金額統計表,13
2023/10/12,[新聞] 高端總經理好友靠內線買股賺1.6萬 下場曝,34
2023/10/12,[情報] 1012 上市投信買賣超排行,20
2023/10/12,[情報] 4105 東洋 9月自結 0.8 累計 3.94,40
2023/10/12,[閒聊] 2023/10/12 盤後閒聊,68
2023/10/12,[標的] 2360.TW 致茂,17
2023/10/12,[新聞] 普廷暗示 俄羅斯與OPEC+減產持續至2024,27
2023/10/12,Re: [標的] 00680L 元大美債20正2,13
2023/10/12,[新聞] 9月出口終翻正 台積電法說穩了 謝金河示-,50
2023/10/12,Re: [請益] 現在是買入債券的好時機嗎?,89
2023/10/12,[新聞] Ozempic療效奪目 引發腎透析概念股盤前,23
2023/10/12,[新聞] 無人機國家隊成員雷虎科技參加軍工展 駐,7
2023/10/12,[新聞] 震撼！歐盟終止海運聯盟反壟斷豁免權,54
2023/10/12,[閒聊] 2023/10/12 盤中閒聊,93
2023/10/12,[新聞] Adobe發布新的AI模型 提升圖片設計功能,19
2023/10/12,[新聞] 旺季到 台股ETF逢低布局,5
2023/10/12,[標的] 00680L 元大美債20正2,39
2023/10/12,[情報] 112年 證券、期貨公司 9月自結 eps,3
2023/10/12,[情報] 裕隆 112年9月營收72.05億、年增17.66%,12
2023/10/12,[新聞] 中東戰火燒到AI概念股 輝達取消以色列峰會,14
2023/10/11,[新聞] 永豐金證券積極減碳有成 至8月底碳排減量,3
2023/10/11,[新聞] 好消息？鴻海金雞「樺漢」明清晨5時30分,15
2023/10/11,[情報] 112年【9月份金控股】EPS排名(全已公布),34
2023/10/11,[新聞] 2026退出VR產業？ 宏達電聲明嚴正否認,30
2023/10/11,[情報] 3711 日月光投控 9月營收,7
2023/10/11,[新聞] 國安基金出脫近6成持股 已實現獲利61.8億,100
2023/10/11,[新聞] 碧桂園：無法如期償付境外債 已聘法律顧,17
2023/10/11,[新聞] 雷虎出席美國軍工展秀「可投彈」無人機,20
2023/10/11,[情報] 世紀鋼 2023年9月合併營收12.46億元 年增,3
2023/10/11,[情報] 達爾膚(6523)9月營收7638萬元，月,26
2023/10/11,[情報] 112年10月11日信用交易統計,37
2023/10/11,Re: [標的] 992885 元大金,11
2023/10/11,[情報] 瑞儀112年Q1-Q3合併自結兌換損益,3
2023/10/11,[新聞] 9月出口388億元年增3.4% 翻紅終結連12黑,17
2023/10/11,[請益] 無人機概念股,16
2023/10/11,[情報] 美國9月份生產者物價指數ppi,28
2023/10/11,[標的] 光寶科(2301.TW),12
2023/10/11,[標的] 聯發科 2454 財測高標達標多,11
2023/10/11,[情報] 1011 上市櫃外資投信同買排行,0
2023/10/11,[新聞] 廣達、緯創等AI股嚇甩磨？分析師爆大利多,15
2023/10/11,[情報] 1011 上市櫃外資投信買超金額排行,1
2023/10/11,[情報] 2618 長榮航+2610華航九月營收,20
2023/10/11,[新聞] 財務出問題？Booking.com拖欠住宿費2個月,27
2023/10/11,[新聞] 稱AI被過度炒作 分析師預估2024年衰退,33
2023/10/11,[標的] 6407 相互 歐菲光與華為概念股 多,3
2023/10/11,[情報] 112/10/11 八大公股銀行買賣超排行,26
2023/10/11,[情報] 112年【9月金控含銀行】累績EPS排行,43
2023/10/11,[情報] 穎漢(4562)9月營收7329萬元，月增率14.32,2
2023/10/11,"[情報] 百德 9月營收 MOM+51%, YOY+32%",2
2023/10/11,[情報] 成霖 9月合併營收15.47億元 年增-4.49%,11
2023/10/11,[情報] 2323 中環 取得長榮海運股票,61
2023/10/11,Re: [新聞] 華航9月、Q3、前三季營收創歷年同期新高,1
2023/10/11,[情報] 2888 新光金9月自結0.02 累計-0.05,33
2023/10/11,[情報] 2882 國泰金9月自結0.33  累計3.78,32
2023/10/11,[情報] 2454聯發科9月營收 mom-14.6% yoy-36.2%,70
2023/10/11,[情報] 2883 開發金 9月自結 0.13 累計 1.05,21
2023/10/11,[新聞] 客戶愈多愈賠錢？AI 熱要讓科技大咖獲利,10
2023/10/11,[新聞] 郭明錤：AMD 明後年 AI 晶片出貨料快速,11
2023/10/11,[情報] 8210勤誠 9月 YoY-7.98% MoM 28.37%,8
2023/10/11,[新聞] 記憶體產業觸底？三星Q3獲利年減幅收斂,8
2023/10/11,[情報] 1011 上市外資買賣超排行,64
2023/10/11,[新聞] 華航9月、Q3、前三季營收創歷年同期新高,11
2023/10/11,[情報] 富邦金112年9月自結,45
2023/10/11,[新聞] 以巴衝突恐再推升通膨?主計長朱澤民回應,21
2023/10/11,[情報] 4938 和碩 9月 MOM 48.7% YOY 3.1%,22
2023/10/11,[新聞] 友達 9 月營收 246 億元、年增 51%；群創,19
2023/10/11,[新聞] Google攜PC品牌廠 跨進高階,10
2023/10/11,[情報] 112年10月11日 櫃買法人買賣金額統計表,9
2023/10/11,[新聞] 南亞科第3季虧損擴大 每股虧0.81元,17
2023/10/11,[情報] 3661 世芯-KY 9月 MOM 17.7% YOY 98.2%,27
2023/10/11,[情報] 廣達112年9月營收 月減3.06%年減18.62%,62
2023/10/11,[情報] 1760 喬山 9月營收 YoY 9.5% MoM 9.5%,0
2023/10/11,[情報] 2903 遠百 9月MOM-4.89YOY-2.03%,31
2023/10/11,[情報] 112年10月11日 三大法人買賣金額統計表,87
2023/10/11,"[情報] 中鋼9月自結稅前淨利513,927千元",8
2023/10/11,[情報] 1011 上市投信買賣超排行,21
2023/10/11,[情報] 東哥遊艇9月營收10.2億mom+342% yoy+72%,28
2023/10/11,[情報] 3260威剛 112年9月 MOM+12.49% YOY+3.96%,10
2023/10/11,[情報] 1234 黑松 112年9月,5
2023/10/11,Re: [標的] 遠東新 1402 多,49
2023/10/11,[閒聊] 2023/10/11 盤後閒聊,19
2023/10/11,[情報] 2603 長榮 澄清媒體報導,42
2023/10/11,[情報] 2002中鋼9月營收 mom-3.57% yoy-1.52%,19
2023/10/11,[新聞] 抽大紅包只剩今天！　中籤達發1張賺10.5,43
2023/10/11,[新聞] 鴻海攻電動物流車 Model N影片曝光,36
2023/10/11,[標的] 2364倫飛 在野團結多,18
2023/10/11,[標的] 存美國電信債可以跟存中華電比嗎?,37
2023/10/11,[情報] 1519 華城 澄清媒體報導,11
2023/10/11,[標的] PRZO.US ParaZero 以色列無人機內線強,20
2023/10/11,[標的] 00670L NAQASQ 正2 槓桿多,15
2023/10/11,[請益] 今天算拉積盤嗎,62
2023/10/11,[情報] 6472 保瑞 112年9月營收,14
2023/10/11,Re: [心得] 股票質借心得分享,21
2023/10/11,[新聞] 中碳躋身半導體鏈 中鋼小金雞變身大金鵬,13
2023/10/11,[情報] 6564 安特羅 112年9月營收,3
2023/10/11,Re: [標的] 3715 定穎投控  強力買,3
2023/10/11,Re: [標的] 00670L 富邦NASDAQ正2,7
2023/10/11,[新聞] 巧新9月營收7.07億元 同期新高,26
2023/10/11,[新聞] 總統牌加持 軍工、綠能股受矚目,5
2023/10/11,[閒聊] 2023/10/11 盤中閒聊,99
2023/10/11,[情報] 2338光罩 112年9月營收,8
2023/10/11,[新聞] 台股上攻五訊號亮了 連假後持續衝高機,38
2023/10/11,[公告] 10/10 違規處置公告,0
2023/10/10,[標的] TQQQ 嘎空多,25
2023/10/10,[新聞] 他樂看高鐵買30元很安全 稱是特穩級股票,23
2023/10/10,[新聞] 中東戰火 一帶一路股價受挫 中國散戶緊張,16
2023/10/10,Re: [心得]<7/3更> 在詐騙群組臥底一個月 換了一山衛生紙,27
2023/10/10,[情報] 6533 晶心科 9月營收 YoY -67.1%,37
2023/10/10,[新聞] IMF大幅下調台灣經濟成長至0.8% 物價上漲,66
2023/10/10,Re: [心得] 股票質借心得分享,100
2023/10/10,[新聞] 德國之聲：美中科技戰延燒 中東捲入戰局,15
2023/10/10,[新聞] 00878不要了 比929值得買這檔金融債+平準,5
2023/10/10,[新聞] Fed鴿聲起！道瓊升近200點 2類股領漲,45
2023/10/10,[新聞] 不只以巴開戰利空 謝金河:股市還4大隱憂,100
2023/10/10,Re: [心得] 昨日美股走勢之我的看法,7
2023/10/10,[新聞] 股票ETF十強 科技類聚光,3
2023/10/10,[標的] 1707.TW 葡萄王（請益新聞之解讀）,14
2023/10/10,Re: [心得] 昨日美股走勢之我的看法,23
2023/10/10,[心得] 昨日美股走勢之我的看法,-10
2023/10/09,[新聞] 台積電19日法說先進封裝成焦點 台廠卡位C,22
2023/10/09,[情報] 2425 承啟 9月營收 YoY 49% MoM 29.4%,5
2023/10/09,[新聞] 美媒：印度股市一片榮景 中國慘不忍睹,94
2023/10/09,[新聞] AMD 切割晶圓製造後取得進步，對英特爾 I,21
2023/10/09,[新聞] 韓國：美國同意三星和SK海力士向其中國工,32
2023/10/09,[請益] 現在是買入債券的好時機嗎?,97
2023/10/09,[標的] SCO 兩倍放空原油 多,52
2023/10/09,[新聞] 陸延長對台貿易壁壘調查 至2024大選前一天,97
2023/10/09,[新聞] 黃仁勳行程變動！輝達取消以色列AI高峰會,52
2023/10/09,[請益] 美債長期5% 台股是看空巴,15
2023/10/09,[新聞] 法人近20日買超 15檔二低一高大反攻,1
2023/10/09,[請益] 買etf跟連結基金的具體差別,6
2023/10/09,[新聞] 國安基金第3季例會10/11登場 釋股進度受,3
2023/10/09,Re: [請益] 這次影響會比烏俄戰爭大嗎？,4
2023/10/09,[新聞] 哈瑪斯襲擊釀數百死 以色列股債市重挫,28
2023/10/09,[新聞] 聯發科天璣9300性能曝光　他爆GPU/CPU跑,31
2023/10/08,[新聞] 永豐金 三大法人齊買,16
2023/10/08,[公告] 「巴勒斯坦哈瑪斯...」系列文禁回,100
2023/10/08,Re: [新聞] 巴勒斯坦哈瑪斯宣稱發射5000枚火箭 以色-,22
2023/10/08,[新聞] 以巴交火 以色列股市應聲大跌 房地產股血,95
2023/10/08,[情報] 2457 飛宏112年9月營收,8
2023/10/08,Re: [新聞] 巴勒斯坦哈瑪斯宣稱發射5000枚火箭 以色-,-10
2023/10/08,Re: [新聞] 減少依賴輝達 傳微軟將推自研首款AI晶片,23
2023/10/08,Re: [新聞] 巴勒斯坦哈瑪斯宣稱發射5000枚火箭 以色-,11
2023/10/08,Re: [心得] 00915 VS 同類型高股息討論,3
2023/10/08,Re: [新聞] 巴勒斯坦哈瑪斯宣稱發射5000枚火箭 以色-,53
2023/10/08,[新聞] 元大高股息 正向看待,2
2023/10/08,[標的] 3014 聯陽 多,0
2023/10/08,Re: [新聞] 巴勒斯坦哈瑪斯宣稱發射5000枚火箭,76
2023/10/08,[公告] 10/08 處置名單：memo,1
2023/10/07,[情報] 6477 安集 9月業績,18
2023/10/07,[新聞] 航空票價跌了？台灣虎航：平均跌500元,39
2023/10/07,[新聞] 1500萬每月8-10萬現金流不蝕本 可能嗎？,68
2023/10/07,Re: [新聞] 減少依賴輝達 傳微軟將推自研首款AI晶片,4
2023/10/07,Re: [新聞] 巴勒斯坦哈瑪斯宣稱發射5000枚火箭 以色-,29
2023/10/07,[新聞] 大同智能充電樁 今年營收可望倍增,17
2023/10/07,[新聞] 沃爾瑪：減肥藥使用增加 影響食物銷售,34
2023/10/07,Re: [標的] SQQQ 多,35
2023/10/07,Re: [新聞] 巴勒斯坦哈瑪斯宣稱發射5000枚火箭 以色-,63
2023/10/07,[情報] 6664 群翊9月營收為2.22億元，年增4.89%,16
2023/10/07,[標的] SQQQ 多,23
2023/10/07,[新聞] 超幸運！中籤18張「暴富股」竹北男一聽,89
2023/10/07,[新聞] 巴勒斯坦哈瑪斯宣稱發射5000枚火箭 以色-,100
2023/10/07,Re: [情報] 2501 國建 112年第一季,20
2023/10/07,[新聞] 減少依賴輝達 傳微軟將推自研首款AI晶片,25
2023/10/07,Re: [新聞] 美國對陸晶片新管制 快了,3
2023/10/07,Re: [心得] 分享對近期大盤看法以及投資觀念,1
2023/10/07,[標的] 3702.TW 大聯大 隨便買套了當存股多,21
2023/10/07,[新聞] 9月非農就業發佈後美股大逆轉 市場下週,20
2023/10/07,[新聞] 美國對陸晶片新管制 快了,72
2023/10/07,[新聞] 公債殖利率創高、納收益平準金 00679B,44
2023/10/07,[公告] 10/07 處置公告,1
2023/10/07,[新聞] 一週熱門零股 國泰永續高股息 人氣發燙,7
2023/10/07,[心得] 10/09~10/13 美股財報&經濟數據行事曆,9
2023/10/07,[情報] 00713收益分配通知,17
2023/10/07,[情報] 1603 華電 9月MOM+120.32%/YOY+140.43%,24
2023/10/07,[情報] 6005群益證112年9月份獲利情形,10
2023/10/07,Re: [標的] 6515.TW 穎崴黎明前的黑暗多&今年度對帳,3
2023/10/07,[情報] 6515穎崴 9月營收 月增10.5% 年減39.61%,6
2023/10/07,[新聞] 美元打噴嚏，亞股大失血！,23
2023/10/07,[心得] 分享對近期大盤看法以及投資觀念,0
2023/10/07,[標的] 4763 材料-KY 換 3693 營邦 多,20
2023/10/07,Re: [情報] 9月非農就業&失業率,26
2023/10/07,[情報] 3081聯亞 9月營收 YOY-72.2%,10
2023/10/06,[情報] 4958臻鼎-KY  9月營收,11
2023/10/06,[新聞] 過年團費貴1倍 北海道5天12萬、曼谷6.5萬,37
2023/10/06,[情報] 6752 叡揚 9月營收,5
2023/10/06,[新聞] 投信看好Q4 喊買三類ETF,0
2023/10/06,[情報] 2363矽統 9月營收 年增503.62%,18
2023/10/06,[情報] 8227 巨有科技 MOM-27.67%YOY-40.45%,21
2023/10/06,[情報] 2204中華車9月營收,14
2023/10/06,[情報] 112年9月營收美賣*,35
2023/10/06,Re: [請益] 質借存股 贏面大嗎？,14
2023/10/06,[情報] 3693 營邦 9月營收,5
2023/10/06,Re: [請益] 質借存股 贏面大嗎？,9
2023/10/06,[情報] 112年10月06日信用交易統計,15
2023/10/06,[情報] 3715 定穎投控 9月營收,39
2023/10/06,[標的] 6117.TW 迎廣 富貴險中求多,12
2023/10/06,[情報] 9月非農就業&失業率,99
2023/10/06,[情報] 6284 佳邦 112年9月營收,14
2023/10/06,[情報] 6147 頎邦 9月營收,29
2023/10/06,[情報] 8150 南茂 9月營收,7
2023/10/06,Re: [請益] 質借存股 贏面大嗎？,4
2023/10/06,[新聞] 投資鑽石生技認虧逾20億　台新金9月驚見,37
2023/10/06,[情報] 2439美律 8月營收MoM+74.33% YoY+10.5%,5
2023/10/06,[情報] 8069 元太 112年9月營收,16
2023/10/06,[情報] 4979華星光 9月營收,9
2023/10/06,[情報] 3363上詮 9月營收,6
2023/10/06,Re: [標的] 00670L 富邦NASDAQ正2,4
2023/10/06,[請益] 複委託定期定額,4
2023/10/06,[情報] 2891 中信金 9月自結 0.18 累計 2.44,37
2023/10/06,[新聞] 美元續升或回貶？美國周五出爐的「這項,1
2023/10/06,[情報] 2887 台新金 9月自結 -0.07 累計 0.85,99
2023/10/06,[情報] 1313 聯成112年9月營收,7
2023/10/06,[情報] 2211 長榮鋼 112年9月營收,45
2023/10/06,Re: [請益] 質借存股 贏面大嗎？,12
2023/10/06,[情報] 5880 合庫金 9月自結 0.1 累計 0.99,16
2023/10/06,[情報] 112/10/06 八大公股銀行買賣超排行,11
2023/10/06,Re: [新聞] Fed官員暗示 再升息的可能性降低,5
2023/10/06,[情報] 9941 裕融 9月自結 1.05 累計 9.30,7
2023/10/06,[新聞] Fed官員暗示 再升息的可能性降低,26
2023/10/06,"Re: [情報] 高端疫苗9月營收月增14.79%年增10,19",10
2023/10/06,[情報] 1006 上市櫃外資投信同買排行,2
2023/10/06,[情報] 2488 漢平 9月營收 M+28.22% Y+2.43% 史高,13
2023/10/06,[情報] 2880 華南金 9月自結 0.13 累計 1.24,15
2023/10/06,[情報] 1006 上市櫃外資投信買超金額排行,2
2023/10/06,[情報] 2886 兆豐金 9月自結 0.13 累計 1.92,8
2023/10/06,[情報] 2885 元大金 9月自結 0.13 累計 1.85,15
2023/10/06,[情報] 8299 群聯電子 9月營收,13
2023/10/06,[新聞] 台版晶片禁令？ 王美花：國科會準備公告,8
2023/10/06,[情報] 3037 欣興電子 112年9月營收,22
2023/10/06,[情報] 6117 迎廣 9月MOM-18.28%YOY+5.03%,7
2023/10/06,[情報]  2516 新建 9月營收,7
2023/10/06,[情報] 2812 台中銀 9月自結 0.11,41
2023/10/06,[情報] 2889 國票金 9月自結 0.02 累計 0.46,13
2023/10/06,[情報] 2890 永豐金 9月自結 0.12 累計 1.29,25
2023/10/06,[情報] 2892 第一金 9月自結 0.09 累計 1.40,12
2023/10/06,[情報] 5483 中美晶 112年9月營收,16
2023/10/06,[情報] 2897 王道銀行 112年9月份自結,7
2023/10/06,Re: [新聞] 長榮總座謝惠全28字嘆海運市況　坦言「,18
2023/10/06,"[情報] 高端疫苗9月營收月增14.79%年增10,196.4%",95
2023/10/06,[新聞] 台積電9月營收1804億元 Q3季增13%飛越財,42
2023/10/06,[情報] 1006 上市外資買賣超排行,28
2023/10/06,[情報] 6770 力積電 112年9月營收,24
2023/10/06,[情報] 2884 玉山金 112年9月自結0.13,25
2023/10/06,[情報] 2355 敬鵬 112年9月營收,15
2023/10/06,[情報] 1529 樂事綠能 9月MOM+202.70%YOY+186.2,18
2023/10/06,[情報] 1519 華城 9月MOM+49.99%YOY+84.49%,19
2023/10/06,[情報] 2442新美齊9月營收,7
2023/10/06,[情報] 3231 緯創 112年9月營收,83
2023/10/06,[情報] 2845 遠東銀 112年9月自結 0.09,50
2023/10/06,[新聞] 長榮總座謝惠全28字嘆海運市況　坦言「,32
2023/10/06,[情報] 2834 臺企銀 112年9月自結 0.07,27
2023/10/06,[情報] 112年10月06日 三大法人買賣金額統計表,54
2023/10/06,[情報] 宏達電112年9月營收月增134.89%年增29.78,88
2023/10/06,[情報] 5864 致和證 9月自結 -0.438 累計 2.421,12
2023/10/06,Re: [請益] 美國欠債33兆鎂 難道不會進一步推升通膨?,8
2023/10/06,[情報] 1006 上市投信買賣超排行,31
2023/10/06,[情報] 2540愛山林 2542興富發 9月營收,11
2023/10/06,[情報] 6024群益期112年9月份獲利情形,12
2023/10/06,[情報] 技嘉112年9月營收 月增36.31%年增85.58%,96
2023/10/06,[新聞] 中華電助威 打造林口新創園區5G AIoT物聯,8
2023/10/06,[情報] 1707 葡萄王 112年9月營收,22
2023/10/06,[情報] 6216 居易 112年9月營收,6
2023/10/06,[情報] 3034 聯詠 112年9月營收 yoy+54.93%,20
2023/10/06,[情報] 5312 寶島科 112年9月營收,1
2023/10/06,[情報] 海悅代銷9月營收 月增1.34%年增51.91%,18
2023/10/06,[情報] 4105 東洋 112年9月營收,12
2023/10/06,[情報] 2603 長榮 112年9月營收,73
2023/10/06,[閒聊] 2023/10/06 盤後閒聊,12
2023/10/06,[情報] 緯穎112年9月營收 月減19.25%年減50.11%,100
2023/10/06,[情報] 3596智易 九月營收,7
2023/10/06,[情報] 2330台積電9月營收 mom-4.4% yoy-13.4%,100
2023/10/06,[標的] 美股etf還是台灣的美股etf?,17
2023/10/06,[請益] 美債ETF的殖利率為何跟美債差那麼多？,27
2023/10/06,Re: [請益] 美國欠債33兆鎂 難道不會進一步推升通膨?,8
2023/10/06,[情報] 1568 倉佑 112年9月營收,15
2023/10/06,[新聞] 四台廠助華為建廠王美花證實調查：若違,39
2023/10/06,[新聞] 美國公債殖利率近5％ 削弱股市吸引力,31
2023/10/06,[新聞] 黃仁勳將參加鴻海科技日？AI股鴻海、廣達,6
2023/10/06,[新聞] 3大股東有共識　華新麗華焦家明年掌東元,6
2023/10/06,Re: [請益] 美國欠債33兆鎂 難道不會進一步推升通膨?,7
2023/10/06,[新聞] 扯！45少年洗劫店鋪還大喇喇在門口賣贓,67
2023/10/06,Re: [標的] 00650L香港正二，中秋節多,7
2023/10/06,[新聞] 台積19日法說 法人聚焦六重點,24
2023/10/06,[請益] 泰金寶dr漲跌幅請教,4
2023/10/06,[情報] 6139 亞翔 九月營收,12
2023/10/06,[標的] 3715 定穎投控  強力買,75
2023/10/06,[閒聊] 2023/10/06 盤中閒聊,99
2023/10/06,[新聞] 友達二款MicroLED透明顯示器 獲2023 SDIA,32
2023/10/05,[新聞] 需求平平 佳世達Q3營收季減3％,37
2023/10/05,[新聞] 尼得科超眾遭檢調搜查 回應財務業務無重,17
2023/10/05,[新聞] 上周初領失業金人數低於預期！美股早盤,25
2023/10/05,[新聞] 黃仁勳又將訪台 傳為鴻海科技日站台,54
2023/10/05,[新聞] 小犬變瘋狗！主計處:10月通膨率可能破3%,48
2023/10/05,[情報] 1808 潤隆 9月營收,4
2023/10/05,[情報] 1005 上市櫃外資投信同買排行,3
2023/10/05,[情報] 112年10月05日信用交易統計,31
2023/10/05,[情報] 1005 上市櫃外資投信買超金額排行,4
2023/10/05,"[新聞] 海運大咖歐洲線喊漲上看1,000美元 傳長榮",18
2023/10/05,[新聞] 高鐵出大絕！因應國慶自由座人潮 拆掉台,100
2023/10/05,[情報] 6590 普鴻 九月營收,2
2023/10/05,[新聞] 大立光9月營收55.72億元創46個月新高 10,28
2023/10/05,Re: [請益] 美國欠債33兆鎂 難道不會進一步推升通膨?,7
2023/10/05,"[情報] 6629/6816 泰金-KY/捷智商訊 9月營收 MOM,YOY +,+/+,+",4
2023/10/05,[情報] 112/10/05 八大公股銀行買賣超排行,24
2023/10/05,[情報] 2801 彰銀 9月自結 0.08 累計 0.94,35
2023/10/05,Re: [請益] 美國欠債33兆鎂 難道不會進一步推升通膨?,0
2023/10/05,[新聞] 台股國慶行情穩了？新舊制勞退基金700億,100
2023/10/05,[情報] 2344 華邦電 現金增資(補充:發行價22元),36
2023/10/05,[情報] 8409 商之器 9月營收,39
2023/10/05,[請益] 前兩天大跌砍在最低點 明天該追回來嗎？,99
2023/10/05,[標的] 4563.TW 百德,1
2023/10/05,[新聞] 通膨率逼近3%！9月CPI年增率2.93% 衝八個,99
2023/10/05,[新聞] 台股大漲「神秘買盤現蹤」！ 700億元資金,91
2023/10/05,[情報] 4915 致伸 112年9月營收,14
2023/10/05,[情報] 1005 上市外資買賣超排行,24
2023/10/05,[新聞] 破天荒！CMA 淡月11月宣布調漲運價,28
2023/10/05,Re: [請益] 美國欠債33兆鎂 難道不會進一步推升通膨?,4
2023/10/05,[情報] 鴻海112年9月營收 月增60.05%年減19.65%,47
2023/10/05,[情報] 2474 可成 112年9月營收,28
2023/10/05,[新聞] 「基泰忠孝」李姓買家曝光 桃園「賓利哥,21
2023/10/05,[情報] 大立光112年9月營收 月增22.60%年增9.20%,18
2023/10/05,[情報] 4763 材料-KY 9月營收 mom+8.3% yoy+203%,40
2023/10/05,[情報] 112年10月05日 三大法人買賣金額統計表,100
2023/10/05,[情報] 1005 上市投信買賣超排行,19
2023/10/05,Re: [請益] 債券ETF可以分批進場了嗎？,0
2023/10/05,[情報] 台光電112年9月營收月增11.46%年增29.32%,22
2023/10/05,[情報] 圓剛112年9月營收 月減1.37%年減11.50%,17
2023/10/05,[情報] 3036 文曄 9月MOM+24.86%YOY-1.29%,18
2023/10/05,[新聞] 0056穩配2.2元？　專家：兩年以上沒問題,20
2023/10/05,[閒聊] 2023/10/05 盤後閒聊,18
2023/10/05,Re: [新聞]基泰忠孝大樓125億元賣出,18
2023/10/05,[新聞] PC與AI題材 高盛點名五虎將,8
2023/10/05,[新聞] 他想買「美版中華電」1原因被勸退 網推買,2
2023/10/05,Re: [請益] 美國欠債33兆鎂 難道不會進一步推升通膨?,12
2023/10/05,Re: [請益] 逢低攤平要一次全攤還是分次攤會比較好,2
2023/10/05,Re: [請益] 債券ETF可以分批進場了嗎？,46
2023/10/05,[新聞] 四個嫌犯誰更可疑？美債殖利率大漲之謎,20
2023/10/05,[新聞] 華航 : 原油跌營收高 外資回頭買,12
2023/10/05,[心得] 楊金龍的作用是不是信心喊話,29
2023/10/05,[新聞] Q4股債浮現長期投資機會　野村：趁回檔,9
2023/10/05,Re: [請益] 美國欠債33兆鎂 難道不會進一步推升通膨?,2
2023/10/05,Re: [請益] 債券ETF可以分批進場了嗎？,2
2023/10/05,[新聞] 股匯債三殺 Q4行情恐報銷？連謝金河都怕,32
2023/10/05,[新聞] 台灣半導體全球市占優勢面臨下滑壓力 矽,12
2023/10/05,Re: [請益] 美國欠債33兆鎂 難道不會進一步推升通膨?,0
2023/10/05,[新聞] 英特爾拆分 PSG 事業部獨立營運，力拚 2,9
2023/10/05,[閒聊] 2023/10/05 盤中閒聊,100
2023/10/05,[請益] 公司債風險,53
2023/10/05,[請益] 債券ETF可以分批進場了嗎？,50
2023/10/05,"[新聞] 庫克出售蘋果公司 部份持股 套現逾4,000",44
2023/10/05,[請益] 美國欠債33兆鎂 難道不會進一步推升通膨?,9
2023/10/05,[新聞] 傳巴克萊銀行本周開始裁員 投行業務可能,5
2023/10/05,[標的] 大盤 破頸空-follow 6,27
2023/10/05,[新聞] 日本政府開放林地農地建半導體工廠,54
2023/10/04,[新聞] 美勞動市場降溫 9月小非農ADP就業數僅8.9,24
2023/10/04,[情報] 112年10月04日信用交易統計,23
2023/10/04,[新聞] 陸房企再暴雷 中駿集團正式違約 18億美元,38
2023/10/04,[新聞] 彭博爆4台廠暗助華為蓋晶片廠　這4家公司,41
2023/10/04,[情報] 6117 迎廣 第二次處置,11
2023/10/04,[情報] 1004 上市櫃外資投信同買排行,3
2023/10/04,Re: [請益] 逢低攤平要一次全攤還是分次攤會比較好,45
2023/10/04,[新聞] 辨別ETF真假高股息 永豐投信提供撇步,10
2023/10/04,[新聞] 半導體全球布局 業者股東雙輸,16
2023/10/04,[情報] 1004 上市櫃外資投信買超金額排行,0
2023/10/04,[新聞] 紡織業陷近十年寒冬 獲利趨保守,16
2023/10/04,[標的] 6245 立端邊緣運算SD-WAN多多,15
2023/10/04,[新聞] 房貸利率邁向8%大關 上周美國房貸需求降,100
2023/10/04,[新聞]基泰忠孝大樓125億元賣出,68
2023/10/04,[情報] 2455全新9月營收 月增11.6年增81.3,13
2023/10/04,[請益] 逢低攤平要一次全攤還是分次攤會比較好,34
2023/10/04,[情報] 3293 鈊象 9月營收 12.07億,30
2023/10/04,Re: [新聞] 基泰忠孝標售 陽明可能出手,8
2023/10/04,Re: [請益] 台股為何這麼強,22
2023/10/04,[情報] 112/10/04 八大公股銀行買賣超排行,4
2023/10/04,[情報] 2838 聯邦銀 9月自結 0.07 累計 0.84,16
2023/10/04,Re: [請益] 台股為何這麼強,48
2023/10/04,[新聞] 台股表現總裁老實樹 今年不可能回萬八,67
2023/10/04,[請益] 00935算是0052進階版嗎？,14
2023/10/04,[情報] 1319東陽 112年9月營收,23
2023/10/04,[情報] 1004 上市外資買賣超排行,47
2023/10/04,Re: [請益] 台股為何這麼強,12
2023/10/04,[新聞] 美眾議院長遭罷免 美債市恐地動山搖,49
2023/10/04,[新聞] ECFA 是否將中止？經長盼「政治歸政治 經,98
2023/10/04,Re: [請益] 買美債後續操作,20
2023/10/04,[新聞] 國人瘋債券ETF 今年規模衝破1.67兆,77
2023/10/04,[新聞] 還會有二次通膨？　央行總裁楊金龍：不可,99
2023/10/04,[情報] 6274台燿 112年9月營收,18
2023/10/04,[情報] 112年10月04日 三大法人買賣金額統計表,100
2023/10/04,[情報] 1004 上市投信買賣超排行,14
2023/10/04,[請益] 假如你是外資，你願意什麼時候買回台股?,75
2023/10/04,[請益] 質借存股 贏面大嗎？,35
2023/10/04,[閒聊] 2023/10/04 盤後閒聊,39
2023/10/04,[新聞] 要課熱錢稅？外資短期進出台股 央行三個,94
2023/10/04,[新聞] 外資把台積電當提款機！近三個月賣超23,28
2023/10/04,[新聞] T50反1爆18萬張追價買盤 外資「這一手」,7
2023/10/04,Re: [標的] 台指大盤 機器學習線仙空,32
2023/10/04,[新聞] 微軟CEO指控 Google壟斷搜尋將主宰AI,35
2023/10/04,[標的] 2633台灣高鐵公道價評估,38
2023/10/04,[請益] 應該要買投資等級債還是高股息ETF?,37
2023/10/04,[新聞] 美國最大醫療集團或於10月4日起罷工3天,31
2023/10/04,[新聞] 日財相：將採取適當措施 應對日圓過度波,23
2023/10/04,[標的] 7584 樂意 請益這是什麼情況？,7
2023/10/04,[新聞] 放棄了！知情人士爆料 Meta將裁元宇宙部,100
2023/10/04,[心得] 年初時我在放空日幣與買美長債之間做選擇,12
2023/10/04,Re: [請益] 買美債後續操作,14
2023/10/04,Re: [新聞] 新台幣匯率貶破32.4、逾七年新低 楊金龍：新台幣沒有貶,0
2023/10/04,[新聞] 新台幣匯率貶破32.4、逾七年新低 楊金龍,100
2023/10/04,[新聞] 台積電翻多 3外資升目標價,13
2023/10/04,[新聞] 中鋼超強韌鋼材躍進軍工鏈　獲潛艦、雲豹,55
2023/10/04,Re: [標的] 8942 森鉅 多多~美國多,12
2023/10/04,[新聞] 讓共產黨死在自己的集體經濟手裡,0
2023/10/04,[新聞] 各國廣邀 台積電龍潭投資建廠反遇阻力,31
2023/10/04,Re: [情報] 長債若倒掛結束 可能馬上緊接經濟危機,8
2023/10/04,[請益] 外資連續賣超台股四年，基本面真的好嗎？,39
2023/10/04,[情報] 長債若倒掛結束 可能馬上緊接經濟危機,17
2023/10/04,[新聞] 光環股價大漲 董座夫婦調節持股,3
2023/10/04,Re: [標的] 2303.TW 聯電 多,16
2023/10/04,[新聞] 國庫大進補！央行明年預算繳庫盈餘突破2,3
2023/10/04,Re: [標的] 碩天~宅水電多,1
2023/10/04,[閒聊] 2023/10/04 盤中閒聊,99
2023/10/04,[新聞] 高息ETF弱中透強 台股亮點,8
2023/10/04,Re: [新聞] 「美元保單換美債ETF」報酬飆15-30倍,0
2023/10/04,[公告] 10/04 處置名單：Ivy7,0
2023/10/04,[請益] 美股才是當沖天堂吧？,32
2023/10/04,Re: [請益] 長債有可能買到破產嗎,34
2023/10/04,[請益] 股票現金增資,2
2023/10/04,[公告] 10/03 處置公告,0
2023/10/04,[標的] SOXS 無腦多(賭Fed升息 台積財測爆炸),18
2023/10/03,[情報] Fed 官員談話 (10/2~10/3),45
2023/10/03,Re: [請益] 長債有可能買到破產嗎,15
2023/10/03,Re: [新聞] 「美元保單換美債ETF」報酬飆15-30倍,19
2023/10/03,[請益] 股市不會漲買股票做什麼?,15
2023/10/03,[情報] 美國8月份職位空缺數,34
2023/10/03,[標的] 大盤,51
2023/10/03,Re: [新聞] 基泰漲停！股價比大直倒塌前還高　抄,0
2023/10/03,[情報] 112年10月03日信用交易統計,29
2023/10/03,[標的] 6451.TW 訊芯-ky 被自營包養的股票?,7
2023/10/03,[情報] 1003 上市櫃外資投信同買排行,1
2023/10/03,[新聞] 10年期美債買在殖利率4.5％ 瑞銀揭「1情2,14
2023/10/03,Re: [標的] 2409 友達 (再加碼10張),74
2023/10/03,Re: [請益] 長債有可能買到破產嗎,40
2023/10/03,Re: [情報] 一些金融數據,3
2023/10/03,[新聞] 台股跌逾百點！金管會：基本面仍穩健,54
2023/10/03,[新聞] 鐵了心認賠殺出？「股神」巴菲特再出脫,30
2023/10/03,Re: [請益] 長債有可能買到破產嗎,12
2023/10/03,[新聞] 華紙攜手永豐餘 推動造紙AI化獲獎,4
2023/10/03,[情報] 1003 上市櫃外資投信買超金額排行,2
2023/10/03,[新聞] 限制中國不力？彭博：崇越、亞翔、漢唐、,19
2023/10/03,[請益] 長債有可能買到破產嗎,95
2023/10/03,[情報] 112/10/03 八大公股銀行買賣超排行,9
2023/10/03,[新聞] 基泰漲停！股價比大直倒塌前還高　抄底「爽賺32%」大獲全勝,100
2023/10/03,[新聞] 彭博點名協助華為設晶片廠 漢唐、崇越：,28
2023/10/03,[情報] 勞動部: 明安 勞檢，違規項目依法處分,6
2023/10/03,[情報] 8046南電 9月營收 MOM+4.31% YOY-40.42%,24
2023/10/03,[情報] 1003 上市外資買賣超排行,60
2023/10/03,[情報] 京城銀112年09月自結盈餘 單月EPS:0.61,30
2023/10/03,Re: [新聞] 外資過去三年賣太多 謝金河：今年可能變,16
2023/10/03,[新聞] 三星奪下Tenstorrent下一代AI晶片訂單,16
2023/10/03,Re: [請益] 棄股買債正是時候？,35
2023/10/03,[心得] 有沒有群益證券系統出問題 灌爆Gmail信箱,30
2023/10/03,[情報] 8420 明揚 發生重大火災之後續情形,1
2023/10/03,[情報] 112年10月03日 櫃買法人買賣金額統計表,12
2023/10/03,[情報] 112年10月03日 三大法人買賣金額統計表,67
2023/10/03,[情報] 1003 上市投信買賣超排行,21
2023/10/03,Re: [標的] 6770 力積電 買73元 要如何操作,11
2023/10/03,[標的] 6770 力積電 買73元 要如何操作,100
2023/10/03,[情報] 6526 達發 現金增資公開申購資訊,12
2023/10/03,[閒聊] 2023/10/03 盤後閒聊,29
2023/10/03,[新聞] 郭明錤：緯創NVIDIA新單明年首季顯著出貨,22
2023/10/03,[新聞] 台幣重貶！最低來到32.35元　寫近7年新低,100
2023/10/03,[請益] 棄股買債正是時候？,63
2023/10/03,[新聞] 台灣每4人就有1人投資ETF！外商投信搶食,24
2023/10/03,[新聞] 彭博：台灣四家科技業者協助華為建廠,50
2023/10/03,[新聞] 併購案給力 友達回血了 面板股跟著亮,27
2023/10/03,Re: [標的] 00650L香港正二，中秋節多,0
2023/10/03,[新聞] 全球市場震盪 勞動基金8月收益減少480億,25
2023/10/03,[標的] 2618 長榮航小兒每天倒貨誰在撿?!,30
2023/10/03,[新聞] 美國升息11次共升21碼 經濟沒有「硬著陸,42
2023/10/03,[新聞] 聯發科吃下AI大補丸！ 美系外資喊1000元,46
2023/10/03,[新聞] 快訊／友達迎親利多　量價齊揚漲逾7%,30
2023/10/03,[閒聊] 2023/10/03 盤中閒聊,100
2023/10/03,[新聞] 他敲碗投信推以ETF成分股的ETF 被笑早有,-10
2023/10/03,[新聞] 陳立白：記憶體已看到隧道口,71
2023/10/03,Re: [情報] 一些金融數據,5
2023/10/03,Re: [新聞] 馬斯克：UAW訴求 讓三大車商死更快,18
2023/10/03,[新聞] 高端：四價流感疫苗有三期完整數據 經WHO,73
2023/10/03,[情報] 一些金融數據,19
2023/10/03,Re: [新聞] 馬斯克：UAW訴求 讓三大車商死更快,13
2023/10/03,[新聞] 馬斯克：UAW訴求 讓三大車商死更快,36
2023/10/02,[新聞]美9月ISM製造業指數升至49,20
2023/10/02,Re: [新聞] 「美元保單換美債ETF」報酬飆15-30倍,6
2023/10/02,Re: [新聞] iPhone 15過熱兇手抓到了！學者：蘋果聲明還台積電清白,10
2023/10/02,Re: [情報] 2409.TW 友達 擬取得BHTC全部股份,20
2023/10/02,[情報]美國供應管理協會製造業採購經理人指數PMI,14
2023/10/02,[新聞] 關稅制裁解除 澳洲首批大麥運往中國,45
2023/10/02,[新聞] 裕隆與LINE合推一站式移動服務 拚3年內獲利,12
2023/10/02,[情報] 1002 上市櫃外資投信同買排行,2
2023/10/02,[情報] 1002 上市櫃外資投信買超金額排行,2
2023/10/02,[新聞] 17LIVE以217億元 賣給星上市特殊目的收購公司,29
2023/10/02,[新聞] 大立光9月營收仍有撐，估較8月持平/小增,3
2023/10/02,[情報] 112年10月02日信用交易統計,18
2023/10/02,[情報] 2409.TW 友達 擬取得BHTC全部股份,99
2023/10/02,[情報] 2409 友達 20：15重訊記者會,100
2023/10/02,[標的] 2317 鴻海,30
2023/10/02,[新聞] 太瞎！華為Mate60 Pro系統更新 中網嗨「,100
2023/10/02,[情報] 112/10/02 八大公股銀行買賣超排行,9
2023/10/02,[情報]  6491 晶碩 9月營收,10
2023/10/02,[新聞] 遠雄港報喜!輝達提早進駐 兩周內完成簽約,15
2023/10/02,[新聞] 92萬股東領紅包 0056季配1.2元 10/19除息,32
2023/10/02,[新聞] 台塑四寶Q3本業要賺錢了 旺季需求可望延Q,32
2023/10/02,[情報] 00929 2023年10月配息0.11元,37
2023/10/02,[情報] 定穎投控8月自結 單月EPS:0.49,37
2023/10/02,[情報] 1002 上市外資買賣超排行,57
2023/10/02,[情報] 112年10月02日 櫃買法人買賣金額統計表,12
2023/10/02,[新聞] 出國機票變貴419元！「航空燃油附加費」,25
2023/10/02,[情報] 0056配息公告,60
2023/10/02,[情報] 112年10月02日 三大法人買賣金額統計表,72
2023/10/02,[情報] 5864 致和證 現金增資發行價12.9元,4
2023/10/02,[情報] 1002 上市投信買賣超排行,24
2023/10/02,[請益] 未實現損益不算真正的錢？,46
2023/10/02,[新聞] 搭自由座排隊2HR！高鐵致歉：10/1運量創「通車以來新高」國,80
2023/10/02,[閒聊] 2023/10/02 盤後閒聊,15
2023/10/02,[情報] 復華投信開放ETF收益分配帳號郵寄申請,7
2023/10/02,[新聞] 莊翠雲：台股基本面還好 房市量縮價盤,44
2023/10/02,[新聞] ETF強弱不只看配息 高股息ETF中這2檔連9,12
2023/10/02,[新聞] 打造 AI 版 iPhone，OpenAI 傳聯手蘋果前,31
2023/10/02,Re: [新聞] 央行看淡景氣又放鷹 學者：擔憂二次通膨,56
2023/10/02,[新聞] 台幣第三季重貶3.51% 成最弱亞幣,72
2023/10/02,[閒聊] 2023/10/02 盤中閒聊,100
2023/10/02,[新聞] 〈財經週報-軍功航太族群〉烏俄戰爭引爆,7
2023/10/01,[請益] 月配息債券ETF,-10
2023/10/01,Re: [新聞] 「美元保單換美債ETF」報酬飆15-30倍,18
2023/10/01,[新聞] 因旗下基金虧損自殺？「中國巴菲特」關善,93
2023/10/01,[標的] 2303.TW 聯電 多,18
2023/10/01,Re: [新聞] 機場出國人潮滿 國旅冷颼颼 訂房率低於五,100
2023/10/01,[新聞] 「美元保單換美債ETF」報酬飆15-30倍,30
2023/10/01,[標的] 2633 台灣高鐵 排隊多,80
2023/10/01,Re: [請益] 下一個股市送分題是哪檔？,50
2023/10/01,[新聞] Pat Gelsinger 評自己表現「及格」，稱英,30
2023/10/01,[新聞] iPhone 15過熱兇手抓到了！學者：蘋果聲明還台積電清白,70
2023/10/01,Re: [新聞] iPhone 15過熱有救！蘋果承認iOS 17漏洞,4
2023/10/01,Re: [新聞] iPhone 15過熱有救！蘋果承認iOS 17漏洞,13
2023/10/01,[新聞] 國泰永續高股息 逢回布局,49
2023/10/01,[公告] 10/01 處置名單：boring7382,0
2023/10/01,[新聞] iPhone 15過熱有救！蘋果承認iOS 17漏洞,100
2023/10/01,[新聞] 特斯拉Dojo攻算力2／自駕車、iPhone都少,15
2023/10/01,Re: [心得] 美股個股選擇權Put-Call Ratio整理網站,7
2023/10/01,[新聞] 美國聯邦眾議院通過臨時支出案 避免關門,9
2023/10/01,[新聞] 快訊／美參院通過「臨時支出法案」,100
2023/10/01,[新聞] Senate and House pass 45-day measure t,10
2023/10/01,[新聞] NVIDIA在法國辦公室遭反壟斷突襲搜查,38
2023/10/01,[新聞] TAG Oil Ltd挖到未開發的埃及油田,31
2023/9/30,[新聞] 野村降評成反指標？台股評級將至劣於大盤,21
2023/9/30,[新聞] 面板廠按需生產 力拚價格緩跌,22
2023/9/30,[心得] 美股個股選擇權Put-Call Ratio整理網站,26
2023/9/30,[新聞] 華為新機熱賣 下游供應鏈爆單、迎曙光,0
2023/9/30,Fw: [新聞] 台灣美光董事長專訪,21
2023/9/30,[新聞] 機場出國人潮滿 國旅冷颼颼 訂房率低於五,99
2023/9/30,[公告] 09/30 處置公告,5
2023/9/30,Re: [請益] 有人被隨機性誤導很多年嗎?,3
2023/9/30,[新聞] 建商第一人認「盛極而衰」,80
2023/9/30,[新聞] 一週熱門零股 鴻海 台泥 躍交投十強,11
2023/9/30,Re: [請益] 請問0050績效真的會贏高股息嗎?,92
2023/9/30,Re: [新聞] 官官相護何時了？晶片大廠「美光」驚傳,12
2023/9/30,[新聞] 公股銀：台股愈跌愈買,77
2023/9/30,Re: [請益] 請問0050績效真的會贏高股息嗎?,24
2023/9/30,[新聞] 官官相護何時了？晶片大廠「美光」驚傳,51
2023/9/30,[新聞] 就是要挺美光 日本政府擬再補助近13億美,15
2023/9/30,Re: [請益] 有人被隨機性誤導很多年嗎?,6
2023/9/30,Re: [請益] 有人被隨機性誤導很多年嗎?,17
2023/9/30,[新聞] 美國兩黨預算爭拗膠著 白宮籲員工準備關,52
2023/9/29,[新聞] 聯準會最青睞通膨指標 8月PCE升幅低於預,28
2023/9/29,[新聞] 高股息ETF夯 建議長期持有者注重穩健增長,10
2023/9/29,Re: [請益] 金融股今年還有機會翻身嗎？,4
2023/9/29,Re: [請益] 有人被隨機性誤導很多年嗎?,9
2023/9/29,Re: [請益] 有人被隨機性誤導很多年嗎?,16
2023/9/29,[標的] QTRX.US 多,2
2023/9/29,Re: [新聞] 基泰忠孝標售 陽明可能出手,5
2023/9/29,[情報] SCFI 20230928 886.85 -24.86(-2.7%),40
2023/9/29,[情報] 2330台積電預定10月19日召開第3季法說會,95
2023/9/29,[新聞] 00935 ETF囊括創新科技題材,17
2023/9/29,[標的] 00650L香港正二，中秋節多,14
2023/9/29,[新聞] 昔曾狂嗆要買台積電！今紫光前董座趙偉國,100
2023/9/29,Re: [請益] 請問0050績效真的會贏高股息嗎?,74
2023/9/29,Re: [新聞] 華為Mate 60 Pro供應商訂單火爆 多家公司,100
2023/9/29,[標的] 大盤挑戰前高多,78
2023/9/29,[請益] 有關領息後的二代健保扣除費用,10
2023/9/28,[標的] BA.US 737MAX有夠坑,20
2023/9/28,[新聞] 華為Mate 60 Pro供應商訂單火爆 多家公司,18
2023/9/28,[情報] 112年09月28日信用交易統計,34
2023/9/28,[新聞] ASML明年EUV砍單3成！不只台積電 4大客戶,54
2023/9/28,[新聞] 中國恒大認了：許家印「涉犯罪」已被採取,60
2023/9/28,Re: [情報] 3036 文曄董事會通過辦理現金增資發行普通股,33
2023/9/28,[新聞] 美20年債ETF9月報酬慘 投資人無視 砸重金,95
2023/9/28,[新聞] 金管會准員工持股信託擴大適用 23日上路,23
2023/9/28,[情報] 0928 上市櫃外資投信同買排行,2
2023/9/28,[情報] 0928 上市櫃外資投信買超金額排行,1
2023/9/28,Re: [請益] 先要求自己學會控制賠！,15
2023/9/28,"[公告] 09/28 處置名單：Ligamenta, gtjs45, IhateOGC, Carr77",0
2023/9/28,[標的] Re: [標的] 大盤 破頸空-follow 5,22
2023/9/28,[情報] 112/09/28 八大公股銀行買賣超排行,12
2023/9/28,[新聞] 誠品裕隆城新店開幕 吳旻潔：誠品明年拚轉盈,29
2023/9/28,[情報] 3036 文曄董事會通過辦理現金增資發行普通股,72
2023/9/28,[新聞] 華新麗華投資高雄百億 蓋全台首座海底電纜廠,17
2023/9/28,[心得] 真實韭菜生涯回顧,44
2023/9/28,Re: [新聞] 真實版犯罪之城！「零元購」為何重挫美零,99
2023/9/28,[情報] 0928 上市外資買賣超排行,46
2023/9/28,Re: [心得] 詐騙集團是不是真的都很無情,39
2023/9/28,Re: [新聞] 真實版犯罪之城！「零元購」為何重挫美零,0
2023/9/28,[新聞] 中期鋼鐵需求 樂觀,78
2023/9/28,[情報] 112年09月28日 櫃買法人買賣金額統計表,12
2023/9/28,[情報] 112年09月28日 三大法人買賣金額統計表,69
2023/9/28,[情報] 0928 上市投信買賣超排行,35
2023/9/28,[新聞] 《日股》日圓貶近150 日股跳水挫2%,39
2023/9/28,[新聞] 【PC喜迎AI商機】AI將成「購買誘因」 生,34
2023/9/28,[閒聊] 2023/09/28 盤後閒聊,17
2023/9/28,[請益] 不敗教主的書能當存股入門書學習嗎?,23
2023/9/28,[新聞] 真實版犯罪之城！「零元購」為何重挫美零,100
2023/9/28,[新聞] 中鋼變「存骨」？高檔摔下已跌3成　董座,100
2023/9/28,[新聞] 消弭高股息ETF平準金亂象 11月起須公告,61
2023/9/28,[標的] MU.US 財報,17
2023/9/28,[新聞] 技嘉、台光電 AI需求看增,11
2023/9/28,[新聞] 自行車庫存 明年料重返健康,37
2023/9/28,[新聞] 分紅獎金入袋啦！鴻海傳今發百萬分紅,27
2023/9/28,[新聞] 募資陷困境 大基金三期恐難產,10
2023/9/28,[新聞] 中鋼老董拋「逆風」業界熱議 謝金河:震撼,34
2023/9/28,[公告] 禁止未經申請的付費軟體之創作文,5
2023/9/28,[閒聊] 2023/09/28盤中閒聊,100
2023/9/28,[新聞] 人行罕見陸股開盤前…放話護盤,38
2023/9/28,[新聞]美國經濟:初領失業金20.1萬人創8個月新低,24
2023/9/28,[新聞] 搶中秋變盤財 台股基金逢回撿便宜,24
2023/9/28,Re: [新聞] 親臨汽車罷工前線！拜登拿大聲公喊加薪40,18
2023/9/28,[新聞] Fed研究：美國收入前20%以外人口 已耗盡F,72
2023/9/28,[標的] 1584 精剛 超級多,18
2023/9/28,[新聞] 華邦電攻邊緣AI 推創新CUBE架構,22
2023/9/28,[新聞] 明揚永續報告書兩大員工安全指標落後同業,14
2023/9/28,[情報] 明揚: 本公司 配合檢調單位執行搜索,2
2023/9/27,[新聞] 台幣又破底！匯價連3黑收32.245元,87
2023/9/27,[新聞] 美8月耐久財訂單月增0.2% 超預期成長,11
2023/9/27,[新聞] 央行何時降息？國泰台大團隊預測今年利,23
2023/9/27,[新聞] 美房市反彈確立 7月房價指數連六升、創歷,38
2023/9/27,[新聞] 8月景氣燈號連十藍 史上第三次連十藍,100
2023/9/27,Re: [新聞] 親臨汽車罷工前線！拜登拿大聲公喊加薪40,12
2023/9/27,[情報] 112年09月27日信用交易統計,29
2023/9/27,[新聞] 美國上周房貸利率升至近23年新高 房貸需,94
2023/9/27,Re: [新聞] 可能更鷹？Fed官員：有40%機率...,18
2023/9/27,[情報] 0927 上市櫃外資投信同買排行,2
2023/9/27,[情報] 0927 上市櫃外資投信買超金額排行,0
2023/9/27,Re: [新聞] iPhone 15 Pro過熱 問題出在台積電3奈米,38
2023/9/27,[新聞] 中國生產過剩、出口困難 JISF砍日本粗鋼,15
2023/9/27,[新聞] 中鋼AI領航力推「數位轉型」 提升企業,14
2023/9/27,[新聞] 春燕放鴿子 鋼市恐提前過冬,50
2023/9/27,[標的] 3036文曄,67
2023/9/27,[情報] 112/09/27 八大公股銀行買賣超排行,5
2023/9/27,[新聞] 親臨汽車罷工前線！拜登拿大聲公喊加薪40,100
2023/9/27,[新聞] 廣達林百里：AI訂單多，未來AI力即國力,39
2023/9/27,[標的] 1717 長興豆沙餅中秋多,15
2023/9/27,[情報] 2704 國賓 取得中信金普通股,7
2023/9/27,Re: [請益] 大盤ETF配什麼好？,10
2023/9/27,[請益] 大盤ETF配什麼好？,50
2023/9/27,[情報] 112年09月27日 櫃買法人買賣金額統計表,9
2023/9/27,[新聞] 鈊象前8月稅前每股盈餘36.63元 歐洲執照,57
2023/9/27,[情報] 0927 上市外資買賣超排行,41
2023/9/27,Re: [心得] 新手初次當沖從賺到賠之心得,3
2023/9/27,[新聞]可能更鷹？Fed官員：有40%機率需必須升,85
2023/9/27,[情報] 112年09月27日 三大法人買賣金額統計表,61
2023/9/27,[情報] 0927 上市投信買賣超排行,24
2023/9/27,[新聞] 炎洲林口建案Q4起入帳，本業營運亦看回溫,22
2023/9/27,[新聞] 華為新機9成晶片去美又去台、手機市場大,10
2023/9/27,Re: [標的] 2388 威盛 威風凜凜 盛世再起 多,8
2023/9/27,[心得] 新手初次當沖從賺到賠之心得,68
2023/9/27,[新聞] 中鋼建AI研發團隊　開發27個模組每年降低,33
2023/9/27,[閒聊] 2023/09/27 盤後閒聊,23
2023/9/27,[新聞] 野村：台股利空紛呈 降評至「劣於大盤」,100
2023/9/27,Re: [心得] 關於TLT或是美國20年以上ETF,3
2023/9/27,Re: [情報] 2501 國建 112年第一季,10
2023/9/27,[情報] 經濟部: 要求 明揚 負全部賠償責任,49
2023/9/27,[標的] 研揚6579 多,0
2023/9/27,[新聞] iPhone 15印度銷量倍增 鴻海利多,23
2023/9/27,Re: [心得] 關於TLT或是美國20年以上ETF,27
2023/9/27,[心得] 關於TLT或是美國20年以上ETF,100
2023/9/27,Re: [請益] 美元定存5%，股票殖利率要幾%?,41
2023/9/27,[標的] 2538 基泰 漲,4
2023/9/27,[新聞] Yahoo奇摩股市App公布第三季 十大爆紅台,4
2023/9/27,Re: [請益] 把房子賣了為啥是買00929?,39
2023/9/27,[新聞] 黃天牧形容台股：基本面強韌性對抗曖昧,62
2023/9/27,[心得] 便當流當沖心法,100
2023/9/27,Re: [情報] OTC: 明揚 明安 內控違規 分別處罰違約金,21
2023/9/27,Re: [標的] 2303聯電 多,41
2023/9/27,[新聞] 中鋼翁朝棟：今年營運恐面對建廠以來最大,79
2023/9/27,[新聞] Fed延長高利率引爆股市失血 美銀：硬著陸,35
2023/9/27,[閒聊] 2023/09/27 盤中閒聊,100
2023/9/27,[心得] 理專口中的抗跌資產,62
2023/9/27,[新聞] 外資落跑新台幣爆量重貶8分收32.228元,56
2023/9/27,[新聞] i15拆解 台廠四贏家出列,32
2023/9/27,Re: [標的] 2330.TW 台積電蘋果燙空,5
2023/9/27,Re: [新聞] 強勢美元壓境 新台幣收32.148元續寫,12
2023/9/27,Re: [標的] 慧洋-KY 散裝航運聖嬰Q4多,26
2023/9/27,[情報] OTC: 明揚 明安 內控違規 分別處罰違約金,14
2023/9/26,Re: [請益] 美債賠好多 加碼or停損？,9
2023/9/26,[情報] 明揚依證券商營業處所買賣有價證券業務規,9
2023/9/26,Re: [新聞] 隨著腦機介面進入人體試驗，獲得FDA批准,0
2023/9/26,[情報] 明揚-自9月28日起全額交割及暫停融資融券,70
2023/9/26,[情報] 112年09月26日信用交易統計,30
2023/9/26,[新聞] 債券虧損「綠油油」億元教授：每月再買,100
2023/9/26,Re: [心得] 絕對恐慌=絕對買點 股&債Q4雙漲,13
2023/9/26,Re: [請益] 美債賠好多 加碼or停損？,4
2023/9/26,[新聞] 外資7天提款1316億引重挫　國安基金操盤,57
2023/9/26,[新聞] 美國又面臨政府關門危機 重點一次看,41
2023/9/26,Re: [請益] 美債賠好多 加碼or停損？,22
2023/9/26,[新聞] 旺宏：庫存去化較預期久 明年上半年景氣,56
2023/9/26,[情報] 0926 上市櫃外資投信同買排行,0
2023/9/26,[標的] 4906正文 長線多,5
2023/9/26,[情報] 0926 上市櫃外資投信買超金額排行,1
2023/9/26,[心得] 絕對恐慌=絕對買點 股&債Q4雙漲,57
2023/9/26,[新聞] 央行：3年半 外資從台股獲利了結逾千億鎂,100
2023/9/26,[情報] 112/09/26 八大公股銀行買賣超排行,16
2023/9/26,[新聞] 買盤超越00929！00679B兩天淨申購破40億,46
2023/9/26,[新聞] 看好台股Q4衝18500點！投顧曝反彈指標,62
2023/9/26,[新聞] 翁朝棟：今年營運面臨史上最大挑戰,91
2023/9/26,[新聞] 股市慘綠！國安基金操盤手「台股仍穩健」,44
2023/9/26,[心得] 為什麼緯創100鋼底不破？,55
2023/9/26,[情報] 明揚: 本公司信託5億元 保障傷亡者撫卹,6
2023/9/26,[新聞] 明揚勒令停工 董座：年底前全體員工有薪,36
2023/9/26,Re: [新聞] Fed升息至7%？戴蒙：世界還沒準備好,39
2023/9/26,[新聞] iPhone 15 Pro過熱 問題出在台積電3奈米,37
2023/9/26,[請益] 手機市場下半年到底是好還不好？,22
2023/9/26,[新聞] 全球央行利率陸續見頂 巴隆：十年難得一,19
2023/9/26,[新聞] 程泰董座愛台灣投資20億元 嘉義大埔美二,7
2023/9/26,[請益] 為什麼年輕人不該買債券,73
2023/9/26,[情報] 0926 上市外資買賣超排行,45
2023/9/26,[創作] AI倒囉(Idol-我推的孩子),37
2023/9/26,[情報] 112年09月26日 三大法人買賣金額統計表,100
2023/9/26,[新聞] Fed升息至7%？戴蒙：世界還沒準備好,100
2023/9/26,[情報] 112年09月26日 櫃買法人買賣金額統計表,13
2023/9/26,[情報] 0926 上市投信買賣超排行,33
2023/9/26,[標的] 慧洋-KY 散裝航運聖嬰Q4多,15
2023/9/26,[標的] 為什麼生技股可以跌成這樣？,59
2023/9/26,[閒聊] 2023/09/26 盤後閒聊,21
2023/9/26,Re: [新聞] 升息導致虧損逾3兆 聯準會宣布裁員,19
2023/9/26,Re: [標的] 美債20年恐再跌52%,28
2023/9/26,[情報] 明揚補充112/09/25停工重訊說明,22
2023/9/26,[情報] 2236 百達-KY 現金增資公開申購資訊,1
2023/9/26,[標的] 2330.TW 台積電蘋果燙空,49
2023/9/26,Re: [新聞] 強勢美元壓境 新台幣收32.148元續寫,36
2023/9/26,[新聞] 廠房爆炸遭經濟部勒令停工 明揚再吞跌停,7
2023/9/26,[請益] 外資連續大賣台股的原因？,83
2023/9/26,Re: [標的] 2538.TW 基泰 多 一天賺兩根,8
2023/9/26,Re: [請益] 高股息ETF為什麼這麼受台灣人歡迎?,31
2023/9/26,Re: [新聞] 升息導致虧損逾3兆 聯準會宣布裁員,9
2023/9/26,Re: [標的] 2538.TW 基泰 多 一天賺兩根,1
2023/9/26,[新聞] 債市遭血洗 巨鱷要放空…679B、687B創低,7
2023/9/26,[請益] 高股息ETF為什麼這麼受台灣人歡迎?,84
2023/9/26,Re: [標的] 美債20年恐再跌52%,9
2023/9/26,Re: [新聞] 強勢美元壓境 新台幣收32.148元續寫,6
2023/9/26,[新聞] 升息導致虧損逾3兆 聯準會宣布裁員,100
2023/9/26,Re: [標的] 美債20年恐再跌52%,16
2023/9/26,[標的]  6143振曜 多,7
2023/9/26,[新聞] 馬斯克嗨喊「要買iPhone15」親回庫克貼文,39
2023/9/26,[新聞] 明揚大火！產險業點出工廠未來投保3變化,12
2023/9/26,[新聞] 安特羅腸病毒疫苗海外邁步，簽訂越南銷,6
2023/9/26,[標的] TSLA NVDA TLT 資金分配討論,24
2023/9/26,[新聞] NVIDIA下代B100訂單簽定台積客戶回歸,29
2023/9/26,[新聞] 強勢美元壓境 新台幣收32.148元續寫近11,69
2023/9/26,[標的] 89383明安三 84201明揚一公司債,8
2023/9/26,[閒聊] 2023/09/26 盤中閒聊,100
2023/9/26,[標的] 美債20年恐再跌52%,91
2023/9/26,[新聞] 證交所留住外資 祭三策略,32
2023/9/26,Re: [請益] 美債賠好多 加碼or停損？,51
2023/9/26,[新聞] ChatGPT之父：AI革命 形塑人類未來,25
2023/9/26,Re: [請益] 請問這方式有什麼瑕疵嗎,6
2023/9/26,[公告] 09/26水桶公告,5
2023/9/26,Re: [請益] 請問這方式有什麼瑕疵嗎,3
2023/9/26,Re: [請益] 請問這方式有什麼瑕疵嗎,4
2023/9/26,Re: [請益] 請問這方式有什麼瑕疵嗎,0
2023/9/26,[標的] 3034 聯詠 短中長期皆看多,2
2023/9/26,Re: [標的] 3014 聯陽 多,0
2023/9/26,[情報] 基泰:代子公司公告 「基泰忠孝」出售事宜,35
2023/9/25,[新聞] 東洋看好下半年新藥、疫苗上市動能 明年,26
2023/9/25,[新聞] 台新臺灣永續高息中小型ETF 10/16開募，,17
2023/9/25,[情報]明揚-公告經濟部新聞稿勒令本公司停工說明,91
2023/9/25,Re: [請益] 可轉債對股價的影響？,6
2023/9/25,[新聞] 輝達、超微、亞馬遜急單湧現…台積電先進,42
2023/9/25,[新聞] 單周暴跌近5％ 越跌越買 929股民再增逾6,34
2023/9/25,[情報] 112年09月25日信用交易統計,36
2023/9/25,[新聞] 大和資本：多頭行情要來了 建議低檔布局,24
2023/9/25,[情報] 經濟部： 考量安全，要求明揚公司停工。,11
2023/9/25,[新聞] 兆豐銀「大到不能倒」獲評「twAAA/twA-1+,7
2023/9/25,Re: [請益] 美債賠好多 加碼or停損？,25
2023/9/25,[情報] 0925 上市櫃外資投信同買排行,1
2023/9/25,[新聞] 屏東廠房爆炸釀多人死傷 早盤明揚偕母公,14
2023/9/25,[請益] 美債賠好多 加碼or停損？,100
2023/9/25,Re: [請益] 先要求自己學會控制賠！,4
2023/9/25,[情報] 0925 上市櫃外資投信買超金額排行,2
2023/9/25,[公告] 09/25 處置名單：penceshyu,2
2023/9/25,[標的] 2543.TW 皇昌 沒買的都特別會漲多,14
2023/9/25,[請益] 台股有哪些優質的集團(類ETF)型個股？,42
2023/9/25,[情報] 112/09/25 八大公股銀行買賣超排行,11
2023/9/25,[情報] 屏東地院:明揚火災事故 債權人聲請假扣押,13
2023/9/25,Re: [請益] 長債不值得買了嗎?,8
2023/9/25,[新聞] 華為新品發表會登場 余承東：正加班生產M,46
2023/9/25,Re: [新聞] 拚MSCI「已開發」韓放寬外資參與外匯10,13
2023/9/25,[新聞] 拚MSCI「已開發」韓放寬外資參與外匯10,9
2023/9/25,[請益] 元大S&P石油和布蘭特正2,7
2023/9/25,[新聞] 房市8月迸光輝！買氣噴發2萬棟,63
2023/9/25,Re: [請益] 長債不值得買了嗎?,11
2023/9/25,[請益] 可轉債對股價的影響？,8
2023/9/25,Re: [請益] 長債不值得買了嗎?,21
2023/9/25,[創作] 籌碼大股東APP功能分享 送權限,100
2023/9/25,[情報] 0925 上市外資買賣超排行,42
2023/9/25,Re: [請益] 長債不值得買了嗎?,3
2023/9/25,[情報] 112年09月25日 三大法人買賣金額統計表,82
2023/9/25,[標的] 8409 商之器 討論,60
2023/9/25,[情報] 4979 華星光 8月自結 0.44,33
2023/9/25,Re: [新聞] 台股高息股再+1 中信成長高股息10月中開,13
2023/9/25,[情報] 112年09月25日 櫃買法人買賣金額統計表,10
2023/9/25,Re: [請益] 長債不值得買了嗎?,33
2023/9/25,[情報] 0925 上市投信買賣超排行,23
2023/9/25,Re: [新聞] 台股高息股再+1 中信成長高股息10月中開,7
2023/9/25,[情報] 5871 中租-KY 8月自結 1.29 累計 10.41,15
2023/9/25,Re: [請益] 長債不值得買了嗎?,11
2023/9/25,[閒聊] 2023/09/25 盤後閒聊,34
2023/9/25,[新聞] 聯詠、創意前景俏 權證來電,7
2023/9/25,Re: [請益] 長債不值得買了嗎?,13
2023/9/25,[標的] 1707.TW 葡萄王 多,25
2023/9/25,[新聞] 輝達已現泡沫！智庫：令人想起鬱金香狂熱,100
2023/9/25,[情報] 屏東縣政府: 對 明揚違規事項 進行處罰,63
2023/9/25,[新聞] 台股高息股再+1 中信成長高股息10月中開,73
2023/9/25,[請益] 長債不值得買了嗎?,99
2023/9/25,[新聞] 00888指數剔除9檔個股 台達電 元太 等入,20
2023/9/25,[新聞] 屏東爆炸｜高爾夫球廠明揚與母公司明安,40
2023/9/25,[新聞] 生產難度高！iPhone 15採Type C今年拉貨,73
2023/9/25,Re: [新聞] 美尖端科技禁運 陸最新國產C919客機,35
2023/9/25,[新聞] 記憶體插上AI翅膀 供應鏈迎春燕,46
2023/9/25,[閒聊] 2023/09/25 盤中閒聊,92
2023/9/25,[新聞] 英特爾衝刺AI找廣達助陣 旗下雲達伺服器,22
2023/9/24,[新聞] 陸電商：iPhone 15系列首發銷量比iPhone,100
2023/9/24,[新聞] 恒大最新公告稱無法滿足新票據發行資格,18
2023/9/24,[標的] 美股US  70%VT + 20%TLT + 10%槓桿型,14
2023/9/24,[新聞] 中國祭鎵鍺禁令先自傷！庫存升、價格崩,79
2023/9/24,[標的] 3014 聯陽 多,0
2023/9/24,[標的] 3526 凡甲 多,4
2023/9/24,Re: [標的] 2303聯電 多,25
2023/9/24,[新聞] 德國企業頂住政府壓力增加在華投資,39
2023/9/24,Re: [新聞] 美尖端科技禁運 陸最新國產C919客機,6
2023/9/24,[新聞] 美元連漲10周 十年來最強漲勢,55
2023/9/24,[情報] 8938.TW 明安 重大事件說明,11
2023/9/24,[標的] 00632R 小賭怡情,21
2023/9/24,[新聞] 明揚火險六產險承保15億元 富邦產佔六成,50
2023/9/24,[請益] 認真請益新手第一筆資金 定存股推薦,91
2023/9/24,[新聞] 央行看淡景氣又放鷹 學者：擔憂二次通膨,97
2023/9/24,[情報] 明安 明揚 屏東火災事件說明 重訊記者會,5
2023/9/24,[請益] 先要求自己學會控制賠！,55
2023/9/24,[新聞] 恒大突取消債務重整會議 大陸房市危機恐,61
2023/9/24,[新聞] 中美成立「財經」兩工作組　副部級官員主導「定期,16
2023/9/24,Re: [新聞] WSJ：利率升高恐變永久,31
2023/9/24,Re: [請益] ETF為什麼會超越基金變成顯學,3
2023/9/24,[公告] 09/24 處置公告,9
2023/9/24,[新聞] 賈躍亭被告 樂視網遭一審判賠20億,7
2023/9/24,[心得] 09/25~09/29 美股財報&經濟數據行事曆,12
2023/9/24,Re: [請益] ETF為什麼會超越基金變成顯學,9
2023/9/24,[新聞] WSJ：利率升高恐變永久,99
2023/9/24,Re: [新聞] 外資今年買超面臨歸零 專家揭1情,3
2023/9/23,Re: [請益] ETF為什麼會超越基金變成顯學,61
2023/9/23,Re: [請益] ETF為什麼會超越基金變成顯學,6
2023/9/23,[新聞] intel因與AMD訴訟被歐盟罰款4億美元,12
2023/9/23,[情報] 勞動部: 對 明安集團TW.8938 進行勞檢,-10
2023/9/23,Re: [請益] 心態崩 想改買穩健ETF,5
2023/9/23,[標的] 2330.TW GG3nm超級過譽空,10
2023/9/23,[標的] 大盤  多,25
2023/9/23,Re: [請益] ETF為什麼會超越基金變成顯學,14
2023/9/23,Re: [請益] ETF為什麼會超越基金變成顯學,27
2023/9/23,Re: [新聞] 外資今年買超面臨歸零 專家揭1情,7
2023/9/23,[新聞] 外資今年買超面臨歸零 專家揭1情,46
2023/9/23,[新聞] 快訊／屏東廠爆炸　明安、明揚明下午3時,48
2023/9/23,Re: [標的] 00680L 元大美債20正2 破底再破底,39
2023/9/23,[請益] ETF為什麼會超越基金變成顯學,88
2023/9/23,Re: [請益] 心態崩 想改買穩健ETF,34
2023/9/23,[新聞] 受中印關係不佳波及 中國網路掀抵制印度,19
2023/9/23,[新聞] 鑫創電子業績續創高 攜友達跨車用前裝市,8
2023/9/23,[新聞] 一週熱門零股 台積電擠下00878 奪成交王,11
2023/9/23,[新聞] 8月外銷訂單連12黑，全年確定負成長,86
2023/9/23,Re: [請益] 心態崩 想改買穩健ETF,5
2023/9/23,Re: [請益] 心態崩 想改買穩健ETF,1
2023/9/23,Re: [請益] 台積電是在跌什麼的？,9
2023/9/23,Re: [請益] 心態崩 想改買穩健ETF,11
2023/9/23,Re: [請益] 心態崩 想改買穩健ETF,30
2023/9/23,Re: [情報] Fed 官員談話,3
2023/9/23,"Re: [請益]請問台股開市就能賺錢,為什麼周六不開",15
2023/9/23,Re: [請益] 心態崩 想改買穩健ETF,6
2023/9/23,"Re: [請益]請問台股開市就能賺錢,為什麼周六不開",10
2023/9/23,Re: [請益] 心態崩 想改買穩健ETF,19
2023/9/23,Re: [請益] 心態崩 想改買穩健ETF,23
2023/9/23,"[請益]請問台股開市就能賺錢,為什麼周六不開",19
2023/9/23,[新聞] 產險業看明揚大火：財產險保額應足 雇,24
2023/9/23,[新聞] 屏東明揚科技遭控血汗工廠！驚人黑歷史曝,81
2023/9/23,Re: [標的] 00680L 元大美債20正2 破底再破底,48
2023/9/23,Re: [請益] 心態崩 想改買穩健ETF,16
2023/9/23,"[請益]如何查尋""某檔""股票期貨的三大法人未平倉?",5
2023/9/23,Re: [情報] Fed 官員談話,0
2023/9/23,[請益] 心態崩 想改買穩健ETF,99
2023/9/23,[新聞] 台積電殺到500能撿？專家爆2現象再進場,60
2023/9/23,[新聞] 金控官股與民營最大差別？ 專家：在於「,0
2023/9/23,Re: [請益] 台積電是在跌什麼的？,13
2023/9/23,[情報] Fed 官員談話,73
2023/9/23,Re: [新聞] 大陸國台辦主任宋濤：支持研究中止ECFA對,21
2023/9/23,[新聞] 投資高息ETF 留意兩訣竅,0
2023/9/23,Re: [標的] 2603 長榮今年股價能超過150嗎?,6
2023/9/23,[創作] 0050元大台灣50歷年持股百分比%變化-30秒,24
2023/9/22,[新聞] 為何不再打炒房？楊金龍親揭二重點「不要,61
2023/9/22,Re: [標的] 20年美國''直債''該停損了嗎,26
2023/9/22,Re: [請益] 台積電是在跌什麼的？,37
2023/9/22,[新聞] 央行下修 GDP 王美花：我們會努力拚經濟,-10
2023/9/22,[新聞] 營邦8月EPS 4.1元再創紀錄，7、8兩月獲利,19
2023/9/22,[公告] 「央行副總裁...」系列文禁回,11
2023/9/22,[心得] 畢業文，終究是韭菜..賣了就漲的宿命。,8
2023/9/22,[新聞] 大陸國台辦主任宋濤：支持研究中止ECFA對,86
2023/9/22,Re: [新聞] 央行副總裁陳南光再撰文開砲：升息消極,-10
2023/9/22,[請益] 這是什麼操作?,17
2023/9/22,[情報] 112年09月22日信用交易統計,36
2023/9/22,[新聞] 屏東科技園區內爆炸！警消「4重傷1殉職」,100
2023/9/22,Re: [新聞] 央行副總裁陳南光再撰文開砲：升息消極,12
2023/9/22,[情報] 2538.TW 基泰 配合廉政署調查,20
2023/9/22,[情報] 6147.TW 頎邦 重訊,49
2023/9/22,[新聞] 台股震千點重傷自營 8月證券商獲利腰斬,30
2023/9/22,[情報] 112/09/22 八大公股銀行買賣超排行,16
2023/9/22,[情報] 0922 上市櫃外資投信同買排行,3
2023/9/22,[情報] 9928 中視 8月自結 -0.11,24
2023/9/22,[情報] 0922 上市櫃外資投信買超金額排行,1
2023/9/22,Re: [標的] 台指大盤 機器學習線仙空,7
2023/9/22,[情報] 112年09月22日 櫃買法人買賣金額統計表,6
2023/9/22,Re: [請益] 當沖策略請益 該怎麼克服心魔,14
2023/9/22,Re: [新聞] 央行副總裁陳南光再撰文開砲：升息消極,56
2023/9/22,Re: [新聞] 央行副總裁陳南光再撰文開砲：升息消極,75
2023/9/22,Re: [新聞] 投資1200萬買股票賺差價　男要匯款遭阻止,8
2023/9/22,[情報] 0922 上市外資買賣超排行,39
2023/9/22,[情報] 3693 營邦 8月自結,23
2023/9/22,[新聞] 航空貨運爆單 旺到年底,28
2023/9/22,[情報] 3138 耀登決議通過現金增資發行普通股,26
2023/9/22,[情報] 112年09月22日 三大法人買賣金額統計表,100
2023/9/22,[情報] SCFI 20230922 911.71 -36.97,26
2023/9/22,[情報] 0922 上市投信買賣超排行,44
2023/9/22,[閒聊] 2023/09/22 盤後閒聊,100
2023/9/22,Re: [新聞] 央行副總裁陳南光再撰文開砲：升息消極,24
2023/9/22,[請益] 國內券商app會不會擋國外ip,49
2023/9/22,[情報] 2643 捷迅 現金增資公開申購資訊,7
2023/9/22,Re: [新聞] 央行副總裁陳南光再撰文開砲：升息消極,24
2023/9/22,[新聞] 產業署公布 AI 領航補助名單 聚焦智慧醫,11
2023/9/22,[新聞] iPhone15今正式開賣 中國「黃牛」加價人,31
2023/9/22,Re: [新聞] 央行副總裁陳南光再撰文開砲：升息消極,12
2023/9/22,[新聞] 公股勇護盤 9月已砸321億,34
2023/9/22,[新聞]詳訊:日本央行決定維持大規模貨幣寬鬆政策,78
2023/9/22,[請益] 為何0050收益為負正二卻是正的？,12
2023/9/22,Re: [情報] 美國政府10/2關門機率突破七成,15
2023/9/22,Re: [新聞] 央行副總裁陳南光再撰文開砲：升息消極,2
2023/9/22,Re: [新聞] 投資1200萬買股票賺差價　男要匯款遭阻止,7
2023/9/22,[新聞] NVIDIA跌勢不止　台股AI族群開盤下跌1%,31
2023/9/22,[新聞] 下跌卻買爆元大台灣50正2 他曝停損停利點,14
2023/9/22,[新聞] 投資1200萬買股票賺差價　男要匯款遭阻止,19
2023/9/22,Re: [新聞] Fed傳聲筒爆：鮑爾不想升息　多名成員不,4
2023/9/22,[新聞] 央行3度下修全年GDP至1.46%　王美花樂觀,-10
2023/9/22,Re: [新聞] 央行副總裁陳南光再撰文開砲：升息消極,40
2023/9/22,[請益] 股價拉高散戶到底會追高還是賣壓湧現？,5
2023/9/22,[情報] 美國政府10/2關門機率突破七成,25
2023/9/22,[新聞] 台股ETF受益人突破530萬 高息型最旺,22
2023/9/22,[閒聊] 2023/09/22 盤中閒聊,100
2023/9/22,[新聞] 散戶暫時休兵 證券劃撥餘額 首見縮水,33
2023/9/22,[新聞] 熱錢落跑…台幣爆量重貶 探近11個月低點,39
2023/9/22,[新聞] 台積電現斷頭缺口、利空滿天飛 台股真要,34
2023/9/22,Re: [心得] 巴來巴去 到底哪個投顧可以信,3
2023/9/22,Re: [標的] 00670L 富邦NASDAQ正2,8
2023/9/22,[新聞] 外資大賣台股逾300億元 賣超最多竟是這個,5
2023/9/22,Re: [心得] 巴來巴去 到底哪個投顧可以信,1
2023/9/22,[新聞] 指數反向ETF 四檔夯,1
2023/9/22,Re: [心得] 巴來巴去 到底哪個投顧可以信,4
2023/9/22,Re: [新聞] 央行副總裁陳南光再撰文開砲：升息消極,75
2023/9/21,[新聞] 台灣經濟疲弱央行不再升息　打炒房方向,58
2023/9/21,Re: [新聞] 央行副總裁陳南光再撰文開砲：升息消極,56
2023/9/21,Re: [請益] 把房子賣了為啥是買00929?,8
2023/9/21,[新聞] 央行下修經濟成長率至1.46% 楊金龍：第4,46
2023/9/21,Re: [心得] 巴來巴去 到底哪個投顧可以信,2
2023/9/21,[新聞]可以吃00929豆腐？,7
2023/9/21,[情報] 112年09月21日信用交易統計,24
2023/9/21,[新聞] 小摩：原油供應再收緊 油價恐飆上120美元,25
2023/9/21,[標的] 00680L 元大美債20正2 破底再破底,66
2023/9/21,[新聞]面板產業2024年 將爆發大尺寸換機潮,34
2023/9/21,[公告] 09/21 處置名單：apple960164,0
2023/9/21,Re: [心得] 巴來巴去 到底哪個投顧可以信,0
2023/9/21,[情報] 0921 上市櫃外資投信同買排行,3
2023/9/21,Re: [請益] 今年還有賺嗎,81
2023/9/21,[情報] 0921 上市櫃外資投信買超金額排行,4
2023/9/21,[情報] 證交所: 基泰 違反內控規定 處50萬違約金,14
2023/9/21,[新聞] 《熱門族群》啖充電樁商機 3檔吃香抗震,20
2023/9/21,[新聞] 〈漢民集團法說〉漢磊SiC稼動率9成以上,8
2023/9/21,[新聞] 《電通股》近期飆股 文曄8月每股盈餘0.77,20
2023/9/21,Re: [請益] 今年還有賺嗎,12
2023/9/21,Re: [標的] 大盤空 我推的空單,36
2023/9/21,[情報] 112/09/21 八大公股銀行買賣超排行,19
2023/9/21,Re: [新聞] 央行3度下修全年GDP至1.46% CPI為2.22%,19
2023/9/21,Re: [請益] 台股是不是漲不動了,16
2023/9/21,[新聞] 台股血流成河「到底在跌啥」？分析師詳曝,36
2023/9/21,[新聞] 央行3度下修全年GDP至1.46% CPI為2.22%,76
2023/9/21,Re: [請益] 今年還有賺嗎,18
2023/9/21,[新聞] 快訊／跟進Fed！央行暫停升息 利率連2凍,73
2023/9/21,[情報] 0921 上市外資買賣超排行,93
2023/9/21,Re: [請益] 今年還有賺嗎,23
2023/9/21,[情報] 112年09月21日 櫃買法人買賣金額統計表,13
2023/9/21,[請益] 當沖策略請益 該怎麼克服心魔,54
2023/9/21,[新聞] 《航運股》高載客、高票價 長榮航今年獲,13
2023/9/21,[情報] 112年09月21日 三大法人買賣金額統計表,100
2023/9/21,[創作] 多軍就要表白勇敢大聲說出來,6
2023/9/21,[情報] 0921 上市投信買賣超排行,36
2023/9/21,Re: [新聞] Fed利率決策／今年將再升1碼 明年全年利,0
2023/9/21,[標的] 元大台灣50正2 多！,72
2023/9/21,[閒聊] 2023/09/21 盤後閒聊,49
2023/9/21,[新聞] Fed傳聲筒爆：鮑爾不想升息　多名成員不,88
2023/9/21,[新聞] 台股殺逾200點 股民避險元大50反1,21
2023/9/21,[新聞] World Gym申請IPO 明年首季掛牌,29
2023/9/21,[新聞] 台股跌破半年線 法人：利空差不多了 搶短,100
2023/9/21,[新聞] 華邦電 車用市場占比成長,9
2023/9/21,Re: [新聞] 暑假旺季航運股翻身 外資搶進華航、長榮,6
2023/9/21,Re: [請益] 台股是不是漲不動了,7
2023/9/21,Re: [標的] 3596 智易 多,17
2023/9/21,[請益] 台股是不是漲不動了,100
2023/9/21,Re: [新聞] 慘！8月外銷訂單 連12黑,8
2023/9/21,Re: [請益] 把房子賣了為啥是買00929?,23
2023/9/21,[新聞] 慘！8月外銷訂單 連12黑,100
2023/9/21,[標的] 請教一檔權證華星光704829,6
2023/9/21,[標的] SOXS.US 三倍反向半導體 無腦多,15
2023/9/21,[新聞] 遠東新：產業Q4全年最強 看好明年上半景,25
2023/9/21,[標的] 1216 統一烤肉多多,22
2023/9/21,Re: [新聞] Fed利率決策／今年將再升1碼 明年全年利,14
2023/9/21,[新聞] 英特爾：資料中心延後復甦 牽動信驊、新,11
2023/9/21,[閒聊] 2023/09/21 盤中閒聊,100
2023/9/21,Re: [新聞] Fed利率決策／今年將再升1碼 明年全年利,14
2023/9/21,[新聞] 雷蒙多：沒證據陸能大規模生產7奈米晶片,26
2023/9/21,Re: [新聞] Fed利率決策／今年將再升1碼 明年全年利,28
2023/9/21,[標的] 茂訊3213-還要更多,2
2023/9/21,[新聞] Fed利率決策／今年將再升1碼 明年全年利,100
2023/9/21,Re: [標的] SOXL.US 短多搶反彈,8
2023/9/21,[新聞] 全球股票型ETF 買點到,5
2023/9/21,Re: [新聞] 張克帆玩股票「30歲賠光4000萬」 悲嘆：,54
2023/9/20,[新聞] 台塑化陳寶郎估年底油價維持90美元，看好,9
2023/9/20,[新聞] ARM掛牌 台股造Q4大浪,15
2023/9/20,[新聞] 長榮航調升部分燃油附加費約3成 全年營運,15
2023/9/20,Re: [標的] 20年美國''直債''該停損了嗎,6
2023/9/20,[新聞] 基泰大直事故工地又發生下陷 北市建管處,44
2023/9/20,[新聞]受惠兩岸餐飲回溫、冰品成長 南僑8月獲利,11
2023/9/20,[新聞] 台股3天跌386點 金管會:適時採行相關措施,71
2023/9/20,[請益] 長榮損益應該怎麼算?,18
2023/9/20,Re: [心得] 00929膨起來買爆一堆小型股 QQ,28
2023/9/20,[情報] 112年09月20日信用交易統計,19
2023/9/20,[新聞] 大摩：AI伺服器推動 技嘉「優於大盤」,24
2023/9/20,[新聞] 賴清德：AI將遍及生活 發展可信賴的人工,44
2023/9/20,Re: [請益] 把房子賣了為啥是買00929?,2
2023/9/20,[情報] 0920 上市櫃外資投信同買排行,1
2023/9/20,[請益] 投信倒貨n天突然轉小買,5
2023/9/20,Re: [標的] 2409 友達 (2023.09面板報價),34
2023/9/20,[新聞] 傳聲筒：Fed將預測年底再升息,60
2023/9/20,[情報] 0920 上市櫃外資投信買超金額排行,0
2023/9/20,[請益] i15 pro 開箱心得表現不佳，是蘋果還是G,65
2023/9/20,[心得] 00929膨起來買爆一堆小型股 QQ,47
2023/9/20,[新聞] 新制11/27上路！零股盤中撮合縮短到5秒,49
2023/9/20,[情報] 112/09/20 八大公股銀行買賣超排行,10
2023/9/20,[新聞] 樂陞案坑殺2萬股民 許金龍判10年定讞,74
2023/9/20,[新聞] 中華電信攜手耐能智慧、訊奇 以 AI 科技,14
2023/9/20,[情報] 2427 三商電 董事會決議辦理現金增資,8
2023/9/20,[情報] 華為問界M7智能駕駛,24
2023/9/20,[新聞] 陽明：十一長假拉貨不如預期　Q4、明年保,55
2023/9/20,[新聞] 外資匯出 台幣貶破32,75
2023/9/20,[情報] 0920 上市外資買賣超排行,49
2023/9/20,[新聞] 張克帆玩股票「30歲賠光4000萬」 悲嘆：,80
2023/9/20,[情報] 112年09月20日 櫃買法人買賣金額統計表,16
2023/9/20,Re: [請益] 把房子賣了為啥是買00929?,17
2023/9/20,[情報] 112年09月20日 三大法人買賣金額統計表,100
2023/9/20,Re: [請益] 把房子賣了為啥是買00929?,12
2023/9/20,[請益] 富邦e點通的ETF類股,6
2023/9/20,[請益] 股價被腰斬後有可能漲回來嗎？,55
2023/9/20,[情報] 0920 上市投信買賣超排行,32
2023/9/20,Re: [請益] 當擦鞋童都開始無腦定期定額ETF會怎樣?,17
2023/9/20,[標的] 6284 佳邦 Many多多,13
2023/9/20,[閒聊] 2023/09/20 盤後閒聊,69
2023/9/20,"[新聞] 公平會重罰中華電,台灣大 遠傳總座井琪:",17
2023/9/20,Re: [請益] 股釋玄學的存在?,13
2023/9/20,[標的] 20年美國''直債''該停損了嗎,100
2023/9/20,Re: [新聞] 歐盟對中國電動車反補貼調查 歐洲業界跳,3
2023/9/20,Re: [請益] 把房子賣了為啥是買00929?,0
2023/9/20,Re: [請益] 大家一窩蜂正2是否會有擦鞋童效應?,25
2023/9/20,[請益] 把房子賣了為啥是買00929?,41
2023/9/20,[標的] 6111大宇資 轉投資全達多,9
2023/9/20,[標的] 復華台灣科技優息(00929),35
2023/9/20,[新聞] 迎「矽經濟」時代 AI股破底翻high起來,7
2023/9/20,Re: [新聞] 歐盟對中國電動車反補貼調查 歐洲業界跳,17
2023/9/20,[標的] 1515.TW 力山 剛起漲多,16
2023/9/20,[新聞] AI晶片熱潮退？ 傳微軟砍輝達H100訂單,11
2023/9/20,[新聞] 巴菲特五大AI股掀牌 台積入列,0
2023/9/20,[閒聊] 2023/09/20 盤中閒聊,100
2023/9/20,[新聞] 啟碁、中磊 出貨動能看旺,69
2023/9/20,Re: [標的] 00712現在是否適合逢低布局？,8
2023/9/20,[創作] 說好的華孚呢？,0
2023/9/20,[請益] 日盛金零股哪裡來的?,7
2023/9/20,Re: [請益] 大家一窩蜂正2是否會有擦鞋童效應?,19
2023/9/20,[請益] 請教關於投資個股加碼的時機點或點位,6
2023/9/20,Re: [標的] SOXS.US（費半反向ETF) 短多,1
2023/9/20,[新聞] 槓桿效益，騰雲H2/明年獲利成長優於營收,4
2023/9/19,Re: [標的] SOXL.US 短多搶反彈,3
2023/9/19,[新聞] i15 Pro Max遇瓶頸 蘋果提高大立光獨家供,23
2023/9/19,[情報] 0919 上市櫃外資投信同買排行,5
2023/9/19,[情報] 0919 上市櫃外資投信買超金額排行,0
2023/9/19,Re: [標的] AES-KY(6781)多,27
2023/9/19,[新聞] 台股高息 ETF 買瘋了！00929 規模破 700,99
2023/9/19,[新聞] 先進封裝也赴美？亞利桑納州長：正與台積,99
2023/9/19,[情報] 112年09月19日信用交易統計,27
2023/9/19,[新聞] iPhone 15 Pro Max鏡頭太難！郭明錤：蘋,14
2023/9/19,[新聞] 陸晶圓廠「時代芯存」破產淪為養雞場 拍,59
2023/9/19,Re: [新聞] 10月電價不調整！餐飲百貨等內需補漲15%,0
2023/9/19,[標的] AES-KY(6781)多,8
2023/9/19,[新聞] 台中市查到「國產未來蛋」　盧秀燕：市場,54
2023/9/19,[標的] 1210大成、1215卜蜂，液蛋空,34
2023/9/19,[情報] 112/09/19 八大公股銀行買賣超排行,11
2023/9/19,[標的] SOXL.US 多,9
2023/9/19,Re: [請益] 單靠技術分析買股票 真的有辦法賺錢嗎？,4
2023/9/19,[新聞] 零股交易10強出爐 台積電爆158萬股天量,33
2023/9/19,[新聞] 10月電價不調整！餐飲百貨等內需補漲15%,67
2023/9/19,[新聞]市場需求已被滿足 傳微軟下修輝達H100訂單,99
2023/9/19,[情報] 5321 美而快 8月自結 0.26,26
2023/9/19,[情報] 0919 上市外資買賣超排行,71
2023/9/19,Re: [請益] 單靠技術分析買股票 真的有辦法賺錢嗎？,7
2023/9/19,[情報] 112年09月19日 櫃買法人買賣金額統計表,15
2023/9/19,[情報] 112年09月19日 三大法人買賣金額統計表,74
2023/9/19,[情報] 0919 上市投信買賣超排行,46
2023/9/19,[標的] 1558.TW 伸興 多,15
2023/9/19,[創作]對面的女孩看過來,28
2023/9/19,[新聞] 東陽獲日系、本土法人按讚 股價創新高,22
2023/9/19,"[情報] 2002 中鋼 8月自結 稅前淨利42,107千元",38
2023/9/19,[閒聊] 2023/09/19 盤後閒聊,15
2023/9/19,[情報] 4155 訊映 現金增資公開申購資訊,4
2023/9/19,[標的] 3017.TW 奇鈜 幫助AI多,21
2023/9/19,[新聞] 台積電市值 面臨14兆元保衛戰,20
2023/9/19,[新聞] 首家永續型創投上市 鑽石投資飆漲24%,9
2023/9/19,[請益] 請問大盤型ETF應該怎麼挑?,76
2023/9/19,[情報] 興富發針對媒體報導台中市建案復工說明,11
2023/9/19,Re: [心得] 緯創跌破百元了.現價98.1,62
2023/9/19,[新聞] iPhone 15 Pro「鈦」潮掀機殼革命 鴻準扮演關鍵角色,51
2023/9/19,[新聞] AI需求大 林百里：訂單不愁,63
2023/9/19,Re: [新聞] 台積電落難大殺台股147點 政府坐鎮護盤,8
2023/9/19,[閒聊] 2023/09/19 盤中閒聊,99
2023/9/19,[新聞] 上市前夕…鑽石生技宣布結盟諦醫攻新藥,55
2023/9/19,[新聞] 【朱國榮逃亡內幕1】為潛逃神布局 朱國榮,20
2023/9/19,[公告] 09/19水桶公告,75
2023/9/18,[新聞] 調查：Fed可能將再度升息 並且不只一次,83
2023/9/18,Re: [請益] 開盤“搓合“如何避險防止穿價,7
2023/9/18,Re: [新聞] 中共殺雞儆猴？A股首例減持公司董事長被,3
2023/9/18,[請益] 開盤“搓合“如何避險防止穿價,11
2023/9/18,[標的] TSLA.US 中國要打壓了嗎?,53
2023/9/18,[新聞] 蔡英文明見美國亞利桑納州長　半導體、電,27
2023/9/18,[新聞] 陸恒大股價再急挫 旗下金融公司多人被捕,18
2023/9/18,[請益] 0050只配一點息為何沒被酸左睪換右睪？,15
2023/9/18,Re: [請益] 單靠技術分析買股票 真的有辦法賺錢嗎？,1
2023/9/18,[新聞] 中共殺雞儆猴？A股首例減持公司董事長被,60
2023/9/18,[標的] 6121.TW 新普 6285.TW 啟碁 多,21
2023/9/18,[情報] 112年09月18日信用交易統計,32
2023/9/18,[情報] 0918 上市櫃外資投信同買排行,2
2023/9/18,[新聞] 美光科技買點到了？德銀：DRAM晶片價格,27
2023/9/18,[情報] 0918 上市櫃外資投信買超金額排行,2
2023/9/18,Re: [新聞] 台積電落難大殺台股147點 政府坐鎮護盤,0
2023/9/18,[新聞] 台積電落難大殺台股147點 政府坐鎮護盤,34
2023/9/18,Re: [新聞] 再度暫停申購 元大美債20年又達募集上限,8
2023/9/18,Re: [新聞] 再度暫停申購 元大美債20年又達募集上限,26
2023/9/18,Re: [新聞] 再度暫停申購 元大美債20年又達募集上限,0
2023/9/18,Re: [新聞] 再度暫停申購 元大美債20年又達募集上限,32
2023/9/18,[情報] 112/09/18 八大公股銀行買賣超排行,15
2023/9/18,[情報] 2323 中環 取得陽明海運股票,52
2023/9/18,[創作] [創作]新寶島康樂隊-等無限時批,0
2023/9/18,Re: [新聞] 再度暫停申購 元大美債20年又達募集上限,10
2023/9/18,Re: [新聞] 再度暫停申購 元大美債20年又達募集上限,100
2023/9/18,[創作] 一千個傷心的理由,38
2023/9/18,[新聞] 抽中1張賺2.7萬元 鑽石生技明天40元掛牌,23
2023/9/18,[新聞] 張忠謀：台晶片具3大優勢 他國很難做到,100
2023/9/18,[請益] 資金 投資規劃(股票/ETF),36
2023/9/18,[情報] 0918 上市外資買賣超排行,63
2023/9/18,[情報] 112年09月18日 櫃買法人買賣金額統計表,22
2023/9/18,[情報] 112年09月18日 三大法人買賣金額統計表,100
2023/9/18,[情報] 0918 上市投信買賣超排行,48
2023/9/18,[標的] 2066.TW 世德 多,28
2023/9/18,[創作] 技嘉 (回家),33
2023/9/18,[閒聊] 2023/09/18 盤後閒聊,17
2023/9/18,Re: [新聞] 神祕買盤 推升台積大漲,19
2023/9/18,[請益] 股東會紀念品會送到家嗎？,40
2023/9/18,[新聞] 4檔高股息ETF同一天除息…全數貼息,12
2023/9/18,[新聞] 特斯拉布局超級電腦 將擴大下單台積電,40
2023/9/18,Re: [請益] 單靠技術分析買股票 真的有辦法賺錢嗎？,3
2023/9/18,Re: [請益] 單靠技術分析買股票 真的有辦法賺錢嗎？,7
2023/9/18,Re: [新聞] 美股股利稅率可能從 30% 降到 10%,0
2023/9/18,[請益] 除息日是進場好時機嗎?,47
2023/9/18,Re: [標的] 輕原油  油水很多,11
2023/9/18,Re: [標的] 3289 宜特 AI+車用驗證 (減資彌補虧損),3
2023/9/18,[新聞] 歐盟對中國電池嚴重依賴　需採強力措施防,39
2023/9/18,[閒聊] 2023/09/18 盤中閒聊,99
2023/9/18,Re: [請益] 單靠技術分析買股票 真的有辦法賺錢嗎？,14
2023/9/18,[創作] 那些年,3
2023/9/18,[新聞]沙國、俄羅斯減產石油 3 個月恐釀通膨加劇,70
2023/9/18,[標的] 3014 聯陽 多,8
2023/9/18,Re: [標的] 3008.TW 大立光,4
2023/9/18,Re: [請益] 單靠技術分析買股票 真的有辦法賺錢嗎？,21
2023/9/17,[標的] 3008.TW 大立光,19
2023/9/17,[新聞] 連騰推出汽車UWB無線控制模組,2
2023/9/17,[新聞] 陸iPhone 15預購首日「蘋果官網癱瘓」,100
2023/9/17,[標的] 3014 聯陽 空,37
2023/9/17,[心得] 09/18~09/22 美股財報&經濟數據行事曆,20
2023/9/17,[新聞] 神祕買盤 推升台積大漲,43
2023/9/17,[新聞] Fed明年降息次數，受關注,89
2023/9/17,Re: [新聞] 高股息ETF躍上市公司大股東,24
2023/9/17,Re: [請益] 單靠技術分析買股票 真的有辦法賺錢嗎？,6
2023/9/17,[新聞] 群益臺灣加權正2 買點到,30
2023/9/17,[新聞] 電價審議9/19登場 餐飲等內需產業補漲15%,100
2023/9/17,Re: [新聞] 示警缺水　大摩：影響外資買台積電意願,64
2023/9/17,[公告] 09/17 處置公告,0
2023/9/17,[請益] 資產配置及台股以外的投資請益,58
2023/9/17,Re: [新聞] 高股息ETF躍上市公司大股東,6
2023/9/17,[請益] 關於美債ETF和美股券商退稅問題,4
2023/9/16,[新聞] 獨家｜群創員工不滿要離職獎金竟瞬間歸零,99
2023/9/16,Re: [標的] 3289 宜特 AI+車用驗證 (減資彌補虧損),49
2023/9/16,Re: [新聞] 高股息ETF躍上市公司大股東,15
2023/9/16,Re: [新聞] 高股息ETF躍上市公司大股東,9
2023/9/16,Re: [新聞] 高股息ETF躍上市公司大股東,49
2023/9/16,Re: [新聞] 高股息ETF躍上市公司大股東,24
2023/9/16,Re: [標的] 3289 宜特 AI+車用驗證 自動駕駛多,2
2023/9/16,Re: [新聞] 高股息ETF躍上市公司大股東,15
2023/9/16,[新聞] 高股息ETF躍上市公司大股東,64
2023/9/16,Re: [請益] 單靠技術分析買股票 真的有辦法賺錢嗎？,3
2023/9/16,Re: [請益] 單靠技術分析買股票 真的有辦法賺錢嗎？,7
2023/9/16,Re: [新聞] 路透：台積電告知艾司摩爾 推遲美國廠設,25
2023/9/16,Re: [新聞] 台灣版星鏈首部曲 B5G低軌通訊衛星2026年,4
2023/9/16,Re: [請益] 單靠技術分析買股票 真的有辦法賺錢嗎？,6
2023/9/16,[新聞] 台灣版星鏈首部曲 B5G低軌通訊衛星2026年,22
2023/9/16,Re: [請益] 單靠技術分析買股票 真的有辦法賺錢嗎？,7
2023/9/16,Re: [新聞] 路透：台積電告知艾司摩爾 推遲美國廠設,43
2023/9/16,Re: [請益] 單靠技術分析買股票 真的有辦法賺錢嗎？,5
2023/9/16,[新聞] 說好跳槽呢？中國iPhone15預購官網大當機,81
2023/9/16,[新聞] 先探／華為手機熱銷　概念股早點名,31
2023/9/16,Re: [請益] 單靠技術分析買股票 真的有辦法賺錢嗎？,23
2023/9/16,[新聞] 一週熱門零股 聯發科 緯創 躋身十強,7
2023/9/16,[標的] 聯發科期貨10月 多,31
2023/9/16,[新聞] 路透：美債殖利率高掛 台灣大銀行買得戰,23
2023/9/16,[新聞] 馬士基翻多 指看到明年新興市場和北美具,30
2023/9/16,[請益] 為什麼有的券商要買這麼大量,17
2023/9/16,[新聞] iPhone 15準備開賣！一堆果粉狂搶「iPhon,18
2023/9/16,[新聞] 路透：台積電告知艾司摩爾 推遲美國廠設,78
2023/9/16,[新聞] SCFI貨櫃運價指數連兩跌，美西線跌破2000,26
2023/9/16,Re: [請益] 今晚美股跌什麼？,21
2023/9/16,[標的] 2376 技嘉 多,47
2023/9/16,Re: [請益] 單靠技術分析買股票 真的有辦法賺錢嗎？,1
2023/9/16,[標的] 6799 來頡 多多,7
2023/9/16,[標的] SOXL.US 短多搶反彈,6
2023/9/16,Re: [標的] SOXS.US（費半反向ETF) 短多,2
2023/9/15,Re: [請益] 單靠技術分析買股票 真的有辦法賺錢嗎？,7
2023/9/15,[新聞] 高盛:終端需求復甦緩慢 下調晶圓代工雙雄,49
2023/9/15,[請益] 單靠技術分析買股票 真的有辦法賺錢嗎？,85
2023/9/15,[標的] AMD.US 蘇媽妳...,24
2023/9/15,[情報] 112年09月15日信用交易統計,14
2023/9/15,[新聞] 路透:台積憂客戶需求 通知設備供應商延後,63
2023/9/15,[新聞] 啟基股價創高　現增送件每股溢價暫訂100,33
2023/9/15,[新聞] KKBOX 確定在台上市！獲中華電信、台灣大等企業投資4000萬,100
2023/9/15,[新聞] 漢翔首次攜手美商Moog 共同耕耘台灣市場,4
2023/9/15,[新聞] 合約談崩 美汽車工人罷工！底特律3大巨頭,52
2023/9/15,[新聞] 中華電防堵詐騙 行動國際來話語音警示服,14
2023/9/15,[請益] 買快上市櫃的興櫃股票 意義在哪?,7
2023/9/15,[情報] 112/09/15 八大公股銀行買賣超排行,13
2023/9/15,[新聞] 認同林百里「AI力即國力」 賴清德：地緣,0
2023/9/15,[新聞] 00878定期定額戶數八月增逾1.1萬居冠!,39
2023/9/15,[新聞] 成也晶片、敗也晶片！台股Q3表現大輸南,27
2023/9/15,[情報] 6585 鼎基 112年7月自結0.51元,7
2023/9/15,[請益] MSCI.Inc vs. VT,11
2023/9/15,[情報] 0915 上市外資買賣超排行,71
2023/9/15,[新聞] 美股股利稅率可能從 30% 降到 10%,100
2023/9/15,[請益] 債券ETFv.s.高股息ETF,24
2023/9/15,Re: [心得] 詐騙集團是不是真的都很無情,13
2023/9/15,[情報] 112年09月15日 櫃買法人買賣金額統計表,23
2023/9/15,[創作] Arm 睏咖 (空耳加強版),30
2023/9/15,[情報] 112年09月15日 三大法人買賣金額統計表,61
2023/9/15,[情報] SCFI 20230915 948.68 -50.57(-5%),70
2023/9/15,[情報] 0915 上市投信買賣超排行,42
2023/9/15,[新聞] 擁抱多元科技創新趨勢 野村投信首檔 ETF,6
2023/9/15,Re: [請益] 持股健檢（都是看批踢踢買的）,77
2023/9/15,[新聞] 因勞資談判破裂，美國三大車企工人開始,71
2023/9/15,[新聞] 三星擴大DRAM減產，並以DDR4為主,27
2023/9/15,[閒聊] 2023/09/15 盤後閒聊,13
2023/9/15,Re: [標的] 2363矽統董座多,17
2023/9/15,[新聞] 台廠軍事肌肉吸睛！ 4檔軍工股今年大漲超,16
2023/9/15,[請益] 虛擬貨幣與貿易壁壘,0
2023/9/15,[新聞] AI新時代黎明剛開始 廣達林百里：再旺5~1,35
2023/9/15,[新聞] 美國牽緊越南 催動晶片合作,32
2023/9/15,[新聞] AI題材搶眼 光通訊族群放閃,7
2023/9/15,[新聞] 華為手機晶片良率 打臉一票外媒？台積電,98
2023/9/15,[新聞] 文曄砸1200億併Future　股價跳空漲停,47
2023/9/15,[新聞] 擁華為、AI題材！亞馬遜可望成華通新成,11
2023/9/15,[新聞] 白宮：輝達、IBM和Salesforce同意AI自律,6
2023/9/15,[新聞] 存股、抄底、做短線價差，誰賺得比較多？,23
2023/9/15,[閒聊] 2023/09/15 盤中閒聊,100
2023/9/15,[請益] 現在all in日本是否會變韭菜,21
2023/9/15,[新聞] 藉助「醬香茅臺拿鐵」，瑞幸「小鹿」能否,26
2023/9/15,[新聞] Arm正式在紐約那斯達克重新掛牌上市，預,9
2023/9/15,[新聞] 【獨家】【朱國榮棄保逃亡】國寶集團總,87
2023/9/15,[新聞] 國寶總裁朱國榮炒股遭重判16年 他沒按時,11
2023/9/14,[新聞] 中國瘋搶華為新手機 分析：直接衝擊蘋果,100
2023/9/14,[新聞] 西德州油價升破每桶90美元 去年11月以來,50
2023/9/14,[情報] 0914 上市櫃外資投信同買排行,10
2023/9/14,[情報] 112年09月14日信用交易統計,13
2023/9/14,[新聞] 廣達看旺AI伺服器 明年大成長,40
2023/9/14,[情報] 歐央行升息一碼,55
2023/9/14,[情報] 0914 上市櫃外資投信買超金額排行,6
2023/9/14,[新聞] 示警缺水　大摩：影響外資買台積電意願,74
2023/9/14,[情報] 8月 PPI,48
2023/9/14,[新聞] 詐團新招！指導匯款遭阻要「生氣走人換別,65
2023/9/14,[情報] 聯發科2500萬美元 取得Arm美國存託憑證,12
2023/9/14,[情報] 6180 橘子 公平交易委員會裁處本公司罰鍰,55
2023/9/14,[情報] 112/09/14 八大公股銀行買賣超排行,12
2023/9/14,Re: [心得] 詐騙集團是不是真的都很無情,29
2023/9/14,[情報] 熱門ETF 2023年1~8月內扣費用率,38
2023/9/14,Re: [新聞] 快訊／行政院拍板調漲基本工資　調幅4.0,39
2023/9/14,[新聞] 印度阿達尼集團聯手興和 計劃在台灣、日,23
2023/9/14,[請益] 持股配置調整,41
2023/9/14,[情報] 0914 上市外資買賣超排行,66
2023/9/14,[標的] 1521.TW 大億,31
2023/9/14,[情報] 112年09月14日 三大法人買賣金額統計表,85
2023/9/14,[情報] 112年09月14日 櫃買法人買賣金額統計表,18
2023/9/14,[情報] 2836 高雄銀 董事會通過辦理現金增資,16
2023/9/14,Re: [新聞] 文曄明停牌　有待重大訊息公布,77
2023/9/14,[情報] 0914 上市投信買賣超排行,36
2023/9/14,[新聞] 遊戲抽卡總是抽不到？新楓之谷「機率不,87
2023/9/14,[閒聊] 2023/09/14 盤後閒聊,35
2023/9/14,[新聞] 歐盟對中國電動車反補貼調查 歐洲業界跳,41
2023/9/14,Re: [標的]  3163 波若威 強力支撐多,34
2023/9/14,[新聞] 台積電除息 張忠謀股利增為3.75億元,41
2023/9/14,[新聞] 騰雲上櫃首日掀蜜月行情漲逾2成 抽中一張,21
2023/9/14,[新聞] 燃油成本上升+機師工會協議 美國航空調,15
2023/9/14,[新聞] 嘉基明年營運回溫，嘉澤獲利進補,6
2023/9/14,[新聞] 取消通話費優惠　公平會重罰中華電信、,50
2023/9/14,[標的] 2371 大同，大同今天是在跌什麼?,19
2023/9/14,Re: [情報] 美元會再漲5% ！？降息不可能？,38
2023/9/14,Re: [標的] 6715 嘉基 多,9
2023/9/14,[新聞] 今年最大 IPO 案今開始交易 Arm 以最高定,17
2023/9/14,[閒聊] 2023/09/14 盤中閒聊,100
2023/9/14,[新聞] 政府護盤 選舉行情有譜,17
2023/9/14,[請益] 外星人概念股是什麼產業,77
2023/9/14,[標的] 1522 堤維西 嘎空多,20
2023/9/13,[標的] 聯亞3081 多,17
2023/9/13,Re: [請益] Firstrade被盜賣股票,11
2023/9/13,[新聞] 安聯經濟顧問：中國可能永遠不會成世界最,58
2023/9/13,[情報] 美元會再漲5% ！？降息不可能？,74
2023/9/13,[情報] 0913 上市櫃外資投信同買排行,5
2023/9/13,[新聞] 緯創、緯穎、廣達 高階主管再賣股,73
2023/9/13,[情報] 0913 上市櫃外資投信買超金額排行,1
2023/9/13,[標的] 2883b.tw 開發金乙特,33
2023/9/13,[情報] 112年09月13日信用交易統計,21
2023/9/13,[新聞] ABA調查：聯準會已完成升息 明年可能降息,41
2023/9/13,Re: [心得] 投顧的存在根本不合理,11
2023/9/13,[標的] 1707 葡萄王十年線多多,21
2023/9/13,[新聞] 文曄明停牌　有待重大訊息公布,48
2023/9/13,[新聞] 外交部：中國無發布禁用iPhone禁令,54
2023/9/13,[情報] 8月CPI & CoreCPI,100
2023/9/13,[標的]S&P500 index 空,35
2023/9/13,Re: [請益] 有人被隨機性誤導很多年嗎?,4
2023/9/13,[新聞] 雷虎軍民通用T-400中長程無人直升機,16
2023/9/13,[新聞] 三大事業體發威 葡萄王營運俏,42
2023/9/13,Re: [標的] 6901.TW 鑽石生技 未來發展討論,8
2023/9/13,[新聞] 花旗：美國經濟可能會於2024年陷入衰退,53
2023/9/13,[情報] 112/09/13 八大公股銀行買賣超排行,20
2023/9/13,[新聞] iPhone 15搭載潛望式鏡頭落空 大立光、玉,23
2023/9/13,[標的] 6901.TW 鑽石生技 未來發展討論,33
2023/9/13,[新聞] 攸關台積1奈米用地！居民誓死反龍科擴建,100
2023/9/13,Re: [請益] 有人被隨機性誤導很多年嗎?,2
2023/9/13,[新聞] 路透:台積電美國設廠受挫 看好在日本擴大,43
2023/9/13,Re: [標的] 1102.TW 亞泥 想不出你為何不跟保羅單多,47
2023/9/13,[情報] 0913 上市外資買賣超排行,64
2023/9/13,Re: [請益] 有人被隨機性誤導很多年嗎?,10
2023/9/13,[情報] 112年09月13日 櫃買法人買賣金額統計表,16
2023/9/13,[情報] 112年09月13日 三大法人買賣金額統計表,48
2023/9/13,[情報] 0913 上市投信買賣超排行,83
2023/9/13,[情報] 致新 8月營收,11
2023/9/13,[閒聊] 2023/09/13 盤後閒聊,27
2023/9/13,Re: [新聞] 台灣8月通膨率2.52％ 七個月最高,44
2023/9/13,[新聞] 2002 中鋼 8月營收 MOM+8.2% YOY-15.8%,35
2023/9/13,[請益] 00878不再是高股息首選了?,78
2023/9/13,[請益] 有人被隨機性誤導很多年嗎?,36
2023/9/13,Re: [請益] 無腦200萬資產配置,13
2023/9/13,[新聞] 台灣8月通膨率2.52％ 七個月最高,99
2023/9/13,[請益] 有地方可以看到均價的移動平均嗎？,9
2023/9/13,[新聞] 反間諜潮下 中國多地對特斯拉存在戒心,27
2023/9/13,[請益] 無腦200萬資產配置,78
2023/9/13,[請益] 借券方 現增權益補償和認購權問題,6
2023/9/13,[新聞] 台資抽腿大陸 匯回資金創高…「錢潮」有,43
2023/9/13,Re: [標的] 3209全科 ARM安謀下周ipo受惠股 低檔多,2
2023/9/13,[新聞] All In基泰建設財富自由？他等跌破5元要,0
2023/9/13,[新聞] 三星傳調漲記憶體晶片價格多達兩成 估最,13
2023/9/13,[新聞] 鑽石生技申購掀熱潮 凍資近160億,26
2023/9/13,[情報] 112年【8月金控含銀行】累績EPS排行,32
2023/9/13,[新聞] 歐盟商會主席指中國沒希望重新融入世界,29
2023/9/13,[請益] 如何參與安謀(ARM) IPO？,15
2023/9/13,Re: [請益] Firstrade被盜賣股票並封鎖帳號,10
2023/9/13,[閒聊] 2023/09/13 盤中閒聊,100
2023/9/13,[新聞] 美股全收黑！　蘋果發布iPhone 15後下,99
2023/9/13,[新聞] 前八月證交稅重返成長 創同期新高,16
2023/9/13,Re: [請益] 為何景氣藍燈 大盤卻往上噴？,2
2023/9/13,Re: [請益] Firstrade被盜賣股票並封鎖帳號,71
2023/9/13,[新聞] 中華電信明年元旦確定加薪 調幅超過4%,29
2023/9/13,[新聞] 摩根大通CEO：眼前風險多 以為美國經濟,21
2023/9/12,[情報] 裕隆集團新鑫打造多元獲利 成為租賃業領,3
2023/9/12,[標的] 2645 長榮航太 空,-10
2023/9/12,[情報] APPLE Wonderlust 2023,57
2023/9/12,[標的] BMWYY.US,4
2023/9/12,[請益] 是不是不應該跟股票培養感情,47
2023/9/12,[創作] 投顧就是騙（男人就是累）,7
2023/9/12,[新聞] 台積電以逾4億美元買英特爾手中IMS 10%,34
2023/9/12,[情報] 112年09月12日信用交易統計,23
2023/9/12,[情報] 2330.TW 台積: 子公司參與 ARM IPO,21
2023/9/12,[請益] 為何景氣藍燈 大盤卻往上噴？,38
2023/9/12,[請益] 為什麼新光金可以一直負eps ？,42
2023/9/12,[新聞] 台股失守月線 金管會喊話基本面穩,34
2023/9/12,[情報] 0912 上市櫃外資投信同買排行,4
2023/9/12,[新聞] 富邦金、國泰金、中信金…14家金控前8月,12
2023/9/12,[情報] 0912 上市櫃外資投信買超金額排行,3
2023/9/12,[請益] 有沒有看護移工申請放寬概念股,52
2023/9/12,Re: [新聞] 對決！衛生紙掀價格促銷戰,2
2023/9/12,[新聞] 蘋果單發威，鼎基8月營收創高、Q3有望攀,8
2023/9/12,[新聞] 智原搶攻先進封裝 與聯電、封測廠緊密合,22
2023/9/12,[新聞] 北市府對基泰聲請假扣押 北院認「難認定,80
2023/9/12,[新聞] 存金融股不如存金融債 法人推國泰10Y＋金,21
2023/9/12,[情報] 2538.TW 基泰: 已信託予 台北市1億元,48
2023/9/12,[請益] 想問，現在很多銀行都有定存美元的優惠,36
2023/9/12,[情報] 112/09/12 八大公股銀行買賣超排行,16
2023/9/12,[新聞] 專家：美經濟衰退無可避免 金價將在3年,32
2023/9/12,[新聞] 操盤台股基金跟單 金管會再重罰富邦投信,27
2023/9/12,[新聞] 台泥歐洲能源布局再報捷 獲歐盟17億元挹,21
2023/9/12,[新聞] 對決！衛生紙掀價格促銷戰,34
2023/9/12,[情報] 0912 上市外資買賣超排行,69
2023/9/12,[情報] 4105 東洋 8月自結 0.54 累計 3.13,17
2023/9/12,[情報] 112年09月12日 櫃買法人買賣金額統計表,17
2023/9/12,[標的] 3045 台灣大 多,16
2023/9/12,[情報] 112年09月12日 三大法人買賣金額統計表,54
2023/9/12,[情報] 0912 上市投信買賣超排行,62
2023/9/12,[標的] 3289 宜特 AI+車用驗證 自動駕駛多,14
2023/9/12,[閒聊] 2023/09/12 盤後閒聊,40
2023/9/12,[請益] 東方神秘力量 大V,12
2023/9/12,[新聞] 馬斯克：特斯拉長期價值將取決於AI和機,35
2023/9/12,Re: [新聞] 美終究難降對台依賴？台積電美廠晶片得回,14
2023/9/12,[標的] 2618 長榮航操作心得,32
2023/9/12,[情報] 8255朋程 3260威剛 2017官田鋼 現金增資,18
2023/9/12,[請益] 存ETF會考慮規模大小嗎?,53
2023/9/12,[新聞] 美終究難降對台依賴？台積電美廠晶片得回,49
2023/9/12,[新聞] 郭明錤：AI概念股要再吸引資金進場的「3,4
2023/9/12,Re: [標的] NVDA 怎麼了QQ,0
2023/9/12,[標的] 2538.TW 基泰 這公司我要了 多,18
2023/9/12,[心得] 對於零股的觀察與建議,21
2023/9/12,[新聞] Tesla與比亞迪帶頭衝 元山、胡連、定穎,17
2023/9/12,[新聞] 緯創守穩百元 股王權王雙強力挺A,31
2023/9/12,[新聞] 一表看懂ETF人氣王 這檔唯一「連2次殖利,10
2023/9/12,Re: [標的] PFE.US,19
2023/9/12,[標的] 2538.tw 基泰 逃命多,39
2023/9/12,[新聞] 和泰車營收寫最強8月 衝228億元、躍增31%,23
2023/9/12,[新聞] AI落難00878受累　股民憂資本利得下滑,46
2023/9/12,[新聞] 基泰大直風暴未歇　股價反漲4％,52
2023/9/12,[新聞] 大摩升評助陣 PA雙強氣勢旺,8
2023/9/12,[閒聊] 2023/09/12 盤中閒聊,98
2023/9/12,"[新聞] 台股將添活水…勞動基金買股 1,540億上膛",100
2023/9/12,[標的] 2317.TW 鴻海 歐印鴻海 別墅靠海,59
2023/9/12,Re: [請益] Firstrade被盜賣股票並封鎖帳號,17
2023/9/12,[公告] 09/12水桶公告,6
2023/9/12,[新聞] Tesla獲大摩看好！料Dojo超級電腦助拓自,30
2023/9/12,[新聞] 高通 蘋果達成3年協議 至2026都供5G晶片,28
2023/9/11,[新聞] 微軟和生成式AI業者合建世界最大癌症影,24
2023/9/11,[請益] Firstrade被盜賣股票並封鎖帳號,100
2023/9/11,Re: [新聞] 【美國盤前異動】特斯拉升逾4%，大摩上,24
2023/9/11,[新聞] 中華電營收 電信王前8月EPS達3.32元 獲利,19
2023/9/11,[新聞] 霸榮：中國晶片製造能力正在惡化、兩大難,42
2023/9/11,[情報] 南山人壽 8月自結,18
2023/9/11,Re: [新聞] 【美國盤前異動】特斯拉升逾4%，大摩上,10
2023/9/11,[請益] 想請教金融股預估殖利率計算問題,26
2023/9/11,[新聞] 基泰總座駁斥「左手匯右手」 曝轉入北市,81
2023/9/11,Re: [標的] DIS.US 過街老鼠人人喊打多,1
2023/9/11,[情報] 1618 合機 又獲得台電標案,25
2023/9/11,[新聞] 基泰債主曝光！5銀行承作土建融,20
2023/9/11,Re: [新聞] 快訊／欺騙蔣萬安？北市怒批：基泰至今,12
2023/9/11,Re: [問題] 請益技術分析書籍,5
2023/9/11,[新聞] 軍工展前夕！美官員密會台鏈 鎖定航太、,15
2023/9/11,[情報] 112年09月11日信用交易統計,40
2023/9/11,[新聞] ASML執行長：孤立中國沒有作用 中國很多,56
2023/9/11,[標的]  3217優群 真AI委屈多,23
2023/9/11,[情報] 8050 廣積 8月營收,12
2023/9/11,Re: [標的] 3045台灣大 (多),29
2023/9/11,[情報] 0911 上市櫃外資投信同買排行,0
2023/9/11,[情報] 0911 上市櫃外資投信買超金額排行,3
2023/9/11,[情報] 8936 國統 8月營收,22
2023/9/11,[新聞] 美國內華達州發現的鋰礦蘊藏 可能是全球,100
2023/9/11,Re: [請益] 用高股息配息繳房貸有可能嗎?,0
2023/9/11,[情報] 112年【8月份金控股】EPS排名(全已公布),71
2023/9/11,[新聞] 股匯雙殺！新台幣盤中觸及32.069元 續創,7
2023/9/11,[情報] 112/09/11 八大公股銀行買賣超排行,14
2023/9/11,[新聞] 營收：台泥(1101)8月營收93億7940萬元，月增率4.75%,13
2023/9/11,[新聞] 快訊／欺騙蔣萬安？北市怒批：基泰至今,100
2023/9/11,[情報] 2882 國泰金 8月自結 0.39 累計 3.45,30
2023/9/11,[情報] 2646 星宇航空 8月營收,29
2023/9/11,[情報] 2881 富邦金 8月自結 0.56 累計 4.75,46
2023/9/11,[新聞] 台積電全力投入矽光子 日月光、旺矽、聯,30
2023/9/11,[新聞] 華航營收／8月刷新歷年同期新高 客運108,29
2023/9/11,Re: [新聞] 台幣貶破32元 預告央行下周升息機率低,6
2023/9/11,[新聞] 越航送拜登大禮 砸3200億買50架波音737 M,24
2023/9/11,[新聞] 聚陽聯詠 扮台股多頭明燈,6
2023/9/11,[新聞] 【美國盤前異動】特斯拉升逾4%，大摩上,14
2023/9/11,[標的] Intel放生南橋BMC類股 信驊,42
2023/9/11,[情報] 6806森崴能源 8月營收7.94億 年增318.79%,38
2023/9/11,[情報] 0911 上市外資買賣超排行,100
2023/9/11,[情報] 5531 鄉林 8月營收,4
2023/9/11,[新聞] 國民ETF00878發錢了! 百位超級大戶可領至,36
2023/9/11,[情報] 雲豹能源8月營收 月增181.50%年增163.51%,100
2023/9/11,[標的] 6117 迎廣 停利,12
2023/9/11,[情報] 1599宏佳騰8月營收 月增,14
2023/9/11,[情報] 112年09月11日 櫃買法人買賣金額統計表,21
2023/9/11,[情報] 2208 台船 8月營收,3
2023/9/11,[情報] 112年09月11日 三大法人買賣金額統計表,100
2023/9/11,[情報] 0911 上市投信買賣超排行,33
2023/9/11,[情報] 2903遠百 8月營收,24
2023/9/11,[情報] 3043科風 8月營收1.25億、年減15.56%,9
2023/9/11,[情報] 5706 鳳凰 8月營收,11
2023/9/11,[請益] 用高股息配息繳房貸有可能嗎?,100
2023/9/11,[情報] 6282康舒八月營收33.9億 月增26.43%,21
2023/9/11,[情報] 6790永豐實 8月營收8.73億、年增3.97%,6
2023/9/11,[情報] 6411 晶焱 112年8月營收,13
2023/9/11,[情報] 富邦媒 8454 8月營收,22
2023/9/11,[情報] 9934 成霖 112年8月營收,20
2023/9/11,[創作] AI(ㄟㄞ)潮水 (愛如潮水),9
2023/9/11,[閒聊] 2023/09/11 盤後閒聊,12
2023/9/11,[新聞] AI股崩崩！網哀號「真的都變BI了」專家：,59
2023/9/11,[標的] 2308 台達電支撐反彈多,10
2023/9/11,[新聞] 華為新機又秒殺 避險基金放空蘋果,73
2023/9/11,Re: [標的] 2618 搭乘長榮航，飛上平流層,39
2023/9/11,[情報] 2540愛山林 8月營收 年增76.39% 月增34.9,23
2023/9/11,[情報] 台北地檢: 本署已分案調查 基O建設案,26
2023/9/11,[情報] 2543 皇昌 8月營收9.72億、年增35.60%,11
2023/9/11,Re: [標的] 2618 搭乘長榮航，飛上平流層,18
2023/9/11,[新聞] 台光電技嘉績優 目標價衝高,22
2023/9/11,[新聞] 大直建案出包！基泰再吞第二根跌停 1.1萬,96
2023/9/11,[新聞] 燦星旅更名台鋼燦星 大股東加持搶企業旅遊商機,43
2023/9/11,[閒聊] 2023/09/11 盤中閒聊,100
2023/9/11,[新聞] 台幣貶破32元 預告央行下周升息機率低,100
2023/9/11,Re: [問題] 請益技術分析書籍,16
2023/9/11,Re: [標的] 2538.TW 基泰 多 (補個停損價) 一天賺兩根,7
2023/9/11,[請益] 台灣景氣燈號藍燈，美股也算是低檔嗎？,16
2023/9/11,Re: [問題] 請益技術分析書籍,13
2023/9/10,[新聞] 中國金融危機新信號：271家銀行機構違約,50
2023/9/10,Re: [問題] 請益技術分析書籍,10
2023/9/10,[情報] 9940信義房屋 8月營收 年增15.50%月增8.,42
2023/9/10,[情報] 勤誠8210 八月營收7.4億 月增3.96%,18
2023/9/10,[情報] 6122 擎邦 8月營收,7
2023/9/10,Re: [標的] 2409 友達 (持續加碼),85
2023/9/10,[問題] 請益技術分析書籍,51
2023/9/10,[情報] 1618 合機 8月業績,10
2023/9/10,[標的] 2538.TW 基泰 多 (補個停損價) 一天賺兩根,74
2023/9/10,[情報] 2443.TW 昶虹 財報重編說明,5
2023/9/10,[情報] 2538.TW 基泰: 陳董事長 辭職,23
2023/9/10,[請益] 現在要怎麼把融資甩下車,38
2023/9/10,[情報] 2538.TW 基泰: 說明大直事件 處理方案,49
2023/9/10,[新聞] 閒置資金多…超額儲蓄 估連5年逾3兆,29
2023/9/10,[新聞] 基泰董事長三度向災民鞠躬致歉宣布辭職,47
2023/9/10,[新聞] 波音、空巴該緊張？中國自製客機C919訂單,67
2023/9/10,[情報] 2538基泰 預計三點召開重大訊息記者說明,100
2023/9/10,[新聞] 2023年台灣人工智慧年會15日展開 聚焦生,2
2023/9/10,[新聞] TV面板缺乏上漲動能 法人調降友達 群創,53
2023/9/10,[公告] 09/10 處置公告,5
2023/9/10,Re: [心得] 全世界房貸利率約6%，臺灣料將升至4.5%↑,63
2023/9/10,Re: [標的] 6515.TW 穎崴黎明前的黑暗多&今年度對帳,11
2023/9/10,[標的] 3715.TW 定穎投控 心態崩了多,33
2023/9/09,[新聞] 台灣8月出口373.6億 美元連12黑 年減幅收,41
2023/9/09,Re: [新聞] 大直民宅陷落「估賠10億」！她曝建商狀況,100
2023/9/09,Re: [新聞] 大直民宅陷落「估賠10億」！她曝建商狀況,8
2023/9/09,[新聞] 北市府聲請假扣押基泰建設千萬 下波聲請,74
2023/9/09,Re: [新聞] 美國汽車工人下週罷工 斥福特汽車加薪9%,5
2023/9/09,Re: [標的] 2303聯電 多,26
2023/9/09,[情報] 大直事故 北市勞動檢查 基泰 等7處工地,22
2023/9/09,Re: [新聞] 日本央行行長植田和男：可能結束負利率,23
2023/9/09,Re: [新聞] 大直民宅陷落「估賠10億」！她曝建商狀況,35
2023/9/09,Re: [新聞] 大直民宅陷落「估賠10億」！她曝建商狀況,30
2023/9/09,[標的] Re: [標的] 5871 中租-KY 長期持有多,19
2023/9/09,[情報] 證交所: 基泰公司 處違約金 10萬元,55
2023/9/09,Re: [新聞] 美國汽車工人下週罷工 斥福特汽車加薪9%,41
2023/9/09,[新聞] 美股崩盤？傳奇投資人：AI天王是「教科,60
2023/9/09,[情報]  8048 德勝 8月營收,6
2023/9/09,[新聞] 債券ETF發行規模創高,16
2023/9/09,[新聞] 主動式ETF將成新寵 張雍川曝公會研擬中,23
2023/9/09,Re: [請益] 加碼減碼操作策略教學的書或影片或文章?,4
2023/9/09,[新聞] 領完股利落跑？外資連2月淨匯出逾3350億,36
2023/9/09,[新聞] 散戶愈跌愈買 台股上月定期定額突破90億,51
2023/9/09,Re: [心得] 全世界房貸利率約6%，臺灣料將升至4.5%↑,37
2023/9/09,[新聞] 日本央行行長植田和男：可能結束負利率,27
2023/9/09,Re: [新聞] 美國汽車工人下週罷工 斥福特汽車加薪9%,11
2023/9/09,[新聞] 日經：大陸不只擴大封殺iPhone 甚至禁用A,75
2023/9/09,[情報] 6125 廣運8月營收,6
2023/9/09,[新聞] 基泰總經理關機找不到人！李四川怒轟：嚴,62
2023/9/09,[請益] 通膨失控 油價創高 美元指數連八週上漲,12
2023/9/09,[情報] 1802 台玻 8月營收,3
2023/9/09,[情報] 1434 福懋 8月營收,7
2023/9/09,[情報] 1737 臺鹽 8月營收,31
2023/9/09,Re: [心得] 美國電影和電視大罷工,12
2023/9/09,[情報] 2616 山隆 8月營收,10
2023/9/09,Re: [標的] 5871 中租-KY 長期持有多,9
2023/9/09,"[新聞] 友達並列9檔注意股! 旺旺保""坐牢""又入列",20
2023/9/09,[標的] 2538基泰怎麼做才能挽救股價？,61
2023/9/09,[請益] 有整理合約負債的網站資源嗎?,10
2023/9/09,Re: [新聞] 基泰忠孝標售 陽明可能出手,16
2023/9/09,[新聞] 快訊／大直民宅塌陷！北檢分「他字案」,20
2023/9/09,[新聞] 大直民宅陷落「估賠10億」！她曝建商狀況,90
2023/9/09,[新聞] 楊光磊：英特爾發展晶圓代工成功率僅1％,38
2023/9/09,[請益] 請問投資0050還是唯一必勝聖盃嗎?,61
2023/9/09,[新聞] 美國汽車工人下週罷工 斥福特汽車加薪9%,99
2023/9/09,[標的] 6816.TE 捷智商訊 閒錢丟看看 多,7
2023/9/09,Re: [標的] 5871 中租-KY 長期持有多,26
2023/9/09,[標的] 2485 兆赫 （空）,3
2023/9/09,Re: [標的] SOXS.US（費半反向ETF) 短多,1
2023/9/09,[情報] 3715 定穎投控8月營收,15
2023/9/09,[情報] 2538.TW 基泰: 本公司承諾會負起相關責任,66
2023/9/08,[新聞] ETF交投熱 台泥受青睞,7
2023/9/08,[情報] 4977眾達-KY 8月營收 mom-23% yoy-76.5%,35
2023/9/08,[請益] 臺灣券商是否可提供股息再投入,44
2023/9/08,[新聞] 蘋果、Nvidia都落難 美科技股上漲列車輪,14
2023/9/08,[新聞] 親揭與黃仁勳互動全過程！雲達楊麒令喊 A,2
2023/9/08,[新聞] 嗆建商要負一切責任！蔣萬安對基泰動刀,99
2023/9/08,[標的] 6269 台郡 瓶蓋多,29
2023/9/08,[情報] 0908 上市櫃外資投信同買排行,2
2023/9/08,[情報] 112年09月08日信用交易統計,13
2023/9/08,[情報] 112年 證券、期貨公司 8月自結 eps,12
2023/9/08,[標的] 2383台光電 猶豫多,26
2023/9/08,[情報] 112/09/08 八大公股銀行買賣超排行,9
2023/9/08,[新聞] 宏碁、華碩8月營收雙成長 神達月增14%,12
2023/9/08,[情報] 6461 益得112年8月營收 yoy+116.47%,9
2023/9/08,[情報] 2488 漢平 8月營收 M+12.03% Y-19.36%,8
2023/9/08,[情報] 0908 上市櫃外資投信買超金額排行,1
2023/9/08,[情報] 9941 裕融 8月自結 0.98 累計 8.25,11
2023/9/08,[新聞] 台股收盤／大立光重挫4.10%失守2000元,7
2023/9/08,[新聞] 網傳輝達財報造假 遭華爾街打臉「營收翻,32
2023/9/08,[情報] 1563 巧新 8月營收,45
2023/9/08,[情報] 2485 兆赫 八月營收,7
2023/9/08,Re: [情報] 長榮112年8月營收  月增6.38%年減56.62%,86
2023/9/08,[情報] 8088 品安 八月營收,4
2023/9/08,[情報] 2368 金像電 8月營收 MoM 5% / YoY-7.1%,8
2023/9/08,[情報]  5878台名 8月份營收,2
2023/9/08,[情報] 2353宏碁 8月營收 雙增,13
2023/9/08,[新聞] 17LIVE質疑綠界系統有漏洞 提告要求履約,11
2023/9/08,Re: [情報] 長榮112年8月營收  月增6.38%年減56.62%,45
2023/9/08,[新聞] SK海力士股價大跌，有報導稱其晶片出現,20
2023/9/08,[情報] 2897王道銀行8月自結0.09累積0.67,7
2023/9/08,[情報] 2887 台新金8月自結0.09,30
2023/9/08,[情報] 2888新光金8月自結-0.02,86
2023/9/08,[情報] 3360.tw 尚立8月營收,5
2023/9/08,[情報] 6223旺矽 8月營收,6
2023/9/08,[情報] 6585 鼎基 八月營收 2.7億,8
2023/9/08,[情報] 3078 僑威8月營收,26
2023/9/08,[情報] 2883開發金8月自結0.1,39
2023/9/08,[情報] 華星光 8月營收3.04億 年增169.13%,10
2023/9/08,[情報] 2845 遠東銀 8月自結 0.13 累計 0.75,58
2023/9/08,[情報] 長榮112年8月營收  月增6.38%年減56.62%,48
2023/9/08,[情報] 3661 世芯-KY  8月營收,21
2023/9/08,[情報] 華南金112年8月自結 單月0.17,21
2023/9/08,[情報] 2211 長榮鋼 8月營收 YOY:48.52%,19
2023/9/08,[情報] 長榮航112年8月營收月減2.79%年增51.24%,39
2023/9/08,[情報] 陽明 8月營收 122.4億 (+6.81%),11
2023/9/08,[情報] 2834臺企銀8月自結 0.09,47
2023/9/08,[情報] 瑞儀(6176) 營收月-4.89%，年-39.29%,5
2023/9/08,[情報] 9935 慶豐富 112年 8月,9
2023/9/08,[情報] 1234 黑松 112年8月,24
2023/9/08,[情報] 3052 夆典 8月營收2.97億、年增55.94%,9
2023/9/08,[情報] 神達投控八月營收36.72億元 月增14.6%,14
2023/9/08,[標的] 8086 宏捷科 多,8
2023/9/08,[情報] 1568 倉佑 8月營收1.01億、年減24.78%,11
2023/9/08,[情報] 3206 志豐 8月營收3.28億、年減4.08%,4
2023/9/08,[情報] 2812 台中銀 8月自結 0.12 累計 0.83,49
2023/9/08,[情報] 8064 東捷 8月營收,1
2023/9/08,Re: [新聞] 中鋼加薪3.5% 翁朝棟:鋼鐵景氣將愈來愈好,3
2023/9/08,[新聞] 新莊廠發生火災 廣積：營運及營收影響有,12
2023/9/08,[情報] 4527方土霖 8月營收3.37億、年增39.62%,10
2023/9/08,[情報] 3037 欣興 112年8月營收,15
2023/9/08,"[情報] 高端疫苗8月營收月增無限年增24,154.42%",100
2023/9/08,[情報] 0908 上市外資買賣超排行,44
2023/9/08,Re: [新聞] 中鋼加薪3.5% 翁朝棟:鋼鐵景氣將愈來愈好,10
2023/9/08,[情報] 4938和碩 8月營收,20
2023/9/08,[情報] 112年09月08日 三大法人買賣金額統計表,58
2023/9/08,[情報] 6285 啟碁 8月營收,32
2023/9/08,[情報] 3533 嘉澤 8月營收,7
2023/9/08,[情報] 2542興富發 8月營收,10
2023/9/08,[情報] 112年09月08日 櫃買法人買賣金額統計表,22
2023/9/08,Re: [請益] 民國79到82年賠股票2000萬,0
2023/9/08,[情報] 2324仁寶 112年8月營收,9
2023/9/08,[情報] 2892 第一金 112年8月自結,15
2023/9/08,[情報] 2356 英業達8月營收,21
2023/9/08,[標的] 3693營邦 先下車了,36
2023/9/08,[情報] 5880 合庫金 112年8月自結,15
2023/9/08,[情報] 0908 上市投信買賣超排行,25
2023/9/08,[情報] 6139 亞翔 八月營收,10
2023/9/08,[情報] SCFI 20230908 999.25 -34.42(-3.3%),44
2023/9/08,[情報] 4967 十銓 8月營收 MOM+42.68% YOY+120.22%,9
2023/9/08,[情報] 敦泰112年8月營收 月增22.50%年增72.32%,35
2023/9/08,[情報] 6117 迎廣 8月營收,1
2023/9/08,[新聞] 連八漲！基本工資明年月薪調升至27470元,67
2023/9/08,[情報] 1471 首利8月營收,6
2023/9/08,[情報] 1268 漢來美食 8月營收,7
2023/9/08,[情報] 3260威剛 8月營收29.71億mom+30.4%,2
2023/9/08,[情報] 元太112年8月營收 月減13.09%年減26.89%,32
2023/9/08,[情報] 2388 威盛8月營收 mom-8.34% yoy+9.8%,8
2023/9/08,[情報] 基泰 及 福益營造 7處工地 全面勒令停工,27
2023/9/08,[情報] 2427 三商電 8月 MOM+21.86% YOY+25.68%,13
2023/9/08,[情報] 群創光電公告2023年8月自結合併營收新台,16
2023/9/08,[閒聊] 2023/09/08 盤後閒聊,15
2023/9/08,[情報] 緯穎112年8月營收 月增10.14% 年減26.26%,30
2023/9/08,Re: [新聞] 基泰忠孝標售 陽明可能出手,20
2023/9/08,[情報] 緯創112年8月營收 月增7.64%年減5.18%,100
2023/9/08,[情報] 2409友達 8月 MOM+14.22% YOY+51.56%,49
2023/9/08,[情報] 台積公司2023年8月營收報告,97
2023/9/08,Re: [心得] 基泰 2538 該衝嗎？,9
2023/9/08,[情報] 2634 漢翔112年 8月營收,17
2023/9/08,[新聞] 野村臺灣創新科技50 ETF基金 准募,23
2023/9/08,Re: [新聞] 台積電日本熊本廠10/1移機 2024年底量產,9
2023/9/08,[新聞] 金融股被倒爛  他籲做多華南金（2880）！,-10
2023/9/08,[新聞] 台積電日本熊本廠10/1移機 2024年底量產,86
2023/9/08,[新聞] 中鋼加薪3.5% 翁朝棟:鋼鐵景氣將愈來愈好,43
2023/9/08,[新聞] 中國iPhone禁令延燒 美兩黨議員：已構成,100
2023/9/08,[請益] 正2適合使用散戶攤平大法嗎？,37
2023/9/08,Re: [心得] 基泰 2538 該衝嗎？,2
2023/9/08,Re: [心得] 基泰 2538 該衝嗎？,46
2023/9/08,[標的] 4106.TW 雃博 大盤跌他紅多,9
2023/9/08,Re: [閒聊] 傳Coreweave是Nvidia和Blackroc,10
2023/9/08,[新聞] 黃仁勳賣股　AI股開盤多數翻黑,10
2023/9/08,[新聞] NVIDIA執行長黃仁勳拋售持股　套現13.7,33
2023/9/08,[請益] ETF請益股票健檢,25
2023/9/08,Re: [閒聊] 傳Coreweave是Nvidia和Blackroc,3
2023/9/08,[新聞] 營邦營收／8月業績火熱 站上10億創歷史新,19
2023/9/08,[閒聊] 2023/09/08 盤中閒聊,100
2023/9/08,[新聞] NAND大漲價 群聯、點序等台廠有望受惠,15
2023/9/08,[新聞] 黃仁勳大賣輝達股票 AI龍頭股價罩陰霾,48
2023/9/08,[情報] 2538 基泰 本公司公告建案工程意外事故,70
2023/9/08,[標的] DIS.US 過街老鼠人人喊打多,25
2023/9/08,[新聞] 建案「基泰大直」釀6棟民宅歪斜！,99
2023/9/08,[新聞] 中國公家機關禁用iPhone！蘋果市值一夕蒸,99
2023/9/08,Re: [閒聊] 傳Coreweave是Nvidia和Blackroc,22
2023/9/08,Re: [請益] 民國79到82年賠股票2000萬,24
2023/9/07,[標的] 00903富邦元宇宙,10
2023/9/07,[新聞] 華為新手機唯一國際供應商 這韓企是美制,66
2023/9/07,[心得] 放空技嘉解套了，感動來捐款,100
2023/9/07,Re: [閒聊] 傳Coreweave是Nvidia和Blackroc,3
2023/9/07,[情報] 112年09月07日信用交易統計,19
2023/9/07,Re: [閒聊] 傳Coreweave是Nvidia和Blackroc,10
2023/9/07,[情報] 0907 上市櫃外資投信同買排行,2
2023/9/07,[情報] 0907 上市櫃外資投信買超金額排行,1
2023/9/07,[新聞] 記憶體回暖！旺宏、華邦電8月營收月增,24
2023/9/07,[請益] 為何沒有日本高股息ETF,23
2023/9/07,[情報] 3450聯鈞 8月營收4.7億 mom+4.9%,9
2023/9/07,[情報] 4953 緯軟8月營收月增4.8% 再創歷,14
2023/9/07,[情報] 8410 森田 8月營收1.16億、年增63.64%,12
2023/9/07,[情報] 3017 奇鋐112年8月營收,5
2023/9/07,[情報] 卓越2496 8月營收,5
2023/9/07,[情報] 威盛6奈米處理器將投產,13
2023/9/07,[情報] 鈊象 8月自結稅前5.15元,35
2023/9/07,[情報] 2891 中信金 8月自結 0.39 累計 2.26,54
2023/9/07,[標的] 台指大盤 機器學習線仙空,26
2023/9/07,[情報]  8016 矽創 8月營收 年增2.4%,7
2023/9/07,Re: [新聞] 老黃賣自家NVDA股票8.91萬股,23
2023/9/07,[情報] 112/09/07 八大公股銀行買賣超排行,8
2023/9/07,[情報] 1736喬山8月營收YoY 18.61% MoM 18.5%,4
2023/9/07,Re: [新聞] 彭博：中國擬把iPhone禁令擴大至國營企業,61
2023/9/07,[情報] 6564 安特羅2023年8月合併營收1488.8萬,9
2023/9/07,[新聞] 仁寶決議參與泰金寶現增,14
2023/9/07,[情報] 2886 兆豐金 8月自結 0.21 累計 1.79,32
2023/9/07,[情報] 3015 全漢 八月營收 MOM+1.6% YOY-16.7%,2
2023/9/07,[標的] 1102.TW 亞泥 想不出你為何不跟保羅單多,0
2023/9/07,[情報] 3264 欣銓 8月營收 MOM+12.1% YOY-1.56%,4
2023/9/07,[情報] 2890 永豐金 8月自結 0.14,17
2023/9/07,[情報] 8183 精星 8月營收,5
2023/9/07,[新聞] 黃崇仁:台灣是AI硬體首都 力積電明年推AI,62
2023/9/07,[新聞] 00929打敗00878　掛牌89天規模衝破500億,29
2023/9/07,[新聞] 老黃賣自家NVDA股票8.91萬股,100
2023/9/07,[情報] 5381合正 7月EPS0.04,5
2023/9/07,[情報] 3035 智原 8月 MOM+0.25% YOY-8.87%,27
2023/9/07,[情報] 3693營邦 8月營收 MoM +10.53% YoY +95.75%,66
2023/9/07,[新聞] 再度暫停申購 元大美債20年又達募集上限,74
2023/9/07,[新聞] 隆中4款博弈遊戲效應顯現　今年營收獲利,10
2023/9/07,[情報] 0907 上市外資買賣超排行,58
2023/9/07,[情報] 2337旺宏 12年8月營收 MOM+19.2% YOY-30.2%,5
2023/9/07,[請益] 1989年的國泰人壽配股配息,15
2023/9/07,[情報] 3587 閎康 8月營收 MOM+2.01% YOY+17.04%,5
2023/9/07,[情報] 玉晶光112年8月營收 月增50.6% 年增27.6%,30
2023/9/07,[情報] 玉山金112年8月自結,31
2023/9/07,[情報] 3596 智易 112年8月 MOM+1.92% YOY+11.64%,14
2023/9/07,[情報] 台灣銘板112年8月營收 月增13.27%年增58,5
2023/9/07,[情報] 4542 科嶠 8月MOM-27.54% YOY+17.03%,10
2023/9/07,[情報] 光寶科112年8月營收 月增5.74%年減13.90%,46
2023/9/07,[情報] 8227 巨有科技 8月MOM+7.87% YOY+129.16%,17
2023/9/07,[情報] 112年09月07日 櫃買法人買賣金額統計表,16
2023/9/07,[情報] 112年09月07日 三大法人買賣金額統計表,78
2023/9/07,[情報] 6005群益證八月營收,6
2023/9/07,[情報] 2801 彰銀 8月自結 0.11 累計 0.86,20
2023/9/07,[新聞] 快訊／股匯雙殺！　新台幣貶破32元大關,99
2023/9/07,[情報] 0907 上市投信買賣超排行,40
2023/9/07,[新聞] 彭博：中國擬把iPhone禁令擴大至國營企業,68
2023/9/07,[情報] 6024 群益期8月 自結 0.63,12
2023/9/07,[新聞] 華為突破封鎖 美眾議員籲停止向中芯出口,52
2023/9/07,[情報] 2889 國票金 8月自結 0.06 累計 0.44,8
2023/9/07,Re: [請益] 想請問如何解讀apple大跌,9
2023/9/07,[情報] 2885 元大金 8月自結 0.19 累計 1.72,24
2023/9/07,[情報] 2376 技嘉 112年8月營收,100
2023/9/07,[情報] 廣達112年8月營收  月增16.65%年減23.14%,61
2023/9/07,[閒聊] 2023/09/07 盤後閒聊,33
2023/9/07,[情報] 5312 寶島科 112年8月營收,8
2023/9/07,[情報] 4739 康普 現金增資公開申購資訊,16
2023/9/07,Re: [請益] 該買長債 還是短債?,4
2023/9/07,Re: [請益] 該買長債 還是短債?,13
2023/9/07,Re: [標的] NVDA 怎麼了QQ,14
2023/9/07,[新聞] 劉德音談AI時代 算力將持續突破極限,3
2023/9/07,[新聞] 台積電有苦難言 美國廠下班時間到工人走,99
2023/9/07,[請益] 想請問如何解讀apple大跌,35
2023/9/07,[請益] 該買長債 還是短債?,64
2023/9/07,[請益] 韭菜小白買世界、鴻海個股輸ETF（附損益,56
2023/9/07,[新聞] 美汽車工會醞釀罷工 主席要拜登選邊站,24
2023/9/07,[標的] 00929和00919收高怎麼買?,34
2023/9/07,[標的] 3218.TW大學光 多,9
2023/9/07,[標的] 1402 遠東新 請益,43
2023/9/07,[新聞] 協易機：打入歐洲電動車供應鏈 訂單滿手,16
2023/9/07,[新聞] 雲達攜手友達數位 設5G智慧工廠,6
2023/9/07,[情報] 6189豐藝 8月營收mom+25%  y+51.83%,21
2023/9/07,[新聞] 世衛譚德塞：感謝高端技轉授權,100
2023/9/07,[閒聊] 2023/09/07 盤中閒聊,100
2023/9/07,[標的] 聯寶 6821磁性元件 無線充電多,4
2023/9/07,Re: [標的] 2344華邦電 高頻寬記憶體多,7
2023/9/07,[標的] 2344華邦電 高頻寬記憶體多,10
2023/9/07,[新聞] AMD蘇媽：數據中心下半年無比強勁,38
2023/9/07,[標的] 2388 威盛 威風凜凜 盛世再起 多,18
2023/9/06,[標的] 6538 倉和 無腦多,6
2023/9/06,[標的] 2880華南金 存股破線多,55
2023/9/06,[請益] 2603 長榮今年的獲利,24
2023/9/06,Re: [標的] 大盤 破頸空-follow 4.,15
2023/9/06,[情報] 6629 泰金-KY 8月營收M+11.44% Y-22.93%,6
2023/9/06,[公告] 09/06 處置公告,2
2023/9/06,[標的] BYDDY.US 比亞迪,23
2023/9/06,[情報] 0906 上市櫃外資投信同買排行,4
2023/9/06,[新聞] 鈺創搭上蘋果商機 Type-C 需求攀升 法人,5
2023/9/06,[新聞] 歐盟公布「看門人」業者名單 蘋果、微軟,12
2023/9/06,[情報] 2363 矽統 八月 yoy:70.51%,16
2023/9/06,[情報] 智邦8月營收MOM-1.4% YOY+15.79%,3
2023/9/06,[新聞] Chanel中國再加價 8年漲幅170%直追愛馬仕,46
2023/9/06,[情報] 0906 上市櫃外資投信買超金額排行,1
2023/9/06,[情報] 112年09月06日信用交易統計,21
2023/9/06,[新聞] Jefferies報告稱，華為新機恐侵蝕iPhone,99
2023/9/06,Re: [新聞] 中國重磅消息！　房地產股「集體暴漲,26
2023/9/06,[標的] 3209全科 ARM安謀下周ipo受惠股 低檔多,13
2023/9/06,[新聞] 頎邦法說會／看好應用規格和解析度提升,31
2023/9/06,[情報] 2482連宇 8月營收 yoy-26.52%,4
2023/9/06,[情報] 8039 台虹8月營收8億3448萬元，月增率4.25%,9
2023/9/06,[標的] 4979 華星光 討論,12
2023/9/06,[新聞] 租賃業中國踩雷？中租：僅500萬人民幣還,19
2023/9/06,[標的] 5388中磊、6285 啟碁爆量多,43
2023/9/06,[新聞] 中國重磅消息！　房地產股「集體暴漲,99
2023/9/06,[情報] 3189 景碩 8月 MOM+10.20% YOY-44.88%,8
2023/9/06,[情報] 6196 帆宣 月增9.46% 年減8.06%,4
2023/9/06,[標的] 00687B 美債受益人數持續增加,53
2023/9/06,[標的] 9933.TW 中鼎 本保羅停利賺錢的心得,19
2023/9/06,[情報] 112/09/06 八大公股銀行買賣超排行,20
2023/9/06,[新聞] 矽格8月營收寫今年次高，Q3有望續揚,4
2023/9/06,[新聞] WSJ：中國禁止官員把iPhone帶進辦公室,99
2023/9/06,[情報] 2449.TW 京元電子8月營收月增0.8%,9
2023/9/06,[標的] 5871 中租-KY 長期持有多,35
2023/9/06,[新聞] 東森連2日漲停委買鎖近2萬張 不僅寵物題,10
2023/9/06,[新聞] 台積電劉德音：AI 晶片短缺是短期現象,55
2023/9/06,[創作] 黑壓壓我的神,0
2023/9/06,[情報] 3010 華立 8月營收65.18億 年增1.34%,17
2023/9/06,[情報] 2393.tw 億光 8月營收,36
2023/9/06,[新聞] AI股沒退燒！國泰投信總座看好　2方向維,19
2023/9/06,[情報] 4763 材料-KY 七月自結,64
2023/9/06,[情報] 0906 上市外資買賣超排行,65
2023/9/06,[新聞] 不只 iPhone 要改！歐盟規定：明年 9 大,55
2023/9/06,[新聞] 中國信託投信「TOPIX-17商社及批發」通,2
2023/9/06,[情報] 2498 宏達電 8月 MOM+5.94% YOY-18.13%,39
2023/9/06,[情報] 112年09月06日 櫃買法人買賣金額統計表,15
2023/9/06,[情報] 0906 上市投信買賣超排行,46
2023/9/06,[情報] 穎崴 112年8月營收 mom:29.48% yoy:-32.45,13
2023/9/06,[情報] 112年09月06日 三大法人買賣金額統計表,42
2023/9/06,[新聞] 2 奈米晶片廠動工，日本 Rapidus：千年,37
2023/9/06,[情報] 3217 優群 112年8月營收 yoy 64.3％,10
2023/9/06,[情報] 聯電112年8月營收 月減0.59%年減25.23%,26
2023/9/06,[情報] 3034 聯詠 112年8月營收 yoy 48.52％,16
2023/9/06,[情報] 4105 東洋 112年8月營收,8
2023/9/06,[情報] 4763材料-KY 8月營收 mom+21.8% yoy+169.3%,57
2023/9/06,[情報] 9942 茂順 112年8月營收,5
2023/9/06,[閒聊] 2023/09/06 盤後閒聊,25
2023/9/06,[情報] 6901 鑽石生技 2905 三商 現增申購資訊,21
2023/9/06,[新聞] 快訊／高端內線交易案宣判！「抗癌戰將」,59
2023/9/06,[新聞] 沙烏地俄羅斯延長原油減產 國際油價上漲,28
2023/9/06,[新聞] 五檔台股高股息ETF收盤創新高 55.6萬人笑呵呵,19
2023/9/06,[標的] 5521工信 CHEAP多,19
2023/9/06,[情報] 2354 鴻準8月營收,20
2023/9/06,[請益] 當沖新手菜焦仔發問,20
2023/9/06,[新聞] 華通：8月營收創今年新高 下半年看旺,24
2023/9/06,[新聞] 詐騙林百里妻子何莎等買基金吸3億多 名媛,41
2023/9/06,[新聞] 臺灣50指數懂AI 外資按讚,25
2023/9/06,[請益] 請問0050績效真的會贏高股息嗎?,50
2023/9/06,[新聞] 定期定額買高股息ETF能致富？專家點出這,0
2023/9/06,[新聞] 友達宇沛多路出擊 提供永續轉型解方,5
2023/9/06,Re: [標的]  3163 波若威 強力支撐多,10
2023/9/06,[請益] 今年力成沒收到除息款,45
2023/9/06,"[新聞] 集邦：Micro LED晶片產值今年倍增達2,700",24
2023/9/06,[閒聊] 2023/09/06 盤中閒聊,99
2023/9/05,[情報] 3042 晶技 112年8月營收,29
2023/9/05,[請益] 6213 聯茂最近走勢是否是在洗盤？,21
2023/9/05,[新聞] 大江(8436)8月營收連四月攀高，Q3營收拚,19
2023/9/05,[情報] 112年09月05日信用交易統計,31
2023/9/05,[新聞] 台系 AI 股傳接單佳音 大摩：群聯打入輝,52
2023/9/05,[新聞] 鉅亨速報 - Factset 最新調查：大立光(30,0
2023/9/05,[新聞] 人工智能有泡沫嗎？高盛:沒有 還會繼續升,48
2023/9/05,[情報] 3293.TW 鈊象 8月營收,41
2023/9/05,[情報] 2344華邦電現金股利發1元,10
2023/9/05,[情報] 0905 上市櫃外資投信同買排行,2
2023/9/05,[情報] 0905 上市櫃外資投信買超金額排行,2
2023/9/05,[情報] 112/09/05 八大公股銀行買賣超排行,13
2023/9/05,[情報] 2838 聯邦銀 8月自結 0.10 累計 0.77,16
2023/9/05,Re: [標的]  5284 JPP-KY 客家多 AI概念,14
2023/9/05,[新聞] 全球首條無人半導體封裝生產線亮相！三星,100
2023/9/05,[情報] 1777 生泰 8月營收1.25億、年增31.51%,7
2023/9/05,[請益] 種搖錢樹，證券與法拍屋投資聖經,-10
2023/9/05,[新聞] 無照分析股票 統一投顧總座遭停職半年,75
2023/9/05,[情報] 2436 偉詮電 7月自結 0.12,19
2023/9/05,[情報] 2204 中華 7月自結 0.92,40
2023/9/05,[情報] 4915 致伸 8月營收,36
2023/9/05,[情報] 0905 上市外資買賣超排行,52
2023/9/05,[情報] 2317 鴻海8月營收4128億 月減8.03% 年減5.08%,81
2023/9/05,[情報] 112年09月05日 櫃買法人買賣金額統計表,15
2023/9/05,[情報] 大立光112年8月營收 月增30.27%年增1.89%,26
2023/9/05,[情報] 8086宏捷科112年8月營收,18
2023/9/05,[情報] 穩懋112年8月營收 月增1.61%年增2.29%,32
2023/9/05,[情報] 2436 偉詮電 8月營收,31
2023/9/05,[情報] 112年09月05日 三大法人買賣金額統計表,36
2023/9/05,[情報] 0905 上市投信買賣超排行,33
2023/9/05,[情報] 2474 可成 8月MOM-19.08%YOY-51.04%,97
2023/9/05,[情報] 台燿8月營收 月增6.69%年減6.82%,20
2023/9/05,[情報] 2383台光電 112年8月營收,19
2023/9/05,[新聞] 國泰投信推出首檔月配+收益平準金債券ETF 小資價15元搶市,71
2023/9/05,[情報] 3443 創意 8月 MOM+2.69% YOY+12.81%,28
2023/9/05,[閒聊] 2023/09/05 盤後閒聊,19
2023/9/05,[新聞] 華為研發自家5G晶片 法人看好供應商兆利,40
2023/9/05,Re: [請益] smart etf可以打敗大盤嗎?,0
2023/9/05,[新聞] 毛小孩帶旺 寵物概念有戲、2檔漲停,32
2023/9/05,Re: [標的] 遠東新 1402 多,26
2023/9/05,[情報] 潤泰全楊梅廠廢水外洩事件說明,55
2023/9/05,Re: [標的] 00919適不適合老人,19
2023/9/05,[新聞] 9月ETF配息一次看！這檔「近4次配息金額,19
2023/9/05,[新聞] AI 伺服器業務加持，外資看好技嘉目標價,31
2023/9/05,Re: [情報] 2376技嘉 7月自結 0.5,0
2023/9/05,[新聞] 華航貨運較疫前好3成　半導體、AI需求強,22
2023/9/05,[閒聊] 2023/09/05 盤中閒聊,100
2023/9/05,[請益] 請益ETF跟持有健檢,54
2023/9/05,[新聞] 日本人瘋搶？陸媒曝華為Mate 60 Pro手機,100
2023/9/05,[新聞] 華為Mate 60 Pro熱賣追加訂單1700萬支,100
2023/9/05,[新聞]業界：華爲晶片僅略優約台積10奈米,63
2023/9/05,[請益] smart etf可以打敗大盤嗎?,11
2023/9/04,Re: [請益] 放五年2000萬etf，平均年股息有4%嗎,1
2023/9/04,[新聞] 全美房價漲勢趨緩 全球房價明年走升,58
2023/9/04,[標的] 2535達欣工減資該如何操作?,18
2023/9/04,"[新聞] 北爾電子攜手台灣西克,海克斯康,友達 實",12
2023/9/04,[情報] 6538倉和8月營收,11
2023/9/04,[請益] 持股10張以下小股東數量統計,11
2023/9/04,[標的]  3701 大眾控 下半季展望多,8
2023/9/04,[情報] 112年09月04日信用交易統計,8
2023/9/04,[情報] 0904 上市櫃外資投信同買排行,7
2023/9/04,[創作] 股市攏是夢(台語,4
2023/9/04,[情報] 0904 上市櫃外資投信買超金額排行,1
2023/9/04,Re: [請益] 放五年2000萬etf，平均年股息有4%嗎,19
2023/9/04,[新聞] 抓到了！湖口驚見「藍色多瑙河」 潤泰全,87
2023/9/04,Re: [心得] 臺灣ai、臺灣房價。兩個都會腰斬,13
2023/9/04,[標的] 00859B 00865B 00864B 短債ETF,15
2023/9/04,[新聞] 彭博權威拆解證實 華為新手機晶片是中芯7,100
2023/9/04,[情報] 112/09/04 八大公股銀行買賣超排行,8
2023/9/04,[新聞] 汽車、綠能及通訊成長，信邦8月、前8月,7
2023/9/04,[新聞] 匯率預測 半年後1美元兌155日圓,47
2023/9/04,Re: [心得] 臺灣ai、臺灣房價。兩個都會腰斬,7
2023/9/04,[情報] 2816 旺旺保 7月自結 0.94,30
2023/9/04,[情報] 0904 上市外資買賣超排行,50
2023/9/04,[新聞] AI股飆漲　黃天牧：最終還是會回歸基本面,51
2023/9/04,[情報] 2809 京城銀 8月自結 0.45 累計 3.44,35
2023/9/04,[情報] 112年09月04日 櫃買法人買賣金額統計表,12
2023/9/04,[情報] 112年09月04日 三大法人買賣金額統計表,68
2023/9/04,[情報] 0904 上市投信買賣超排行,33
2023/9/04,[新聞] 高端腸病毒71型疫苗9月出貨 股價跌逾5％,50
2023/9/04,[情報] 6235 華孚 8月營收,21
2023/9/04,[情報] 2486 一詮 8月MOM+2.21% YOY+4.75%,9
2023/9/04,[新聞] 大立光8月營收估較7月走高，續締今年最佳,9
2023/9/04,[閒聊] 2023/09/04 盤後閒聊,15
2023/9/04,[新聞] 中國靠小晶片突圍美國晶片禁令 ABF將供不,49
2023/9/04,[情報] 1316 上曜 現金增資公開申購資訊,3
2023/9/04,Re: [心得] 臺灣ai、臺灣房價。兩個都會腰斬,98
2023/9/04,[請益] Firstrade不能登入？,27
2023/9/04,Re: [請益] 放五年2000萬etf，平均年股息有4%嗎,19
2023/9/04,Re: [心得] 臺灣ai、臺灣房價。兩個都會腰斬,5
2023/9/04,"Re: [新聞] 台股迎2,700億元活水 大盤多頭添助力",2
2023/9/04,Re: [心得] 臺灣ai、臺灣房價。兩個都會腰斬,23
2023/9/04,[標的] 富邦美債20年00696,35
2023/9/04,Re: [標的] NVDA 怎麼了QQ,5
2023/9/04,Re: [心得] 臺灣ai、臺灣房價。兩個都會腰斬,2
2023/9/04,[新聞] 大摩台灣AI論壇 信驊、技嘉等11家秀肌肉,21
2023/9/04,Re: [請益] 放五年2000萬etf，平均年股息有4%嗎,21
2023/9/04,Re: [心得] 臺灣ai、臺灣房價。兩個都會腰斬,5
2023/9/04,Re: [心得] 臺灣ai、臺灣房價。兩個都會腰斬,4
2023/9/04,[請益] 放五年2000萬etf，平均年股息有4%嗎,9
2023/9/04,[請益] 個股月營收追蹤電子報,7
2023/9/04,[標的] 2236百達-KY  AI題材多,5
2023/9/04,Re: [心得] 臺灣ai、臺灣房價。兩個都會腰斬,7
2023/9/04,"[新聞] 台股迎2,700億元活水 大盤多頭添助力",28
2023/9/04,Re: [心得] 臺灣ai、臺灣房價。兩個都會腰斬,0
2023/9/04,[閒聊] 2023/09/04 盤中閒聊,100
2023/9/04,[新聞] 波力次結構件明年Q1量產；汽車輪圈前裝,17
2023/9/04,Re: [心得] 書摘心得 - 菲式思考,19
2023/9/04,Re: [心得] 臺灣ai、臺灣房價。兩個都會腰斬,6
2023/9/03,[公告] 09/03 處置名單：mhgaun,0
2023/9/03,Re: [心得] 書摘心得 - 菲式思考,100
2023/9/03,[標的] 00919適不適合老人,57
2023/9/03,[標的] 大盤,31
2023/9/03,Re: [心得] 臺灣ai、臺灣房價。兩個都會腰斬,14
2023/9/03,[情報] 2317.TW 鴻海: 鴻海科技集團聲明,13
2023/9/03,Re: [心得] 臺灣ai、臺灣房價。兩個都會腰斬,0
2023/9/03,[標的] 5381.TW 合正 多,1
2023/9/03,Fw: [請假] Stock板 rayccccc,37
2023/9/03,[標的] 國泰金2882,65
2023/9/03,[新聞] 郭台銘為「沒收財產說」辭鴻海董事？黃士,36
2023/9/03,Re: [心得] 書摘心得 - 菲式思考,1
2023/9/03,[情報]  6491 晶碩 8月營收,22
2023/9/03,[請益] 加碼減碼操作策略教學的書或影片或文章?,23
2023/9/03,[公告] 請勿仿造相似標題系列文,17
2023/9/03,[心得] 地獄第二倒楣鬼（下）,9
2023/9/03,Re: [新聞] 蘋果西打受停工影響漸絕跡 大飲賣地求生,17
2023/9/03,[新聞] 年內陸股下市數或創新高 前8個月已近去年,30
2023/9/03,[心得] 書摘心得 - 菲式思考,99
2023/9/03,[請益] 當年射飛鏢買股票的party有多嗨?,4
2023/9/03,[新聞] 黑石與Airbnb獲納入標普500指數成份股,8
2023/9/03,[心得] 地獄第二倒楣鬼（中）,0
2023/9/03,[公告] 9/3水桶公告,0
2023/9/03,[情報] 8046南電8月營收 MOM+1.22% YOY-41.39%,20
2023/9/03,[心得]  地獄第二倒楣鬼（上）,75
2023/9/02,Re: [請益] 換屋時股票資產如何配置,4
2023/9/02,[請益] 投資美股指數的稅務問題,32
2023/9/02,[公告] 09/02 處置名單：yhchih,10
2023/9/02,Re: [請益] 股票買了就蓋牌不看股價是好的投資策略嗎,15
2023/9/02,[情報] 2317.TW 鴻海 自然人董事 郭台銘 辭任,83
2023/9/02,[請益] 股票買了就蓋牌不看股價是好的投資策略嗎,55
2023/9/02,[新聞] 郭台銘宣布因個人因素辭任鴻海董事 鴻海,83
2023/9/02,[標的] 2520冠德.tw 多,30
2023/9/02,[請益] 有其他類似00757的標的嗎,23
2023/9/02,Re: [請益] 請問投資組合配置,27
2023/9/02,[請益] 換屋時股票資產如何配置,48
2023/9/02,Re: [標的] 3231.TW 緯創 跟著大哥多,100
2023/9/02,Re: [新聞] 緯創AI伺服器Q3放量出貨，今年貢獻業績20,66
2023/9/02,[新聞] 不只外資是元兇！自營商8月大賣915億元,35
2023/9/02,[標的] 布蘭特原油正二 多,23
2023/9/02,[新聞] 減肥藥比奢侈品更賺？　這家企業超越LVMH,50
2023/9/02,[公告] 09/02 處置公告,6
2023/9/02,[新聞] 一週熱門零股 群創 台新金 躍交投十強,7
2023/9/02,Re: [心得] 戴爾受惠ai，此時此刻大漲21%,71
2023/9/01,[新聞] 蘋果西打受停工影響漸絕跡 大飲賣地求生,100
2023/9/01,Re: [標的] SCHW US,5
2023/9/01,[情報] 0901 上市櫃外資投信同買排行,6
2023/9/01,[新聞] 緯創AI伺服器Q3放量出貨，今年貢獻業績20,82
2023/9/01,[標的] NVDA 怎麼了QQ,49
2023/9/01,[情報] 0901 上市櫃外資投信買超金額排行,0
2023/9/01,[心得] 戴爾受惠ai，此時此刻大漲21%,16
2023/9/01,[標的] 2485 兆赫,20
2023/9/01,[情報] 112年09月01日信用交易統計,17
2023/9/01,Re: [情報] 美國8月非農就業人數,11
2023/9/01,[新聞] NB下半年出貨將回溫 預估仁寶、緯創出,20
2023/9/01,Re: [標的] 3231 緯創 末升段市值多,66
2023/9/01,[公告] 09/01 處置名單：yakimochi,0
2023/9/01,[情報] 美國8月非農就業人數,61
2023/9/01,[創作]  輸到開花 （Flower 股票版空耳）,4
2023/9/01,[新聞] 緯創釋利多 AI類股翻紅,42
2023/9/01,[情報] 2402 毅嘉 8月營收MOM+2.37% YOY+13.24%,25
2023/9/01,[情報] 112/09/01 八大公股銀行買賣超排行,23
2023/9/01,[心得] 那些我破產的日子,8
2023/9/01,Re: [新聞] 航空高票價 看到2025年,25
2023/9/01,[情報] 0050/0056等相關指數的成分股審核結果,31
2023/9/01,Re: [新聞] 中鋼董座：市況已壞無可壞 Q4迎拐點反轉,100
2023/9/01,Re: [新聞] 航空高票價 看到2025年,23
2023/9/01,Re: [標的] 長榮航 華航 複製航海走勢 討論,16
2023/9/01,[情報] 0901 上市外資買賣超排行,57
2023/9/01,[新聞] 美國線運價漲破百美元 專家3理由喊進長榮,19
2023/9/01,[情報] 台灣50指數納入智邦 光寶科 緯創 緯穎,100
2023/9/01,[新聞] 中鋼董座：市況已壞無可壞 Q4迎拐點反轉,59
2023/9/01,[情報] 2402 毅嘉 7月自結,25
2023/9/01,[情報] 112年09月01日 櫃買法人買賣金額統計表,16
2023/9/01,[情報] 00713配息公告,55
2023/9/01,[情報] 112年09月01日 三大法人買賣金額統計表,76
2023/9/01,[情報] SCFI 20230901 1033.67 +19.89(+2%),39
2023/9/01,[情報] 0901 上市投信買賣超排行,59
2023/9/01,[創作]熱帶雨林,44
2023/9/01,[標的] 2897tw王道銀行多多益善,21
2023/9/01,[標的] 00922指數回測贏台灣50,12
2023/9/01,[閒聊] 2023/09/01 盤後閒聊,37
2023/9/01,[新聞] 勞動基金7月再賺1544億元 今年來收益達62,80
2023/9/01,Re: [標的] 台指大盤 機器學習線仙多,17
2023/9/01,[標的] 5515建國,29
2023/9/01,[新聞] AI顛覆大未來！ 外資：台灣AI供應鏈迎接,65
2023/9/01,[新聞] 航空高票價 看到2025年,43
2023/9/01,[新聞] 快訊／國泰證APP當機　金管會罰證券、期2,37
2023/9/01,[標的] 3376新日興 折疊機軸承概念股 多,21
2023/9/01,[新聞] 快來試手氣! AI雲端電商騰雲掛牌上櫃 抽,12
2023/9/01,[新聞] 製造業10337人放無薪假再創高　佔整體83,28
2023/9/01,[標的] 2363矽統董座多,21
2023/9/01,[標的] 6491 晶碩 抽籤多,15
2023/9/01,[心得] 戴爾、惠普、浪潮、聯想、技嘉,0
2023/9/01,[新聞] 台股跳水元兇抓到了！8月重挫510點破單月,15
2023/9/01,Re: [請益] 投資個股和市值型ETF的優缺點是什麼,5
2023/9/01,[標的] 2424 隴華 數位部已核准中國一帶一路衛星,4
2023/9/01,[新聞] 毛小孩概念股來了！萬達寵物每股45元登,9
2023/9/01,[新聞] 變燈了！7月製造業景氣轉黃藍燈 台經院曝,100
2023/9/01,Re: [新聞] 美商務部否認限制向中東出口AI晶片,10
2023/9/01,[閒聊] 2023/09/01 盤中閒聊,100
2023/9/01,[請益] 投資個股和市值型ETF的優缺點是什麼,28
2023/9/01,[新聞] 美商務部否認限制向中東出口AI晶片,46
2023/9/01,[新聞] 廣達AI伺服器銷售拚倍增 擬在美、德、泰,16
2023/9/01,Re: [新聞] i15賣相差？ 大立光遭重拳降評,13
2023/9/01,[請益] 三竹個股投信買超數字不對,4
2023/9/01,[新聞] 3壽險財務拉警報！　三商美邦、宏泰人壽,32
2023/9/01,[標的] 8081 致新 多,6
2023/9/01,[標的] SOXS.US（費半反向ETF) 短多,8
2023/9/01,[新聞] 新光金：對中國曝險617億占資產1.5%,4
2023/9/01,[公告] fastlate 退文,6
2023/9/01,[請益] 00929規模暴衝，抗衡新一代強者00878?,21
2023/8/31,Re: [標的] BTI.US,4
2023/8/31,[標的] SONY.US,8
2023/8/31,Re: [心得]  30多年前，抽股票一年賺100萬以上？,2
2023/8/31,[新聞] i15賣相差？ 大立光遭重拳降評,100
2023/8/31,[情報] 0831 上市櫃外資投信同買排行,3
2023/8/31,[新聞] 股價可能下跌45%！摩根士丹利：政府合約,7
2023/8/31,Re: [標的] 大盤 破頸空-follow 3.,21
2023/8/31,[情報] 112年08月31日信用交易統計,58
2023/8/31,Re: [情報] 美國7月PCE & core PCE,26
2023/8/31,[新聞] 中國央行：首套房首付比例不低于20%，二套房,33
2023/8/31,[情報] 美國7月PCE & core PCE,33
2023/8/31,[情報] 0831 上市櫃外資投信買超金額排行,1
2023/8/31,[新聞] 燿華法說會／泰國評估設新廠與投資老廠,22
2023/8/31,[情報] 馬斯克: X(前推特) 將新增視訊通話功能,43
2023/8/31,[新聞] ETF平準金亂象 金管會出手嚴管,91
2023/8/31,[情報] 112/08/31 八大公股銀行買賣超排行,14
2023/8/31,[創作] 對你愛不完,33
2023/8/31,[新聞] 00919再配0.54元！9／18除息　連兩次年化,30
2023/8/31,[標的] 3715 定穎投控,35
2023/8/31,[新聞] 美擴大限制輝達晶片出口中東 廣達、緯創,45
2023/8/31,Re: [新聞] 高鐵避免自由座客往3節車廂擠 車票明取消,75
2023/8/31,[新聞] 聯詠明年市占率增，市場看好將重返成長軌,14
2023/8/31,Re: [標的] 1802台玻 純鹼供需緊張多,10
2023/8/31,[情報] 2364 倫飛 7月自結 0.52,26
2023/8/31,[情報] 0831 上市外資買賣超排行,71
2023/8/31,[新聞] 科嶠連拉2根漲停板　總經理吳明致：業績,20
2023/8/31,[新聞] 高鐵避免自由座客往3節車廂擠 車票明取消,99
2023/8/31,[情報] 112年08月31日 三大法人買賣金額統計表,75
2023/8/31,[情報] 112年08月31日 櫃買法人買賣金額統計表,22
2023/8/31,Re: [心得]  30多年前，抽股票一年賺100萬以上？,17
2023/8/31,[情報] 0831 上市投信買賣超排行,44
2023/8/31,Re: [請益] 要怎麼克服低檔不敢買 高檔搶著要,13
2023/8/31,Re: [標的] 搭乘長榮航，飛上平流層,21
2023/8/31,[標的] 3014 聯陽 多,11
2023/8/31,[閒聊] 2023/08/31 盤後閒聊,26
2023/8/31,Re: [標的] 搭乘長榮航，飛上平流層,0
2023/8/31,Re: [心得]  30多年前，抽股票一年賺100萬以上？,12
2023/8/31,[標的] 00919會變成高股息ETF首選嗎?,10
2023/8/31,[新聞] 英業達AI再升級！液冷模組已全面導入輝達,34
2023/8/31,Re: [標的] 搭乘長榮航，飛上平流層,65
2023/8/31,Re: [請益] 政府控大盤指數 怎麼玩,7
2023/8/31,Re: [新聞] 蘋果新款Apple Watch 傳使用3D列印技術,6
2023/8/31,[標的] 3034 聯詠 落後補漲股,20
2023/8/31,[標的] 4958 臻鼎 多,6
2023/8/31,[新聞] 蘋果新款Apple Watch 傳使用3D列印技術,41
2023/8/31,Re: [新聞] 虛增歲入大撒幣！證交稅編列增34.5%「,16
2023/8/31,[新聞] 穿上 AI 皮衣的男人 雲達楊麒令估 AI 伺,10
2023/8/31,[新聞] 毛小孩概念股「萬達寵物」登興櫃 早盤,45
2023/8/31,[新聞] NVIDIA再創收盤新高　公司2大咖爭相賣股,46
2023/8/31,[新聞] 緯穎、宏碁資訊、川湖 ...億元大戶雷浩,7
2023/8/31,[新聞] 虛增歲入大撒幣！證交稅編列增34.5%「,22
2023/8/31,[請益] 政府控大盤指數 怎麼玩,-10
2023/8/31,[閒聊] 2023/08/31 盤中閒聊,100
2023/8/31,[新聞] 劍指中國？美限制輝達向中東出口AI晶片,57
2023/8/31,[新聞] Google搭熱潮 牽緊AI伺服器龍頭廠廣達,28
2023/8/31,[新聞] 東森（2614）多次減資 他不解：玩不膩？,0
2023/8/31,[請益] 要怎麼克服爛股不敢買 好股搶著要？,22
2023/8/31,Re: [情報] 2376技嘉 7月自結 0.5,34
2023/8/30,Re: [新聞] 金管會出手…銀行電話行銷規定加嚴 預計,39
2023/8/30,[新聞] iPhone 15將閃亮登場！蘋果概念股大立光,24
2023/8/30,[新聞] iPhone15將亮相，Type-C世代開啟，創惟、,42
2023/8/30,[情報] 112年08月30日信用交易統計,18
2023/8/30,[新聞] 擺脫「電線人」！中醫大附醫與廣達合作,8
2023/8/30,[新聞] 不畏輝達訂單被它分食 大摩續喊買緯創,44
2023/8/30,[新聞] Intel外包看190億鎂 高盛:台積電最大受益,41
2023/8/30,Re: [請益] 要怎麼克服低檔不敢買 高檔搶著要,12
2023/8/30,[情報] 0830 上市櫃外資投信同買排行,3
2023/8/30,Re: [請益] 要怎麼克服低檔不敢買 高檔搶著要,23
2023/8/30,[請益] 當時大盤是怎麼跌到萬二的？,75
2023/8/30,[情報] 0830 上市櫃外資投信買超金額排行,0
2023/8/30,Re: [新聞] 高端技轉授權給世衛　開盤股價漲停鎖死,28
2023/8/30,Re: [請益] 要怎麼克服低檔不敢買 高檔搶著要,26
2023/8/30,[新聞] IBM競逐AI霸業 旺宏助攻,27
2023/8/30,[情報] 1101 台泥 現增發股參與發行海外存託憑證,3
2023/8/30,[情報] 3231緯創 8月31號早上9點券商法說,62
2023/8/30,[情報] 0830違約交割 2449京元電,19
2023/8/30,[新聞] 緯創資通湖口廠紙箱引發火警 保全不明,85
2023/8/30,[情報] 112/08/30 八大公股銀行買賣超排行,7
2023/8/30,[情報] 2376技嘉 7月自結 0.5,100
2023/8/30,[新聞] 久違了！高端漲停、它也跟上 生醫股絕地,43
2023/8/30,[新聞] 中芯國際 5nm 製程突破代工華為麒麟 900,68
2023/8/30,Re: [新聞] 暑假旺季航運股翻身 外資搶進華航、長榮,37
2023/8/30,[情報] 112年08月30日 櫃買法人買賣金額統計表,22
2023/8/30,[標的] 2390.TW云辰 明天蔡英文生日多,7
2023/8/30,[心得] Ai到底是投機還是投資？？,53
2023/8/30,[情報] 0830 上市外資買賣超排行,40
2023/8/30,Re: [標的] 4440.TW 宜新實業 環保多,24
2023/8/30,[新聞] 嘉里大榮H1處份閒置資產獲利增79%,12
2023/8/30,[新聞]可成匯兌可期！他抱怨投資後被「倒爛」,24
2023/8/30,[情報] 112年08月30日 三大法人買賣金額統計表,74
2023/8/30,[新聞] 輝達飆新高後市可期？專家直指股價關鍵弱點是「台灣」,11
2023/8/30,[情報] 0830 上市投信買賣超排行,54
2023/8/30,[閒聊] 2023/08/30 盤後閒聊,27
2023/8/30,Re: [標的] 1802台玻 純鹼供需緊張多,13
2023/8/30,[請益] 要怎麼克服低檔不敢買 高檔搶著要,100
2023/8/30,[公告] 08/30 處置名單 二：PolarBearCat,4
2023/8/30,[新聞] 高端技轉授權給世衛　開盤股價漲停鎖死,81
2023/8/30,Re: [標的] 大盤 破頸空,42
2023/8/30,[新聞] [MLIV調查] 中國市場還有下行空間 離岸人,18
2023/8/30,[新聞] 17LIVE控綠界金流平台有漏洞　揚言提告,20
2023/8/30,[新聞] 輝達飆歷史高、市值1年暴增近兆 與谷歌締,28
2023/8/30,[新聞] 00878成分股新增技嘉 前10大持股AI股過半,82
2023/8/30,[情報] 2363矽統：無跨足CoWoS計劃,61
2023/8/30,[新聞] AI股拉回還能追？專家：緯創沒殺完 洩驚,43
2023/8/30,Re: [新聞] 台積電美國廠延宕　美工人批組織混亂「台,4
2023/8/30,[閒聊] 2023/08/30 盤中閒聊,100
2023/8/30,Re: [新聞] 台積電美國廠延宕　美工人批組織混亂「台,98
2023/8/30,"[公告] 08/30 處置名單：swfswf, fu6cj84, zeros1122",0
2023/8/30,[請益] 2521宏總下市的股票怎麼處理,25
2023/8/30,[標的] 友達是不是立及公司,44
2023/8/29,[情報] 0829 上市櫃外資投信同買排行,4
2023/8/29,[標的] 大盤 多,53
2023/8/29,[情報] 112年08月29日信用交易統計,6
2023/8/29,[新聞] 營邦業績火熱 自結7月每股賺3.5元,19
2023/8/29,[標的] 2903.TW 遠百 多..到..爆..,80
2023/8/29,[標的] 1513 中興電 多,17
2023/8/29,[新聞] 台積電美國廠延宕　美工人批組織混亂「台,99
2023/8/29,[情報] 0829 上市櫃外資投信買超金額排行,1
2023/8/29,[新聞] 金管會宣布：開放外資以台股為擔保質借,45
2023/8/29,[新聞] 中租法說會／下修今年大陸業務成長目標 5,38
2023/8/29,[新聞] 大立光步入出貨旺季，短期未受軟體爭議影,10
2023/8/29,[新聞] 傳華為麒麟9000s晶片採用中芯7nm,100
2023/8/29,[情報] 9904 寶成 子公司處分精英電腦股票,16
2023/8/29,[標的] 創惟6104 蘋果Type-C 多,42
2023/8/29,[新聞] 投資夏普 成鴻海重大包袱,38
2023/8/29,[情報] 112/08/29 八大公股銀行買賣超排行,13
2023/8/29,[新聞] 避免資金大逃殺利多提前一個月上路！,31
2023/8/29,[新聞] 高嘉瑜揭富邦金錢進頻爆雷中國房市 只買8,25
2023/8/29,[新聞] 台灣疫苗成就新突破！ 世衛發布高端合作,100
2023/8/29,[新聞] 蘋果秋季發表會倒數！分析師：近期股價,35
2023/8/29,[情報] 三商餐飲辦理股票公開發行及申請登錄興櫃,47
2023/8/29,[情報] 0829 上市外資買賣超排行,59
2023/8/29,[情報] 3693 營邦 7月自結,73
2023/8/29,[情報] 1737.TW 臺鹽:產能供應食用鹽 需求無虞,59
2023/8/29,Re: [標的] 2816旺旺保 多,11
2023/8/29,[情報] 112年08月29日 櫃買法人買賣金額統計表,23
2023/8/29,[情報] 112年08月29日 三大法人買賣金額統計表,56
2023/8/29,[心得] 台股除權息旺季跟高股息ETF換股關聯性,11
2023/8/29,[情報] 0829 上市投信買賣超排行,33
2023/8/29,[新聞] 嘉澤下半年營運較上半年正向，明年再戰高,14
2023/8/29,[閒聊] 2023/08/29 盤後閒聊,18
2023/8/29,[新聞] 搶鹽之亂！臺鹽祭狠招　大秀庫存,100
2023/8/29,[新聞] 輝達買進訊號來了！財報優反跌1%　本益,40
2023/8/29,Re: [新聞] 陳揆：生醫將成為台灣下一兆元產業,11
2023/8/29,[新聞] 新台幣貶值有利可成今年估可續賺1個股本,41
2023/8/29,[新聞] 比亞迪大併購…紅鏈又搶蘋單 叫陣鴻海,33
2023/8/29,Re: [新聞] 搶AI晶片爆重複下單 陸行之:台積電做多少,31
2023/8/29,[請益] 東森2614減資再減資 股價腰斬再腰斬,21
2023/8/29,[閒聊] 2023/08/29 盤中閒聊,99
2023/8/29,[新聞] AI論壇即將召開 馬斯克、黃仁勳等科技領,55
2023/8/29,Re: [新聞] 輝達掀AI熱潮 救不了整體市況！專家：現,60
2023/8/29,Re: [新聞] 輝達掀AI熱潮 救不了整體市況！專家：現,3
2023/8/28,[新聞] 花旗:AMD/INTEL等半導體股承壓 2024好轉,10
2023/8/28,Re: [標的] HE.US 夏威夷電力,8
2023/8/28,Re: [請益] 槓桿ETF的損耗誰吃走了？,8
2023/8/28,[情報] 112年08月28日信用交易統計,17
2023/8/28,[請益] 槓桿ETF的損耗誰吃走了？,11
2023/8/28,[新聞] 光靠蘋果不夠》大立光宣布進軍美睫、美睫,42
2023/8/28,[新聞] 陳揆：生醫將成為台灣下一兆元產業,99
2023/8/28,[新聞] 世界健身 申請第一上市,43
2023/8/28,[創作] 老蘇，救救我（神阿，救救我）,18
2023/8/28,[情報] 0828 上市櫃外資投信同買排行,2
2023/8/28,[情報] 0828 上市櫃外資投信買超金額排行,11
2023/8/28,[情報] 112/08/28 八大公股銀行買賣超排行,26
2023/8/28,[新聞] 搶AI晶片爆重複下單 陸行之:台積電做多少,66
2023/8/28,[新聞] 7月景氣燈號連亮9盞「低迷藍」　國發會：,91
2023/8/28,[新聞] 輝達掀AI熱潮 救不了整體市況！專家：現,44
2023/8/28,[情報] 2331 精英 7月自結,15
2023/8/28,[情報] 0828 上市外資買賣超排行,87
2023/8/28,[新聞] 橘子支付股東臨時會決議辦理減資彌補虧損,35
2023/8/28,[請益] 新手 市值型高股息etf配置,63
2023/8/28,[標的] 5522 遠雄 底部起漲多,25
2023/8/28,[情報] 0828 上市投信買賣超排行,57
2023/8/28,[情報] 112年08月28日 櫃買法人買賣金額統計表,16
2023/8/28,[情報] 112年08月28日 三大法人買賣金額統計表,68
2023/8/28,Re: [標的] 2614東森多,14
2023/8/28,[閒聊] 2023/08/28 盤後閒聊,81
2023/8/28,[情報] 2317.TW 鴻海: 本公司屬於全體投資大眾,66
2023/8/28,"[情報] 中鋼7月自結淨損401,445千元",50
2023/8/28,[新聞] 新 iPhone 15導入Type-C 蘋果概念股全面,31
2023/8/28,[新聞] 電腦品牌廠 搶進AI伺服器,21
2023/8/28,[標的] 2317.TW 鴻海 郭董選總統的影響?,51
2023/8/28,[新聞]  輝達利多煙火即逝 廣達、緯創破線引發賣壓,21
2023/8/28,[新聞] 重啟兩岸旅遊碰釘子 交長：期待一個月內,24
2023/8/28,[請益] 有過期海鮮概念股嗎?,19
2023/8/28,[新聞] 若中共沒收鴻海財產 郭台銘：Yes Do It！,99
2023/8/28,[標的]  3163 波若威 強力支撐多,24
2023/8/28,[心得] 廣達緯創是怎麼成功的呢？,-10
2023/8/28,[標的] 4107 邦特，搶鹽洗腎多,56
2023/8/28,[請益] 有可能公司賺錢但股東都虧錢嗎？,18
2023/8/28,[閒聊] 2023/08/28 盤中閒聊,99
2023/8/28,[新聞] 三星AI釋單！廣達、緯創受惠 英業達、奇,62
2023/8/28,Re: [標的] 1737 臺鹽 空,12
2023/8/28,[新聞] 巴菲特狂掃這股票 驚呆眾人！華爾街大鱷,2
2023/8/28,[新聞] 中國宣布印花稅減半 明日生效,66
2023/8/27,[標的] 1737 臺鹽 空,41
2023/8/27,[新聞] 有多少要多少!中企進口艾司摩爾DUV激增65,56
2023/8/27,[標的] 要用錢需進行取捨的持股健檢,52
2023/8/27,[新聞] 台積德設廠獲巨額補貼 對手格芯揚言申訴,40
2023/8/27,[新聞] TV面板報價續漲 法人揭面板雙虎目標價,25
2023/8/27,[標的] 大盤 中元普渡澎湃多,0
2023/8/27,[請益] 現在大家都看空ai股嗎？,52
2023/8/27,[請益] 長期投資真的不用考慮進場時間  對？,100
2023/8/27,[標的] 大盤 破頸空,80
2023/8/27,Re: [新聞] 台灣人也在搶鹽巴！他直擊全聯「2人狂搬3,100
2023/8/27,Re: [請益] 關於各券商及投顧擅長的研究報告,6
2023/8/27,Re: [標的] 3231 緯創 爆量底部試單多！,21
2023/8/27,Re: [新聞] 台灣人也在搶鹽巴！他直擊全聯「2人狂搬3,10
2023/8/27,[請益] 我就問！到底是出貨了沒？,34
2023/8/27,Re: [心得] 智欣集團控股 (詐騙),1
2023/8/27,[標的] 廣達期 DKF09 AI大趨勢多,9
2023/8/27,[新聞] 台灣人也在搶鹽巴！他直擊全聯「2人狂搬3,100
2023/8/27,Re: [新聞] 美歐央行：通膨2%目標不變,26
2023/8/27,[標的] 9927 泰銘 多,4
2023/8/27,[標的] 1217 愛之味 多,12
2023/8/27,[新聞] 直播網站掛掉！hololive Splash Party首,13
2023/8/27,Re: [標的] 3231 緯創 爆量底部試單多！,21
2023/8/27,[新聞] 林恩平 看準旗艦手機趨勢 有一說一,18
2023/8/27,[新聞] 美歐央行：通膨2%目標不變,41
2023/8/27,[標的] 3231 緯創 爆量底部試單多！,100
2023/8/27,[公告] 08/27 處置公告 其之二,5
2023/8/27,Re: [標的] 5253.JP COVER 回歸中國多,12
2023/8/27,[標的] 4906正文--莫忘初衷多,10
2023/8/27,[心得]  AI 絕對沒死，不用太悲觀,90
2023/8/27,[標的] 3596 智易 多,24
2023/8/27,[公告] 0827 水桶,2
2023/8/27,[新聞] AI股淪一日行情？ 林百里：我管不了股價,41
2023/8/27,[新聞] 控買知名花生牛奶湯　一開竟有漂浮「小強」,46
2023/8/26,[新聞] 需求續低迷 海運業旺季不旺,100
2023/8/26,[新聞] 大立光盤中逆勢抗跌 法人預計：第3季營收,14
2023/8/26,Re: [心得] 切身之痛 不要借錢投資,0
2023/8/26,Re: [心得] 智欣集團控股 (詐騙),5
2023/8/26,Re: [心得] 切身之痛 不要借錢投資,7
2023/8/26,Re: [心得] 切身之痛 不要借錢投資,7
2023/8/26,[請益] 關於各券商及投顧擅長的研究報告,24
2023/8/26,[標的] 2303聯電 多,99
2023/8/26,[新聞] 雨水短缺釀乾旱 巴拿馬運河限航令維持一,34
2023/8/26,Re: [心得] 切身之痛 不要借錢投資,43
2023/8/26,[標的] 正二是因為QE才贏過原型嗎？,18
2023/8/26,[公告] 08/26 水桶公告,3
2023/8/26,Re: [新聞] 黃仁勳:晶片製造不一定得在台 中國市場卻,17
2023/8/26,[新聞] 利多出盡？外資：6檔繼續買起來,38
2023/8/26,Re: [標的] 3231緯創技術線破空！！,77
2023/8/26,Re: [心得] 切身之痛 不要借錢投資,27
2023/8/26,[請益] 自己選的個股輸給etf （附上持股,58
2023/8/26,Re: [請益] 為什麼這幾年定存股越來越貴?已沒便宜貨?,5
2023/8/26,[標的] 3231緯創技術線破空！！,99
2023/8/26,[新聞] 陸委會開放兩岸團客 國台辦：名「放」實,34
2023/8/26,Re: [新聞] 黃仁勳:晶片製造不一定得在台 中國市場卻,7
2023/8/26,[心得] 股市裡，是不是懂得越多賠的越多?,23
2023/8/26,[新聞] 台股即將超車港股 謝金河：大泡泡快爆開,49
2023/8/26,[新聞] Google新超級電腦 帶旺廣達,30
2023/8/26,Re: [新聞] 台積電與美國工會爆衝突 外媒示警美晶片,29
2023/8/26,Re: [心得] 切身之痛 不要借錢投資,11
2023/8/26,Re: [新聞] 黃仁勳:晶片製造不一定得在台 中國市場卻,52
2023/8/26,[新聞] 台積電與美國工會爆衝突 外媒示警美晶片,99
2023/8/26,[新聞] 不爽沒拿到獎金！工程師程式植入「-」…害公司損4200萬台幣,69
2023/8/26,Re: [新聞] 黃仁勳:晶片製造不一定得在台 中國市場卻,34
2023/8/26,Re: [心得] 切身之痛 不要借錢投資,2
2023/8/26,[請益] 槓桿反向ETF買賣條件，永豐金另訂規定?,18
2023/8/26,Re: [心得] 切身之痛 不要借錢投資,8
2023/8/26,Re: [心得] 切身之痛 不要借錢投資,2
2023/8/26,Re: [心得] 切身之痛 不要借錢投資,83
2023/8/26,Re: [新聞] ECFA終止衝擊效力有多大？謝金河點名「7,6
2023/8/26,[情報] 預告修正「公開收購公開發行公司有價證,3
2023/8/26,[新聞] ECFA終止衝擊效力有多大？謝金河點名「7,10
2023/8/26,Re: [新聞] 黃仁勳:晶片製造不一定得在台 中國市場卻,34
2023/8/26,[標的] HE.US 夏威夷電力,8
2023/8/26,[請益] 為什麼這幾年定存股越來越貴?已沒便宜貨?,98
2023/8/25,[新聞] 大立光進軍美睫、美甲事業 年底推出保健,56
2023/8/25,Re: [請益] 高檔要下來幾根黑K才要跑？,8
2023/8/25,[標的] 大盤   假摔多,31
2023/8/25,[新聞] 傑克森洞演說／Fed鮑爾：如有必要 準備進,76
2023/8/25,[情報] Powell 談話,94
2023/8/25,[心得] 畢業文，不會再痛苦了,-10
2023/8/25,Re: [心得] 切身之痛 不要借錢投資,51
2023/8/25,[情報] 0825 上市櫃外資投信同買排行,2
2023/8/25,[情報] 112年08月25日信用交易統計,65
2023/8/25,[新聞] 蛋價會議26日召開 蛋農盼產地價每台斤漲,41
2023/8/25,[創作] 我真的受傷了,11
2023/8/25,Re: [心得] 切身之痛 不要借錢投資,8
2023/8/25,[情報] 0825 上市櫃外資投信買超金額排行,0
2023/8/25,[請益] 請問高手在香港交易所買H股怎麼扣稅？,3
2023/8/25,[新聞] 傑克森洞演說全球矚目，CNBC：鮑威爾或將,45
2023/8/25,[標的] 大盤空 我推的空單,30
2023/8/25,Re: [心得] 切身之痛 不要借錢投資,10
2023/8/25,[新聞] 南韓軍工業大爆單 韓媒自曝2優勢狂勝其他,14
2023/8/25,[情報] 112/08/25 八大公股銀行買賣超排行,38
2023/8/25,[新聞] 迪士尼股價摔至九年低 分析師憂還有向下,66
2023/8/25,Re: [心得] 切身之痛 不要借錢投資,1
2023/8/25,[新聞] 中國進出口表現都差 SCFI與WCI雙雙下跌,21
2023/8/25,Re: [心得] 切身之痛 不要借錢投資,90
2023/8/25,[新聞] 輝達給力 廣達、緯創上修出貨 傳通知協,99
2023/8/25,Re: [心得] 切身之痛 不要借錢投資,6
2023/8/25,"[公告] 08/25 處置名單：soloyi, best790507",0
2023/8/25,Re: [心得] 切身之痛 不要借錢投資,8
2023/8/25,[情報] 2345 智邦6月自結,12
2023/8/25,Re: [心得] 畢業文,13
2023/8/25,Re: [標的] 2382 廣達還有救嗎？ 這篇請益,14
2023/8/25,[情報] 2485 兆赫 7月自結,8
2023/8/25,[心得] 切身之痛 不要借錢投資,97
2023/8/25,[新聞] 瘋狂囤鹽潮！臺鹽股價逆勢漲停鎖死 變身,94
2023/8/25,Re: [請益] 為什麼輝達大賺，台股AI股沒看到？,16
2023/8/25,Re: [標的] 6170統振…外籍移工支付怎麽看,1
2023/8/25,[創作] 三竹智選股 選股app,100
2023/8/25,[情報] 0825 上市外資買賣超排行,100
2023/8/25,[情報] 112年08月25日 櫃買法人買賣金額統計表,14
2023/8/25,[情報] 4979 華星光 7月自結 0.41,14
2023/8/25,[新聞] 國泰金法說零踩雷 金控中國總曝險4000億,19
2023/8/25,[請益] 過去有和AI類似的歷史教材嗎,83
2023/8/25,[情報] 112年08月25日 三大法人買賣金額統計表,100
2023/8/25,[情報] 0825 上市投信買賣超排行,45
2023/8/25,Re: [標的] 2382 廣達還有救嗎？ 這篇請益,8
2023/8/25,Re: [標的] 2382 廣達還有救嗎？ 這篇請益,100
2023/8/25,[請益] 智慧選股條件搭配請教（尋長期投資標的）,8
2023/8/25,[新聞] 台積電中科2奈米廠都審過關 中市盼補助烏,18
2023/8/25,[創作] 心愛(AI)的再會啦,4
2023/8/25,Re: [標的] 2382 廣達還有救嗎？ 這篇請益,11
2023/8/25,[閒聊] 2023/08/25 盤後閒聊,40
2023/8/25,[標的] 2382 廣達還有救嗎？ 這篇請益,99
2023/8/25,[新聞] 台經院：景氣最壞情況已過,90
2023/8/25,[新聞] 鮑爾談抗通膨路線圖,55
2023/8/25,[請益] 為什麼輝達大賺，台股AI股沒看到？,91
2023/8/25,[心得] 智欣集團控股 (詐騙),73
2023/8/25,[心得] 畢業文,100
2023/8/25,[標的] 5253.JP カバー(株) 長期不停損多,27
2023/8/25,[標的] 3231緯創空,39
2023/8/25,[新聞] 福島核廢水排放促韓瘋搶海鹽,100
2023/8/25,[閒聊] 2023/08/25 盤中閒聊,99
2023/8/25,[新聞] 輝達行情短命！美股大跌373點　台積電ADR,99
2023/8/25,[新聞] 遊戲橘子又輸了！才被判賠丁特784萬　廣告不實抗罰200萬再吞,100
2023/8/24,[新聞] 泰山夜間再喊還錢 街口金科董座胡亦嘉：,54
2023/8/24,[情報] FED官員談話,79
2023/8/24,[情報] 0824 上市櫃外資投信同買排行,5
2023/8/24,[新聞] 快訊／業績爆發！NVIDIA輝達「股價破502美,100
2023/8/24,[情報] 0824 上市櫃外資投信買超金額排行,3
2023/8/24,[情報] 112年08月24日信用交易統計,41
2023/8/24,[新聞] 英業達3個月漲逾9成 董事張景嵩申讓500張,61
2023/8/24,[情報] 6415矽力*-KY Q2EPS -0.27,27
2023/8/24,[新聞] 預算創新高！蔡政府砸6068億拚國防 國防,99
2023/8/24,[情報] 6117 迎廣 第一次處置,3
2023/8/24,[新聞] 陸委會宣布9/1起恢復第三地陸客來台觀,56
2023/8/24,[公告] 0824 水桶,2
2023/8/24,[請益] 由上而下跌到成本前會先賣嗎？,32
2023/8/24,[新聞] 超微新AI晶片傳下單三星 引爆新一波訂單,42
2023/8/24,[情報] 1218 泰山 訴請街口金融科技股份有限公司,11
2023/8/24,[情報] 112/08/24 八大公股銀行買賣超排行,19
2023/8/24,[新聞] 「當沖猴子」的一生？他買緯創賠到脫褲,60
2023/8/24,[情報] 2849 安泰銀 112年H1:0.04,18
2023/8/24,[新聞] 東哥遊艇訂單能見達2025；拚下半年營收,40
2023/8/24,[新聞] 散戶信心高！證券劃撥存款餘額7月爆增,64
2023/8/24,Re: [標的] 台積電 TSMC 2330 S導體多,7
2023/8/24,[新聞] 技嘉AI伺服器動能強勁，明年佔伺服器比,38
2023/8/24,[情報] 8210 勤誠 7月自結 0.60,27
2023/8/24,Re: [請益] 賣股的策略,14
2023/8/24,Re: [標的] 00675L.TW 富邦台灣加權正2 不停損多,30
2023/8/24,[情報] 0824 上市外資買賣超排行,86
2023/8/24,[請益] 賣股的策略,51
2023/8/24,[標的] SOXL.US,11
2023/8/24,Re: [心得] 緯創散戶該集合了吧,5
2023/8/24,[情報] 5871 中租-KY 7月自結 1.38 累計 9.12,29
2023/8/24,[標的] 6515 穎崴黎明前的黑暗多&今年度對帳單,10
2023/8/24,[情報] 6643 M31　7月自結,12
2023/8/24,[情報] 112年08月24日 櫃買法人買賣金額統計表,15
2023/8/24,Re: [心得] 緯創散戶該集合了吧,1
2023/8/24,[新聞] 富邦金法說會 總座韓蔚廷揭露對中國大陸,44
2023/8/24,[情報] 112年08月24日 三大法人買賣金額統計表,76
2023/8/24,[請益] FT美股無法下單LV跟愛馬仕,6
2023/8/24,[情報] 0824 上市投信買賣超排行,38
2023/8/24,[新聞] 輝達前景佳 分析師目標價喊到這驚人數字,32
2023/8/24,Re: [請益] 博通 高通 聯發科 這三家請教,24
2023/8/24,Re: [心得] 緯創散戶該集合了吧,4
2023/8/24,[創作] 吻得太BI真,42
2023/8/24,[創作] 真真假假戰起來 (姊姊妹妹站起來),11
2023/8/24,[閒聊] 2023/08/24 盤後閒聊,29
2023/8/24,[標的] 8942 森鉅 多多~美國多,10
2023/8/24,[請益] 當沖仔的操作是不是不太合邏輯？,17
2023/8/24,[情報] 5227 立凱-KY 現金增資公開申購資訊,3
2023/8/24,[新聞] Nvidia財報／輝達宣布250億美元庫藏股 是,71
2023/8/24,Re: [標的] 2330 台積電 多,76
2023/8/24,Re: [標的] 00670L 富邦NASDAQ正2,27
2023/8/24,[情報] 9945 潤泰新 112年減資換股作業及基準日,100
2023/8/24,[請益] 博通 高通 聯發科 這三家請教,40
2023/8/24,[標的] 2330 台積電 多,0
2023/8/24,[新聞] 德國薩克森邦將多管齊下 滿足台積電人力,41
2023/8/24,[閒聊] 2023/08/24 盤中閒聊,99
2023/8/24,[新聞] AI貢獻占比大摩全解密 緯穎等3檔最高,31
2023/8/24,[新聞] 輝達NVIDIA最強新品 傳鴻海奪大單,99
2023/8/24,[標的] 5410國眾 與技嘉合作浸沒式水冷 多,33
2023/8/24,[新聞] 輝達財報閃亮亮救市！陸行之:輝達已成霸主,29
2023/8/24,[新聞] 大超預期！輝達盤後一度漲超10％,77
2023/8/24,[情報] 輝達財報 Q2營收13.51B,100
2023/8/24,[新聞] 《通網股》全台首場！宏達電用VR打造虛擬,20
2023/8/23,[標的] 6139 亞翔 大多,14
2023/8/23,[新聞] 廣運在手公共工程大單逾50億 營運安啦！,40
2023/8/23,[新聞] 股價大跌的嘉信理財要裁員關辦公室 目標,32
2023/8/23,[新聞] 貨櫃三雄今年H1獲利減3816億　未分配盈餘,18
2023/8/23,[情報] 0823 上市櫃外資投信同買排行,8
2023/8/23,[新聞] 少年股神當沖翻船了！ 東哥遊艇爆7792.1萬,37
2023/8/23,[情報] 112年08月23日信用交易統計,28
2023/8/23,Re: [標的] 2409 友達 (2023.08面板報價),46
2023/8/23,[情報] 0823 上市櫃外資投信買超金額排行,1
2023/8/23,[新聞] 7月電力景氣燈號轉呈黃藍燈 製造業轉向訊,66
2023/8/23,Re: [新聞] 暑假旺季航運股翻身 外資搶進華航、長榮,62
2023/8/23,Re: [情報] 華航112年第二季財報 H1:0.77,12
2023/8/23,[情報] 112/08/23 八大公股銀行買賣超排行,17
2023/8/23,[新聞] 美7月成屋銷售創2010年來同期新低 庫存創24年同期低點,9
2023/8/23,[新聞] 雷虎「軍用商規」微型無人機 原型機通過,28
2023/8/23,[新聞] 國光生拿下新型流感疫苗預採購標案 最快,20
2023/8/23,[情報] 6629 泰金-KY H1 2.04(Q1 0.66+ Q2 1.38),0
2023/8/23,[新聞] 伍德於財報前拋售輝達，買入更多Zoom,100
2023/8/23,[新聞] NVIDIA財測對台積電股價影響 大摩三情境,36
2023/8/23,[心得] 六大ETF 配息率比較,37
2023/8/23,[情報] 1471 首利 7月自結 0.20,15
2023/8/23,[情報] 0823 上市外資買賣超排行,50
2023/8/23,[情報] 112年08月23日 櫃買法人買賣金額統計表,15
2023/8/23,[情報] 1519 華城 7月自結,24
2023/8/23,[情報] 112年08月23日 三大法人買賣金額統計表,63
2023/8/23,[新聞] 華南金將配現金股利為主！總座李耀卿,30
2023/8/23,[情報] 0823 上市投信買賣超排行,30
2023/8/23,[標的] 3693營邦,42
2023/8/23,[情報] 3483 力致 7月自結 0.59,10
2023/8/23,[標的] 6170統振…外籍移工支付怎麽看,29
2023/8/23,[標的] 3689湧德怎麼看？,48
2023/8/23,[閒聊] 2023/08/23 盤後閒聊,33
2023/8/23,[新聞] 輝達財報將出震盪美股 投資客梭哈押注賭,100
2023/8/23,Re: [新聞] 基泰忠孝標售 陽明可能出手,6
2023/8/23,[新聞] 上市公司第一慘！航運業上半年獲利　年,52
2023/8/23,[新聞] 史上創舉！群益投信宣示：未來四季00919,51
2023/8/23,[新聞] 823炮火猛 漢翔攻頂領軍、軍工股聲勢壯,20
2023/8/23,Re: [標的] 3533.TW 嘉澤 多,11
2023/8/23,[新聞] 台積電高雄廠用水已籌措　經濟部：不影響,47
2023/8/23,[新聞] 8月台股ETF規模洗牌! 00929吸金登高股息,34
2023/8/23,[請益] 現在才發現0050還沒填息?,37
2023/8/23,[新聞] 輝達股價失控！投資者可能忽視這一「關,62
2023/8/23,Re: [請益] 台股基金vs主題式ETF,4
2023/8/23,[新聞] 金管會曾示警 壽險業閃過三大雷區,24
2023/8/23,[新聞] 緯創配送機器人前進飯店 攜手新創業者提,30
2023/8/23,[新聞] 兩岸航班大復活 就差一紙團客令,68
2023/8/23,[請益] 台股基金vs主題式ETF,31
2023/8/23,[閒聊] 2023/08/23 盤中閒聊,100
2023/8/23,[新聞] AI鏈 9月旺來了,55
2023/8/23,[新聞] 碳費開徵 延後一年,100
2023/8/23,[新聞] 又是中信！三度遭搜索 行員涉勾結詐團助,100
2023/8/22,[新聞] Arm正式提出上市申請,16
2023/8/22,[公告] 08/22 處置公告,0
2023/8/22,[新聞] 遠傳併亞太生變？法院判「決議應撤銷」,24
2023/8/22,[標的] 為何星空華文沒有深跌反彈呀?,16
2023/8/22,[請益] 和朋友閒聊，這是真的?,100
2023/8/22,[新聞] 獨家／大立光侵權案｢證人之1｣爆料 恐面,59
2023/8/22,[標的] 台積電有可能補漲嗎,100
2023/8/22,Re: [標的] BTI.US,3
2023/8/22,[標的] 00680L.TW 請問美債正2下市的可能性?,46
2023/8/22,[情報] 112年08月22日信用交易統計,10
2023/8/22,[新聞] 用「大象跌倒」比喻 玉山金老總看中國大,44
2023/8/22,Re: [請益] 明年金融股是不是又發不出股息？,26
2023/8/22,[新聞] 元太、茂順營運 喜見春天,14
2023/8/22,[情報] 0822 上市櫃外資投信同買排行,4
2023/8/22,Re: [標的] TSLA.US 拯救推進器多,10
2023/8/22,[情報] 0822 上市櫃外資投信買超金額排行,3
2023/8/22,Re: [新聞] 高盛警告9/30政府關門威脅襲來,3
2023/8/22,[新聞] 長榮航總經理孫嘉明：客運市場明年會更好,26
2023/8/22,Re: [請益] 持股健檢（媽媽買的）,92
2023/8/22,[新聞] 環境部氣候變遷署：碳費以2024年排放為,13
2023/8/22,[新聞] 散裝航運神奇之旅來了 「塞船到明年」大,21
2023/8/22,[情報] 112/08/22 八大公股銀行買賣超排行,11
2023/8/22,[新聞] 金管會：中福、昇華遲交財報 未改善最快1,9
2023/8/22,[新聞] 漢翔稱今年營收「沒有天花板」明年會更高,64
2023/8/22,[新聞] 友達血汗廠長「薪水曝光」！365天沒休,100
2023/8/22,[情報] 2905 三商 現增發股 (補充:發行價12.5元),14
2023/8/22,[情報] 112年08月22日 櫃買法人買賣金額統計表,9
2023/8/22,Re: [標的] 2393億光 海水退了沒穿褲子空,22
2023/8/22,[請益] 10年美債維持4.35%會影響明年降息嗎？,51
2023/8/22,[情報] 0822 上市外資買賣超排行,42
2023/8/22,[請益] 這樣會被系統強制平倉嗎,23
2023/8/22,[情報] 3051 力特 7月自結 0.11,70
2023/8/22,[新聞] 台股全年最佳買進時間是9月！,86
2023/8/22,[情報] 112年08月22日 三大法人買賣金額統計表,54
2023/8/22,[情報] 0822 上市投信買賣超排行,27
2023/8/22,[新聞] 中信行員變內鬼！勾結詐團百人受害損失3,99
2023/8/22,[新聞] 高盛警告9/30政府關門威脅襲來,82
2023/8/22,[閒聊] 2023/08/22 盤後閒聊,26
2023/8/22,[情報] 2641正德 8112至上 現增公開申購資訊,13
2023/8/22,[新聞] 00878投資人突破107萬創台股基金紀錄,55
2023/8/22,Re: [新聞] 輝達（NVIDIA）23日公布財報 Q2估績增五,22
2023/8/22,[新聞] iPhone 15 Ultra 傳延期推出：索尼罪大,100
2023/8/22,[新聞] 輝達新AI晶片到貨　外資曝15檔台廠供應,53
2023/8/22,Re: [新聞] 0050正2股民狂增! 連三周創新高 法人提醒,40
2023/8/22,[新聞] 《半導體》新產能來了 濾能Q4營運將回暖,49
2023/8/22,Re: [標的] 6550 北極星藥業-KY 外資多,27
2023/8/22,[新聞] 中信金代子公司中國信託商業銀行配合司法,10
2023/8/22,Re: [新聞] 大立光進軍美妝事業 美睫美甲服務25日登,4
2023/8/22,[閒聊] 2023/08/22 盤中閒聊,100
2023/8/22,[新聞] 逾3成股民有意錢進台股 買房意願17個月新,37
2023/8/22,Re: [新聞] 輝達（NVIDIA）23日公布財報 Q2估績增五,51
2023/8/22,[新聞] 華爾街日報：中國40年繁榮結束恐長期衰退,100
2023/8/22,[情報] 這“幾”天賣2504國產 可求償“這”金額,6
2023/8/22,Re: [請益] 股票真的能降到0成本嗎？,0
2023/8/22,Fw: [申請] Stock 板 實習板主轉正,0
2023/8/21,[新聞] 0050正2股民狂增! 連三周創新高 法人提醒,49
2023/8/21,Re: [請益] 股票真的能降到0成本嗎？,5
2023/8/21,Re: [請益] 股票真的能降到0成本嗎？,0
2023/8/21,[新聞] 美、歐債殖利率飆高 投資人套牢,100
2023/8/21,[新聞] 一次性大單挹注！7月外銷訂單477.3億美,20
2023/8/21,[新聞] 中共央行意外不對稱降息 專家：令人費解,15
2023/8/21,[標的] PFE.US,5
2023/8/21,Re: [請益] 股票真的能降到0成本嗎？,0
2023/8/21,[新聞] 〈保瑞入股晨暉〉攜手搶食海外保健品千,11
2023/8/21,[情報] 112年08月21日信用交易統計,15
2023/8/21,[新聞] 《電零組》欣興大誠廠祝融 外資看法曝,12
2023/8/21,Re: [請益] 股票真的能降到0成本嗎？,4
2023/8/21,[新聞] 長榮海運鉅額賣掉37.5萬張長榮航 EPS貢獻,13
2023/8/21,[情報] 0821 上市櫃外資投信同買排行,3
2023/8/21,[情報] 0821 上市櫃外資投信買超金額排行,3
2023/8/21,[標的] 5253.JP COVER Holo回歸中國多,24
2023/8/21,[情報] 2897 王道銀行 董事會決議買回本公司股份,17
2023/8/21,[情報] 2891 中信金 子公司處分長榮航太 普通股,10
2023/8/21,Re: [請益] 股票真的能降到0成本嗎？,12
2023/8/21,[情報] 112/08/21 八大公股銀行買賣超排行,15
2023/8/21,[情報] 0821違約交割,76
2023/8/21,Re: [新聞] 台積電熊本廠周邊基建費逾200億 縣政府,9
2023/8/21,[新聞] 《好聲音》母公司「股價跌近腰斬」慘況曝,14
2023/8/21,Re: [請益] 股票真的能降到0成本嗎？,7
2023/8/21,"[情報] 0821鉅額交易－長榮航空 325,402,000股",42
2023/8/21,[情報] 3715 定穎投控 112年7月自結0.36元,30
2023/8/21,[標的]  6125.tw 廣運水冷新聞多,14
2023/8/21,[情報] 112年08月21日 櫃買法人買賣金額統計表,7
2023/8/21,Re: [請益] 有推薦的中文美股頻道嗎？,5
2023/8/21,[新聞] 大立光進軍美妝事業 美睫美甲服務25日登,100
2023/8/21,[情報] 0821 上市外資買賣超排行,42
2023/8/21,[新聞] 雙鴻訪AI雙雄搶冷革命商機 將協力開發次,7
2023/8/21,[情報] 6869-TW 雲豹能源 變更 董事長 獨立董事,100
2023/8/21,[情報] 鼎天112年7月自結 單月EPS:0.08,8
2023/8/21,[情報] 112年08月21日 三大法人買賣金額統計表,74
2023/8/21,[情報] 0821 上市投信買賣超排行,12
2023/8/21,[新聞] 富士康領投 AI機器人新創女媧創造獲近2億,23
2023/8/21,[情報] 迎廣112年7月自結 單月EPS:0.17,6
2023/8/21,Re: [請益] 股票真的能降到0成本嗎？,0
2023/8/21,[閒聊] 2023/08/21 盤後閒聊,36
2023/8/21,Re: [請益] 股票真的能降到0成本嗎？,3
2023/8/21,[新聞] AI晶片需求旺 後段測試台廠吃補,8
2023/8/21,[標的] 2498 宏達電 線仙漲 阿姨不想努力也漲,22
2023/8/21,Re: [新聞] 台積電傳將三度調降財測,16
2023/8/21,Re: [請益] 股票真的能降到0成本嗎？,4
2023/8/21,[新聞] 台積電熊本廠周邊基建費逾200億 縣政府,65
2023/8/21,[新聞] 台積電傳將三度調降財測,75
2023/8/21,[新聞] 你有嗎？　未滿30歲去年平均收入53.57萬,65
2023/8/21,Re: [請益] 股票真的能降到0成本嗎？,6
2023/8/21,[新聞] 廣運強攻高速運算解熱商機 打入一線廠供,26
2023/8/21,Re: [請益] 股票真的能降到0成本嗎？,7
2023/8/21,[情報] 3043科風7月自結0.41,11
2023/8/21,[新聞] 可成不服金管會裁罰 董座將提訴願自立救濟,16
2023/8/21,[標的] 4934 太極.即將恢復信用交易,8
2023/8/21,[標的] 5328 華容 恢復信用多,2
2023/8/21,[新聞] 台股一路挨打 8月以來遭外資大砍1259億,6
2023/8/21,[請益] 資金暫時移至美國短債好嗎？,12
2023/8/21,[標的] 3231緯創 內部人7月持股減少,62
2023/8/21,[請益] 權證掛市價,13
2023/8/21,[閒聊] 2023/08/21 盤中閒聊,99
2023/8/21,[新聞] 戴爾釋AI大單！代工、零組件需求暴增 緯,38
2023/8/21,[新聞] 2000人電子大廠超時工作、沒加班費遭重罰,99
2023/8/21,[創作] AI到瘋癲（愛到瘋癲）,0
2023/8/20,[公告] 8/20 水桶公告-2,1
2023/8/20,[新聞] 輝達財報助陣AI反攻 外資點名8大受惠股,52
2023/8/20,[新聞] AI 醫療應用時代來臨 成大、亞大、長庚,32
2023/8/20,[新聞] 台積又贏了！中東蒐購輝達AI晶片 英國也,68
2023/8/20,Re: [標的] 台化 台塑化 月K十年線 討論,75
2023/8/20,Re: [新聞] 終於公佈！中國恆大過去2年慘虧2.5兆,52
2023/8/20,[標的] 大盤空 七夕牛郎金色狂風,38
2023/8/20,[公告] 08/20 處置公告,6
2023/8/20,Re: [新聞] 中國嗆中止ECFA 行政院經貿辦籲：勿政治,52
2023/8/20,[新聞] 光環逆勢漲停！抽中現賺1萬　最晚申購日,34
2023/8/20,Re: [新聞] 輝達（NVIDIA）23日公布財報 Q2估績增五,87
2023/8/20,Re: [新聞] 瑞信報告台灣成人財富中位數全球第12 高,59
2023/8/20,[新聞] 日政府為應對新冠和物價上漲總計支出68,17
2023/8/20,Re: [新聞] 中國嗆中止ECFA 行政院經貿辦籲：勿政治,67
2023/8/20,Re: [新聞] 瑞信報告台灣成人財富中位數全球第12 高,11
2023/8/20,[新聞] 又一未爆彈？Soho中國淨利跌93％,36
2023/8/20,[新聞] 中國嗆中止ECFA 行政院經貿辦籲：勿政治,77
2023/8/20,[公告] 瑞信財富報告系列文禁回 (16:00 開始),23
2023/8/20,[新聞] 輝達（NVIDIA）23日公布財報 Q2估績增五,66
2023/8/20,Re: [新聞] 瑞信報告台灣成人財富中位數全球第12 高,0
2023/8/20,Re: [新聞] 瑞信報告台灣成人財富中位數全球第12 高,3
2023/8/20,Re: [新聞] 瑞信報告台灣成人財富中位數全球第12 高,26
2023/8/20,[新聞] 欣興桃園大誠廠火警無人員傷亡傳出 估損,51
2023/8/20,Re: [新聞] 瑞信報告台灣成人財富中位數全球第12 高,20
2023/8/20,Re: [新聞] 瑞信報告台灣成人財富中位數全球第12 高,23
2023/8/20,[新聞] 美日韓三國將建立半導體早期預警機制,70
2023/8/20,[公告] 實習板主信任投票 結果,8
2023/8/20,Re: [新聞] 瑞信報告台灣成人財富中位數全球第12 高,5
2023/8/20,[情報] 8/18當天各券商分點進出金額統計排行,22
2023/8/20,[新聞] 欣興桃園大誠廠火災 電鍍產線無影響,64
2023/8/19,[新聞] 股民心聲》緯創好不好 宏碁最知道,35
2023/8/19,[新聞] 輝達AI晶片H100賣爆！財報前夕「華爾街,66
2023/8/19,[標的] 5603 陸海 請益,11
2023/8/19,[新聞] 中國出招救股市！降經手費、研究延長交易,48
2023/8/19,[新聞] 桃園欣興電子再傳火警 搶救106分損失不明,100
2023/8/19,[Stock] 看板 選情報導,0
2023/8/19,[Stock] 看板 選情報導,1
2023/8/19,Re: [新聞] 瑞信報告台灣成人財富中位數全球第12 高,7
2023/8/19,Re: [新聞] 瑞信報告台灣成人財富中位數全球第12 高,26
2023/8/19,Re: [標的] 大盤空 空軍節的空,4
2023/8/19,Re: [新聞] 瑞信報告台灣成人財富中位數全球第12 高,7
2023/8/19,Re: [新聞] 瑞信報告台灣成人財富中位數全球第12 高,83
2023/8/19,Re: [新聞] 好狂！世芯上修今年營收目標上看9.5億,9
2023/8/19,[新聞] 輝達H100利潤傳1000%!台積電代工成贏家,64
2023/8/19,[新聞] 彰化中華電信冒出火煙 緊急疏散30人,16
2023/8/19,Re: [新聞] 瑞信報告台灣成人財富中位數全球第12 高,22
2023/8/19,Re: [新聞] 瑞信報告台灣成人財富中位數全球第12 高,7
2023/8/19,[新聞] 主計總處下修今年GDP至1.61%「創8年新低,14
2023/8/19,Re: [新聞] 瑞信報告台灣成人財富中位數全球第12 高,4
2023/8/19,Re: [新聞] 瑞信報告台灣成人財富中位數全球第12 高,20
2023/8/19,[新聞] 大摩看旺AI 按讚台積、創意、日月光等,42
2023/8/19,[請益] 把現金拿去投資的公司該如何評價？,12
2023/8/19,Re: [新聞] 瑞信報告台灣成人財富中位數全球第12 高,100
2023/8/19,Re: [新聞] 瑞信報告台灣成人財富中位數全球第12 高,44
2023/8/19,[新聞] 碧桂園敲定首項還債方案 每帳戶先付44萬,34
2023/8/19,[新聞] 瑞信報告台灣成人財富中位數全球第12 高,97
2023/8/19,[心得] 08/21 ~ 08/25 美股財報行事曆,47
2023/8/19,[新聞] 一週熱門零股 玉山金 鴻海 躋身十強,11
2023/8/19,[公告] 08/19 處置名單：inoce,4
2023/8/19,[新聞] 摩根大通逆向操作 加碼碧桂園逾億持股,75
2023/8/19,Re: [新聞] 董瑞斌開講〉聯準會下半年還會升息,9
2023/8/19,Re: [請益] 股票一直放著會虧嗎？,56
2023/8/19,[新聞] 32萬股東注意！台企銀預定這天除權息,21
2023/8/19,Re: [新聞] 超導體能源聖杯破滅 LK-99非超導體,36
2023/8/19,[新聞] 比特幣凌晨突暴跌！一度擊穿2.6萬美元關,100
2023/8/19,Re: [請益] 一般賣出變現沖賣出,13
2023/8/19,[創作] 韭白（李白）,4
2023/8/19,[創作] 滾動的篩子 歌曲賞析,0
2023/8/19,[請益] 庫存的融資可以改現股嗎,7
2023/8/19,[請益] 一般賣出變現沖賣出,77
2023/8/19,[新聞] 董瑞斌開講〉聯準會下半年還會升息,15
2023/8/19,[新聞] 和碩、廣達 Q4營運喊衝,28
2023/8/18,[請益] 請問有港股etf可以直接投資恆生指數嗎？,5
2023/8/18,[新聞] 中國地方債危機 合庫金董瑞斌：可解決但,41
2023/8/18,Re: [新聞] 股市聞人鎖定力致 砸逾22億買進18％持股,5
2023/8/18,[公告] 08/18 處置公告 其之二,10
2023/8/18,Re: [請益] 持股健檢（媽媽買的）,32
2023/8/18,[情報] 今(8/18)當沖損益排行,47
2023/8/18,[新聞] SCFI掰了連4紅 長榮船票還能握？40年老,0
2023/8/18,[情報] 112年08月18日信用交易統計,24
2023/8/18,Re: [請益] 持股健檢（媽媽買的）,61
2023/8/18,[情報] 0818 上市櫃外資投信同買排行,7
2023/8/18,[情報] 0818 上市櫃外資投信買超金額排行,9
2023/8/18,[新聞] 股市聞人鎖定力致 砸逾22億買進18％持股,31
2023/8/18,[心得] Ai畢業文，我錯了。,100
2023/8/18,Re: [情報] 2344 華邦電 現增公告,7
2023/8/18,[新聞] 獨家／大立光侵權案｢證人之1｣爆料 恐面,100
2023/8/18,[請益] 美股比盤中低的價格成交？？,9
2023/8/18,[請益] 美股AI半導體選股推薦,32
2023/8/18,[情報] 112/08/18 八大公股銀行買賣超排行,26
2023/8/18,[情報] 2344 華邦電 現增公告,28
2023/8/18,Re: [請益] 公司營收好但股價卻狂跌如何判斷進場與否,3
2023/8/18,[新聞] 主計總處下修今年經濟成長為1.61% 創8年,55
2023/8/18,[公告] 0818 水桶,10
2023/8/18,[新聞] 全年 CPI 下修至2.14% 通膨率仍超越警戒,0
2023/8/18,[新聞] 海撈？傳輝達H100 AI 晶片利潤率高達1000,53
2023/8/18,[情報] 2881 富邦金 除權交易日 09/04,29
2023/8/18,[新聞] 好狂！世芯上修今年營收目標上看9.5億,19
2023/8/18,[心得] 法人們認為的AI高毛利，只要一下就沒了,44
2023/8/18,[新聞] 台海緊張沒在怕、外資賣台股近尾聲？證,29
2023/8/18,[情報] 0818 上市外資買賣超排行,62
2023/8/18,Re: [新聞] 越南股市 多頭行情開跑,27
2023/8/18,[新聞] 中華電信啟動iPhone助盲活動 助視障朋友,6
2023/8/18,[情報] 112年08月18日 櫃買法人買賣金額統計表,22
2023/8/18,[情報] SCFI 20230818 1031 -12.54,9
2023/8/18,[情報] 112年08月18日 三大法人買賣金額統計表,100
2023/8/18,Re: [請益] 債券ETF跌到信心全無,8
2023/8/18,[情報] 0818 上市投信買賣超排行,13
2023/8/18,[請益] 公司營收好但股價卻狂跌如何判斷進場與否,99
2023/8/18,Re: [請益] 當沖漲1-2塊就賣是對的嗎？,6
2023/8/18,[新聞] 路透：維穩重於一切 中國不急於救經濟,39
2023/8/18,Re: [新聞] 大陸將斷ECFA稅收優惠？國台辦：台灣違,72
2023/8/18,[閒聊] 2023/08/18 盤後閒聊,47
2023/8/18,Re: [標的] 00670L 富邦NASDAQ正2,23
2023/8/18,[新聞] 雙護盤資金啟動 挺AI、價值型股,60
2023/8/18,Re: [標的] 00670L 富邦NASDAQ正2,3
2023/8/18,Re: [新聞] 大陸將斷ECFA稅收優惠？國台辦：台灣違,9
2023/8/18,[新聞] 大陸將斷ECFA稅收優惠？國台辦：台灣違,100
2023/8/18,[請益] 00919群益台灣精選高息 9/1配息預估,0
2023/8/18,[新聞] 營收飆升 SpaceX今年首季轉虧為盈,24
2023/8/18,Re: [標的] 00670L 富邦NASDAQ正2,34
2023/8/18,[新聞] 超導體能源聖杯破滅 LK-99非超導體,52
2023/8/18,[新聞] 台積電美國廠派台灣工人較便宜？　總經理,39
2023/8/18,[請益] 興櫃轉上櫃價差算誰的,18
2023/8/18,[新聞] 美股又跌台股進行5日線保衛戰 專家:不宜,50
2023/8/18,Re: [新聞] 快訊／中國恆大集團　紐約申請破產,100
2023/8/18,[新聞] 國泰世華銀再爆系統異常 公司回應了,63
2023/8/18,Re: [請益] 債券ETF跌到信心全無,10
2023/8/18,[閒聊] 2023/08/18 盤中閒聊,99
2023/8/18,Re: [新聞] 電影「大賣空」原型貝瑞出手 砸逾500億,6
2023/8/18,Re: [新聞] 電影「大賣空」原型貝瑞出手 砸逾500億,77
2023/8/18,Re: [請益] 債券ETF跌到信心全無,5
2023/8/18,[新聞] 快訊／中國恆大集團　紐約申請破產,100
2023/8/18,[創作] 光輝歲月（國語版）,6
2023/8/18,Re: [請益] 債券ETF跌到信心全無,5
2023/8/18,[新聞] 美對台進口鍍錫鋼板不徵反傾銷稅 中國遭,15
2023/8/18,[新聞] 配置長債ETF 兩頭賺,18
2023/8/18,Re: [請益] 債券ETF跌到信心全無,7
2023/8/18,[新聞] 緯創、廣達AI占比曝…最新報告揭：明年2,26
2023/8/17,[新聞] 路透：為什麼中國不急於救經濟？,100
2023/8/17,[標的] 1802台玻 純鹼供需緊張多,29
2023/8/17,[新聞] 美國Q3經濟成長預測 上修到5.8%,51
2023/8/17,[請益] 債券ETF跌到信心全無,100
2023/8/17,[新聞] 「總太」更名換發新股於2023.08.28上市,11
2023/8/17,[新聞] 美股暴跌訊號來了！華爾街大空頭：去年慘,71
2023/8/17,[新聞] 摩根投信：企業獲利具韌性 美股基本面有,11
2023/8/17,[新聞] 年輕人不再提中國夢 金磚四國之父錯看中,41
2023/8/17,[新聞] 群創現金減資每股0.5元 股票停止交易至25,22
2023/8/17,Re: [請益] 美債etf質借的人多久信心潰堤?,10
2023/8/17,[情報] 112年08月17日信用交易統計,32
2023/8/17,[情報] 0817 上市櫃外資投信同買排行,1
2023/8/17,[新聞] 英業達車用電子測試實驗室通過ISO/IEC 17,8
2023/8/17,[新聞] 彭博：中國再限制披露至少7項數據,30
2023/8/17,[情報] 0817 上市櫃外資投信買超金額排行,0
2023/8/17,Re: [請益] 美債etf質借的人多久信心潰堤?,6
2023/8/17,[新聞] 新青安承作翻倍！合庫金看下半年房市量縮,15
2023/8/17,[新聞] 台股收紅一枝獨秀！金管會：基本面穩健,36
2023/8/17,[新聞] 就是不給跌！官股、投信左右護盤 8月已,86
2023/8/17,[新聞] 金融股神話破滅？網曝「沒在怕」關鍵：,14
2023/8/17,[情報] 本週WCI指數 08/17  續漲2%,0
2023/8/17,[公告] 0817 水桶,1
2023/8/17,[新聞] 保瑞上調全年營收、毛利率預估，新併美藥,23
2023/8/17,Re: [請益] 美債etf質借的人多久信心潰堤?,39
2023/8/17,[新聞] Type-C不只是Type-C！傳iPhone 15系列有T,8
2023/8/17,Re: [請益] 美債etf質借的人多久信心潰堤?,10
2023/8/17,[新聞] 晶心科接獲北美客戶AI專案 今年營收拚年,10
2023/8/17,[標的] 1301等四寶到底怎麼了？,87
2023/8/17,[新聞] 科技業鬼月禁忌多 鴻海4國金紙求好運！,8
2023/8/17,[情報] 112/08/17 八大公股銀行買賣超排行,13
2023/8/17,[新聞] 強勢股》仁寶 : 轉型成效漸顯 法人喊買,45
2023/8/17,[新聞] 寧德時代發表「神行」新快充電池,19
2023/8/17,[新聞] 金融股成重災區 永豐金總座朱士廷喊:下半,36
2023/8/17,[新聞] 韓政府9月首次發行日元“武士債券”,24
2023/8/17,[情報] 0817 上市外資買賣超排行,99
2023/8/17,Re: [請益] 美債etf質借的人多久信心潰堤?,38
2023/8/17,[情報] 112年08月17日 櫃買法人買賣金額統計表,27
2023/8/17,[情報] 112年08月17日 三大法人買賣金額統計表,100
2023/8/17,Re: [心得] 廣達的AI每一間系統廠都可以100%完全勝任,25
2023/8/17,Re: [請益] 債券投資請益,27
2023/8/17,[標的]  6799 來頡,34
2023/8/17,[情報] 0817 上市投信買賣超排行,11
2023/8/17,[標的] PCB哪些算是AI真貨？,46
2023/8/17,[心得] 廣達的AI每一間系統廠都可以100%完全勝任,85
2023/8/17,[新聞] 英業達車電測試實驗室通過認證　展現布,16
2023/8/17,[請益] 美債etf質借的人多久信心潰堤?,65
2023/8/17,Re: [新聞] 宜鼎AI落地佈局有成；宜蘭二廠Q3完工,9
2023/8/17,[請益] 債券投資請益,16
2023/8/17,[創作] 當沖韭菜的一生,100
2023/8/17,[閒聊] 2023/08/17 盤後閒聊,31
2023/8/17,[請益] 台積電 尾盤5000張 是罕見 還是常態?,18
2023/8/17,[新聞] 美國2/3民眾支持對中國課徵更多關稅,33
2023/8/17,[情報] 6804 明係 現金增資公開申購資訊,9
2023/8/17,[新聞] 男要領出老父687萬退休金投資網路股票,56
2023/8/17,[請益] 掛假單都沒有罰則嗎?,45
2023/8/17,Re: [新聞] 基泰忠孝標售 陽明可能出手,4
2023/8/17,[新聞] 數位部5G專網逾40件申請 英業達等7案初審,29
2023/8/17,[新聞] 晶技喜迎H2 客戶拉貨增溫,17
2023/8/17,[情報] 群創8/17~8/25因減資而暫停交易,100
2023/8/17,[新聞] 獨／光陽結盟石油巨頭PTT「今年正式落,41
2023/8/17,[閒聊] 2023/08/17 盤中閒聊,99
2023/8/17,[新聞] AI產品明年百花齊放 英業達毛利率看升,37
2023/8/17,[新聞] 存300萬月領2萬股息　不敗教主陳重銘：,-10
2023/8/16,[新聞] 輝達財報前夕 華爾街投行紛紛按讚、目標,93
2023/8/16,Re: [標的] 2382廣達、2317鴻海、2454聯發科、2303聯電,18
2023/8/16,[新聞] 電影「大賣空」原型貝瑞出手 砸逾500億,58
2023/8/16,[新聞] 惠譽：可能調降銀行評等 摩通、美銀中箭,22
2023/8/16,Re: [標的] YANG.US 三倍放空中國ETF,7
2023/8/16,[新聞] 寬鬆政策力度可期 陸股期待金九銀十行情,12
2023/8/16,[新聞] AI莫慌！台積CoWoS加速產出,27
2023/8/16,[情報] 112年08月16日信用交易統計,37
2023/8/16,[情報] Vinfast成為全球市值第三高電動車商,19
2023/8/16,[新聞] 辛耘多元布局自製設備，今年業績拚增雙,8
2023/8/16,[新聞] 廣達車載AI電腦 加速起飛,37
2023/8/16,[新聞] TrendForce：2023年伺服器出貨再下修,38
2023/8/16,[情報] 2616山隆 112年H1 EPS  0.41元,9
2023/8/16,Re: [標的] 大盤 鬼門開抓交替多,3
2023/8/16,Re: [心得] 聊聊大盤,5
2023/8/16,[情報] 2834 臺企銀 8/31除權息,51
2023/8/16,[標的] 2382廣達、2317鴻海、2454聯發科、2303聯電,100
2023/8/16,[情報] 112/08/16 八大公股銀行買賣超排行,16
2023/8/16,[心得] 隔日沖進階版+長線養小雞,29
2023/8/16,[新聞] 大賣空本尊又出手！貝瑞押16億美元放空,55
2023/8/16,[新聞] 知名科技分析師：輝達最新財報有望帶動,4
2023/8/16,[新聞] 快訊／群創回應了！已婚處長亂搞3女還公,78
2023/8/16,[新聞] 虎航1天蜜月殺跌停！ 董座背景「與小英,39
2023/8/16,[新聞] 群創已婚處長自爆！劈腿3女亂搞「用身體,100
2023/8/16,[新聞] 榮剛新營柳營兩廠同步增產　明年下半年爆,23
2023/8/16,[新聞] 產品轉換期 元太下調今年營收展望,28
2023/8/16,[新聞] Intel併高塔半導體破局　加付113億分手費,26
2023/8/16,[新聞] 聯手自營商！外資大賣163.8億已連5賣　三,8
2023/8/16,Re: [標的] 2301 光寶科 無敵多,14
2023/8/16,Re: [請益] 金融股存股神話算破滅了嗎？,26
2023/8/16,[新聞] 經濟成長保2有難度？龔明鑫：主計總處18,24
2023/8/16,[公告] chevy123orz KAFKAnSelwyn 自刪標的文,0
2023/8/16,[情報] 0816 上市外資買賣超排行,60
2023/8/16,[情報] 112年08月16日 櫃買法人買賣金額統計表,29
2023/8/16,[情報] 0816 上市投信買賣超排行,40
2023/8/16,[情報] 112年08月16日 三大法人買賣金額統計表,100
2023/8/16,Re: [請益] 請問台指期結算時間？？,2
2023/8/16,[請益] 請問台指期結算時間？？,11
2023/8/16,[標的] 00728 第一金工業30,12
2023/8/16,Re: [標的] 輕原油  油水很多,26
2023/8/16,[新聞] AI帶動NVIDIA H100銷售　外媒曝：今年有,47
2023/8/16,[閒聊] 2023/08/16 盤後閒聊,41
2023/8/16,Re: [情報] 華航112年第二季財報 H1:0.77,12
2023/8/16,[情報] 3234光環 6592B和潤企業乙特 現增申購,5
2023/8/16,[新聞] 投銀下調中國gdp預測 料目標無法達成,13
2023/8/16,[標的] 6579研揚 邊緣AI商機大於雲端AI多,23
2023/8/16,[標的] 除息後市值型ETF操作,31
2023/8/16,[新聞] 離岸人民幣兌美元匯率跌破7.3 中間價再下,54
2023/8/16,Re: [情報] 1584 精剛、8044 網家 現金增資申購資訊,25
2023/8/16,[新聞] 年底公布指引…金融業運用AI 全面納管,14
2023/8/16,Re: [標的] 遠東新 1402 多,100
2023/8/16,[新聞] 可成否決外資股東提案 金管會開罰,41
2023/8/16,[新聞] 英國薪資增幅創紀錄 加重央行通膨憂慮 英,62
2023/8/16,Re: [新聞] 美7月零售銷售數據難讓Fed降低利率,18
2023/8/16,[新聞] 電商需求放緩 蝦皮母公司冬海集團Q2,48
2023/8/16,[閒聊] 2023/08/16 盤中閒聊,99
2023/8/16,[請益] 股票質借 後勢不看好 該不該還,23
2023/8/16,[請益] 再更新）股票最多可以抽幾張呢,77
2023/8/16,[新聞] 阿根廷政經混亂 披索貶值18%,58
2023/8/16,[請益]關於元大複委託 在途款 即時購買力,7
2023/8/16,[請益] 關於員工庫藏股與註銷,9
2023/8/16,Re: [心得] 聊聊大盤,59
2023/8/15,[公告] 08/15 處置公告,26
2023/8/15,Re: [心得] 聊聊大盤,39
2023/8/15,[新聞] 美7月零售銷售數據難讓Fed降低利率,45
2023/8/15,[新聞] 碧桂園引爆中國房企債務危機！謝金河點名台股「這類型公司」,45
2023/8/15,[創作] 槓桿猴的一生,20
2023/8/15,[新聞] 新團隊財報交不出 中福8/17停止買賣,23
2023/8/15,[新聞] 虎航一起飛就超越星宇　前十大股東出現,47
2023/8/15,[情報] 112年08月15日信用交易統計,24
2023/8/15,[新聞] 輝達晶片夯到爆 外媒爆中東國家也瘋搶：,43
2023/8/15,[新聞] 捐助臺大邀諾貝爾奬得主來台　光寶科宋,7
2023/8/15,[新聞] 陸版金融風暴將至？估官方最快本周出手,33
2023/8/15,[標的] 2316 楠梓電 多,75
2023/8/15,[新聞] 「中植系」爆雷 金管會調查：台金融業、,37
2023/8/15,[標的] 2543皇昌 三年漲兩倍多,4
2023/8/15,[新聞] 中鋼9月盤價全面調漲 估全球鋼市將重返,42
2023/8/15,[情報] 0815 上市櫃外資投信同買排行,1
2023/8/15,[新聞] 「股神」巴菲特的波克夏大砍動視暴雪 押,39
2023/8/15,[情報] 0815 上市櫃外資投信買超金額排行,2
2023/8/15,[情報] 112/08/15 八大公股銀行買賣超排行,15
2023/8/15,Re: [新聞] 紐時：中國債務比美國還高 達GDP近3倍,73
2023/8/15,Re: [新聞] 台積電中科2奈米 確定延後至明年交地建廠,21
2023/8/15,[情報] ETF 2023年1~7月內扣費用率,34
2023/8/15,[情報] 0815 上市外資買賣超排行,63
2023/8/15,[新聞] 國際金融：俄羅斯央行召開緊急利率會議，,51
2023/8/15,[新聞] 彭博：中國當局討論下調股票交易印花稅,40
2023/8/15,[情報] 112年08月15日 櫃買法人買賣金額統計表,14
2023/8/15,[新聞] 紐時：中國債務比美國還高 達GDP近3倍,83
2023/8/15,[情報] 2363 矽統 7月自結 -0.04,32
2023/8/15,[新聞] 光寶科AI伺服器已出貨CSP大廠，看好明年,40
2023/8/15,[新聞] 台積電中科2奈米 確定延後至明年交地建廠,57
2023/8/15,[新聞] 國內首家廉航虎航今一上市就亮燈漲停,23
2023/8/15,[情報] 0815 上市投信買賣超排行,46
2023/8/15,[新聞] 碧桂園風暴延燒 中租控股回應了,49
2023/8/15,[情報] 112年08月15日 三大法人買賣金額統計表,79
2023/8/15,[情報] 6796 晉弘現金增資認股,6
2023/8/15,[新聞] ChatGPT燒錢太兇 OpenAI公司驚爆破產邊緣,62
2023/8/15,Re: [新聞] 基泰忠孝標售 陽明可能出手,6
2023/8/15,[閒聊] 2023/08/15 盤後閒聊,46
2023/8/15,[新聞] 電子、AI 族群領漲 四大代工獲買盤加持,8
2023/8/15,[新聞] 台股漲也沒用！新台幣早盤貶到31.99元,68
2023/8/15,[新聞] 中國國有房企遠洋集團爆雷,58
2023/8/15,Re: [請益] 股市如果崩盤 房市一起崩嗎？,18
2023/8/15,[情報] 00878收益分配組成公告,71
2023/8/15,Re: [標的] 8215 明基材 大盤避險多,9
2023/8/15,[新聞] 智原、華星光 營運動能向上,2
2023/8/15,[新聞] 支撐疲軟經濟 中國央行無預警降息,93
2023/8/15,Re: [標的]  6664 群翊,85
2023/8/15,[新聞] 數字連三個月破新高　大陸：將暫停公布「,100
2023/8/15,Re: [請益] 股市如果崩盤 房市一起崩嗎？,100
2023/8/15,[請益] 00679B 怎麼又溢價了?美債不是很多家都有,60
2023/8/15,[新聞] 跌深反彈!外資喊買元太、智原 目標價出,16
2023/8/15,[新聞] 日本二季度GDP初值為年率增長6.0%,77
2023/8/15,[新聞] 越南股市 多頭行情開跑,44
2023/8/15,[標的]脫離全額交割個股預測,2
2023/8/15,[閒聊] 2023/08/15 盤中閒聊,100
2023/8/15,[新聞] 輝達狂飆逾7% 科技股華麗轉身,100
2023/8/15,[新聞] 中工雲宇宙AI園區 總銷看500億,26
2023/8/15,[新聞] 晟德轉投資香港東曜上半年營收年增八成,5
2023/8/15,[標的] 全家 5903.TW 山道猴多,79
2023/8/15,[標的] 大盤 鬼門開抓交替多,17
2023/8/14,[請益] 美債問題,27
2023/8/14,[新聞] 境內債9/2到期 碧桂園傳提議展期3年攤還,36
2023/8/14,[新聞] 華爾街大鱷持倉大曝光！橋水、景林不約而同,9
2023/8/14,[新聞]Fed暴力升息後遺症 美國巨型企業破產潮來,66
2023/8/14,[新聞] Fed 8月縮表1兆美元 投資機構：若再進一,36
2023/8/14,[新聞] 中國房市泡沫化　他憂「台灣更窮、更累」,-10
2023/8/14,[新聞] 美中貿易戰開打至今 中國經濟專家：只有,100
2023/8/14,[情報] 112年08月14日信用交易統計,45
2023/8/14,[新聞] 00878最終配息出爐! 每股配0.35元創新高,43
2023/8/14,[新聞] 外資趁利空抄底陸股正2 大砍4檔ETF,21
2023/8/14,[新聞] 碧桂園風暴燒亞股 金管會:台股基本面穩健,91
2023/8/14,[情報] 0814 上市櫃外資投信同買排行,3
2023/8/14,[情報] 6449 鈺邦 處分承啟股票,1
2023/8/14,[情報] 0814 上市櫃外資投信買超金額排行,2
2023/8/14,[情報] 112/08/14 八大公股銀行買賣超排行,11
2023/8/14,[情報] 8044網家 H1 EPS -1.65(Q2:-0.69),68
2023/8/14,[情報] 9904 寶成H1,20
2023/8/14,[情報] 0814鉅額交易成交資訊－長榮航空,33
2023/8/14,[請益] 股市如果崩盤 房市一起崩嗎？,76
2023/8/14,Re: [請益] 放貶台幣是要救出口嗎？,26
2023/8/14,Re: [新聞] 三商壽去年虧136億　老董祭4招拚今年,11
2023/8/14,[新聞] AI團滅變BI「再殺恐賣房救股」專家憂：,42
2023/8/14,[新聞] 《其他電》鴻海下修今年營收為小幅衰退 Q,29
2023/8/14,[情報] 0814 上市外資買賣超排行,52
2023/8/14,[新聞] 保瑞財報／上半年獲利年增3倍、EPS 22.54,34
2023/8/14,[新聞] 永豐金前7月大賺124億 創史上同期新高,15
2023/8/14,[情報] 3661 世芯-KY 6月自結3.34 Q2自結10.16,15
2023/8/14,[情報] 2905 三商 112年 H1 EPS -1.38,23
2023/8/14,[情報] 2358 廷鑫 112年H1 EPS -1.51,8
2023/8/14,[情報] 2332 友訊 112年H1:0.88,2
2023/8/14,[情報]  6122 擎邦 112年H1 1.85,0
2023/8/14,[請益] 該在這波獲利了結先下車嗎,100
2023/8/14,[情報] 112年08月14日 櫃買法人買賣金額統計表,23
2023/8/14,[情報] 0814 上市投信買賣超排行,29
2023/8/14,[情報] 112年08月14日 三大法人買賣金額統計表,100
2023/8/14,[新聞] 國喬上半年每股虧0.92元 將辦理現增20,50
2023/8/14,Re: [標的] 3231 緯創空,29
2023/8/14,Re: [標的] 大盤空 空軍節的空,2
2023/8/14,[新聞] 融資壓力測試 台股先蹲後跳,73
2023/8/14,[情報] 2317 鴻海 112年H1:3.31,52
2023/8/14,[新聞] 政院宣布砸150億推晶創計畫 高雄成新IC設,100
2023/8/14,[閒聊] 2023/08/14 盤後閒聊,56
2023/8/14,[新聞] AI指標股廣達外資挺！ AI+電動車雙題材,51
2023/8/14,[新聞] 中午吃麥當勞？財經專家看台股驚見「大,14
2023/8/14,[新聞] 兩大藥廠腸病毒71型疫苗開學前開打 醫：,51
2023/8/14,[新聞] 中國金融炸鍋！中植系旗下中融信託暴雷,87
2023/8/14,Re: [請益] 台灣會走向中國的後路?,3
2023/8/14,Re: [請益] 美國不斷升息但造成通縮的卻是中國大陸？,6
2023/8/14,[新聞] 碧桂園倒下衝擊數千萬就業，學者籲相救,90
2023/8/14,[新聞] 陸認定台灣聚碳酸酯「傾銷」　奇美等公,56
2023/8/14,Re: [新聞] 危機加劇 碧桂園：公司債券14日起停牌,26
2023/8/14,[請益] 放貶台幣是要救出口嗎？,87
2023/8/14,[標的] 6698旭暉應材 母以子為貴 多,2
2023/8/14,Re: [標的] 高端疫苗6547 為什麼營收0 今天股價,56
2023/8/14,Re: [請益] 台灣會走向中國的後路?,65
2023/8/14,[閒聊] 2023/08/14 盤中閒聊,99
2023/8/14,[標的] 2316楠梓電 處分滬電持股 抄底多,28
2023/8/14,[新聞] 危機加劇 碧桂園：公司債券14日起停牌,100
2023/8/14,Re: [請益] 美國不斷升息但造成通縮的卻是中國大陸？,18
2023/8/14,[新聞] 美國AI派對狂歡重演網路泡沫？輝達內部人士三個月拋售50萬,73
2023/8/14,Re: [請益] 台灣會走向中國的後路?,24
2023/8/13,Re: [請益] 美國不斷升息但造成通縮的卻是中國大陸 w,26
2023/8/13,Re: [請益] 台灣會走向中國的後路?,99
2023/8/13,[新聞] 中國要求律師注意措辭 在IPO文件淡化風險,29
2023/8/13,Re: [請益] 美國不斷升息但造成通縮的卻是中國大陸？,27
2023/8/13,[新聞] 外商Q2直接投資中國下降87%，25年新低,25
2023/8/13,[心得] 有錢的人存股，沒錢的人存什麼？,66
2023/8/13,Re: [請益] 停電斷電概念股,11
2023/8/13,Re: [請益] 美國不斷升息但造成通縮的卻是中國大陸？,11
2023/8/13,[新聞] 寶島肝不好用?「護國神山」德國設廠　一,15
2023/8/13,Re: [新聞] 中國雷曼風暴？中國央企逾期兌付1.5,15
2023/8/13,Re: [請益] 美國不斷升息但造成通縮的卻是中國大,9
2023/8/13,Re: [創作] 新AI樂園 & 孤單北半球,4
2023/8/13,Re: [請益] 美國不斷升息但造成通縮的卻是中國大陸？,54
2023/8/13,[心得] 萬通證券詐騙，有人遇到了嗎,44
2023/8/13,Re: [請益] 美國不斷升息但造成通縮的卻是中國大陸？,17
2023/8/13,[請益] 美國不斷升息但造成通縮的卻是中國大陸？,76
2023/8/13,[請益] 該如何配置我媽的資產與負債,29
2023/8/13,[請益] 台積電去德國設廠，毛利會高嗎,56
2023/8/13,[新聞] 大立光爆著作權爭議 檢調搜索股價應聲下,16
2023/8/13,Re: [新聞] 8月台股估先蹲後跳 專家讚1類股買盤追價,28
2023/8/13,[新聞] 法人:台股拚收復季線 要等AI概念股先表態,11
2023/8/13,[新聞] 彰化女買緯創「超商面交投資款」店員機警,100
2023/8/13,Re: [新聞] 中國雷曼風暴？中國央企逾期兌付1.5,41
2023/8/13,Re: [新聞] 中國雷曼風暴？中國央企逾期兌付1.5兆 銀,15
2023/8/13,[新聞] 散戶注意！4家AI一軍反轉訊號太明顯 8月,46
2023/8/13,[新聞] 「低單、低總買氣熱絡」代銷雙雄財報喜,20
2023/8/13,[標的] 1315達新 短空 長超級多,12
2023/8/13,Re: [情報] 雲豹能源112年第二季財報 H1:3.55,8
2023/8/13,[公告] 08/13 處置公告,33
2023/8/13,"[新聞] 台股配息 外資領走7,200億",0
2023/8/13,[新聞] 大陸最大地產商碧桂園再暴雷,48
2023/8/13,Re: [新聞] 中國雷曼風暴？中國央企逾期兌付1.5兆 銀,100
2023/8/13,Re: [情報] 雲豹能源112年第二季財報 H1:3.55,43
2023/8/13,Re: [新聞] 中國雷曼風暴？中國央企逾期兌付1.5兆 銀,66
2023/8/13,[新聞] 永豐金周四看金融後市,17
2023/8/13,[情報] 5258 虹堡 H1 4.18,29
2023/8/12,[新聞] 中國雷曼風暴？中國央企逾期兌付1.5兆 銀,99
2023/8/12,Re: [情報] 雲豹能源112年第二季財報 H1:3.55,88
2023/8/12,[情報] 6869 雲豹能源-創 新聞稿 杜絕抹黑言論！,32
2023/8/12,[情報] 8433 弘帆 H1 4.34 EPS,2
2023/8/12,[標的] 大盤空 空軍節的空,16
2023/8/12,Re: [情報] 雲豹能源112年第二季財報 H1:3.55,31
2023/8/12,[請益] 檯面上目前最可能被併購的金融股？,50
2023/8/12,Re: [情報] 雲豹能源112年第二季財報 H1:3.55,0
2023/8/12,Re: [情報] 雲豹能源112年第二季財報 H1:3.55,16
2023/8/12,Re: [情報] 雲豹能源112年第二季財報 H1:3.55,15
2023/8/12,[創作] 點水,2
2023/8/12,[新聞] AI三把火 勤誠明後年迎高成長,25
2023/8/12,[新聞] 【ETF博覽會】ETF 2.0時代來臨  劉宗聖,14
2023/8/12,Re: [標的] 大盤.TW 大盤反彈多,61
2023/8/12,[公告] 08/12 處置公告 其之二,28
2023/8/12,[心得] 市值ETF對於不同所得級距的比較,15
2023/8/12,[標的] 5269祥碩 打算跌到哪裡去 還有肉 沒有終站的車快點上,28
2023/8/12,Re: [情報] 元大期 111年 EPS 3.95 股利 2.5,15
2023/8/12,[新聞] 金融巨鱷索羅斯公開反AI 卻反手大買AMD、,73
2023/8/12,[新聞] 晶圓代工廠有降價？敦泰董座這樣說,16
2023/8/12,[新聞] 巴隆：貨櫃運價還有得跌 未來三到四年都,78
2023/8/12,[新聞] 張國華霸氣加碼 長榮擁利多,47
2023/8/12,[新聞] 一週熱門零股 群益台灣ESG低碳 進十強,8
2023/8/12,[新聞] 廣達擬增資42億元 疑似為擴充美伺服器產-,100
2023/8/12,[情報] 112年 證券、期貨公司 7月自結 eps,9
2023/8/12,[情報] 長榮2603本週股權變化 =>>8/11更新,-10
2023/8/12,[新聞] AI伺服器 旺到明年,88
2023/8/12,[新聞] 涉嫌違反著作權法！大立光總處長等3人 10,85
2023/8/12,[標的] 潤泰新 9945.TW 減資,46
2023/8/12,[情報] 9914 美利達 112年Q2:2.25 H1:4.14,10
2023/8/12,Re: [新聞] 海空分治跨大步 長榮海運出脫長榮航空37.,5
2023/8/12,[心得]2023Q2產業營收整理-part2(持平篇),77
2023/8/12,[公告] 8/12 水桶公告,1
2023/8/12,[請益] 大盤融資維持率不同網站不同數值,13
2023/8/12,[標的] 3231 緯創空,100
2023/8/11,[創作] 孤單北半球,22
2023/8/11,[新聞] 涉違反著作權法！中檢搜索大立光 帶回研,100
2023/8/11,[公告] 08/11 處置名單：etrangere,5
2023/8/11,[情報] 8929 富堡 112年H1 EPS -0.56,37
2023/8/11,[情報] 4416 三圓 盈餘分配之除息基準日,2
2023/8/11,[情報] 9935 慶豐富112年Q2: 0.12 H1: -0.06,6
2023/8/11,[情報] 6248 沛波 112年第二季財報 H1:1.61,3
2023/8/11,Re: [標的] 1233 天仁 爛到不行多,10
2023/8/11,[新聞] 克魯曼：中國經濟轉弱更有必要強硬對付,59
2023/8/11,[新聞] 美國PPI月率創半年最高,7
2023/8/11,"[新聞] 搶救台電 經部擬增資1,000億",99
2023/8/11,[標的] 高端疫苗6547 為什麼營收0 今天股價漲？,93
2023/8/11,[新聞] 美股盤前重點／7月PPI升幅超預期 受服務,2
2023/8/11,[情報] 4707磐亞H1:0.43 現金0.15+股票0.75,7
2023/8/11,[情報] 8358 金居 2023H1 EPS 1.04,9
2023/8/11,[新聞] 晶華H1每股賺5.54元 下半年住房率上看9成,6
2023/8/11,[情報] 112年08月11日信用交易統計,30
2023/8/11,[情報] 雲豹能源112年第二季財報 H1:3.55,100
2023/8/11,[新聞] 廣達第2季每股賺2.63元創高,17
2023/8/11,[情報] 2323 中環 H1 EPS 1.90,24
2023/8/11,[情報]4735 豪展第二季股利,1
2023/8/11,[情報] 4720 德淵 112年H1 0.12,2
2023/8/11,[情報] 1402 遠東新 112年H1 EPS 0.75元,23
2023/8/11,[情報] 2915 潤泰全 H1 EPS 4.46,16
2023/8/11,[情報] 2542興富發 除權日、除息日 9/26,8
2023/8/11,[情報] 0811 上市櫃外資投信同買排行,8
2023/8/11,[新聞] 促資本市場發展 蔡總統任內台股漲逾9千點,25
2023/8/11,[新聞] 陳建仁：優先恢復「旅外陸客」來台觀光,44
2023/8/11,[請益] 楠梓電代子公司決議出售滬士電15000仟股,36
2023/8/11,[新聞] 大立光發重訊 檢調赴公司搜索,94
2023/8/11,[情報] 0811 上市櫃外資投信買超金額排行,1
2023/8/11,Re: [新聞] 基泰忠孝標售 陽明可能出手,12
2023/8/11,[新聞] 海空分治跨大步 長榮海運出脫長榮航空37.,57
2023/8/11,[新聞] 陸6月手機市場出貨量年減21%、5G手機減25,54
2023/8/11,[情報] 2743 山富 公告本公司董事會決議辦理現,35
2023/8/11,[情報] 2520 冠德 112年H1 EPS:1.25元,8
2023/8/11,[情報] 1102 亞泥　112年H1 eps: 2.07元,24
2023/8/11,[情報] 2633 台灣高鐵 112年H1 0.67,12
2023/8/11,[情報] 112/08/11 八大公股銀行買賣超排行,13
2023/8/11,[情報] 2324仁寶 112年H1 EPS 0.8元,13
2023/8/11,[情報] 4306 炎洲 112年H1 0.56,19
2023/8/11,[新聞] 快訊／00900確定配0.61元！年化殖利率,18
2023/8/11,[新聞] SCFI連3紅！水手船票握牢 長榮1大事快開,1
2023/8/11,Re: [情報] 2603 長榮 2023 H1 eps: 4.79元,55
2023/8/11,[情報] 2357華碩 H1 EPS 1.22 (Q2:3.48),34
2023/8/11,[情報] 6195 詩肯 112年H1 EPS 1.29元,8
2023/8/11,[情報] 4763 材料-KY 112H1:22.65 及除權息日程,8
2023/8/11,[新聞] 技嘉上半年每股盈餘3.01元,20
2023/8/11,[新聞] 廣達法說會／第2季「雙率雙升」上半年 EPS 大增55%,25
2023/8/11,[情報]  2546 根基 Q2 3.11 H1 4.56,2
2023/8/11,[情報] 3078僑威 H1eps 3.34,12
2023/8/11,[請益] 折折的三五法則跟斐波那契回調差在哪,29
2023/8/11,[情報] 1905 華紙 112年 H1 EPS -0.50,12
2023/8/11,[情報] 2603 長榮 2023 H1 eps: 4.79元,99
2023/8/11,[標的] IONQ.US 2023Q2財報,1
2023/8/11,[情報] 5876 上海商銀 112年H1:2.01,19
2023/8/11,[新聞] 買高想下莊? 網吐槽「我還當沖00878」,0
2023/8/11,[情報] 1605華新  1H23 eps 0.83,10
2023/8/11,[情報] 3048益登H1,6
2023/8/11,[請益] 20年前媽媽用紅包買的股票,3
2023/8/11,[情報] 3706 神達 112年H1 EPS 0.72,29
2023/8/11,[情報] 1603華電 112年第二季財報 H1：1.12,7
2023/8/11,[新聞] 證交所董座林修銘：ETF晉升投資新顯學,0
2023/8/11,[新聞] 仁寶法說 明年AI伺服器出貨量顯著提升,39
2023/8/11,[情報] 0811 上市外資買賣超排行,29
2023/8/11,[情報] 1580  新麥 H1 EPS 5.35元,35
2023/8/11,[情報] 2206 三陽工業 112年 H1 EPS 4.57,56
2023/8/11,[情報] 2027 大成鋼EPS 2023Q2:0.52 2023H1:1.55,11
2023/8/11,[情報] 112年08月11日 櫃買法人買賣金額統計表,13
2023/8/11,[情報] 9945 潤泰新 112年H1:1.62,54
2023/8/11,[新聞]  敦泰法說會／董座：手機市場沒有令人興奮的復甦 Q3與Q2相仿,19
2023/8/11,[新聞] 特斯拉創辦人馬斯克被告發吸大麻　台北,100
2023/8/11,[情報] 6657 華安 112年 H1 EPS -2.25,20
2023/8/11,[情報] 陽明112年第二季財報 H1:0.94,71
2023/8/11,[情報] 6664 群翊 112H1 EPS 6.47,23
2023/8/11,[情報] 112年08月11日 三大法人買賣金額統計表,78
2023/8/11,[情報] 0811 上市投信買賣超排行,34
2023/8/11,[情報] SCFI 20230811 1043.54 +4.22,13
2023/8/11,[情報] 8069 元太 112年Q2:2.12 H1:3.66,13
2023/8/11,[情報] 2542 興富發 H1 EPS 0.94,35
2023/8/11,[情報] 2382廣達 112上半年eps:4.31,84
2023/8/11,[情報] 3545 敦泰 112年H1 0.76,25
2023/8/11,[新聞] 張錫：AI本益比拉高 今年高檔區間在這,9
2023/8/11,[情報] 4105 東洋 7月份 EPS:0.39 H1EPS :2.20,16
2023/8/11,[情報] 2867 三商壽 董事會決議辦理現金增資發股,45
2023/8/11,[情報] 2356英業達 Q2EPS 0.38,53
2023/8/11,[情報] 3711 日月光投控 112年H1 EPS 3.16,18
2023/8/11,[情報] 2913 農林 112年Q2財報 H1:-0.15,22
2023/8/11,[閒聊] 2023/08/11 盤後閒聊,17
2023/8/11,[新聞] 台積電稼動率隨蘋果備貨回升 但3奈米稀,6
2023/8/11,[情報] 3046 建碁 現金增資公開申購資訊,17
2023/8/11,[新聞] 美超微向輝達喊話 加快擴充產能,26
2023/8/11,[標的] 3533.TW 嘉澤 多,15
2023/8/11,[新聞] 陸開放赴78國旅遊又無台灣 業者怒批：等,97
2023/8/11,[新聞]MSCI季調受惠股出列 先進光漲停、2檔奔高,4
2023/8/11,"[請益] 0050,006208配息中的財產交易所得占多少",13
2023/8/11,[新聞] 掌握三大領域 主導供應鏈 學者：美中科,4
2023/8/11,[標的] 2748 雲品旅遊多,12
2023/8/11,[標的] 3231 緯創 蒿吐露絲多,100
2023/8/11,[新聞] MSCI指數調整 台股權重兩降一維持,13
2023/8/11,[新聞] ETF博覽會 11日起登場,35
2023/8/11,[新聞] 「大排長榮」惡夢重演！　巴拿馬運河爆大,40
2023/8/11,[情報] 2851中再保7月營收,9
2023/8/11,[標的] 65471 高端疫苗一,34
2023/8/11,Re: [標的] 4763材料-KY 我買了獻祭空,17
2023/8/11,[心得] 反彈逃命波,34
2023/8/11,[標的] 6741 91APP  看好下半年營收多,12
2023/8/11,Re: [請益] 最近這波大家賺錢還賠錢阿,0
2023/8/11,[新聞] MSCI 季度調整 全球標準指數成分股新增,18
2023/8/11,[閒聊] 2023/08/11 盤中閒聊,99
2023/8/11,[創作] 只能勇敢,3
2023/8/11,Re: [請益] 最近這波大家賺錢還賠錢阿,39
2023/8/11,[情報] 5202力新 一年內累計取得同一有價證券達,0
2023/8/11,[標的] 1718 中纖 台中銀概念股請益,20
2023/8/11,[心得] 愛榭克：美股下半年攻勢再起！,44
2023/8/11,Re: [新聞] 遊戲改版挹注 橘子7月自結營收激增75%,9
2023/8/11,Re: [新聞] 富人竟喝髒水！雲豹能源3招部署「淨水商,9
2023/8/10,[新聞] 國泰ETF投資講座 揭露小資族煉金術,10
2023/8/10,[新聞] 藥華藥第2季每股虧損0.62元 下半年營運,18
2023/8/10,Re: [請益] 外資和投信機構可以信用交易嗎？,24
2023/8/10,[新聞] 台泥財報／電力、能源、海外水泥貢獻 上,28
2023/8/10,Re: [請益] 最近這波大家賺錢還賠錢阿,11
2023/8/10,[情報] 華票7月營收為2.17億元，年增193.40%,8
2023/8/10,[公告] 08/10 處置公告,0
2023/8/10,[新聞] 漢翔承製龐巴迪客機產品交機千架 蔡英文,40
2023/8/10,[新聞] 亞力上半年營收及獲利均改寫同期新高,10
2023/8/10,[標的] 2618 長榮航 奪命連環空,54
2023/8/10,[情報] 3661 世芯-KY 七月營收,16
2023/8/10,[新聞] 三顧將日本合作技術技轉中國？　國發基,10
2023/8/10,[情報] 5536 聖暉* 112年H1 EPS 8.17,6
2023/8/10,[新聞] AI驅動阿里雲業務重回增長,13
2023/8/10,[請益] 外資和投信機構可以信用交易嗎？,9
2023/8/10,Re: [新聞] 台電虧損4000億 後年電價恐漲45％,79
2023/8/10,[情報] 112年08月10日信用交易統計,50
2023/8/10,[新聞] 美債ETF股價都31元 但為何00679B是貴2％,19
2023/8/10,[情報] 0810 上市櫃外資投信同買排行,1
2023/8/10,[情報] 本週WCI指數 08/10 +2%,11
2023/8/10,[情報] 0810 上市櫃外資投信買超金額排行,5
2023/8/10,Re: [新聞] 台電虧損4000億 後年電價恐漲45％,31
2023/8/10,[情報] 6411 晶焱 上半年財報,5
2023/8/10,[情報] 1234 黑松 7月營收,16
2023/8/10,Re: [標的]  碩天  3617,22
2023/8/10,[標的] 大盤.TW 大盤反彈多,19
2023/8/10,Re: [標的] 5516.TW 雙喜 孤獨搖滾多!,22
2023/8/10,[新聞] 三峽婦人疑投資失利 留字句「命一條」,57
2023/8/10,[情報] 美國7月CPI 年增3.2% 核心4.7%,100
2023/8/10,[情報] 3045台灣大 112年7月 自結 0.36元,8
2023/8/10,[情報] 2412中華電信7月自結0.41,8
2023/8/10,[情報] 楠梓電7月營收為3.09億元，年減19.75%,21
2023/8/10,[情報] 視陽董事會決議通過擬取得明達醫普通股,3
2023/8/10,[請益] 今天應該是在阿呆谷沒錯吧？,93
2023/8/10,[創作] 股市總司令-運通空軍版,60
2023/8/10,[情報] 2393億光H1,17
2023/8/10,Re: [請益] 最近這波大家賺錢還賠錢阿,28
2023/8/10,[標的] 9935.TW 慶豐富,12
2023/8/10,[情報] 6223 旺矽 112年H1 eps 6.62,14
2023/8/10,[心得] 0422.hk(/9110) 越南控的半年報解讀,2
2023/8/10,[情報] 112/08/10 八大公股銀行買賣超排行,23
2023/8/10,[情報] 6958 日盛台駿 112年 H1:1.05,15
2023/8/10,[情報] 1101台泥 H1 EPS 0.64(Q2:0.44),28
2023/8/10,[情報] 信義(9940)7月營收,3
2023/8/10,[情報] 2897 王道銀行 7月自結0.08元 累計0.58,8
2023/8/10,[新聞] 遊戲改版挹注 橘子7月自結營收激增75%,11
2023/8/10,[請益] 盤後巨額交易？,9
2023/8/10,[情報] 112年【7月份金控股】EPS排名(全已公布),42
2023/8/10,[情報] 2608 嘉里大榮 Q2: 1.8 H1: 2.36,14
2023/8/10,[情報] 長榮鋼七月營收11.17億，年增13.64%,14
2023/8/10,"[情報] 3533嘉澤 Q2:11.57 , H1:22.53",11
2023/8/10,[情報] 112年【7月金控含銀行】累績EPS排行,15
2023/8/10,[請益] 最近這波大家賺錢還賠錢阿,100
2023/8/10,[情報] 6757 台灣虎航 7月營收,19
2023/8/10,[情報] 宏泰112年第二季財報 H1:1.05,4
2023/8/10,[新聞] 鴻海投3500萬展開電芯產學合作 攜台大等6,14
2023/8/10,[情報] 4546 長亨 7月營收,5
2023/8/10,[標的] 1529樂事綠能7月營收YOY241.1%,5
2023/8/10,[情報] 2404 漢唐7月營收,7
2023/8/10,[情報] 1795 美時 7月營收,21
2023/8/10,Re: [情報] 高端疫苗7月合併營收0元,21
2023/8/10,[標的] 6547 高端  多  多  多  多  多  多  多,23
2023/8/10,[情報] 2618 長榮航 7月營收,22
2023/8/10,[情報] 長榮航112年第二季財報 H1:1.95,58
2023/8/10,[情報] 2646 星宇航空 7月營收,24
2023/8/10,Re: [請益] 今天台股在跌什麼,6
2023/8/10,[情報] 2454 聯發科 7月,40
2023/8/10,[新聞] 富邦媒7月營收創同期高 前7月已逼近600億,22
2023/8/10,[情報] 5258 虹堡 7月 MoM -15.16% YoY +6.76%,6
2023/8/10,[情報] 6958 日盛台駿 112年7月營收,9
2023/8/10,"[情報] 3005.神基 H1:2.95, Q2:1.68",8
2023/8/10,[新聞] 台泥兩廣水泥廠儲能系統雙雙啟用 英德廠,7
2023/8/10,[情報] 3693 營邦 112年H1 EPS 9.19,10
2023/8/10,[情報] 3171 新洲 112年Q2財報 Q2:0.42 H1:0.85,3
2023/8/10,[新聞] 蔡明彰觀點：美版緯創財報失靈對台股Al,5
2023/8/10,[情報] 8936 國統 112年第二季,31
2023/8/10,[情報] 6405 悅城 處分廣達795張,8
2023/8/10,[情報] 4305世坤 112年H1 1.40元,1
2023/8/10,[情報] 2206 三陽工業 7月營收 月增 年增,10
2023/8/10,[情報]  2916滿心 112年H1 EPS 2.34元,2
2023/8/10,[情報] 聯華食1231、正隆1904、邦特4107 Q2 eps,2
2023/8/10,[情報] 金管會 中信金及中信銀處分案,23
2023/8/10,[情報] 2615萬海 Q2 EPS -0.84,34
2023/8/10,[情報] 2882 國泰金 7月自結 1.08 累計 3.06,69
2023/8/10,[情報] 高端疫苗7月合併營收0元,100
2023/8/10,[情報] 6153.TW 嘉聯益:公告本公司董事會通過112,5
2023/8/10,[情報] 0810 上市外資買賣超排行,70
2023/8/10,[情報] 2542 興富發 7月營收,17
2023/8/10,[情報] 2881 富邦金 7月自結 1.01 累計 4.19,72
2023/8/10,[情報] 3052 夆典 7月份營收,14
2023/8/10,[情報] 萬海112年7月營收 月增0.84%年減65.55%,11
2023/8/10,[情報] 4114 健喬  Q2 0.5 H1 0.89,3
2023/8/10,[情報] 2731 雄獅 112年H1 EPS 3.54,8
2023/8/10,[情報] 三陽工業 2206  7月份營收,26
2023/8/10,[情報] 和泰車112年第二季財報 H1:21.74,11
2023/8/10,[情報] 2540 愛山林 Q2 1.07 H1 1.59,4
2023/8/10,[情報] 2903 遠百 112年第2季合併財務報告,17
2023/8/10,[情報] 2514 龍邦 11207營收,1
2023/8/10,[情報] 3702 大聯大 H1 EPS 1.55,12
2023/8/10,[情報] 6625 必應七月營收,6
2023/8/10,[情報] 6139 亞翔 七月營收,4
2023/8/10,[新聞] 力抗通膨！華航9／1調整薪資結構　全面加,31
2023/8/10,[情報] 112年08月10日 櫃買法人買賣金額統計表,14
2023/8/10,[情報] 力積電112年7月營收 月增0.1%年減49.06%,18
2023/8/10,[情報] 2308 台達電七月營收,25
2023/8/10,[情報] 4938 和碩 H1 EPS 2.3,15
2023/8/10,[新聞] 三峽6旬婦陳屍住處廁所　疑投資失利負債,71
2023/8/10,[情報] 6533 晶心科 七月營收,10
2023/8/10,[情報] 無敵112年第二季財報 H1:-0.62,3
2023/8/10,Re: [標的] 3231.TW 緯創 長期空,29
2023/8/10,[情報] 0810 上市投信買賣超排行,19
2023/8/10,[創作] 當時的月亮,5
2023/8/10,[情報] 4938 和碩 7月 MoM +13.2% YoY -13.32%,6
2023/8/10,[情報] 2834 臺企銀 112年7月自結 0.1 累計 0.87,60
2023/8/10,[情報] 8410 森田 Q2 2.09  H1 2.98,6
2023/8/10,[情報] 112年08月10日 三大法人買賣金額統計表,87
2023/8/10,[情報] 2543 皇昌  Q2 0.38 H1 0.46,1
2023/8/10,[新聞] AI急單及3奈米放量 台積電7月營收升至六,13
2023/8/10,[情報] 2002 中鋼 七月營收,29
2023/8/10,[新聞] Sony帶來壞消息 暗示iPhone 15需求不會,64
2023/8/10,[情報] 1104 環泥 112年7月營收,21
2023/8/10,[情報] 6192 巨路 112年H1 EPS 4.27,5
2023/8/10,[情報] 2388 威盛 7月,15
2023/8/10,[標的] 2888.TW 新光金 吃瓜多,0
2023/8/10,[情報] 8050 廣積 7月營收,11
2023/8/10,[新聞] 台積電7月營收1776.16億元 創今年次高水,17
2023/8/10,Re: [情報] 台積電 7月營收,14
2023/8/10,[情報] 6790 永豐實 Q2 0.84  H1 1.28,14
2023/8/10,[情報] 6216 居易 7月營收,10
2023/8/10,[創作] AI如潮水,8
2023/8/10,[閒聊] 2023/08/10 盤後閒聊,44
2023/8/10,Re: [請益] 新聞是不是真的要反著做,6
2023/8/10,[情報] 5516 雙喜 112年H1 EPS 0.8,24
2023/8/10,[請益] 新聞是不是真的要反著做,32
2023/8/10,[新聞] 「遠亞併」著手網路整合 合併基準日估第4季,5
2023/8/10,[新聞] 邁出重要一步 美媒：大企業減少對華投資,25
2023/8/10,Re: [請益] 今天台股在跌什麼,7
2023/8/10,Re: [請益] 今天台股在跌什麼,22
2023/8/10,[新聞] 陸宣布恢復日本、南韓旅行團！,68
2023/8/10,[新聞] 星宇27.7萬張增資股壓境 股價崩近17％,35
2023/8/10,Re: [請益] 今天台股在跌什麼,0
2023/8/10,[新聞] 巴拿馬運河嚴重塞船！已累積154艘船排隊,57
2023/8/10,[新聞] 面板廠7月營收回檔；8、9月拚增溫,9
2023/8/10,[新聞] 奇鋐沈慶行一句話 超導體概念股立馬反彈,15
2023/8/10,[標的] 大盤 破季線 長線無腦多,40
2023/8/10,[標的] 1402遠東新,30
2023/8/10,[新聞] 廣達7月營收雙減 法人看旺後市曝利多不斷,34
2023/8/10,[標的] 3338.TW 泰碩 散熱多,12
2023/8/10,Re: [標的] 創意 3443 自由人笑死空,-10
2023/8/10,Re: [新聞] ChatGPT的「幻覺」根本無法解,44
2023/8/10,Re: [新聞] 台電虧損4000億 後年電價恐漲45％,32
2023/8/10,Re: [請益] 當沖漲1-2塊就賣是對的嗎？,23
2023/8/10,[標的] HPS夢想多,66
2023/8/10,[閒聊] 2023/08/10 盤中閒聊,100
2023/8/10,Re: [新聞] ChatGPT的「幻覺」根本無法解,-10
2023/8/10,[新聞] 明基材下半年動能強,8
2023/8/10,Re: [請益] 追高買入 下跌多少%時建議砍掉,18
2023/8/10,Re: [新聞] 台電虧損4000億 後年電價恐漲45％,11
2023/8/10,[新聞] 台電虧損4000億 後年電價恐漲45％,99
2023/8/10,[新聞] 白宮限制投資中國敏感科技 確保軍事創新,5
2023/8/10,[新聞] 國產Q2純益年增7%每股賺0.64元 上半年EP,1
2023/8/10,Re: [請益] 追高買入 下跌多少%時建議砍掉,24
2023/8/10,[新聞] 看好雲端及AI需求 中華電將新建濱江IDC,2
2023/8/10,[新聞] 我7月出口387.3億美元月增19.8% 較去年同,10
2023/8/10,[情報] 龍巖112年第2季合併財務報告,19
2023/8/10,[情報] 南僑112年第2季合併財務報告,1
2023/8/10,[請益] 追高買入 下跌多少%時建議砍掉,99
2023/8/09,[公告] crystalvue zc632Q1 自刪標的文,6
2023/8/09,"[新聞] 出貨量下滑 面板雙虎友達,群創7月營收雙",23
2023/8/09,[情報] 8021 尖點 H1 -0.75,2
2023/8/09,[新聞] 「科技狂」奇鋐董座沈慶行：超導體一定會,39
2023/8/09,[新聞] ChatGPT的「幻覺」根本無法解,100
2023/8/09,[情報] 8050 廣積 H1 eps 3.55,14
2023/8/09,[創作] 只能想念你,5
2023/8/09,[情報] 彩晶七月營收 MoM -10% YoY -18.9%,8
2023/8/09,Re: [新聞] AI伺服器大廠Supermicro本季財測遜預期，,34
2023/8/09,[情報] 2942 京站 H1 EPS 1.67元,27
2023/8/09,[情報] 112年08月09日信用交易統計,37
2023/8/09,[情報] 4533 協易機 7月MOM-14.12% YOY-42.25%,8
2023/8/09,Re: [請益] 當沖漲1-2塊就賣是對的嗎？,6
2023/8/09,[新聞] 最剽悍AI股傳奇》曾大喊「沒賺錢不領薪,21
2023/8/09,[情報] 0809 上市櫃外資投信同買排行,6
2023/8/09,[情報] 8210 勤誠 Q2 EPS 2.07 YOY -10.39%,13
2023/8/09,[新聞] 《資服股》邁達特澄清 沒有代理倍力碳管,15
2023/8/09,[情報] 3013 晟銘電 七月營收 YoY -3.77%,2
2023/8/09,[情報] 0809 上市櫃外資投信買超金額排行,4
2023/8/09,Re: [請益] 台股怎麼越來越熱絡越年輕？,17
2023/8/09,[情報] 4533 協易機 H1:1.14,14
2023/8/09,Re: [情報] 2888 新光金 7月自結 0.35 累計 -0.05,9
2023/8/09,[標的] 和碩(4938)整體的未來性是不是比較不高,5
2023/8/09,[新聞] 日月光重訊收購K27廠 法人：配合台積高雄,4
2023/8/09,[新聞] 00900 8/16除息 單次現金殖利率4.42% 經,16
2023/8/09,Re: [新聞] 來真的！台積電敲定高雄廠改2奈米、北中,45
2023/8/09,[情報] 4977眾達7月營收,28
2023/8/09,[情報] 臺慶科H1每股盈餘3.4元,45
2023/8/09,[情報] 6187 萬潤 H1 EPS 0.55,14
2023/8/09,[新聞] 國際與美國油價回升 今夏漲了20%,18
2023/8/09,Re: [請益] 台股怎麼越來越熱絡越年輕？,6
2023/8/09,[情報] 1707 葡萄王112年第二季合併財務報告,10
2023/8/09,Re: [請益] 台股怎麼越來越熱絡越年輕？,8
2023/8/09,[情報] 1584精剛 催繳股款,3
2023/8/09,[情報] 5439 高技 7月營收,15
2023/8/09,[請益] 台股怎麼越來越熱絡越年輕？,91
2023/8/09,[新聞] 「三大法人」又双叒臚F！回頭買超11.26,18
2023/8/09,[標的] 3443創意 法人籌碼請益,22
2023/8/09,[情報] 112/08/09 八大公股銀行買賣超排行,5
2023/8/09,[標的] 4130健亞 請益,4
2023/8/09,[情報] 2888 新光金 7月自結 0.35 累計 -0.05,76
2023/8/09,[新聞] CPI年增率低於警戒線 但這些大漲傷荷包,8
2023/8/09,[情報] 6761 穩得 H1 1.80,35
2023/8/09,Re: [新聞] 苦日子要來了？ 中國7月CPI轉負通縮風,37
2023/8/09,[情報]  1519 華城 112年第二季財報,2
2023/8/09,[情報] 2880 華南金 7月自結 0.17 累計 0.94,18
2023/8/09,[情報] 9941 裕融 7月自結 1.01 累計 7.28,8
2023/8/09,[情報] 2645長榮航太7月營收,3
2023/8/09,[情報] 1104 環泥 第2季合併財務報告,27
2023/8/09,[情報] 8390 金益鼎 112 H1 4.27,35
2023/8/09,Re: [新聞] 來真的！台積電敲定高雄廠改2奈米、北中,80
2023/8/09,[情報] 2883 開發金 7月自結 0.22 累計 0.82,72
2023/8/09,Re: [標的] 輕原油  油水很多,9
2023/8/09,[情報] 4546 長亨 112H1 EPS 0.98,5
2023/8/09,[新聞] AI類股7月營收多衰退和財部統計出口成長,25
2023/8/09,[新聞] 蔡英文：2030淨零 帶動民間４兆元投資,-10
2023/8/09,[情報] 2606 裕民 7月營收,9
2023/8/09,[情報] 2501 國建 H1,16
2023/8/09,[情報] 8210 勤誠 7月營收,29
2023/8/09,[情報] 2353宏碁7月營收 mom-32.6% yoy+1.51%,14
2023/8/09,[新聞] 中興電第2季認損20億元 上半年每股賺0.12,12
2023/8/09,[情報] 5312 寶島科 H1：3.34,7
2023/8/09,[新聞] 奇鋐法說董座首次現身 估下半年會比上半,7
2023/8/09,[情報] 敦泰112年7月營收 月增21.81%年增64.96%,64
2023/8/09,[情報] 8926 台汽電 112年 H1 EPS 1.49,9
2023/8/09,[情報] 2609 陽明 7月營收,23
2023/8/09,[情報] 6026 福邦證 七月營收 年增5435%,3
2023/8/09,Re: [請益] 當沖漲1-2塊就賣是對的嗎？,5
2023/8/09,[創作] 分手快樂,17
2023/8/09,[情報] 2207 和泰車 7月營收,14
2023/8/09,[新聞] 譜瑞-KY第2季獲利增21% 第3季營收看增14%,0
2023/8/09,[情報] 技嘉112年7月營收 月減9.88%年增16.90%,32
2023/8/09,Re: [情報] 華航112年第二季財報 H1:0.77,26
2023/8/09,Re: [請益] 當沖漲1-2塊就賣是對的嗎？,13
2023/8/09,[情報] 6664 群翊 7月營收,9
2023/8/09,[情報]  4532 瑞智  112年第二季  H1:0.74,4
2023/8/09,[情報] 6294智基 112年H1 EPS 5.16元,9
2023/8/09,[情報] 3017 奇鋐112年第二季合併財報,20
2023/8/09,[情報] 0809 上市外資買賣超排行,57
2023/8/09,[情報] 1432 大魯閣 7月營收,7
2023/8/09,Re: [請益] 當沖漲1-2塊就賣是對的嗎？,8
2023/8/09,[情報] 華航112年第二季財報 H1:0.77,78
2023/8/09,[情報] 2741 老四川 112年第二季,17
2023/8/09,[情報] 112年08月09日 櫃買法人買賣金額統計表,17
2023/8/09,[新聞] AI給力 出口拚9月翻紅,25
2023/8/09,[情報] 合庫金112年7月自結,28
2023/8/09,Re: [請益] 當沖漲1-2塊就賣是對的嗎？,7
2023/8/09,[情報] 112年08月09日 三大法人買賣金額統計表,54
2023/8/09,[情報] 3622 洋華 112年第二季   H1:0.9,9
2023/8/09,Re: [請益] 當沖漲1-2塊就賣是對的嗎？,15
2023/8/09,[情報] 中興電112年第二季財報 H1:0.12,41
2023/8/09,[情報] 6443 元晶 7月營收,14
2023/8/09,Re: [請益] 當沖漲1-2塊就賣是對的嗎？,4
2023/8/09,[請益] 今日的達運五檔價量?!,6
2023/8/09,[情報] 2460 建通 112年第二季,1
2023/8/09,[情報] 0809 上市投信買賣超排行,23
2023/8/09,[情報] 2845 遠東銀 7月自結 0.13 累計 0.63,69
2023/8/09,[情報] 1234 黑松 112年Q2財報 H1:0.98,20
2023/8/09,[情報] 2324仁寶 7月營收,12
2023/8/09,Re: [請益] 當沖漲1-2塊就賣是對的嗎？,61
2023/8/09,[新聞] Nvidia 推速度更快超級晶片GH200 鞏固 AI,17
2023/8/09,[創作] 無辜,2
2023/8/09,[情報] 6214 精誠 7月營收,11
2023/8/09,[請益] 當沖漲1-2塊就賣是對的嗎？,69
2023/8/09,Re: [標的] TMF.US 對評級機構投下不信任票 長期多,1
2023/8/09,[情報] 廣達7月營收月減3.6% 年減32.88%,100
2023/8/09,[情報] 3481 群創 7月營收,5
2023/8/09,[情報] 9955 佳龍 112年 H1 EPS -0.33,14
2023/8/09,[閒聊] 2023/08/09 盤後閒聊,17
2023/8/09,[情報] 3706 神達 7月營收,23
2023/8/09,[情報] 麗清112年第2季財務報告提報董事會,3
2023/8/09,[情報] 康舒112年7月營收 月增47.46%年增29.84%,32
2023/8/09,[情報] 6016康和證7月自結,17
2023/8/09,Re: [標的] TMF.US 對評級機構投下不信任票 長期多,18
2023/8/09,[情報] 友達112年7月營收 月減7.37%年增21.96%,24
2023/8/09,[新聞] 超導體研究成果遭質疑 南韓概念股血流,61
2023/8/09,[標的] 1802台玻 看多,2
2023/8/09,[新聞] 賺年中紅包了！材料-KY「10日起公開申購,66
2023/8/09,[請益] 股市長期是無上限地漲嗎？,33
2023/8/09,[公告] 0809 水桶,19
2023/8/09,[新聞] 苦日子要來了？ 中國7月CPI轉負通縮風,70
2023/8/09,Re: [情報] ABNB-US 2023Q2財報,2
2023/8/09,[標的] TMF.US 哲哲多,4
2023/8/09,[請益] ETF的加碼時機點?除息完嗎?,44
2023/8/09,[標的] 大盤 空,-10
2023/8/09,[新聞] 《半導體》聯詠Q3財測保守 4家外資評論一,8
2023/8/09,[新聞] 和潤企業7月營收24億 年增22%再創同期新,18
2023/8/09,[標的] 00675L.TW 富邦台灣加權正2 不停損多,45
2023/8/09,[情報] ABNB-US 2023Q2財報,2
2023/8/09,Re: [標的] 00885富邦越南,16
2023/8/09,[標的] TMF.US 對評級機構投下不信任票 長期多,25
2023/8/09,[新聞] 大股東宏碁賣3.3萬張　緯創早盤一度重挫8,45
2023/8/09,[新聞] Intel碰壁！郭明錤：高通可能已停止開,22
2023/8/09,[新聞] 秀AI平民化祕密武器 黃崇仁親揭與台積電,65
2023/8/09,[新聞]《電機股》崇友上半年每股盈餘2.74元,23
2023/8/09,[閒聊] 2023/08/09 盤中閒聊,97
2023/8/09,[新聞] AI伺服器大廠Supermicro本季財測遜預期，,15
2023/8/09,[新聞] 限制美企投資中國 傳拜登政府僅鎖定半數,6
2023/8/09,Re: [標的] 2330 台積電 空,31
2023/8/09,[新聞] Tesla CFO and company veteran Zach Kir,8
2023/8/09,[標的] 2357華碩 黃董發表會OVX平台 新品多,20
2023/8/09,[新聞]AI再掀新熱潮！輝達OVX伺服器 廣達、技嘉,35
2023/8/09,[標的] UPST.US 2023Q2財報,57
2023/8/09,[情報] 3558神準 7月營收 MOM-9.1% YOY-4.4%,12
2023/8/09,[新聞] 永豐金AI技術研發 獲國際頂尖學術殿堂,19
2023/8/09,Re: [新聞] 美國銀行股承壓！穆迪下調10間美國地區性,14
2023/8/09,[標的] 2330 台積電 空,96
2023/8/09,[標的] 3014 聯陽 不要多,7
2023/8/09,[情報] 6101寬魚國際 7月MoM 499% YoY 9504倍,17
2023/8/09,[創作] 眉飛色舞,23
2023/8/08,[請益] 股務事務電子通知,15
2023/8/08,[情報] 6470 宇智 7月 MOM 1.04% YOY -11.46%,42
2023/8/08,[情報] 3163 波若威 7月MOM+0.57% YOY-16.18%,14
2023/8/08,[情報] 9942 茂順 112年H1 eps5.91 及7月營收,6
2023/8/08,[新聞] 美國銀行股承壓！穆迪下調10間美國地區性,68
2023/8/08,[情報] 6721 信實112年第2季合併財務報,3
2023/8/08,[新聞] 聯詠第3季營收估減4至7% 看好明年有成長,12
2023/8/08,[情報] 6585鼎基 2Q23 EPS 1.33,7
2023/8/08,[請益] 最近的青鋼天花板可以出貨？,7
2023/8/08,Re: [請益] 請問什麼是高級信貸主動型ETF,16
2023/8/08,[情報] 6569醫揚 2023 Q2 2.03  H1 3.72,3
2023/8/08,[標的] 第一保2852 營收歷史高 + 投資部門成長,6
2023/8/08,[情報] 2023 燁輝 董事會會議,7
2023/8/08,[情報] 德國經濟部:歡迎世界級大廠 TSMC投資設廠,66
2023/8/08,[請益] 請問什麼是高級信貸主動型ETF,8
2023/8/08,[情報] 112年08月08日信用交易統計,24
2023/8/08,[情報] 1210 大成 Q2 1.27 H1 2.17,18
2023/8/08,[情報] 0808 上市櫃外資投信同買排行,1
2023/8/08,[標的] 先鋒標普500ETF-USD(VOO)  VOO.US,28
2023/8/08,[新聞] 碧桂園財務危機 外媒：中國房地產最苦時,35
2023/8/08,[情報] 2230 泰茂 7月營收,1
2023/8/08,[新聞] 來真的！台積電敲定高雄廠改2奈米、北中,91
2023/8/08,[情報] 3078 僑威 7月營收,44
2023/8/08,[情報] 2330 台積電 本公司捐贈國立陽明交通大學,41
2023/8/08,[情報] 0808 上市櫃外資投信買超金額排行,3
2023/8/08,[情報] 6515穎崴 112年7月營收,20
2023/8/08,[情報] 6895 宏碩系統 現金增資公開申購資訊,7
2023/8/08,[情報] 3206 志豐  Q2 2.04  H1 3,13
2023/8/08,[新聞] 緯穎：AI伺服器需求旺明年樂觀看 不缺席,22
2023/8/08,[情報] 8996高力 112年7月營收4.17億年增61.25%,12
2023/8/08,[情報] 2330 台積電 與戰略夥伴 成立歐積電 ESMC,92
2023/8/08,[情報] 2330 台積電 台積公司董事會決議,39
2023/8/08,[新聞] 台積電拍板投資近35億歐元 德國設廠！,24
2023/8/08,[新聞] 快訊／台積電高雄廠製程定案！　公司證,100
2023/8/08,[情報] 2353宏碁 處分 3231緯創累計達3億元,84
2023/8/08,[情報] 2603長榮 7月營收234.24億 月增5.85%,100
2023/8/08,[新聞] 外資大舉匯出 新台幣帶量重貶1.4角 收31,41
2023/8/08,[情報] 112/08/08 八大公股銀行買賣超排行,10
2023/8/08,[新聞] 中國7月貿易表現疲軟 分析：「三駕馬車,14
2023/8/08,[新聞] 緯穎3大AI客戶佔有率提升 馬國新廠,18
2023/8/08,[情報] 2891 中信金 7月自結 0.39 累計 1.87,58
2023/8/08,[新聞] 下周除息！00878連23天登台股ETF「成交王,5
2023/8/08,[情報] 2812 台中銀 7月自結 0.12 累計 0.71,35
2023/8/08,[情報] 6024 群益期 7月 自結 0.54(稅前),18
2023/8/08,[情報] 3707 漢磊 H1  0.28,10
2023/8/08,[情報] 8070 .tw 長華* H1,4
2023/8/08,[情報] 2887 台新金 7月自結 0.17 累計 0.83,28
2023/8/08,[情報] 3017奇鋐 7月營收,13
2023/8/08,[情報] 1720 生達 112年 H1 EPS 2.51,9
2023/8/08,[情報] 6285啟碁 7月營收,18
2023/8/08,[情報] 3360 尚立 第二季 及 7月營收,15
2023/8/08,[情報] 2363 矽統 112年Q2財報 H1:1.03 Q2:1.15,8
2023/8/08,[情報] 高端疫苗112年第二季財報 H1:-1.6,100
2023/8/08,[情報] 3044健鼎 Q2 EPS:1.84,10
2023/8/08,[情報] 5403 中菲 112年第2季合併財務報告,3
2023/8/08,[情報] 2890 永豐金 7月自結 0.2 累計 1.05,55
2023/8/08,[情報] 6282 康舒 112年Q2:0.03 H1:0.09,54
2023/8/08,[情報] 台灣7月進出口數據,43
2023/8/08,[新聞] 台股翻臉三大法人賣超234億元　「它」最,5
2023/8/08,[情報] 2636台驊投控 7月營收,18
2023/8/08,[新聞] 安特羅腸病毒疫苗 搶市,21
2023/8/08,[新聞] 看好大同新事業 吳振隆危機入市,2
2023/8/08,[情報] 0808 上市外資買賣超排行,64
2023/8/08,[情報] 1609 大亞 112年 H1 EPS 3.30,20
2023/8/08,[情報] 3034聯詠 112年7月營收,10
2023/8/08,[情報] 2886 兆豐金 7月自結 0.23 累計 1.58,40
2023/8/08,[新聞] 跌停股》威盛 : 外資連5砍 委賣高掛4100,15
2023/8/08,[新聞] 傳台積電給蘋果優惠 吞A17晶片缺陷成本,65
2023/8/08,Re: [標的] 3078僑威 6203 海韻電 強多,13
2023/8/08,[情報] 2301光寶七月營收月減2.6%,23
2023/8/08,[情報] 1503 士電 112年H1 EPS 2.66,12
2023/8/08,[新聞] 創意跌到近半年線網噴「廢到笑」 專家：,20
2023/8/08,[情報] 0808 上市投信買賣超排行,38
2023/8/08,[情報] 3526凡甲 112年7月營收,3
2023/8/08,[情報] 3231緯創7月營收 月減16.5%年減15%,100
2023/8/08,[新聞] 美景氣夯小摩認錯 大升Q3經濟成長率至2.,4
2023/8/08,[情報] 112年08月08日 三大法人買賣金額統計表,100
2023/8/08,[情報] 1319 東陽 112年H1 EPS 2.11,4
2023/8/08,[情報] 8069 元太 112年7月營收,15
2023/8/08,[情報] 3037欣興電子7月營收,34
2023/8/08,[情報] 5607 遠雄港辦理現金增資發行新股,9
2023/8/08,[情報] 2892 第一金 7月自結 0.2 累計 1.2,25
2023/8/08,[情報] 8081 致新 112H1 EPS 7.87,7
2023/8/08,[閒聊] 2023/08/08 盤後閒聊,37
2023/8/08,[情報] 1514 亞力 112年H1 EPS 1.28,8
2023/8/08,Re: [新聞] 輝達今年漲逾200% 大摩示警：AI泡沫已近,6
2023/8/08,[情報] 6669緯穎7月營收 mom-21.8% yoy-19%,98
2023/8/08,[新聞] 國泰CUBE卡大砍權益　熱門通路全掰了,66
2023/8/08,[情報] 4763 材料-KY 現金增資公開申購資訊,35
2023/8/08,"[新聞] 緯穎法說前外資目標價喊到2,455元 股價逆",23
2023/8/08,[標的] 創意 3443 自由人笑死空,-10
2023/8/08,[請益] 高股息退休還是買房退休?,71
2023/8/08,[新聞] 佳世達：認同研華劉克振想法 我們也不是,80
2023/8/08,[標的] 1598 岱宇 谷底多,6
2023/8/08,[情報] 森崴能源7月營收,28
2023/8/08,[標的] PLTR.US PalantirQ2財報,48
2023/8/08,[閒聊] 2023/08/08 盤中閒聊,99
2023/8/08,Re: [標的] 8215 明基材 大盤避險多,9
2023/8/08,[標的] 越南控9110 疑點,6
2023/8/08,[情報] 1584精剛 112年度現金增資全體董事放棄認,18
2023/8/08,[情報] 3042 晶技 H1 EPS 2.28,19
2023/8/08,[新聞] 台股ETF上周失血415億元 投資人愈跌愈買,27
2023/8/08,[標的] 4114 健喬 多,13
2023/8/07,"Re: [請益] 中國經濟前景看壞,未來的大方向是什麼?",14
2023/8/07,[標的] 3078僑威 6203 海韻電 強多,33
2023/8/07,[標的] 3231緯創  三方籌碼多,58
2023/8/07,[公告] 8/7處置公告,6
2023/8/07,[新聞] 官媒建議民眾炒股賺錢增加消費 網民不買,61
2023/8/07,[情報] 9951皇田第二季財報,6
2023/8/07,[情報] TW.5516 雙喜7月營收,9
2023/8/07,[情報] 4763材料-KY 7月營收,21
2023/8/07,[情報] 6015 宏遠證 7月自結,3
2023/8/07,[新聞] 伺服器液冷散熱放量 雙鴻7月營收重回10,16
2023/8/07,[情報] 112年08月07日信用交易統計,70
2023/8/07,[情報] 6595 光禹國際 H1財報,10
2023/8/07,[新聞] 慧洋前7個月EPS1.87元　眼前短期低迷不影,9
2023/8/07,[情報] 6279 胡連 H1 EPS 2.96,15
2023/8/07,[新聞] 德媒：台積電將決定在德建廠 德政府出資5,99
2023/8/07,[情報] 4931 新盛力 7月營收,2
2023/8/07,[情報] 3213 茂訊 112年7月營收,10
2023/8/07,[情報] 0807 上市櫃外資投信同買排行,0
2023/8/07,[新聞] 彰銀拉高青安房貸承作目標,18
2023/8/07,[情報] 0807 上市櫃外資投信買超金額排行,1
2023/8/07,[情報] 3305 昇貿 H1 eps1.0,6
2023/8/07,Re: [新聞] 多檔AI股今大反攻　網看衰會不會又「涼了,52
2023/8/07,[請益] 為什麼美國要分三個交易所,25
2023/8/07,[新聞] 輝達今年漲逾200% 大摩示警：AI泡沫已近,71
2023/8/07,[情報] 2474 可成 7月營收,8
2023/8/07,[情報] 4915 致伸 7月營收,24
2023/8/07,[情報] 3131 弘塑112年 H1 EPS 9.41,8
2023/8/07,[情報] 9934成霖 112年Q2 EPS:0.41   H1:0.54,11
2023/8/07,[情報] 6203海韻電7月營收,5
2023/8/07,[情報] 6414 樺漢 7月營收,3
2023/8/07,[情報] 1563 巧新 112年7月營收,21
2023/8/07,[新聞] 印度限制電腦進口衝擊台廠？　童子賢、施,4
2023/8/07,Re: [標的] 2707 晶華 空,3
2023/8/07,[情報] 6005 群益 7月份自結,11
2023/8/07,[情報] 2855統一證 7月自結 0.55元,20
2023/8/07,[情報] 112/08/07 八大公股銀行買賣超排行,21
2023/8/07,[情報] 4979 華星光 7月營收,23
2023/8/07,[情報]  2211  長榮鋼   H1 : 5.64,90
2023/8/07,Re: [情報] 3693營邦7月營收 mom+12.6% yoy+92%,14
2023/8/07,[情報] 3188鑫龍騰 與子公司簽訂「鑫高鐵V」工程合約,5
2023/8/07,[情報] 3293 鈊象 112年Q2財報 H1:22.05,37
2023/8/07,[情報] 1314 中石化 H1 -0.48(-0.27 + -0.21),23
2023/8/07,[新聞] 《電零組》川湖新一代AI server市佔率衝5,16
2023/8/07,[情報] 2488漢平 H1 1.59(0.47+1.12)&除息日9/13,7
2023/8/07,[情報] 3231 緯創於集中交易市場達公布注意交易,66
2023/8/07,[情報] 6613 朋億*  Q2 5.18    H1 6.73,16
2023/8/07,[情報] 3693營邦7月營收 mom+12.6% yoy+92%,18
2023/8/07,[情報] 6194 育富 Q2 0.98   H1 1.51,6
2023/8/07,[情報] 緯穎112年第二季財報 H1:33.82,57
2023/8/07,[情報] 2889 國票金 7月自結 0.05 累計 0.38,15
2023/8/07,[情報] 2421 建準 7月營收,2
2023/8/07,[情報] 2801 彰銀 112年7月自結,42
2023/8/07,[情報] 5864 致和證 現金增資 暫定價21元,15
2023/8/07,[新聞] 多檔AI股今大反攻　網看衰會不會又「涼了,8
2023/8/07,[情報] 2645 長榮航太 H1 2.55,20
2023/8/07,[新聞] 碳交所開幕 蔡總統：將帶動4兆民間投資,0
2023/8/07,"Re: [請益] 中國經濟前景看壞,未來的大方向是什麼?",26
2023/8/07,[情報] 8033 雷虎 112年 H1 EPS -0.09,20
2023/8/07,[新聞] 台光電：7月營收亮眼 外資喊買600元,18
2023/8/07,[情報] 卜蜂112年第二季財報 H1:3.47,10
2023/8/07,[情報] 2885 元大金 7月自結 0.33 累計 1.53,44
2023/8/07,[情報] 2636 台驊投控 112年H1 EPS 5.6,26
2023/8/07,[情報] 2474 可成 112年第二季,49
2023/8/07,[情報] 2440太空梭於集中交易市場達公佈注意交,36
2023/8/07,[情報] 0807 上市外資買賣超排行,76
2023/8/07,[情報] 玉山金112年07月自結盈餘 累積EPS:0.84,39
2023/8/07,"Re: [請益] 中國經濟前景看壞,未來的大方向是什麼?",36
2023/8/07,[情報] 英業達7月合併營收 月減12.34%年減11.20%,100
2023/8/07,[情報] 1612 宏泰 7月營收,8
2023/8/07,[情報] 8478 東哥遊艇 112年H1 EPS 12.68,30
2023/8/07,[標的] 9927.TW泰銘 最終章 之 超導沒大雄 鈔倒沒大雄 超倒霉大雄,10
2023/8/07,[情報] 9906 欣巴巴 112年 H1 EPS 5.28,29
2023/8/07,[情報] 6125 廣運 七月營收,27
2023/8/07,[情報] 0807 上市投信買賣超排行,24
2023/8/07,[情報] 112年08月07日 三大法人買賣金額統計表,100
2023/8/07,[情報] 3035 智原 七月營收,33
2023/8/07,Re: [標的]  5284 JPP-KY 客家多 AI概念,20
2023/8/07,[情報] 3105 穩懋 七月營收,23
2023/8/07,[情報] 3015 全漢 七月營收,1
2023/8/07,[情報] 3443 創意 七月營收,30
2023/8/07,[情報] 1541錩泰 Q2EPS -0.36,21
2023/8/07,[閒聊] 2023/08/07 盤後閒聊,26
2023/8/07,[情報] 8942 森鉅 112年H1 EPS 5.16,34
2023/8/07,[情報] 2634 漢翔 上半年財報,5
2023/8/07,[情報] 2348 海悅 7月營收 YoY 51.05% MoM -10.06%,2
2023/8/07,[情報] 2385 群光 112年H1 EPS 4.55,25
2023/8/07,[情報] 5864 致和證 7月自結,18
2023/8/07,[新聞] 人妻玩當沖賠光小孩教育費 一夜兩次,100
2023/8/07,Re: [請益]  超導體以及人性,22
2023/8/07,[標的] 1101.TW 台泥 碳權交易多,16
2023/8/07,[請益] 泰銘這波超導股之亂是不是爽到存股族,21
2023/8/07,"Re: [請益] 中國經濟前景看壞,未來的大方向是什麼?",99
2023/8/07,Re: [新聞] 台積電美廠缺工怎解決？亞利桑納州10天,8
2023/8/07,[標的] 廣達 2382 航運三倍波段多,8
2023/8/07,[新聞] 台積電美廠缺工怎解決？亞利桑納州10天,59
2023/8/07,[標的] 2618 長榮航空,24
2023/8/07,[標的] 1503 士林電 下跌走勢,17
2023/8/07,[情報] 1319 東陽 112年 7月營收,9
2023/8/07,[新聞] 輝達好戲登場 ALETHEIA目標價喊破千美元,31
2023/8/07,Re: [新聞] 與巴菲特對作？艾克曼：大舉放空美國30年,10
2023/8/07,[標的] 1802.TW 台玻 空,16
2023/8/07,Re: [請益] 美債20是不是映證了人多地方不要去？,17
2023/8/07,Re: [標的] 2356.TW 英業達 主力吃貨AI續熱 反彈多,21
2023/8/07,Re: [請益] 美債20是不是映證了人多地方不要去？,11
2023/8/07,[情報] 2379 瑞昱 112年7月營收,13
2023/8/07,[閒聊] 2023/08/07 盤中閒聊,99
2023/8/07,[新聞] 黃仁勳將秀AI超級電腦 廣達等供應鏈受惠,31
2023/8/07,[新聞] 碳權交易所掛牌前夕 工商協進會籲確定法,7
2023/8/07,[新聞] 蘋果AI釋單！傳鴻海旗下FII越南廠獨家出,18
2023/8/07,[新聞] 線纜廠握台電大單 業績點火,29
2023/8/07,Re: [新聞] 蘋果積極徵才開發生成式AI 力拚整合到iPh,1
2023/8/07,Re: [新聞] 蘋果積極徵才開發生成式AI 力拚整合到iPh,5
2023/8/07,Re: [請益] 美債20是不是映證了人多地方不要去？,25
2023/8/06,[公告] 08/06 處置名單：twobosu,4
2023/8/06,[新聞] 產創10-2啟動 台積年省300億,0
2023/8/06,[新聞] 電信法說本周登場 中華電董總首度聯袂出,10
2023/8/06,[新聞] 蘋果積極徵才開發生成式AI 力拚整合到iPh,37
2023/8/06,[新聞] 台版晶片法子法明實施 業者符合這些條件,6
2023/8/06,Re: [請益] 下半年看好哪些族群？,16
2023/8/06,[情報] 台灣高鐵法人董事中國鋼鐵股份有限公司改派代表人,8
2023/8/06,[標的] 6472 保瑞 除權多 長投賺爛,53
2023/8/06,[新聞] 美國管制中國大陸晶片產量 擴至成熟製程,38
2023/8/06,[新聞] 中國經濟糟透 北京要求經濟學家只能「唱,40
2023/8/06,[新聞] 王品兩岸營運好轉Q2淨利3.6億 4日股價,12
2023/8/06,[請益] 處分不動產轉進股市  現在是好時機嗎？,48
2023/8/06,[新聞] 三星攜手現代汽車 投資加拿大新創AI晶片,3
2023/8/06,[請益] 公司處分持股的已實現獲利(或虧損)如何認列?,17
2023/8/06,[標的] 6282 康舒 停電多,93
2023/8/06,[情報] 6449 鈺邦 112年7月營收,3
2023/8/06,[新聞] 張忠謀《紐時》談中國半導體　稱台灣已,60
2023/8/06,[情報] 馬斯克: 祖馬之戰 將透過X平台直播,34
2023/8/06,[情報] KIOXIA NAND新產線啟用延後,19
2023/8/06,"[請益] 中國經濟前景看壞,未來的大方向是什麼?",79
2023/8/06,[請益] 宏碁是走Yamaha 路線嗎？,44
2023/8/06,Re: [標的] 4538大詠城,3
2023/8/06,[新聞] 除權息大戲進尾聲　本周搶搭6檔金融股末,13
2023/8/06,Re: [標的] 9927.TW泰銘,23
2023/8/06,Re: [請益] 美債20是不是映證了人多地方不要去？,49
2023/8/06,[標的] 6196.tw 帆宣 出水桶多,14
2023/8/06,[標的] 下半年看好哪些族群？,100
2023/8/06,[新聞] 赴中人數雪崩99％ 華爾街日報：外國人不,100
2023/8/06,[請益] 資產配置的選擇,10
2023/8/06,Re: [請益] 進入股票市場前 應該找哪些書看,8
2023/8/06,[請益] 美債20是不是映證了人多地方不要去？,100
2023/8/06,[新聞] 長榮張衍義：海運前景有挑戰 估運價第4季,7
2023/8/06,[請益] 有沒有缺蛋概念股能進場？,7
2023/8/06,[新聞] 外資喊買和碩！看好 2024 年 AI 伺服器-,26
2023/8/06,[請益] 進入股票市場前 應該找哪些書看,100
2023/8/06,[標的] 6214.TW 精誠 長線多,21
2023/8/06,Re: [請益] 00679B vs 00795B 請益,26
2023/8/06,[請益] 有筆記或類似功能的下單APP,24
2023/8/06,Re: [標的] 大盤 葡萄旺季空,7
2023/8/06,[請益] 信貸3.5%，能借來投個股嗎,99
2023/8/06,Re: [標的] 緯創 3231 主力吃飽 主升段多,55
2023/8/06,Re: [爆卦] LK99只有一維度的超導性質,21
2023/8/06,Re: [標的] 2356.TW 英業達 主力吃貨AI續熱 反彈多,28
2023/8/06,Re: [標的] 緯創 3231 主力吃飽 主升段多,69
2023/8/05,[新聞] 劉德音曝AZ廠困境 不認同台積「矽盾說」,66
2023/8/05,[標的] 2356.TW 英業達 主力吃貨AI續熱 反彈多,26
2023/8/05,Re: [請益] 00679B vs 00795B 請益,60
2023/8/05,[標的] 緯創 3231 主力吃飽 主升段多,100
2023/8/05,[新聞] 大立光7月營收創今年新高 8月會更好,21
2023/8/05,[請益] 註冊英國的美股？,11
2023/8/05,[新聞] 一週熱門零股 ETF人氣旺 六檔進十強,0
2023/8/05,[情報] 台大LK-99 沒做出超導體,100
2023/8/05,[情報] 2352 佳世達 23Q2 eps0.53,44
2023/8/05,[新聞] 貨櫃輪旺季到 SCFI貨櫃運價連二漲,26
2023/8/05,[公告] 板規修正,1
2023/8/05,[標的] NVDA.US 輝達 AV展 三上優雅多,13
2023/8/05,[標的] 2379瑞昱,10
2023/8/05,[新聞] AI需求非空談！台廠包辦利多 台股短空干,13
2023/8/05,[請益] 00679B vs 00795B 請益,25
2023/8/05,Re: [標的] 1513  中興電 短多,18
2023/8/05,[公告] ☆rayccccc和aloness信任投票開始★,29
2023/8/05,[情報] 00692收益分配通知,20
2023/8/05,[新聞] 緯創Q2純益季增逾17倍 將處分明泰全數持-,20
2023/8/05,[情報] 3008 大立光 7月營收,4
2023/8/05,[情報] 2317 鴻海 7月營收,48
2023/8/05,[公告] 08/05 處置公告,5
2023/8/05,[標的] 討論2344 華邦電,14
2023/8/05,Re: [標的] 3689 湧德  伺服器升級多,7
2023/8/05,[情報] 3257虹冠電 7月營收,9
2023/8/04,[情報] 5903 全家 112年H1,42
2023/8/04,[情報] 8299 群聯 112年H1,42
2023/8/04,[新聞] 蘋果財報不如預期！iPhone銷量降 僅穿戴,65
2023/8/04,[情報] 證交所:加權股價指數下跌點數應為50.05點,25
2023/8/04,[情報] TW.8942森鉅 7月營收,7
2023/8/04,[情報] 4126. 太醫  7月營收,14
2023/8/04,[創作] 我難過,18
2023/8/04,[情報] 3022威強電 112年H1 EPS4.1,10
2023/8/04,[情報] 0804 上市櫃外資投信同買排行,11
2023/8/04,[情報] 112年08月04日信用交易統計,59
2023/8/04,[情報] 0804 上市櫃外資投信買超金額排行,1
2023/8/04,[新聞] 〈華邦電法說〉華邦電台中廠減產幅度縮,14
2023/8/04,[新聞] 海悅國際營收／買氣回歸 7月5.15億元、飆,5
2023/8/04,[情報] 美國七月美小時工資月增率,5
2023/8/04,[情報] 3045 台灣大 112年H1 EPS 2.04,23
2023/8/04,[情報] 7月非農就業&失業率,44
2023/8/04,[新聞] 中鋼上半年EPS 0.02元 Q4樂觀「沒有看壞,41
2023/8/04,[情報] 3293.TW 鈊象 7月營收,14
2023/8/04,[新聞] AI熱外資早獲利下車 金管會：7月淨匯出46,54
2023/8/04,Re: [請益] 美債未來怎麼辦？無腦多？,23
2023/8/04,[情報] 2440 太空梭 證交所公告 注意有價證券,14
2023/8/04,[新聞] 緯創上半年EPS 1.23元 將處分明泰全數持,53
2023/8/04,[心得] 本性難移,34
2023/8/04,[情報] 6531 愛普* 112年7月營收,16
2023/8/04,[新聞] 獨／史上頭一遭！台股跌點鬧雙胞 今天跌3,42
2023/8/04,[情報] 2034允強 112年H1 EPS  0.67元,7
2023/8/04,[情報] 8016 矽創 112年 H1 EPS 7.41元,7
2023/8/04,[情報] 5878台名 112年H1 EPS 0.95元,3
2023/8/04,[情報] 2303 聯電 7月MOM+0.04% YOY-23.21%,26
2023/8/04,[情報] 世坤7月營收0.80億元年增22.49% 1—7,3
2023/8/04,[情報] 9924福興 112年 H1 EPS 1.71元,8
2023/8/04,[新聞] 創意自結7月獲利年增4成 EPS 2.51元,5
2023/8/04,[新聞] 緯創大逃殺！當沖男「付不出100萬」哭慘,8
2023/8/04,Re: [請益] 美債未來怎麼辦？無腦多？,7
2023/8/04,[情報] 1718 中纖 處分農林普通股股票已逾三億元,14
2023/8/04,[新聞] 與巴菲特對作？艾克曼：大舉放空美國30年,33
2023/8/04,[新聞] 馬士基：全球貿易量將長期且深度萎縮 未,35
2023/8/04,[情報] 112/08/04 八大公股銀行買賣超排行,16
2023/8/04,[情報] 0050、0056收益分配,23
2023/8/04,Re: [情報] 3231緯創H1 EPS 1.23(Q2:1.17),-10
2023/8/04,[情報] 3231 緯創 8/4公布注意有價證券,26
2023/8/04,[情報] 2838 聯邦銀 7月自結 0.13 累計 0.67,12
2023/8/04,[標的] 台指大盤 機器學習線仙多,13
2023/8/04,[情報] 3231緯創H1 EPS 1.23(Q2:1.17),58
2023/8/04,[情報] 2323 中環 子公司取得高鐵普通股,16
2023/8/04,[新聞] MSCI可能微升台股權重 4檔有望納成份股,18
2023/8/04,[情報] 112年08月04日 櫃買法人買賣金額統計表,11
2023/8/04,[情報] 2379 瑞昱 112年第2季財報 H1:8.58,24
2023/8/04,[情報] 1451 年興 112年H1 EPS -1.2,22
2023/8/04,[情報] 6139亞翔 112年第二季財報 H1:3.49,6
2023/8/04,[情報] 洋基工程112年第二季財報 H1:10.16,34
2023/8/04,[情報] 6026 福邦證 112年Q2財報 H1:0.80,24
2023/8/04,Re: [標的] 請益2743山富,4
2023/8/04,[情報] 1434 福懋 23Q2  eps0.28,14
2023/8/04,Re: [創作] 超導總司令,29
2023/8/04,[標的] 2630 亞航 請益,11
2023/8/04,[情報] 0804 上市外資買賣超排行,92
2023/8/04,[新聞] 光陽卯上三陽 祭「4萬有找」車款搶市,29
2023/8/04,[情報] 2059 川湖 112年第2季合併財務報告,24
2023/8/04,Re: [新聞] 友達證實關閉台南2廠　3月起啟動員工優離,6
2023/8/04,[情報] 創意7月自結 單月EPS:2.51,53
2023/8/04,[情報] 6125 廣運 6月自結 0.21,44
2023/8/04,[標的] 2402毅嘉超級多,32
2023/8/04,[情報] 112年08月04日 三大法人買賣金額統計表,100
2023/8/04,[新聞] 友達證實關閉台南2廠　3月起啟動員工優離,99
2023/8/04,[標的] 6592 和潤企業 請益,23
2023/8/04,Re: [情報] 泰銘112年第二季合併財務報告 H1:2.89,31
2023/8/04,[情報] SCFI 20230804  1039.32 +10.09,30
2023/8/04,[情報] 2449 京元電子 112年H1 EPS 2.24,5
2023/8/04,[情報] 宏達電7月合併營收 月減50.06%年減20.63%,45
2023/8/04,[情報] 3015全漢 112年Q2財報,3
2023/8/04,[情報] 0804 上市投信買賣超排行,16
2023/8/04,[創作] 超導總司令,3
2023/8/04,[新聞] 大摩保守看 ABF載板 預期供過於求會持續,21
2023/8/04,[情報] 4545 銘鈺 112年第二季,9
2023/8/04,Re: [標的] 3024 tw 憶聲 多,6
2023/8/04,[新聞] 翻3倍！女友2年前「群創買成緯創」　他,-10
2023/8/04,[新聞] AI燒過頭 大摩砍台股評級,99
2023/8/04,[情報] 5483 中美晶 112年H1 EPS 8.36,26
2023/8/04,[情報] 台光電7月合併營收 月增13.03%年增10.63%,5
2023/8/04,[標的] 2474 可成金控無為而治多,40
2023/8/04,[情報] 泰銘112年第二季合併財務報告 H1:2.89,62
2023/8/04,[閒聊] 2023/08/04 盤後閒聊,36
2023/8/04,Re: [標的] 3689 湧德  伺服器升級多,20
2023/8/04,[情報] 2002 中鋼 112年Q2財報 H1:0.02,54
2023/8/04,[新聞] 當沖緯創1百萬補不出來 少年股神最後解決,34
2023/8/04,[新聞] 惠譽降美3A信評！股神巴菲特無懼大舉敲,26
2023/8/04,[情報] LK99-20230804最新進展,76
2023/8/04,[標的] 元大50正二與美債20年正二,37
2023/8/04,[標的] 2732 六角_橋村開幕啦,29
2023/8/04,Re: [請益] 美債未來怎麼辦？無腦多？,29
2023/8/04,[請益] 6446 藥華藥融資成數,10
2023/8/04,Re: [請益] 美債未來怎麼辦？無腦多？,34
2023/8/03,[情報] 卓越112年第2季合併財務報告,3
2023/8/03,[新聞] 燁輝開漲盤四個月首見 顯示產業築底完成,22
2023/8/03,[心得] 關於LK99至目前的整理與投資想法,62
2023/8/03,[新聞] 岱宇國際董座涉嫌與炒手、金主操縱股價 2,22
2023/8/03,[情報] 2419 仲琦7月營收 MOM-35.51% YOY-45.72%,29
2023/8/03,[標的] 1721三晃 石墨烯超導低檔歐印多,18
2023/8/03,[標的] 3231緯創順口溜多,30
2023/8/03,[新聞] 南韓驗證委員會：LK-99不是常溫超導體,69
2023/8/03,[情報] WCI世界貨櫃指數 本周+11.8%,52
2023/8/03,[新聞] 緯創大股東宏碁賣股,65
2023/8/03,[新聞] AI概念股大跳水！再現順口溜大酸 網笑,22
2023/8/03,[請益] 明天盤勢如何操作??,98
2023/8/03,[情報] 3322 建舜電 112年第二季,4
2023/8/03,[新聞] 裕隆廠慶 嚴陳莉蓮喊話：再拚下個70年,21
2023/8/03,Re: [新聞] 超導學會驗證委員會《LK-99尚未結束.,32
2023/8/03,[新聞] 好市多衛生紙喊降價 永豐實、正隆備戰,27
2023/8/03,[標的] 9927泰銘/2009第一銅，超倒空,60
2023/8/03,[新聞] 兆豐永續高息等權ETF 00932 8月15日募集,8
2023/8/03,[標的] 8930 青鋼 突破天花板多,25
2023/8/03,[情報] 1464 得力 112年第二季,20
2023/8/03,[情報] 台灣證券交易所　明日恢復交易,99
2023/8/03,[情報] LK-99研究所 網站關閉,87
2023/8/03,[情報] 3689 湧德 Q2 1.49  H1 2.44,27
2023/8/03,[標的] 4971.tw IET-KY 超導分子束磊晶多,8
2023/8/03,Re: [請益] 技術線圖，相關問題請益,15
2023/8/03,[情報] 4979 華星光 112年第2季合併財務報告,17
2023/8/03,[情報] 4979 華星光 董事會決議辦理現金增資發,64
2023/8/03,[情報] 2353 宏碁 處分緯創普通股累計將達3億元,99
2023/8/03,[情報] 2352 佳世達 7月MOM -15.85% YOY -22.02,78
2023/8/03,[標的] 6156松上（多）,6
2023/8/03,Re: [情報] LK-99驗證委員會:“LK-99它不是超導體...,35
2023/8/03,"[新聞] 退休基金 上半年大賺5,803億",69
2023/8/03,[情報] 6592 和潤企業 112年Q2財報 H1:3.05,18
2023/8/03,[新聞] 韓國超導體概念股連3天飆漲  無視交易所,58
2023/8/03,[新聞] 淨碳排 ESG低碳水泥及預拌混凝土成市場熱,0
2023/8/03,[新聞] 美國國家實驗室人員否認替LK-99背書,69
2023/8/03,[情報] LK-99驗證委員會:“LK-99它不是超導體...,100
2023/8/03,[情報] 6276 安鈦克 董事會決議辦理現金減資退還,4
2023/8/03,[情報] 8930青鋼 112年Q2財報 H1:1.49 Q2:0.85,9
2023/8/03,Re: [標的] 9927.TW泰銘 超導多,60
2023/8/03,[請益] 今年的美債風暴對金融股影響多大？,46
2023/8/03,[新聞] AMD利潤暴跌、續押AI 蘇姿丰考慮為中國,28
2023/8/03,Re: [請益] 超導體概念股一日行情？,24
2023/8/03,[請益] 技術線圖，相關問題請益,33
2023/8/03,[標的]  2618長榮航 波段多,43
2023/8/03,[新聞] 投資礦源 台塑四寶將增資台塑資源32億元,24
2023/8/03,[情報] 4915 致伸 112年第二季自結,33
2023/8/03,Re: [標的] 9927.TW泰銘 超導多,97
2023/8/03,[情報] 1513 中興電 7月營收,38
2023/8/03,Re: [請益] 超導體概念股一日行情？,11
2023/8/03,[情報] 8086 宏捷科 112年Q2財報 H1:-0.99,37
2023/8/03,[新聞] AI賠最多不是緯創 這檔最慘 當沖客好痛！,14
2023/8/03,[新聞] AI雲端墜落 法人又唱衰,33
2023/8/03,[標的] 9927.TW泰銘,71
2023/8/03,[新聞] 台積電運補人力專機飛熊本 衝刺新廠建設,15
2023/8/03,[情報] 2388 威盛 Q2EPS：0.2  H1EPS：0.04,26
2023/8/03,Re: [新聞] 不想害投資人虧錢 劉克振：研華不是AI概,2
2023/8/03,[情報] 8046 南電 7月營收 mom+8.03% yoy-39.74%,13
2023/8/03,Re: [請益] 超導體概念股一日行情？,30
2023/8/03,[請益] 為什麼大家那麼期待今天開盤？,100
2023/8/03,[新聞] 資金跑太快AI泡沫？ 谷月涵：下半年還有,51
2023/8/03,[請益] 台股有沒有橡皮艇概念股阿?,12
2023/8/03,[情報] 神準H1合併獲利5.02億元 每股稅後10.23元,9
2023/8/03,[新聞] AI燙到手 晚鳥自營操盤手遭停權,72
2023/8/03,[新聞] 拉美早於G7宣告抗通膨勝利！巴西央行以,19
2023/8/03,[新聞] 貨櫃海運價連兩月大漲,36
2023/8/03,[請益] 借貸轉帳 股票匯撥到新分行,3
2023/8/03,[新聞] 天價賠償！樂陞坑殺股民案 前董座許金龍,54
2023/8/03,Re: [請益] 超導體概念股一日行情？,61
2023/8/03,[標的] John Wiley (WLY) 超導知識多,3
2023/8/03,[新聞] 輝達AI訂單傳從緯創轉鴻海 鴻海不評論,100
2023/8/03,Re: [請益] 超導體概念股一日行情？,53
2023/8/03,Re: [請益] 中國大陸北京泡水車概念股,3
2023/8/03,Re: [請益] 緯創 = 下一個長榮？,22
2023/8/03,[閒聊] 2023/08/03 盤後閒聊,91
2023/8/03,Re: [情報] 6538倉和 112年7月營收,6
2023/8/03,[新聞] 永豐金前十大股東 ETF入列,10
2023/8/03,Re: [標的] 3661 世芯-KY 這麼多新聞面影響 股價卻很強？,4
2023/8/03,Re: [請益] 緯創 = 下一個長榮？,11
2023/8/03,Re: [請益] 緯創 = 下一個長榮？,36
2023/8/03,[請益] 中國大陸北京泡水車概念股,61
2023/8/03,[情報] 1227佳格 112年第2季合併財務報告,44
2023/8/02,討論 韓國論文承認有缺陷已下架！,99
2023/8/02,[新聞] SYM全新迪爵「超狂優惠」力抗光陽GP125,40
2023/8/02,[新聞] 信邦(3023)7月營收同期高 惟保守看下半年,15
2023/8/02,[標的] 3052.TW 夆典 多點開花多,12
2023/8/02,"[新聞] 券商申報緯創違約交割4,865萬 今年最大案",42
2023/8/02,[請益] 颱風天放假 匯率問題,13
2023/8/02,[新聞] 美7月小非農遠超預期,27
2023/8/02,[請益] 哪家智慧單可做到虧損幾%停損,6
2023/8/02,[請益] 美債被惠譽降評，結果大家為了避險跑去,45
2023/8/02,[新聞] 網通大飆股華星光(4979)Q2 EPS僅0.63元，,36
2023/8/02,Re: [請益] 哪家有做常溫常壓超導,19
2023/8/02,[情報] 112年08月02日信用交易統計,63
2023/8/02,[新聞] 快訊／北市剛宣布放颱風假30分鐘「KTV包,67
2023/8/02,[新聞] 每張領2萬！陽明公告股利明發放　遇颱風,5
2023/8/02,[情報] 0802 上市櫃外資投信同買排行,9
2023/8/02,Re: [情報] 3213 茂訊 112年Q2財報 H1: 2.96,12
2023/8/02,[新聞] 名字巧合鬧烏龍？美國超導AMSC股價狂飆,35
2023/8/02,[情報] 台灣證券交易所 隨同台北市放假,98
2023/8/02,[新聞] 沒有桃園！基北北宣布：3日停班停課,57
2023/8/02,[標的] 3661 世芯-KY 這麼多新聞面影響 股價卻很強？,9
2023/8/02,[新聞] 超導體旋風正夯！引發「這族群大漲」,11
2023/8/02,[情報] 0802 上市櫃外資投信買超金額排行,5
2023/8/02,[標的] 1435 中福國際 TW,2
2023/8/02,[標的] 超導概念股,0
2023/8/02,Re: [請益] 好股票真的會跌到便宜價格嗎？,59
2023/8/02,Re: [請益] 哪家有做常溫常壓超導,25
2023/8/02,[情報] 112/08/02 八大公股銀行買賣超排行,33
2023/8/02,[情報] 0802違約交割,100
2023/8/02,Re: [請益] 哪家有做常溫常壓超導,4
2023/8/02,[情報] 8086宏捷科 112年7月營收,22
2023/8/02,[心得] 2023Q2產業營收整理-part1(成長篇),94
2023/8/02,[情報] 3163 波若威 6月自結 1.25,30
2023/8/02,[新聞] 獨家／台股重挫主因曝！超導體難救市 專,54
2023/8/02,[新聞] 全家霜淇淋達10周年里程碑 推這款限定口味拚銷量翻倍,30
2023/8/02,[創作] 超導鐵盒,63
2023/8/02,[標的] 3231 緯創 股版壞人多,0
2023/8/02,[新聞] 不想害投資人虧錢 劉克振：研華不是AI概,100
2023/8/02,[情報] 3013晟銘電 2023H1 EPS 0.52,13
2023/8/02,[創作] 每天愛你多一些,2
2023/8/02,Re: [請益] 哪家有做常溫常壓超導,41
2023/8/02,Re: [新聞] AI別賣太早！外資爆驚人目標價 緯創176廣,24
2023/8/02,[情報]  6531 愛普* 6月自結 0.81,21
2023/8/02,[新聞] 「能源聖杯」可實踐？投資者搶搭「超導熱,18
2023/8/02,[請益] 好股票真的會跌到便宜價格嗎？,76
2023/8/02,[情報] 6538倉和 112年7月營收,6
2023/8/02,[情報] 4933 友輝 q2 1.59   H1 1.7,18
2023/8/02,Re: [請益] 哪家有做常溫常壓超導,5
2023/8/02,[情報] 0802 上市外資買賣超排行,87
2023/8/02,[情報] 2743 山富 6月自結  1.06,11
2023/8/02,[請益] 緯創 = 下一個長榮？,99
2023/8/02,[請益] 對於日本的通縮請益,21
2023/8/02,[新聞] 群創估電視面板今年供需平衡 好光景一路,22
2023/8/02,[情報] 2809 京城銀 7月自結 0.87 累計 2.98,32
2023/8/02,[情報] 3213 茂訊 112年Q2財報 H1: 2.96,38
2023/8/02,[情報] 0802 上市投信買賣超排行,30
2023/8/02,[情報] 2498 宏達電 112年Q2財報 H1:-1.91,55
2023/8/02,[情報] 燦星旅112年第2季合併財報 Q2EPS:-0.09,15
2023/8/02,[請益] 大戶等天花板再賣不是比較好嗎,35
2023/8/02,[情報] 112年08月02日 櫃買法人買賣金額統計表,32
2023/8/02,[情報] 112年08月02日 三大法人買賣金額統計表11,100
2023/8/02,[公告] 0802 水桶,3
2023/8/02,[創作] 歐若拉 (AI是道光),20
2023/8/02,[新聞] 超導體旋風引爆這族群大漲 華新爆量、華,56
2023/8/02,[新聞] 韓媒：三星可望從台積電手中奪下 NVIDIA 先進封裝訂單,83
2023/8/02,[請益] 砸到跌停會比較好跑路嗎?,52
2023/8/02,[新聞] 俄狂炸烏克蘭 9天毀18萬噸糧食,15
2023/8/02,[標的] 6188 廣明 空,18
2023/8/02,[新聞] AI泡沫化隱憂散戶怕套牢 林百里：股價不是,17
2023/8/02,[請益] 可查詢最遠的分線軟體是那一個？,5
2023/8/02,[創作] AI你,62
2023/8/02,[閒聊] 2023/08/02 盤後閒聊,54
2023/8/02,[標的] 2382.TW 廣達 空,21
2023/8/02,[新聞] 又一家爆雷！美國今年以來第5間銀行破產,67
2023/8/02,[標的] 2358廷鑫 算是超導體嗎??,22
2023/8/02,Re: [標的] 2301 光寶科 無敵多,41
2023/8/02,[標的] 網家 8044 抄底多,16
2023/8/02,[新聞] 股票淪壁紙！遊戲網石公司突終止交易,34
2023/8/02,[標的] 2382廣達 多,99
2023/8/02,[標的] 1618 合機 銅題材、台電題材 多,4
2023/8/02,[情報] 6438 迅得 現金增資公開申購資訊,2
2023/8/02,[新聞] 三陽穩坐機車霸主 光陽價格戰擂鼓,31
2023/8/02,"[新聞] 台股人氣盛 開戶數1,233萬人新高",70
2023/8/02,[標的] 請問6841長佳智能該繼續抱嗎？,27
2023/8/02,Re: [請益] 哪家有做常溫常壓超導,0
2023/8/02,[新聞] 不只鍋貼水餃 八方雲集開賣「牛肉麵」,37
2023/8/02,Re: [新聞] 韓國論文稱找出常溫常壓超導體LK-99 作,52
2023/8/02,[心得] 存股仔變價差仔,56
2023/8/02,[新聞] LK-99引爆交易狂潮 韓、陸多檔超導體概,9
2023/8/02,[情報] 持續更新：常溫超導體要來了？轉至Dcard,14
2023/8/02,[新聞] 【長榮分家新局】長榮分家750億資產大挪,8
2023/8/02,[標的] 6190.TW 萬泰科 線材多,23
2023/8/02,[標的] 慧洋2637多，運輸銅鉛磷需要散裝船,13
2023/8/02,Re: [標的] 輕原油  油水很多,8
2023/8/02,Re: [標的] 金居 8358 多,4
2023/8/02,[請益] 如果颱風休市補錢是會順延一天嗎?,21
2023/8/02,[新聞] 光寶科是否涉及內線交易 證交所展開查核,37
2023/8/02,Re: [標的] 1785光洋科 超導多,25
2023/8/02,[公告] AI類連殺三天HATE區,42
2023/8/02,[請益] 如何悠然自得操作股票？,37
2023/8/02,[標的] 1612.TW 宏泰 超導概念多,88
2023/8/02,[新聞] AI重挫! 00878成「ETF贖回王」 法人建議:,30
2023/8/02,[標的] 1616.TW 億泰 超導沾邊多,76
2023/8/02,Re: [心得] 為什麼3231 緯創連跌三天,41
2023/8/02,[標的] 00764B TW 群益25年美債 坐等降息多,28
2023/8/02,Re: [請益] 浸沒式冷卻系統會進入大利空階段嗎,9
2023/8/02,[新聞] 惠譽突降美國評級至AA+ 葉倫強硬發聲,55
2023/8/02,[新聞] 無畏遠亞併搶先開跑 台灣大林之晨：真正,8
2023/8/02,Re: [新聞] 智原AI ASIC有戲 外資升目標價至435元,25
2023/8/02,[新聞] 快訊／PChome林口失火　3家產險承保額度,25
2023/8/02,[請益] 國泰樹精靈App請教 報價顯示為零股,8
2023/8/02,Re: [請益] 這波AI股融資要殺多久？,5
2023/8/02,[標的] 1802.TW 台玻 超導製程耗材多,17
2023/8/02,[標的] 1402遠東新 永續發展 土地穩健多,27
2023/8/02,Re: [心得] 為什麼3231 緯創連跌三天,22
2023/8/02,[標的] 1710.TW 東聯 氧氣燃燒多,4
2023/8/02,[新聞] 台股開平走低！專家：8月「先蹲」整理 向,4
2023/8/02,[標的] 崇友4506 維修多多多,1
2023/8/02,[標的] 8942森鉅 光洋科大股東多,5
2023/8/02,"[請益] 銅期貨又沒漲,為啥大家搶銅概念股",77
2023/8/02,[請益] 分散持股跟重壓單一個股哪個會比較適當,18
2023/8/02,[標的] 8438.TW 昶昕 銅回收 超導多,7
2023/8/02,[標的] 2460 建通 超導體多,13
2023/8/02,[標的] 1785光洋科 超導多,44
2023/8/02,[閒聊] 2023/08/02 盤中閒聊,100
2023/8/02,[新聞] AMD稱AI參與度增加7倍　盤後升逾3%,17
2023/8/02,[標的] AMD.US 財報,23
2023/8/02,[請益] 有開盤偵測跳空缺口的免費工具嗎,11
2023/8/02,[新聞] 美國遭Fitch降評至AA+,52
2023/8/02,[新聞] PChome林口倉庫大火1860坪「燒成平地」,31
2023/8/02,Re: [情報] 美國超導 AMSC 盤前+110%,49
2023/8/02,[情報] Fitch Downgrades the United States' Lo,9
2023/8/02,Re: [標的] QUBT RGTI 超導受惠多,13
2023/8/02,[公告] 08/02 處置公告,1
2023/8/02,[請益] EPS和月營收脫勾疑問,19
2023/8/01,[新聞] PChome林口倉庫失火　保險理賠指向富邦產,79
2023/8/01,[新聞] 財新7月中國製造業PMI降至49.2 時隔兩月,24
2023/8/01,[標的] 3045台灣大 (多),30
2023/8/01,Re: [情報] LK99的費米表面測試符合超導體表現,29
2023/8/01,Re: [請益] 新一代人資產分配比例,23
2023/8/01,Re: [新聞] 韓國論文稱找出常溫常壓超導體LK-99 作,13
2023/8/01,[新聞] 林口約1000坪倉庫大火 PChome：存貨衛生紙居多不影響訂單,58
2023/8/01,[請益] 新一代人資產分配比例,74
2023/8/01,[新聞] 《電子零件》不甩法人 信邦樂看年營收正,3
2023/8/01,[新聞] 韓國論文稱找出常溫常壓超導體LK-99 作,62
2023/8/01,[情報] 112年08月01日信用交易統計,35
2023/8/01,[請益] 日股投資問題,5
2023/8/01,[請益] 百年以來最大的意外之喜，要如何應對？,21
2023/8/01,[新聞] PChome購物網林口倉庫全面燃燒　火勢兇猛,55
2023/8/01,[新聞]PChome林口倉庫大火 烈焰沖天800坪全面燃,100
2023/8/01,[標的] 2201裕隆 超導多,-10
2023/8/01,[新聞] 世界先進法說會／下修資本支出 估今年約,11
2023/8/01,[標的] 2382.TW 廣達 超導量子電腦 多,34
2023/8/01,[情報] 0801 上市櫃外資投信同買排行,3
2023/8/01,[請益] 超導體出現 到底是傷害半導體還是幫助？,68
2023/8/01,[請益] 有沒有超導體受害族群？,52
2023/8/01,[情報] 0801 上市櫃外資投信買超金額排行,0
2023/8/01,[新聞] 美認定室溫超導體LK-99理論可行 超導盤,100
2023/8/01,[標的] 台積電 TSMC 2330 S導體多,13
2023/8/01,[請益] 投資要用渣男心態才會成功？,25
2023/8/01,[新聞] 外資報告》野村：穩懋獲利能力受挫 調降-,20
2023/8/01,[請益] 超導體如何提供算力？,25
2023/8/01,[情報] 112/08/01 八大公股銀行買賣超排行,9
2023/8/01,[請益] 浸沒式冷卻系統會進入大利空階段嗎,20
2023/8/01,[請益] 升息尾端美元怎麼還這麼強？,77
2023/8/01,[新聞] AI玩完了？廣達股價大震盪　林百里：安啦,69
2023/8/01,Re: [請益] 超導體三雄要買哪隻,99
2023/8/01,[新聞] 亞利桑那州工會怒責台積電 引進低價勞工,100
2023/8/01,[標的] 大亞 超高壓超導電纜 無敵多,55
2023/8/01,Re: [請益] 超導體三雄要買哪隻,46
2023/8/01,[標的] QUBT RGTI 超導受惠多,17
2023/8/01,[新聞] 《熱門族群》銅價飆 13檔概念股給力,16
2023/8/01,[請益] 超導體三雄要買哪隻,86
2023/8/01,[新聞]面臨崩盤風險？「巴菲特指標」飆破182%,30
2023/8/01,[請益] 買賣股票都會浮躁...,85
2023/8/01,[情報] 美國超導 AMSC 盤前+110%,99
2023/8/01,[情報] 0801 上市外資買賣超排行,63
2023/8/01,[情報] 農林達公布注意交易資訊標準 6月自結-0.02,37
2023/8/01,[情報] 112年08月01日 櫃買法人買賣金額統計表,34
2023/8/01,[情報] 4979 華星光 6月自結 0.32,43
2023/8/01,Re: [情報] LK99的費米表面測試符合超導體表現,86
2023/8/01,[情報] 112年08月01日 三大法人買賣金額統計表,52
2023/8/01,Re: [情報] LK99的費米表面測試符合超導體表現,41
2023/8/01,[情報] 6488 環球晶 112年Q2財報 H1:22.49,36
2023/8/01,[情報] 0801 上市投信買賣超排行,31
2023/8/01,[新聞] 強勢股》農林 : 活化土地資產種電 拚2內,16
2023/8/01,[標的] 9927.TW泰銘 超導多,100
2023/8/01,[標的] 1210 大成 超導體鳥糞多,100
2023/8/01,[情報] 00900 2023年8月配息0.6元,25
2023/8/01,[情報] 6116 彩晶 112年Q2財報 H1:-0.61,7
2023/8/01,[新聞] 富邦Costco聯名卡發破150萬張 8月8日卡,11
2023/8/01,Re: [情報] LK99的費米表面測試符合超導體表現,34
2023/8/01,[閒聊] 2023/08/01 盤後閒聊,23
2023/8/01,[標的] 有沒有磷灰石概念股?,25
2023/8/01,[新聞] 中國9/1起 限制無人機及相關設備出口,41
2023/8/01,[新聞] 舊制勞退基金減持台積、聯發科 大增廣達,18
2023/8/01,[標的] 2603長榮 2637慧洋 航運下半年通膨再起多,37
2023/8/01,Re: [情報] LK99的費米表面測試符合超導體表現,100
2023/8/01,Re: [情報] LK99的費米表面測試符合超導體表現,29
2023/8/01,Re: [標的] 2009.TW 第一銅,30
2023/8/01,Re: [標的] 3231.TW 緯創 長期空,5
2023/8/01,[情報] LK99的費米表面測試符合超導體表現,100
2023/8/01,[請益] 定期定額00878是否該考慮賣出?,55
2023/8/01,[新聞] 傳鴻海投資印度62億設組裝廠 工業富聯否,18
2023/8/01,[新聞] 00923 8月將除息 年化配息率6.7％ 奪市值,24
2023/8/01,[新聞] 中型Micro LED顯示器2027年成本大降 台,18
2023/8/01,[情報] 00878 2023年8月配息0.35元,89
2023/8/01,[新聞] AI題材發酵！勞動基金6月賺1780.8億　上,59
2023/8/01,[標的] 6269.TW 台郡 十年線 多,52
2023/8/01,[標的] 3587閎康 超導多,1
2023/8/01,[請益] 2018~2023台股類股輪動一欄,37
2023/8/01,[標的] 8487.TW 愛爾達 火星永動機多,15
2023/8/01,Re: [請益] AI浪潮的終點？,6
2023/8/01,Re: [請益] 技術分析能抓到漲勢強勁的飆股起漲？,14
2023/8/01,[新聞] 興勤搶攻AI商機 營運看旺,9
2023/8/01,Re: [新聞] 0056首次季配僅5天就填息　連續13年填息,8
2023/8/01,[閒聊] 2023/08/01 盤中閒聊,100
2023/8/01,[新聞] AI變BI？ 張錫：漲多修正,16
2023/8/01,Re: [請益] 技術分析能抓到漲勢強勁的飆股起漲？,13
2023/8/01,Re: [心得] 股票質借心得分享,31
2023/7/31,Re: [請益] AI浪潮的終點？,32
2023/7/31,Re: [請益] 股票ipo可以投資嗎？,0
2023/7/31,Re: [請益] 美債應該購買直債還是債券ETF就好?,23
2023/7/31,[創作] 我的AI (我們的愛),36
2023/7/31,[新聞] 「AI變BI」 台股盤中紅翻黑強震380點 網,19
2023/7/31,[新聞] 美股市值五強 四家飽吃AI,21
2023/7/31,[新聞] 明起國內線機票調降最多6.9% 買貴退差價,21
2023/7/31,[情報] 6188廣明 H1 1.48,27
2023/7/31,[情報] 112年07月31日信用交易統計,44
2023/7/31,[情報] 8049 晶采112年第二季合併財務報告,8
2023/7/31,[請益] 股息可以不要每年領嗎?,-10
2023/7/31,[新聞] 中國PMI連4個月萎縮 沒消費沒生產陷惡性,31
2023/7/31,[情報] 0731 上市櫃外資投信同買排行,9
2023/7/31,[情報] 0731 上市櫃外資投信買超金額排行,3
2023/7/31,[請益] 股票ipo可以投資嗎？,50
2023/7/31,Re: [請益] 國內哪家複委託可以買賣美股選擇權,0
2023/7/31,Re: [請益] AI浪潮的終點？,87
2023/7/31,[情報] 臺鹽 112年第二季合併財務報告,8
2023/7/31,[情報] 臺鹽董事會決議112年配息基準日,2
2023/7/31,[情報] 3189 景碩 112年Q2財報 H1:0.06,100
2023/7/31,[新聞]  閎康上半年營收、獲利創新高稅前EPS7.42,27
2023/7/31,[請益] 韓國人發超導體論文是為了幫韓國炒手們炒,13
2023/7/31,[情報] 112/07/31 八大公股銀行買賣超排行,20
2023/7/31,[情報] 2329 華泰 第一次處置,18
2023/7/31,[新聞] 拜登將限制美商投資陸晶片 擬下月簽署行,27
2023/7/31,Re: [請益] 室溫超導體有什麼有巨大商業價值的應用,17
2023/7/31,[情報] 6285 啟碁 H1 3.72,50
2023/7/31,[情報] 2323 中環 子公司取得陽明海運普通股,43
2023/7/31,[創作] 新AI樂園,70
2023/7/31,[情報] 8487 愛爾達 Q2財報H1:2.77 & 現金增資,28
2023/7/31,[情報] 2357 華碩 6月自結 1.55,29
2023/7/31,[情報] 5904 寶雅 112年H1 財報 EPS10.95,29
2023/7/31,[情報] 2308 台達電 112年Q2財報 H1:5.80,24
2023/7/31,[情報] 0731 上市外資買賣超排行,100
2023/7/31,[請益] 台灣發行美債ETF，申購買回的疑問,4
2023/7/31,[情報] 2880 華南金 8/17除息0.59元、9/8發放,13
2023/7/31,[標的] 2743 山富 交易量低主力為什麼要這樣做?,45
2023/7/31,Re: [心得] 今天台股是嚇甩磨嗎？,33
2023/7/31,[新聞] Micro LED 面板成本預料四年內大降75%,34
2023/7/31,[新聞] 鴻海傳砸1.94億美元 投資印度再下一城,16
2023/7/31,Re: [標的] 3231緯創出關多,50
2023/7/31,[情報] 112年07月31日 櫃買法人買賣金額統計表,14
2023/7/31,[情報] 112年07月31日 三大法人買賣金額統計表,92
2023/7/31,[情報] 0731 上市投信買賣超排行,33
2023/7/31,[新聞] 好友谷月涵警告小心泡沫 謝金河：只要2大,77
2023/7/31,[請益] 航運股的淨值,45
2023/7/31,[心得] 股市就像是一個人性試驗場.....,36
2023/7/31,[新聞] AI集體跳水 台股變臉大跌 名師神預言「,54
2023/7/31,[情報] 穩懋112年第2季自結合併損益Q2EPS:-0.23,55
2023/7/31,[創作] 死都要AI (死了都要愛),68
2023/7/31,[閒聊] 2023/07/31 盤後閒聊,39
2023/7/31,[標的] 2308 台達電,34
2023/7/31,[新聞] 台股漲171點翻黑 網喊「AI is over」？專,23
2023/7/31,[情報] 1584 精剛、8044 網家 現金增資申購資訊,21
2023/7/31,[標的] 5516.TW 雙喜 孤獨搖滾多!,15
2023/7/31,Re: [標的] 3231緯創出關多,38
2023/7/31,[新聞] AI股遭血洗！緯創、廣達帶頭跌停　指數殺,48
2023/7/31,Re: [新聞] 近十季新低 聯發科Q2獲利腰斬 EPS僅10.07,12
2023/7/31,[新聞] 電信三雄法說 聚焦獲利展望,15
2023/7/31,[新聞] 利多浮現 中鋼看Q4春燕歸,84
2023/7/31,[標的] 2360 致茂 萬里無雲 多,5
2023/7/31,[新聞] 8月台股估先蹲後跳 專家讚1類股買盤追價,18
2023/7/31,[標的] 5515 建國 多,99
2023/7/31,[閒聊] 2023/07/31 盤中閒聊,99
2023/7/31,[請益] 安聯台灣科技相比的etf?,29
2023/7/31,Re: [請益] 室溫超導體有什麼有巨大商業價值的應用,32
2023/7/30,[請益] 室溫超導體有什麼有巨大商業價值的應用,50
2023/7/30,Re: [心得] 股票質借心得分享,35
2023/7/30,Re: [請益] 債券ETF V.S 債券型基金,8
2023/7/30,[標的] 中國科技ETF ARKK.US 槓鈴策略多,28
2023/7/30,Re: [新聞] 長榮（2603）發股利！他領98萬又再買,23
2023/7/30,[請益] 技術分析能抓到漲勢強勁的飆股起漲？,81
2023/7/30,Re: [請益] 哪家有做常溫常壓超導,49
2023/7/30,[請益] 債券ETF V.S 債券型基金,11
2023/7/30,Re: [情報] 眾達-KY 4977 H1 4.08,16
2023/7/30,Re: [請益] 指數型ETF需要停利不停扣嗎？,79
2023/7/30,[新聞] 錢來也！周一躺著領紅包「每人平均1.6萬,17
2023/7/30,[心得] 美股員工人數歷史成長整理網站,0
2023/7/30,[新聞] 《電子零件》蘋果光照亮 優群全年營收拚,11
2023/7/30,[情報] 眾達-KY 4977 H1 4.08,68
2023/7/30,Re: [請益] 指數型ETF需要停利不停扣嗎？,0
2023/7/30,Re: [請益] 哪家有做常溫常壓超導,0
2023/7/30,Re: [新聞] Palantir被分析師點名 大讚「AI界的梅西,7
2023/7/30,Re: [請益] 哪家有做常溫常壓超導,9
2023/7/30,[新聞] 長榮（2603）發股利！他領98萬又再買7張,45
2023/7/30,[新聞] 華碩訂單滿手 法人敲進,47
2023/7/30,Re: [請益] 哪家有做常溫常壓超導,16
2023/7/30,[請益] 指數型ETF需要停利不停扣嗎？,32
2023/7/30,[新聞] 5700億股利報到 台股添活水,49
2023/7/30,Re: [請益] 為什麼元大證券市占第一？,41
2023/7/30,[新聞] Palantir被分析師點名 大讚「AI界的梅西,26
2023/7/30,[公告] 07/30 處置公告,11
2023/7/30,[標的] 估價模型應用2成長股-穎崴(6515.TW),51
2023/7/30,[請益] 為什麼元大證券市占第一？,81
2023/7/30,Re: [標的] RYCEY-US 勞斯萊斯 多 展翅翱翔的財富女神,10
2023/7/30,[新聞] 友達Q2營收季增23.7%「產業庫存健康」 法,0
2023/7/29,Re: [請益] 關於3693營邦,7
2023/7/29,[情報] 敦吉 2459 H1 2.32,7
2023/7/29,Re: [心得] 股票質借心得分享,93
2023/7/29,[新聞] 股民心聲》輝達本益比213倍 廣達、緯創呢,58
2023/7/29,[請益] 防彈背心概念股,41
2023/7/29,Re: [標的] 3013晟銘電,22
2023/7/29,[標的] 聯發科2454 聯電2303 請益,100
2023/7/29,Re: [新聞] 美國6月PCE年增3.0% 放緩至2年多來低點,53
2023/7/29,[新聞] 寒武紀再傳裁員，智慧駕駛晶片新項目暫停,50
2023/7/29,[新聞] 近十季新低 聯發科Q2獲利腰斬 EPS僅10.07,55
2023/7/29,[新聞] 一週熱門零股 廣達 康舒 友達 躋身十強,16
2023/7/29,[標的] 2618長榮航-聚少成多的多,89
2023/7/29,[新聞] 奢侈品王者不敗！愛馬仕Q2銷售飆增22.4％,48
2023/7/29,Re: [新聞] 美國汽油價格飆上8個月高點,0
2023/7/29,[新聞] 藥華藥不到一個月再祭庫藏股擬買回4000張,9
2023/7/28,[新聞] 美國6月PCE年增3.0% 放緩至2年多來低點,29
2023/7/28,Re: [新聞] 00878燒到發燙！他勸「辛苦存股別亂賣」,19
2023/7/28,[新聞] 緯創子公司處分緯穎持股,31
2023/7/28,[標的] 3014 聯陽 強多,13
2023/7/28,Re: [新聞] 00878燒到發燙！他勸「辛苦存股別亂賣」,3
2023/7/28,Re: [請益] 分析師是不是很好當,7
2023/7/28,Re: [請益] 分析師是不是很好當,13
2023/7/28,[情報] 112年07月28日信用交易統計,29
2023/7/28,[新聞] 美國汽油價格飆上8個月高點,28
2023/7/28,[標的] 2707 晶華 空,23
2023/7/28,[情報] 0728 上市櫃外資投信同買排行,7
2023/7/28,[情報] 2329 華泰 6月自結,29
2023/7/28,Re: [新聞] 00878燒到發燙！他勸「辛苦存股別亂賣」,34
2023/7/28,[情報] 0728 上市櫃外資投信買超金額排行,2
2023/7/28,[新聞] 不畏市場觀望 富宇加碼推案,7
2023/7/28,[情報] 6469 大樹 說明本公司遭受駭客網路攻擊事,18
2023/7/28,Re: [新聞] 00878燒到發燙！他勸「辛苦存股別亂賣」,17
2023/7/28,[新聞] 光寶科：AI伺服器電源下半年倍數成長,33
2023/7/28,[請益] 特定族群在飆 真的有人忍得住不玩嗎,100
2023/7/28,[情報] 8454 富邦媒 112年 H1 eps:7.92,16
2023/7/28,[情報] 112/07/28 八大公股銀行買賣超排行,16
2023/7/28,[情報] 2323 中環 子公司處分長榮海運股票,29
2023/7/28,[新聞] 主計總處：Q2 GDP成長率1.45％ 全年不保2,41
2023/7/28,[新聞] 鴻海劉揚偉:以台灣水牛精神 協助印度建立,26
2023/7/28,[新聞] 華碩三關鍵獲歐系外資青睞 上調評等且目0,18
2023/7/28,[標的] 3013晟銘電,43
2023/7/28,[新聞] 聯發科跟進AI下半年營運改善! Q3旗艦晶片,45
2023/7/28,[情報] 6176 瑞儀 112年Q2財報 H1:6.38,27
2023/7/28,[情報] 3034 聯詠 112年第二季合併財報,11
2023/7/28,[新聞] 00878燒到發燙！他勸「辛苦存股別亂賣」,31
2023/7/28,[情報] 0728 上市外資買賣超排行,49
2023/7/28,[新聞] 植田和男稱，日銀YCC指引微調並不代表政,12
2023/7/28,[情報] 3264.TW 欣銓上半年合併獲利12.95億,9
2023/7/28,[情報] 3583 辛耘 6月自結,23
2023/7/28,[情報] 2317 鴻海 若金控因颱風假影響 順延發放,6
2023/7/28,[情報] 2383 台光電 6月自結,18
2023/7/28,Re: [標的] 6443.TW 元晶,15
2023/7/28,[情報] 112年07月28日 櫃買法人買賣金額統計表,15
2023/7/28,[情報] 112年07月28日 三大法人買賣金額統計表,47
2023/7/28,[情報] 4953 緯軟 6月自結,26
2023/7/28,[情報] 愛普*112年度第2季合併財報 H1 EPS:3.37,26
2023/7/28,[情報] 2454聯發科 Q2EPS 10.07,49
2023/7/28,[情報] SCFI 20230728 1029.23 +62.78(+6.5%),51
2023/7/28,[情報] 0728 上市投信買賣超排行,31
2023/7/28,[新聞] 光寶科第2季EPS1.84元 AI電源H2倍增,31
2023/7/28,[情報] 光寶科 第二季EPS:1.84 H1:2.86,39
2023/7/28,Re: [請益] 哪家有做常溫常壓超導,10
2023/7/28,[新聞] 創意法說會／宣布下修今年營收與獲利展望,84
2023/7/28,[標的] 3305昇貿 封測多,10
2023/7/28,Re: [請益] 被嘎借券六日也算天數嗎？,18
2023/7/28,[新聞] 手上沒AI會變成「大谷躺平」　億元教授,22
2023/7/28,[閒聊] 2023/07/28 盤後閒聊,28
2023/7/28,Re: [標的] 2301 光寶科 無敵多,38
2023/7/28,[新聞] 央行理事憂通膨復燃 必要時9月可升息,42
2023/7/28,[公告] Stock 樂透開獎,23
2023/7/28,[情報] 華碩說明媒體報導,63
2023/7/28,[新聞] 外資股東檢舉可成違反公司法 金管會處理中,16
2023/7/28,[新聞] 〈台積研發中心啟用〉魏哲家強調 「台積,30
2023/7/28,Re: [新聞] 日媒報導，日本央行將討論允許長期利率升,47
2023/7/28,[標的] 6531愛普 野花多,22
2023/7/28,Re: [標的] 估價模型的探討與應用-長虹(5534.TW),10
2023/7/28,[標的] 6443.TW 元晶,29
2023/7/28,[標的] 6155 鈞寶,1
2023/7/28,[新聞] 鴻海今發734億現金股利 郭台銘一天進帳92,100
2023/7/28,Re: [請益] 哪家有做常溫常壓超導,15
2023/7/28,[新聞] 英特爾再次誓言2奈米重返龍頭！ 陸行之,95
2023/7/28,[新聞] 獨》美光亞太物流中心 挺進台中,16
2023/7/28,[請益] 相同名字證券戶配股問題,11
2023/7/28,[標的] 2009.TW 第一銅,38
2023/7/28,[新聞] 日媒報導，日本央行將討論允許長期利率升,32
2023/7/28,[新聞] 鈺創AI傳捷報，AI機器視覺方案傳打入亞,7
2023/7/28,[請益] 超導跟鋼鐵有關係嗎？,34
2023/7/28,[閒聊] 2023/07/28 盤中閒聊,100
2023/7/28,Re: [請益] 哪家有做常溫常壓超導,2
2023/7/28,[新聞] 美三大CSP強攻AI 台伺服器H2出貨看俏,20
2023/7/28,[新聞] 全球七車廠在美設充電樁 良維、健和興、,2
2023/7/28,Re: [請益] 哪家有做常溫常壓超導,11
2023/7/28,Re: [標的] 2610華航 大谷翔平炸裂 多,14
2023/7/28,[標的] 估價模型的探討與應用-長虹(5534.TW),41
2023/7/28,Re: [請益] 哪家有做常溫常壓超導,29
2023/7/28,Re: [請益] 哪家有做常溫常壓超導,4
2023/7/28,Re: [請益] 哪家有做常溫常壓超導,6
2023/7/28,[標的] 3006 晶豪科 跛豪破底翻多,33
2023/7/28,[請益] firstrade debt card 可以使用 visa 易,3
2023/7/28,Re: [新聞] 美國房價連續第四個月上漲 樓市升溫恐給,21
2023/7/28,[新聞] 中華電通過國際減碳驗證,4
2023/7/27,Re: [新聞] 美國第二季GDP初值報2.4%遠超預期,5
2023/7/27,Re: [請益] 哪家有做常溫常壓超導,42
2023/7/27,Re: [標的] 8436 大江 東去突破區間多,4
2023/7/27,[標的] 3163 波若威 名嘴多,54
2023/7/27,Re: [請益] 哪家有做常溫常壓超導,23
2023/7/27,[請益] 宏碁和聯電哪個比較值得買？,59
2023/7/27,[新聞] 美國第二季GDP初值報2.4%遠超預期,35
2023/7/27,Re: [請益] 哪家有做常溫常壓超導,14
2023/7/27,[標的] NVDA 中長期槓桿ALL IN 是不是送分題?,30
2023/7/27,[情報] 112年07月27日信用交易統計,24
2023/7/27,[情報] 3088艾訊 Q2EPS 2.41,34
2023/7/27,[新聞] 碳權交易所上路 鄭文燦：明年上半年公布,19
2023/7/27,[標的] 大盤 現在是不是才在半山腰,81
2023/7/27,[情報] 0727 上市櫃外資投信同買排行,1
2023/7/27,[新聞] 緯創、廣達、欣興 AI 伺服器貢獻？外資從,16
2023/7/27,[新聞] 智伸科董座林恩道逝世,16
2023/7/27,[新聞] 靠AI賺一波　妹子出清8成持股「爽領108萬,18
2023/7/27,[情報] 0727 上市櫃外資投信買超金額排行,1
2023/7/27,[標的] Re: [標的]  6125.tw 廣運水冷多,26
2023/7/27,[新聞] 《金融股》外資加碼卡位 玉山金穩步填,21
2023/7/27,[情報] SHEL.US殼牌第二季財報+股息+回購,7
2023/7/27,[標的] 4746台耀 多,23
2023/7/27,[新聞] 〈致伸法說〉Q2雙率創新高 每股賺1.55元,26
2023/7/27,[情報] 112/07/27 八大公股銀行買賣超排行,7
2023/7/27,[新聞] 榮剛砸15.7億元 添設備、廠房整改,22
2023/7/27,Re: [請益] 手上金融股已經價差+10%，該賣掉嗎？,75
2023/7/27,[情報] 創意112年第二季財務報告 H1 EPS:13.23,29
2023/7/27,[新聞] 中華電資訊人力上看2000人 林昭陽:AI是通,17
2023/7/27,[新聞] 接單火爆，廣達AI伺服器8月起出貨蓄勢待,81
2023/7/27,[新聞] 6月景氣燈號連8藍 國發會：景氣止跌跡象,74
2023/7/27,Re: [請益] 哪家有做常溫常壓超導,4
2023/7/27,[新聞] 緯創明「出獄」更大尾？30年老手爆結局,91
2023/7/27,Re: [請益] 哪家有做常溫常壓超導,32
2023/7/27,[新聞] 快訊／金控遭重罰千萬！　理專6年A走客,23
2023/7/27,[新聞] 全民瘋ETF！每4人就有1人買　首場博覽會8,19
2023/7/27,[情報] 0727 上市外資買賣排行,65
2023/7/27,[情報] 1903 士紙 6月自結,21
2023/7/27,[情報] 2892 第一金 公告除權息基準日,14
2023/7/27,[創作] 茶米vs BR,22
2023/7/27,[新聞] 英業達小金雞創高！無敵AI產品發威,67
2023/7/27,[情報] 3693 營邦 6月自結 2.75,31
2023/7/27,[情報] 112年07月27日 櫃買法人買賣金額統計表,11
2023/7/27,[新聞] 北美AI伺服器佈局顯現 康舒Q3業績向前衝,32
2023/7/27,[請益] 韭菜操作請益,20
2023/7/27,[情報] 112年07月27日 三大法人買賣金額統計表,36
2023/7/27,[情報] 3481 群創 第二季財務報告,12
2023/7/27,[新聞] 生醫也要AI！華安醫學採NVIDIA服務　加速,29
2023/7/27,[情報] 0727 上市投信買賣超排行,32
2023/7/27,[新聞] 微軟、Google法說狂提「AI」　專家：顯示,14
2023/7/27,[公告] Stock 板 開始舉辦樂透!,11
2023/7/27,[情報] 6147頎邦 Q2EPS 1.97,44
2023/7/27,[新聞] Rapidus預計2027年產2奈米晶片 想搶台積電客戶,84
2023/7/27,[創作] 愛(AI)已離開,13
2023/7/27,[閒聊] 2023/07/27 盤後閒聊,36
2023/7/27,[請益] 請問期貨商可以用出金銀行颱風假擋出金嗎,15
2023/7/27,[新聞] 《經濟數據》德國7月製造業PMI初值意外惡,6
2023/7/27,Re: [請益] 哪家有做常溫常壓超導,26
2023/7/27,[新聞] 台光電天價漲停 外資喊出驚人價,28
2023/7/27,[新聞] 小鵬汽車(9868)折讓逾3%配股予大眾汽車,24
2023/7/27,[新聞] 智原AI ASIC有戲 外資升目標價至435元,39
2023/7/27,Re: [新聞] 〈聯亞法說〉消費性產品需求弱Q2續虧 上,12
2023/7/27,[請益] 台股上市的美股 ETF 可以質押嗎？,24
2023/7/27,Re: [請益] 慧榮怎麼了...,19
2023/7/27,[新聞] 00878漲高賣出…恐落短線的「無限迴圈」,15
2023/7/27,[請益] 大家會除權前或後再買入股票呢,20
2023/7/27,[請益] 請教一檔權證 051058 大成鋼,11
2023/7/27,[標的] 3231緯創出關多,44
2023/7/27,[新聞] 美光推第二代HBM3記憶體 下單台積電,12
2023/7/27,Re: [請益] 哪家有做常溫常壓超導,42
2023/7/27,[新聞] 美歐線貨櫃海運價漲定了 業界：供需達,21
2023/7/27,[閒聊] 2023/07/27 盤中閒聊,100
2023/7/27,[新聞] 廣告收入大躍進 Meta Q2財報優預期,12
2023/7/27,[新聞] Fed 如市場預期升息1碼,39
2023/7/27,[公告] lkk1606 自刪標的文 4979 華星光,22
2023/7/27,Re: [請益] 哪家有做常溫常壓超導,1
2023/7/27,Re: [請益] 哪家有做常溫常壓超導,45
2023/7/27,[標的] 櫃買特色概念股 聖暉5536/健喬4114/醫揚6569,2
2023/7/27,[新聞] AI半導體熱潮持續多久？先進封裝CoWoS產,16
2023/7/27,Re: [請益] 哪家有做常溫常壓超導,45
2023/7/26,[請益] 哪家有做常溫常壓超導,99
2023/7/26,[標的] 6706惠特,54
2023/7/26,[新聞] 普生參加美國臨床化學年會 推兩大主力產,26
2023/7/26,[標的] 中元節概念股 來不及上車?,50
2023/7/26,[新聞] Sony反超Google、HTC重回榜上！台灣最新,48
2023/7/26,[新聞] 搶攻智慧醫療商機 長佳智能生成式AI三箭,18
2023/7/26,[情報] 112年07月26日信用交易統計,26
2023/7/26,Re: [標的] 3035智原 求教學,8
2023/7/26,Re: [請益] 美債應該購買直債還是債券ETF就好?,1
2023/7/26,[標的] 3035智原 求教學,23
2023/7/26,[情報] 0726 上市櫃外資投信同買排行,5
2023/7/26,[新聞] 美國房價連續第四個月上漲 樓市升溫恐給,26
2023/7/26,[情報] 0726 上市櫃外資投信買超金額排行,0
2023/7/26,[新聞] 快訊／颱風假掰了！　北北基桃宣布：明天,94
2023/7/26,[情報] 3056 總太 公告除權息基準日,23
2023/7/26,[新聞] 房仲本業Q2回溫 信義上半年績優,24
2023/7/26,[情報] 112/07/26 八大公股銀行買賣超排行,19
2023/7/26,Re: [請益] 股市新手該加入哪個流派？,16
2023/7/26,[情報] 2323 中環 子公司處分陽明海運股票,45
2023/7/26,[新聞] 〈聯電法說〉Q2純益季減3% EPS 1.27元探,21
2023/7/26,[新聞] 聯電法說會登場 Q2淨利達156.4億元！每,46
2023/7/26,[新聞] 杜蘇芮暴風圈觸陸！明天國內線航班全停,10
2023/7/26,[新聞] 〈聯亞法說〉消費性產品需求弱Q2續虧 上,15
2023/7/26,[新聞] 欣興法說會／今年資本支出維持約300億元,64
2023/7/26,[情報] 6274台燿 H1 0.23元,34
2023/7/26,Re: [新聞]美廠工人滑手機？網傳台積電急找台粗工,29
2023/7/26,[新聞] 鴻海收購ZF子公司50％股權 拓電動車商機,27
2023/7/26,[標的] 達運6120 面板產業之恥,8
2023/7/26,[情報] 2383台光電 H1 4.45,19
2023/7/26,[情報] 0726 上市外資買賣超排行,69
2023/7/26,Re: [情報] 2329 華泰 H1,21
2023/7/26,[情報] 112年07月26日 櫃買法人買賣金額統計表,54
2023/7/26,[情報] 112年07月26日 三大法人買賣金額統計表,46
2023/7/26,[情報] 0726 上市投信買賣超排行,55
2023/7/26,[情報] 2329 華泰 H1,38
2023/7/26,[新聞] 《國際產業》AI錢燒太兇 微軟盤後「嚇」,29
2023/7/26,[情報] 1560 中砂 112年Q2財報,19
2023/7/26,Re: [請益] 有沒有逆向投資的好書？,6
2023/7/26,[新聞] 颱風來襲 愛之味強漲逾5%,83
2023/7/26,[情報] 8409 商之器 6月自結,29
2023/7/26,[閒聊] 2023/07/26 盤後閒聊,27
2023/7/26,[新聞] 春燕正飛來？友達法說將為下半年定調,31
2023/7/26,[情報] 2409 友達 Q2財報 Q2:-0.63 累計:-2.05,63
2023/7/26,[新聞]美廠工人滑手機？網傳台積電急找台粗工,86
2023/7/26,Re: [標的]台指大盤機器學習線仙多,17
2023/7/26,[新聞] 〈財報〉雲端成長驅動 Alphabet Q2獲利,8
2023/7/26,[新聞] 降稅措施帶動！財政部：當沖交易額近8年,18
2023/7/26,[新聞] 特斯拉Q2中國營收年增51.33%，占總營收,21
2023/7/26,[標的] 6125 廣運 假AI多,64
2023/7/26,[請益] 美債應該購買直債還是債券ETF就好?,61
2023/7/26,[新聞] 友達法說熱身 面板雙虎帶量走揚,15
2023/7/26,[標的] 2027大成鋼 除權多 買五送一,38
2023/7/26,[標的] 00902 中信電池與儲能,3
2023/7/26,[新聞] 永彰 強攻四大領域,8
2023/7/26,[請益] 以前聽老一輩的人說主力有跟記者配合,54
2023/7/26,[標的] 4763材料-KY 我買了獻祭空,27
2023/7/26,[新聞] 魏哲家致電 黃崇仁讓地,43
2023/7/26,Re: [標的] 3231.TW 緯創 還能上車嗎,36
2023/7/26,[新聞] 微軟財報／Azure 雲服務成長再放緩 營收,11
2023/7/26,[新聞] 快訊／1979年以來最全面！　台美貿易倡議,77
2023/7/26,[新聞] 00878漲太多想脫手賺差價！ 網卻因1原因:,23
2023/7/26,[閒聊] 2023/07/26 盤中閒聊,100
2023/7/26,[新聞] 輝達AI營收 2027年上看3千億美元,47
2023/7/26,[公告] 07/26 處置公告,3
2023/7/26,[標的] 3231.TW 緯創 還能上車嗎,100
2023/7/26,[請益] 有沒有逆向投資的好書？,33
2023/7/26,[標的] 6005 群益證、2855 統一證,18
2023/7/26,[標的] 6139 亞翔 拉回多,7
2023/7/26,[新聞] 雷神股價因普惠飛機發動機問題而暴跌,18
2023/7/26,[新聞] 外資按讚升價 致茂續登新天價,6
2023/7/25,[新聞] 鋼價觸底 鋼鐵人Q4向錢衝,57
2023/7/25,Re: [新聞] 快逃！緯創停損出清立訊持股，Q3將認列,10
2023/7/25,"[新聞] 日系外資看好輝達AI相關營收2027年衝3,00",14
2023/7/25,Re: [標的] 2211長榮鋼,42
2023/7/25,[情報] 112年07月25日信用交易統計,17
2023/7/25,[新聞] 美林看AI伺服器：大升廣達、台達電、光寶,40
2023/7/25,[新聞] 聯發科法說倒數 外資看壞Q3原因曝,40
2023/7/25,[新聞] 技嘉Q2純益雙減 上半年降至19.15億元 EPS,35
2023/7/25,[新聞] 快逃！緯創停損出清立訊持股，Q3將認列,73
2023/7/25,[新聞] 7月恐非最後一次升息？Fed傳聲筒：,53
2023/7/25,[新聞] 智原總座：跨入先進製程 接獲AI應用訂單,22
2023/7/25,[新聞] 降稅效益 台股當沖成交額8年暴增25倍,20
2023/7/25,[新聞] <智原法說>智原 Q2 每股賺 1.66 元探七季,41
2023/7/25,[情報] 0725 上市櫃外資投信同買排行,2
2023/7/25,[標的] 6472保瑞 重訊影響是一次性還是常續性？,26
2023/7/25,Re: [標的] 2211長榮鋼,66
2023/7/25,[情報] 0725 上市櫃外資投信買超金額排行,1
2023/7/25,[情報] 112/07/25 八大公股銀行買賣超排行,10
2023/7/25,Re: [新聞] 緯創出清立訊持股 虧損約55億元,100
2023/7/25,[新聞] 國巨H1 18.82,19
2023/7/25,[新聞] 全球AI是否過熱？台經院：不會發生2000年,38
2023/7/25,[情報] 2603 長榮 颱風來襲，可能影響現金股利發放,49
2023/7/25,[新聞] 〈同欣電法說〉Q2業內外皆失色 EPS僅剩0.08元探15年低點,31
2023/7/25,[新聞] 台積電CoWoS新廠落腳竹科 鄭文燦：先進製,32
2023/7/25,[情報] 3037 欣興 一一二年第二季財報,58
2023/7/25,[情報] 2376 技嘉 6月自結,100
2023/7/25,[新聞] 緯創出清立訊持股 虧損約55億元,100
2023/7/25,[標的] 6196帆宣、6414樺漢歷史多,38
2023/7/25,[情報] 0725 上市外資買賣超排行,63
2023/7/25,[情報] 5474 聰泰 6月自結,4
2023/7/25,[情報] 112年07月25日 櫃買法人買賣金額統計表,20
2023/7/25,[情報] 3035 智原 第二季財報,64
2023/7/25,[情報] 112年07月25日 三大法人買賣金額統計表,65
2023/7/25,[新聞] 永豐金董座陳思寬：將在2030年全面撤出高,24
2023/7/25,[情報] 0725 上市投信買賣超排行,34
2023/7/25,[情報] 3023 信邦 112年Q2財報＆除息基準日,7
2023/7/25,[情報] 5871 中租-KY 更正112年6月自結,17
2023/7/25,[情報] 9940 信義 112年第二季,22
2023/7/25,[閒聊] 2023/07/25 盤後閒聊,43
2023/7/25,[情報] 2002中鋼 6月自結稅前-0.00222626689,48
2023/7/25,[新聞] 存股族佳音 公共政策平台提案調高股利,18
2023/7/25,Re: [標的] 6223 旺矽 多,0
2023/7/25,[情報] 5608 四維航 現金增資公開申購資訊,6
2023/7/25,[新聞] 人工智慧再度成為焦點！科技巨頭準備展,7
2023/7/25,[標的]  5284 JPP-KY 客家多 AI概念,26
2023/7/25,[請益] 為什麼沒成交？6793天力離岸,21
2023/7/25,[新聞] AI股漲翻天 謝金河：避開中國殺戮,22
2023/7/25,Re: [心得] 是不是轉去美股好？,25
2023/7/25,[標的] 9958世紀鋼無敵多,20
2023/7/25,[新聞] 「我們錯了！」大摩策略師道歉看空美股,86
2023/7/25,[請益] 飆高的878賣掉存股變玩波段?,65
2023/7/25,[心得] 是不是轉去美股好？,77
2023/7/25,[標的] 6874倍力 碳權平台服務資訊多,9
2023/7/25,[標的] 2603 長榮海運 發股利行情多,40
2023/7/25,[新聞] 台積電回應竹科銅鑼設新廠 估投資900億,92
2023/7/25,[新聞] 中共中央政治局會議 釋六大利多,50
2023/7/25,[新聞] 節能觀摩會訪友達光電 成果豐碩,3
2023/7/25,Re: [標的] 1513  中興電 短多,27
2023/7/25,[閒聊] 2023/07/25 盤中閒聊,100
2023/7/25,[新聞] AI題材擴散 台燿、金居沾光,35
2023/7/25,[新聞] 越南廠動土 廣達大擴Macbook產能,29
2023/7/25,[標的] 4747 強生 生技展 嘎空回補多,0
2023/7/25,Re: [新聞] 才因丁特吞2根跌停！遊戲橘子要賠784萬元,10
2023/7/25,Re: [心得] 存股三年多 歷程分享,36
2023/7/25,[請益] 含息報酬率的算法?,22
2023/7/24,Re: [請益] 信貸歐印市值型ETF可行嗎?,9
2023/7/24,[請益] 凱利公式怎麼套用在存股,12
2023/7/24,Re: [心得] 存股三年多 歷程分享,49
2023/7/24,[標的] 3689 湧德  伺服器升級多,62
2023/7/24,[新聞] 才因丁特吞2根跌停！遊戲橘子要賠784萬元,100
2023/7/24,[新聞] 美恐擴大晶片禁令 台供應鏈掀波瀾,20
2023/7/24,[標的] 1587 吉茂 伺服器散熱多,34
2023/7/24,Re: [心得] 存股三年多 歷程分享,19
2023/7/24,[新聞] 安全之憂 印度拒絕比亞迪10億美元建廠提,7
2023/7/24,[新聞] 谷月涵：AI股過熱泡沫化危機浮現 台股,84
2023/7/24,[新聞] 105元空緯創已虧10萬 「會被軋爆」 網：,33
2023/7/24,[情報] 112年07月24日信用交易統計,71
2023/7/24,[情報] 0724 上市櫃外資投信同買排行,6
2023/7/24,[標的] 3231 投信為什麼不買緯創 ?,25
2023/7/24,[情報] 0724 上市櫃外資投信買超金額排行,2
2023/7/24,[心得] 存股三年多 歷程分享,45
2023/7/24,Re: [標的] 3231.TW 緯創 散戶融資爆量空,78
2023/7/24,Re: [新聞] 郭台銘做「這事」讓林百里炸鍋！謝金河曝,6
2023/7/24,[新聞] 英業達AI再傳捷報 適用MCU應用之Minima,56
2023/7/24,[情報] 00733成分股審核結果,27
2023/7/24,[心得] 別問我緯創跟技嘉為什麼還在突破新高,31
2023/7/24,[新聞] 原相新款遊戲機+AI感測器，下半年優上,27
2023/7/24,[標的] 8433弘帆 歡樂多,26
2023/7/24,[請益] 受害人多幫Q! 凱崴掏空破億協同教授/天道,63
2023/7/24,[情報] 112/07/24 八大公股銀行買賣超排行,11
2023/7/24,[情報] 3008 大立光112年第二季合併財報&股利分,7
2023/7/24,[標的] 3231.TW 緯創 散戶融資爆量空,-10
2023/7/24,[新聞] 櫃買中心上櫃ESG ETF交易獎勵活動,0
2023/7/24,[情報] 8210 勤誠 第一次處置,10
2023/7/24,[情報] 3035 智原 第一次處置,16
2023/7/24,[新聞] 奇鋐Q2 EPS 3.18元，獲利寫次高，傳躋,14
2023/7/24,[新聞] 0056首次季配僅5天就填息　連續13年填息,25
2023/7/24,[新聞] 台灣彩光與成和簽署最終協議 第4季將於美國上市,5
2023/7/24,[情報] 4763材料-KY 5月自結EPS 5.19,48
2023/7/24,[情報] 1104 環泥 112年6月每股盈餘 0.45,23
2023/7/24,[新聞] 美喆-KY發行CB完成募集5.05億元 7/26上櫃交易,0
2023/7/24,Re: [標的] 9933.TW 中鼎 多,4
2023/7/24,[新聞] 台灣先生谷月涵看台股「指數有機會維持向,56
2023/7/24,[情報] 6235 華孚 6月自結,37
2023/7/24,[新聞] 深耕高階高鎳電池 台泥旗下能元科技南科,12
2023/7/24,[請益] 自動交易程式(已編輯）,8
2023/7/24,[新聞] 廣達6月EPS為1元 賺達首季68％,33
2023/7/24,[情報] 0724 上市外資買賣超排行,72
2023/7/24,[標的] 3231.TW 緯創 拉高空睏霸等數錢,100
2023/7/24,Re: [情報] 2382 廣達 6月自結 1元,35
2023/7/24,[新聞] 台灣先生谷月涵：AI族群有泡沫化疑慮,98
2023/7/24,Re: [請益] 融資是第四法人還是散戶指標？,8
2023/7/24,[請益] 融資是第四法人還是散戶指標？,10
2023/7/24,[情報] 2382 廣達 6月自結 1元,100
2023/7/24,[情報] 112年07月24日 三大法人買賣金額統計表,100
2023/7/24,[情報] 112年07月24日 櫃買法人買賣金額統計表,18
2023/7/24,[情報] 0724 上市投信買賣超排行,32
2023/7/24,[情報] 6150 撼訊 6月自結,28
2023/7/24,[創作] 凌晨三點鐘,23
2023/7/24,[標的] 中信越南基金 vs 富邦越南00885,5
2023/7/24,[新聞] 機票會貴多久?航空董座曝:最快這時回落,20
2023/7/24,[標的] 3231.TW 緯創 長期空,100
2023/7/24,[新聞] 0056連續填息進入第13年 再創高股息 ETF,16
2023/7/24,[閒聊] 2023/07/24 盤後閒聊,20
2023/7/24,[情報] 3465 進泰電子 3701 大眾控 現增申購資訊,9
2023/7/24,Re: [標的] 5469 瀚宇博 短線籌碼多,5
2023/7/24,[請益] 近期適合買營建業股票嗎？,52
2023/7/24,[標的] 1513  中興電 短多,69
2023/7/24,[標的] 6831 邁科 多,1
2023/7/24,[新聞] 面板價揚 友達、群創盈面大,47
2023/7/24,[新聞] 高股息ETF換006208？專家：改換這檔績效,2
2023/7/24,[閒聊] 2023/07/24 盤中閒聊,100
2023/7/24,[新聞] 台積電攻AI掀散熱革命 傳攜手高力、技嘉,40
2023/7/24,[新聞] 面板重頭戲 友達、LGD法說打頭陣,4
2023/7/24,"[新聞] 台股6,000億活水來了 有助大盤打萬七保衛",23
2023/7/24,[新聞] IC設計業坦言客戶拉貨保守 示警旺季落空,27
2023/7/24,Re: [情報] 00878 納入日月光投控、緯創,10
2023/7/24,[新聞] 調高股利所得抵稅額 待財部研議,22
2023/7/24,[標的] 買2883開發金好 還是3231緯創好?,55
2023/7/23,[新聞] 外資對台積電下修潮結束 美銀逆勢喊上720,76
2023/7/23,Re: [請益] 股齡一個月新手認真請益,1
2023/7/23,Re: [請益] 股齡一個月新手認真請益,2
2023/7/23,[標的] 4523永彰 浸沒式散熱內部人偷吃貨 低調多,53
2023/7/23,[新聞] 中國大陸經濟罩烏雲 美國「女股神」清倉,66
2023/7/23,[請益] 股齡一個月新手認真請益,82
2023/7/23,Re: [情報] 00878 納入日月光投控、緯創,19
2023/7/23,[新聞] NVIDIA 進軍 AI 醫療，台股又一波概念股,49
2023/7/23,[新聞] 6檔AI股割韭菜倒數？謝金河見1現象提醒,72
2023/7/23,Re: [請益] 投資型保單跟基金及ETF,8
2023/7/23,[情報] 6569醫揚 處置20分盤(7/24~8/4),16
2023/7/23,[新聞] 憂AI衍生巨大風險 拜登邀7大科技巨頭許安,14
2023/7/23,[標的] 2405輔信 醫療AI 多,49
2023/7/23,Re: [請益] 投資型保單跟基金及ETF,8
2023/7/23,[新聞] 天使輪上千空貨櫃海上漂 恐成另類水雷,19
2023/7/23,Re: [請益] 個股創新高 手中持股創今年新低 怎麼調適,13
2023/7/23,[新聞] 華爾街日報：AI難挽救晶片業,45
2023/7/23,[新聞] 晶圓代工廠下半年營運不旺 今年衰退恐大,28
2023/7/23,[新聞] 快訊／東洋涉內線交易又爆「疑A藥價差」,78
2023/7/23,[新聞] AI伺服器漲價 將催動台積、廣達、雙鴻等,39
2023/7/23,[標的] 投資民生通路股選擇2912和8454,26
2023/7/23,[情報] 7/17~7/21全市場當沖虧損最多的股票,18
2023/7/23,[公告] 07/23 處置公告,6
2023/7/23,[標的] 2388 威盛 多,4
2023/7/23,[請益] 投資型保單跟基金及ETF,100
2023/7/22,Re: [請益] 美國FDA AI應用,11
2023/7/22,Re: [請益] 個股創新高 手中持股創今年新低 怎麼調適,16
2023/7/22,Re: [請益] 重壓的勇氣？,7
2023/7/22,[請益] 只除權.無除息的二代健保如何扣,27
2023/7/22,[心得]關於追逐熱門股時間點與交易風險,8
2023/7/22,[創作] 直到世界盡頭,13
2023/7/22,[請益] 美國FDA AI應用,74
2023/7/22,[新聞] 台灣靠半導體可撐20年？專家驚爆「這項,53
2023/7/22,[新聞] 安克、普生、普瑞博 加快策略合作,5
2023/7/22,Re: [請益] 個股創新高 手中持股創今年新低 怎麼調適,11
2023/7/22,[新聞] Lordstown破產重整案 鴻海促美法院駁回：,5
2023/7/22,[新聞] 外資挺台積電 四理由看好,63
2023/7/22,[請益] 為什麼有的股東會不能錄音錄影 ?,15
2023/7/22,[新聞] 台積CoWoS產能加速 法人點名3檔受惠股,23
2023/7/22,[創作] 求佛,9
2023/7/22,[新聞] 謝金河以廣達為例：投資就是要守株待兔,40
2023/7/22,[標的] 3231緯創 籌碼多 海龜交易法則多,35
2023/7/22,Re: [請益] 重壓的勇氣？,27
2023/7/22,[新聞] 郭台銘做「這事」讓林百里炸鍋！謝金河曝,28
2023/7/22,[標的] 00885富邦越南,29
2023/7/22,[新聞] 方舟伍德：已將ARKK中國曝險全數歸零,64
2023/7/22,Re: [請益] 重壓的勇氣？,18
2023/7/22,[請益] 想破頭到底該繼續存高股息還是現金買房?,62
2023/7/22,[新聞] 謝金河大膽預測：AI浪潮將成護國群山,84
2023/7/22,[新聞] 台積成交量創近1個月新高 零股買盤大爆發,24
2023/7/22,[新聞] 勤誠6月每股純益0.87元 訂單升溫,21
2023/7/22,[新聞] 你丟？她撿！「女股神」伍德加碼大買台積,99
2023/7/22,[新聞] 一週熱門零股 聯電 欣興等四檔 進十強,4
2023/7/22,[公告] chevy123orz 自刪標的文,0
2023/7/22,Re: [標的] 1101台泥 (攤平討論),18
2023/7/22,[公告] 0722 水桶,0
2023/7/22,[心得] 美股股息冠軍歷史資料整理網站,17
2023/7/22,[新聞] 鴻華先進掛牌創新板 過關,25
2023/7/22,Re: [標的] 4908.TW 前鼎 多,10
2023/7/22,Re: [標的] 1101台泥 (攤平討論),100
2023/7/22,[新聞] 《半導體》台積電股價重挫 外資送暖續挺,31
2023/7/21,[心得] 權證新手運,39
2023/7/21,[請益] 人在國外能否下單買賣股票？,51
2023/7/21,Re: [請益] 重壓的勇氣？,13
2023/7/21,[新聞] 中華電深化泰國布局 展出智慧製造解決方,5
2023/7/21,[新聞] 中科歡慶20歲生日 友達 台積電獲頒「園區,10
2023/7/21,Re: [標的] 1101台泥 (攤平討論),30
2023/7/21,[新聞] 辛耘轉投資公司蔚華科 布局先進製程商機,12
2023/7/21,[公告] 7/21處置公告,3
2023/7/21,[情報] 112年07月21日信用交易統計,62
2023/7/21,[新聞] 降低倚賴台積電？蘇姿丰：AMD將分散生產,53
2023/7/21,[新聞] 35萬多股民關注！ 永豐金8／9除權息現金,19
2023/7/21,Re: [標的] 1101台泥 (攤平討論),11
2023/7/21,[標的] 1101台泥 (攤平討論),100
2023/7/21,Re: [請益] 重壓的勇氣？,25
2023/7/21,[新聞] AI頂級會議又在臺舉辦，兩大巨頭分享生,36
2023/7/21,[新聞] 法官判「賠償丁特785萬」　遊戲橘子868,99
2023/7/21,[情報] 0721 上市櫃外資投信同買排行,4
2023/7/21,[情報] 0721 上市櫃外資投信買超金額排行,1
2023/7/21,[標的] 3023信邦 營收月月高多多,5
2023/7/21,[情報] 2323 中環 取得長榮海運股票,48
2023/7/21,[情報] 112/07/21 八大公股銀行買賣超排行,16
2023/7/21,[情報] 6547高端疫苗 新冠疫苗澳洲登記案,94
2023/7/21,[新聞] 過半散戶看好美股半年內走高 樂觀情緒創2,28
2023/7/21,[情報] 勤誠6月每股淨利0.87元,35
2023/7/21,[新聞] 丁特告贏遊戲橘子！法官判決：賠償丁特784萬875元,100
2023/7/21,[新聞] 台泥氣化爐即將試燒 花蓮縣府：現階段不,5
2023/7/21,[情報] 112年07月21日 櫃買法人買賣金額統計表,12
2023/7/21,Re: [標的] 緯創 or AMD AI做夢股 討論,54
2023/7/21,[新聞] 友達49吋曲面電競顯示面板 獲頒2023年中,21
2023/7/21,[情報] 0721 上市外資買賣超排行,87
2023/7/21,[新聞] 00878變飆股 他躲台股屠殺 高歌離席爽賺,54
2023/7/21,[新聞] 英業達攜超微 研發新品,39
2023/7/21,[情報] 112年07月21日 三大法人買賣金額統計表,100
2023/7/21,Re: [標的] 9110.TW 越南控 複製三陽多,7
2023/7/21,[新聞] 護國神山法說黯淡 外資寄望AI添曙光,12
2023/7/21,[情報] SCFI 20230721 966.45 -12.66,18
2023/7/21,[新聞] AI煉鋼！中鋼智慧化高爐，竟有預測製程,99
2023/7/21,[情報] 中興電收到判決書之說明,35
2023/7/21,[情報] 0721 上市投信買賣超排行,38
2023/7/21,[情報] 台燿6月自結盈餘,23
2023/7/21,[標的] 壽險金控接下來上漲要靠什麼？,17
2023/7/21,[心得] 大跌交易應對心得分享,19
2023/7/21,[閒聊] 2023/07/21 盤後閒聊,100
2023/7/21,[情報] 6751 智聯服務 現金增資公開申購資訊,4
2023/7/21,Re: [情報] 中興電澄清媒體報導,22
2023/7/21,Re: [標的] 6223 旺矽 多,0
2023/7/21,[標的] 2301光寶科 3231緯創 想投資買哪個好呢？,50
2023/7/21,[新聞] 鴻海參展亞太永續博覽會 MODEL C現身吸睛,9
2023/7/21,Re: [標的] 智原川湖宜特力致閎康晶呈,83
2023/7/21,[新聞] 南僑上半年EPS 1.47元 優於去年同期,14
2023/7/21,[情報] 中興電澄清媒體報導,54
2023/7/21,[標的] 9904 寶成,38
2023/7/21,[新聞] Fed前主席柏南克說 7月升息可能是最後一,35
2023/7/21,Re: [標的] 神達 山頂凹單多,40
2023/7/21,[標的] 9110.TW 越南控 複製三陽多,12
2023/7/21,Re: [新聞] 快訊／台積電法說會變法會？　ADR盤前下,8
2023/7/21,[新聞] 《電機股》中興電救股價 公司評估實施庫,71
2023/7/21,Re: [新聞] 連十黑！ 我6月外銷訂單年減24.9%,2
2023/7/21,[新聞] 資金轉進傳產 16檔法人按讚,34
2023/7/21,[新聞] 台積電先進封裝委外 傳買設備擴產 日月,23
2023/7/21,[閒聊] 2023/07/21 盤中閒聊,100
2023/7/21,Re: [新聞] 連十黑！ 我6月外銷訂單年減24.9%,22
2023/7/21,[標的] 1708東鹼 無腦歐印非電股短線多,15
2023/7/21,[新聞] 樂看台股H2破萬八 散戶錢進股市意願高,32
2023/7/21,[新聞] 台積電ADR大跌5% 下修財測與美廠延後拖,25
2023/7/21,[新聞] 連十黑！ 我6月外銷訂單年減24.9%,43
2023/7/21,[新聞] 成衣業報喜 奧運大單來了,26
2023/7/21,[新聞] 台積電法說會二度下修展望 總裁魏哲家坦,19
2023/7/21,Re: [新聞] Fed睜眼瞎？打通膨反促通縮 大摩急喊：美,0
2023/7/21,[心得] 00878高歌離席,100
2023/7/21,[新聞] 00878犀利 漲幅贏大盤,12
2023/7/21,[新聞] 友達 群創搶進Micro LED 面板雙虎攻穿戴,17
2023/7/21,[新聞] Fed睜眼瞎？打通膨反促通縮 大摩急喊：美,34
2023/7/21,Re: [情報] 4763 材料-KY 現金增資 發行價531元,3
2023/7/20,[新聞] 〈財報〉上季營收創歷史新高 美國航空調,55
2023/7/20,[情報] 112年07月20日信用交易統計,100
2023/7/20,[新聞] 台積編織AI美夢 CoWoS供應鏈擔綱要角,35
2023/7/20,[標的] 2883開發金等,100
2023/7/20,[標的] 2330.TW台積電 是不是該賣了?,100
2023/7/20,Re: [標的] 2409 友達 (2023.07面板報價),54
2023/7/20,[新聞] AI別賣太早！外資爆驚人目標價 緯創176廣,99
2023/7/20,[新聞] 公平會有條件通過遠傳併亞太 資費應兼顧,13
2023/7/20,[情報] 0720 上市櫃外資投信同買排行,1
2023/7/20,[新聞] 調查顯示，投資者對美股的回報率預期創下2022年熊市以來最,5
2023/7/20,Re: [新聞] 快訊／台積電法說會變法會？　ADR盤前下,60
2023/7/20,[情報] 0720 上市櫃外資投信買超金額排行,3
2023/7/20,[標的] 亞航(2630)整體來說有長期投資的價值嗎,6
2023/7/20,[新聞] 台積法說變法會?網見台指期慘:這下真BI,23
2023/7/20,[新聞] 快訊／台積電法說會變法會？　ADR盤前下,51
2023/7/20,[情報] 112/07/20 八大公股銀行買賣超排行,32
2023/7/20,[情報] 6592 和潤企業 現金增資發行乙種特別股,18
2023/7/20,[新聞] 台積CoWoS 產能爆滿 輝達訂單外溢 傳矽品,45
2023/7/20,[新聞] AI帶動大牛跳舞 台股高息ETF今年填息靚,4
2023/7/20,[新聞] ADI攜手鴻海 打造新一代車輛數位座艙平台,22
2023/7/20,[情報] 1513 中興電工 推選 新董事長、副董事長,29
2023/7/20,[標的] 亞泥(1102)整體來說有長期投資的價值嗎,42
2023/7/20,[新聞] 台積電法說會／美國新廠4奈米量產將延至2,100
2023/7/20,[新聞] 〈台積電法說〉AI需求熱不敵庫存調整 二,52
2023/7/20,[情報] 0720 上市外資買賣超排行,100
2023/7/20,Re: [情報] 台積電Q2線上法說會,32
2023/7/20,[情報] 112年07月20日 櫃買法人買賣金額統計表,17
2023/7/20,Re: [標的] 4743 合一,10
2023/7/20,[新聞] 聯詠、瑞鼎 長期動能無虞,8
2023/7/20,[情報] 4763 材料-KY 現金增資 發行價531元,43
2023/7/20,[情報] 2330 台積電 2023/Q2回顧 Q3展望,42
2023/7/20,[情報] 中興電法人董事代表人變動,37
2023/7/20,Re: [情報] 台積電Q2線上法說會,65
2023/7/20,[情報] 112年07月20日 三大法人買賣金額統計表,51
2023/7/20,[情報] 0720 上市投信買賣超排行,41
2023/7/20,Re: [請益] 美債是要買越長天期的越好嗎?,12
2023/7/20,[情報] 3483 力致 6月自結 1.12,30
2023/7/20,[請益] 00878停利換大盤ETF?,50
2023/7/20,[閒聊] 2023/07/20 盤後閒聊,44
2023/7/20,[標的] 4743 合一,41
2023/7/20,[情報] 台積電Q2線上法說會,100
2023/7/20,Re: [心得] 長榮航 低空跳機,35
2023/7/20,Re: [標的] 4154 樂威科發生什麼事了?,5
2023/7/20,[情報] 2330台積公司2023Q2每股盈餘7.01元,100
2023/7/20,[標的] 1752南光 小小多,3
2023/7/20,Re: [請益] 權證是不是很黑....,10
2023/7/20,[情報] 6443 元晶 現金增資公開申購資訊,15
2023/7/20,[公告] babyno FUkobeCK 自刪標的文,11
2023/7/20,[標的] 2356英業達 處置空。已認錯小賺便當錢,0
2023/7/20,[新聞] 中興電受雲豹甲車案影響連2根跌停 重電,52
2023/7/20,[標的] 5469 瀚宇博 短線籌碼多,17
2023/7/20,Re: [心得] 股乾爹覺得目前有可能跟1999年有點像,4
2023/7/20,[新聞] 43.9%民眾看好台股衝過18000點！,73
2023/7/20,[新聞] 毛利優化 儒鴻、聚陽明年將重返正成長,7
2023/7/20,[新聞] 華航首航布拉格 訂位滿到8月,20
2023/7/20,[標的] 6676 祥翊  五個藥證多,8
2023/7/20,[新聞] 買電動車再等等？馬斯克再次放話：特斯,59
2023/7/20,[新聞] 華碩發表 H100 AI 伺服器新品，訂單滿到明年,80
2023/7/20,[新聞] 退休師誤信名人投資廣告遭詐900萬　2車手,38
2023/7/20,[請益] 美債是要買越長天期的越好嗎?,60
2023/7/20,[新聞] 北大學者：中國青年實際失業率46.5%,80
2023/7/20,[新聞] 過半民眾認為下半年股市跌破萬五　高點超,44
2023/7/20,Re: [新聞] 亞泥中國H1臉綠 亞泥跌幅逾3.5%,2
2023/7/20,[新聞] 力積電法說 總座：明年AI應用更廣泛 下,25
2023/7/20,[新聞] 亞泥中國H1臉綠 亞泥跌幅逾3.5%,9
2023/7/20,[新聞] 清空後又買回長榮、陽明 網讚台驊神操作,9
2023/7/20,[請益] 權證是不是很黑....,71
2023/7/20,[新聞] 中興電連跌2根　謝金河：一失足成千古恨,57
2023/7/20,[標的] 6120 達運持有多,9
2023/7/20,[新聞] 美國不賣零件 長江存儲CEO：設備無法修復,66
2023/7/20,[新聞] 三星搶單台積電? 蘇姿丰︰你相信韓媒嗎,100
2023/7/20,[閒聊] 2023/07/20 盤中閒聊,100
2023/7/20,[新聞] 台積電今法說 外資先按讚,60
2023/7/20,[新聞] 特斯拉Q2營收創新高 但降價導致利潤率下,34
2023/7/20,[新聞] 傳蘋果悄悄開發「Apple GPT」 力拚OpenAI,28
2023/7/20,Re: [心得] 股乾爹覺得目前有可能跟1999年有點像,12
2023/7/20,[標的] 6223 旺矽 多,8
2023/7/20,Re: [標的] 2353宏碁持有,16
2023/7/20,Re: [標的] TSLA.US,13
2023/7/19,[新聞] 超微創新日 蘇姿丰:未來5年AI無所不在,52
2023/7/19,[請益] 有即時起漲或下跌通知的APP嗎,30
2023/7/19,[請益] 大陸恆大相關股票？,25
2023/7/19,[情報] 6217 中探針 公告除息基準日,14
2023/7/19,[標的] 1795.TW 美時 生技展多,11
2023/7/19,[標的] TSLA.US,59
2023/7/19,[新聞] 中國對日本水產品實施100%檢驗,78
2023/7/19,[新聞] 中芯國際兩年內二度換帥 新董事長有大基,37
2023/7/19,[新聞] 證交所推出ESG Infohub網站 帶來全新永,8
2023/7/19,[心得] 股乾爹覺得目前有可能跟1999年有點像,100
2023/7/19,Re: [請益] 馬斯克是不是個騙子?,0
2023/7/19,[新聞] 客戶母公司破產 宣德：曝險1.56億占總資,11
2023/7/19,[新聞] SpaceX 比特斯拉值錢？如果用這個指標衡,23
2023/7/19,[情報] 112年07月19日信用交易統計,41
2023/7/19,[新聞] 台股爆量震盪258點！收跌111點 失守5日線,18
2023/7/19,[情報] 0719 上市櫃外資投信同買排行,6
2023/7/19,[請益] 存股的標的股價暴漲怎麼操作？,34
2023/7/19,[情報] 0719 上市櫃外資投信買超金額排行,1
2023/7/19,Re: [請益] 停利停損怎麼判斷？,15
2023/7/19,Re: [請益] 馬斯克是不是個騙子?,13
2023/7/19,[新聞] AMD 蘇姿丰：相當倚重台積電 否則無法推,26
2023/7/19,[請益] 共同基金是怎麼沒落的,8
2023/7/19,[新聞] 華城中興電 啖能源轉型題材,41
2023/7/19,Re: [心得] 英業達持有,4
2023/7/19,[新聞] 欣興董座曾子章與AMD執行長蘇姿丰會面,48
2023/7/19,[新聞] 台積電法說前 外資小買超但投信及自營商,0
2023/7/19,[標的]  QQQ .US成份股,25
2023/7/19,[情報] 1513 中興電工 認列法院判決之財務損失,63
2023/7/19,Re: [情報] 中興電澄清媒體報導,15
2023/7/19,[情報] 0719違約交割,52
2023/7/19,[情報] 中興電公告本公司董事長辭任,38
2023/7/19,[情報] 2885 元大金 子公司處分廣達股票,60
2023/7/19,[情報] 112/07/19 八大公股銀行買賣超排行,18
2023/7/19,[標的] 4154 樂威科發生什麼事了?,2
2023/7/19,Re: [標的] 軍工概念股是不是人走茶涼了,4
2023/7/19,[情報] 2356 英業達 第一次處置,100
2023/7/19,[新聞] 美參議院通過台美21世紀倡議 外交部：美,38
2023/7/19,[情報] 6770 力積電 Q2自結 0.15 累計 0.20,27
2023/7/19,[新聞] 三商壽淨值比 連三期未達標,23
2023/7/19,[新聞] 力積電總座：至今仍缺乏長期需求訊號，下,34
2023/7/19,[新聞] 中華電語音警示上線2天 NCC：疑似詐騙電,10
2023/7/19,[新聞] 民生消費產業薪水墊底！人力銀行調查：,28
2023/7/19,[新聞] 路透調查：多數經濟學家認為7月是Fed最,26
2023/7/19,Re: [標的] 1513 中興電持有,65
2023/7/19,[情報] 2421 建準 6月自結0.56 Q2:1.72,26
2023/7/19,[新聞] 創高背離不太妙 台股進入「大怒神」巨震,29
2023/7/19,[情報] 0719 上市外資買賣超排行,83
2023/7/19,[新聞] 超微低調舉行供應鏈閉門會議 蘇姿丰媒體,42
2023/7/19,[標的] 信錦1582、信邦3023、合一4743 小量多,15
2023/7/19,[新聞] 被AI捧上天！「00878」股價狂漲　達人洩,37
2023/7/19,[新聞] 快訊／AMD蘇姿丰露面！親提台積電合作,91
2023/7/19,Re: [標的] SCHW US,3
2023/7/19,[標的] 1513 中興電持有,96
2023/7/19,[情報] 112年07月19日 櫃買法人買賣金額統計表,27
2023/7/19,[情報] 112年07月19日 三大法人買賣金額統計表,98
2023/7/19,[標的] 3035智原持有,7
2023/7/19,[標的] 6533.TW 晶心科,7
2023/7/19,[情報] 0719 上市投信買賣超排行,35
2023/7/19,[標的] 2353宏碁持有,23
2023/7/19,[標的] 2371 大同持有,0
2023/7/19,[請益] 停利停損怎麼判斷？,53
2023/7/19,[創作] 手放開,16
2023/7/19,[閒聊] 2023/07/19 盤後閒聊,50
2023/7/19,[標的] 軍工概念股是不是人走茶涼了,88
2023/7/19,[情報] 2630 亞航 現金增資公開申購資訊,6
2023/7/19,Re: [請益] 今天 我買進了AI概念股,16
2023/7/19,[標的] 8436 大江 東去突破區間多,16
2023/7/19,Re: [新聞] IMF前官員：中國經濟恐難在未來10-20年超,46
2023/7/19,[新聞] 瑞信看好PC、AI需求 緯創目標價創新高,12
2023/7/19,[標的] 3231 緯創 移動停利多,12
2023/7/19,Re: [請益] 交易金額多少才能跟元大談手續費,19
2023/7/19,[標的] 1438 三地開發 蘇媽AI乖乖多,22
2023/7/19,[標的] 3035智原2059川湖3289宜特3483力致3587閎康4768晶呈,41
2023/7/19,[新聞] 韓媒：三星4奈米良率改善,43
2023/7/19,[標的] 長榮航 膝蓋斬空 2618.tw,4
2023/7/19,[情報] 中興電澄清媒體報導,77
2023/7/19,Re: [標的] 大盤 葡萄旺季空,1
2023/7/19,[新聞] 爆20億弊案！中興電摜殺跌停 4萬張賣不掉,58
2023/7/19,[新聞] 赴美ADR近20年 中華電市值翻倍,26
2023/7/19,[標的] 4938.TW 和碩拉回多,100
2023/7/19,[新聞] 鴻海印度子公司 備戰i15,10
2023/7/19,"[情報] 微軟, META合作 Llama2上 Azure",6
2023/7/19,[新聞] 明泰收購案爆內線交易　前仲琦女副董劉美,5
2023/7/19,[新聞] AMD蘇姿丰炫風來台訪供應鏈！MI300掀哪,10
2023/7/19,[新聞] 花旗：Nvidia 稱霸 AI 加速器市場 股價有,15
2023/7/19,"Re: [標的] 納斯達克, 費半 以2008股災預測走勢",18
2023/7/19,[閒聊] 2023/07/19 盤中閒聊,99
2023/7/19,[新聞] 《科技》資服商 H2猛攻企業上雲,2
2023/7/19,[新聞] 〈美股盤後〉輝達微軟再寫輝煌 標普那指,4
2023/7/19,Re: [新聞] 中華電攻雲AI 揪AMD輝達結盟,3
2023/7/19,[新聞] 中華電攻雲AI 揪AMD輝達結盟,25
2023/7/19,[新聞]  富士康撤出印度芯片廠，但全球企業仍,18
2023/7/19,Re: [請益] TQQQ VS SOXL 右側上哪台車???,16
2023/7/19,[公告] 07/19 處置公告,7
2023/7/19,Re: [標的] 00670L 富邦NASDAQ正2,39
2023/7/19,[新聞] 印度擬禁稻米出口 恐推升全球價格,70
2023/7/19,[標的] MSFT.US 真AI霸主多,42
2023/7/18,[新聞] 聚陽AI醫療衣進軍美國 董座周理平：FDA已,68
2023/7/18,[新聞] 蘇姿丰訪台再掀AI風潮 將會見童子賢、魏,23
2023/7/18,[新聞] 群聯推出獨創AI服務方案 擴大儲存於應用,3
2023/7/18,[新聞] 蘇姿丰訪台 中華電將參與超微合作夥伴會議,100
2023/7/18,[標的] 2520 冠德 波段多,31
2023/7/18,[情報] 7/18全市場當沖虧損最多的股票,24
2023/7/18,[標的] 6405悅城 3D-IC異質整合封裝,8
2023/7/18,Re: [新聞] 00692成分股大汰換 新納入30檔出列,28
2023/7/18,[新聞] IMF前官員：中國經濟恐難在未來10-20年超,47
2023/7/18,Re: [標的] SCHW US,8
2023/7/18,[新聞] 中興電雲豹甲車案二審 董座江義福請辭,39
2023/7/18,Re: [標的] 迪士尼 罷工多,24
2023/7/18,[情報] 112年07月18日信用交易統計,58
2023/7/18,[新聞] 高盛、小摩下修衰退率：降通膨不一定會擊,20
2023/7/18,[標的] 迪士尼 罷工多,10
2023/7/18,[新聞] 英業達6月每股賺0.26元 單月賺贏第一季,37
2023/7/18,[情報] 1513 中興電 XXXXXXXXXXXXXXXXXXXXXXXXX,100
2023/7/18,[新聞] 中興電涉雲豹甲車案「確定沒入20億」 公,100
2023/7/18,[請益] 請問證券戶留印鑑有什麼用？,9
2023/7/18,[新聞] 終於公佈！中國恆大過去2年慘虧2.5兆,80
2023/7/18,[請益] 要怎麼抓到航運又抓到AI,63
2023/7/18,[新聞] 藥華藥攜美商VIZURO導入因果AI,12
2023/7/18,[新聞] 00692成分股大汰換 新納入30檔出列,21
2023/7/18,[心得] 今天第一次放空慘遭多空雙巴,69
2023/7/18,[新聞] 驅動IC族群 營運不同調,6
2023/7/18,[新聞] 被智慧機拖累！三星晶圓代工上半年大虧,28
2023/7/18,[情報] 112/07/18 八大公股銀行買賣超排行,20
2023/7/18,[標的] 9933.TW 中鼎 多,13
2023/7/18,[情報] 0718 上市櫃外資投信同買排行,6
2023/7/18,[情報] 0718 上市櫃外資投信買超金額排行,4
2023/7/18,[新聞] 網通廠收購案爆內線交易　前副董涉利用,18
2023/7/18,[新聞] 蘇媽加持4大類股走強 與伺服器有關先加,4
2023/7/18,[新聞] 「當紅炸子雞」形成泡沫？法人這樣看AI,0
2023/7/18,[新聞] 台股跌逾百點 金管會喊：基本面尚稱穩健,99
2023/7/18,[新聞] AI概念股神達 今年6月EPS達0.17元,55
2023/7/18,[新聞] 三星重工傳拿下長榮海運970億大單 打造16,52
2023/7/18,[請益] 配息入錯帳號,15
2023/7/18,[情報] 00900 成分股審核(增27剔27）,100
2023/7/18,Re: [請益] 請教債券etf,2
2023/7/18,[情報] 0718 上市外資買賣超排行,74
2023/7/18,[情報] 112年07月18日 櫃買法人買賣金額統計表,26
2023/7/18,[標的] 00919 TW 群益精選高息 填息股利多,14
2023/7/18,[情報] 2356 英業達 6月自結 0.26,99
2023/7/18,[新聞] 仁寶董座究竟能否順利退休？今早打開漲,40
2023/7/18,[情報] 2867 三商壽 112年上半年度自結 -1.06,31
2023/7/18,[新聞] AI晶片輸陸禁令 美大咖不挺 揭2致命苦果,16
2023/7/18,[情報] 112年07月18日 三大法人買賣金額統計表,100
2023/7/18,[情報] 0718 上市投信買賣超排行,45
2023/7/18,[創作]Lydia,22
2023/7/18,[新聞] 0050、0056除息表現疲弱 00929除息前最後,24
2023/7/18,Re: [新聞] 日企超頭痛！台積電熊本廠員工時薪超驚人,43
2023/7/18,[閒聊] 2023/07/18 盤後閒聊,58
2023/7/18,[新聞] 音樂才女變CEO！蘇姿丰「下一個巨大挑戰,32
2023/7/18,[請益] 請教債券etf,14
2023/7/18,[新聞] AI醫療佈局收割＋持股緯創市值大增，宏碁,17
2023/7/18,[新聞] PC族群挾AI題材群魔亂舞遭急殺！ 外資,84
2023/7/18,Re: [新聞] 日企超頭痛！台積電熊本廠員工時薪超驚人,0
2023/7/18,[新聞] 無薪假海嘯襲向自行車業 製造業現有22,24
2023/7/18,[新聞] AI商機 恐成史上最大泡沫,100
2023/7/18,[請益] 為什麼現在很多企業都在講永續經營？,68
2023/7/18,[新聞] 日企超頭痛！台積電熊本廠員工時薪超驚人,77
2023/7/18,[標的] 2436.TW 偉詮電 創高拉回後多,11
2023/7/18,[新聞] 「台灣奪走美國半導體業工作」 川普憂吐1,100
2023/7/18,[新聞] 蘋果M3晶片今年可望問世 欣興供應載板成,24
2023/7/18,[請益] 同一家券商開兩個帳戶會不會很麻煩？,24
2023/7/18,[標的] 1236 宏亞(77乳加) 多,27
2023/7/18,[閒聊] 2023/07/18 盤中閒聊,99
2023/7/18,[情報] 4569 六方科-KY 現金增資公開申購資訊,4
2023/7/18,[新聞] AMD刮旋風 顯卡廠股價轟動,17
2023/7/18,[情報] 熱門&規模大的ETF 2023年1~6月內扣費用率,20
2023/7/18,Re: [標的] 2603.TW長榮,0
2023/7/18,[標的] 3037 欣興 多,58
2023/7/18,[標的] 3479安勤──仁寶漲停多,12
2023/7/18,[新聞] 6579 研揚 六月 自結1.58元 年增26.15％,29
2023/7/17,[情報] 7/17全市場當沖虧損最多的股票,23
2023/7/17,Re: [創作] 處置王 - 功能介紹 (不限額快閃回饋),15
2023/7/17,[新聞] 黑海糧食協議今到期 俄羅斯宣布中止執行,22
2023/7/17,[心得] 國泰證券不愉快的申購經驗,8
2023/7/17,[請益] 元大美股交易,40
2023/7/17,[標的] 大盤 第五紀冰河時期 空,5
2023/7/17,[情報] 112年07月17日信用交易統計,46
2023/7/17,Re: [情報] 4743 合一 Bonvadis疤痕外用乳膏取得歐盟,13
2023/7/17,[請益] 券商,19
2023/7/17,Re: [標的] 2324仁寶補漲多,11
2023/7/17,[情報] 2891 中信金 乙、丙特別股 股息分派調整,9
2023/7/17,Re: [新聞] 女比男更會投資？網曝「勝率高」主因：,12
2023/7/17,Re: [標的] 2356 英業達--借券22萬張 嘎爆多,33
2023/7/17,[情報] 0717 上市櫃外資投信同買排行,1
2023/7/17,Re: [新聞] 女比男更會投資？網曝「勝率高」主因：,10
2023/7/17,[標的] 台亞 2340 華孚2.0之轉型飆股多多多,13
2023/7/17,[新聞] 外資上週買超290億元 加碼群創逾8萬張最,9
2023/7/17,[標的] 6161捷波 蘇姿丰來台+輝達合作夥伴研揚入,42
2023/7/17,[新聞] 台積電建2奈米廠 高雄市府證實,85
2023/7/17,[情報] 2636 台驊投控 取得陽明海運股票,8
2023/7/17,[情報] 2636 台驊投控 取得長榮海運股票,49
2023/7/17,[情報] 112/07/17 八大公股銀行買賣超排行,23
2023/7/17,Re: [新聞]台積電3奈米良率出乎意料傳未達大客戶標準,11
2023/7/17,[標的] 3034.TW 聯詠 停利的心得,17
2023/7/17,[新聞] 女比男更會投資？網曝「勝率高」主因：,56
2023/7/17,[情報] 0717 上市櫃外資投信買超金額排行,0
2023/7/17,[情報] 5312 寶島科 取得台積電股票,17
2023/7/17,Re: [新聞]台積電3奈米良率出乎意料傳未達大客戶標準,25
2023/7/17,[情報] 112年07月17日 櫃買法人買賣金額統計表,15
2023/7/17,[新聞] 華城攜手美商 合攻儲能,45
2023/7/17,[新聞]SpaceX曾來台尋求合作遭拒 多家外商有興趣,32
2023/7/17,Re: [請益] 大家怎麼看這一波AI浪潮,29
2023/7/17,Re: [新聞]台積電3奈米良率出乎意料傳未達大客戶標準,0
2023/7/17,[情報] 0717 上市外資買賣超排行,100
2023/7/17,[新聞] 網瘋傳12檔AI股順口溜 股價短線恐有過,42
2023/7/17,[新聞] 搶搭AI潮 台積高雄廠切入2奈米,56
2023/7/17,Re: [標的] 良維 6290 主升段ING 補漲多多多,21
2023/7/17,[情報] 0056 元大高股息預估收益分配占比,24
2023/7/17,[情報] 112年07月17日 三大法人買賣金額統計表,49
2023/7/17,[情報] 0717 上市投信買賣超排行,21
2023/7/17,[新聞] 台積周四法說恐投下震撼彈,100
2023/7/17,Re: [請益] 國泰證券app的配股配息查詢,4
2023/7/17,[新聞] LIVE／半導體女王來了！　松機直擊AMD執,100
2023/7/17,[閒聊] 2023/07/17 盤後閒聊,77
2023/7/17,Re: [請益] 大家怎麼看這一波AI浪潮,10
2023/7/17,[新聞] 與華映連帶清償131億元 大同：非當事人,21
2023/7/17,[新聞] 光阻劑材料供應商陶氏化學美國路易斯安那廠區發生爆炸,27
2023/7/17,[新聞] 錸德 今年餐飲營收戰4億,51
2023/7/17,[新聞] 《電腦設備》宏碁 外資連續買超,15
2023/7/17,[新聞] 全民瘋AI！融資暴增幅度首次超過台股漲幅,41
2023/7/17,[新聞] 拜登法案襄助，網通明年需求回升，法人高,18
2023/7/17,[標的] 6414.TW 樺漢 AI假議題 長空,15
2023/7/17,[新聞] 蘇姿丰訪台將會面幹部 和碩盤中漲停寫2年,22
2023/7/17,Re: [請益] 進入股市 3年賠掉 50%本金,18
2023/7/17,Re: [心得] 00878入袋為安,44
2023/7/17,[心得] 股市與人生(完結篇),19
2023/7/17,Re: [心得] 大成1210 低歌離席,9
2023/7/17,Re: [標的] 合一生技 多,43
2023/7/17,Re: [標的] 2618 搭乘長榮航，飛上平流層,61
2023/7/17,Re: [請益] 大家怎麼看這一波AI浪潮,32
2023/7/17,Re: [請益] 大家怎麼看這一波AI浪潮,9
2023/7/17,[閒聊] 2023/07/17 盤中閒聊,100
2023/7/17,[新聞] 0050、0056等18檔ETF今是最後買進日！,30
2023/7/17,[新聞] 航空雙雄6月營收創同期高,10
2023/7/17,[新聞] 內外資升評喊買 大立光目標價直逼3字頭,10
2023/7/17,[新聞] AMD 執行長蘇姿丰班機延後今天不露面 鎖,15
2023/7/17,Re: [請益] 大家怎麼看這一波AI浪潮,15
2023/7/17,Re: [請益] 進入股市 3年賠掉 50%本金,0
2023/7/17,Re: [新聞] 機票太貴旅客紛避開7月最大旺月　航空,2
2023/7/17,Re: [請益] 有非基本、技術、籌碼、消息面的門派嗎？,2
2023/7/16,[請益] 進入股市 3年賠掉 50%本金,99
2023/7/16,[心得] 長榮航 低空跳機,100
2023/7/16,[新聞] 長榮航填息失靈免驚 營收創高後旺季在後,53
2023/7/16,Re: [標的] 6177達麗 穩健安心多,4
2023/7/16,[標的] 3694海華 蘇姿丰訪問和碩+輝達認證,75
2023/7/16,[公告] 07/16 處置公告,19
2023/7/16,Re: [請益] 有非基本、技術、籌碼、消息面的門派嗎？,30
2023/7/16,[新聞] CPTPP今討論兩岸入會申請案,96
2023/7/16,[新聞] 快訊／緊急通知！AMD蘇姿丰明赴陽明交大,99
2023/7/16,[新聞]台積電3奈米良率出乎意料傳未達大客戶標準,98
2023/7/16,[新聞] 新北市三重建案頂樓失火 消防員深夜撲滅,28
2023/7/16,[請益] 國泰證券app的配股配息查詢,15
2023/7/16,[新聞] 台積電算盤打得精 拒買台電5元綠電,67
2023/7/16,[標的] 緯創 or AMD AI做夢股 討論,25
2023/7/16,Re: [標的] 2618 長榮航 空,20
2023/7/16,Re: [標的] 緯創=長榮2.0多,9
2023/7/16,[請益] 怎麼抓取yahoo股票當日成交價成交量??,3
2023/7/16,[新聞] 華星光 股價再創新高,32
2023/7/16,Re: [標的] 緯創=長榮2.0多,24
2023/7/16,Re: [請益] 大家怎麼看這一波AI浪潮,2
2023/7/15,Re: [請益] 大家怎麼看這一波AI浪潮,11
2023/7/15,Re: [請益] 大家怎麼看這一波AI浪潮,22
2023/7/15,[創作] 什麼都不必説,10
2023/7/15,Re: [請益] 大家怎麼看這一波AI浪潮,10
2023/7/15,[新聞] MLCC出貨看增 這些廠業績動起來,31
2023/7/15,[公告] 7/15 處置公告-3,2
2023/7/15,[標的] 3231 緯創=長榮2.0多,97
2023/7/15,Re: [請益] 大家怎麼看這一波AI浪潮,12
2023/7/15,[新聞] 緯創「被關第1天」PTT料中下場 噴到600,17
2023/7/15,[新聞] 與中國華映官司遭判賠131億 大同：將上,44
2023/7/15,[情報] 2022上市櫃-員工薪資中位數-圖表版(更新),32
2023/7/15,[請益] AI浪潮的終點？,81
2023/7/15,[新聞] 大同 福建省高級人民法院訴訟案判決結果,41
2023/7/15,Re: [請益] 有非基本、技術、籌碼、消息面的門派嗎？,6
2023/7/15,Re: [請益] 大家怎麼看這一波AI浪潮,3
2023/7/15,Re: [請益] 大家怎麼看這一波AI浪潮,75
2023/7/15,[標的] $TSLA Cybertruck正式量產 多,21
2023/7/15,[新聞] 馬斯克新創xAI公司 將與推特、特斯拉密,32
2023/7/15,[請益] 大家怎麼看這一波AI浪潮,100
2023/7/15,[公告] 07/15 處置公告,14
2023/7/15,Re: [心得] 華航 低割跳機離席,32
2023/7/15,[新聞] 機票太貴旅客紛避開7月最大旺月　航空,100
2023/7/15,[情報] 7/10~7/14全市場當沖虧損最多的股票,41
2023/7/15,[請益] 投信本身能夠靠ETF折溢價套利嗎?,13
2023/7/15,Re: [標的] 良維 6290 主升段ING 補漲多多多,16
2023/7/15,Re: [新聞] 沒買到AI飆股緯創嗎？　「緯」字輩緯軟今,34
2023/7/15,[公告] 0715 水桶,0
2023/7/15,Re: [情報] SCFI 20230714 979.11 +47.38,15
2023/7/15,[標的] 6190.tw 萬泰科多,25
2023/7/14,[標的] 2618 長榮航 空,87
2023/7/14,[新聞] 速必一乳膏獲衛生福利部給付核准,49
2023/7/14,[新聞] AI熱潮延燒 仁寶、欣興沾光,24
2023/7/14,[新聞] 投資人注意！兩大ETF配息金額出爐,24
2023/7/14,[新聞] AI股狂飆 童子賢：大海航行要小心風浪,53
2023/7/14,[新聞] 摩根大通升逾3%:淨利潤大增67% 營收超400,14
2023/7/14,[情報] 112年07月14日信用交易統計,99
2023/7/14,Re: [標的] 美股 TMF.US SOXL.US DPST.US 中長期多,12
2023/7/14,[請益] 新策略 試單幾次才敢採用？,7
2023/7/14,[情報] 0714 上市櫃外資投信同買排行,1
2023/7/14,Re: [標的] 3380.TW 明泰 套著配都舒服多,24
2023/7/14,[新聞] 緯創股價創新高 林憲銘身家躍增3.5倍,21
2023/7/14,[情報] 0714 上市櫃外資投信買超金額排行,1
2023/7/14,[新聞] 沒買到AI飆股緯創嗎？　「緯」字輩緯軟今,26
2023/7/14,[心得] 2023下半年的展望,10
2023/7/14,[情報] 112/07/14 八大公股銀行買賣超排行,26
2023/7/14,[請益] 幾個指標響起，才敢下單？,31
2023/7/14,[新聞] 威盛5月每股盈餘0.06元,88
2023/7/14,[新聞] 北市中華電信大樓頂樓起火 滾滾濃煙籠罩,33
2023/7/14,[標的] 那斯達克100指,8
2023/7/14,[新聞] 三竹智慧型AI阻擋機制 獲認可警政署165「防詐模範生」,35
2023/7/14,[標的] 良維 6290 主升段ING 補漲多多多,30
2023/7/14,Re: [新聞] 緯創是做什麼的？為何股價屢創新高？一窺,1
2023/7/14,[新聞] AMD 蘇姿丰將訪台 王美花：她將跟台廠密,29
2023/7/14,Re: [標的] 2324仁寶補漲多,11
2023/7/14,[新聞] 長榮航導入AI文字客服 開發過程宛如教小,81
2023/7/14,[新聞] 佳必琪法說／搭上Nvidia GPU伺服器 下半,28
2023/7/14,[情報] 0714 上市外資買賣超排行,71
2023/7/14,[情報] 112年07月14日 櫃買法人買賣金額統計表,8
2023/7/14,Re: [請益] 現在買0056 是不是穩賺不賠？,100
2023/7/14,Re: [請益] 今年是不是比2019年、2021年好賺？0.0,16
2023/7/14,[新聞] 緯創是做什麼的？為何股價屢創新高？一窺,63
2023/7/14,[情報] 112年07月14日 三大法人買賣金額統計表,50
2023/7/14,[情報] SCFI 20230714 979.11 +47.38,44
2023/7/14,[新聞] 緯創我大哥！國民ETF 00878再創高價 AI,39
2023/7/14,[情報] 0714 上市投信買賣超排行,20
2023/7/14,Re: [標的] 2324仁寶補漲多,14
2023/7/14,[請益] 被嘎借券六日也算天數嗎？,100
2023/7/14,[新聞] AMD執行長蘇姿丰將訪台 童子賢證實和碩會,37
2023/7/14,[新聞] 0056成純正AI概念股！專家驚「1天漲一塊,39
2023/7/14,[新聞] 救救飛機！網喊機票買起來 專家：非主,68
2023/7/14,[閒聊] 2023/07/14 盤後閒聊,28
2023/7/14,[標的] 2324仁寶補漲多,50
2023/7/14,[標的] 3231 緯創 末升段市值多,99
2023/7/14,Re: [新聞] 預期營收成長佳 高盛喊台積明年配息26元,19
2023/7/14,Re: [新聞] AI十年大景氣循環來臨！大摩大幅調升硬,47
2023/7/14,[新聞] 預期營收成長佳 高盛喊台積明年配息26元,55
2023/7/14,[標的] 8358 金居  高速銅箔  多,24
2023/7/14,[標的] 2002中鋼 多喊幾次總會中,66
2023/7/14,[新聞] 美國FDA批准第一款免處方避孕藥「Opill」,41
2023/7/14,[新聞] Fed「鷹王」布拉德辭職 將前往商學院擔任院長,48
2023/7/14,Re: [標的] 2388 威盛ai 後起之秀爆炸多,66
2023/7/14,[新聞] 高雄楠梓加工區電子廠爆炸火警 消防搶救,17
2023/7/14,[新聞] Q3營運優於Q2 華泰創今年最高價,16
2023/7/14,[閒聊] 2023/07/14 盤中閒聊,99
2023/7/14,[新聞] 美6月PPI創近3年新低！美股續漲 費半勁,5
2023/7/14,[標的] AI醫療 多,51
2023/7/14,[新聞] 客戶所屬集團財務危機 太康初估應收帳,14
2023/7/14,[新聞] 15月新高 壽險業淨值重登2兆元,31
2023/7/13,[創作] 處置王 - 功能介紹 (不限額快閃回饋),100
2023/7/13,[公告] 07/13 處置公告,13
2023/7/13,[情報] 今(7/13)當沖損益排行,23
2023/7/13,[新聞] 三大法人一周來最愛這十檔 群創、華邦電,19
2023/7/13,[情報] 美國7月初 初領失業救濟金人數,53
2023/7/13,[標的] 佳世達2352,93
2023/7/13,[情報] 六月PPI指數,28
2023/7/13,[標的] 0050 明天是不是出清的好時機,32
2023/7/13,[情報] 112年07月13日信用交易統計,41
2023/7/13,[新聞] 和碩6月營收落底 迎接下半年出貨潮,15
2023/7/13,[情報] 0713 上市櫃外資投信同買排行,0
2023/7/13,[情報] 112/07/13 八大公股銀行買賣超排行,14
2023/7/13,Re: [新聞] 國安基金出脫部分持股 已實現獲利46億,20
2023/7/13,[標的] 醫揚6569 醫療AI 多!!,21
2023/7/13,[新聞] 18萬股民注意！AI飆仔緯創輾壓台積電 半,39
2023/7/13,[標的] 2382 廣達,30
2023/7/13,[新聞] NVIDIA將進駐 遠雄港亮燈漲停股價創新高,40
2023/7/13,[新聞] 國安基金出脫部分持股 已實現獲利46億,64
2023/7/13,[情報] 0713 上市櫃外資投信買超金額排行,4
2023/7/13,[情報] 3231 緯創 處置5分盤(07/14-0727),99
2023/7/13,[情報] 5348 正能量智能 五月自結-0.02(累計0.08,3
2023/7/13,[新聞] 亞洲鋼廠「提價」是共識 業內：鋼市要好得消除不穩定因素,21
2023/7/13,Re: [新聞] AI十年大景氣循環來臨！大摩大幅調升硬,44
2023/7/13,[新聞] 00878五大持股四漲停鎖不住！股價創高,17
2023/7/13,[標的] 2331精英3706神達 出清面板喵換蘇媽股!,4
2023/7/13,Re: [請益] 大家一天都花多少研究股市，有賺錢嗎？,5
2023/7/13,[新聞] 洋基H1業績 同期新高,44
2023/7/13,[標的] 2453 凌群 麥離開 空,8
2023/7/13,Re: [心得] 我這樣算是冥燈嗎？,100
2023/7/13,[情報] 0713 上市外資買賣超排行,81
2023/7/13,[請益] 有沒有線仙告訴我今天指數怎麼看,71
2023/7/13,[請益] 現在的風險與預期報酬似乎不匹配?,23
2023/7/13,[新聞] 手機升級大戰開打！大立光不僅重返股王,54
2023/7/13,[新聞]貨流復甦慢、亞洲輸美貨櫃量續大減；運…,10
2023/7/13,[情報] 112年07月13日 櫃買法人買賣金額統計表,14
2023/7/13,[請益] 當策略與特殊事件有所衝突的選擇,5
2023/7/13,Re: [標的] 合一生技 多,15
2023/7/13,[新聞] 安集Q3新廠將落成 產能由M6升級至M10,7
2023/7/13,[情報] 112年07月13日 三大法人買賣金額統計表,100
2023/7/13,[情報] 0713 上市投信買賣超排行,39
2023/7/13,Re: [標的] 3231 緯創被套在136,6
2023/7/13,[新聞] 出脫幾千張！AI 伺服器股票狂噴，緯創、,74
2023/7/13,[新聞] 廣達股價飆漲 林百里身價近3千億超越張聰,47
2023/7/13,[新聞] 泰山變更登記卡關 恐面臨嚴重財務危機,22
2023/7/13,[閒聊] 2023/07/13 盤後閒聊,26
2023/7/13,[標的] 3231 緯創被套在136 (已解套),100
2023/7/13,Re: [請益] 高股息要存到多少錢才可以衣食無憂?,11
2023/7/13,[標的] 合一生技 多,30
2023/7/13,[新聞] 廣達股價飆23年新高 謝金河：林百里下大,53
2023/7/13,[新聞] 緯創衝136元「漲停圖」來了！鄉民準備月,55
2023/7/13,[標的] 1218.TW 泰山 別人恐懼我做多,33
2023/7/13,Re: [標的] 搭乘長榮航，飛上平流層,7
2023/7/13,Re: [標的] 1609 大亞控股多,41
2023/7/13,[新聞] 「周杰倫概念股」巨星傳奇掛牌首日漲48％,27
2023/7/13,[標的] 致和證5864 討論,37
2023/7/13,Re: [請益] 為什麼賺的慢、賠的快？,3
2023/7/13,Re: [請益] 為什麼賺的慢、賠的快？,0
2023/7/13,Re: [請益]海公公為何還載浮載沉？,7
2023/7/13,Re: [請益] 為什麼賺的慢、賠的快？,3
2023/7/13,Re: [新聞] 華固股東會通過配息7.5元 估今年房市「量,14
2023/7/13,[新聞] 亞幣重貶反映什麼潛在利空？可布局長榮,25
2023/7/13,[請益] 為什麼賺的慢、賠的快？,54
2023/7/13,[閒聊] 2023/07/13 盤中閒聊,100
2023/7/13,[新聞] AI軍備賽開打 長線續航力佳,3
2023/7/13,Re: [請益] 大家一天都花多少研究股市，有賺錢嗎？,8
2023/7/13,[請益] 緯創目標價從47元到135元，理由是什麼?,100
2023/7/13,[新聞] 超微蘇姿丰提前訪台 炒熱AI,37
2023/7/13,[標的] 醫療AI,43
2023/7/13,[請益] 集保e手掌握 真的有進步空間,32
2023/7/13,[心得] 美股詐騙心得,63
2023/7/12,Re: [標的] 00706L 日圓正二 長線多,11
2023/7/12,Re: [請益] 沒有賺錢內部人狂買的公司你們會跟嗎？,22
2023/7/12,[新聞]  華城90天股價漲逾182％　並列20檔上市櫃,11
2023/7/12,Re: [標的] 2376技嘉(多),40
2023/7/12,[新聞]  長榮航太維修需求旺 7月底無人機原型機,9
2023/7/12,Re: [請益] 指數投資派常說主動投資一定輸,7
2023/7/12,[新聞] 劍指輝達AI晶片地位 亞馬遜、谷歌入戰局,16
2023/7/12,Re: [標的] 2376技嘉(多),5
2023/7/12,Re: [請益] 指數投資派常說主動投資一定輸,63
2023/7/12,Re: [請益] 大家一天都花多少研究股市，有賺錢嗎？,62
2023/7/12,Re: [請益] 大家一天都花多少研究股市，有賺錢嗎？,19
2023/7/12,[情報] 112年07月12日信用交易統計,46
2023/7/12,Re: [情報] 6月CPI,14
2023/7/12,[標的] 2356 英業達--借券22萬張 嘎爆多,36
2023/7/12,[標的] 台化 台塑化 月K十年線 討論,29
2023/7/12,[情報] 6月CPI,100
2023/7/12,[公告] Stock 樂透開獎,12
2023/7/12,Re: [新聞] 虎航8月創新板掛牌上市 7千名股東恐「只,13
2023/7/12,[情報] 0712 上市櫃外資投信同買排行,2
2023/7/12,[新聞] 虎航8月創新板掛牌上市 7千名股東恐「只,11
2023/7/12,[新聞]傳三星4奈米良率超過75%,63
2023/7/12,[新聞] 台灣大、台灣之星合併案 獲公平會正式受,11
2023/7/12,[情報] 112/07/12 八大公股銀行買賣超排行,14
2023/7/12,Re: [標的]  6125.tw 廣運水冷多,35
2023/7/12,[情報] 0712 上市櫃外資投信買超金額排行,10
2023/7/12,"[新聞] 台塑四寶EBITDA 中華信評估2024年提升至1,300億",10
2023/7/12,[新聞] 《航運股》萬海7月新增印度辦公室及航線,11
2023/7/12,[情報] 2636台驊投控處分長榮普通股股票-補充說明,15
2023/7/12,[情報] 2636台驊投控處分陽明股票,54
2023/7/12,[情報] 3046 建碁 現金增資(補充:發行價68元),23
2023/7/12,[情報] 0712 上市外資買賣超排行,76
2023/7/12,[新聞] AI十年大景氣循環來臨！大摩大幅調升硬,100
2023/7/12,[情報] 112年07月12日 櫃買法人買賣金額統計表,23
2023/7/12,[情報] 112年07月12日 三大法人買賣金額統計表,54
2023/7/12,[情報] 0712 上市投信買賣超排行,42
2023/7/12,[標的] 8044 網家 空,33
2023/7/12,[心得] 我這樣算是冥燈嗎？,100
2023/7/12,[標的] FCNTX.US 主動基金連續33年打敗大盤指數,15
2023/7/12,[新聞] 巧新Q2營收創6季來新高 下半年歐日系車廠,32
2023/7/12,[閒聊] 2023/07/12 盤後閒聊,26
2023/7/12,[請益] 有人會挑無法現股當沖的買嗎？,23
2023/7/12,[新聞] 中國限制「鎵」出口 特殊半導體晶圓現囤,41
2023/7/12,[新聞] 能為升息畫下句點？今晚美公布通膨數據 C,46
2023/7/12,[新聞] 緯創又漲停　他買在29元「賣12張爽賺102,56
2023/7/12,[標的] 2301 光寶科 無敵多,13
2023/7/12,[標的] 投資等級債券配息高?電信債?金融債?,29
2023/7/12,Re: [新聞] 火速認錯 外資上修緯創目標價至135元,59
2023/7/12,[心得] 00878入袋為安,95
2023/7/12,[新聞] 火速認錯！美系外資上修緯創目標價至135元,100
2023/7/12,[新聞] 長科*董座遭裁定羈押禁見 公司:與營運無,25
2023/7/12,Re: [心得] 中國可能長期陷入通縮的主要原因,28
2023/7/12,[新聞] 最懂海的男人、台驊老董顏益財慘賠,24
2023/7/12,[請益] 高股息ETF的AI成分股,10
2023/7/12,[閒聊] 2023/07/12 盤中閒聊,100
2023/7/12,[新聞] 大摩：輝達下半年AI晶片銷售將繼續優於預,20
2023/7/12,[新聞] 美國法院同意動視暴雪收購案(ATVI),8
2023/7/12,[新聞] 那斯達克100指數將調整成員權重 科技大咖,11
2023/7/12,[新聞] 比爾蓋茲：AI是當代最具變革性創新、衝擊,19
2023/7/12,[標的] 3693 營邦 長線多,15
2023/7/12,Re: [新聞] 台人好愛ETF！逾80%投資者要持續加碼ETF,17
2023/7/12,[公告] Stock 板 開始舉辦樂透!,6
2023/7/11,Re: [標的]今天在跌什麼？找不到原因,3
2023/7/11,[新聞]  台廠首例！正新打入比亞迪輪胎鏈 搶進電,73
2023/7/11,[標的] 2328.TW 廣宇 技術線型多,10
2023/7/11,Re: [標的] 大盤 葡萄旺季空,8
2023/7/11,[標的] BITO.US,3
2023/7/11,[標的] 6863.TW 永道-KY 卡位多,6
2023/7/11,[新聞] 巴菲特又出手買能源 加碼33億美元收購一,19
2023/7/11,Re: [心得] 中國可能長期陷入通縮的主要原因,7
2023/7/11,[情報] 112年07月11日信用交易統計,41
2023/7/11,[新聞] 傳印度廠下月188億賣塔塔 緯創這樣說,71
2023/7/11,[新聞] ASIC出貨大增 威盛6月營收飆13億元,9
2023/7/11,[標的] 3034.TW 聯詠 多,31
2023/7/11,[新聞] 華航6月營收創新高 Q3看旺全航線訂位率已,26
2023/7/11,[情報] 0711 上市櫃外資投信同買排行,1
2023/7/11,[公告] gn01948540 自刪標的文,23
2023/7/11,Re: [標的]  6188 廣明 假搓漲停延開空！,27
2023/7/11,[情報] 112/07/11 八大公股銀行買賣超排行,8
2023/7/11,Re: [標的] 安鈦克 6276,10
2023/7/11,[標的] 大盤 葡萄旺季空,78
2023/7/11,[情報] 2636台驊投控處分長榮普通股股票之公告,75
2023/7/11,[情報] 0711 上市櫃外資投信買超金額排行,3
2023/7/11,[新聞] 00929掛牌首月規模破百億！投資人喊超香,15
2023/7/11,[新聞] 天氣太熱去百貨公司避暑！環球購物暑期首周業績暴增2成,21
2023/7/11,[情報] 臺鹽6月營收2.83億元年增2.25% 1—6月達1,7
2023/7/11,[情報] 0711 上市外資買賣超排行,66
2023/7/11,[情報] 112年07月11日 櫃買法人買賣金額統計表,17
2023/7/11,[新聞] 三芳6月營收7.29億元年減15.03% 1—6月達49.01億元,8
2023/7/11,[情報] 112年07月11日 三大法人買賣金額統計表,100
2023/7/11,[情報] 0711 上市投信買賣超排行,23
2023/7/11,Re: [心得] 中國可能長期陷入通縮的主要原因,59
2023/7/11,[情報] 112年 證券、期貨公司 6月自結 eps,11
2023/7/11,[標的] 2516.TW 新建 長線多,13
2023/7/11,Re: [新聞] 板卡三雄6月業績，華碩月增逾3成最強 技,23
2023/7/11,[情報] 4105 東洋 6月自結 0.35 累計 2.20,16
2023/7/11,[閒聊] 2023/07/11 盤後閒聊,26
2023/7/11,[公告] 0711 水桶,29
2023/7/11,[標的] 8927北基綠能政策多,15
2023/7/11,Re: [心得] 中國可能長期陷入通縮的主要原因,11
2023/7/11,[新聞] 板卡三雄6月業績，華碩月增逾3成最強 技,15
2023/7/11,Re: [心得] 中國可能長期陷入通縮的主要原因,26
2023/7/11,[新聞] 華航6月營收創新高 Q3看旺全航線訂位率已,28
2023/7/11,[新聞] 2547日勝生  6月營收,4
2023/7/11,[請益] 信貸歐印市值型ETF可行嗎?,100
2023/7/11,Re: [心得] 中國可能長期陷入通縮的主要原因,79
2023/7/11,[新聞] 日媒：台積電要蓋日本二廠 明年4月動工、,67
2023/7/11,Re: [心得] 中國可能長期陷入通縮的主要原因,33
2023/7/11,[心得] 中國可能長期陷入通縮的主要原因,100
2023/7/11,[新聞] 頭一遭 4家國籍航空 6月營收同刷新高,33
2023/7/11,[標的] 1101 台泥為什麼秒填息?,10
2023/7/11,[標的] 2388 威盛ai 後起之秀爆炸多,18
2023/7/11,[新聞] 美系外資只給緯創47元目標價！錯失「漲,42
2023/7/11,[閒聊] 2023/07/11 盤中閒聊,100
2023/7/11,[情報] 8933愛地雅 六月營收,23
2023/7/11,[情報] 6596 寬宏藝術 6月MOM-73.43% YOY-86.03%,29
2023/7/11,[公告] 0711 水桶,17
2023/7/11,[請益] 美股交易good faith violation,12
2023/7/11,[標的] 2376技嘉(多),32
2023/7/11,[情報] 4546 長亨 6月營收,11
2023/7/10,[情報] 水星生醫* 2023年6月合併營收萬,65
2023/7/10,Re: [標的] 1101 台泥還有未來嗎?,20
2023/7/10,[情報] 9940信義房屋 6月營收 年增12.61%月增-2.,11
2023/7/10,[情報] 6147  頎邦  6月營收,19
2023/7/10,[情報] 4906正文  6月營收,8
2023/7/10,[新聞] 禁售消息瘋傳！NVIDIA A800晶片中國價格,39
2023/7/10,[新聞] 2317 鴻海退出與印度Vedanta半導體合作,34
2023/7/10,[新聞] 又傳銀行職員疑似勾結詐騙集團 聯邦銀行,44
2023/7/10,[情報] 1103嘉泥 6月營收 年增51.35%,3
2023/7/10,[情報] 6122擎邦6月營收 年增90.27%,5
2023/7/10,[情報] 6523達爾膚 六月營收 年增77.85%,14
2023/7/10,[情報] 112年07月10日信用交易統計,21
2023/7/10,[情報] 勤美 112年6月營收28.29億、年增148.39%,1
2023/7/10,[情報] 6526 達發 6月營收,2
2023/7/10,[情報] 群益證6005 6月營收，年增304.87%,5
2023/7/10,[新聞] 台灣虎航6月營收創新高、月增23% 首度突,11
2023/7/10,[情報] 8926台汽電 六月營收 年增20.86%,7
2023/7/10,[情報] 0710 上市櫃外資投信同買排行,2
2023/7/10,[情報] 7/10全市場當沖虧損最多的股票,21
2023/7/10,[情報] 0710 上市櫃外資投信買超金額排行,2
2023/7/10,[情報] 6179 亞通 6月營收,3
2023/7/10,[情報] 6245 立端 6月營收,17
2023/7/10,[新聞] 華航除息0.46元　開盤15分鐘順利填息,7
2023/7/10,[情報] 2002 中鋼 6月營收,24
2023/7/10,[新聞] 華航6月客運收入年增八倍 刷新單月紀錄,10
2023/7/10,[情報] 6733 博晟生醫  6月MOM-82% YOY+109.14%,0
2023/7/10,[新聞] 台塑四寶Q2好苦 單季獲利僅26億元,49
2023/7/10,[情報] 2371 大同 6月營收,11
2023/7/10,[情報] 3481群創減資0.5元相關事宜,6
2023/7/10,[情報] 4164 承業醫 6月營收,1
2023/7/10,[情報] 112年【6月份金控股】EPS排名(全已公布),47
2023/7/10,[情報] 6874 倍力 6月營收,5
2023/7/10,[情報] 3045台灣大 112年6月份營運成績,6
2023/7/10,[情報] 2888新光金6月自結 0.21,61
2023/7/10,[情報] 黑松6月營收8.28億元年增10.02% 1—6月達,5
2023/7/10,[情報] 2211 長榮鋼 6月營收,14
2023/7/10,[情報] 2206 三陽工業 6月營收,26
2023/7/10,[情報] 8093 保銳 6月MOM+3.30% YOY+212.27%,6
2023/7/10,[情報] 1519 華城 6月營收,14
2023/7/10,[情報] 3260 威剛 辦理現金增資,10
2023/7/10,[情報] 2897 王道銀行 6月自結 0.08 累計 0.50,6
2023/7/10,[情報] 112/07/10 八大公股銀行買賣超排行,4
2023/7/10,[情報] 2891 中信金 6月自結 0.47 累計 1.48,29
2023/7/10,Re: [情報] 2618 長榮航 6月營收,41
2023/7/10,[情報] 3293.TW 鈊象 6月自結損益,12
2023/7/10,[情報] 2454 聯發科 6月營收,22
2023/7/10,[情報] 2867三商壽6月營收,3
2023/7/10,[新聞] 把植物園搬進來 誠品生活新店9月進駐新店裕隆城,9
2023/7/10,[新聞] 日本、洛杉磯航線夯！星宇航空6月營收年,6
2023/7/10,[情報] 6120 達運6月營收,1
2023/7/10,[情報] 2618 長榮航 6月營收,50
2023/7/10,[情報] 仁寶6月營收816.20億元年減33.35% 1—6月,20
2023/7/10,[情報] 2501.tw 國建6月營收,15
2023/7/10,[情報] 2882 國泰金 6月自結 0.85 累計 1.98,40
2023/7/10,[情報] 2488 漢平 6月營收 M+50.05% Y-10.47%,8
2023/7/10,[情報] 8936 國統 6月營收,11
2023/7/10,[新聞] 南亞科總座直言目前DRAM價格未跌破總成,4
2023/7/10,[情報] 9914美利達 112年6月營收,29
2023/7/10,Re: [新聞] 萬海6月營收81.6億元、年減67.7% 全球貨,5
2023/7/10,[新聞] 台ETF有望超越日本 總受益人突破640萬,17
2023/7/10,[情報] 陽明 6月營收 124.2億 (+7.3%),24
2023/7/10,[新聞] 萬海6月營收81.6億元、年減67.7% 全球貨,12
2023/7/10,[情報] 2881 富邦金 6月自結 1.11 累計 3.18,45
2023/7/10,[情報] 華研(8446)-11206-營業收入,5
2023/7/10,[情報] 高端疫苗6月合併營收0元,100
2023/7/10,[情報] 4533協易機 112年6月營收,52
2023/7/10,[情報] 0710 上市外資買賣超排行,29
2023/7/10,[情報] 2382 廣達 6月營收,28
2023/7/10,[情報] 2610 華航 6月營收,62
2023/7/10,[情報] 2884 玉山金 6月自結 0.11 累計 0.72,30
2023/7/10,[情報] 2645 長榮航太 6月營收,8
2023/7/10,[情報] 6111 大宇資 5月自結,5
2023/7/10,[情報] 2516 新建 6月營收,1
2023/7/10,[情報] 3706 神達 6月營收,25
2023/7/10,[情報] 112年07月10日 櫃買法人買賣金額統計表,6
2023/7/10,[情報] 2646星宇航空 6月營收,23
2023/7/10,[情報] 2247 汎德永業 6月營收,21
2023/7/10,[情報] 2308台達電6月營收 mom1.9% yoy 8%,17
2023/7/10,[情報] 2880 華南金 6月自結 0.17 累計 0.77,21
2023/7/10,[標的] SBUX.US 為何有人要投資淨值為負的公司,9
2023/7/10,[情報] 2743 山富 五月自結,17
2023/7/10,[情報] 1503 士電 6月營收,8
2023/7/10,[情報] 2388威盛6月營收 mom+46.57% yoy+75.31%,38
2023/7/10,[情報] 4938 和碩 6月營收,14
2023/7/10,[情報] 0710 上市投信買賣超排行,16
2023/7/10,[情報] 112年07月10日 三大法人買賣金額統計表,83
2023/7/10,[情報] 3260威剛 6月營收,15
2023/7/10,[情報] 6533 晶心科 六月營收,6
2023/7/10,Re: [標的] 3305 昇貿 ESG/星鏈/AI/觀光 多,19
2023/7/10,[情報] 3147 大綜 6月營收,0
2023/7/10,[情報] 8454富邦媒 6月營收,7
2023/7/10,[情報] 1234 黑松 6月營收,33
2023/7/10,[標的] SOXS.US 三倍反半導體 GG衰退FED升息,9
2023/7/10,[情報] 1785 光洋科六月營收,5
2023/7/10,[情報] 2834 臺企銀 6月自結 0.08 累計 0.77,50
2023/7/10,[閒聊] 2023/07/10 盤後閒聊,35
2023/7/10,[情報] 2466 冠西電 6月營收,25
2023/7/10,[情報] 6282 康舒 現金增資公開申購資訊,13
2023/7/10,[心得] 原來還可以幫股票上DOT……,31
2023/7/10,[情報] 2892 第一金 6月自結 0.19 累計 1.00,26
2023/7/10,[情報] 3374精材 6月營收,5
2023/7/10,[情報] 台塑/南亞/台化/台塑化 2023/06暨Q2自結,21
2023/7/10,[情報] 2409 友達 六月營收,24
2023/7/10,[情報] 2330台積電6月營收 mom-11.4% yoy-11.1%,100
2023/7/10,[情報] 6176 瑞儀 6月營收,6
2023/7/10,[新聞] 中國生產物價指數不如預期,39
2023/7/10,Re: [請益] 樹精靈又壞掉了嗎,4
2023/7/10,[標的]  3045.TW 台灣大 哥 是對的,9
2023/7/10,[新聞] 技嘉：子公司切進輝達供應鏈 AI,9
2023/7/10,[新聞] 首檔月配息來了！　不敗教主說最大優點,-10
2023/7/10,[標的] 3044健鼎 除權息多,3
2023/7/10,[標的] 6690.TW 安碁資訊  數位雲端浪潮-多,2
2023/7/10,[新聞] 國泰證電子下單卡卡 金管會：不能接受！,97
2023/7/10,[新聞] 華航填息完成 H2獲利估勝H1,13
2023/7/10,[創作] 籌碼K線APP Q2季度使用回顧 送權限,99
2023/7/10,[新聞] 高盛對台積電改觀 目標價調高至700元,46
2023/7/10,Re: [請益] 樹精靈又壞掉了嗎,34
2023/7/10,Re: [新聞] 賓士宣布加入「特斯拉充電規格」明年起,7
2023/7/10,Re: [新聞] 賓士宣布加入「特斯拉充電規格」明年起,4
2023/7/10,Re: [請益] 樹精靈又壞掉了嗎,76
2023/7/10,[情報] 4527 方方土霖 6月MOM-9.09% YOY-33.65%,8
2023/7/10,[新聞] 半導體復甦不如預期 晶圓代工掀價格割喉,20
2023/7/10,[閒聊] 2023/07/10 盤中閒聊,100
2023/7/10,[新聞] 驚！緯創股價漲翻天 大摩目標價竟然只給4,92
2023/7/09,[新聞] 減價戰才停2天就反悔？中國撤回承諾書首,58
2023/7/09,[新聞] 航空雙雄除息秀 華航每股配0.46元明登場,18
2023/7/09,[新聞] 中國製造示範企業 廣東紫晶存儲作假帳被,26
2023/7/09,[公告] 07/09 處置公告 其之二,9
2023/7/09,Re: [新聞] 我外匯存底連八月寫新高 穩居全球第四,34
2023/7/09,"[新聞] 融資餘額衝破2,000億元 市場信心愈跌愈穩",100
2023/7/09,[公告] 7/9處置公告,11
2023/7/09,[新聞] 我外匯存底連八月寫新高 穩居全球第四,55
2023/7/09,[新聞] i15備貨暖身 出貨量看增12％,45
2023/7/09,[新聞] 3大產業遭陸攻陷下場慘 謝金河：台灣爆1,77
2023/7/09,Re: [情報] 6125 廣運 6月營收,36
2023/7/09,[新聞] 黃仁勳「1舉動」...廣達市值衝全台第8！,29
2023/7/08,[公告] 0708 水桶,18
2023/7/08,[新聞] 英業達6月營收捷報 AI伺服器Q3貢獻顯著,37
2023/7/08,[標的] 電信股適合當保本然後穩定領息的標的嗎,65
2023/7/08,[新聞] 忽視散戶的國王被趕下台 吳東進丟新光金,59
2023/7/08,[新聞] 賓士宣布加入「特斯拉充電規格」明年起,100
2023/7/08,[新聞] 華碩衝AI伺服器 強將就位,51
2023/7/08,[情報] 營收：滿心(2916)6月營收1億4969萬元，月,17
2023/7/08,[情報] 2356 英業達 6月營收,23
2023/7/08,[新聞] 許勝雄：仁寶急單接到年底,35
2023/7/08,Re: [請益] 天氣熱熱的概念股?,21
2023/7/08,Re: [標的] 輕原油  油水很多,21
2023/7/08,[新聞] 一週熱門零股 國泰永續高股息 連霸,10
2023/7/08,[情報] 高力(8996)6月營收,16
2023/7/08,[新聞] 華航睽違3年「招募百位空服員」,45
2023/7/08,[標的] 現在應選擇ETF還是穩定配息股?,62
2023/7/08,[情報] 3209全科 6月營收,20
2023/7/08,[新聞] 技嘉6月維穩雙增 單月、單季寫同期新高,11
2023/7/08,[情報] 7556 意德士 112年6月營收,4
2023/7/08,[新聞]長榮啟航不只大股東掃買他曝超大尾利多,11
2023/7/08,[創作] 他不懂,7
2023/7/08,[標的] BTI.US,11
2023/7/07,[情報] 3015 全漢 112年6月營收,8
2023/7/07,[情報] 112年07月07日信用交易統計,22
2023/7/07,[情報] 3324 雙鴻 6月營收,17
2023/7/07,[情報] 2474可成6月營收,27
2023/7/07,[情報] 4977 眾達-KY 112年6月營收,34
2023/7/07,[情報] 8210 勤誠 112年6月營收,21
2023/7/07,[情報] 0707 上市櫃外資投信同買排行,0
2023/7/07,Re: [請益] 拼週轉率是不是比較有效率的策略,16
2023/7/07,[情報] 7/7全市場當沖虧損最多的股票,16
2023/7/07,[情報] 2376 技嘉 6月營收,17
2023/7/07,[請益] 拼週轉率是不是比較有效率的策略,35
2023/7/07,[情報] 山富6月營收,18
2023/7/07,[情報] 巨有科技6月營收,5
2023/7/07,"[請益] 康舒個股期07, 1-07 的差別",5
2023/7/07,[新聞] 長榮海運H1營收年減6成　步入旺季、後市,42
2023/7/07,[情報] 3078 僑威 6月營收,48
2023/7/07,[新聞] 美國6月非農就業新增20.9萬人遠低預期,18
2023/7/07,[情報] 8016 矽創 六月營收,4
2023/7/07,[情報] 美國6月份失業率,23
2023/7/07,[情報] 8358金居 6月營收,10
2023/7/07,[情報] 3035 智原 六月營收,8
2023/7/07,[標的] 輕原油  油水很多,13
2023/7/07,[情報] 美國6月非農就業人數,55
2023/7/07,[情報] 0707 上市櫃外資投信買超金額排行,4
2023/7/07,[新聞] 87萬股東鬆口氣！開發金上半年獲利破百億,18
2023/7/07,[新聞] 長榮國際3度申報轉讓長榮航　總計賣出18,30
2023/7/07,[情報] 2542 興富發6月營收,35
2023/7/07,[新聞] 台積電只排第7！上市公司員工平均薪資曝,14
2023/7/07,[情報] 3163 波若威 6月營收 yoy -26.23% MoM 7%,5
2023/7/07,[情報] 2812 台中銀 6月0.12 累計0.59,57
2023/7/07,[情報] 3037 欣興六月營收,33
2023/7/07,[情報] 2603長榮6月營收 mom-3.4% yoy-63.3%,86
2023/7/07,[情報] 4979華星光6月營收 mom+24.6% yoy+133.9%,40
2023/7/07,[情報] 6285 啟碁 六月營收,31
2023/7/07,[情報] 2889 國票金 6月自結 0.08 累計 0.33,17
2023/7/07,[情報] 112/07/07 八大公股銀行買賣超排行,2
2023/7/07,"[情報] 3030德律 6月份自結：0.36,累積：2.02",8
2023/7/07,"[情報] 6005 群益證，6月份自結：0.25,累積：1.01",12
2023/7/07,[新聞] CSIS：中國經濟數據可信度比巴基斯坦更差,35
2023/7/07,[情報] 2883 開發金 6月自結 0.3 累計 0.60,70
2023/7/07,[新聞] 6月出口連10黑  減幅擴大至23.4%創近14,34
2023/7/07,[情報] 2887 台新金 6月自結 0.11 累計 0.66,32
2023/7/07,[新聞] SEC將推出貨幣市場基金新規 規模涉及5.5,4
2023/7/07,[新聞] 特力屋進駐台東建大型獨立賣場 明年Q1開業,8
2023/7/07,[新聞] TPASS通勤月票／拖補助款 悠遊卡董座：1,27
2023/7/07,[情報] 2845 遠東銀 6月自結 0.12 累計 0.50,79
2023/7/07,Re: [標的] BIIB.US Biogen 信仰多,4
2023/7/07,[情報] 6024 群益期 6月自結,11
2023/7/07,[情報] 9941 裕融 6月自結 1.16 累計 6.27,8
2023/7/07,[情報] 8112至上 5月自結0.52,12
2023/7/07,[情報] 2886 兆豐金 6月自結 0.17 累計 1.35,26
2023/7/07,[情報] 4129 聯合 6月 MOM+1.8% YOY+12.03%,6
2023/7/07,[情報] 0707 上市外資買賣超排行,63
2023/7/07,[新聞] 傳Google純客製化晶片「Tensor G5」由台,49
2023/7/07,[情報] 112年07月07日 櫃買法人買賣金額統計表,17
2023/7/07,[情報] 6026 福邦證 六月營收  年增148.55%,4
2023/7/07,[情報] 5880 合庫金 6月自結0.15,15
2023/7/07,[情報] 3406玉晶光 112年6月營收,8
2023/7/07,[情報] 2890 永豐金 6月自結 0.19 累計 0.85,56
2023/7/07,[情報] 8931大汽電 六月營收 年增1.55%,2
2023/7/07,[情報] 6015 宏遠證 6月自結,5
2023/7/07,[情報] 3346麗清 112年6月營收,9
2023/7/07,[情報] 112年07月07日 三大法人買賣金額統計表,99
2023/7/07,[情報] SCFI 20230707 931.73 -21.87,22
2023/7/07,[情報] 2540 愛山林 6月 MOM+46.5% YOY+174.63%,37
2023/7/07,[情報] 0707 上市投信買賣超排行,16
2023/7/07,[情報] 元太6月合併營收 月減4.68%年減6.91%,19
2023/7/07,[情報] 8096 擎亞 112年6月營收,6
2023/7/07,[情報] 3481 群創 六月自結營收 新台幣193億,20
2023/7/07,[情報] 3545 敦泰 6月營收,80
2023/7/07,[情報] 2885 元大金 6月自結 0.39 累計 1.20,58
2023/7/07,[閒聊] 2023/07/07 盤後閒聊,34
2023/7/07,[標的] 2419 仲琦 空軍跑的掉嗎,19
2023/7/07,Re: [請益] 國泰證券剛剛是不是再度炸裂？,15
2023/7/07,[情報] 2801 彰銀 6月自結 0.1 累計 0.65,17
2023/7/07,[情報] 6016 康和證 六月自結,36
2023/7/07,[情報] 6804明係 112年6月營收,9
2023/7/07,[新聞] Meta推Threads搶客 推特揚言提告,35
2023/7/07,[新聞] 《文創股》大宇資昨爆天量 這券商沖沖,16
2023/7/07,[情報] 2731 雄獅 6月 MOM+24.76% YOY+1744.13%,21
2023/7/07,[情報] 4105 東洋 營收,12
2023/7/07,[標的] 放空的廣達是否應該回補了?,21
2023/7/07,Re: [新聞] 中國晶圓教父籲兩岸合作突破美限制　工,17
2023/7/07,[請益] 國泰證券剛剛是不是再度炸裂？,69
2023/7/07,Re: [新聞] 中國晶圓教父籲兩岸合作突破美限制　工,59
2023/7/07,[新聞] 三星上季營益初估年減96%仍優預期 記憶體,12
2023/7/07,[情報] 4114健喬 112年6月營收,5
2023/7/07,[閒聊] 2023/07/07 盤中閒聊,100
2023/7/07,[新聞] 中國晶圓教父籲兩岸合作突破美限制　工,81
2023/7/07,[標的] 3206.TW 志豐 智能多,8
2023/7/07,[新聞] 今年GDP成長標普砍至0.5％,14
2023/7/07,[新聞] 傳英特爾放棄或延後 Intel 20A，改用台積,62
2023/7/07,[請益] 有彭博終端要查什麼好?,14
2023/7/06,[標的] 0050 2月借出去的0050還回來了，該買進嗎,9
2023/7/06,[新聞] 統一美債20年ETF發行價15元,46
2023/7/06,Re: [心得] 聊聊大盤,27
2023/7/06,[情報] 7/6全市場當沖虧損最多的股票,34
2023/7/06,[新聞] 美股四大指數走跌、台積電ADR跌逾1.5% 台,56
2023/7/06,[新聞] 台股重挫近三百點 網友：最妖股是「它」,25
2023/7/06,Re: [標的] 5516.TW 雙喜 喜多喜多,16
2023/7/06,[新聞] 台積電暴跌17元 台股殺近300點 專家曝光,19
2023/7/06,[情報] 6629 泰金-KY 6月營收M-10.21% Y-27.14%,0
2023/7/06,[情報] 0706 上市櫃外資投信同買排行,0
2023/7/06,[創作] 再見一面,2
2023/7/06,[新聞] 高市推AI融入製程 中鋼年減30座大安森林,15
2023/7/06,[情報] 5483 中美晶 6月營收,10
2023/7/06,[情報] 112年07月06日信用交易統計,44
2023/7/06,[新聞] 美上周初領失業金人數升至24.8萬 略高預,26
2023/7/06,[新聞] 美ADP民間就業強勁 遠超乎預期 10年期美,27
2023/7/06,Re: [請益] 不小心違約交割了,90
2023/7/06,[情報] 0706 上市櫃外資投信買超金額排行,0
2023/7/06,[新聞] 台股今重挫近300點 金管會再信心喊話：基,100
2023/7/06,[情報] 4994 傳奇 6月自結,7
2023/7/06,[情報] 3693營邦 六月營收,16
2023/7/06,[情報] 9942 茂順 6月營收,2
2023/7/06,[情報] 3056 總太 6月營收,6
2023/7/06,[情報] 3034 聯詠 6月營收,8
2023/7/06,[情報] 3189 景碩 6月營收,13
2023/7/06,Re: [新聞] 風電事業疑慮惡化 西門子能源股價重摔37%,41
2023/7/06,[情報] 112/07/06 八大公股銀行買賣超排行,8
2023/7/06,[情報] 3293.TW 鈊象 6月營收,20
2023/7/06,[情報] 京元電子 2449.TW 6月營收28.00 億元,13
2023/7/06,[新聞] 國泰下單App昨當機 金管會：排除硬體故障,34
2023/7/06,[新聞] 《半導體》韓國大咖擬結盟 外資憂聯詠恐,9
2023/7/06,[情報] 3213 茂訊 6月營收,13
2023/7/06,[新聞] 23個月來首破2％ 6月CPI年增1.75％,31
2023/7/06,Re: [創作] 過完冬季,1
2023/7/06,[標的] 有沒有煉鋁業的股票?,34
2023/7/06,[新聞] 台灣6月CPI年漲1.75%逾2年新低 漲幅收斂,99
2023/7/06,[新聞] 囤房稅2.0修正重點一次看　預計114年5月,44
2023/7/06,[創作] 過完冬季,16
2023/7/06,[情報] 6125 廣運 6月營收,11
2023/7/06,Re: [新聞] 美國工程院外籍院士張宏江：AI大爆炸至,0
2023/7/06,[情報] 3017奇鋐月增1.56%年增7.44%,4
2023/7/06,[情報] 0706 上市外資買賣超排行,85
2023/7/06,Re: [請益] 買投資型保單跟自己下單買有什麼差別？,15
2023/7/06,[新聞] 緯創為何漲不停?法人揭密:H2還有1大單,47
2023/7/06,[情報] 4934 太極 6月,9
2023/7/06,[情報] 聯電6月合併營收 月增1.48%年減23.24%,24
2023/7/06,[情報] 6515 穎崴112年6月營收,13
2023/7/06,[新聞] 美國工程院外籍院士張宏江：AI大爆炸至,44
2023/7/06,[情報] 2385群光6月營收,6
2023/7/06,[情報] 112年07月06日 櫃買法人買賣金額統計表,17
2023/7/06,[新聞] 航空股該下機了嗎？鄉民驚見「訊號出來了,0
2023/7/06,[新聞] 台股重挫湧避險需求 反向ETF爆14.6萬張,10
2023/7/06,[情報] 6669 緯穎 112年6月自結 6元,23
2023/7/06,[情報] 3035 智原 五月自結,17
2023/7/06,[新聞] 緯創、台哥大要蓋5G古蹟智慧園區 拚明年,18
2023/7/06,Re: [新聞] 利多！新版青安房貸利率　擬享「破盤價」,3
2023/7/06,[請益] 買投資型保單跟自己下單買有什麼差別？,35
2023/7/06,[情報] 112年07月06日 三大法人買賣金額統計表,100
2023/7/06,Re: [新聞] 利多！新版青安房貸利率　擬享「破盤價」,76
2023/7/06,[情報] 4763材料-KY 112年6月營收,27
2023/7/06,[情報] 0706 上市投信買賣超排行,24
2023/7/06,Re: [新聞] 利多！新版青安房貸利率　擬享「破盤,52
2023/7/06,[新聞] 高盛被指「唱空」陸銀行股 急澄清,15
2023/7/06,[情報] Meta IG團隊: Threads 上線 (推特 競爭品,11
2023/7/06,[創作] 求佛,47
2023/7/06,[閒聊] 2023/07/06 盤後閒聊,41
2023/7/06,[請益] 自營買賣 短線參考指標,18
2023/7/06,[新聞] Threads上架挑戰推特地位 Meta全新社群被,18
2023/7/06,[新聞] 長榮 外資升評買進,17
2023/7/06,[標的] 台指大盤 神秘力量空,81
2023/7/06,Re: [新聞] 利多！新版青安房貸利率　擬享「破盤價」,100
2023/7/06,[新聞] AI帶旺！　分析師點名微軟2024年加入3兆,4
2023/7/06,[新聞] 管制效應 輝達A100深圳黑市價翻倍,24
2023/7/06,[新聞] 世界AI大會上海登場 馬斯克現身,3
2023/7/06,[新聞] 指標旅行業者：獎旅團費9月大漲三成,11
2023/7/06,Re: [新聞] 利多！新版青安房貸利率　擬享「破盤價」,77
2023/7/06,[請益] 房市概念股會因打房開始變慘業嗎?,36
2023/7/06,[新聞] 0056改季配息 向00878正式宣戰  大俠武,9
2023/7/06,Re: [新聞] 利多！新版青安房貸利率　擬享「破盤價」,100
2023/7/06,[新聞] 鋼市低迷!螺絲廠傳裁員10% 中鋼降價救市,15
2023/7/06,[新聞] 輝達物流中心 確定落地,28
2023/7/06,[新聞] 強勢股》群創 : 電視面板漲價 營運提前轉盈,15
2023/7/06,Re: [新聞] 國泰證券APP出包1小時惹民怨 金管會要查,27
2023/7/06,[新聞] iPhone15拉貨啟動！大立光7月比6月佳、,16
2023/7/06,[閒聊] 2023/07/06 盤中閒聊,100
2023/7/06,[新聞] GDP保2靠內需？謝金河：AI是亮點,32
2023/7/06,[新聞] AI小亂流 外資欽點3檔指標股穩軍心,6
2023/7/06,[新聞] 人民幣匯率波動 技嘉、微星等板卡廠喊漲,16
2023/7/06,[新聞] 5月製造業景氣燈號「衰退連3藍」台經院,23
2023/7/06,[標的] 2609.TW陽明 等待買回多!,0
2023/7/06,[新聞] 利多！新版青安房貸利率　擬享「破盤價」,100
2023/7/06,[標的] IONQ.US 長期看多,11
2023/7/05,[情報] 7/5全市場當沖虧損最多的股票,39
2023/7/05,[新聞] 冥燈顯靈…台股空軍慘摔 他列一排對帳單,14
2023/7/05,[情報] 112年07月05日信用交易統計,45
2023/7/05,[新聞] 台積電將法說 瑞銀匯總全球投資人關注的,18
2023/7/05,[情報] 4746 台耀6月營收 YoY43.35% MoM 34.9%,20
2023/7/05,[新聞] 藥華藥6月營收雙增,15
2023/7/05,Re: [標的] 用價量關係分析台積電,4
2023/7/05,[情報] 0705 上市櫃外資投信同買排行,2
2023/7/05,[新聞] 國泰證券APP出包1小時惹民怨 金管會要查,90
2023/7/05,[心得] 華泰 2329 菜雞長抱下車,19
2023/7/05,[新聞] 《電子零件》AI火種旺 全漢營運成長可望,12
2023/7/05,Re: [請益] 大家用的看盤APP,12
2023/7/05,[情報] 0705 上市櫃外資投信買超金額排行,1
2023/7/05,[情報] 3591 艾笛森 六月營收,21
2023/7/05,[新聞] 美國人報復性旅遊 航空ETF今年累漲26％,33
2023/7/05,[情報] 6531 愛普* 6月,7
2023/7/05,[情報] 6446 藥華藥 六月營收,11
2023/7/05,[新聞]2881富邦金7/20除息 8/18發放,30
2023/7/05,[情報] 112/07/05 八大公股銀行買賣超排行,8
2023/7/05,[請益] 大家用的看盤APP,91
2023/7/05,[新聞] 台泥董座張安平：碳費政策若一刀切 對減,29
2023/7/05,Re: [情報]  2317 鴻海 6月營收,8
2023/7/05,[情報] 4938 和碩 5月自結 EPS 0.46元,27
2023/7/05,[新聞] 慧洋6月賣船貢獻業外逾6億元 上半年轉,16
2023/7/05,[新聞] 美國將加強AI晶片輸中管制！輝達股價再跌,55
2023/7/05,[情報] 112年07月05日 櫃買法人買賣金額統計表,12
2023/7/05,Re: [情報] 3675 德微本公司因有重大訊息待公布，,16
2023/7/05,[請益] 股票EPS大不如前後還能繼續持有嗎?,36
2023/7/05,[情報] 0705 上市外資買賣超排行,73
2023/7/05,[情報] 00905 Q3配息開獎,10
2023/7/05,[情報] 3008 大立光 6月營收,1
2023/7/05,[情報] 3704 合勤控 112年5月自結 0.39元,7
2023/7/05,[情報]  2317 鴻海 6月營收,100
2023/7/05,[情報] 112年07月05日 三大法人買賣金額統計表,100
2023/7/05,[情報] 台光電六月營收，月增2.37%，年減5.88%,7
2023/7/05,[情報] 亞洲藏壽司除息基準日等相關事宜+優待券,17
2023/7/05,[情報] 6657華安 6月MOM-23.37%YOY-41.72%,32
2023/7/05,[情報] 0705 上市投信買賣超排行,8
2023/7/05,[情報] 4979華星光 112年5月自結0.2元,29
2023/7/05,[心得] 上半年幫券商打工,15
2023/7/05,[情報] 力積電與SBI簽署意向書，擬於日本建立晶圓代工廠,20
2023/7/05,[情報] 5864 致和證 6月自結 1.398 累計 4.708,34
2023/7/05,[新聞] 力積電擬攜手SBI在日建12吋廠 搶攻AI邊緣,34
2023/7/05,[心得] 2023至今投資績效,39
2023/7/05,[情報] 3443創意6月營收 mom+12.7% yoy+28.9%,40
2023/7/05,[新聞] 00921 兆豐龍頭等權重 新增廣達 聯發科等,19
2023/7/05,[閒聊] 2023/07/05 盤後閒聊,21
2023/7/05,[新聞] 航空雙雄開高走低 網問「該跳機了」？,45
2023/7/05,[公告] 0705 水桶,2
2023/7/05,Re: [新聞] 美封殺中國AI！雲端運算服務也禁　世芯-K,32
2023/7/05,[新聞] 航空雙雄放量高飛 長榮航早盤續寫新高價,25
2023/7/05,[情報] 7/5盤中OTC熱門股券商進出,6
2023/7/05,[標的] 8088品安-續抱除權息還是獲利了結?,9
2023/7/05,Re: [新聞] 粗製濫造 中國摩托車在越南遭遇滑鐵盧,24
2023/7/05,[新聞] 英業達AI團隊報捷 獲BARN機器人國際挑戰,16
2023/7/05,[請益] 現在買投資等級債是不是還不錯?,38
2023/7/05,Re: [心得] 2023上半年 損益年報分享,100
2023/7/05,[新聞] 何壽川爆料：華紙要用飛灰蓋宿舍,51
2023/7/05,[心得] 2023上半年 損益年報分享,100
2023/7/05,Re: [請益] 現在大學生這麼猛?,12
2023/7/05,Re: [請益] 樹精靈又壞掉了嗎,51
2023/7/05,[新聞] 美封殺中國AI！雲端運算服務也禁　世芯-K,17
2023/7/05,[新聞] 炎亞綸醜聞 「鴻海投資千萬」慘遭牽連,14
2023/7/05,Re: [請益] 樹精靈又壞掉了嗎,64
2023/7/05,Re: [心得] 關於緯創6月EPS=0.62,17
2023/7/05,Re: [心得] 關於緯創6月EPS=0.62,2
2023/7/05,Re: [請益] 樹精靈又壞掉了嗎,21
2023/7/05,Re: [請益] 樹精靈又壞掉了嗎,4
2023/7/05,[新聞] 華爾街日報報導 美喊全面封殺陸AI應用,11
2023/7/05,[請益] 樹精靈又壞掉了嗎,100
2023/7/05,[新聞] 上海人工智慧大會 全球逾百企業參與 商,5
2023/7/05,[情報] 00687B 國泰20美債 收益分配,23
2023/7/05,[閒聊] 2023/07/05 盤中閒聊,100
2023/7/05,Re: [心得] 關於緯創6月EPS=0.62,8
2023/7/05,[新聞] 股價登峰 合勤控、緯創等11檔法人連買,5
2023/7/05,[新聞] 緯創漲停…網喊「除息完雪崩」？專家勸：,27
2023/7/05,[新聞] 大摩看好特斯拉 估全年交車量達190萬,16
2023/7/05,Re: [新聞] 輝達A100、H100獨家供應商！法人調高緯創,18
2023/7/05,[心得] 小資族拼股票收益-月薪到年薪,0
2023/7/05,Re: [新聞] 陸管制鍺鎵出口反制西方 業者:影響有限,9
2023/7/05,[公告] 07/05 處置公告,6
2023/7/04,Re: [標的] 2603.TW長榮,35
2023/7/04,[標的] 00895 富邦未來車 多,17
2023/7/04,[情報] 0704 上市櫃外資投信同買排行,0
2023/7/04,[新聞] 粗製濫造 中國摩托車在越南遭遇滑鐵盧,77
2023/7/04,Re: [標的] 4503金雨 AI浸潤式伺服器水冷 多,24
2023/7/04,[情報] 今(7/4)當沖虧損最多的股票,9
2023/7/04,Re: [請益] 不小心違約交割了,7
2023/7/04,[心得] 從AI股中學習到的事之早已透露玄機,24
2023/7/04,[情報] 112年07月04日信用交易統計,38
2023/7/04,[情報] 0704 上市櫃外資投信買超金額排行,0
2023/7/04,[情報] 2609 陽明 本公司購入3艘貨櫃輪簽約公告,18
2023/7/04,Re: [請益] 現在大學生這麼猛?,23
2023/7/04,Re: [請益] 不小心違約交割了,16
2023/7/04,[請益] 康舒(6282) 07 ; 1-07 月個股期價差大,4
2023/7/04,[請益] GG股利發放通知書沒有附件？,30
2023/7/04,[新聞] 陸管制鍺鎵出口反制西方 業者:影響有限,22
2023/7/04,[新聞] 金融業適用5%營業稅率將調降？ 財政部,20
2023/7/04,[新聞] 輝達A100、H100獨家供應商！法人調高緯創,44
2023/7/04,[情報] 00772B 00773B配息公告,8
2023/7/04,Re: [請益] 不小心違約交割了,0
2023/7/04,[新聞] 狂！緯創股價「從29.2飆到105元」 今攻漲,88
2023/7/04,[心得] 這是篇對技術分析見解最好的文,0
2023/7/04,[新聞] 輝達AI GPU台積全包 三星吃不到,11
2023/7/04,Re: [請益] 不小心違約交割了,10
2023/7/04,[新聞] 鴻海除息早盤最高上漲2.28%　郭台銘92億,50
2023/7/04,Re: [請益] 不小心違約交割了,0
2023/7/04,[情報] 3675 德微本公司因有重大訊息待公布，,10
2023/7/04,[新聞] 碳權交易所8月成立！,53
2023/7/04,Re: [請益] 不小心違約交割了,-10
2023/7/04,[情報] 2838 聯邦銀 6月自結 0.16 累計 0.54,7
2023/7/04,[情報] 112/07/04 八大公股銀行買賣超排行,22
2023/7/04,[新聞] 美國計畫限制中國使用亞馬遜 微軟等雲端,12
2023/7/04,[情報] 2419 仲琦 六月自結 0.13 yoy -55.17%,50
2023/7/04,[新聞] 泰國概念股加一，六方科-KY將於7月底上市,8
2023/7/04,[情報] 2612 中航 子公司取得中菲行股票,0
2023/7/04,Re: [請益] 不小心違約交割了,11
2023/7/04,[情報] 6751智聯服務 現增發股(補充:發行價90元),3
2023/7/04,[新聞] 「全家」福比麵包二廠準備動工、2025年稼動生產永續土司,35
2023/7/04,[情報] 6451 訊芯-KY 5月自結0.19 YoY -55.81%,7
2023/7/04,[新聞] 暑假出國旅遊大爆發 桃機出境這些時段最,27
2023/7/04,[情報] 8996 高力5月自結,40
2023/7/04,[情報] 2303 聯電 處分京元電子(股)公司 股票,14
2023/7/04,[情報] 0704 上市外資買賣超排行,57
2023/7/04,[情報] 2809 京城銀 2023年6月自結,28
2023/7/04,[新聞] 下戰帖 中華電工會怒獲利亮眼還僅提撥6％,33
2023/7/04,[情報] 6112 邁達特 6月營收,26
2023/7/04,[情報] 112年07月04日 櫃買法人買賣金額統計表,7
2023/7/04,[情報] 112年07月04日 三大法人買賣金額統計表,100
2023/7/04,[情報] 0704 上市投信買賣超排行,30
2023/7/04,[標的] 3163 波若威 被刪文多,31
2023/7/04,[情報] 8086 宏捷科 112年6月營收,24
2023/7/04,Re: [標的] 4908.TW 前鼎 多,5
2023/7/04,[閒聊] 2023/07/04 盤後閒聊,27
2023/7/04,[新聞] 馬士基投下震撼彈、突調漲亞洲-北歐線費,65
2023/7/04,[新聞] 外資近期賣超匯出 黃天牧：平常心看待,26
2023/7/04,Re: [新聞] 陽明除息日直攻漲停 自營商動向引關注,9
2023/7/04,[請益] 0056、00919航運去留探討,38
2023/7/04,[新聞] 高股息ETF配息王換人當 0056殖利率12％,14
2023/7/04,[請益] 免繳稅，是否參與除權息之疑問,10
2023/7/04,[新聞] 迎淨零碳排 何壽川：換造紙業捧金飯碗,15
2023/7/04,[標的] 5009.tw 榮剛 軍工火箭多,17
2023/7/04,[新聞] 訂單枯竭，越南 Q2 失業人口飆破百萬、,63
2023/7/04,[標的] 6485點序多,2
2023/7/04,[新聞] 台積電太太積極在美創業 這類店開最多,37
2023/7/04,[新聞] 陽明除息日直攻漲停 自營商動向引關注,9
2023/7/04,Re: [心得] 參加長榮除息賺錢,45
2023/7/04,Re: [心得] 參加長榮除息賺錢,29
2023/7/04,Re: [請益] 不小心違約交割了,34
2023/7/04,Re: [請益] 不小心違約交割了,37
2023/7/04,Re: [情報] 2731 雄獅 5月,36
2023/7/04,[新聞] 航空燃油價格下跌國內線機票8/1日起調降,6
2023/7/04,Re: [新聞] 集保股利發放電子通知服務上線 註冊即可,31
2023/7/04,[新聞] 格鬥戰還在喬 馬斯克這項比賽先贏了祖克,1
2023/7/04,[新聞] 上市櫃指標螺絲廠傳裁員 中鋼降價救市,26
2023/7/04,[請益] 國泰金轉賣熱門股請益,50
2023/7/04,Re: [請益] 不小心違約交割了,56
2023/7/04,[新聞] 111年非主管員工薪資中位數 長榮以421萬,8
2023/7/04,Re: [標的] 3231 緯創 現增多,20
2023/7/04,[新聞] 臺慶科攻AI 業績添翼,50
2023/7/04,[閒聊] 2023/07/04 盤中閒聊,100
2023/7/04,[新聞] 國安基金8度護盤大豐收 估利益逾2~3百億,67
2023/7/04,[新聞] 上演除息秀 長榮、陽明外資升評喊買,30
2023/7/04,[新聞] 三星封裝落後 吃不到輝達AI晶片,7
2023/7/04,[新聞]輝達小心了!外媒:超微AI晶片強得出乎意料,24
2023/7/04,[請益] 不小心違約交割了,100
2023/7/04,[請益] 一兩年內具有營收爆發力的個股推薦,68
2023/7/04,[新聞]拉加德：ECB下月繼續升息,4
2023/7/04,[新聞] 康舒深夜拋震撼彈 完成收購ABB電源轉換,24
2023/7/04,[公告] 07/04 處置公告,14
2023/7/04,[新聞] 花旗修正對航運悲觀看法 長榮 陽明獲升評,15
2023/7/04,[新聞] 甩衰退疑慮 專家看好消費強勁帶旺美經濟,5
2023/7/04,[標的] CCL.US 嘉年華 長多,18
2023/7/03,[新聞] 電信三雄除息秀 撒592億股息,2
2023/7/03,[新聞] 不忍了陸出手反制！對鎵、鍺等稀土實施出,91
2023/7/03,[新聞] 2412 中華電 工會4日遊行 要求勞退新制,20
2023/7/03,[標的] 4503金雨 AI浸潤式伺服器水冷 多,28
2023/7/03,[新聞] 陸電動車業掀破產潮 美作家:反而是好消息,45
2023/7/03,[新聞] 勒索軟體Lockbit聲稱侵入台積電虛驚一場,8
2023/7/03,[情報] 0703 上市櫃外資投信同買排行,1
2023/7/03,[新聞] 長榮連交2根漲停！外資改口喊買　目標價,71
2023/7/03,[情報] 112年07月03日信用交易統計,13
2023/7/03,Re: [新聞] 星宇航空「施工違規」遭勒令停工！桃機,-10
2023/7/03,[新聞] 2023年中日韓合作國際論壇在青舉行,0
2023/7/03,[情報] 7/3全市場當沖虧損最多的股票,16
2023/7/03,[新聞] 長榮除息鉅額交易 網友：恐複製這檔走勢,7
2023/7/03,[情報] 0703 上市櫃外資投信買超金額排行,1
2023/7/03,Re: [情報] 盤中OTC熱門股券商進出,0
2023/7/03,[請益] 記憶體類股未來表現,31
2023/7/03,[新聞] 台慶科車用回溫 法人看好明年EPS上看10元,54
2023/7/03,[新聞] 蘋果市值3兆美元 超越第7大經濟體法國GDP,37
2023/7/03,"[新聞] 大國博弈】半導體競爭升級,中國對鎵、鍺",16
2023/7/03,[情報] 00929配息公告,13
2023/7/03,Re: [新聞] 0056 元大高股息 規模突破2000億 創,19
2023/7/03,[情報] 112/07/03 八大公股銀行買賣超排行,15
2023/7/03,[新聞] 陽明除息前飆漲停 爆27.55萬張成交量、居,47
2023/7/03,[新聞] 無人機原形交付軍方 雷虎重訊,10
2023/7/03,[標的] 3481 群創,30
2023/7/03,[新聞] 緯創6月單月賺贏Q1 GPU伺服器新產能挹注,43
2023/7/03,[標的] 2331 精英 特啦啦充電多,9
2023/7/03,[新聞] 浸沒式冷卻技術 3台廠冷實力傲人,47
2023/7/03,[請益] 漲停被鎖4979 急,100
2023/7/03,[標的] 2614東森多,16
2023/7/03,[新聞] 永立榮近日將登興櫃戰略新板，開發男性勃起障礙與退化膝關節,9
2023/7/03,[情報] 00692、006208配息公告,41
2023/7/03,[新聞] 綠金比黑金更有未來！00923報酬令人驚「,-10
2023/7/03,[情報] 3231 緯創 6月營收,99
2023/7/03,[新聞] 疫後出國旺！總經理:高票價維持到明年Q1,22
2023/7/03,[情報] 0703 上市外資買賣超排行,70
2023/7/03,[情報] 緯創於集中交易市場達公布注意交易資訊,47
2023/7/03,[心得] 認購台指期購買權證心得分享,8
2023/7/03,[情報] 0056首次季配1.0元,97
2023/7/03,[情報] 0703 上市投信買賣超排行,20
2023/7/03,[情報] 112年07月03日 櫃買法人買賣金額統計表,9
2023/7/03,[情報] 112年07月03日 三大法人買賣金額統計表,100
2023/7/03,[情報] 6235 華孚 6月,14
2023/7/03,[情報] 8046南電6月營收 mom-7.5% yoy-44.1%,57
2023/7/03,[請益] 除權息前一天可以當沖嗎？,2
2023/7/03,[閒聊] 2023/07/03 盤後閒聊,33
2023/7/03,[公告] fizz87 自刪標的文 4724 宣捷幹細胞,3
2023/7/03,[情報] 5213 亞昕 現金增資公開申購資訊,8
2023/7/03,[新聞] 台股開高破萬7大關 證交所：信心回籠已優,33
2023/7/03,[新聞] 民航局最新公布數據 長榮航空位居5月份,4
2023/7/03,[新聞] 雷虎無人機原形 上周交付軍方,25
2023/7/03,Re: [標的] 3380.TW 明泰 套著配都舒服多,4
2023/7/03,[新聞] 隔日沖2年撈5千萬 2股市名嘴與金主不起訴,33
2023/7/03,[新聞] 早餐霸主要開火鍋店了 麥味登揮軍火鍋市,100
2023/7/03,[請益] 0056/006208沒公佈除息？,32
2023/7/03,[標的] 2603.TW長榮,89
2023/7/03,[標的]  6664 群翊,43
2023/7/03,[新聞] 台積電先進晶片考慮在日生產　資深副總：不排除可能性,45
2023/7/03,[情報] 盤中OTC熱門股券商進出,5
2023/7/03,[新聞] 「我沒對手了！」平均地權上路 大咖建商,96
2023/7/03,[新聞] 長榮領軍航運股 萬海逼近完全填息,16
2023/7/03,[新聞] 星宇航空「施工違規」遭勒令停工！桃機,36
2023/7/03,Re: [新聞] 超微AI晶片將追趕輝達,99
2023/7/03,[標的] 2451.TW 創見 路權多,10
2023/7/03,Re: [新聞] 超微AI晶片將追趕輝達,2
2023/7/03,Re: [新聞] 超微AI晶片將追趕輝達,9
2023/7/03,[閒聊] 2023/07/03 盤中閒聊,100
2023/7/03,[新聞] 超微助攻台積電闖600元 外資押寶聲又起,19
2023/7/03,Re: [標的] TSLA.US 特斯拉 多輪多,53
2023/7/03,[新聞] Tesla $TSLA Q2 2023 delivery and produ,14
2023/7/03,[新聞] 摩根大通降評聯詠 喊獲利了結,23
2023/7/02,[新聞] 暑假首週墾丁湧人潮 國旅不滅住房仍達7成,99
2023/7/02,Re: [請益] 沒有賺錢內部人狂買的公司你們會跟嗎？,48
2023/7/02,[新聞] 群創、友達 四檔錢景亮,27
2023/7/02,[新聞] 中國股市調查：58%股民表示「虧慘了」,45
2023/7/02,[新聞] 《生醫股》雙引擎帶動 外資雙升東洋4105,52
2023/7/02,[新聞] AI＋電動車 科技業添雙柴火,21
2023/7/02,[心得] 2023 上半年分享,25
2023/7/02,Re: [新聞] 推特又出招 馬斯克:用戶實施臨時閱讀限,-10
2023/7/02,[心得]<7/3更> 在詐騙群組臥底一個月 換了一山衛生紙,100
2023/7/02,[新聞] 台股今年來強彈19.65% 全球第四強,21
2023/7/02,[心得]可轉債選擇權CBAS上半年報(代po),29
2023/7/02,[公告] 07/02 處置公告,11
2023/7/02,[新聞] 充電樁商機夯 主板廠搶卡位,13
2023/7/02,[請益] 沒有賺錢內部人狂買的公司你們會跟嗎？,100
2023/7/02,[心得] 槓桿存股(半)年報,11
2023/7/02,[新聞] 長線動能強勁 外資再調升台積電目標價,24
2023/7/02,[新聞] 2023上半年當沖客慘賠101.7億元 平均一戶,51
2023/7/02,[心得] 2023半年報  小資族也能賺千萬,-10
2023/7/02,[新聞] 止步連3跌 SCFI翻紅 長榮大阿哥東風來了,36
2023/7/02,[新聞] 《電子零件》奇鋐通過Nvidia 2項認證 估,31
2023/7/02,[新聞] 合庫金董事長林謙浩上任兩週猝世 總經理陳美足暫代,24
2023/7/02,[新聞] 長榮鉅額交易 傳跟張國華有關,33
2023/7/02,Re: [請益] 做得到一定賠錢嗎？,3
2023/7/02,[新聞] 超微AI晶片將追趕輝達,31
2023/7/02,[心得] 2023上半年半年報,46
2023/7/02,[新聞] 太平洋航線運力減少12.59%　美西線連三,16
2023/7/02,[標的] 4148 全宇生技,3
2023/7/02,[心得] 2023上半年半年報,18
2023/7/02,[新聞] OpenAI被集體起訴 微軟也遭殃,27
2023/7/02,Re: [請益] 做得到一定賠錢嗎？,5
2023/7/02,"[心得] 2023上半年半年報, 歐印TQQQ",44
2023/7/02,[情報] 2402 毅嘉 6月營收,17
2023/7/01,[請益] 科技執法概念股,27
2023/7/01,[新聞] 高盛傳考慮與蘋果分道揚鑣 脫手Apple Card等消金業務,13
2023/7/01,[心得] 2023上半年半年報,51
2023/7/01,[請益] 為什麼要除息前拉股價,15
2023/7/01,"Re: [新聞] 長榮除息強漲 自營商反手砍42,284張",12
2023/7/01,[新聞] 被普丁害慘了！歐洲經濟火車頭快崩潰 企業驚爆破產潮,19
2023/7/01,[新聞] 如興通過30億元私募案,23
2023/7/01,[新聞] 韓國錄得16個月來首個貿易順差 得益於汽,26
2023/7/01,[心得] 生涯報酬率(滿8年),100
2023/7/01,Re: [心得] 大盤頭肩底築底完成.(多),96
2023/7/01,[新聞] 台商鄭文逸炒作大同股價 要吐12.5億償還,19
2023/7/01,[新聞] 蘇姿丰7／19訪台 再颳AI旋風,48
2023/7/01,Re: [新聞] 確定了！荷蘭限制DUV設備輸中 9/1生效,-10
2023/7/01,[新聞] 加拿大西岸港口決定7/1罷工　其中15%是,57
2023/7/01,Re: [新聞] 確定了！荷蘭限制DUV設備輸中 9/1生效,3
2023/7/01,Re: [新聞] 確定了！荷蘭限制DUV設備輸中 9/1生效,22
2023/7/01,[新聞] 一週熱門零股 國泰永續高股息 交投火,7
2023/7/01,[情報] 1795 美時 申報轉讓,23
2023/7/01,Re: [新聞] 確定了！荷蘭限制DUV設備輸中 9/1生效,-10
2023/7/01,[請益] 正二當沖交易稅沒減半？,11
2023/7/01,"[新聞] 物價雪上霜! 泰勒絲演唱會引爆""明星通膨""",37
2023/6/30,Re: [請益] 什麼時候會再買入美股的郵輪、航空股,25
2023/6/30,Re: [情報] 日本經濟爛掉到底誰的錯?,5
2023/6/30,[新聞] 確定了！荷蘭限制DUV設備輸中 9/1生效,96
2023/6/30,[新聞] 技嘉月線有撐 今、明兩年估可各賺一個股,26
2023/6/30,[情報] 0630 上市櫃外資投信同買排行,4
2023/6/30,[情報] 6/30全市場當沖虧損最多的股票,38
2023/6/30,[標的] 台東熱氣球嘉年華概念股 富野(2736),16
2023/6/30,[新聞] 〈美股早盤〉美5月PCE曝通膨降溫、蘋果,36
2023/6/30,[情報] 0630 上市櫃外資投信買超金額排行,0
2023/6/30,[情報] 112年06月30日信用交易統計,26
2023/6/30,[新聞] 微軟和Google領投、輝達跟上 Inflection,17
2023/6/30,"[新聞] 長榮除息強漲 自營商反手砍42,284張",39
2023/6/30,[情報] 5月PCE公布,64
2023/6/30,[新聞] 海、空分治向前邁進 長榮國際再賣長榮航5,9
2023/6/30,Re: [新聞] 風電事業疑慮惡化 西門子能源股價重摔37%,0
2023/6/30,Re: [新聞] 風電事業疑慮惡化 西門子能源股價重摔37%,28
2023/6/30,[心得] 日股整理 - 娛樂、日常(上),18
2023/6/30,Re: [新聞] 風電事業疑慮惡化 西門子能源股價重摔37%,10
2023/6/30,[新聞] 集保股利發放電子通知服務上線 註冊即可,54
2023/6/30,[情報] 6657 華安 5月自結 -0.62,58
2023/6/30,Re: [新聞] 風電事業疑慮惡化 西門子能源股價重摔37%,0
2023/6/30,[情報] 112/06/30 八大公股銀行買賣超排行,7
2023/6/30,[標的]台指大盤機器學習線仙多,22
2023/6/30,Re: [標的] 4743 合一 空,16
2023/6/30,[情報] 0630鉅額交易日成交資訊-單一證券(17萬張長榮,30
2023/6/30,[情報] 2618長榮航 公告本公司第五次無擔保轉換,33
2023/6/30,[創作] 少年,4
2023/6/30,[新聞] 「代銷龍頭」愛山林建設董事長祝文宇：有錢人根本不在乎私法,18
2023/6/30,[創作] 鬼迷心竅,6
2023/6/30,[情報] 3231 緯創　公告本公司擬簽訂建築裝修工,38
2023/6/30,Re: [標的] 2618.TW 長榮航多，機票變貴，股價暴衝,41
2023/6/30,[情報] 0630 上市外資買賣超排行,77
2023/6/30,[標的] 市值型ETF的資金規模極限,33
2023/6/30,[情報] 112年06月30日 櫃買法人買賣金額統計表,17
2023/6/30,[標的] 陽明2609長榮2603除權息行情討論,33
2023/6/30,Re: [心得] 參加長榮除息賺錢,18
2023/6/30,[情報] 112年06月30日 三大法人買賣金額統計表,100
2023/6/30,Re: [情報] 日本經濟爛掉到底誰的錯?,11
2023/6/30,"[新聞] 遭駭客入侵勒索 7,000 萬美元？台積電：-",6
2023/6/30,[情報] 0630 上市投信買賣超排行,16
2023/6/30,[情報] SCFI 20230630 953.6 +29.31,53
2023/6/30,[創作] 被遺忘的時光,9
2023/6/30,[新聞] 大同副董吳振隆兼任尚志資產董座,3
2023/6/30,[標的] 2618.TW 長榮航 飛高高多,10
2023/6/30,[情報] 8069 元太 決議現金股利除息基準日,16
2023/6/30,[新聞] 打造下個常態營收，高端腸病毒71疫苗Q3起,48
2023/6/30,Re: [心得] 參加長榮除息賺錢,70
2023/6/30,[閒聊] 2023/06/30 盤後閒聊,6
2023/6/30,Re: [心得] 只有我賠錢嗎,3
2023/6/30,[新聞] ETF／高股息ETF上半年報酬成績揭曉！4檔0,14
2023/6/30,Re: [心得] 參加長榮除息賺錢,22
2023/6/30,Re: [心得] 參加長榮除息賺錢,28
2023/6/30,[新聞] 強勢股》訊芯：AI帶動 下半年訂單回籠,2
2023/6/30,[新聞] 台灣碳權交易所獲加工處核准 拍板進駐高,38
2023/6/30,[情報] 和潤企業111年度盈餘分派案,5
2023/6/30,Re: [標的] 4906正文,48
2023/6/30,[心得] 參加長榮除息賺錢,38
2023/6/30,[新聞] 2317 鴻海手上股票變壁紙 RIDE 7/7下市,28
2023/6/30,Re: [新聞] 受惠AI趨勢 法人喊買群聯等3檔記憶體族群(凱基投顧),28
2023/6/30,[新聞] 台股／台股下半年見高點？還是該逃命？四,22
2023/6/30,[新聞] 女股神6月連三買台積電,81
2023/6/30,Re: [新聞] 風電事業疑慮惡化 西門子能源股價重摔37%,0
2023/6/30,"[新聞] 台積電""自製ChatGPT""!就是用輝達晶片伺服",40
2023/6/30,[閒聊] 2023/06/30 盤中閒聊,100
2023/6/30,Re: [新聞] 風電事業疑慮惡化 西門子能源股價重摔37%,100
2023/6/30,Re: [新聞] Fed公布美國23家銀行均通過壓力測試,7
2023/6/30,Re: [情報] 日本經濟爛掉到底誰的錯?,33
2023/6/29,[新聞] 美國設廠頭大了？台積電派500名台灣工人,100
2023/6/29,[新聞] 00632R 元大台灣50反1 指數型ETF避險優選,1
2023/6/29,[新聞] 兩個意外 美上周初領失業金人數銳減,31
2023/6/29,Re: [情報] 日本經濟爛掉到底誰的錯?,29
2023/6/29,Re: [新聞] 風電事業疑慮惡化 西門子能源股價重摔37%,40
2023/6/29,[新聞] 友達以AI打造高效率 蟬聯美國製造領導獎,31
2023/6/29,[情報] 6/29全市場當沖虧損最多的股票,17
2023/6/29,[新聞] 亞特蘭大Fed行長：除非通膨偏離目標 利率,13
2023/6/29,Re: [新聞] 風電事業疑慮惡化 西門子能源股價重摔37%,2
2023/6/29,Re: [情報] 日本經濟爛掉到底誰的錯?,8
2023/6/29,[情報] 112年06月29日信用交易統計,8
2023/6/29,[請益] 美股複委託股息入帳金額不對,27
2023/6/29,[新聞] 美國第一季GDP終值報2% 高於預期,19
2023/6/29,[新聞] 統一超營收創新高，大方配發股息3.15 元,30
2023/6/29,[標的] 4414 如興 死過一回漲什麼,19
2023/6/29,Re: [請益] 一個白癡問題-中國印鈔還債不就好了？！,3
2023/6/29,Re: [情報] 日本經濟爛掉到底誰的錯?,12
2023/6/29,Re: [新聞] 風電事業疑慮惡化 西門子能源股價重摔37%,77
2023/6/29,Re: [請益] 一個白癡問題-中國印鈔還債不就好了？！,44
2023/6/29,[情報] 東洋 與國際大廠開發微脂體產品歐洲市場,44
2023/6/29,[情報] 6597 立誠 取得華星光660張 均價97.84元,7
2023/6/29,[情報] 3231緯創代子公司公告處分緯穎股票,19
2023/6/29,[情報] 112/06/29 八大公股銀行買賣超排行,13
2023/6/29,"[新聞] 長榮除息前爆量跌 自營商狂買超49,684張",33
2023/6/29,[情報] 2323 中環 子公司取得長榮海運股票,22
2023/6/29,Re: [請益] 長榮尾盤,42
2023/6/29,[新聞] 蛋價降茶葉蛋不降?全家:成本增無調價規劃,99
2023/6/29,[情報] 0629 上市櫃外資投信同買排行,1
2023/6/29,[情報] 0629 上市櫃外資投信買超金額排行,0
2023/6/29,[新聞] 集保開放證券公開資料查詢服務上線，資訊分享創造三贏,5
2023/6/29,Re: [新聞] PChome網家虧損無從配息 詹宏志致歉：不,12
2023/6/29,[情報] 國內 五月景氣 藍燈● 景氣分數12分,74
2023/6/29,[情報] 0629 上市外資買賣超排行,61
2023/6/29,[新聞] PChome網家虧損無從配息 詹宏志致歉：不,17
2023/6/29,Re: [新聞] ＷSJ：美國考慮對中國祭新一波AI晶片出口,0
2023/6/29,[新聞] 元太股東會 SES遭放空機構狙擊 李政昊：,8
2023/6/29,[新聞] Fed公布美國23家銀行均通過壓力測試,34
2023/6/29,[新聞] 〈元太股東會〉何壽川、何奕達雙雙退出,19
2023/6/29,[標的] 2393億光 海水退了沒穿褲子空,35
2023/6/29,Re: [請益] 長榮尾盤,7
2023/6/29,Re: [請益] 長榮尾盤,52
2023/6/29,[情報] 112年06月29日 櫃買法人買賣金額統計表,10
2023/6/29,[情報] 112年06月29日 三大法人買賣金額統計表,100
2023/6/29,[情報] 0629 上市投信買賣超排行,7
2023/6/29,[新聞] 台股／台股上半年IPO籌資總額年減71％ 安,2
2023/6/29,[情報] 00713 收益分配,32
2023/6/29,[閒聊] 2023/06/29 盤後閒聊,29
2023/6/29,[請益] 長榮尾盤,33
2023/6/29,[情報] 8341 日友 現金增資公開申購資訊,4
2023/6/29,Re: [心得] 台日 全球500大企業  台灣僅3家,21
2023/6/29,Re: [情報] 日本經濟爛掉到底誰的錯?,9
2023/6/29,[新聞] 人民幣續跌再度失守7.26 今日下跌逾200點,71
2023/6/29,[標的] MU.US 美光財報 CEO:低谷掰,23
2023/6/29,[標的] 6806 森崴能源 碳權 政策題材多,14
2023/6/29,[新聞] Yahoo奇摩股市App公布第二季「十大爆紅台,5
2023/6/29,[請益] 手上金融股已經價差+10%，該賣掉嗎？,70
2023/6/29,[請益] 高股息ETF做波段?,20
2023/6/29,[新聞] 蘋果市值逼3兆美元、權重登高 i15料掀超,21
2023/6/29,[請益] 請問不想參加除息 但又不想賣掉股票的話,42
2023/6/29,[新聞] 2317 鴻海蔣尚義任訊芯董座 訊芯股價漲停,8
2023/6/29,Re: [情報] 日本經濟爛掉到底誰的錯?,-10
2023/6/29,Re: [情報] 日本經濟爛掉到底誰的錯?,66
2023/6/29,Re: [請益] 一個白癡問題-中國印鈔還債不就好了？！,39
2023/6/29,[請益] 關於年線,9
2023/6/29,[新聞] 航空雙雄提升機上服務 美食、甜點飛上高,14
2023/6/29,Re: [請益] 一個白癡問題-中國印鈔還債不就好了？！,-10
2023/6/29,[標的] 9946 三發地產 多,30
2023/6/29,Re: [情報] 日本經濟爛掉到底誰的錯?,93
2023/6/29,[閒聊] 2023/06/29 盤中閒聊,100
2023/6/29,[公告] 0629 水桶,20
2023/6/29,Re: [請益] 一個白癡問題-中國印鈔還債不就好了？！,100
2023/6/29,Re: [請益] 一個白癡問題-中國印鈔還債不就好了？！,0
2023/6/29,[新聞] 三星前高層涉竊密 意圖助鴻海在西安設廠,18
2023/6/29,Re: [請益] 一個白癡問題-中國印鈔還債不就好了？！,0
2023/6/29,[新聞] 經濟部工業局率台廠 赴日秀5G、智慧顯示,4
2023/6/29,Re: [情報] 日本經濟爛掉到底誰的錯?,75
2023/6/29,Re: [標的] 00679B 元大20年美債為什麼這麼紅?,8
2023/6/28,[新聞] 台灣顯示器市場出貨量將在今年由正轉負,8
2023/6/28,R: [新聞] 經濟學人：日本失落30年 中國前景恐,49
2023/6/28,Re: [請益] 一個白癡問題-中國印鈔還債不就好了？！,45
2023/6/28,[新聞] 自買自賣！美化帳面 中國地方政府虛增收,32
2023/6/28,[新聞] Fed主席鮑爾：未來可能有更多次升息 不,91
2023/6/28,[請益] 一個白癡問題-中國印鈔還債不就好了？！,100
2023/6/28,[請益] 做現股不做期貨的理由？,64
2023/6/28,[情報] 112年06月28日信用交易統計,15
2023/6/28,[心得] 2618長榮航 空姐雖然賠錢還是香,26
2023/6/28,[新聞] 長榮航：Q3還不錯 高票價估維持到明年Q1,44
2023/6/28,[情報] 0628 上市櫃外資投信同買排行,0
2023/6/28,[新聞] 大廠增單 航太供應鏈得利,7
2023/6/28,[標的] 台股留給主力自己互搞，來買美債吧各位,54
2023/6/28,[情報] 0628 上市櫃外資投信買超金額排行,3
2023/6/28,Re: [新聞] 經濟學人：日本失落30年 中國前景恐更糟,25
2023/6/28,Re: [新聞] ＷSJ：美國考慮對中國祭新一波AI晶片出口,0
2023/6/28,[新聞] 認同伍德？小摩喊加碼台積電、2026年AI,6
2023/6/28,[新聞] 連A800都會沒有!美國將提出新一波對中國AI,70
2023/6/28,[情報] 112/06/28 八大公股銀行買賣超排行,11
2023/6/28,[新聞] 東元間接供應大南電動巴士動力系統 將再,8
2023/6/28,[新聞] 永豐實股東會通過配息2.3元 擬砸10億元,0
2023/6/28,[新聞] 系通更名為「正能量智能」發展運動大數據事業整合平台,36
2023/6/28,[新聞] 台股萬七是天險？「前外資天后」程淑芬說,4
2023/6/28,[新聞] 華新發行GDR折價7.6% 現股爆量重挫逾4%,23
2023/6/28,[情報] 0628 上市外資買賣超排行,68
2023/6/28,[情報] 112年06月28日 櫃買法人買賣金額統計表,17
2023/6/28,[情報] 112年06月28日 三大法人買賣金額統計表,100
2023/6/28,Re: [新聞] ＷSJ：美國考慮對中國祭新一波AI晶片出口,26
2023/6/28,[請益] 美發行債etf輸台灣發行的美債etf,13
2023/6/28,[情報] 0628 上市投信買賣超排行,17
2023/6/28,[新聞] 美5月新屋銷售創一年來新高 營建類股嗨漲,16
2023/6/28,[新聞] 日本將南韓重新納入貿易優惠「白名單」,21
2023/6/28,[閒聊] 2023/06/28 盤後閒聊,57
2023/6/28,Re: [新聞] 摩根大通料人民幣匯率將納熔斷機制,10
2023/6/28,[請益] 日友增資匯款問題,10
2023/6/28,[心得] 直購ETF vs 自組ETF,44
2023/6/28,[新聞] 2317 鴻海半導體策略長蔣爸出任訊芯董座,20
2023/6/28,Re: [新聞] ＷSJ：美國考慮對中國祭新一波AI晶片出口,-10
2023/6/28,Re: [標的] 00679B 元大20年美債為什麼這麼紅?,14
2023/6/28,[新聞] 摩根大通料人民幣匯率將納熔斷機制,10
2023/6/28,[標的] 00679B 元大20年美債為什麼這麼紅?,32
2023/6/28,[標的] 4546長亨 接到31億訂單.隱藏版軍工,24
2023/6/28,[標的] 1108幸福列車準備啟程,5
2023/6/28,Re: [新聞] ＷSJ：美國考慮對中國祭新一波AI晶片出口,5
2023/6/28,[新聞] 需求疲軟 中國5月全國工業利潤降12.6%,27
2023/6/28,Re: [新聞] 經濟學人：日本失落30年 中國前景恐,41
2023/6/28,[新聞] Google母公司Alphabet 遭兩家分析機構下,5
2023/6/28,[標的] 3305 昇貿 ESG/星鏈/AI/觀光 多,14
2023/6/28,Re: [新聞] 經濟學人：日本失落30年 中國前景恐,33
2023/6/28,Re: [新聞] 經濟學人：日本失落30年 中國前景恐更糟,12
2023/6/28,[新聞] 網家虧損無從配息 詹宏志致歉：不管多痛,100
2023/6/28,Re: [新聞] 經濟學人：日本失落30年 中國前景恐,14
2023/6/28,[新聞] 美拚寬頻基建 台廠迎肥單,27
2023/6/28,[標的] 6689伊雲谷 snowflake概念股,11
2023/6/28,Re: [新聞] ＷSJ：美國考慮對中國祭新一波AI晶片,0
2023/6/28,[閒聊] 2023/06/28 盤中閒聊,100
2023/6/28,[新聞] 逾470家公司股利線上查！免等紙本通知　6,32
2023/6/28,Re: [新聞] ＷSJ：美國考慮對中國祭新一波AI晶片出口,-10
2023/6/28,[新聞] 美大型科技股率美股反彈 經濟疑慮緩解 AI,5
2023/6/28,[新聞] ＷSJ：美國考慮對中國祭新一波AI晶片出口,43
2023/6/28,[情報] 6/27全市場當沖虧損最多的股票,9
2023/6/28,[標的] 6629.TW 泰金-KY 跟著老董多,8
2023/6/28,[公告] 06/28 處置公告,14
2023/6/27,[新聞] 日月光斥資1.6億美元赴中投資 投審會點頭,18
2023/6/27,[新聞] 美國5月耐用品訂單出乎意料按月升1.7%,35
2023/6/27,Re: [新聞] 禁止「唱衰中國經濟」中國財經大咖微博被,-10
2023/6/27,[新聞] 台人好愛ETF！逾80%投資者要持續加碼ETF,19
2023/6/27,[新聞] 駐龍董座：業績逐季揚；能見度達2030年,24
2023/6/27,[新聞] 禁止「唱衰中國經濟」中國財經大咖微博被,20
2023/6/27,[新聞] 美電動卡車商Lordstown遞交破產文件 控鴻,8
2023/6/27,[情報] 112年06月27日信用交易統計,23
2023/6/27,[新聞] 近年規模最大！美眾院軍委會主席率團訪台,68
2023/6/27,[新聞] 小心炒底變抄家 蔡明彰揭台股最危險的時,30
2023/6/27,[新聞] 霹靂(8450)股價拉至漲停,34
2023/6/27,[新聞] 科技股大跌 交易員：牛市才走一半,45
2023/6/27,[新聞] 亞泥配息2.3元 創連續61年配發,34
2023/6/27,[情報] 112/06/27 八大公股銀行買賣超排行,9
2023/6/27,Re: [心得] 長期投資0050無風險?,34
2023/6/27,Re: [問題] 看到一個很特別的投資方式 有人嘗試過,20
2023/6/27,[情報] 0627 上市櫃外資投信同買排行,5
2023/6/27,[新聞] 5月失業率3.46％ 創近23年新低,100
2023/6/27,[情報] 0627 上市櫃外資投信買超金額排行,4
2023/6/27,[情報] 2059川湖 112年5月自結2.32元,16
2023/6/27,[情報] 2722夏都 112年5月自結0.01元,25
2023/6/27,[新聞] 日股不擁擠、具趨勢 投顧專家揭4大理由「,0
2023/6/27,[情報] 6125廣運 112年5月自結0.46元,26
2023/6/27,[新聞] 分析師樂觀看日股強彈：不會重演「泡沫經,14
2023/6/27,[請益] 美債稅金討論,28
2023/6/27,[情報] 112年06月27日 櫃買法人買賣金額統計表,22
2023/6/27,[情報] 0627 上市外資買賣超排行,91
2023/6/27,Re: [心得] 長期投資0050無風險?,1
2023/6/27,[新聞] 走著瞧7月13日創新板掛牌 公開詢圈價區,36
2023/6/27,[情報] 112年06月27日 三大法人買賣金額統計表,77
2023/6/27,Re: [心得] 長期投資0050無風險?,25
2023/6/27,[新聞] 禮來減肥新藥二期臨床報告 受試者48週減,19
2023/6/27,[新聞] 佳凌高階車用鏡頭9月起放量出貨，力拼下,4
2023/6/27,[情報] 0627 上市投信買賣超排行,24
2023/6/27,[新聞] AI大時代來臨 電商軟體業要當新護國群山,17
2023/6/27,[新聞] 鴻海在美電動車合作夥伴Lordstown聲請破,38
2023/6/27,[閒聊] 2023/06/27 盤後閒聊,27
2023/6/27,[新聞] 女股神買進台積電和AMD　續減碼特斯拉,78
2023/6/27,[新聞] 00713大刪21檔成分股！陳重銘驚「面目全,0
2023/6/27,Re: [標的] 00670L 富邦NASDAQ正2,31
2023/6/27,Re: [心得] 害怕服貿的只是慣老闆，而不是打工人,68
2023/6/27,[心得] 長期投資0050無風險?,86
2023/6/27,[新聞] 台北夏季旅展 邀陸9省官員來台,0
2023/6/27,Re: [標的] 搭乘長榮航，飛上平流層,29
2023/6/27,[新聞] 首家興櫃麻辣鍋股 老四川創辦人梁朝辰56,46
2023/6/27,Re: [標的] 00670L 富邦NASDAQ正2,18
2023/6/27,[新聞] 中籤一張有望現賺1.4萬元！裕隆現金增資,-10
2023/6/27,[標的] 害怕服貿的只是慣老闆，而不是打工人,-10
2023/6/27,[新聞] 嘉惠電力拚2027年商轉　徐旭東：缺電大家,4
2023/6/27,[新聞] 現追長榮航恐套高點 億元教授點名3檔是,25
2023/6/27,Re: [標的] 4994.TW 傳奇 聖境傳說多,14
2023/6/27,[新聞] 雙雄聯手攻AI、HPC！緯創斥10億元入股世,13
2023/6/27,[新聞] Tesla再遭女股神減持 套現約714萬美元,15
2023/6/27,[新聞] 台積電1.4奈米用地計劃曝光 拚2026年提,49
2023/6/27,Re: [標的] 安鈦克 6276,52
2023/6/27,[請益] 永豐存美股sharesahares平台,16
2023/6/27,[新聞] 鼎固-KY攜手宏璟團隊 以116.8億元拿下天母新光天母傑仕堡,8
2023/6/27,[新聞] 【大立光揪內鬼】跳槽工程師竊機密還申請專利 大立光怒告判,23
2023/6/27,[閒聊] 2023/06/27 盤中閒聊,100
2023/6/27,Re: [新聞] 大魯閣將設子公司 要在美國開棒壘球打擊,29
2023/6/27,[請益] 地震概念股,37
2023/6/26,Re: [新聞] 經濟學人：日本失落30年 中國前景恐更糟,16
2023/6/26,[公告] 0626 水桶,28
2023/6/26,[新聞] 大摩：看好五檔個股 AI伺服器比重高,36
2023/6/26,[新聞] 估值過高？輝「自家人」逢高賣股 狂賺60,22
2023/6/26,[標的] 2369 菱生 封裝測試族群詢問,15
2023/6/26,Re: [標的] 1402遠東新 多,18
2023/6/26,[新聞] Palantir搭上AI順風 但本益比過高 分析師,16
2023/6/26,[情報] 6/26全市場當沖虧損最多的股票,15
2023/6/26,[新聞] 緯創斥資近10億元入股世芯-KY 深化3大領,42
2023/6/26,[情報] 112年06月26日信用交易統計,12
2023/6/26,[新聞] 大魯閣將設子公司 要在美國開棒壘球打擊場,47
2023/6/26,[新聞] 巧新去年度股息 每股配息2元,47
2023/6/26,[情報] 0626 上市櫃外資投信同買排行,1
2023/6/26,[情報] 8996 高力 現增發股 (暫定發行價220~250),16
2023/6/26,[情報] 0626 上市櫃外資投信買超金額排行,3
2023/6/26,Re: [心得] 台股個股資訊查詢、篩選(選股)網站整理,3
2023/6/26,[情報] 1471 首利 5月自結 -0.28,21
2023/6/26,[新聞] 外資看壞Intel晶圓代工 按讚台積調目標,19
2023/6/26,[新聞] 散戶信心回流！5月證券劃撥存款餘額飆3.26,64
2023/6/26,[新聞] 朋程將併茂矽營收 全年業績可望顯著成長,2
2023/6/26,[新聞] Intel切割代工事業　韓媒：三星、台積電,57
2023/6/26,[標的] 6282 康舒 騙線嗎,30
2023/6/26,[情報] 112/06/26 八大公股銀行買賣超排行,11
2023/6/26,[新聞] 2409 友達 達擎董事暨銷售長 凌華董座出任,1
2023/6/26,[情報] 世芯-KY 私募普通股定價及公告應募人資訊,11
2023/6/26,[新聞] 風電事業疑慮惡化 西門子能源股價重摔37%,94
2023/6/26,Re: [請益] 買什麼跌什麼 是什麼症狀 還有救嗎,4
2023/6/26,[新聞] 台開通過停止公開發行 練台生搶到一席重,0
2023/6/26,[新聞] 《電腦設備》仁寶總座放話：股價沒40元,100
2023/6/26,Re: [新聞] 經濟學人：日本失落30年 中國前景恐更糟,19
2023/6/26,[情報] 0626 上市外資買賣超排行,41
2023/6/26,[新聞] 高盛拆解蘋果MR頭盔 台系三光學廠是贏家,16
2023/6/26,[新聞] 外資回補面板雙虎！群創、友達居買超冠亞,19
2023/6/26,[情報] 112年06月26日 櫃買法人買賣金額統計表,12
2023/6/26,[情報] 0626 上市投信買賣超排行,17
2023/6/26,[情報] 112年06月26日 三大法人買賣金額統計表,100
2023/6/26,"[新聞] 台股重挫143點收17,059點 台積電跌7元",33
2023/6/26,[新聞] 為了「這原因」日JIC砸1兆日圓收購JSR,7
2023/6/26,[情報] 5465富驊 112年5月自結0.21元,5
2023/6/26,[閒聊] 2023/06/26 盤後閒聊,27
2023/6/26,Re: [新聞] 經濟學人：日本失落30年 中國前景恐更糟,75
2023/6/26,[標的] 8069元太零股 盤尾急拉原因？,11
2023/6/26,Re: [新聞] 經濟學人：日本失落30年 中國前景恐更糟,-10
2023/6/26,[標的] 3056總太-該出掉一些嗎?,20
2023/6/26,Re: [新聞] 長榮航：機票翻倍漲 獲利驚人,5
2023/6/26,[新聞] 經濟學人：日本失落30年 中國前景恐更糟,100
2023/6/26,[新聞] 2317 鴻海 強攻量子運算 股價攀一年高,48
2023/6/26,[新聞] 長榮航：機票翻倍漲 獲利驚人,47
2023/6/26,[情報] 6125 廣運　說明媒體報導,15
2023/6/26,[新聞] 台電財務危機未解 政院擬增資千億元,48
2023/6/26,[新聞] 《光電股》大客戶遭做空報告狙擊 美系2外,9
2023/6/26,[新聞] 台股／【Yahoo早盤】端午變盤？台股跌逾,23
2023/6/26,Re: [心得] 日韓德在搞什麽,8
2023/6/26,Re: [請益] 歷史有哪些真送分題?,2
2023/6/26,[心得] 日韓德在搞什麽,-10
2023/6/26,Re: [標的] 黑松1234 暗黑多,6
2023/6/26,[新聞] 超微蘇姿丰傳7月訪台鏈,8
2023/6/26,[閒聊] 2023/06/26 盤中閒聊,100
2023/6/26,[標的] 4743 合一 空,53
2023/6/25,[標的] 8049晶采 活得精采多,7
2023/6/25,[新聞] 金管會啟動金檢！鎖定警示戶前十大銀行,45
2023/6/25,[新聞] 南韓護國神山好慘！三星Q2獲利恐大減99％,100
2023/6/25,[請益] 複委託賣美股，T+3天後的幾點入帳？,20
2023/6/25,[新聞] 國際股市偏空 台股節後留意這些事,44
2023/6/25,[公告] 06/25 處置公告,22
2023/6/25,Re: [請益] 歷史有哪些真送分題?,8
2023/6/25,Re: [請益] 歷史有哪些真送分題?,3
2023/6/25,[標的] 5483 中美晶 空,31
2023/6/25,Re: [請益] 歷史有哪些真送分題?,39
2023/6/25,Re: [請益] 現實中很少聽到長輩把技術傳承給晚輩,20
2023/6/25,Re: [新聞] 核四轉型方案 10月報院 虧損分年攤電費,49
2023/6/25,Re: [標的] 6177達麗 穩健安心多,8
2023/6/25,Re: [請益] 現實中很少聽到長輩把技術傳承給晚輩,8
2023/6/25,Re: [新聞] 核四轉型方案 10月報院 虧損分年攤電費,32
2023/6/25,[標的] 7427 華上生醫 多,23
2023/6/25,[新聞] 超微蘇姿丰傳下月來台 舉辦新品發表、挑,24
2023/6/25,Re: [新聞] 核四轉型方案 10月報院 虧損分年攤電費,18
2023/6/25,[心得] 06/26 ~ 06/30 經濟數據&美股財報行事曆,15
2023/6/25,Re: [請益] 現實中很少聽到長輩把技術傳承給晚輩,7
2023/6/25,Re: [心得] 演算法交易實用與否。,2
2023/6/25,Re: [請益] 現實中很少聽到長輩把技術傳承給晚輩,0
2023/6/25,Re: [請益] 現實中很少聽到長輩把技術傳承給晚輩,20
2023/6/25,[新聞] 核四轉型方案 10月報院 虧損分年攤電費,99
2023/6/25,[新聞] 台積熊本廠 產能預訂一空,41
2023/6/25,[新聞] 端午連假 台積電ADR殺多少？欸…下周小心,22
2023/6/25,Re: [請益] 普丁要跑了，對股市影響？,93
2023/6/24,Re: [心得] 演算法交易實用與否。,3
2023/6/24,[新聞] 貝萊德擬推比特幣ETF 加密貨幣產業揮別,3
2023/6/24,Re: [心得] 演算法交易實用與否。,14
2023/6/24,[請益] 普丁要跑了，對股市影響？,99
2023/6/24,Re: [請益] 把自己的人工操作寫成程式,43
2023/6/24,[新聞] 日本5月核心通膨 增幅創42年新高,57
2023/6/24,[請益] 即時的期貨報價可給excel用,5
2023/6/24,[請益] 俄羅斯中亞內亂 油價往上往下噴?,34
2023/6/24,[新聞] 黃仁勳：輝達極有可能在歐洲投資,21
2023/6/24,[標的] 2607榮運線仙零用錢多,6
2023/6/24,[新聞] 高盛：新興市場股市市值2030年將超越美股,26
2023/6/24,[請益] 把自己的人工操作寫成程式,26
2023/6/24,[新聞] 長天期美債ETF 有戲,53
2023/6/24,[新聞] 國會女股神裴洛西 砸逾8100萬買蘋果微軟,77
2023/6/24,[新聞] 韓媒：三星電子 台積電今夏可能面臨缺電,55
2023/6/24,[請益] 把買房的資金拿去買ETF風險在哪?,74
2023/6/24,[新聞] 傳出售內部股票 SpaceX市值升至4.6兆元,12
2023/6/24,[請益] 關於撤銷現金增資,5
2023/6/24,[心得] 演算法交易實用與否。,36
2023/6/24,[請益] 賺錢不配息的股票,15
2023/6/24,Re: [新聞] 書店難獲利 誠品股價剩3成,-10
2023/6/24,[新聞] 〈Q3產業景氣前瞻〉顯卡新品有望再掀換,29
2023/6/23,[新聞] 市場出現泡沫雛形 美銀：投資人正在逃離,72
2023/6/23,[心得] 日股整理 - 遊戲公司(更新),31
2023/6/23,[新聞] 書店難獲利 誠品股價剩3成,100
2023/6/23,[標的] 2006東和鋼鐵 借我躲一下多,31
2023/6/23,[新聞] 傳荷蘭政府出手，ASML 最快 6/30 禁止設,71
2023/6/23,Re: [標的] 元太 8069 放心空,37
2023/6/23,Re: [新聞] 迎戰報復性出遊 長榮航空再開100名地勤缺,18
2023/6/23,[情報] SCFI 20230621 924.29 - 10.02,17
2023/6/23,Re: [新聞] 迎戰報復性出遊 長榮航空再開100名地勤缺,10
2023/6/23,[新聞] 「半導體女王」超微董座蘇姿丰下月來台,100
2023/6/23,[標的] 2605.TW 新興,21
2023/6/23,[新聞] 博客來Q1罕見虧損 驚動羅智先,95
2023/6/23,[新聞] 2年多以來首次！土耳其政策轉彎不再亂降,33
2023/6/23,[新聞] 今桃機旅客破10.8萬人 現場擠爆畫面曝！,44
2023/6/23,[新聞] 連假衝一波！ 小琉球「破萬人登島」 綠島,76
2023/6/23,[新聞] 台股Q3迎資金行情,42
2023/6/23,[新聞] 大陸經濟慘吞3重打擊 亞洲好兄弟不忍了偷,47
2023/6/23,[公告] 0623 水桶,2
2023/6/23,[新聞] 迎戰報復性出遊 長榮航空再開100名地勤缺,35
2023/6/22,[新聞] 長榮航太接單旺 營運帶勁,16
2023/6/22,[新聞] 馬斯克與祖克柏隔空叫戰 戲稱賭城八角,36
2023/6/22,[心得] 以技術分析做程式交易操作(Part.4),16
2023/6/22,Re: [新聞] 聯準會主席稱恐須繼續升息 以抑制高通膨,6
2023/6/22,[心得] 小小虎2023上半年報,67
2023/6/22,[請益] VT要單筆投入還是定期定額？,69
2023/6/22,[新聞] 西班牙媒體盛讚台積電 中國看不到車尾燈,18
2023/6/22,Re: [新聞] 聯準會主席稱恐須繼續升息 以抑制高通膨,13
2023/6/22,Re: [新聞] 聯準會主席稱恐須繼續升息 以抑制高通膨,96
2023/6/22,[新聞] 鴻海量子電腦 拚2025上路,55
2023/6/22,[新聞] 「英特爾終要分割扶不起阿斗」　陸行之：,92
2023/6/22,[情報] 1218 泰山股東會電投需重投,13
2023/6/22,[新聞] 端午連假出國潮！運量高峰達「單日11萬人,87
2023/6/22,[新聞] 中國日本不鏽鋼傾銷爭端　WTO裁定日本勝,62
2023/6/22,Re: [心得] 最壞的時刻，也是最好的時刻,100
2023/6/22,[標的]  6125.tw 廣運水冷多,4
2023/6/22,[標的] 4106 雃博--AI  Me Too多,26
2023/6/22,[請益] 哪裡可以查個股週量創N週新高,2
2023/6/22,[請益] 投信為何最近都有神奇的操作,34
2023/6/22,[新聞] 聯準會主席稱恐須繼續升息 以抑制高通膨,67
2023/6/22,[新聞] 台股盤後鉅額交易再爆56.73億　「連2天逆,22
2023/6/21,[標的] 1409新纖，該砍殺出去逃走嗎?,30
2023/6/21,[標的]  碩天  3617,26
2023/6/21,[情報] 0621 上市櫃外資投信同買排行,1
2023/6/21,[情報] 112年06月21日信用交易統計,18
2023/6/21,[新聞] 《外資》外資看Q3驅動IC 價漲空間不樂觀,9
2023/6/21,[情報] 2883開發金代子公司公告處分欣興股票,16
2023/6/21,[新聞] 《金融股》內資評第一金目標價32.5元 李,20
2023/6/21,[新聞] 美銀估人民幣跌至7.4 金融危機以來最弱,42
2023/6/21,[情報] 0621 上市櫃外資投信買超金額排行,0
2023/6/21,[新聞] 謝金河：AI增強台股的高度,75
2023/6/21,[標的] 2324 仁寶到底有沒有機會補漲?,56
2023/6/21,[情報] 112/06/21 八大公股銀行買賣超排行,4
2023/6/21,[情報] 2486 一詮 處分華星光股票,20
2023/6/21,Re: [新聞] 華航拚了 百億波音787-10客機一次訂6架,23
2023/6/21,[新聞] 塗抹後10分鐘即見效！美FDA批准首個改善陽痿非處方藥,60
2023/6/21,[情報] 6597 立誠 處分華星光838張 均價90.08,9
2023/6/21,[新聞] 經濟放緩+工業電力消費減 能源局下修未來,23
2023/6/21,[新聞] 華航拚了 百億波音787-10客機一次訂6架,67
2023/6/21,[情報] 4533 協易機 5月自結 0.42,25
2023/6/21,[情報] 1519 華城 5月自結 0.43,15
2023/6/21,[新聞] 台股／台股第三季投資重點曝光 5字訣要注,9
2023/6/21,[情報] 1101 台泥 調整每股配發約0.49971973元,28
2023/6/21,[情報] 0621 上市外資買賣超排行,63
2023/6/21,Re: [新聞] 美國5月份新屋開工數意外攀升21.7%，創20,4
2023/6/21,[新聞] 亞力奪半導體廠設備大單 台電加碼下訂,21
2023/6/21,[新聞] 金居佈局高頻高速產品 擴大AI伺服器占有,21
2023/6/21,[情報] 0621 上市投信買賣超排行,18
2023/6/21,[情報] 112年06月21日 櫃買法人買賣金額統計表,22
2023/6/21,[情報] 112年06月21日 三大法人買賣金額統計表,44
2023/6/21,[新聞] AI／看好AI產業下半年獲利成長！法人：適,36
2023/6/21,[創作] 日不落,29
2023/6/21,[閒聊] 2023/06/21 盤後閒聊,44
2023/6/21,[新聞] 碳權雙箭頭喊衝 造紙股熱呼呼,10
2023/6/21,[新聞] 康友200億掏空案前董座黃文烈逃亡3年落網,28
2023/6/21,Re: [新聞] 商人王信雄涉操縱高端股價 獲利1.6萬元遭,18
2023/6/21,Re: [新聞] 商人王信雄涉操縱高端股價 獲利1.6萬元遭,1
2023/6/21,[新聞] 謝金河一開口台股就下殺 股民:別再說了,10
2023/6/21,[新聞] 商人王信雄涉操縱高端股價 獲利1.6萬元遭,100
2023/6/21,[標的] 2739 寒舍 多,13
2023/6/21,[標的] 1101 台泥還有未來嗎?,63
2023/6/21,[新聞] 00921／年化殖利率上看8％！00921今除息,21
2023/6/21,[新聞] 長榮鋼董事改選 哥哥派大勝,16
2023/6/21,[新聞] 環球晶旺季效應恐落空 董座徐秀蘭：市場,29
2023/6/21,[新聞] 新加密交易所EDX Markets上線 比特幣突破,4
2023/6/21,[閒聊] 2023/06/21盤中閒聊,100
2023/6/21,[新聞] 美國5月份新屋開工數意外攀升21.7%，創20,40
2023/6/21,[請益] 有人用過Firstrade的匯款補貼嗎,43
2023/6/21,[請益] 為何要信貸去買00878?,100
2023/6/21,[新聞] 台股盤後鉅額交易爆大量84.3億！　逆轉外,25
2023/6/20,[情報] 1702 南僑 112年5月自結,8
2023/6/20,[新聞] 挑戰美元霸權徹底失敗　中國金磚銀行缺美,66
2023/6/20,[新聞] 熱錢出走 新台幣爆量貶值收30.89元創近,53
2023/6/20,[情報]  6235 華孚 5月自結 EPS 0.28,27
2023/6/20,"[新聞] 不見拉回…美股空頭部隊慘賠1,200億美元",45
2023/6/20,[標的] 安鈦克 6276,84
2023/6/20,[請益] 美股看盤,60
2023/6/20,[情報] 0620 上市櫃外資投信同買排行,2
2023/6/20,[新聞] 台股失守5日線 金管會：基本面體質穩健,21
2023/6/20,[情報] 112年06月20日信用交易統計,51
2023/6/20,[新聞] 鴻海上太空，攜手以色列Ramon.Space,23
2023/6/20,[新聞] 蘋果、輝達已訂下產能？台積電2奈米首波,14
2023/6/20,[情報] 0620 上市櫃外資投信買超金額排行,0
2023/6/20,[新聞] 這三個月全球航空股大都上漲 長榮航逾50%,20
2023/6/20,[新聞] AI鏈成航海王翻版 5年利多一次漲完！,41
2023/6/20,[請益] 航運股 長榮(2603) 陽明(2609)參與除息,43
2023/6/20,[公告] 06/20 處置公告,20
2023/6/20,[新聞] 拓凱前五月營收旺 20日法說會說明營運展,13
2023/6/20,[新聞] 端午節「台股變盤說」被噓爆！鄉民看漲：,20
2023/6/20,[請益] 騰輝(6672)董座辭職 對公司有影響嗎,3
2023/6/20,[情報] 4414 如興 112年6月26日起恢復買賣,21
2023/6/20,Re: [標的] 2409 友達 (最新面板報價),55
2023/6/20,[請益] 報酬應該如何計算？,49
2023/6/20,[新聞] 華孚、協易機、合正 6/20起列入處置股票,10
2023/6/20,[情報] 112/06/20 八大公股銀行買賣超排行,10
2023/6/20,[標的] 1605華新最近到底在做什麼？看不懂,22
2023/6/20,[標的] 可寧衛 8422,41
2023/6/20,[情報] 5871 中租-KY 5月自結 0.80 累計 6.43,46
2023/6/20,[情報] 0620 上市外資買賣超排行,74
2023/6/20,[情報] 3693 營邦 5月自結 1.65,47
2023/6/20,[情報] 112年06月20日 櫃買法人買賣金額統計表,32
2023/6/20,[情報] 0620 上市投信買賣超排行,38
2023/6/20,[情報] 112年06月20日 三大法人買賣金額統計表,100
2023/6/20,[新聞] 永豐餘股東會 工紙庫存第2季至第3季有望,9
2023/6/20,[標的] 7427華上生醫 多,13
2023/6/20,[閒聊] 2023/06/20 盤後閒聊,31
2023/6/20,Re: [心得] 華航 低割跳機離席,100
2023/6/20,[新聞] 外資回來了 謝金河:外資買超台股史上第二,99
2023/6/20,[新聞] 印度股市市值已超越法、英 名列全球第四,34
2023/6/20,[新聞] 群光5月eps0.9，達Q1總合44%，公司稱基本,18
2023/6/20,[心得] 華航 低割跳機離席,94
2023/6/20,[標的] 5905南仁湖 多,11
2023/6/20,Re: [新聞] 英特爾4天投資三國 豪擲600多億美元,19
2023/6/20,[新聞] 0050歡慶成立20周年 至今創造550%報酬帶E,26
2023/6/20,Re: [新聞] 英特爾砸逾250億美元 以色列建晶片廠,-10
2023/6/20,[新聞] 6月庶民指標41%看漲台股 樂觀程度創17個,48
2023/6/20,[新聞] 良維股東會 董座李淳正：美車廠採用特斯,11
2023/6/20,[新聞] 《航運股》漢翔參展巴黎航展 取得歐洲航,32
2023/6/20,[新聞] 英特爾4天投資三國 豪擲600多億美元,41
2023/6/20,[情報] 1402 遠東新 本公司代子公司(遠通投資股,11
2023/6/20,[閒聊] 2023/06/20 盤中閒聊,100
2023/6/20,[新聞] 英特爾砸逾250億美元 以色列建晶片廠,100
2023/6/20,[新聞] 工控、商用面板需求 迎成長曙光,22
2023/6/19,[新聞] 台積電準備為蘋果及英偉達試產2納米,7
2023/6/19,Re: [請益] 持股健檢（都是看批踢踢買的）,52
2023/6/19,[情報] 6/19全市場當沖虧損最多的股票,12
2023/6/19,[情報] 0619 上市櫃外資投信同買排行,0
2023/6/19,[新聞] 長榮海運斥資234億元 買下長榮新加坡100%,33
2023/6/19,[新聞] 海韻電法說〉需求回溫、新品動能加持 下,13
2023/6/19,[情報] 112年06月19日信用交易統計,21
2023/6/19,[情報] 0619 上市櫃外資投信買超金額排行,2
2023/6/19,[新聞] 德國陷入衰退 歐洲經濟「火車頭」失速,4
2023/6/19,Re: [新聞] 中鋼7月與第3季盤價再跌 完成觸底準備上,10
2023/6/19,Re: [請益] 關於3693營邦,14
2023/6/19,[新聞] 台股大漲「少年股神」卻縮手？1問題曝光,38
2023/6/19,[情報] 2303 聯電 處分京元電子(股)公司 股票,15
2023/6/19,[新聞] 波克夏增持日本五大商社股份 比例逾8.5%,25
2023/6/19,[情報] 112/06/19 八大公股銀行買賣超排行,12
2023/6/19,[情報] 2486 一詮 取得華星光股票,32
2023/6/19,Re: [標的] 持股請益,6
2023/6/19,[新聞] 台股萬八難攻？專家：這區間套牢很多,47
2023/6/19,[請益] 漲停股收盤前最後一筆搓合的大量市價單,11
2023/6/19,Re: [標的] 持股請益,8
2023/6/19,[新聞] 黑松配息1.8元 張斌堂：2023比去年更好,48
2023/6/19,[新聞]大股東怒控中福經營團隊阻止恢復交易,9
2023/6/19,[新聞] 中鋼7月與第3季盤價再跌 完成觸底準備上,76
2023/6/19,[情報] 0619 上市外資買賣超排行,60
2023/6/19,[新聞] 全球投資ETF資產已創下歷史新高10.32兆鎂,25
2023/6/19,[情報] 112年06月19日 櫃買法人買賣金額統計表,20
2023/6/19,[新聞] 人民幣今起也可以買港股　專家：進一步,38
2023/6/19,[情報] 0619 上市投信買賣超排行,40
2023/6/19,[情報] 112年06月19日 三大法人買賣金額統計表,46
2023/6/19,[新聞] 面板市況逐漸回溫 群創、友達股價帶量創,45
2023/6/19,[閒聊] 2023/06/19 盤後閒聊,49
2023/6/19,[請益] 交割不出來怎麼辦,100
2023/6/19,[標的] 2405 輔信是不是妖股,19
2023/6/19,[新聞] 茂迪：第二季觸底 今年成長展望不變,13
2023/6/19,[新聞] 當沖降稅常態化 金管會支持,34
2023/6/19,[新聞] 榮運股東會完成董事改選,5
2023/6/19,[新聞] 看壞國內房地產前景 總太地產開第一槍,27
2023/6/19,[新聞] 聯詠、士電 認購來電,8
2023/6/19,[標的] 1909.TW榮成 多,23
2023/6/19,[請益] 調和形式在金融問題的應用,5
2023/6/19,[標的] 8215明基材   面板三雄噴發多,14
2023/6/19,Re: [請益] 這波上漲怎麼不流行當全職操盤手了,5
2023/6/19,[新聞] 廣運液冷散熱獲英特爾認證 奪單添翼,37
2023/6/19,[新聞] ETF／搶息族湧進 00919單周爆增近3萬名股,0
2023/6/19,[情報] 聯發科澄清112/06/19經濟日報報導,78
2023/6/19,Re: [請益] 看到有大大說降息就是要賣出的時候,56
2023/6/19,[新聞] 金管會搞烏龍？泰山拖到晚間才宣布股利大,20
2023/6/19,[標的] 2610華航 大谷翔平炸裂 多,65
2023/6/19,[閒聊] 2023/06/19盤中閒聊,99
2023/6/19,[新聞] 聯發科傳奪 Google AI 大單,70
2023/6/19,Re: [新聞] 美匯率操縱觀察名單 台灣、中國等7個,28
2023/6/19,Re: [新聞] 美銀點名10大AI概念股 台積電、輝達入列,25
2023/6/18,[新聞] 台股會「端午變盤」？多位專家這樣看,64
2023/6/18,[新聞] 暑假旺季航運股翻身 外資搶進華航、長榮,57
2023/6/18,Re: [請益] 這波上漲怎麼不流行當全職操盤手了,11
2023/6/18,Re: [請益] 這波上漲怎麼不流行當全職操盤手了,47
2023/6/18,[新聞] 美匯率操縱觀察名單 台灣、中國等7個經,27
2023/6/18,[新聞] 美銀點名10大AI概念股 台積電、輝達入列,18
2023/6/18,[新聞] 今年航空旅客量料大增28%,31
2023/6/18,[新聞] 「三重作帳」行情發動 16檔投信連買發燙,72
2023/6/18,Re: [請益] 這波上漲怎麼不流行當全職操盤手了,14
2023/6/18,[請益] 在自己進出場規則中設定例外是什麼心情？,8
2023/6/18,[新聞] 五檔台灣之光 市值逾50兆,0
2023/6/18,Re: [請益] 這波上漲怎麼不流行當全職操盤手了,8
2023/6/18,Re: [心得] 大盤,9
2023/6/18,Re: [請益] 這波上漲怎麼不流行當全職操盤手了,15
2023/6/18,Re: [請益] 這波上漲怎麼不流行當全職操盤手了,23
2023/6/18,Re: [請益] 這波上漲怎麼不流行當全職操盤手了,54
2023/6/18,[公告] 水桶改判,5
2023/6/18,[公告] 0618 水桶,35
2023/6/18,[新聞] 國際油價持續下跌 中油宣布汽油調降0.3元,26
2023/6/18,Re: [請益] 一個月有12000的閒自資金該如何買,3
2023/6/18,[新聞] 一週熱門零股 台積電 人氣紅不讓,21
2023/6/18,Re: [標的] 長榮航 華航 複製航海走勢 討論,33
2023/6/18,Re: [標的] Nasdaq 強襲魔女集結,14
2023/6/18,Re: [標的] 長榮航 華航 複製航海走勢 討論,48
2023/6/18,Re: [標的] 茂順9942 多,17
2023/6/18,[標的] 6667 信紘科 先進封裝多,5
2023/6/18,[請益] 用高股息做價差有沒有搞頭,27
2023/6/17,[新聞] 那指今年大漲近31% 高盛稱美該股稍作喘息,33
2023/6/17,Re: [請益] 持股健檢（都是看批踢踢買的）,60
2023/6/17,[新聞] 美銀:美這波像08崩盤前強彈 花旗:再漲有,40
2023/6/17,[請益] 現在是進場布局金融股的好時機嗎?,53
2023/6/17,[標的] 3078 僑威 躺著多,48
2023/6/17,[新聞] 馬斯克：特斯拉市值 建立在自動駕駛基礎上,52
2023/6/17,[標的] 3024 tw 憶聲 多,9
2023/6/17,[心得] 06/19 ~ 06/23 經濟數據&美股財報行事曆,25
2023/6/17,[新聞] 華南金、彰銀 看好明年股利,33
2023/6/17,[標的] 茂順9942 多,20
2023/6/17,[新聞] 中鋼董座翁朝棟透露某醫生持有8千張股票 原因令人感動,50
2023/6/17,Re: [新聞] 三商壽去年虧136億　老董祭4招拚今年,36
2023/6/17,[新聞] 大摩：輝達是AI股首選 股價上看500美元,61
2023/6/17,[公告] 06/17 處置公告,59
2023/6/17,Re: [標的] 9945潤泰新　存股建倉多,60
2023/6/17,Re: [新聞] 不跟Fed對幹 債市完全放棄對今年降息押,62
2023/6/17,[新聞] 「台版特斯拉」董座沈瑋掏空4.8億 繳7000,48
2023/6/17,[新聞] 獨／中聯航運設停損點　通知客戶下周起,4
2023/6/17,[新聞] 永豐00901 00907 ETF 指數成分股調整,6
2023/6/17,[新聞] 不跟Fed對幹 債市完全放棄對今年降息押,79
2023/6/17,[新聞] 開發金股東會 董事長黃思國向87萬股東道歉,50
2023/6/17,[情報] 6597立誠 取得華星光838張 成本76,8
2023/6/17,[新聞] 股利發放電子通知服務給投資人，6月30日上線,98
2023/6/17,[新聞] 虧損5000萬！小股東直言：「宏達電的董,59
2023/6/17,[請益] 關於3693營邦,28
2023/6/17,[新聞] 高盛 看多成熟製程族群,15
2023/6/17,[請益] 看到有大大說降息就是要賣出的時候,59
2023/6/17,[新聞] 瑞儀啟動接班 王昱超任總座,8
2023/6/17,Re: [標的] 6577 勁豐 合約多,13
2023/6/17,[標的] 9945潤泰新　存股建倉多,58
2023/6/17,Re: [請益] Re: [請益] 持股健檢（都是看批踢踢,21
2023/6/17,[心得] 經濟疲弱人更是要炒作,19
2023/6/17,[請益] 持股健檢（賣股買車）,35
2023/6/16,[請益] Re: [請益] 持股健檢（都是看批踢踢買的,38
2023/6/16,[標的] 3479.TW 安勤 選舉多,13
2023/6/16,Re: [新聞] 快訊／泰山4元股息飛了！　公司曝2關鍵剩,13
2023/6/16,[標的] 2618 長榮航 佛心拉回多,38
2023/6/16,Re: [標的] TSLA.US 拯救推進器多,7
2023/6/16,Re: [情報] 00919群益台灣精選高息 6月收益分配,100
2023/6/16,[情報] 0616 上市櫃外資投信同買排行,0
2023/6/16,[情報] 112年06月16日信用交易統計,11
2023/6/16,[情報] 0616 上市櫃外資投信買超金額排行,0
2023/6/16,[新聞] 劉揚偉BBC專訪：美中交惡 押注EV是鴻海去,33
2023/6/16,[新聞] 萬八有譜？謝金河揭資金大浪來 選錯下場,58
2023/6/16,[新聞] 快訊／泰山4元股息飛了！　公司曝2關鍵剩,100
2023/6/16,[新聞] 歐買尬股東會通過配息1.5元 第3季推AI手,21
2023/6/16,Re: [標的] 長榮航 華航 複製航海走勢 討論,90
2023/6/16,[新聞] 台積電受惠先進製程漲價 研調估明年營收,17
2023/6/16,[新聞] 神秘買單再現！台積電尾盤爆逾1.99萬張大,0
2023/6/16,[新聞] 砸30億？華航重金租機搶客 董座曝增班航,4
2023/6/16,[標的] 3078僑威(空),48
2023/6/16,[情報] 特選高股息低波動指數成份股審核(00713),93
2023/6/16,[新聞] 三商壽去年虧136億　老董祭4招拚今年轉,23
2023/6/16,[情報] 112/06/16 八大公股銀行買賣超排行,27
2023/6/16,[情報] 2468 華經 5月自結 0.32,3
2023/6/16,[新聞] 健談20日登錄創櫃板 搶攻台灣大健康市場,7
2023/6/16,Re: [標的] 長榮航 華航 複製航海走勢 討論,28
2023/6/16,[新聞] 國泰SOGO聯名卡糾紛　徐旭東股東常會後妙答：這是很小的事情,34
2023/6/16,Re: [情報] 00919群益台灣精選高息 6月收益分配,15
2023/6/16,Re: [請益] 持股健檢（都是看批踢踢買的）,100
2023/6/16,[情報] 0616 上市外資買賣超排行,95
2023/6/16,[新聞] 雪紅姨開講 元宇宙是汽車、AI是能源,53
2023/6/16,[新聞] ETF衝3兆 金管會三方點火再推進,24
2023/6/16,Re: [情報] 0616 上市投信買賣超排行,12
2023/6/16,[新聞] 台大咖CEO來了！台積電3巨頭急飛大陸,8
2023/6/16,Re: [請益] 長期持有 投等債etf vs 直債,14
2023/6/16,Re: [標的] 長榮航 華航 複製航海走勢 討論,74
2023/6/16,[新聞] 兆豐金股東會通過股利1.32元 股利配發累,38
2023/6/16,[情報] 112年06月16日 櫃買法人買賣金額統計表,21
2023/6/16,[新聞] 尚未轉盈但投資是必要的 王雪紅：盼成為,16
2023/6/16,Re: [新聞] Fed傳聲筒：鮑爾已暗示7月升息箭在弦上,11
2023/6/16,[情報] 112年06月16日 三大法人買賣金額統計表,96
2023/6/16,[情報] SCFI 20230616 934.31 -45.54,27
2023/6/16,[情報] 0616 上市投信買賣超排行,34
2023/6/16,[標的] 換架飛機 飛更遠  華航2610.TW,27
2023/6/16,[標的] 3231 緯創 現增多,18
2023/6/16,[情報] 6643 M31 112年5月自結 1.04,9
2023/6/16,[請益] 長期持有 投等債etf vs 直債,23
2023/6/16,[閒聊] 2023/06/16 盤後閒聊,31
2023/6/16,[新聞] 合併新光金？台新金吳東亮表態2前提下,28
2023/6/16,[新聞] Fed傳聲筒：鮑爾已暗示7月升息箭在弦上,49
2023/6/16,[標的] 2618.TW 長榮航 閉著眼睛多,71
2023/6/16,Re: [標的] 長榮航 華航 複製航海走勢 討論,100
2023/6/16,[新聞] 《熱門族群》中興電漲停、華城飆天價 重,14
2023/6/16,Re: [標的] 長榮航 華航 複製航海走勢 討論,54
2023/6/16,[標的] 泰詠6266 伺服器 PCB 除權息多,10
2023/6/16,[新聞] 貝萊德申請推出現貨比特幣ETF 進一步涉入,10
2023/6/16,[新聞] 中鋼董座翁朝棟：導入AI智能製造,74
2023/6/16,[新聞] 印度向中國手機製造商提新條件　要求任命,65
2023/6/16,[新聞] 鋼價底部訊號浮現　翁朝棟：下半年可望優,50
2023/6/16,[標的] 1580 新麥 麵包消費多,22
2023/6/16,[請益] 看台灣景氣燈號買那指?,11
2023/6/16,[新聞] 台玻衝電子級玻纖布 伺機擴產,21
2023/6/16,Re: [標的] 長榮航 華航 複製航海走勢 討論,52
2023/6/16,[新聞] 宏達電王雪紅：投資尚未全面獲利 謝謝股,39
2023/6/16,Re: [標的] 長榮航 華航 複製航海走勢 討論,100
2023/6/16,[新聞] ETF／00921上調配息金額至0.37元！年化殖,10
2023/6/16,[新聞] 維珍銀河首次太空商業旅行月底出團 盤後暴漲逾50%,23
2023/6/16,[新聞] 奇鋐 預期業績逐季揚,13
2023/6/16,[新聞] 三陽SYM新CLBCU主攻女群 拚銷量,37
2023/6/16,[新聞] 玉晶光要搶單大立光,13
2023/6/16,[新聞] 英特爾將獲得德國110億美元的建廠補助,33
2023/6/16,[新聞] 緯創股東會 不被AI熱沖昏頭　林憲銘預告,15
2023/6/16,Re: [新聞] Fed「跳過」升息 美股道瓊早盤漲逾200點,9
2023/6/16,[新聞] 航空雙雄 上演噴射機行情,24
2023/6/16,[閒聊] 2023/06/16盤中閒聊,100
2023/6/16,Re: [新聞] Fed「跳過」升息 美股道瓊早盤漲逾200點,17
2023/6/16,[標的] 2942 京站 營收回穩多,25
2023/6/16,[標的] AMD.US 韭菜賣掉多,19
2023/6/16,[新聞] 〈央行理監事會〉無預警又出手打房！特定,71
2023/6/15,[新聞] 中國青年失業率20.8%創新高　經濟再走弱,93
2023/6/15,[新聞] 台達深夜重訊拋震撼彈 宣布完全收購德國,100
2023/6/15,[情報] 5519 隆大 現金股利除息基準日,2
2023/6/15,[標的] 萬潤 6187 多,15
2023/6/15,[新聞] Fed「跳過」升息 美股道瓊早盤漲逾200點,22
2023/6/15,[新聞] 股價3個月漲3成 新加坡航空領航全球,36
2023/6/15,[標的] 2345智邦(多),15
2023/6/15,[情報] 6/15全市場當沖虧損最多的股票,7
2023/6/15,[標的] 僑威 3078 海韻電 6203 強多,13
2023/6/15,[情報] 0615 上市櫃外資投信同買排行,2
2023/6/15,[新聞] 不妙！央行下修GDP為1.72% 學者籲「應做,29
2023/6/15,[情報] 112年06月15日信用交易統計,24
2023/6/15,[情報] 0615 上市櫃外資投信買超金額排行,3
2023/6/15,[新聞] 美上周初領失業金人數報26.2萬 高於預期,39
2023/6/15,[情報] 2023/06/15 當沖損益排行,32
2023/6/15,Re: [新聞] 鮑爾：今年續升、降息要等個幾年 但,10
2023/6/15,[新聞] 鴻海集團退出董事會 天鈺：營運更具自主,43
2023/6/15,[新聞] 華航宣布今年引進1架 A350-900 客機,35
2023/6/15,[新聞] 鮑爾：今年續升、降息要等個幾年 但通膨,44
2023/6/15,[新聞] 航空雙雄爆量噴到外太空 華航逼近50萬張,21
2023/6/15,[新聞] 客運需求暴增 華航開臨時董事會租A350應,16
2023/6/15,Re: [請益] 現在是不是All out的最佳時間點,21
2023/6/15,[情報] 112/06/15 八大公股銀行買賣超排行,17
2023/6/15,[新聞] 還要看空台積電、長榮航？網曝2檔目標價,14
2023/6/15,[新聞] 華航、長榮航成台股新人氣王,31
2023/6/15,[新聞] 長榮航空「讓我伴你飛」兒童公益圓夢計畫,18
2023/6/15,Re: [新聞] 快訊／央行暫停升息！重貼現率維持1.875%,0
2023/6/15,"[新聞] Netflix打擊共享帳號,美國訂閱率不減反增",33
2023/6/15,Re: [標的] 00632R 台灣反一  即將下市?,34
2023/6/15,[公告] Stock 樂透開獎,3
2023/6/15,[新聞] 利率按兵不動 終結連5度升息 GDP無法保2,38
2023/6/15,[新聞] 快訊／央行暫停升息！重貼現率維持1.875%,100
2023/6/15,[新聞] 亞系外資調高台達電目標價至420元 AI推升,23
2023/6/15,[標的] 2211長榮鋼,100
2023/6/15,[情報] 0615 上市外資買賣超排行,69
2023/6/15,[新聞] 美債／00853B配息上調至0.31元！年化殖利,11
2023/6/15,[新聞] SOGO聯名卡吵了18年 遠東銀靠「遠東快樂,28
2023/6/15,[新聞] Arm IPO夯 傳台積電、蘋果等大咖全都考,7
2023/6/15,Re: [請益] 現在是不是All out的最佳時間點,22
2023/6/15,Re: [新聞] 緯創擬發新股 近20年首次現增,20
2023/6/15,[請益] 現在是不是All out的最佳時間點,94
2023/6/15,[情報] 3078 僑威 4月自結 0.64,53
2023/6/15,[請益] 借股票給券商%數問題,12
2023/6/15,[情報] 112年06月15日 櫃買法人買賣金額統計表,21
2023/6/15,[情報] 0615 上市投信買賣超排行,30
2023/6/15,[情報] 112年06月15日 三大法人買賣金額統計表,58
2023/6/15,[標的] 台指大盤非機器學習線仙多,15
2023/6/15,[新聞] 台灣封測首家！欣銓加入RE100 2050年全,14
2023/6/15,[新聞] 台積電開盤股價攀至590元 重演秒填息,16
2023/6/15,[新聞] 華航、長榮航及台灣虎航紅利效應發威,28
2023/6/15,[新聞] 緯創擬發新股 近20年首次現增,100
2023/6/15,[新聞] 航空雙雄爆量噴到外太空 華航逼近50萬張,19
2023/6/15,[標的] 長榮航 華航 複製航海走勢 討論,75
2023/6/15,[閒聊] 2023/06/15 盤後閒聊,34
2023/6/15,[新聞] 緯創獲利大好 殖利率減半因股東很支持,18
2023/6/15,[情報] 2201 裕隆 現金增資公開申購資訊,19
2023/6/15,[標的] 2610 華航 航空業有無其他類似公司?,53
2023/6/15,Re: [請益] 高股息ETF只適合退休仔買嗎?,13
2023/6/15,[請益] 高股息ETF只適合退休仔買嗎?,61
2023/6/15,[情報] 00919群益台灣精選高息 6月收益分配,69
2023/6/15,[標的] 5253.JP COVER,60
2023/6/15,[標的] 2645/長榮航太 多,40
2023/6/15,Re: [標的] 3147 大綜 AI大家一起來,5
2023/6/15,[新聞] 《DJ在線》今年衰退成定局，IC設計廠為,1
2023/6/15,[新聞] 繼Costco卡之後 國泰世華銀再失SOGO聯名,100
2023/6/15,[新聞] 受惠AI趨勢 法人喊買群聯等3檔記憶體族群,8
2023/6/15,Re: [標的] ROBO.US AI機器人取代人類 多,1
2023/6/15,Re: [標的] 聚陽1477多,9
2023/6/15,[閒聊] 2023/06/15 盤中閒聊,100
2023/6/15,[新聞] 航空王來了 長榮航爆量起飛,65
2023/6/15,[請益] 比爾蓋茲放空Tesla 補了嗎？,23
2023/6/15,[新聞] Fed維持利率不變 預計年底利率升至5.6%,96
2023/6/14,[新聞] 傳明起裁員 華碩：完全沒有根據的謠言,70
2023/6/14,[新聞] 新光金還沒改革之前 增資成第一要務,25
2023/6/14,[新聞] 上海發布「元宇宙」行動方案 將主攻沉浸,37
2023/6/14,[新聞] 航空王大秀「5千張長榮航」 釣出一票大,44
2023/6/14,[新聞] 長榮航爆量飆上歷史天價 網友喊：飛機起,54
2023/6/14,[標的] HPQ (NYSE),0
2023/6/14,[新聞] 投資者拋售中國股票 轉投日韓和印度,14
2023/6/14,[情報] 0614 上市櫃外資投信同買排行,1
2023/6/14,[情報] 本日(6/14)當沖獲利排行,13
2023/6/14,[新聞] 傳新超級晶片獲亞馬遜青睞 AMD股價盤前,6
2023/6/14,Re: [請益] 請問如果是你，你會怎麼做?,6
2023/6/14,[新聞] 欣興調整股利：現金7.99298687元,31
2023/6/14,Re: [標的]大盤，進出規劃,13
2023/6/14,[情報] 112年06月14日信用交易統計,30
2023/6/14,[新聞] 華航疫後首次大規模招考上百名客艙組員,17
2023/6/14,[新聞] 五利多助除息行情 女股神入手台積電,22
2023/6/14,[新聞] 鴻海（2317）將除息還可投資嗎？ 專家：四年前進場多賺傻瓜,27
2023/6/14,[情報] 0614 上市櫃外資投信買超金額排行,1
2023/6/14,[請益] 請問如果是你，你會怎麼做?,89
2023/6/14,[新聞] 華航、星宇 5月客運營收年增逾10倍,10
2023/6/14,[新聞] 客貨並進 華航：暑假迎疫後旅運高峰,13
2023/6/14,[新聞] 馬士基網站今日美西限量每大箱861美元,39
2023/6/14,[標的] 華電 1603 （純請益）,27
2023/6/14,Re: [標的] 台達電 長長多,31
2023/6/14,Re: [標的]  2211.TW 長榮鋼 桃園環保概念,48
2023/6/14,[標的] 元太 8069 放心空,4
2023/6/14,[情報] 112/06/14 八大公股銀行買賣超排行,20
2023/6/14,[新聞] 〈焦點股〉長榮航股價高飛逼近4字頭 創,39
2023/6/14,Re: [標的] 2618.TW 長榮航 解封多,45
2023/6/14,Re: [請益] 你各位手上哪一檔ETF漲最多?,24
2023/6/14,[新聞] 航海大神出手?狂敲長榮航期07二千口大單,42
2023/6/14,[情報] 0614 上市外資買賣超排行,69
2023/6/14,[新聞] 金像電AI 伺服器上半年開案量激增 看好占,20
2023/6/14,Re: [標的] 6285啟碁 多多 長期多,35
2023/6/14,[新聞] 【科技人帶路】正面迎擊NVIDIA！AMD全新A,64
2023/6/14,[情報] 112年06月14日 櫃買法人買賣金額統計表,24
2023/6/14,[情報] 0614 上市投信買賣超排行,26
2023/6/14,[公告] Stock 板 開始舉辦樂透!,1
2023/6/14,Re: [請益] 漲成這樣大家還抱的住嗎,10
2023/6/14,[情報] 幾檔熱門ETF 2023年1~5月內扣費用率,15
2023/6/14,[情報] 112年06月14日 三大法人買賣金額統計表,56
2023/6/14,[情報] 00713元大高息低波 6月收益分配,21
2023/6/14,Re: [請益] 漲成這樣大家還抱的住嗎,7
2023/6/14,Re: [新聞] AMD新款AI晶片亮相  挑戰輝達主導地位,0
2023/6/14,[新聞] 獨家／華碩組織大整併 驚傳將裁員,100
2023/6/14,[情報] 5213 亞昕 現增發股 (補充:發行價24元),5
2023/6/14,[新聞] 出口衰、供電緊、債務周轉難 越南經濟尚,13
2023/6/14,[情報] 6577 勁豐 4月自結 0.73,19
2023/6/14,[閒聊] 2023/06/14 盤後閒聊,36
2023/6/14,Re: [請益] 漲成這樣大家還抱的住嗎,37
2023/6/14,[新聞] 英業達攜手趨勢科技、恩智浦 打造車輛互,17
2023/6/14,Re: [標的] 搭乘長榮航，飛上平流層,100
2023/6/14,[公告] Stock 樂透開獎,7
2023/6/14,[新聞] 看好記憶體族群 法人瞄準華邦電等9檔入手,34
2023/6/14,Re: [標的] 電子全面開噴，該買哪一檔ETF?,20
2023/6/14,[標的] 長榮 2603.tw 菜雞空,53
2023/6/14,[標的] 電子全面開噴，該買哪一檔ETF?,61
2023/6/14,[新聞] 台股ETF／第12檔百億台股ETF誕生！009191,8
2023/6/14,[新聞] AMD新款AI晶片亮相  挑戰輝達主導地位,28
2023/6/14,Re: [標的] 搭乘長榮航，飛上平流層,100
2023/6/14,[新聞] 獨／神腦董座鄭宏輝爆「掏性器官示意口交,100
2023/6/14,[標的] 2436.TW 偉詮電,17
2023/6/14,[請益] 所得稅30%級距是否要參加除息,85
2023/6/14,Re: [新聞] 緯創、緯穎高層賣股 惹議,3
2023/6/14,[新聞] 緯創、緯穎高層賣股 惹議,100
2023/6/14,[標的] 20年公債價格已經都被反應完了嗎?,62
2023/6/14,Re: [標的] 搭乘長榮航，飛上平流層,41
2023/6/14,[閒聊] 2023/06/14盤中閒聊,100
2023/6/14,[新聞] 掌握關鍵5分鐘防詐騙　AI鷹眼幫北富銀攔2,22
2023/6/14,[新聞]看多散戶在一周內，比重從29%攀升到45%,74
2023/6/14,[新聞] 投資人樂觀…押Fed不升息 美股創13月新高,17
2023/6/14,Re: [新聞] 獨／馬士基拋出震撼彈、美西線每大箱砍,21
2023/6/13,[新聞] 帳面獲利近7千萬! 魏哲家神準抄底勝巴菲,14
2023/6/13,[公告] ellecash 自刪標的文 2404 漢唐,4
2023/6/13,[公告] 0613 水桶,6
2023/6/13,[新聞] 吊臂砸捷運後嚴格自主檢查 興富發：請給,5
2023/6/13,[新聞] 對中晶片禁令 美擬放寬台韓商,47
2023/6/13,Re: [新聞] 美5月CPI年增4% 略低於預期,24
2023/6/13,Re: [請益] 漲成這樣大家還抱的住嗎,11
2023/6/13,Re: [請益] 漲成這樣大家還抱的住嗎,3
2023/6/13,[新聞] 台積電目標價驚見740 靠1決策賺翻了,45
2023/6/13,[新聞] 方舟投資伍德逢高大賣特斯拉 增持Meta 首,8
2023/6/13,Re: [心得] 好奇怪，現在股版只有我朋友還賠錢嗎？,18
2023/6/13,[創作] 歸來,2
2023/6/13,[情報] 112年06月13日信用交易統計,35
2023/6/13,[新聞] 半導體在陸擴產 美國讓步,30
2023/6/13,[新聞] 台股今年來漲近2成 亞股排名第二,10
2023/6/13,[新聞] 獨／馬士基拋出震撼彈、美西線每大箱砍,82
2023/6/13,[情報] 4544 春日 現金股利除息基準日,5
2023/6/13,[公告] Stock 板 開始舉辦樂透!,6
2023/6/13,[情報] 0613 上市櫃外資投信同買排行,2
2023/6/13,[新聞] 美5月CPI年增4% 略低於預期,73
2023/6/13,[新聞] 航空業需求爆發燃油成本續降 法人：Q3獲,13
2023/6/13,[請益] 定期定額複委託 不會合併到複委託庫存,11
2023/6/13,[新聞] 台達電躍AI伺服器隱形冠軍　海英俊：急單,27
2023/6/13,Re: [請益] 漲成這樣大家還抱的住嗎,7
2023/6/13,[情報] 0613 上市櫃外資投信買超金額排行,2
2023/6/13,Re: [標的] QCOM.US,4
2023/6/13,[新聞] 華擎5月稅後純益年減逾2成,9
2023/6/13,Re: [請益] 很多筆實際損益要怎麼計算,1
2023/6/13,Re: [請益] 漲成這樣大家還抱的住嗎,32
2023/6/13,[新聞] 旅遊爆發！油價跌、機票漲、航線增班,41
2023/6/13,[新聞] 女股神回頭買台積 趕搭AI熱,100
2023/6/13,Re: [標的] 搭乘長榮航，飛上平流層,32
2023/6/13,Re: [請益] 各位現在有幾成資金放在台股（含期權,28
2023/6/13,Re: [請益] 漲成這樣大家還抱的住嗎,6
2023/6/13,[標的] 2618 搭乘長榮航，飛上平流層,98
2023/6/13,[情報] 112/06/13 八大公股銀行買賣超排行,14
2023/6/13,Re: [請益] 漲成這樣大家還抱的住嗎,34
2023/6/13,Re: [請益] 漲成這樣大家還抱的住嗎,1
2023/6/13,[情報] 2303 聯電 處分京元電子(股)公司 股票,16
2023/6/13,"[請益] 該把800萬買月月配ETF,還是拿去付房貸？",23
2023/6/13,Re: [請益] 漲成這樣大家還抱的住嗎,31
2023/6/13,[新聞] 美股反彈非新一輪牛市 本周暫停升息可能,34
2023/6/13,[情報] 1315 達新 處分台積電股票,20
2023/6/13,Re: [標的] 00715L 期街口布蘭特正2 投機多,15
2023/6/13,Re: [新聞] 谷月涵看空台股 示警美銀行風暴還沒結束,33
2023/6/13,Re: [請益] 漲成這樣大家還抱的住嗎,10
2023/6/13,[新聞] 台股／台股上萬7！多頭總司令張錫：還有,26
2023/6/13,[情報] 0613 上市外資買賣超排行,76
2023/6/13,[標的] 大盤回到上次高點，正2會漲超過上次高點,24
2023/6/13,[請益] 很多筆實際損益要怎麼計算,39
2023/6/13,[情報] 4533協易機 4月自結 0.17,23
2023/6/13,Re: [請益] 漲成這樣大家還抱的住嗎,9
2023/6/13,[新聞]經濟復甦動能漸失 中國央行意外調降短期利,48
2023/6/13,[請益] yahoo finance的加權指數成交金額,2
2023/6/13,[請益] 現在股市適合打帶跑還是抱緊處理？,38
2023/6/13,[情報] 112年06月13日 櫃買法人買賣金額統計表,11
2023/6/13,[情報] 0613 上市投信買賣超排行,23
2023/6/13,[情報] 112年06月13日 三大法人買賣金額統計表,100
2023/6/13,[新聞] 台灣大小股東盼每股發5元 蔡明忠妙回：ꜰ,13
2023/6/13,Re: [請益] 漲成這樣大家還抱的住嗎,11
2023/6/13,[新聞] 英特爾正洽談 Arm 成為 IPO 策略投資者,6
2023/6/13,Re: [請益] 漲成這樣大家還抱的住嗎,100
2023/6/13,[請益] 漲成這樣大家還抱的住嗎,100
2023/6/13,[閒聊] 2023/06/13 盤後閒聊,100
2023/6/13,Re: [標的] 2610華航 抱歉獻醜多,19
2023/6/13,[請益] 賣掉之後再定期定額買回來,56
2023/6/13,Re: [請益] TQQQ VS SOXL 右側上哪台車???,22
2023/6/13,[標的] 00919.TW 群益台灣精選高息 除息討論,16
2023/6/13,Re: [請益] 華爾街太會玩了吧?,2
2023/6/13,Re: [新聞] 0056 元大高股息 規模突破2000億 創,41
2023/6/13,Re: [標的] 3587 閎康 多,43
2023/6/13,[標的] 2105.TW 正新,17
2023/6/13,Re: [請益] 華爾街太會玩了吧?,15
2023/6/13,[新聞] 台股產業主題ETF 規模增19倍,25
2023/6/13,[標的] 3231.TW 緯創 討論,15
2023/6/13,[標的] 1712興農多,22
2023/6/13,Re: [請益] TQQQ VS SOXL 右側上哪台車???,14
2023/6/13,[新聞] 央行停止升息？外銀暗指恐藏有「意外」,18
2023/6/13,[標的] 9945潤泰新,39
2023/6/13,[請益] TQQQ VS SOXL 右側上哪台車???,34
2023/6/13,[閒聊] 2023/06/13盤中閒聊,100
2023/6/13,Re: [請益] 華爾街太會玩了吧?,13
2023/6/13,[新聞] 再寫歷史新高！王品5月營收18.6億元,62
2023/6/12,[情報] 4105 東洋 五月自結0.56,12
2023/6/12,[情報] 6/12全市場當沖虧損最多的股票,21
2023/6/12,[情報] 0612 上市櫃外資投信同買排行,2
2023/6/12,[情報] 112年06月12日信用交易統計,17
2023/6/12,[新聞] 超微MI300將推出 台積電等概念股動態持,12
2023/6/12,[新聞] 瑞銀證按讚台積電 集團股一起High,20
2023/6/12,[新聞] WSJ：美延長台積電在中國業務寬限期,33
2023/6/12,[新聞] 大摩看好台積電是AI主要推手 調高目標價,36
2023/6/12,[情報] 0612 上市櫃外資投信買超金額排行,1
2023/6/12,[新聞] 永豐投信：最壞情況已過 台股成長股優於,13
2023/6/12,[標的] 敦泰 3545 短線多,43
2023/6/12,[新聞] 超級央行周 市場押寶央行不升息,23
2023/6/12,[新聞] 德拒提高晶片廠補助 英特爾投資恐生變數,34
2023/6/12,[標的] AI伺服器類股 緯穎 信驊,24
2023/6/12,[情報] 6282 康舒 5月營收,49
2023/6/12,[情報] 112/06/12 八大公股銀行買賣超排行,11
2023/6/12,[情報] 3045台灣大112年5月份營運成績,17
2023/6/12,[新聞] 科技股好但非所有產業都好，留意大盤漲多,8
2023/6/12,[情報] 112年【5月金控含銀行】累績EPS排行,34
2023/6/12,[情報] 6667信紘科 5月營收2.35億 年增1.2%,17
2023/6/12,[情報] 112年【5月份金控股】EPS排名(全已公布),46
2023/6/12,[情報] 2883 開發金 5月自結 0.05 累計 0.30,35
2023/6/12,[情報] 112年06月12日 櫃買法人買賣金額統計表,8
2023/6/12,[情報] 0612 上市外資買賣超排行,57
2023/6/12,[情報] 2646 星宇航空 5月營收,30
2023/6/12,[情報] 2882 國泰金 5月自結 0.27 累計 1.13,43
2023/6/12,[情報] 2609 陽明 112/07/04 除息20元,24
2023/6/12,[情報] 2753 八方雲集 5月營收,32
2023/6/12,[情報] 0612 上市投信買賣超排行,20
2023/6/12,[情報] 2739 寒舍 5月營收,16
2023/6/12,[情報] 9945 潤泰新 5月營收,59
2023/6/12,[情報] 112年06月12日 三大法人買賣金額統計表,41
2023/6/12,[情報] 5706 鳳凰 5月,21
2023/6/12,[新聞] 前十大晶圓代工首季營收季減近二成 台積,16
2023/6/12,[情報] 2881 富邦金 5月自結 0.31 累計 2.07,50
2023/6/12,[新聞] 散戶搶科技股 股民極貪婪 標普揮別熊市,17
2023/6/12,[情報] 2247 汎德永業 五月營收 創新高,46
2023/6/12,[新聞] ETF／ETF新兵6/26開募！這檔結合「ESG+低,37
2023/6/12,[情報] 2206 三陽 5月營收,57
2023/6/12,[情報] 6576 逸達 現金增資公開申購資訊,16
2023/6/12,[閒聊] 2023/06/12 盤後閒聊,59
2023/6/12,[新聞]5月營收啵亮vs大股東賣壓 長榮航多空對決 網友看法曝光,10
2023/6/12,[情報] 6790 永豐實 5月營收,5
2023/6/12,[新聞] 美系外資首評元太喊加碼 目標價上看300元,3
2023/6/12,[新聞] 南電合作深 AI應用推動ABF長線需求,9
2023/6/12,[新聞] 為增加理工人才 台積扎根鎖定女高中生,100
2023/6/12,Re: [新聞] 輝達小心！AMD產品發佈會來了,0
2023/6/12,[新聞] 新光金/新光金變天小股東冷淡 千萬元級大,22
2023/6/12,Re: [請益] 為什麼當年雷曼等到大幅降息時才破產？,25
2023/6/12,[新聞] 台電動車競逐 促車用板產能需求增,4
2023/6/12,[新聞] Palantir：AI最重要運用為軍事、暫停恐遭,40
2023/6/12,[新聞] 《電子零件》僑威訂單看至8月 全年業績,17
2023/6/12,[請益] 挑一隻好的股票一直不定期買是好的策略嗎,13
2023/6/12,[新聞] 輝達小心！AMD產品發佈會來了,79
2023/6/12,[請益] 光寶科,56
2023/6/12,[標的] 碩天3617~宅水電多,9
2023/6/12,[閒聊] 2023/06/12 盤中閒聊,100
2023/6/12,Re: [其他] VBA 連動goodinfo爬蟲,30
2023/6/11,[情報] 富堡 2023年5月合併營收7097.2萬元,74
2023/6/11,[新聞] 台積利多還沒完 外資目標價喊上7字頭,100
2023/6/11,[請益] 目前上市的銀行股哪個升金控最有機會？,44
2023/6/11,[新聞] 美企獲利當靠山 美銀喊標指上看5千點,19
2023/6/11,[標的] 2388.TW 威盛 相信阿姨多,22
2023/6/11,[新聞] 行情還有戲！14檔強勢股5月營收靚,7
2023/6/11,[新聞] 16檔半導體法人搶回補 首選這檔,4
2023/6/11,[新聞] 第2名！台積電dead money大摩分析師,7
2023/6/11,[新聞] 當心樂極生悲！知名經濟學家警告：美股,68
2023/6/11,[請益] 六月比特幣不再綁架股市機率為何?,31
2023/6/11,Re: [心得] 越南缺電嚴重，儲電式風扇搶購一空,46
2023/6/11,Re: [請益] 墊腳石書局奇遇,2
2023/6/11,[請益] 為什麼當年雷曼等到大幅降息時才破產？,36
2023/6/11,Re: [請益] 新光金的未來....,50
2023/6/11,[請益] 墊腳石書局奇遇,100
2023/6/11,[情報] 8049晶采 5月營收,7
2023/6/11,[公告] 06/11 處置公告,9
2023/6/11,[新聞] Vision Pro 商標已被華為於 4 年前註冊,77
2023/6/11,Re: [請益] 如何成功炒短線？,8
2023/6/11,[心得] 越南缺電嚴重，儲電式風扇搶購一空,5
2023/6/11,[心得] 112年台積電股東大會,48
2023/6/11,[標的] 1477.TW聚陽 多,23
2023/6/11,[標的] 3014 聯陽 空,10
2023/6/11,[情報] 6/5~6/9全市場當沖虧損最多的股票,11
2023/6/11,Re: [請益] 如何成功炒短線？,44
2023/6/11,[新聞] 緊箍咒上路倒數 專家這樣看未來房市趨勢,30
2023/6/11,Re: [請益] 台股月線的MACD,6
2023/6/11,[新聞] 瘋出國！暑假全民計畫旅遊 竟不見國旅訂房,100
2023/6/11,[創作] 活一天空一天,0
2023/6/11,Re: [標的] 大盤 歷史紀錄多,11
2023/6/11,[新聞] 吳怡玎父女涉KY案應迴避司法法制委員會,33
2023/6/11,Re: [新聞] 陸商務部推汽車促銷活動　強化購車優惠政,3
2023/6/11,[標的] 3158.TE 嘉實 多 不是機油暨看盤軟體業資料整理,30
2023/6/11,Re: [請益] 台股月線的MACD,17
2023/6/10,[請益] 台股月線的MACD,31
2023/6/10,[新聞] 蘋果推MR裝置 札克伯格：不是我想要的未來,49
2023/6/10,[請益] 如何成功炒短線？,61
2023/6/10,Re: [新聞] 「沒有衰退將是奇蹟」！摩根大通首席,9
2023/6/10,[情報] 2425 承啟 5月營收,4
2023/6/10,[新聞] 「沒有衰退將是奇蹟」！摩根大通首席投,72
2023/6/10,[新聞] 清大畢典 AMD蘇姿丰期勉「向難攻堅」,42
2023/6/10,[心得] 06/12~06/16 經濟數據&美股財報行事曆,25
2023/6/10,[標的] 2888 新光金的未來....,80
2023/6/10,Re: [請益] AI是不是有元宇宙的即視感,18
2023/6/10,Re: [請益] AI是不是有元宇宙的即視感,14
2023/6/10,[情報] 2454 聯發科 5月營收,36
2023/6/10,Re: [請益] AI是不是有元宇宙的即視感,3
2023/6/10,[標的] 6863.TW 永道-KY 多,14
2023/6/10,[標的] 3024 憶聲 多,21
2023/6/10,Re: [請益] AI是不是有元宇宙的即視感,7
2023/6/10,Re: [請益] AI是不是有元宇宙的即視感,8
2023/6/10,Re: [請益] AI是不是有元宇宙的即視感,10
2023/6/10,Re: [請益] AI是不是有元宇宙的即視感,21
2023/6/10,[新聞] 快訊／長榮客機擦撞泰航！　羽田機場跑道,100
2023/6/10,[標的]  3037 欣興 破線多,32
2023/6/10,[新聞] 一週熱門零股 高股息ETF 人氣爆棚,7
2023/6/10,Re: [情報] 2743 山富 5月,40
2023/6/10,[新聞] 出國潮大爆發！長榮航5月營收年增4成,7
2023/6/10,[新聞] 空運旺季到!貨攬業：5月明顯復甦.6月會,14
2023/6/10,[情報] 1101 台泥 5月營收,21
2023/6/10,Re: [心得] Ai看起來真的大爆發了,2
2023/6/10,[請益] AI是不是有元宇宙的即視感,100
2023/6/10,[新聞] AI看旺 技嘉今年續拚成長,22
2023/6/10,[情報] 2743 山富 5月,39
2023/6/10,[新聞] 日本散戶重押兩倍反向ETF 因日股續漲而,47
2023/6/10,Re: [創作]慢冷 親愛的那不是愛情,0
2023/6/09,[新聞] 6625必應 5月營收,25
2023/6/09,[新聞] 長榮航5月營收157億 客運營收年增13倍再,46
2023/6/09,[新聞] 震撼！吳東進任名譽董事長 吳欣儒最高票,73
2023/6/09,[情報] 4977 眾達-KY 112年5月營收,23
2023/6/09,[情報] 6/9全市場當沖虧損最多的股票,9
2023/6/09,[情報] 2239 英利-KY  5月營收,1
2023/6/09,Re: [新聞] 新光金董座傳陳淮舟 外界解讀加速與台新,20
2023/6/09,[標的] 台積期貨對比ADR為什麼如此保守？,28
2023/6/09,[標的] 6279.TW 胡連 胡啦！！！,15
2023/6/09,[情報] 112年06月09日信用交易統計,17
2023/6/09,[情報] 2211 長榮鋼 5月營收,21
2023/6/09,[情報] 4546 長亨 5月營收,5
2023/6/09,[新聞] 長榮兄弟邁向合解之路 長榮國際申報轉讓,19
2023/6/09,[情報] 0609 上市櫃外資投信同買排行,1
2023/6/09,[新聞] 友達5月營收返200億大關 群創月增9.8％,9
2023/6/09,[新聞] 新光金董座傳陳淮舟 外界解讀加速與台新,27
2023/6/09,[情報] 2488 漢平 五月營收,6
2023/6/09,[情報] 0609 上市櫃外資投信買超金額排行,0
2023/6/09,[標的] 2474 可成 融資集合多!,-10
2023/6/09,Re: [新聞] AMD 6/13發表會，搶AI商機，噴,19
2023/6/09,[情報] 4979 華星光 112年5月營收,19
2023/6/09,[情報] 2376 技嘉  五月營收公告更正,37
2023/6/09,[情報] 2888 新光金 5月自結 -0.1 累計 -0.61,100
2023/6/09,[情報] 宜特（3289）月增11.82%，年增8.74%,0
2023/6/09,[情報] 永冠KY 5月營收,2
2023/6/09,[情報] 3583 辛耘 5月自結 0.72 以及5月營收資訊,14
2023/6/09,[情報] 8021 尖點 5月營收,3
2023/6/09,[新聞] 雲品、五福等觀光股太會漲！　並列上市櫃,9
2023/6/09,[情報] 6208 日揚 5月營收,3
2023/6/09,[情報] 112年 證券、期貨公司 5月自結 eps,11
2023/6/09,Re: [心得] 中國汽車銷售數據疑似造假…,47
2023/6/09,[情報] 1532 勤美 5月營收,9
2023/6/09,[情報] 112/06/09 八大公股銀行買賣超排行,4
2023/6/09,[情報] 2897 王道銀行 5月自結 0.07 累計 0.42,13
2023/6/09,[情報] 5511 德昌 5月營收,13
2023/6/09,[情報] 2332 友訊 5月合併營收,6
2023/6/09,[情報] 2543 皇昌 5月營收,5
2023/6/09,[情報] 1504東元 5月營收,16
2023/6/09,[情報] 5425 台半 112年5月營收,13
2023/6/09,[情報] 6187 萬潤5月營收9234萬年減63.4,5
2023/6/09,[情報] 2427 三商電 5月營收2.63億 年減25.53%,10
2023/6/09,[情報] 6291沛亨 5月營收1.87億 年增52% 月增27%,1
2023/6/09,[情報] 3628 盈正 5月,5
2023/6/09,[情報] 長榮5月合併營收 月增2.60%年減60.80%,81
2023/6/09,[情報] 陽明5月合併營收 月增4.84%年減65.82%,9
2023/6/09,[情報]  3540 曜越 5月營收,5
2023/6/09,Re: [新聞] 新光金改選變天　改革派拿下10席、獲三,19
2023/6/09,[請益] 配息強制減資一個月和棄息重新買進 怎選?,5
2023/6/09,Re: [情報] 2376 技嘉 5月營收,27
2023/6/09,[情報] 1519 華城 112年5月營收,21
2023/6/09,[情報] 2812 台中銀 5月自結 0.10 累計 0.47,30
2023/6/09,[情報] 2501.tw 國建 5月營收,11
2023/6/09,[情報] 1432大魯閣 五月營收月減11.62%,7
2023/6/09,[情報] 長榮航 五月份營收,32
2023/6/09,[情報] 9914美利達 112年5月營收,7
2023/6/09,[情報] 2376 技嘉 5月營收,100
2023/6/09,[新聞] 新光金/新光金改革派大獲全勝 洪士琪8字,28
2023/6/09,[新聞] 潤泰新：南山不再干擾；擬減資還股東1,24
2023/6/09,[情報] 8359錢櫃 5月營收2.87億 年增126.55%,11
2023/6/09,[情報] 8048德勝 112年5月營收 年增90%,3
2023/6/09,[情報] 8011 台通 5月營收,14
2023/6/09,[情報] 3694海華 5月營收8.24億 年增6.73%,3
2023/6/09,[情報] 0609 上市外資買賣超排行,25
2023/6/09,[情報] 6415 矽力-KY 112年5月營收,10
2023/6/09,[情報] 2845 遠東銀5月份自結合併淨利及每股盈餘,47
2023/6/09,[情報] 高端疫苗5月合併營收0元,100
2023/6/09,[情報] 8426 紅木-KY 5月營收 年增149.91%,3
2023/6/09,[新聞] 台股／人氣回來了！5月每日當沖戶數創9괲,49
2023/6/09,[情報] 敦泰5月合併營收 月增6.11%年增3.71%,14
2023/6/09,[情報] 112年06月09日 櫃買法人買賣金額統計表,7
2023/6/09,[情報] 6473 美賣* 112年5月營收,19
2023/6/09,[新聞] 新光金改選變天　改革派拿下10席、獲三,84
2023/6/09,[情報] 6770力積電 112年5月營收,26
2023/6/09,[情報] 華南金 五月自結,10
2023/6/09,[新聞] 00929掛牌爆12萬張巨量 奪ETF交投冠軍,26
2023/6/09,[情報] 4527 方土霖 5月營收 2.52億 年增41.80%,17
2023/6/09,[情報] 2884 玉山金 5月自結 0.08 累計 0.61,45
2023/6/09,[情報] 112年06月09日 三大法人買賣金額統計表,44
2023/6/09,[情報] SCFI 20230609 979.85 -48.85,28
2023/6/09,[情報] 1599 宏佳騰 5月營收,15
2023/6/09,[情報] 6179 亞通 5月營收,0
2023/6/09,[情報] 0609 上市投信買賣超排行,18
2023/6/09,[情報] 5880 合庫金 5月自結0.09,25
2023/6/09,[情報] 1234 黑松 5月營收,32
2023/6/09,[情報] 3706 神達 5月營收,10
2023/6/09,[標的] 4572.TW 駐龍 多,8
2023/6/09,[新聞] AMD 6/13發表會，搶AI商機，噴,18
2023/6/09,[情報] 1268 漢來美食 5月營收,4
2023/6/09,[情報] 2630 亞航 5月營收,13
2023/6/09,[情報] 4545 銘鈺 5月營收,9
2023/6/09,[情報] 8931大汽電 五月營收 年增31.2%,0
2023/6/09,[情報] 6118 建達 112年5月營收,9
2023/6/09,[情報] 2382廣達5月營收 mom-1% yoy-3.6%,49
2023/6/09,[情報] 1529 樂事綠能 5月營收 mom+146% yoy+630%,19
2023/6/09,[情報] 群創5月自結合併營收 月增9.8%年增3.9%,35
2023/6/09,[閒聊] 2023/06/09 盤後閒聊,20
2023/6/09,[公告] Stock 樂透開獎,6
2023/6/09,[情報] 2330 台積電 5月營收,100
2023/6/09,Re: [新聞] 陸商務部推汽車促銷活動　強化購車優惠政,0
2023/6/09,[新聞] 國泰金蔡宏圖為獲利道歉,50
2023/6/09,[新聞] 營收：聿新科(4161)5月營收6946萬元，月,3
2023/6/09,[新聞] 陸商務部推汽車促銷活動　強化購車優惠政,12
2023/6/09,[情報] 8171 天宇 現金增資公開申購資訊,10
2023/6/09,[情報] 6657 華安終止興櫃轉上市,57
2023/6/09,[情報] 4952凌通5月份營收,6
2023/6/09,[新聞] 小股東發言不斷 新光金股東會改選投票將,38
2023/6/09,[新聞] 懊悔沒上車 美散戶追科技股 經理人曝險增,17
2023/6/09,Re: [新聞] 最先進產品 庫克捍衛Vision Pro訂價,16
2023/6/09,Re: [請益] 收益平準金到底是什麼?,16
2023/6/09,[新聞] 策略師：通膨明顯消退 標普500指數年底目,11
2023/6/09,[心得] 中國汽車銷售數據疑似造假…,69
2023/6/09,[新聞] 三星成立先進封裝部門，愛普*IP方案獲採,10
2023/6/09,Re: [新聞] 台灣對中國出口比重創20年新低,15
2023/6/09,[標的] 8420.TW 明揚 小白球多,100
2023/6/09,[情報] 2515 中工五月營收,10
2023/6/09,[新聞] 不甘落後蘋果！傳三星、谷歌和高通開發MR,55
2023/6/09,[情報] 2832 台產5月營收,15
2023/6/09,[新聞] 小白球廠明揚5月營收改寫歷史次高年增16,22
2023/6/09,Re: [新聞] 最先進產品 庫克捍衛Vision Pro訂價,66
2023/6/09,[閒聊] 2023/06/09 盤中閒聊,100
2023/6/09,Re: [新聞] 貨櫃3雄東風何時來 老船長：這時點V上去,0
2023/6/09,[新聞] 航空貨運業迎出貨潮,47
2023/6/09,Re: [標的] TSLA.US 特斯拉 多輪多,83
2023/6/08,[情報] 3546 宇峻 5月營收,32
2023/6/08,Re: [請益] 有沒有牙醫概念股?,6
2023/6/08,Re: [新聞] 最先進產品 庫克捍衛Vision Pro訂價,33
2023/6/08,"Re: [心得] AR眼鏡--面板,驅動IC長空",0
2023/6/08,[情報] 4973 廣穎電通 5月營收,1
2023/6/08,[情報] 112年06月08日信用交易統計,20
2023/6/08,[請益] 有沒有牙醫概念股?,54
2023/6/08,[情報] 3017 奇鋐 112年5月營收,9
2023/6/08,[新聞] 傳無薪假增百人未通報將挨罰 欣興：尊重,19
2023/6/08,[新聞] 台灣對中國出口比重創20年新低,72
2023/6/08,[新聞] 小摩資管：別再押注降息 大型科技股風險,10
2023/6/08,[情報] 0608 上市櫃外資投信同買排行,0
2023/6/08,[新聞] 3293鈊象 五月自結損益,17
2023/6/08,Fw: [問卦] 出一個etf叫台灣低薪100 會不會賺爆,39
2023/6/08,[情報] 3032 偉訓 5月營收,4
2023/6/08,[情報] 0608 上市櫃外資投信買超金額排行,0
2023/6/08,[情報] 4987 科誠 5月營收,5
2023/6/08,[情報] 8926 台汽電 五月營收 年增225.36%,42
2023/6/08,[新聞] 不敗教主陳重銘：一策略靈活調整股債配,-10
2023/6/08,[新聞] 除權息旺季台股漲多於跌 愛息族布局趁早,23
2023/6/08,[新聞] 創意、世芯收盤價差逾百元　同列22檔警示,13
2023/6/08,[情報] 3558 神準 112年 5月營收,10
2023/6/08,[情報] 6285 啟碁 5月營收,33
2023/6/08,[情報] 2634 漢翔 5月營收,5
2023/6/08,[情報] 6026 福邦證 五月營收 年減1.49%,7
2023/6/08,[情報] 6761 穩得 5月營收,22
2023/6/08,[情報] 3037 欣興  5月營收,31
2023/6/08,[情報] 3033 威健五月營收59.49億,13
2023/6/08,[情報] 112/06/08 八大公股銀行買賣超排行,8
2023/6/08,[情報] 6/8元大最大分點買超股票,5
2023/6/08,[情報] 2891 中信金 5月自結 0.17 累計 1.01,45
2023/6/08,[情報] 2323 中環 子公司處分長榮海運普通股,12
2023/6/08,[情報] 2887 台新金 5月自結 0.11 累計 0.55,29
2023/6/08,[情報] 3078 僑威  5月營收,44
2023/6/08,[情報] 6596 寬宏藝術 5月,35
2023/6/08,[請益] 股票套牢就不賣等賺錢才賣是好的策略嗎,40
2023/6/08,[新聞] 晶碩這原因遭外資降評 目標價500砍到310,13
2023/6/08,[情報] 1563 巧新 5月營收,43
2023/6/08,[情報] 2368 金像電 5月營收,25
2023/6/08,[情報] 6523 達爾膚 5月,7
2023/6/08,[情報] 2705 六福 五月營收,3
2023/6/08,[情報] 3661 世芯-KY 5月營收,17
2023/6/08,[新聞] 貨櫃3雄東風何時來 老船長：這時點V上去,14
2023/6/08,[情報] 協易機(4533)5月營收 4.43億年增100.66%,17
2023/6/08,[情報] 緯創5月合併營收 月增1.94%年減14.81%,67
2023/6/08,[情報] 0608 上市外資買賣超排行,55
2023/6/08,[情報] 6185 幃翔 5月營收,21
2023/6/08,[情報] 112年06月08日 櫃買法人買賣金額統計表,12
2023/6/08,[公告] Stock 板 開始舉辦樂透!,4
2023/6/08,[情報] 9941 裕融 5月自結 1.08 累計 5.63,17
2023/6/08,[標的] 日股ETF選擇,28
2023/6/08,[情報] 2476 鉅祥 公告112年05月份自結合併營收,1
2023/6/08,[情報] 2734 易飛網 4月自結,9
2023/6/08,[情報] 1108 幸福 五月營收,17
2023/6/08,[情報] 112年06月08日 三大法人買賣金額統計表,86
2023/6/08,[新聞] 茂順訂單能見度高 5月營收改寫歷史次高、,10
2023/6/08,[情報] 0608 上市投信買賣超排行,32
2023/6/08,[心得] 低碳要起飛，政府不能慢,34
2023/6/08,[標的] 豐田汽車 vs 和泰汽車,9
2023/6/08,[情報] 2836 高雄銀5月自結0.05/累計0.34,15
2023/6/08,Re: [心得] ETF的好處與對新手友善的原因,20
2023/6/08,[情報] 8069 元太 五月營收,21
2023/6/08,[情報] 2834 臺企銀 五月0.13 累積0.69,30
2023/6/08,[新聞] 謝金河：要當一個爭氣的經營者,8
2023/6/08,[情報] 3360.tw 尚立5月營收,8
2023/6/08,[情報] 2731 雄獅 5月,37
2023/6/08,[新聞] ABF載板恐供過於求 外資看淡三雄、目標,52
2023/6/08,[閒聊] 2023/06/08 盤後閒聊,13
2023/6/08,[情報] 6472保瑞 112年5月營收,10
2023/6/08,[情報] 6669 緯穎 5月營收 mom-14.6% yoy-23.3%,39
2023/6/08,[情報] 4114 健喬 現金增資公開申購資訊,9
2023/6/08,[新聞] 高盛：AI題材發威 美股可能飆最多14%,29
2023/6/08,[標的] TMF.US 無腦多,6
2023/6/08,Re: [心得] ETF的好處與對新手友善的原因,0
2023/6/08,[新聞] 科勒採元太電子紙 打造可變色電子紙馬桶,69
2023/6/08,Re: [心得] ETF的好處與對新手友善的原因,35
2023/6/08,[新聞] 加密貨幣圈掀監管風波！「比特幣」成意外,11
2023/6/08,[情報] 2449.TW 京元電子5月營收27.55 億元,6
2023/6/08,[新聞] 美利達看自行車 Q3將是景氣谷底,21
2023/6/08,[新聞] 高薪100/意外！國泰金、中華車等被踢出台,46
2023/6/08,[情報] 2301光寶科月增2.69，年減15.18,15
2023/6/08,[心得] ETF的好處與對新手友善的原因,2
2023/6/08,[新聞] 信驊AI效應暖機中 外資評減碼、給價1515,9
2023/6/08,Re: [標的] 6820.tw連訊(興櫃) 多,4
2023/6/08,[新聞] 加拿大、澳洲央行敲醒美股股民：Fed恐停,41
2023/6/08,[閒聊] 2023/06/08 盤中閒聊,99
2023/6/08,Re: [心得] 五窮六絕月空手被尬,5
2023/6/08,[公告] 0608 水桶,6
2023/6/08,[新聞] 最先進產品 庫克捍衛Vision Pro訂價,99
2023/6/08,Re: [標的] 美股 TMF.US SOXL.US DPST.US 中長期多,7
2023/6/08,Re: [標的] CAT.US,7
2023/6/07,[新聞] Stifel分析師 ：短期不會見到經濟衰退 美,35
2023/6/07,[新聞] 挪威主權基金票無效!新光金公司派更劣勢,33
2023/6/07,[標的] 5607遠雄港 拉回多,11
2023/6/07,[請益] 這波藍燈有人借爆歐硬嗎?,99
2023/6/07,[請益] 是不是關注總經的人看法都比較悲觀空頭?,100
2023/6/07,[情報] 3035智原 五月營收 月增1.14%,22
2023/6/07,[情報] 112年06月07日信用交易統計,22
2023/6/07,[情報] 走著瞧股票初次創新板上市前現增事宜,20
2023/6/07,[情報] 擎邦5月營收,3
2023/6/07,[情報] 0607 上市櫃外資投信同買排行,2
2023/6/07,[情報] 6015 宏遠證 五月自結,14
2023/6/07,[情報] 3532 台勝科 112年5月營收,7
2023/6/07,[新聞] OpenAI執行長：沒有讓公司上市的打算,15
2023/6/07,[新聞] 航空貨運迎價量齊揚旺季,15
2023/6/07,[新聞] 疫後強勁復甦 航空業今年獲利估近百億,7
2023/6/07,[情報] 0607 上市櫃外資投信買超金額排行,0
2023/6/07,[新聞] 6625必應 係因本公司有價證券於集中交易,33
2023/6/07,[請益] 順藥 5月營收,7
2023/6/07,[情報] 8227 巨有科技 5月,14
2023/6/07,[新聞] 越南分區停電 鴻海、三星工廠所在地受影,32
2023/6/07,[新聞] 瑞昱在美控告聯發科 涉靠「賞金協議」壟,13
2023/6/07,[情報] 1513 中興電 5月營收,48
2023/6/07,[情報] 112/06/07 八大公股銀行買賣超排行,10
2023/6/07,[情報] 3693 營邦 5月營收,12
2023/6/07,[情報] 6269台郡5月營收,12
2023/6/07,[情報] 2722 夏都 5月,20
2023/6/07,[情報] 6/7最大券商分點買超股票,16
2023/6/07,[新聞] 房子難賣？ 皇翔：路不轉人轉啦！,71
2023/6/07,[情報] 2892 第一金 5月自結 0.16 累計 0.81,16
2023/6/07,[新聞] 綠商標排行 統一、蘋果占先機,9
2023/6/07,[新聞] 聯詠5月營收月增逾2% 法人：成長幅度優於,19
2023/6/07,[情報] 0607 上市外資買賣超排行,55
2023/6/07,[新聞] 鴻海旗下富智捷 出貨台灣第一套全自主研,42
2023/6/07,[情報] 中美晶5月營收為66.89億元，年減3.26%,17
2023/6/07,Re: [標的]  2211.TW 長榮鋼 桃園環保概念,45
2023/6/07,[情報] 2886 兆豐金 5月自結0.18,38
2023/6/07,[情報] 8410 森田 5月營收1.25億 年增13.98%,9
2023/6/07,[情報] 4931 新盛力 112年五月營收,17
2023/6/07,[情報] 6005 群益證 5月自結,11
2023/6/07,[新聞] 債券ETF熱 國內首檔規模突破千億元,19
2023/6/07,[新聞] 新股抽籤／雄順初上櫃新股抽籤這天起申購,2
2023/6/07,[情報] 2890 永豐金 5月自結 0.12 累計 0.66,22
2023/6/07,[新聞] 尹崇堯/尹崇堯首秀耐心十足 南山股東會歷,24
2023/6/07,[情報] 112年06月07日 三大法人買賣金額統計表,74
2023/6/07,[情報] 2889 國票金 5月自結 0.03 累計 0.25,9
2023/6/07,[情報] 6016 康和證 5月自結,23
2023/6/07,[請益] 買純電子ETF會不會比0050還要賺?,23
2023/6/07,[情報] 0607 上市投信買賣超排行,39
2023/6/07,Re: [標的] 台指大盤 機器學習線仙多,23
2023/6/07,[新聞] 台積今年小衰退 明年迎接下波成長,24
2023/6/07,[情報] 3587閎康 五月營收月減0.76，年增43.42,9
2023/6/07,[情報] 彰銀112年5月份合併自結盈餘 累計EPS:0.55,26
2023/6/07,[情報] 2885 元大金 5月自結 0.17 累計 0.81,25
2023/6/07,[閒聊] 2023/06/07 盤後閒聊,32
2023/6/07,[情報] 6147 頎邦 112年5月營收,21
2023/6/07,[情報] 好樂迪5月營收 月減17.85%年增112.94%,31
2023/6/07,[情報] 2073 雄順 現金增資公開申購資訊,3
2023/6/07,[公告] Stock 樂透開獎,6
2023/6/07,[新聞] 新光金6/9經營權決戰！改革派董事席次坐9,33
2023/6/07,[新聞] 重擊幣圈！SEC主席：數位貨幣不是必要的,59
2023/6/07,[情報] 5312 寶島科 112年5月營收,27
2023/6/07,Re: [請益] 專職操盤，只有一支手機操作算專業嗎？,17
2023/6/07,[標的] 旺玖6233-買了就忘記的多,93
2023/6/07,[新聞] 台積電：評估日本第2座廠 仍在熊本以成,93
2023/6/07,Re: [標的] 4123 晟德 小金雞太多,15
2023/6/07,[情報] 1213大飲產品疑似沈澱物檢驗說明,34
2023/6/07,Re: [新聞] 劉德音呼籲政府應重新檢視綠電政策,85
2023/6/07,[新聞] 外資看蘋果Vision Pro頭盔 11家台廠入列,94
2023/6/07,[閒聊] 2023/06/07盤中閒聊,100
2023/6/07,Re: [新聞] 台積電美國廠員工抱怨 劉德音：不願,76
2023/6/07,[新聞] 台積電美國廠員工抱怨 劉德音：不願值班不,100
2023/6/06,Re: [新聞] 復甦動能減弱 中國5月製造業PMI連2月萎縮,0
2023/6/06,[情報] 6/6全市場當沖虧損最多的股票,8
2023/6/06,[請益] 關於ETF的漲跌,12
2023/6/06,[新聞] 配合共同富裕 中國最大投行大砍員工薪資,49
2023/6/06,"[標的] AR眼鏡--面板,驅動IC長空",20
2023/6/06,[新聞] 緯創漲1年抵6年 高股息ETF沾光飆贏大盤,24
2023/6/06,[情報] 112年06月06日信用交易統計,16
2023/6/06,[情報] 0606 上市櫃外資投信同買排行,2
2023/6/06,[請益] 複委託美股 需要增加 QQQ 嗎？,61
2023/6/06,Re: [心得] 9943好樂迪股東專屬優惠,23
2023/6/06,[情報] 0606 上市櫃外資投信買超金額排行,1
2023/6/06,[新聞] 傳奇5月營收月增14.8% 每股稅前賺0.33元,13
2023/6/06,[新聞] HTC與Apple全球專利訴訟大和解觀察,17
2023/6/06,[情報] 3046 建碁 五月營收,12
2023/6/06,[新聞] 博晟生醫5月營收2874萬元，月增率530%,13
2023/6/06,Re: [新聞] 劉德音呼籲政府應重新檢視綠電政策,13
2023/6/06,[新聞] 材料-KY五月營收月年雙增2.24％、120％,10
2023/6/06,[情報] 112/06/06 八大公股銀行買賣超排行,12
2023/6/06,[新聞] 台勝科：需求疲軟 矽晶圓庫存升/下半年,21
2023/6/06,[新聞]沙國調高7月外銷亞洲油價亞洲考慮改買俄油,41
2023/6/06,Re: [請益] 現在是不是出清0050停扣的好時機？,24
2023/6/06,[情報] 2317 鴻海 112/07/04除息5.3元,56
2023/6/06,[情報] 2393.tw 億光 五月營收,10
2023/6/06,[情報] 3689 湧德 5月營收5.19億 年減14.58%,19
2023/6/06,[情報] 2303 聯電 五月營收,17
2023/6/06,[情報] 2206 三陽工業 4月自結 0.65,91
2023/6/06,[情報] 0606 上市外資買賣超排行,56
2023/6/06,Re: [新聞] 劉德音呼籲政府應重新檢視綠電政策,0
2023/6/06,[情報] 6577 勁豐 112年5月營收 2.81E 年增174.5%,18
2023/6/06,[情報] 2855 統一證 5月 自結,15
2023/6/06,[情報] 112年06月06日 櫃買法人買賣金額統計表,8
2023/6/06,Re: [新聞] 劉德音呼籲政府應重新檢視綠電政策,71
2023/6/06,[公告] Stock 板 開始舉辦樂透!,7
2023/6/06,[情報] 112年06月06日 三大法人買賣金額統計表,43
2023/6/06,[情報] 0606 上市投信買賣超排行,34
2023/6/06,[情報] 宏達電5月合併營收 月增19.53%年增18.28%,58
2023/6/06,[情報] 6024 群益期 5月 自結 0.51(稅前),9
2023/6/06,[情報] 3563 牧德 112年5月營收,1
2023/6/06,[情報] 3034 聯詠 112年5月營收,18
2023/6/06,Re: [新聞] 郭明錤：Vision Pro太貴與出貨等太久 不,17
2023/6/06,[情報] 3081 聯亞 5月,10
2023/6/06,[情報] 2402 毅嘉 5月,13
2023/6/06,[情報] 3027 盛達 5月,7
2023/6/06,Re: [新聞] 劉德音呼籲政府應重新檢視綠電政策,6
2023/6/06,[情報] 2049 上銀 112年5月營收,6
2023/6/06,[標的]  6188 廣明 假搓漲停延開空！,13
2023/6/06,Re: [新聞] 劉德音呼籲政府應重新檢視綠電政策,21
2023/6/06,[閒聊] 2023/06/06 盤後閒聊,27
2023/6/06,Re: [請益] 版上有正2神教但還沒有噴射機神教？,11
2023/6/06,[新聞] 郭明錤：Vision Pro太貴與出貨等太久 不,81
2023/6/06,[情報] 1598 岱宇 現金增資公開申購資訊,8
2023/6/06,[新聞] 股東有福了！台積電：每年配息12元起跳,63
2023/6/06,[新聞] 皇翔配息4.6元 董座廖年吉：房價不會跌！,85
2023/6/06,[標的] 2743山富 出關前多,2
2023/6/06,[新聞] 00927／首檔半導體高息ETF來了！00927今,23
2023/6/06,[新聞] 劉德音呼籲政府應重新檢視綠電政策,100
2023/6/06,[新聞] 航海王出狀況 長榮也危險?證交所罕見提醒,4
2023/6/06,[新聞] 陳泰銘：被動元件產業庫存調整還要等2季,24
2023/6/06,[情報] 1731 美吾華 5月,10
2023/6/06,[新聞] 蘋果搶XR市場　宏達電王雪紅：歡迎,55
2023/6/06,[新聞] 劉德音：今年可能負成長 準備好迎接下波,64
2023/6/06,[新聞] 【Yahoo早盤】WWDC帶動台股表現 專家：「,0
2023/6/06,[新聞]WSJ:沙國為撐油價額外減產恐付出高昂代價,22
2023/6/06,[新聞] 中國不利因素收斂，永豐餘Q2獲利估優Q1,4
2023/6/06,[新聞] iPhone 15首批備貨9000萬 鴻海拿下七成Pr,21
2023/6/06,[閒聊] 2023/06/06盤中閒聊,100
2023/6/06,[新聞] 高雄好市多 傳遷移亞灣區,56
2023/6/06,Re: [請益] 操作股票若買在相對低點如何吃到整個波段,1
2023/6/06,[新聞] 優衣庫5月日本同店銷售 連六紅,40
2023/6/06,[新聞] 公里級火箭私大首發「淡江一型」試射成功,25
2023/6/05,[請益]關於富邦媒23年這次除息,5
2023/6/05,[新聞] 中國面臨動力電池產能過剩危機 寧德時代,100
2023/6/05,[新聞] 33 年來首見日經漲破 32000 點！巴菲特,60
2023/6/05,[新聞] 美國廠趕工加班員工喊苦 台積電：提供平,97
2023/6/05,[情報] 6/5全市場當沖虧損最多的股票,8
2023/6/05,[情報] 0605 上市櫃外資投信同買排行,1
2023/6/05,[情報] 112年06月05日信用交易統計,15
2023/6/05,[新聞] 黃仁勳已返美 中國媒體指6月初訪中消息,50
2023/6/05,[新聞] 標普過熱 華爾街轉戰空方 但仍看好科技股,15
2023/6/05,[標的] 2634.TW 漢翔 多,49
2023/6/05,[請益] 想問一個可能很韭菜的問題？,23
2023/6/05,Re: [請益] 操作股票若買在相對低點如何吃到整個波段,2
2023/6/05,[情報] 0605 上市櫃外資投信買超金額排行,4
2023/6/05,[新聞] 傳台積擬明年漲價3~6% 已與蘋果輝達溝通,21
2023/6/05,[新聞] 可成發聲明 提告外資執行長王亞倫,11
2023/6/05,[情報] 4979 華星光 4月自結 0.11 YOY -50%,33
2023/6/05,[情報] 台光電五月營收月增12.4%、年減9.58%,5
2023/6/05,Re: [請益] 操作股票若買在相對低點如何吃到整個波段,4
2023/6/05,[情報] 3293鈊象 5月營收,28
2023/6/05,[請益] 操作股票若買在相對低點如何吃到整個波段,23
2023/6/05,[情報] 2838 聯邦銀 5月自結 0.14 累計 0.53,17
2023/6/05,[新聞] 5月外匯存底5628.68億美元 連7個月創新高,22
2023/6/05,[情報] 112/06/05 八大公股銀行買賣超排行,6
2023/6/05,[情報] 2425 承啟4月份自結0.29元 YOY -39.58%,6
2023/6/05,[新聞] 大立光5月營收探2月以來新低點 6月動能可,30
2023/6/05,Re: [標的] 9945 潤泰新 主力籌碼吸爆多,75
2023/6/05,[情報] 5864 致和證 5月,12
2023/6/05,[情報] 3213 茂訊 5月營收,2
2023/6/05,[情報] 6446藥華藥 5月營收,29
2023/6/05,[情報] 2515 中工 處分臺企銀股票,19
2023/6/05,Re: [請益] 現在是不是出清0050停扣的好時機？,10
2023/6/05,[情報] 5864 致和證 5月自結 0.91 累計 3.310,28
2023/6/05,[新聞] 推廣金融知識 證交所發表國中版投資理財分齡教案,46
2023/6/05,[情報] 8996 高力 4月自結,24
2023/6/05,[情報] 0605 上市外資買賣超排行,47
2023/6/05,[情報] 112年06月05日 櫃買法人買賣金額統計表,8
2023/6/05,[情報] 6531愛普* 5月營收,15
2023/6/05,[情報] 鴻海5月合併營收 月增5.01%年減9.45%,53
2023/6/05,[新聞] 航空雙雄走跌 網問要停損？專家：6月底再,38
2023/6/05,[情報] 112年06月05日 三大法人買賣金額統計表,56
2023/6/05,[情報] 0605 上市投信買賣超排行,28
2023/6/05,[情報] 6756威鋒電子 5月營收,10
2023/6/05,[情報] 5274 信驊 5月營收,26
2023/6/05,[請益] 康舒(6282)---6月7月-個股期價差大,7
2023/6/05,[情報] 3443 創意 5月營收,53
2023/6/05,[新聞] 台積電「企業文化太嚴苛」激怒美員工　外,100
2023/6/05,[閒聊] 2023/06/05 盤後閒聊,18
2023/6/05,Re: [請益] 現在是不是出清0050停扣的好時機？,2
2023/6/05,Re: [標的] 1609大亞,0
2023/6/05,[新聞] 6116 彩晶正向看面板供需趨勢 Q2將比Q1好,7
2023/6/05,[新聞] 彭雙浪：面板一季比一季好；客戶談新產品,7
2023/6/05,Re: [新聞] 新光經營權大戰 吳東進傳接受任集團共主,14
2023/6/05,[新聞] Fed釋鴿？ 估央行6月暫停升息,25
2023/6/05,Re: [請益] 現在是不是出清0050停扣的好時機？,17
2023/6/05,Re: [請益] 現在是不是出清0050停扣的好時機？,13
2023/6/05,[請益] 現在是不是出清0050停扣的好時機？,100
2023/6/05,[新聞] 新光經營權大戰 吳東進傳接受任集團共主,61
2023/6/05,"[新聞] ETF／0056改季配超誘人！上周大增5,616名",16
2023/6/05,[新聞] 煤鐵礦回穩 中鋼:全年鋼市景氣將優於去年,32
2023/6/05,[新聞] 長榮航衝天際線該放空了？網預言會破新高,20
2023/6/05,[新聞] 【Yahoo早盤】台股力守16700之上 投顧董,6
2023/6/05,[情報] 00878收益分配,48
2023/6/05,Re: [標的] 1268.TW 漢來美食 低估多,8
2023/6/05,[新聞] 上櫃鋰電池廠「天宇」爆內線交易,16
2023/6/05,[閒聊] 2023/06/05 盤中閒聊,99
2023/6/05,[情報]4911德英 5月 創歷史新高,4
2023/6/05,[標的] 羅素2000  多,12
2023/6/05,[新聞] 沙烏地7月每天再減產100萬桶提振價格,50
2023/6/05,[公告] 6/5 處置公告,0
2023/6/04,[新聞] 竹市名店福源花生醬負責人炒股 判刑3年4月,97
2023/6/04,[情報] 1584精剛 申報轉讓,11
2023/6/04,[情報] 大學光-台北地方法院112年智字第2號判決,12
2023/6/04,[新聞] 藥華藥Ropeg新藥拉美市場成功授權,18
2023/6/04,[新聞] AI估值過高？羅斯柴爾德家族悄然減倉NVDA,100
2023/6/04,Re: [請益] 買市值前幾大的公司越跌越買是好的策略嗎,10
2023/6/04,[新聞] 美股帶頭衝 台股戰萬七,55
2023/6/04,[請益] 買市值前幾大的公司越跌越買是好的策略嗎,47
2023/6/04,[新聞] 外資認錯 近3週買超2000億 狂回補台積電,48
2023/6/04,[新聞] 疫後客機訂購潮 全球爆發,31
2023/6/04,[新聞] 航空業三多 Q3大爆發,23
2023/6/04,[情報] 4961 天鈺 五月營收,19
2023/6/04,[新聞] 融資買長榮 小心 假除權息 追繳 斷頭,51
2023/6/04,Re: [請益] 股市是否過熱,11
2023/6/04,Re: [標的] TSLA.US 特斯拉 多輪多,33
2023/6/04,Re: [請益] 買ETF是不是比自己操盤還比較好？,3
2023/6/04,[情報] 6491 晶碩 5月營收,7
2023/6/04,Re: [請益] 買ETF是不是比自己操盤還比較好？,8
2023/6/04,Re: [請益] 買ETF是不是比自己操盤還比較好？,4
2023/6/04,Re: [請益] 台股的高點快到了嗎？,9
2023/6/04,Re: [請益] 台股的高點快到了嗎？,4
2023/6/04,[新聞] CPI年增率 有望回落到2%,40
2023/6/04,Re: [請益] 買ETF是不是比自己操盤還比較好？,3
2023/6/04,[請益] 從德州儀器（TI）晶片降價看市場,33
2023/6/04,[情報] 南電5月營收,42
2023/6/03,Re: [請益] 買ETF是不是比自己操盤還比較好？,8
2023/6/03,Re: [請益] 買ETF是不是比自己操盤還比較好？,4
2023/6/03,[創作]股市投資小說,11
2023/6/03,[新聞] 機車市場雙增 三陽居冠,68
2023/6/03,[新聞] 美銀重啟ABF研究 三檔不同調,18
2023/6/03,Re: [請益] 美國的國債何時會爆,16
2023/6/03,[公告] 06/03 處置公告,6
2023/6/03,[情報] 6/3前公佈的5月營收成長股,18
2023/6/03,Re: [新聞] 越南房地產陷流動性危機 1200個建案被迫停工、價值上兆,22
2023/6/03,Re: [請益] 美國的國債何時會爆,87
2023/6/03,[新聞] 越南房地產陷流動性危機 1200個建案被迫停工、價值上兆,45
2023/6/03,[標的] 4994.TW 傳奇 聖境傳說多,17
2023/6/03,Re: [請益] 美國的國債何時會爆,3
2023/6/03,Re: [新聞] 謝金河:台搭AI順風車 超恆生指數指日可待,16
2023/6/03,Re: [新聞] 找變性網紅代言大踩雷　百威啤酒市值蒸發,15
2023/6/03,Re: [請益] 有什麼策略是能提早發現股價飆漲的族群嗎,5
2023/6/03,Re: [新聞] 長榮航4月客運營收年增15倍 5月歐美航班,19
2023/6/03,Re: [新聞] 長榮航4月客運營收年增15倍 5月歐美航班,1
2023/6/03,Re: [新聞] 長榮海運被踢出高股息指數成分股 月底前,0
2023/6/03,Fw: [新聞] 找變性網紅代言大踩雷　百威啤酒市值蒸發,33
2023/6/03,Re: [新聞] 謝金河:台搭AI順風車 超恆生指數指日可待,0
2023/6/03,[新聞] 漲太多會怕 輝達長期投資者高歌離席,32
2023/6/03,Re: [新聞] 謝金河:台搭AI順風車 超恆生指數指日可待,0
2023/6/03,[新聞] 謝金河:台搭AI順風車 超恆生指數指日可待,9
2023/6/03,[新聞] Glass Lewis 挺新光金公司派,11
2023/6/03,[心得] 06/05 ~ 06/09 經濟數據&美股財報行事曆,11
2023/6/03,[新聞] 長榮海運被踢出高股息指數成分股 月底前,32
2023/6/03,[新聞] 一週熱門零股 台積電 鴻海 AI概念人氣熱,2
2023/6/03,Re: [新聞] 大撒幣慘了！窮國口袋空空 中國海外呆帳,-10
2023/6/03,Re: [心得] 去年買房自住而不是投資股市的自己好傻,16
2023/6/03,[請益] 200萬買高股息ETF，股息買市值ETF,53
2023/6/03,[新聞] 投資人看過來！0050、0056最新成分股大,16
2023/6/03,[情報] 6/2 全市場當沖虧損第一的股票,30
2023/6/03,Re: [標的] Nasdaq 強襲魔女集結,10
2023/6/02,Re: [心得] 去年買房自住而不是投資股市的自己好傻,11
2023/6/02,[新聞] 追大咖！炒股撈2.3億落跑 調局公布大略-K,20
2023/6/02,[新聞] 大撒幣慘了！窮國口袋空空 中國海外呆帳,100
2023/6/02,Re: [新聞] 三問台積電AI 外資：AI晶片營收貢獻僅5%,0
2023/6/02,[新聞] 《紡纖股》吳東昇期許新纖成為化學程式魔術師 談新光金微笑,5
2023/6/02,[新聞] 世紀鋼接手老牌高職，賴文祥畢典致詞開12萬高薪：同學們組,41
2023/6/02,[情報] 112年06月02日信用交易統計,24
2023/6/02,[新聞] 00878單日狂買緯創破萬張 網3大論點力挺,19
2023/6/02,[情報] 3004 豐達科 5月,24
2023/6/02,[新聞] 美5月非農就業人數意外大增33.9萬 薪資增,62
2023/6/02,[請益] 會不會升息升到股市再創新高？,35
2023/6/02,[標的] 3324.tw 雙鴻 散熱空,11
2023/6/02,[情報] 0602 上市櫃外資投信同買排行,2
2023/6/02,[情報] 五月非農就業&失業率,10
2023/6/02,[情報] 0602 上市櫃外資投信買超金額排行,1
2023/6/02,Re: [請益] 怎樣叫做打贏大盤？,10
2023/6/02,[情報] 112/06/02 八大公股銀行買賣超排行,10
2023/6/02,[情報] 3591 艾笛森 5月,38
2023/6/02,Re: [新聞] 美企5月增聘人數高於預期 Fed利率維持高,17
2023/6/02,[情報] 6112 邁達特 5月,16
2023/6/02,[新聞] 宏碁：庫存鬧鬼期已過,48
2023/6/02,[情報] 6235 華孚 5月,24
2023/6/02,[請益］0056漲幅大於利息 要賣嗎？,100
2023/6/02,[情報] 3023 信邦 5月營收,6
2023/6/02,[情報] 1560 中砂 5月營收,8
2023/6/02,[新聞] 美AI概念飆股Palantir 執行長誇稱自家AI,7
2023/6/02,[情報] 4743 合一 5月營收,18
2023/6/02,Re: [請益] 為何中國股市今年還輸俄羅斯？,13
2023/6/02,[新聞] 三商壽投資台股反1大虧 金管會開鍘480萬,49
2023/6/02,[情報] 0050/0056等相關指數的成分股審核結果,43
2023/6/02,[情報] 0602 上市外資買賣超排行,85
2023/6/02,[心得] 00878&00919簡單心得比較(非業配),22
2023/6/02,[情報] 2809 京城銀 5月自結 0.34 累計 1.42,32
2023/6/02,[新聞] 美國空頭盯上台積電ADR！結果慘虧213億元,57
2023/6/02,[請益] 為何中國股市今年還輸俄羅斯？,46
2023/6/02,[新聞] 新光金大戰／Insightia被指「力挺公司派,21
2023/6/02,[情報] 6291 沛亨 4月自結 0.62,5
2023/6/02,[情報] 112年06月02日 三大法人買賣金額統計表,61
2023/6/02,[情報] SCFI 20230602 1028.7 +45.24,59
2023/6/02,[情報] 0602 上市投信買賣超排行,16
2023/6/02,[情報] 宏捷科5月營收1億9729萬元，月增率66.12%,19
2023/6/02,[請益] 如何最少成本完成一次融資交易？,15
2023/6/02,[情報] 4543萬在 112年4月自結0.37元,13
2023/6/02,[閒聊] 2023/06/02 盤後閒聊,49
2023/6/02,[情報] 6877 鏵友益 現金增資公開申購資訊,1
2023/6/02,[新聞] 永豐金下達ChatGPT禁令,100
2023/6/02,[標的]4911德英 長線合約營收爆發多,12
2023/6/02,[新聞] 三星S23拆解 台積電大贏家,27
2023/6/02,Re: [新聞] 三問台積電AI 外資：AI晶片營收貢獻僅5%,5
2023/6/02,[請益] 投資等級公司債00720B V.S. 00740B,11
2023/6/02,Re: [新聞] 三問台積電AI 外資：AI晶片營收貢獻僅5%,14
2023/6/02,[新聞] 快訊／美債危機解除！　美參院通過債務上,100
2023/6/02,[新聞] 英特爾要求100億歐元設廠補貼 德國政府,31
2023/6/02,[新聞] 合一單醣抗體生產技術取得美國發明專利,14
2023/6/02,Re: [情報] 6214 精誠 111年股利 5,22
2023/6/02,Re: [標的] 00878狂買緯創是什麼道理啊?,20
2023/6/02,Re: [新聞] 0056 元大高股息 規模突破2000億 創,26
2023/6/02,Re: [標的] 00878狂買緯創是什麼道理啊?,16
2023/6/02,Re: [標的] 9914腳踏車多,0
2023/6/02,[標的] 2618.tw 長榮航 認錯多,43
2023/6/02,[情報] 泰山股東向法院聲請定暫時狀態處分,7
2023/6/02,[閒聊] 2023/06/02盤中閒聊,100
2023/6/02,Re: [新聞] 紐約Fed總裁：通膨若未降 升息仍是選項,0
2023/6/02,Re: [標的] 00878狂買緯創是什麼道理啊?,41
2023/6/02,[標的] 2727 王品 賺完AI吃大餐多,14
2023/6/02,[標的] 迪士尼 小美人魚多,47
2023/6/02,[新聞] 美企5月增聘人數高於預期 Fed利率維持高,23
2023/6/02,[新聞] 黃蔭基：台股在相當高點,29
2023/6/01,[新聞] 台美經貿關係大躍進！台美簽署貿易協定,99
2023/6/01,Re: [標的] 8048德勝 冷門多,18
2023/6/01,[標的] 00919 多久能填回來？,8
2023/6/01,[情報] 112年06月01日信用交易統計,28
2023/6/01,[情報] 0601 上市櫃外資投信同買排行,2
2023/6/01,Re: [標的] 2427三商電-相信就是力量的多,17
2023/6/01,[標的] 2376.tw技嘉 後門漏洞空,63
2023/6/01,[標的] 6683.TW 雍智科技 多,12
2023/6/01,[情報] 0601 上市櫃外資投信買超金額排行,0
2023/6/01,[情報] 2645 長榮航太 公告本公司112年第1季關係,9
2023/6/01,[情報] 6147 頎邦 訂定除息基準日等相關事宜,17
2023/6/01,[新聞] 南科供電壓降影響半導體、面板廠 聯電部,70
2023/6/01,[新聞] 東哥遊艇超車台積電 盤中攻上漲停598元,26
2023/6/01,[請益] 先停損等崩盤再進場是好的交易策略嗎,20
2023/6/01,[新聞] 龍邦入主泰山後 4元股利政策要轉彎？,16
2023/6/01,[新聞] 輝達下一代晶片仍由台積電生產 黃仁勳讚,22
2023/6/01,[新聞] 星宇航空確定今年Q1獲利　Q2因油價下跌,12
2023/6/01,[新聞] 華航謝世謙：客貨運後市樂觀,7
2023/6/01,[新聞] 通膨推升 華航：高票價難回落,8
2023/6/01,[新聞] 德法5月通膨大降溫！專家預期歐央升息近,15
2023/6/01,[標的] 6806.TW 森崴能源 多,23
2023/6/01,[情報] 5434崇越 補充112年現金增資每股發行價格,3
2023/6/01,[新聞] 5月我製造業PMI連3跌 六大產業看未來半年,12
2023/6/01,[請益] 關於ETF發息日問題,7
2023/6/01,[情報] 112/06/01 八大公股銀行買賣超排行,6
2023/6/01,[新聞] 黃仁勳明日拜訪鴻海劉揚偉！還沒決定是否,54
2023/6/01,[新聞] 網友多空論戰長榮航 法人給這目標價,47
2023/6/01,[新聞] 景氣前景不明 羅智先：沒辦法看，好好過每一天,17
2023/6/01,[新聞] 輝達醫療策略夥伴 醫揚AI訂單顯著增 能見,18
2023/6/01,[標的] 6282.TW 康舒 多,36
2023/6/01,[情報] 江申 1525 股價遭警示，自結4月份本期淨,9
2023/6/01,[情報] 00713、00896 6月配息資訊,28
2023/6/01,[新聞] 軍公教明年加薪3％是底限？楊金龍給答案,52
2023/6/01,[新聞] 搶搭AI熱 LG揪晶片大神Keller開發RISC-V,14
2023/6/01,[新聞] 黃蔭基:台股高點已過 AI股暴漲恐像航海,73
2023/6/01,[標的] 6269 台郡十年線多多,22
2023/6/01,[情報] 0601 上市外資買賣超排行,44
2023/6/01,[新聞] 00926 凱基全球菁英55 明6/2掛牌上市,22
2023/6/01,[情報] 112年06月01日 櫃買法人買賣金額統計表,7
2023/6/01,[情報] 00907、00915、00921 6月配息資訊,2
2023/6/01,[新聞] 快訊／輝達黃仁勳：與張忠謀吃過飯了　下,70
2023/6/01,Re: [新聞] 中國景氣真的差？港股竟崩落20%墜熊市,49
2023/6/01,[情報] 112年06月01日 三大法人買賣金額統計表,60
2023/6/01,[情報] 0601 上市投信買賣超排行,29
2023/6/01,[新聞] 高股息ETF 00919配息開獎，年化配息率飆,7
2023/6/01,[新聞] 印度政府傳可能否決鴻海28奈米廠補助,35
2023/6/01,[新聞] 彭博：輝達黃仁勳將赴中國大陸拜訪騰訊,34
2023/6/01,[新聞] 美國3月份FHFA房價指數較前月上揚0.6%，,15
2023/6/01,[新聞] 群創通過減資每股退0.5元 總座：下半年,36
2023/6/01,[請益] 古董實體股票,24
2023/6/01,[閒聊] 2023/06/01 盤後閒聊,39
2023/6/01,[新聞] 雲豹能源股東會通過配發2.06元現金股利,23
2023/6/01,[新聞] 勞動基金4月賺453.7億元　前4月獲利2643.,88
2023/6/01,[情報] 3207 耀勝 現金增資公開申購資訊,8
2023/6/01,[新聞] 企業人工智慧軟體商C3 AI財測遜、盤後大,2
2023/6/01,Re: [新聞] 中國景氣真的差？港股竟崩落20%墜熊市,-10
2023/6/01,[新聞] 4月續賺 政府基金前4月收益3202.8億元,21
2023/6/01,[新聞] 台美21世紀貿易倡議首批協定 今晚簽署,34
2023/6/01,[標的] 3701大眾控,13
2023/6/01,Re: [新聞] 中國景氣真的差？港股竟崩落20%墜熊市,96
2023/6/01,[心得] 五大高股息ETF配息率比較,17
2023/6/01,[新聞] 《DJ在線》記憶體產業僅剩兩片烏雲 復甦,33
2023/6/01,[新聞] 大同智慧電表國內市佔第一，續搶日本/泰,25
2023/6/01,Re: [新聞] 路透調查：沙國料將調降7月外銷亞洲原油,27
2023/6/01,[新聞] 美債違約擔憂減輕！美眾議院通過債限協,42
2023/6/01,[情報] 00919首次配0.54，年化配息率超過11%,42
2023/6/01,Re: [標的] 6579 研揚 AI多,60
2023/6/01,[新聞] 樂活大叔施昇輝43歲被裁員「假裝上班」,16
2023/6/01,[新聞] 輝達黃仁勳招牌皮外套穿在他身上！AI伺服,8
2023/6/01,Re: [新聞] 中國景氣真的差？港股竟崩落20%墜熊市,-10
2023/6/01,[閒聊] 2023/06/01盤中閒聊,100
2023/6/01,[新聞] 暑假一位難求 長榮航今年獲利衝新高,37
2023/6/01,[標的] 6185幃翔-自由飛翔的多,100
2023/6/01,[新聞]郭哲榮出清0050 倒賺千萬元嘆：強者的孤獨,96
2023/6/01,[請益] 複委託不會加入集保嗎？,27
2023/6/01,[新聞] 中國景氣真的差？港股竟崩落20%墜熊市,96
2023/6/01,[公告] 0601 水桶,5
2023/5/31,[情報] 0531 上市櫃外資投信同買排行,0
2023/5/31,[新聞] 美股早盤開低走低 道瓊跌280點 市場等待,24
2023/5/31,Re: [請益] 連續賣掉股票隔天就漲停 該怎麼抱住?,3
2023/5/31,[新聞] 英特爾漲近5% 英偉達CEO表示願意合作,15
2023/5/31,[新聞]「群益台灣精選高息ETF」新持股出爐 配息,13
2023/5/31,[新聞] 「新光中山大樓樓層」 總價72億標出,23
2023/5/31,[情報] 5/31全市場當沖虧損最多的股票,17
2023/5/31,[情報] 0531 上市櫃外資投信買超金額排行,1
2023/5/31,[新聞] 路透調查：沙國料將調降7月外銷亞洲原油,5
2023/5/31,[新聞] 欣興 拚AI伺服器用板50%市占,22
2023/5/31,[新聞] 逾350位專家連署 警告AI恐致人類滅絕,44
2023/5/31,Re: [新聞]談AI熱潮 徐旭東:我穿皮衣明天股價會起來嗎,6
2023/5/31,[情報] 112年05月31日信用交易統計,16
2023/5/31,Re: [標的] 標的： NVDA 十年之後多,0
2023/5/31,[新聞] 復甦動能減弱 中國5月製造業PMI連2月萎縮,19
2023/5/31,Re: [新聞] 快訊／40萬股民注意！長榮配息70元　訂63,21
2023/5/31,[新聞] 〈長榮航法說〉看航空市況「客漲貨消」,0
2023/5/31,[標的] 八大行庫算不算法人？2913持股多少怎麼看？,2
2023/5/31,Re: [新聞] 俄羅斯不聽勸大量輸出便宜石油、傳沙烏地,11
2023/5/31,[新聞] 南亞看好AI帶動電子材料需求增，持續擴充,14
2023/5/31,[新聞] 鴻海股東送劉揚偉心臟病預警儀 盼股價能3,28
2023/5/31,[情報] 2330 台積電 調整111年第四季現金股利,18
2023/5/31,[新聞] 外資5月買超台股1762億 漲幅全球第7,19
2023/5/31,[新聞]談AI熱潮 徐旭東:我穿皮衣明天股價會起來嗎,19
2023/5/31,Re: [新聞] 長榮減資6成   專家：洗小股東出場,11
2023/5/31,[新聞] 「黃仁勳股票交流群」詐團也敢用！今年已,13
2023/5/31,[新聞] 國巨、中華電掰！00878新增緯創、日月光,17
2023/5/31,[新聞] 群創持續多元佈局；預期下半年比上半年好,9
2023/5/31,Re: [新聞] Nvidia躋身兆美元美企太貴？投資人還能靠,3
2023/5/31,[新聞] 華航股東會通過配息0.46元 看好下半年客,7
2023/5/31,[新聞] 華航拚永續 2030年使用生質燃料10％拚達,1
2023/5/31,[新聞] 華航股東會 董座看待下半年客貨商機,11
2023/5/31,Re: [新聞] 俄羅斯不聽勸大量輸出便宜石油、傳沙烏地,5
2023/5/31,[情報] 112/05/31 八大公股銀行買賣超排行,5
2023/5/31,[請益] 連續賣掉股票隔天就漲停 該怎麼抱住?,100
2023/5/31,[新聞] 俄羅斯不聽勸大量輸出便宜石油、傳沙烏地,42
2023/5/31,Re: [新聞] 經營權之爭落幕！龍邦入主泰山 終結詹家,17
2023/5/31,Re: [請益] 所以美債沒事了嗎？,55
2023/5/31,[新聞] 快訊／40萬股民注意！長榮配息70元　訂63,100
2023/5/31,[新聞] Nvidia躋身兆美元美企太貴？投資人還能靠,11
2023/5/31,[請益] 美國La的唐人街操作台股當沖有時差嗎？,11
2023/5/31,Re: [標的] 2618.tw 長榮航 空,76
2023/5/31,[標的] 標的： NVDA 十年之後多,43
2023/5/31,[新聞] 鬍鬚張未來概念店曝光　融合這些元素,40
2023/5/31,[情報] 0531 上市外資買賣超排行,44
2023/5/31,[情報] 112年05月31日 櫃買法人買賣金額統計表,5
2023/5/31,[請益] 所以美債沒事了嗎？,81
2023/5/31,[新聞] 旅宿缺工！　「大學生暑期體驗」挨轟：非,19
2023/5/31,[新聞] 爭取「台南囝仔」黃仁勳回鄉投資,15
2023/5/31,Re: [心得] 在詐騙群組臥底半年心得,27
2023/5/31,Re: [心得] 在詐騙群組臥底半年心得,46
2023/5/31,[情報] 6657華安糖尿病足潰瘍凝膠三期臨床已啟動,56
2023/5/31,[情報] 0531 上市投信買賣超排行,9
2023/5/31,[情報] 112年05月31日 三大法人買賣金額統計表,83
2023/5/31,[新聞] 聯電28奈米不怕中國搶單 下半年堅守價格,19
2023/5/31,[請益] 3231緯創尾盤試撮大爆量,51
2023/5/31,Re: [新聞] 澳豐金融倒閉清算，16年騙走全台千億元,12
2023/5/31,[新聞] 台泥股東怨股價太低 董座張安平霸氣回,57
2023/5/31,[新聞] 平均60萬！長榮海運員工起床收到年中獎金,81
2023/5/31,[新聞] 宏碁搶攻COMPUTEX商機　一口氣發表3款新,8
2023/5/31,Re: [新聞] 國喬石化全面轉型！　5年擴廠投產逾百萬,3
2023/5/31,[情報] 8931 大汽電 6/27除息 7/25發放,10
2023/5/31,[閒聊] 2023/05/31 盤後閒聊,11
2023/5/31,[請益] 大魯閣的八百股東禮有異動嗎？,10
2023/5/31,[新聞] 國喬石化全面轉型！　5年擴廠投產逾百萬,49
2023/5/31,[新聞] GIS-KY H2優於H1，MR光學模組貼合今年量,4
2023/5/31,[新聞] 澳豐金融倒閉清算，16年騙走全台千億元,50
2023/5/31,Re: [新聞] 憂獲利跟不上股本膨脹！華南金股利政,31
2023/5/31,[新聞]《半導體》聯電：H2未見明顯復甦 持盈保泰,25
2023/5/31,[新聞] 國票金控股東會全數照案通過 完成董事,7
2023/5/31,[新聞] 經營權之爭落幕！龍邦入主泰山 終結詹家,100
2023/5/31,[標的] 2618.tw 長榮航 空,65
2023/5/31,[新聞] 徐旭東自信滿滿 遠傳講不出缺點,5
2023/5/31,Re: [標的] 9914腳踏車多,7
2023/5/31,[新聞] 蔡明介：手機明年一定成長 車用 運算都有,7
2023/5/31,[請益] 3231 緯創期貨逆價差大,14
2023/5/31,[標的] 5274 信驊 多,13
2023/5/31,[新聞] 1101 台泥 股東會 NHOA去年營收大增4.5倍,16
2023/5/31,[新聞] 2317 鴻海 股東會 擬多國設電池供應鏈,17
2023/5/31,[新聞] 晶片商首例 輝達市值飆破1兆美元,8
2023/5/31,[新聞] 長榮Q2裝載率逾9成 Q3看旺,7
2023/5/31,"Re: [標的] TQQQ.US 正AI概念股,多",99
2023/5/31,Re: [標的] 9914腳踏車多,40
2023/5/31,Re: [標的] 00715L 期街口布蘭特正2 投機多,14
2023/5/31,[閒聊] 2023/05/31盤中閒聊,100
2023/5/31,[新聞] 佳世達 AIoT業績拚高雙位數成長,17
2023/5/31,Re: [新聞] 顏益財看海運景氣「驚滔駭浪」、台驊「,10
2023/5/30,[創作] 黑色皮衣,26
2023/5/30,[標的] 6579 研揚 AI多,100
2023/5/30,[情報] 0530 上市櫃外資投信同買排行,0
2023/5/30,[標的] 3454晶睿,16
2023/5/30,Re: [新聞] 清倉輝達惹滿身騷 女股神解釋：太貴了,12
2023/5/30,[情報] 0530 上市櫃外資投信買超金額排行,0
2023/5/30,[情報] 本周美股財報行事曆,2
2023/5/30,[標的] 3667.JP ENISH INC 今日狀況,2
2023/5/30,[情報] 5/30全市場當沖虧損最多的股票,14
2023/5/30,[新聞] 清倉輝達惹滿身騷 女股神解釋：太貴了,60
2023/5/30,[新聞] 迎合AI浪潮 力積電推出3D AI 加速器技術,61
2023/5/30,[新聞] 萬海股東會 董座：靜待市場穩定後評估增,5
2023/5/30,[情報] 112年05月30日信用交易統計,22
2023/5/30,[新聞] 欣興估第4季營運明顯好轉 曾子章看旺AI,22
2023/5/30,[新聞] AI熱滾滾 潘健成：群聯順勢跟上浪潮,28
2023/5/30,[新聞] 台企銀明年股利展望樂觀,19
2023/5/30,[新聞] 中信銀行員涉勾結詐騙集團 金管會罰2千萬,35
2023/5/30,[新聞] 新光金2022年每股隱含價值23.7元 年增8%,-10
2023/5/30,[新聞] 顏益財看海運景氣「驚滔駭浪」、台驊「,13
2023/5/30,[新聞] 比疫前暑假更貴！全球通膨、機位吃緊,23
2023/5/30,[新聞] 航空股成量居冠 華航突破13萬張 法人：,22
2023/5/30,[標的] 2330.tw 台積電 漲不上去?,61
2023/5/30,[情報] 112/05/30 八大公股銀行買賣超排行,9
2023/5/30,[新聞] 黃仁勳座談5次提「廣達」 狂讚太棒了！,100
2023/5/30,[新聞] 聲明稿／泰山主管慘遭龍邦文攻武嚇　詹,32
2023/5/30,[新聞] 鴻海報捷 特斯拉大單到手,53
2023/5/30,[新聞] 鴻海成外資買超冠軍 00882反而外資連10賣,7
2023/5/30,[新聞] 顏益財談海運 明年最辛苦,36
2023/5/30,[新聞] 永冠-KY台中港新廠Q3取得認證，估今年出,6
2023/5/30,[情報] 3661 世芯-KY 4月自結3.56 112Q1:8.09,32
2023/5/30,Re: [新聞] 黃仁勳：供應鏈力求多元性，輝達將委由英特爾代工,2
2023/5/30,[請益] 台股圈存方式扣款,28
2023/5/30,[情報] 0530 上市外資買賣超排行,55
2023/5/30,[標的] 2201裕隆,36
2023/5/30,[情報] 112年05月30日 櫃買法人買賣金額統計表,10
2023/5/30,[新聞] 黃仁勳：供應鏈力求多元性，輝達將委由英特爾代工,100
2023/5/30,[情報] 112年05月30日 三大法人買賣金額統計表,47
2023/5/30,Re: [請益] ai晶片除了server還可以裝在什麼東西上,26
2023/5/30,[情報] 0530 上市投信買賣超排行,29
2023/5/30,[情報] 2201 裕隆 現增發股 (發行價格:68元),39
2023/5/30,[新聞] 萬海：今年不會太好 伺機轉型投資物流鏈,25
2023/5/30,[新聞] 直擊/長榮股東會紀念品搶領人龍「排2小時,46
2023/5/30,[公告] Stock 樂透開獎,6
2023/5/30,[閒聊] 2023/05/30 盤後閒聊,30
2023/5/30,Re: [請益] 各位買ETF是定期定額還是感覺對了就買？,13
2023/5/30,[新聞] 可成洪水樹：戰略也要有耐心希望股東了解,39
2023/5/30,Re: [請益] ai晶片除了server還可以裝在什麼東西上,5
2023/5/30,[新聞] 新光金控集團評等 降至負向,26
2023/5/30,Re: [請益] 各位買ETF是定期定額還是感覺對了就買？,43
2023/5/30,[新聞] 《熱門族群》玉晶光、揚明光 擁蘋果題材,13
2023/5/30,[新聞] 擺脫防疫險陰霾 裕隆股價創33年新高,10
2023/5/30,Re: [請益] ai晶片除了server還可以裝在什麼東西上,2
2023/5/30,[新聞] 廣運液冷散熱解方 資料中心節能利器,14
2023/5/30,[心得] 0056+00878+00919月月配組合,30
2023/5/30,Re: [請益] ai晶片除了server還可以裝在什麼東西上,8
2023/5/30,[新聞] 新光金變天有望？外資矚目ISS報告改革派,42
2023/5/30,Re: [心得] 中國出口數據造假嚴重II,55
2023/5/30,Re: [請益] ai晶片除了server還可以裝在什麼東西上,28
2023/5/30,[閒聊] 2023/05/30盤中閒聊,100
2023/5/30,[新聞] 輝達空軍慘 帳上虧80億美元,27
2023/5/30,[新聞] 9年前他用150萬日幣買NVIDIA股票！現在,39
2023/5/30,Re: [請益] AI伺服器成本分析——記憶體是最大的輸家,-10
2023/5/30,Re: [新聞] 快訊／強強聯手！黃仁勳驚喜現身聯發科記,0
2023/5/29,[請益] ai超級電腦互連是以太網路還是infiniband,12
2023/5/29,Re: [請益] AI伺服器成本分析——記憶體是最大的輸家,30
2023/5/29,[新聞] 復甦不夠力 陸工業利潤續降,16
2023/5/29,[新聞] 葡萄牙把中企排除在5G建設之外 華為路被,17
2023/5/29,[情報] 1605 華新 現增發股參與發行海外存託憑證,4
2023/5/29,[請益] AI伺服器成本分析——記憶體是最大的輸家,43
2023/5/29,[情報] 今(5/29)當沖損益排行,21
2023/5/29,[情報] 0529 上市櫃外資投信同買排行,2
2023/5/29,[情報] 112年05月29日信用交易統計,17
2023/5/29,[標的] TSLA.US 特斯拉 多輪多,24
2023/5/29,[情報] 0529 上市櫃外資投信買超金額排行,4
2023/5/29,[新聞] 台驊投控董事長顏益財喊 海運空手的人可,61
2023/5/29,"[新聞] 0050規模突破3,000億元！ 台灣基金全新里",39
2023/5/29,[請益] 如何知道債券ETF發行上限呢?,7
2023/5/29,[新聞] 總統指示研議取消赴陸觀光禁令 觀光局：,15
2023/5/29,[新聞] 不只AI火紅 法人這樣看航空雙雄大漲,12
2023/5/29,Re: [請益] 大筆資金灌入冷門股在慢慢沖掉行嗎？,9
2023/5/29,[新聞] 憂獲利跟不上股本膨脹！華南金股利政,47
2023/5/29,[公告] wenfang2012 自刪標的文,15
2023/5/29,Re: [新聞] 立院三讀再生能源條例 新建物應設置太陽,14
2023/5/29,[新聞] 5家千金股太會漲！　並列上市櫃27檔注意,21
2023/5/29,[情報] 2812 台中銀 子公司處分農林股票,17
2023/5/29,[新聞] 立院三讀再生能源條例 新建物應設置太陽,81
2023/5/29,[標的] 6016 康和證 多,22
2023/5/29,[情報] 112/05/29 八大公股銀行買賣超排行,18
2023/5/29,[情報] 上市金控、銀行股 112年Q1財報整理,29
2023/5/29,[請益] 康和全都賺軟體的公告頁面,1
2023/5/29,[標的] 為什麼台股ETF沒出費半正二,25
2023/5/29,[公告] Stock 板 開始舉辦樂透!,13
2023/5/29,Re: [標的] 1609大亞,12
2023/5/29,[請益] 大筆資金灌入冷門股在慢慢沖掉行嗎？,88
2023/5/29,[新聞] 00906 大華元宇宙科技50 7月6日終止上市,33
2023/5/29,[公告] Stock 樂透取消,3
2023/5/29,[新聞] 佳世達：轉投資事業200家 AI管理,64
2023/5/29,[公告] Stock 板 開始舉辦樂透!,18
2023/5/29,[新聞] 00919群益台灣精選高息 配息逾10％可期,10
2023/5/29,[情報] 0529 上市外資買賣超排行,91
2023/5/29,Re: [新聞] 快訊／強強聯手！黃仁勳驚喜現身聯發科記,-10
2023/5/29,[新聞] 黃仁勳電腦展開講談AI 王文淵率台塑四寶,76
2023/5/29,[情報] 112年05月29日 櫃買法人買賣金額統計表,5
2023/5/29,[情報] 0529 上市投信買賣超排行,37
2023/5/29,[新聞] 「芯」騙局？中國自研x86晶片遭抓包是英,54
2023/5/29,[情報] 112年05月29日 三大法人買賣金額統計表,100
2023/5/29,[新聞] 快訊／強強聯手！黃仁勳驚喜現身聯發科記,100
2023/5/29,[新聞] 長榮航籌碼集中 經營權穩固,15
2023/5/29,[情報] 6657 華安 現金增資公開申購資訊,34
2023/5/29,[新聞] 宜鼎集團攜手NVIDIA 擴大AI生態系部署 強,7
2023/5/29,[新聞] 快訊／明燈動向獨家揭露！哲哲老師自爆,98
2023/5/29,[新聞] 蘋果WWDC重燃元宇宙題材 概念股升空、1,8
2023/5/29,[新聞] 《科技》全球CIS產值今年恐續減 惟車載,1
2023/5/29,[情報] 中鋼112年4月份自結稅前盈餘9.4億,19
2023/5/29,[創作] 偷嘎偷嘎 (Toca Toca),15
2023/5/29,[閒聊] 2023/05/29 盤後閒聊,44
2023/5/29,Re: [請益] 請問AI的下一個產業是什麼,26
2023/5/29,[公告] Stock 樂透開獎,20
2023/5/29,Re: [新聞] 元宇宙土地價格「雪崩式」暴跌！僅一年多,8
2023/5/29,[新聞] 鴻海伺服器 AI浪潮大贏家,43
2023/5/29,[標的]3686達能 再生能源法案 轉機多,13
2023/5/29,"[新聞] 高檔先下車 上週50,56,878投資人同步減少",28
2023/5/29,[新聞] 878換股爽到56&713? 713這檔今年已漲20%,19
2023/5/29,[新聞] 美國台積村又遭闖入 工程師車窗慘遭砸碎7,93
2023/5/29,Re: [標的] 6166凌華 冷門多(AI+IPC雙題材),18
2023/5/29,[新聞] 通膨壓力重！5月CCI物價指標跌至金融海嘯,10
2023/5/29,[請益] 高股息ETF配置策略 00878+00919,16
2023/5/29,[請益] 台股本益比仍然偏低？,9
2023/5/29,[請益] 漲停鎖死跟沒鎖看法,34
2023/5/29,[新聞] 《產業》不妙！2023半導體產業衰退恐達,30
2023/5/29,Re: [新聞] 學家：美股AI熱潮像是2000年網際網路泡沫,17
2023/5/29,Re: [新聞] 元宇宙土地價格「雪崩式」暴跌！僅一年多,13
2023/5/29,[新聞] 迎出國大潮 航空股業績高飛,33
2023/5/29,[情報] 1218.TW 泰山 重訊,5
2023/5/29,Fw: [新聞] 元宇宙土地價格「雪崩式」暴跌！僅一年多,77
2023/5/29,[新聞] 挪威主權基金大買群創 位居第二大股東,37
2023/5/29,[閒聊] 2023/05/29盤中閒聊,100
2023/5/28,[新聞] ABF飆風起 欣興、南電目標價齊升,49
2023/5/28,[新聞] 外資兩天回補649.7億 瑞銀樂觀看萬九,71
2023/5/28,[新聞] 武漢登報討債4.4億　統一集團、多家中國,52
2023/5/28,[請益] 2015 年發生什麼大事持續影響至今？,17
2023/5/28,[新聞] 中國經濟數據蓋牌 萬得限制國際用戶,38
2023/5/28,[新聞] 00918 大華優利高填息30 這檔ETF登獲利王,3
2023/5/28,[標的] 00928.TW 中信上櫃ESG30 多,8
2023/5/28,[標的] 靠台積電(2330)來穩定賺波段怎麼操作較好,52
2023/5/28,[公告] 05/28 處置公告＋處分累進原則補充,13
2023/5/28,[標的] 8069.TW 元太 多,31
2023/5/28,[標的] 6486互動  高殖利率多題材,17
2023/5/28,[標的] 2404.TW 漢唐 補漲多,18
2023/5/28,[新聞] ChatGPT幫律師寫文件 結果一堆假判例,99
2023/5/28,Re: [新聞] 學家：美股AI熱潮像是2000年網際網路泡沫,-10
2023/5/28,[新聞] 「一帶一路」市場容量第一次超過美日歐，G7不再是世界,-10
2023/5/28,Re: [新聞] 學家：美股AI熱潮像是2000年網際網路泡沫,11
2023/5/28,[新聞] 債券ETF不夠賣！國泰暫停初級市場申購,16
2023/5/28,[心得] 在詐騙群組臥底半年心得,99
2023/5/28,[新聞] 輝達追單 台積營收將爆發,89
2023/5/28,[新聞] 「溢價太高、有貨要出」不敗教主先跑再說,0
2023/5/28,[新聞] 美銀喊買台積電 目標價670元,99
2023/5/28,[新聞] AI概念股撐起美股「表面風光」　分析師憂,15
2023/5/28,Re: [請益] 最近大漲是不是最後逃命波,10
2023/5/28,[請益] 最近大漲是不是最後逃命波,99
2023/5/28,Re: [新聞] 學家：美股AI熱潮像是2000年網際網路,9
2023/5/28,[新聞] 黃仁勳台大演講完 就有股票交流群？ 美女,10
2023/5/28,[新聞] 為國泰金股價抱屈 李長庚：金城武還是金,53
2023/5/28,Re: [請益] 有辦法判斷股市題材是不是泡沫嗎,1
2023/5/28,Re: [新聞] 學家：美股AI熱潮像是2000年網際網路,59
2023/5/28,Re: [請益] 有辦法判斷股市題材是不是泡沫嗎,3
2023/5/28,[請益] 有辦法判斷股市題材是不是泡沫嗎,44
2023/5/28,[新聞] 搭AI列車 數位部加入CIP,11
2023/5/28,[新聞] 彭博快訊：白宮和共和黨達成提高債務上,100
2023/5/28,[請益] 美國Neuralink Pre-IPO要怎麼買？,6
2023/5/28,Re: [標的] 大盤 歷史紀錄多,7
2023/5/28,Re: [新聞] 學家：美股AI熱潮像是2000年網際網路泡沫,2
2023/5/28,[新聞] 摩根大通註冊IndexGPT搶推AI財務顧問服務,25
2023/5/27,[新聞] 兩大巨頭互掐 百度高管怒懟科大訊飛「碰,4
2023/5/27,[標的] U.US Unity 完宇宙了嗎?,19
2023/5/27,Re: [請益] 想抗通膨，月定期定額3000，有適合標的嗎,18
2023/5/27,[新聞] 避險時代告終 不代表消費必需品股該全拋,3
2023/5/27,Re: [新聞] 學家：美股AI熱潮像是2000年網際網路泡沫,99
2023/5/27,Re: [新聞] 友達董座彭双浪：康寧敢漲 一定是利多,3
2023/5/27,Re: [新聞] 學家：美股AI熱潮像是2000年網際網路泡沫,33
2023/5/27,Re: [新聞] 學家：美股AI熱潮像是2000年網際網路泡沫,100
2023/5/27,Re: [新聞] 學家：美股AI熱潮像是2000年網際網路泡沫,100
2023/5/27,Re: [新聞] 學家：美股AI熱潮像是2000年網際網路泡沫,28
2023/5/27,Re: [請益] 該怎麼克服不追高的心態？,2
2023/5/27,[新聞] 各國合縱連橫的策略 已使全球半導體競爭,29
2023/5/27,[新聞] 傳日央有大動作 日圓恐飆升15％,68
2023/5/27,Re: [請益] 該怎麼克服不追高的心態？,6
2023/5/27,[新聞] AI幫忙! 全新抗生素 可抗超級細菌,65
2023/5/27,[新聞] 憂失新光經營權　吳東進疾書「東亮賢弟」,81
2023/5/27,[請益] 該怎麼克服不追高的心態？,75
2023/5/27,[新聞] Nvidia成美第四大放空股空頭一夕虧損23億,65
2023/5/27,[新聞] 友達董座彭双浪：康寧敢漲 一定是利多,0
2023/5/27,[新聞] 「女股神」旗艦基金1月砍光飆股 老虎等這,8
2023/5/27,[新聞] 黃仁勳：畢業生站在AI起跑線,87
2023/5/27,[心得] 05/29 ~ 06/02 經濟數據&美股財報行事曆,12
2023/5/27,[新聞] 華航7月首航布拉格，客運續好/貨運待回升,18
2023/5/27,Re: [新聞] 欣興再砍資本支出 幅度逾15％,8
2023/5/27,[新聞] 輝達股價飆漲 凸顯道瓊指數過氣了,36
2023/5/27,[新聞] 為錯失輝達飆漲行情辯護 女股神伍德：AI,84
2023/5/27,[公告] Stock 板 開始舉辦樂透!,6
2023/5/27,Re: [新聞] 竹南台積電工地火警 2樓冒黑煙,5
2023/5/27,Re: [請益] 有什麼策略是能提早發現股價飆漲的族群嗎,7
2023/5/27,Re: [請益] 有什麼策略是能提早發現股價飆漲的族群嗎,7
2023/5/27,[新聞] 一週熱門零股 台積電飆破千萬股,18
2023/5/27,[新聞] 美國財長將債務可能違約期限更新至6月5日,83
2023/5/27,[新聞] 謝金河：黃仁勳光芒蓋過馬斯克,6
2023/5/27,[新聞] 長城汽車聲明舉報了比亞迪 雙雙股價下挫,19
2023/5/27,Re: [標的] DJI 道瓊  高處沒有不勝寒,1
2023/5/27,[心得] 寒舍變頭期,60
2023/5/27,Re: [標的] 美股 TMF.US SOXL.US DPST.US 中長期多,8
2023/5/27,Re: [標的]大盤，進出規劃,0
2023/5/27,[標的] 2330 關於台積電幾點看法,34
2023/5/27,Re: [心得] 只有我賠錢嗎,15
2023/5/27,[新聞] 觀光股好嗨! 山富亮燈創高121元 9天翻1倍,10
2023/5/27,[標的] SOX 費半點點名:贏家與輸家,25
2023/5/27,Re: [新聞] 技嘉法說 AI伺服器價格高出10-15倍,24
2023/5/27,[標的] 00632R 台灣反一  即將下市?,33
2023/5/27,[新聞] 摩根大通集團IT預算再度創新高，2023年達,15
2023/5/27,Re: [新聞] 虛灌逾上億！上市網通大廠兆勁爆財報不實,21
2023/5/27,Re: [新聞] 技嘉法說 AI伺服器價格高出10-15倍,28
2023/5/27,[新聞] 花旗由空翻多 調升美股評級 指科技股後勁,6
2023/5/26,[新聞] 新光金經營權 外資報告改革派暫占優勢,17
2023/5/26,[新聞] 避美債違約 拜登和麥卡錫接近達成協議,50
2023/5/26,[新聞] 聲明稿/證交所睜亮眼　詹景超打拚7年「泰山」績,18
2023/5/26,[新聞] 唯恐錯過美股行情 華爾街大行正重新審視,52
2023/5/26,[新聞] AI熱潮推動相關概念股飆漲 專家：這就像,36
2023/5/26,[新聞] 隨著腦機介面進入人體試驗，獲得FDA批准,14
2023/5/26,[新聞] 又是AI！邁威爾科技盤前大漲近17%，數據,18
2023/5/26,Re: [請益] 有什麼策略是能提早發現股價飆漲的族群嗎,5
2023/5/26,[情報] 112年05月26日信用交易統計,21
2023/5/26,[請益] 關於高股息ETF疑問,14
2023/5/26,Re: [標的] 請問特斯拉相對其他電動車廠的優劣勢為何,0
2023/5/26,[新聞] 通膨仍然偏高 美國4月核心PCE年增4.7%,100
2023/5/26,Re: [請益] 有什麼策略是能提早發現股價飆漲的族群嗎,7
2023/5/26,[新聞] 創新高！泰山7/17發放配息每股4元　股利,11
2023/5/26,[情報] 今(5/26)當沖損益排行,12
2023/5/26,[情報] 0526 上市櫃外資投信同買排行,0
2023/5/26,Re: [心得] 只有我賠錢嗎,56
2023/5/26,[請益] 有什麼策略是能提早發現股價飆漲的族群嗎,56
2023/5/26,Re: [標的] 00670L 富邦NASDAQ正2,24
2023/5/26,[情報] 0526 上市櫃外資投信買超金額排行,1
2023/5/26,[新聞] 虧大了！台積電2.6萬股東上周提早下車,69
2023/5/26,Re: [新聞] 巴菲特賣台積電又怎樣？未來影響台灣,11
2023/5/26,[請益] 台灣金融股CP值不輸老美金融股？,2
2023/5/26,[情報] 112/05/26 八大公股銀行買賣超排行,15
2023/5/26,[情報] 00850配息頻率改季配息（2、5、8、11）,34
2023/5/26,[新聞] 我GDP再下修至2.12%為8年低點 仍勉強「保,45
2023/5/26,[新聞] 虛灌逾上億！上市網通大廠兆勁爆財報不實,23
2023/5/26,Re: [新聞] 技嘉法說 AI伺服器價格高出10-15倍 動能,17
2023/5/26,[新聞] 愛國戰士上線 中投資人買股對抗晶片戰,24
2023/5/26,Re: [標的] 00670L 富邦NASDAQ正2,8
2023/5/26,[新聞] 快訊／逾90萬股民注意！0056改成季配息,100
2023/5/26,[情報] 0526 上市外資買賣超排行,89
2023/5/26,[情報] 4月份景氣燈號 續亮藍燈,20
2023/5/26,[新聞] Nvidia輝達身價破兆執行長黃仁勳抵台引爆,100
2023/5/26,[新聞] 依舊低迷！4月景氣連六藍燈,71
2023/5/26,[新聞] AI取代總經理職務？中華電信董座郭水義：,8
2023/5/26,Re: [標的] 台指大盤 機器學習線仙多,8
2023/5/26,[情報] 112年05月26日 櫃買法人買賣金額統計表,10
2023/5/26,Re: [請益] 如何查詢尚未進集保庫存的股票,0
2023/5/26,[標的] 用價量關係分析台積電,37
2023/5/26,[請益] 如何查詢尚未進集保庫存的股票,4
2023/5/26,[情報] 本週SCFI貨櫃運價指數:983.46(+11.01),24
2023/5/26,[情報] 112年05月26日 三大法人買賣金額統計表,100
2023/5/26,[情報] 近期金融市場狀況整理,14
2023/5/26,[情報] 0526 上市投信買賣超排行,25
2023/5/26,Re: [請益] 國泰樹精靈借券原始價格,5
2023/5/26,Re: [新聞] 老大哥不讓了 長榮航飛越星宇航 爆量,9
2023/5/26,[公告] Stock 樂透開獎,34
2023/5/26,[閒聊] 2023/05/26 盤後閒聊,55
2023/5/26,[新聞] 英業達 股價創波段新高,43
2023/5/26,[情報] 6643 M31 112年4月自結 1.13,15
2023/5/26,[新聞] 老大哥不讓了 長榮航飛越星宇航 爆量上揚,23
2023/5/26,[新聞]《汽車股》江申巴士車架接單爆量今年業績,5
2023/5/26,[標的] 8359錢櫃 多,4
2023/5/26,Re: [心得] 存股真的要存高股息?,35
2023/5/26,[標的] 3032偉訓也來蹭蹭輝達我大哥,16
2023/5/26,[新聞] 台積電德國設廠快了？公司這樣說,19
2023/5/26,Re: [標的] 台積電 2330 多,11
2023/5/26,[新聞] 2409 友達股東會 雙軸轉型 減少景氣波動,6
2023/5/26,[新聞] 陽明未來股利政策？ 董座：有賺錢就會發,31
2023/5/26,[新聞] 2412 中華電 最年輕董座郭水義主持股東會,18
2023/5/26,[新聞] 《商情》運價疲軟 BDI指數重挫逾6%,8
2023/5/26,[新聞] 台積電救星來了？郭正亮：大陸AI超需要這,-10
2023/5/26,[新聞] 明年台股交易251天 14年最長,43
2023/5/26,Re: [標的] 2606.TW 裕民 幫老婆定存多,9
2023/5/26,Re: [心得] 台積600壯士終於解套嘍~,47
2023/5/26,Re: [標的] 美股,2
2023/5/26,[請益] 借券Call回影響下次出借成功率,13
2023/5/26,"[新聞] 最痛的領悟！伍德太早賣輝達 錯失5,600億",47
2023/5/26,Re: [標的］大盤中期走勢台積電（線仙請進）,0
2023/5/26,[標的] 3289 宜特,15
2023/5/26,[新聞] 黃仁勳快來了！台股AI四部曲，NVIDIA隱,44
2023/5/26,[新聞] 巴菲特賣台積電又怎樣？未來影響台灣最大,9
2023/5/26,[閒聊] 2023/05/26 盤中閒聊,100
2023/5/26,[新聞] 賓大教授：美債違約可能性為零,41
2023/5/26,Re: [新聞] 黃仁勳:晶片製造不一定得在台 中國市場卻,5
2023/5/26,Re: [新聞] 抱Nvidia23年 可賺300倍？ 別想太簡單 專,0
2023/5/26,Re: [新聞] 抱Nvidia23年 可賺300倍？ 別想太簡單 專,5
2023/5/26,[新聞] 抱Nvidia23年 可賺300倍？ 別想太簡單 專,28
2023/5/26,[標的] 1608 華榮 不明所以多,19
2023/5/26,[新聞] MSI發表多款全新機殼、一體式水冷　全新,13
2023/5/25,Re: [請益] 收益平準金到底是什麼?,12
2023/5/25,Re: [新聞] 黃仁勳:晶片製造不一定得在台 中國市場卻,40
2023/5/25,[新聞] 外資狂賣逾1700億元人民幣中國公債 上證,39
2023/5/25,[新聞] Snowflake第一財季營收6.236億美元 淨虧,9
2023/5/25,Re: [心得] 台積600壯士終於解套嘍~,100
2023/5/25,[標的] APPS.US 財報,3
2023/5/25,[心得] 巴菲特好韭菜喔,38
2023/5/25,[情報] 0525 上市櫃外資投信同買排行,0
2023/5/25,[新聞] 隨著自動駕駛發展的成熟度，離特斯拉推出,5
2023/5/25,[請益] 什麼都沒改變  漲成這樣？,100
2023/5/25,[心得] 台積600壯士終於解套嘍~,100
2023/5/25,[情報] 112年05月25日信用交易統計,11
2023/5/25,Re: [標的] 台積電 2330 多,0
2023/5/25,[新聞] 美上修Q1 GDP成長率 初領失業金人數溫和,27
2023/5/25,Re: [情報] 00878 納入日月光投控、緯創,8
2023/5/25,[情報] 0525 上市櫃外資投信買超金額排行,0
2023/5/25,[新聞] 泰山公司派提名9位董事候選人　獲外資支,13
2023/5/25,[情報] 1213 大飲 產線暫時停工,21
2023/5/25,[標的] NVDA 畢業感謝祭 多,100
2023/5/25,Re: [新聞] 元宇宙是走入了死胡同還是仍具發展潛能？,1
2023/5/25,[標的] 3030 德律 多,23
2023/5/25,[標的] 美股 UPST.US 長線多,61
2023/5/25,[新聞] 00878好威！換股效應把這檔敲漲停,27
2023/5/25,[標的] 像南喵哥這樣死抱友達(2409)是好的策略嗎,22
2023/5/25,[情報] 00878 納入日月光投控、緯創,87
2023/5/25,Re: [標的] 2618.TW 長榮航多，機票變貴，股價暴衝,20
2023/5/25,[新聞] 惠譽將美國信評列入負面觀察名單,28
2023/5/25,[請益]  中環錸德大漲的都市傳說,26
2023/5/25,[情報] 112/05/25 八大公股銀行買賣超排行,18
2023/5/25,[新聞] 美債違約恐讓800萬人失業衝擊全球,100
2023/5/25,[新聞] 2317 鴻海 EPS估9.06元 目標價估117元,56
2023/5/25,[新聞] 長榮航估下半年空運旺季，運價有望回升,25
2023/5/25,[情報] 5871 中租-KY 4月自結 1.40 累計 5.75,21
2023/5/25,[新聞] 技嘉法說 AI伺服器價格高出10-15倍 動能,57
2023/5/25,[情報] 5706 鳳凰 112年4月自結0.14 112Q1:-0.12,25
2023/5/25,[情報] 0525 上市外資買賣超排行,78
2023/5/25,[情報] 112年05月25日 櫃買法人買賣金額統計表,13
2023/5/25,[公告] Stock 板 開始舉辦樂透!,99
2023/5/25,[公告] Stock 樂透取消,5
2023/5/25,[情報] 112年05月25日 三大法人買賣金額統計表,100
2023/5/25,[新聞] 出清廣達、緯創all in鴻海好嗎？網友一面,44
2023/5/25,[情報] 0525 上市投信買賣超排行,53
2023/5/25,"[標的] TQQQ.US 正AI概念股,多",49
2023/5/25,[新聞] 黃仁勳:晶片製造不一定得在台 中國市場卻,100
2023/5/25,[閒聊] 2023/05/25 盤後閒聊,70
2023/5/25,Re: [請益] 收益平準金到底是什麼?,6
2023/5/25,[新聞] 政院核定明年辦公日曆表 3天以上連假4個,81
2023/5/25,Re: [請益] 收益平準金到底是什麼?,0
2023/5/25,[新聞] 輝達市值暴增邁向1兆美元 台積電、海力士,37
2023/5/25,[心得] 存股真的要存高股息?,68
2023/5/25,[新聞] 00919 群益台灣精選高息 財資評審三星獎,15
2023/5/25,[新聞] 掏空康友詐201億 黃文烈泰國落網,41
2023/5/25,[新聞]「康和盃選擇權交易競賽」火熱登場,4
2023/5/25,[標的] 4123 晟德 小金雞太多,13
2023/5/25,[新聞] 中華車MG賣到缺車 原廠吃驚,79
2023/5/25,[新聞] 專家：輝達成救世主 台積電下半年有望復,31
2023/5/25,[新聞] 搶救火車頭！營造業移工聘雇大鬆綁 宏普,27
2023/5/25,[標的] 3526 凡甲 多,22
2023/5/25,[新聞] 微軟：中國駭客入侵美國眾多基礎設施,19
2023/5/25,[新聞] Intel執行長又放話想超車台積電？ 謝金河,36
2023/5/25,Re: [請益] 收益平準金到底是什麼?,2
2023/5/25,[新聞] 國喬爆經營權爭奪戰 市場派叫陣逼宮,35
2023/5/25,[閒聊] 2023/05/25盤中閒聊,99
2023/5/25,[請益] FIRSTRADE帳戶無法入金,28
2023/5/25,Re: [標的］大盤中期走勢台積電（線仙請進）,5
2023/5/25,[新聞] Fed會議紀錄顯示 決策官員「沒有那麼確定,30
2023/5/25,Re: [請益] 收益平準金到底是什麼?,1
2023/5/25,[請益] 沒有收益平準金之前的ETF怎麼配息的？,3
2023/5/25,Re: [新聞] 英偉達第一季度財報：AI 的力量在頂線和,40
2023/5/25,[公告] 05/25 處置公告,1
2023/5/25,Re: [請益] 收益平準金到底是什麼?,3
2023/5/25,[新聞] 英偉達第一季度財報：AI 的力量在頂線和,100
2023/5/25,Re: [請益] 收益平準金到底是什麼?,2
2023/5/25,Re: [請益] 收益平準金到底是什麼?,9
2023/5/24,[新聞] 蘋果新供應鏈名單 聯詠、華邦電等台廠入,9
2023/5/24,[新聞] 僅爲頂峯市值1%！維珍軌道(VORBQ.US)破產,2
2023/5/24,[新聞] 美國和中國的敵對狀態，對美國發展電池和,31
2023/5/24,[標的] 3231 緯創_存股變飆股，好害怕,97
2023/5/24,[情報] 112年05月24日信用交易統計,19
2023/5/24,[情報] 0524 上市櫃外資投信同買排行,1
2023/5/24,[標的] 3617碩天是不是可以開始佈空單了？,33
2023/5/24,Re: [標的] 2409 友達 (進場110張) 2周年紀念,72
2023/5/24,[情報] 0524 上市櫃外資投信買超金額排行,0
2023/5/24,[心得] 最適合小資散戶的股市投資方式,75
2023/5/24,[新聞] 「跟上主力投資」 女工程師遭詐逾900萬,35
2023/5/24,[新聞] 雄獅、燦星旅連2日上榜！　並列上市櫃21,7
2023/5/24,[新聞] 搶債不手軟！長天期美債正2也被掃光、00680L明起暫停申購,77
2023/5/24,[情報] 6446 藥華藥 董事會決議買回庫藏股,37
2023/5/24,[新聞] 外資退、散戶進？證券劃撥存款餘額連4升,21
2023/5/24,[情報] 112/05/24 八大公股銀行買賣超排行,11
2023/5/24,Re: [請益] 大盤中期走勢（線仙請進）,15
2023/5/24,[新聞] 88萬股東注意！紀念品「晶鑽杯」夯到缺貨,57
2023/5/24,[新聞] 為上市鋪路？阿里巴巴雲端部門裁員7％,7
2023/5/24,[新聞] 蘋果新供應鏈名單 台廠家數五增五減,40
2023/5/24,[標的] 2912 統一超 思樂冰多,39
2023/5/24,[情報] 0524 上市外資買賣超排行,38
2023/5/24,[情報] 2630亞航 112年4月自結0.01元,27
2023/5/24,[情報] 112年05月24日 櫃買法人買賣金額統計表,16
2023/5/24,[情報] 112年05月24日 三大法人買賣金額統計表,89
2023/5/24,[情報] 0524 上市投信買賣超排行,45
2023/5/24,[新聞] 馬斯克進軍AI 挑戰Google、微軟,43
2023/5/24,[閒聊] 2023/05/24 盤後閒聊,42
2023/5/24,[情報] 8926 台汽電 現金增資公開申購資訊,65
2023/5/24,[新聞] 2890 永豐金 股東會 朱總:加大越南營運,11
2023/5/24,[新聞] 修「央行法」撥外匯存底10％成立主權基,72
2023/5/24,Re: [新聞] 美元觸抵兩個月來最高 美國債務協商乏進,5
2023/5/24,[新聞] 美債限談判卡關 鮑爾重申Fed沒有扭轉違約,44
2023/5/24,[新聞] 華固股東會通過配息7.5元 估今年房市「量,27
2023/5/24,"[新聞] 中國經濟已經爛透復甦願景只是""海市蜃樓""",31
2023/5/24,[新聞] 00928 中信上櫃ESG 國內首檔ESG認證掛牌,8
2023/5/24,[新聞] 基辛格訪台發豪語… 英特爾將超車台積電,100
2023/5/24,[新聞] 長榮航總座看好Q2營收優於Q1　旺季長程,35
2023/5/24,[標的] 1268.TW 漢來美食 低估多,19
2023/5/24,[新聞] 玩美移動攜momo 推線上虛擬試妝,9
2023/5/24,[標的] 4440.TW 宜新實業 環保多,57
2023/5/24,Re: [新聞] 別再瘋搶00679B了 現買等於「1年債息泡,44
2023/5/24,[新聞] 急單需求增 南電春江水暖,43
2023/5/24,[閒聊] 2023/05/24盤中閒聊,100
2023/5/24,[新聞] 美元觸抵兩個月來最高 美國債務協商乏進,25
2023/5/24,[新聞] 日本半導體設備出口規定出爐，中國業者憂,33
2023/5/24,[新聞] Palantir股價創逾1年新高，方舟看好AI、,19
2023/5/24,[新聞] 利字當道 首爾放手三星填補美光中國市場,15
2023/5/23,[新聞] 台美貿易倡議利多 快遞貨物簡易報關條件,50
2023/5/23,[情報] 5/23全市場當沖虧損最多的股票,18
2023/5/23,[新聞] 2023年中東藍海旗艦團」搶攻沙國,2
2023/5/23,Re: [新聞] 亞馬遜突宣布退出中國市場 在中官網停運,11
2023/5/23,[新聞] 元宇宙是走入了死胡同還是仍具發展潛能？,47
2023/5/23,[新聞] 台積電：德國建廠談判中 最快8月決定,50
2023/5/23,[新聞] 亞馬遜突宣布退出中國市場 在中官網停運,53
2023/5/23,Re: [標的] TSLA.US,17
2023/5/23,[情報] 112年05月23日信用交易統計,24
2023/5/23,[情報] 0523 上市櫃外資投信同買排行,3
2023/5/23,Re: [請益] 大盤中期走勢（線仙請進）,0
2023/5/23,[情報] 0523 上市櫃外資投信買超金額排行,0
2023/5/23,[新聞] 新光金經營權之爭 公司派喊話：上坡不適,44
2023/5/23,[請益] 投信小額試單 是準備起漲的前兆嗎,10
2023/5/23,[新聞] 專家：美股大盤仍有進一步上漲的空間,13
2023/5/23,Re: [請益] 持股健檢,6
2023/5/23,[新聞] 別再瘋搶00679B了 現買等於「1年債息泡,35
2023/5/23,[新聞] 旅遊商機大爆發！長榮航站上30元改寫8個,7
2023/5/23,[新聞] 外資6天買超逾1000億元 搶進電子及金融股,15
2023/5/23,[新聞] 兩岸旅遊重啟長榮、華航看漲？網悲觀曝,8
2023/5/23,[新聞] 半導體助攻 華航新加坡貨運量搶下樟宜機,2
2023/5/23,[請益] 為什麼才16000點 正2就跟0050一樣？,14
2023/5/23,[創作] 開不了口,6
2023/5/23,[標的] 多 9910.TW豐泰,15
2023/5/23,[情報] 112/05/23 八大公股銀行買賣超排行,5
2023/5/23,Re: [請益] 大盤中期走勢（線仙請進）,13
2023/5/23,[新聞] 全友、國化、利華 擬賣地求榮 全友率先,6
2023/5/23,[新聞] 市場謠傳關廠？景碩澄清：無關廠僅調度設,41
2023/5/23,Re: [請益] 投資ETF比個股好?,8
2023/5/23,[情報] 2905 三商 董事會決議辦理現增發股,20
2023/5/23,[情報] 0523 上市外資買賣超排行,45
2023/5/23,[情報] 112年05月23日 櫃買法人買賣金額統計表,15
2023/5/23,[情報] 2809 京城銀 112/06/07除息 1.1,16
2023/5/23,[情報] 0523 上市投信買賣超排行,16
2023/5/23,Re: [請益] 綜所級距超過5%的適合除息?,64
2023/5/23,[情報] 112年05月23日 三大法人買賣金額統計表,81
2023/5/23,[請益] 人在財訊講座高雄場，寫問券,27
2023/5/23,[閒聊] 2023/05/23 盤後閒聊,37
2023/5/23,Re: [請益] 所得稅級距20% 資金300萬現在怎麼投資?,23
2023/5/23,[新聞] 美債限危機　蔡明忠：對我金融市場是「核,53
2023/5/23,[新聞] 獨／15萬股東注意！宏達電紀念品爆7／19,45
2023/5/23,Re: [新聞] AI生成圖偽造美五角大廈爆炸 美股陷入盤,-10
2023/5/23,[新聞] 新光金大戰 公司派向股東溫情喊話,98
2023/5/23,Re: [標的] 5009 榮剛無腦短空,15
2023/5/23,[請益] 持股健檢,42
2023/5/23,[標的] 9945 潤泰新 主力籌碼吸爆多,56
2023/5/23,[新聞] 00878 00713皆有收益平準金 到底是什麼?,0
2023/5/23,[新聞] AI生成圖偽造美五角大廈爆炸 美股陷入盤,74
2023/5/23,[新聞] 財經青紅燈》85家台商剉咧等,14
2023/5/23,[閒聊] 2023/05/23 盤中閒聊,100
2023/5/23,[新聞] ETF成媽媽股民最愛 定期定額排行擠下台,48
2023/5/23,[請益] 效率市場假說 與 打敗大盤 兩者的關係是?,24
2023/5/23,Re: [標的] DPST.US 多,4
2023/5/23,Re: [請益] 收益平準金到底是什麼?,4
2023/5/22,[標的] 6271同欣電,20
2023/5/22,[新聞] 歐中關係急凍 中歐班列對歐業務剩10％、,34
2023/5/22,[情報] 3025星通三月自結0.62,9
2023/5/22,[情報] 112年05月22日信用交易統計,29
2023/5/22,Re: [新聞] Re: 00878填息3天達陣 月底成分股「換血,39
2023/5/22,[新聞] 前4月外銷訂單年減逾2成 創2010年同期來,17
2023/5/22,Re: [心得] 2022年報及一些小心得,33
2023/5/22,[情報] 0522 上市櫃外資投信同買排行,2
2023/5/22,[新聞] 南僑4月自結獲利年增逾三成 EPS為0.23元,23
2023/5/22,[新聞] 郭明錤：聯詠2024年iPhone DDI出貨量恐低,10
2023/5/22,[情報] 0522 上市櫃外資投信買超金額排行,2
2023/5/22,[新聞] 長榮航成量居冠 法人：航空股今年成長,17
2023/5/22,[新聞] 華航往返新加坡航班 首創國航永續航空燃,20
2023/5/22,Re: [請益] 收益平準金到底是什麼?,0
2023/5/22,[情報] [情報]證券交易所公告上市公司暫停與恢復,4
2023/5/22,[新聞] 10檔注意股出爐！　三商電近6個營業日漲5,12
2023/5/22,[情報] 櫃檯買賣中心信用交易公告,2
2023/5/22,[標的] 2610華航 抱歉獻醜多,35
2023/5/22,[新聞] Gogoro最新財報揭曉　陸學森3步驟瘦身改,84
2023/5/22,[新聞] 傳群創 5 月全面調漲監視器面板,12
2023/5/22,"[標的] 0056,00713,00878選跌最多的？",7
2023/5/22,[情報] 112/05/22 八大公股銀行買賣超排行,9
2023/5/22,Re: [新聞] 欣興再砍資本支出 幅度逾15％,15
2023/5/22,Re: [新聞] Re: 00878填息3天達陣 月底成分股「換血,3
2023/5/22,[新聞] 資安外洩頻傳 數位部：每年找40家業者做,45
2023/5/22,[新聞] 股價9天翻倍 山富亮燈再創高,26
2023/5/22,[新聞] 經濟問卷調查出爐 5月台股散戶樂觀度下滑,12
2023/5/22,[情報] 歐盟重罰meta13億美元,46
2023/5/22,[新聞] 五窮六絕不會發生，神達Q2業績略回溫，AI,17
2023/5/22,[情報] 112年05月22日 櫃買法人買賣金額統計表,15
2023/5/22,[情報] 3617 碩天 112年4月2.18 112Q1:2.56,29
2023/5/22,[標的] 1609大亞,15
2023/5/22,[情報] 0522 上市外資買賣超排行,56
2023/5/22,[請益] 把總經學到滾瓜爛熟就能賺錢嗎？,61
2023/5/22,[情報] 1519 華城 112年4月每股盈餘 0.64,21
2023/5/22,Re: [新聞] 欣興再砍資本支出 幅度逾15％,25
2023/5/22,[情報] 8426 紅木-KY 112年4月每股盈餘 0.06,25
2023/5/22,[情報] 112年05月22日 三大法人買賣金額統計表,67
2023/5/22,[情報] 0522 上市投信買賣超排行,20
2023/5/22,[閒聊] 2023/05/22 盤後閒聊,39
2023/5/22,[新聞] 佳世達叩關「4」字頭 孫公司登興櫃,32
2023/5/22,[標的] 5328 華容,30
2023/5/22,Re: [請益] 收益平準金到底是什麼?,10
2023/5/22,Re: [標的] 5243.TW 乙盛-KY 多多綠,9
2023/5/22,[新聞] 兩岸觀光禁令有望解除 航空客運迎新潮、,23
2023/5/22,[標的] 00927 TW. 群益台灣半導體收益 募集討論,19
2023/5/22,Re: [新聞] Re: 00878填息3天達陣 月底成分股「換血,17
2023/5/22,[請益] 收益平準金到底是什麼?,36
2023/5/22,[新聞] 黃天牧：台股基本面有撐,57
2023/5/22,[標的] 2201裕隆噴噴多,19
2023/5/22,[標的] 8227.TW 巨有科技  腰子千金多,23
2023/5/22,[標的] 8059凱碩 恢復信用交易+單季賺贏去年整年,27
2023/5/22,[新聞] 矽晶圓合約價鬆動 台廠有壓,12
2023/5/22,[新聞] 藥華藥新藥美國市場獲NCCN治療指南推薦,34
2023/5/22,[閒聊] 2023/05/22 盤中閒聊,100
2023/5/22,[新聞] 美債違約倒計時 葉倫：6月1日是最後期限,100
2023/5/22,[新聞] 航空客運新一波大潮來了,64
2023/5/22,Re: [心得] 2022年報及一些小心得,25
2023/5/21,Re: [新聞] Re: 00878填息3天達陣 月底成分股「換血,31
2023/5/21,[新聞] 高息ETF解碼 廣達 緯創成持有最多成分股,9
2023/5/21,[新聞] 4月外銷訂單連8黑？王美花估：Q4復甦,43
2023/5/21,Re: [請益] 台股來說穩定領6趴股利實務上是可行的嗎,36
2023/5/21,Re: [標的] 2801 彰銀,41
2023/5/21,[新聞] 航空客運揮別疫情陰霾 第1季國籍航空載客,19
2023/5/21,[新聞] 4月外銷訂單連8黑幾成定局 估年減幅約2成,40
2023/5/21,[新聞] 中國宣布禁止採購美光產品 稱影響國家安,100
2023/5/21,[新聞] 壟斷AI算力90%市場，NV卻出現第一道裂縫,55
2023/5/21,[請益] 關於正2的價格,24
2023/5/21,[請益] 這波從年初到現在的漲勢??,95
2023/5/21,[標的] 持股請益,19
2023/5/21,[公告] 05/21 處置公告,27
2023/5/21,[新聞] 伺服器庫存去化再遞延 三家主要ODMs廠恐,58
2023/5/21,[新聞] 外資掃貨金控 單周買110億,57
2023/5/21,[新聞] 台北電腦展月底登場 聚焦輝達黃仁勳談AI,40
2023/5/21,Re: [新聞] 安特羅腸病毒疫苗7月正式在台供貨 下,16
2023/5/21,[新聞] Re: 00878填息3天達陣 月底成分股「換血,78
2023/5/21,Re: [請益] 正價差頻率越來越高還在推正二？,7
2023/5/21,[新聞] AI恐形成泡沫、Fed升息還沒結束 美銀策,72
2023/5/20,Re: [新聞] 00878填息3天達陣 月底成分股「換血,14
2023/5/20,[新聞] 富邦金不排除再併壽險！　總座韓蔚廷：一,39
2023/5/20,[新聞] 放空慘賠90億美元 傳奇投資人伊坎認錯,82
2023/5/20,Re: [新聞] 00878填息3天達陣 月底成分股「換血,11
2023/5/20,[標的] 1215 卜蜂 義式黑胡椒多,39
2023/5/20,[新聞] 華碩路由器疑出包全球大規模斷網！官方認,54
2023/5/20,[心得] 耐得住性子就會是你的,25
2023/5/20,Re: [請益] 為什麼沒有技術線型的ETF?,7
2023/5/20,[新聞] 股海自由行／自行車、橡膠、面板 逢低布,28
2023/5/20,[請益] 為什麼沒有技術線型的ETF?,17
2023/5/20,[請益] 正價差頻率越來越高還在推正二？,100
2023/5/20,[新聞] 美國白宮推出關鍵和新興技術國家標準戰略,5
2023/5/20,[新聞] 00900失寵！歷史配息全都露　第4次縮水逾,39
2023/5/20,[請益]為什麼八大公股銀行一直買債券ETF?,49
2023/5/20,[新聞] 日股創33年新高 巴菲特幫大忙,51
2023/5/20,[新聞] 欣興再砍資本支出 幅度逾15％,87
2023/5/20,[新聞] 長榮航：暑假機票一位難求,68
2023/5/20,[心得] 05/23~05/27 經濟數據&美股財報行事曆,30
2023/5/20,Re: [請益] 重現2008年大跌的可能性,39
2023/5/20,[新聞] 硅谷銀行開曼分行資金無法提取？FDIC答一,23
2023/5/20,Re: [新聞] 鮑爾：Fed將「堅定不移」對抗通膨,42
2023/5/20,[新聞] 一週熱門零股 台積電 國泰永續高股息火熱,8
2023/5/20,Re: [請益] 鋼鐵要讓利多久!?,19
2023/5/20,[新聞] 共和黨議員退場 美債務上限談判受阻,47
2023/5/20,[新聞] 鮑爾：Fed將「堅定不移」對抗通膨,54
2023/5/19,[新聞] 國內半導體供應鏈對第二季景氣看法仍是審,16
2023/5/19,[請益] 國泰樹精靈借券原始價格,14
2023/5/19,[新聞] 安特羅腸病毒疫苗7月正式在台供貨 下一步,16
2023/5/19,Re: [標的] KEYS.US,0
2023/5/19,[新聞] 台積電叛將遭致命一擊？中芯14奈米下場曝,65
2023/5/19,[情報] 0519 上市櫃外資投信同買排行,6
2023/5/19,[新聞] 台團客赴陸旅遊解禁，航空雙雄有望受惠,29
2023/5/19,[情報] 今(5/19)當沖損益排行,20
2023/5/19,[情報] 112年05月19日信用交易統計,13
2023/5/19,[情報] 0519 上市櫃外資投信買超金額排行,1
2023/5/19,[標的] 2883開發金,23
2023/5/19,[心得] 飆股怎麼下車 隨意談,42
2023/5/19,[情報] 112/05/19 八大公股銀行買賣超排行,19
2023/5/19,[心得] 9943好樂迪股東專屬優惠,21
2023/5/19,[新聞] 日股今年已飆漲20%　謝金河：日本再起,89
2023/5/19,[請益] 新鮮人存股/存ETF問題,81
2023/5/19,[標的] 5009 榮剛無腦短空,41
2023/5/19,Re: [標的] 3025 星通 阿姨概念 多,19
2023/5/19,[創作] 擱淺,7
2023/5/19,[公告] 0519 水桶,19
2023/5/19,Re: [標的] 2206三陽工業 沒時間了 多 多爆,61
2023/5/19,[新聞] 1101 台泥 電動大貨卡投入IKEA綠色物流,20
2023/5/19,[情報] 4114 健喬 現金增資認股價格38元,16
2023/5/19,[情報] 0519 上市外資買賣超排行,74
2023/5/19,[新聞] SCFI運價指數本周跌幅1.11% 連續四,39
2023/5/19,[新聞] 中信證券主辦 德鴻科技登錄興櫃,3
2023/5/19,[新聞] 銀髮族也樂衷！全台健身中心遍地開花破90,23
2023/5/19,Re: [標的] 3025 星通 阿姨概念 多,21
2023/5/19,[標的] 3706 神達今天在漲什麼？,50
2023/5/19,[情報] 112年05月19日 櫃買法人買賣金額統計表,22
2023/5/19,[情報] 112年05月19日 三大法人買賣金額統計表,100
2023/5/19,[情報] 0519 上市投信買賣超排行,22
2023/5/19,Re: [標的] 3025 星通 阿姨概念 多,2
2023/5/19,[請益] 這波大家大盤目標價是看多少?,98
2023/5/19,[請益] 漲兩成就套利  翻倍賣一半,25
2023/5/19,[閒聊] 2023/05/19 盤後閒聊,45
2023/5/19,[標的] 00671R 富邦納指反1 多,31
2023/5/19,[新聞] 伊雲谷攜手美時 升級製藥業ERP系統,29
2023/5/19,[標的] AI類股怎麼了 突然全面狂殺?,85
2023/5/19,[新聞] 【2474可成】，營收創低，本業轉虧!靠,28
2023/5/19,[新聞] 00878填息3天達陣 月底成分股「換血」,43
2023/5/19,[請益] 現沖賣，賣不了是常態嗎?,31
2023/5/19,[新聞] 鴻海股價被廣達強勁超車 今發放股利入袋,23
2023/5/19,Re: [標的] 3324雙鴻 聖嬰來臨熱死人漲,0
2023/5/19,Re: [請益] 重現2008年大跌的可能性,29
2023/5/19,[請益] QYLD突然配息,14
2023/5/19,[請益] 股票如何改地址,8
2023/5/19,[新聞] 中美商務部長將見面 王文濤下周訪美將見,15
2023/5/19,[新聞] 國台辦宣布：開放台灣旅遊團赴大陸旅遊,99
2023/5/19,Re: [新聞]戴琪:台美21世紀貿易倡議談判完成 數周內,30
2023/5/19,[新聞] 創意雙引擎 拚雙位數成長,2
2023/5/19,[閒聊] 2023/05/19 盤中閒聊,99
2023/5/19,[新聞]戴琪:台美21世紀貿易倡議談判完成 數周內,99
2023/5/19,Re: [請益] etoro被强制關倉,37
2023/5/19,[請益] 有必要去開 專業投資人嗎？,22
2023/5/19,[標的] 5278 尚凡 外資賣超7張為什麼外資籌碼大降,15
2023/5/18,Re: [請益] 重現2008年大跌的可能性,43
2023/5/18,[公告] 05/18 處置公告,0
2023/5/18,[新聞] 中國新規鴨霸納管 台股130家受衝擊,44
2023/5/18,[情報] 0518 上市櫃外資投信同買排行,8
2023/5/18,[請益] 重現2008年大跌的可能性,99
2023/5/18,[新聞] 拚國內生產！日本將補貼美光480億　引進,28
2023/5/18,[請益] 今晚認賠AGQ 但是好像沒有被預扣10%的稅,0
2023/5/18,[情報] 0518 上市櫃外資投信買超金額排行,1
2023/5/18,[情報] 112年05月18日信用交易統計,17
2023/5/18,[新聞] 新創電動車公司正面臨艱困的挑戰，淘汰,17
2023/5/18,[新聞] 廣達股價追平鴻海 市場看好NB代工鏈回春,20
2023/5/18,[情報] 今(5/18)當沖損益排行,23
2023/5/18,Re: [標的] 正二00631L.聯電2303友達2409多,21
2023/5/18,[請益] 關於IPO閉鎖期的小白問題,4
2023/5/18,[創作]清倉 （說謊）林宥嘉,12
2023/5/18,[新聞]  創意股東會 總座：國際大廠需求絡繹,9
2023/5/18,[新聞] 富鼎董事長異動 國巨陳泰銘接任,28
2023/5/18,[情報] 112/05/18 八大公股銀行買賣超排行,20
2023/5/18,"[情報] 00878基金規模5/18突破2,000億元",89
2023/5/18,[情報] 2427三商電 112年4月自結0.24元,31
2023/5/18,Re: [新聞] 台股人氣前10 榜首元大台灣50反1笑不,5
2023/5/18,[情報] 1598 岱宇 現增發股(發行價33元),8
2023/5/18,[新聞] 需求不振 MLCC產能降載恐成短期常態,6
2023/5/18,[新聞] 曾靠航運股海撈50億 PTT神人躍長榮第7大,48
2023/5/18,[情報] 0518 上市外資買賣超排行,54
2023/5/18,Re: [標的] 大盤 全年長空,100
2023/5/18,[新聞] 國泰金總座李長庚喊取消淨值比 金管會表,31
2023/5/18,[情報] 112年05月18日 櫃買法人買賣金額統計表,17
2023/5/18,[情報] 華安現金增資認股繳款期間 暨暫定承銷價,63
2023/5/18,Re: [請益] 股債配置的比例求建議,14
2023/5/18,[標的] 8046南電有我們看不到的利空嗎,51
2023/5/18,[情報] 112年05月18日 三大法人買賣金額統計表,100
2023/5/18,[情報] 0518 上市投信買賣超排行,15
2023/5/18,Re: [請益] 想買美股TQQQ 不知道有沒有類似PTP稅的,8
2023/5/18,[閒聊] 2023/05/18 盤後閒聊,34
2023/5/18,[請益] 想買美股TQQQ 不知道有沒有類似PTP稅的,17
2023/5/18,[情報] 2206 三陽工業 澄清媒體報導,45
2023/5/18,[新聞] 宏達電元宇宙智慧機2連發 HTC U23規格、售,56
2023/5/18,Re: [標的] 邁達特6112-想要辭職多,80
2023/5/18,[標的] 1609 大亞控股多,9
2023/5/18,[新聞] 台股人氣前10 榜首元大台灣50反1笑不出來,22
2023/5/18,[請益] 股債配置的比例求建議,32
2023/5/18,[標的] 新光金的股東委託書,39
2023/5/18,Re: [新聞] 谷月涵看空台股 示警美銀行風暴還沒結束,14
2023/5/18,[請益] 請問美股的財報,7
2023/5/18,Re: [新聞] 外國的不賠喔! 矽谷銀行倒閉 上百億美元,44
2023/5/18,Re: [標的] 4546 長亨 多,14
2023/5/18,Re: [標的] 4546 長亨 多,4
2023/5/18,Re: [標的] 3324雙鴻 聖嬰來臨熱死人漲,0
2023/5/18,[新聞] 換股比例0.584:1 台新金曾開價併新光金,21
2023/5/18,[新聞] 防堵資金外流 老虎、富途證劵下單APP遭,30
2023/5/18,[閒聊] 2023/05/18盤中閒聊,100
2023/5/18,[新聞] 快閃記憶體 開漲價第一槍,36
2023/5/18,Re: [請益] 景氣連續藍燈，股市還在高檔，有先例嗎,16
2023/5/18,[標的] 2357 華碩到底在漲什麼啊,60
2023/5/18,Re: [新聞] 外國的不賠喔! 矽谷銀行倒閉 上百億美元,8
2023/5/18,[新聞] 台積電今年3奈米產能 傳蘋果預訂9成,57
2023/5/17,[新聞] 馬斯克預估經濟1年後好轉！特斯拉股東會,12
2023/5/17,[新聞] 美債限談判 麥卡錫：本周末有望達協議,54
2023/5/17,[新聞] 韓國欲將OLED產業提升至國安層次，聯合,40
2023/5/17,[請益] 原日盛股利匯款帳號變更,11
2023/5/17,[情報] 0517 上市櫃外資投信同買排行,0
2023/5/17,[情報] 0517 上市櫃外資投信自營買超金額排行,10
2023/5/17,[新聞] 外國的不賠喔! 矽谷銀行倒閉 上百億美元,100
2023/5/17,[情報] 112年05月17日信用交易統計,15
2023/5/17,Re: [情報] 自營商創最大金額單日買超,7
2023/5/17,[情報] 今日(5/17)當沖損益排行榜,13
2023/5/17,[新聞] 地緣政治波動 零壹看好資安、軍工結合市,16
2023/5/17,Re: [情報] 自營商創最大金額單日買超,1
2023/5/17,Re: [標的] 長榮是否能解套,10
2023/5/17,Re: [情報] 自營商創最大金額單日買超,41
2023/5/17,Re: [新聞] 新加坡、挪威主權基金 加碼長榮、陽明,23
2023/5/17,[情報] 112/05/17 八大公股銀行買賣超排行,26
2023/5/17,Re: [請益] 景氣連續藍燈，股市還在高檔，有先例嗎,12
2023/5/17,[新聞] 元太Q2營收、毛利率雙看升 大爆發要等202,33
2023/5/17,[情報] 0517 上市自營買超排行,75
2023/5/17,[情報] 0517 上市外資買賣超排行,37
2023/5/17,[情報] 112年05月17日 櫃買法人買賣金額統計表,21
2023/5/17,Re: [標的] 5516.TW 雙喜 喜多喜多,12
2023/5/17,[情報] 自營商創最大金額單日買超,100
2023/5/17,[新聞] 盤中速報 - 華研(8446)股價拉至漲停，漲,10
2023/5/17,[情報] 112年05月17日 三大法人買賣金額統計表,100
2023/5/17,[情報] 0517 上市投信買賣超排行,13
2023/5/17,[新聞] 美系外資首推南亞科買進評等 激勵 DRAM,6
2023/5/17,[標的] NG 天然氣 跌爛多,13
2023/5/17,[閒聊] 2023/05/17盤後閒聊,79
2023/5/17,Re: [標的] 台指大盤 機器學習線仙多,17
2023/5/17,Re: [請益] 認真問週休三日是不是很不利？,2
2023/5/17,[新聞] 《光電股》元太下午法說 美系外資翻多升,24
2023/5/17,Re: [標的] 6285啟碁 多多 長期多,13
2023/5/17,[新聞] 00878不只高息還很會漲 今年報酬%賺2位數,54
2023/5/17,Re: [請益] 景氣連續藍燈，股市還在高檔，有先例嗎,8
2023/5/17,Re: [標的] 00713、00919選誰? 00919能配到10%?,3
2023/5/17,[新聞] 市場估兩派董事席次8：7 新光金改選後,38
2023/5/17,Re: [標的] 6625 必應創造 多,27
2023/5/17,Re: [請益] 景氣連續藍燈，股市還在高檔，有先例嗎,7
2023/5/17,Re: [新聞] 隱形眼鏡股 營運將好轉,6
2023/5/17,Re: [請益] 景氣連續藍燈，股市還在高檔，有先例嗎,62
2023/5/17,[標的] 港股恒生指數,24
2023/5/17,Re: [標的] 3363 上詮 多,18
2023/5/17,[新聞] 130公司資安外洩！電子發票平台爆「有漏,44
2023/5/17,[新聞] 大立光專利戰 降服特斯拉,24
2023/5/17,[閒聊] 2023/05/17盤中閒聊,100
2023/5/17,[新聞] 慘烈！2天內「7家美企」破產 權威機構：,64
2023/5/17,[公告] 0517 水桶,11
2023/5/17,[新聞] 新加坡、挪威主權基金 加碼長榮、陽明,100
2023/5/17,Re: [新聞] OPPO 自研處理器折翼？停止旗下 IC 設計,9
2023/5/17,[新聞] 台康生乳癌生物相似藥 正式收到台灣藥證核准函,16
2023/5/16,[標的] 2615 萬海買在64是否能解套？,33
2023/5/16,[新聞] 不甩巴菲特出清 外資：台積H2復甦可期,41
2023/5/16,[新聞] 〈旺矽法說〉Q2營收再增個位數 接獲軍工,4
2023/5/16,Re: [標的] 長榮是否能解套,8
2023/5/16,[情報] ETF 2023年01~04月 內扣費用率比較,20
2023/5/16,[新聞] 債券ETF別只光追00679B「它」成跳躍成長,21
2023/5/16,[情報] 5/16全市場當沖虧損最多的股票,10
2023/5/16,[新聞] 三項值得期待改變遊戲規則的穿戴式科技即,9
2023/5/16,[請益] etoro被强制關倉,40
2023/5/16,Re: [標的] 長榮是否能解套,0
2023/5/16,[情報] 0516 上市櫃外資投信同買排行,3
2023/5/16,[情報] 112年05月16日信用交易統計,8
2023/5/16,Re: [標的] 長榮是否能解套,68
2023/5/16,[新聞] 千興上市有價證券自112年5月18日起恢復ꔠ,3
2023/5/16,[心得] Michael Burry 最新一季13F,26
2023/5/16,[標的] 鴻海2317,75
2023/5/16,[新聞] 台股一口氣收復各均線 法人三理由看後市,49
2023/5/16,[新聞] 救銀行股祭禁空令？SEC：不考慮、尊重市,16
2023/5/16,[情報] 0516 上市櫃外資投信買超金額排行,0
2023/5/16,[新聞] 雄獅、鳳凰當沖過高　並列9檔注意股,21
2023/5/16,[情報] 112/05/16 八大公股銀行買賣超排行,5
2023/5/16,[新聞] 周休三日台股也行?金管會憂我們休息別人,88
2023/5/16,[新聞] 8檔高股息ETF近1個月績效打敗大盤！,35
2023/5/16,[情報] 0516 上市自營買超排行,37
2023/5/16,[情報] 0516 上市外資買賣超排行,47
2023/5/16,[新聞] 暫停受理E-dReg儲能申請 台電：避免供過,46
2023/5/16,Re: [標的] 2428 興勤 被動元件裡的鑽石多,4
2023/5/16,[情報] 112年05月16日 三大法人買賣金額統計表,100
2023/5/16,[新聞] 立凱電與以色列ICL合作 鄭文燦：台美打破,13
2023/5/16,[情報] 0516 上市投信買賣超排行,21
2023/5/16,[閒聊] 2023/05/16盤後閒聊,68
2023/5/16,[心得] 台積電技術利多消息整理,53
2023/5/16,[標的] 1842.hk 植華集團 仙股詐騙多,15
2023/5/16,[情報] 2514 龍邦 接獲商業法院之裁定禁止泰山公,36
2023/5/16,Re: [心得] ETF是人越多的地方月要去吧?,56
2023/5/16,[新聞]連續減持後 中國8個月來首次增持美國國債,45
2023/5/16,[請益] 景氣連續藍燈，股市還在高檔，有先例嗎,50
2023/5/16,[標的] 00713、00919選誰? 00919能配到10%?,24
2023/5/16,[標的] 8927.TW 北基 加油站多,13
2023/5/16,[請益] ETF是人越多的地方越要去吧?,77
2023/5/16,Re: [標的] 3617 碩天 多,10
2023/5/16,[新聞] 美股新里程碑 蘋果一家公司就比羅素2000,14
2023/5/16,[新聞] 波克夏Q1清倉台積電、增持蘋果 銀行股新,52
2023/5/16,[新聞] 中鋼董座翁朝棟罕見動怒…要對決進口料,64
2023/5/16,[閒聊] 2023/05/16盤中閒聊,59
2023/5/16,[新聞] 民進黨團釋善意暫緩再生醫療雙法 柯建銘,19
2023/5/16,[新聞] 勤誠：Q1谷底已過 AI三大案蓄勢待發,5
2023/5/16,[標的] TW大盤 短多,12
2023/5/16,[新聞] 「股神」巴菲特今年首季已全數出清台積,100
2023/5/16,[標的] 6593.TW 台灣銘板 台銘台銘得第一,20
2023/5/16,[標的] 2427三商電-相信就是力量的多,19
2023/5/16,[新聞] 資安市場「錢」途光明 這2檔漲停閃紅燈,7
2023/5/15,[新聞] 橋水Q1增持新興市場ETF 谷歌 減持銀行,18
2023/5/15,[新聞] 半導體股迎新成長周期,13
2023/5/15,[新聞] 股票型ETF 中國市場最熱,5
2023/5/15,[公告] 05/15 處置公告 其之二,3
2023/5/15,[情報] 歐盟同意微軟以690億美元收購動視暴雪,13
2023/5/15,[公告] 5/15處置公告,0
2023/5/15,[新聞] 《汽車股》和泰車闖天價 市值拚台股第17強,29
2023/5/15,[新聞] 紐約帝國商業指數5月暴跌至負31.8,19
2023/5/15,[新聞] 橋水清倉百度 大幅減持中概股,23
2023/5/15,[新聞]00878股東人數暴增1.4萬人！6檔除息ETF把,39
2023/5/15,[情報] 112年05月15日信用交易統計,23
2023/5/15,[新聞] 半導體景氣變化將牽動今年國內經濟成長率,2
2023/5/15,Re: [心得] 新能源車，氫能才是中油/台灣轉型首,12
2023/5/15,[新聞] 看通膨指標「還有很長一段路要走」 Fed官,8
2023/5/15,[新聞] 巴菲特看好的日本股市，要創33年新高了,44
2023/5/15,[新聞] 多空看法分歧？壽險金控雙雄 對金融股操,8
2023/5/15,Re: [心得] 新能源車，氫能才是中油/台灣轉型首選？,7
2023/5/15,[情報] 0515 上市櫃外資投信同買排行,2
2023/5/15,[新聞]高壓用戶明起算夏季電價 全台2.5萬用戶,6
2023/5/15,[新聞] 童子賢建議重啟核一核二 經長：最大問題,39
2023/5/15,[新聞] 老謝批新光金市值敬陪末座 應換人經營,35
2023/5/15,Re: [標的] 6625 必應創造 多,5
2023/5/15,[情報] 0515 上市櫃外資投信買超金額排行,2
2023/5/15,Re: [新聞] OPPO 自研處理器折翼？停止旗下 IC 設計,26
2023/5/15,[情報] 9904 寶成 112年第1季EPS 0.34,18
2023/5/15,[情報] 112/05/15 八大公股銀行買賣超排行,6
2023/5/15,[情報] 2323 中環 子公司處分聯發科股票,20
2023/5/15,[情報] 1104 環泥 112年Q1:0.42,22
2023/5/15,[情報] 興富發重大訊息停工說明 (含子公司),56
2023/5/15,[新聞] 泰山提告陳敏薰　喪失獨立性委任關係不,41
2023/5/15,[心得] 新能源車，氫能才是中油/台灣轉型首選？,39
2023/5/15,[情報]  2312 金寶 Q1 eps 0.17年減25.55%,4
2023/5/15,Re: [情報] 8044網家 Q1 EPS -0.96,34
2023/5/15,[情報] 0515 上市外資買賣超排行,52
2023/5/15,[情報] 飛宏決議以Zerova SG股權為交易對價全數,7
2023/5/15,[情報] 8044網家 Q1 EPS -0.96,55
2023/5/15,[情報] 0515 上市投信買賣超排行,14
2023/5/15,[情報] 112年05月15日 三大法人買賣金額統計表,63
2023/5/15,Re: [新聞] OPPO 自研處理器折翼？停止旗下 IC 設計,64
2023/5/15,[閒聊] 2023/05/15盤後閒聊,100
2023/5/15,Re: [新聞] OPPO 自研處理器折翼？停止旗下 IC 設計,5
2023/5/15,[標的] 2881.TW 富邦金 小賺10%多,30
2023/5/15,Re: [請益] 請問買ETF跟買房獲利已經黃金交叉了嗎？,6
2023/5/15,[標的] 2206三陽工業 沒時間了 多 多爆,51
2023/5/15,[請益] 國喬點進去出現交易風險？,27
2023/5/15,[標的] 2356 英業達 是不是感覺越看越像空,14
2023/5/15,[新聞] 再生醫療雙法本周三讀 這3檔個股率先表態,27
2023/5/15,[新聞] 友達、群創 法人喊買,60
2023/5/15,[新聞] 2409 友達 3481 群創 高喊轉型抗衝擊,18
2023/5/15,[標的] 3363 上詮 多,19
2023/5/15,Re: [新聞] OPPO 自研處理器折翼？停止旗下 IC 設計,83
2023/5/15,[新聞] 00878快18元 想跟除息還能買?陳重銘教戰,-10
2023/5/15,[新聞] 轉投資成長 晟德Q1營收年增120%,9
2023/5/15,[閒聊] 2023/05/15盤中閒聊,100
2023/5/15,Re: [請益] 請問長榮買在152套一年多了該換股嗎？,8
2023/5/15,[新聞] 《DJ在線》PCB Q2車用/伺服器有撐 載板/,0
2023/5/15,[新聞] 台股520行情 有影,29
2023/5/15,Re: [標的] 5253.JP Cover CEO多,4
2023/5/15,Re: [新聞] 越南寶元鞋廠6月下旬起裁逾5700人 寶,20
2023/5/15,[新聞] 華碩「燒CPU」不保固遭批卸責 國外網紅,100
2023/5/15,[新聞] 泰國股市股王竟是這家台商 市值比台灣母,31
2023/5/15,Re: [請益] 有推薦的中文美股頻道嗎？,2
2023/5/14,[新聞] 生技財報靚 四大族群豐收,7
2023/5/14,[新聞] 三陽董事長 吳清源三個三年 六輪齊奔再,41
2023/5/14,[請益] 請問長榮買在152套一年多了該換股嗎？,48
2023/5/14,Re: [標的] 請問群創買在31套兩年了要換股嗎,20
2023/5/14,[請益] 有推薦的中文美股頻道嗎？,34
2023/5/14,Re: [標的] 請問群創買在31套兩年了要換股嗎,13
2023/5/14,Re: [標的] 9921.TW 巨大,29
2023/5/14,[新聞] 2890 永豐金 綠色轉型獲利穩健,6
2023/5/14,[新聞] 輝達AI晶片需求太旺 傳向台積電追加1萬,56
2023/5/14,Re: [標的] 請問群創買在31套兩年了要換股嗎,36
2023/5/14,[新聞] 三商壽首季虧損29億 財務長、資訊長換將,31
2023/5/14,[標的] 1218.TW 泰山 空？散戶要走要留,13
2023/5/14,Re: [標的] 5253.JP Cover CEO多,9
2023/5/14,Re: [新聞] 越南寶元鞋廠6月下旬起裁逾5700人 寶,16
2023/5/14,[新聞] 隱形眼鏡股 營運將好轉,31
2023/5/14,Re: [請益] 為什麼獲利回到疫情前股價還在高檔？,8
2023/5/14,[標的] 請問群創買在31套兩年了要換股嗎,100
2023/5/14,[新聞] 獨家》新光金委託書開徵首日 火速調高價,63
2023/5/14,Re: [標的] 南電跟欣興買哪檔比較好,15
2023/5/14,Re: [新聞] 越南寶元鞋廠6月下旬起裁逾5700人 寶成,1
2023/5/14,[標的] 5253.JP Cover CEO多,38
2023/5/14,[新聞] 中國A股爆退市潮 預計30隻股票年內退市,29
2023/5/14,Re: [標的] 4976 佳凌  可以幫我看看嗎？,69
2023/5/14,[公告] 0514 水桶,2
2023/5/14,[請益] 大盤未來複製2011美債危機走勢機率?,27
2023/5/14,[新聞] 一週熱門零股 成交前十名 ETF 包半,3
2023/5/14,Re: [請益] 為什麼獲利回到疫情前股價還在高檔？,18
2023/5/14,[公告] 5/13處置公告,5
2023/5/13,Fw: [新聞] 新光金經營權大戰錯估情勢　吳東進求救,79
2023/5/13,[新聞] 越南寶元鞋廠6月下旬起裁逾5700人 寶成,42
2023/5/13,[請益] 想投機結果被套牢有什麼方式能早點解套嗎,64
2023/5/13,[問卷] Z世代投資台股與股市app使用習慣調查問卷（抽即享券）,7
2023/5/13,Re: [請益] 為什麼獲利回到疫情前股價還在高檔？,22
2023/5/13,[新聞] 橋水上季減碼台積電ADR達27％ 持股降至17,31
2023/5/13,[新聞] 政策利多+收購交易 美國第一太陽能飆漲26,14
2023/5/13,[標的] 6625 必應創造 多,34
2023/5/13,[請益] 為什麼獲利回到疫情前股價還在高檔？,99
2023/5/13,[標的] 南電跟欣興買哪檔比較好,77
2023/5/13,[新聞] HTC預告新機5／18發表！傳推U23 Pro,66
2023/5/13,[標的] 2603.TW 長榮 多,9
2023/5/13,[新聞] 市場押注Fed 7月降息可能性一度高達50%,57
2023/5/13,[標的] 1519 華城  多,26
2023/5/13,[心得] 05/15~05/19 經濟數據&美股財報行事曆,27
2023/5/13,Re: [請益] 年領50萬以上股利是否可考慮退休？,-10
2023/5/13,[標的] 買在均價97元的漢磊五張還有救嗎,100
2023/5/13,Re: [標的]大盤，現在是採取分批進場的最佳時機,19
2023/5/13,Re: [新聞] 陳敏薰要查帳 泰山：已解任其獨董職務、,11
2023/5/13,[新聞] 預告再升息？3天連續3位聯準會官員放鷹,62
2023/5/12,[情報] 6456 GIS-KY 2023Q1 EPS,16
2023/5/12,[情報] 4440宜新實業 2023Q1 EPS,5
2023/5/12,[新聞] 《半導體》敦泰Q1急單到 淨利季增4成,24
2023/5/12,[情報] 1558伸興 2023Q1 EPS,6
2023/5/12,[情報] 3540曜越 Q1 0.5,22
2023/5/12,Re: [標的] 00679B 元大美債20年,69
2023/5/12,[新聞] 陳敏薰要查帳 泰山：已解任其獨董職務、,78
2023/5/12,[情報] 112年05月12日信用交易統計,24
2023/5/12,[新聞] 躲過股災 Palantir投資黃金獲利落袋、轉,18
2023/5/12,[新聞] 唬抽中未上市股票 詐退休師1650萬,46
2023/5/12,[請益] 決定方向後的操作,5
2023/5/12,[新聞] Fed新鷹王：央行可能需要延長緊縮政策,16
2023/5/12,[新聞] 3千人一夕失業！曾挖前聯發科大將操盤　O,94
2023/5/12,[情報] 8936 國統 112年 Q1 0.69,18
2023/5/12,[標的] 3617 碩天 多,13
2023/5/12,[新聞] 新壽Q1大虧 金管會約談,18
2023/5/12,[情報] 2915 潤泰全 Q1 EPS 0.14,42
2023/5/12,[情報] 2616山隆 2023Q1 EPS,23
2023/5/12,[情報] 8033 雷虎 112年第1季EPS -0.1,71
2023/5/12,[情報] 1504 東元 112年Q1:0.78及除權息日程,10
2023/5/12,[情報] 112/05/12 八大公股銀行買賣超排行,10
2023/5/12,[新聞] OPPO 自研處理器折翼？停止旗下 IC 設計,28
2023/5/12,Re: [情報] 2603 長榮　q1 2.38,100
2023/5/12,[情報] 9945潤泰新Q1 EPS 0.1,65
2023/5/12,[新聞] 資策會：全球生成式AI投資將突破百億美元,2
2023/5/12,[情報] 2603 長榮　q1 2.38,100
2023/5/12,[情報] 0512 上市櫃外資投信同買排行,2
2023/5/12,[情報] 中環112年第一季財報 EPS:0.62,22
2023/5/12,[請益] 老股承銷的原因有哪些,0
2023/5/12,[情報] 0512 上市櫃外資投信買超金額排行,0
2023/5/12,[情報] 6712長聖 112年Q1 EPS 1.7,10
2023/5/12,[情報] 6472 保瑞 112年第1季EPS 13.62,45
2023/5/12,[情報] 1907 永豐餘 Q1 0.00,53
2023/5/12,[情報] 1905華紙 112年第一季EPS -0.16,22
2023/5/12,[新聞]   華碩今年首季續虧 每股虧損2.3元,96
2023/5/12,[新聞] 想領00878 Q2配息2.7元　5/16最後買進殖,32
2023/5/12,[情報] 陽明112年第一季財務報告 EPS: 0.97,91
2023/5/12,[情報] 0512 上市外資買賣超排行,39
2023/5/12,[情報] SCFI指數 983.41 (-14.88),21
2023/5/12,[情報] 6163 華電網 Q1 -0.16,20
2023/5/12,[情報] 4105東洋 112年4月自結 EPS 0.33,2
2023/5/12,"Re: [標的] PFE.US, KO.US, DUK.US 抄底多?",6
2023/5/12,[新聞] 衝破200元！外資送暖 巨大股價逆勢續漲,18
2023/5/12,[情報] 1513 中興電 112年第1季EPS 1.56,26
2023/5/12,[情報] 2739 寒舍 Q1 0.9,3
2023/5/12,[情報] 華安112年第一季財務報告 EPS:-0.84,79
2023/5/12,[情報] 5388 中磊 第一季EPS 1.97,9
2023/5/12,[情報] 112年05月12日 三大法人買賣金額統計表,44
2023/5/12,[情報] 0512 上市投信買賣超排行,19
2023/5/12,[情報] 敦泰112年Q1財報 EPS:0.25,23
2023/5/12,[情報] 2867三商壽 112年第一季EPS -0.70,20
2023/5/12,[情報] 1909榮成 112年第一季EPS -0.48,0
2023/5/12,[情報] 00878國泰永續高股息 2023年5月收益分配,42
2023/5/12,[情報] 2637 慧洋-KY 112年Q1:-0.18及除權息日程,17
2023/5/12,[情報] 2356英業達Q1 EPS 0.25,19
2023/5/12,[閒聊] 2023/05/12 盤後閒聊,15
2023/5/12,[標的] 開發金會被00878剔除嗎？,50
2023/5/12,[標的] TW大盤，大場面空！,14
2023/5/12,[新聞] 現金快燒完 阿根廷央行瀕臨破產,84
2023/5/12,[情報] 2542 興富發 澄清媒體相關報導,24
2023/5/12,[標的] 2206 三陽 長期投資多,42
2023/5/12,[標的] 4138.TW 曜亞 母親節醫美多,18
2023/5/12,[新聞] 泰山遭MSCI自全球小型指數的台股成分股刪,76
2023/5/12,Re: [新聞] 長榮航4月客運營收年增15倍 5月歐美航班,57
2023/5/12,Re: [標的] 6491 晶碩 多,17
2023/5/12,[新聞] 鋼價超跌 中鋼董座翁朝棟：6、7月將迎反,51
2023/5/12,[新聞] MSCI全球標準指數成分股 新增緯創與創意,35
2023/5/12,[閒聊] 2023/05/12盤中閒聊,100
2023/5/12,[新聞] 花旗看台積 重申買進評等,18
2023/5/12,Re: [情報] 新盛力Q1 eps0.74,6
2023/5/12,Re: [情報] 新盛力Q1 eps0.74,14
2023/5/12,[情報]9939宏全 2023Q1 EPS 1.61元,18
2023/5/12,[情報] 4536 拓凱 2023Q1 EPS 3.6,4
2023/5/11,[心得] 美股個股空頭歷史資料整理網站,18
2023/5/11,[情報] 8390金益鼎 2023Q1 EPS 1.25元,9
2023/5/11,[情報] 112年05月11日信用交易統計,19
2023/5/11,[新聞] 金控4月自結獲利出爐 法人看好這四檔股價,11
2023/5/11,[情報] 5/11全市場當沖虧損最多的股票,15
2023/5/11,[公告] 05/11 處置公告,13
2023/5/11,[情報] 8210 勤誠 2023 Q1 EPS 0.23元,11
2023/5/11,[新聞] 三陽工業首季每股賺1.71元年增37% 史上,21
2023/5/11,[新聞] Starlink全球用戶突破150萬，為其IPO帶,35
2023/5/11,Re: [新聞] 紐約Fed總裁：通膨若未降 升息仍是選項,35
2023/5/11,[情報] 5284 jpp-KY 112年第一季財報,6
2023/5/11,[新聞] 買軍火常被俄羅斯坑 這次印度坑回3兆! 俄,52
2023/5/11,[新聞] 首季獲利遭夏普拖累 鴻海撂話不排除要求,5
2023/5/11,[新聞] 美4月PPI年增2.3％ 低於市場預期,5
2023/5/11,[情報] 2204 中華 2023 Q1 EPS 2.71元,8
2023/5/11,[情報] 1218 泰山 提告獨董陳敏薰,31
2023/5/11,[情報] 0511 上市櫃外資投信同買排行,0
2023/5/11,[新聞] 〈中裕股東會〉董座：愛滋病長效用藥成,8
2023/5/11,[新聞] 台、亞泥Q1回神 獲利雙雙繳出年增,24
2023/5/11,[情報] 2382廣達 2023Q1 EPS 1.68元,32
2023/5/11,[情報] 0511 上市櫃外資投信買超金額排行,0
2023/5/11,[新聞] 泰山監理等級提高 重要資產處分須經會計,12
2023/5/11,[情報] 4763 材料-KY 112年第一季財報,14
2023/5/11,[情報] 2317 鴻海 澄清媒體報導,34
2023/5/11,[情報] 力智 2023Q1 EPS -0.28元,37
2023/5/11,[情報] 3078 僑威 2023Q1 EPS1.18,11
2023/5/11,[情報] 4938 和碩 2023Q1 EPS,14
2023/5/11,[情報] 2542興富發 2023Q1 EPS,29
2023/5/11,[情報] 1101 台泥 112年第1季EPS 0.2,45
2023/5/11,[情報] 5258 虹堡 Q1 eps:2.18,12
2023/5/11,[情報] 2849 安泰銀 112年Q1:-0.30 111年股利0.4,20
2023/5/11,[標的] 5516.TW 雙喜 喜多喜多,8
2023/5/11,[新聞] 認列夏普資產減損 Q1業外虧200億元 不排,43
2023/5/11,[情報] 112/05/11 八大公股銀行買賣超排行,17
2023/5/11,[情報] 1312國喬現金股利0.5元,47
2023/5/11,[情報] 2457 飛宏 112年第一季 EPS:0.12,33
2023/5/11,[情報] 2206三陽工業 Q1 EPS 1.71,67
2023/5/11,[情報] 2514 龍邦 112年Q1:-0.04,12
2023/5/11,[情報] 3702 大聯大 112年第1季EPS 0.41,19
2023/5/11,[新聞] 《電腦設備》樺漢IPC3.0轉型增值 攜合作,0
2023/5/11,[情報] 2323 中環 子公司取得長榮海運股票,39
2023/5/11,[情報] 3231緯創 Q1 eps 0.06,100
2023/5/11,[情報] 6670 復盛應用 23Q1 EPS:5.42,7
2023/5/11,[情報] 4743 合一 Q1 EPS -0.68,33
2023/5/11,[情報] 1268 漢來美食 112Q1 3.01,10
2023/5/11,[情報] 2754 藏壽司 112年 Q1 EPS：1.86,22
2023/5/11,[新聞] 魏哲家：信任是台積電與客戶間的關鍵字,33
2023/5/11,[情報] 2368金像電 112年Q1 EPS 0.88,17
2023/5/11,[情報] 1514 亞力 112年Q1 eps:0.6,5
2023/5/11,Re: [新聞] 紐約Fed總裁：通膨若未降 升息仍是選項,3
2023/5/11,[情報] 6761 穩得 112年第一季 EPS:1.03,26
2023/5/11,[情報] 1312 國喬Q1 eps -0.16,28
2023/5/11,[情報] 0511 上市外資買賣超排行,34
2023/5/11,[情報] 6024 群益期 112年Q1:1.15,16
2023/5/11,[請益] 美國國債ETF選擇,45
2023/5/11,[情報] 4114 健喬 112年第一季 EPS:0.39,1
2023/5/11,[情報] 2027大成鋼 112年Q1 EPS 1.03,22
2023/5/11,[情報] 112年05月11日 三大法人買賣金額統計表,50
2023/5/11,[新聞] 阿聯投資公司Royal Group正大舉放空美股,45
2023/5/11,[情報] 0511 上市投信買賣超排行,27
2023/5/11,[情報] 8929富堡 112年Q1 EPS -0.39,38
2023/5/11,[新聞] 新光金首季虧90億元 金管會黃天牧證實已,55
2023/5/11,[創作]  竹筍湯 挖呀挖呀挖,17
2023/5/11,[新聞] 屢勸不改！證交所再罰泰山300萬 下最後通,40
2023/5/11,[情報] 6235 華孚Q1 1.04,19
2023/5/11,[情報] 2317鴻海 q1 0.93,100
2023/5/11,[情報] 5519 隆大 公告本公司標得「屏東縣立國際,9
2023/5/11,[閒聊] 2023/05/11 盤後閒聊,52
2023/5/11,[情報] 6790 永豐實 112年第一季 EPS:0.44,21
2023/5/11,[標的] 00923 TW. 群益低碳ESG 碳議題多?,13
2023/5/11,[情報] 勞動部: 台中工安事件 勒令停工全面檢查,14
2023/5/11,Re: [新聞] 紐約Fed總裁：通膨若未降 升息仍是選項,100
2023/5/11,[新聞] 中光電智能機器人展成效，無人機穿梭,10
2023/5/11,[情報] 2542 興富發 台中市建案停工說明,39
2023/5/11,[新聞] 傳接獲70億元大單 十銓4月營收月飆增3.,80
2023/5/11,[新聞] 蘋果市值驚人 超越上市英企總和 為德股兩,42
2023/5/11,[新聞] 《半導體》車用IGBT量產出貨 聯電USJC與,7
2023/5/11,[閒聊] 2023/05/11 盤中閒聊,100
2023/5/11,"[新聞] 美元宇宙每年產值 上看7,600億美元",55
2023/5/11,[標的] TSN.US 速食店沒倒  泰森不會倒,34
2023/5/11,Re: [新聞] 中國的掃地機器人的快速崛起，正給iRobot,6
2023/5/11,[情報] 3289 宜特 112年第一季財報,10
2023/5/10,Re: [情報] 合一4月營收0.06億元年減15.57% 1—4月達0.28億元,17
2023/5/10,[新聞] 興富發台中9建案工地全遭勒令停工,100
2023/5/10,[情報] 5536* 聖暉 Q1 3.75,5
2023/5/10,Re: [請益] 1500萬放股市會很傻嗎？,22
2023/5/10,[情報] 0510 上市櫃外資投信同買排行,0
2023/5/10,[新聞] 紐約Fed總裁：通膨若未降 升息仍是選項,27
2023/5/10,[心得] 半00878定時定額一年績效,61
2023/5/10,[新聞] 美CPI降溫 台指期夜盤衝高,28
2023/5/10,[情報] 0510 上市櫃外資投信買超金額排行,0
2023/5/10,[新聞] 匯損加利息增加拖累 巨大首季每股盈餘2,4
2023/5/10,[新聞] 索尼本田行動公司打算將其電動車採用遊,10
2023/5/10,Re: [請益] 1500萬放股市會很傻嗎？,47
2023/5/10,[新聞] 外資報告》大摩：SDDI推動強勁反彈 上調,6
2023/5/10,[請益] 1500萬放股市會很傻嗎？,75
2023/5/10,[情報] 112年05月10日信用交易統計,7
2023/5/10,[請益]有遇過大盤大漲但持股業績不佳暴跌嗎,31
2023/5/10,[新聞] 榮剛4月營收創同期新高 能見度達年底營運,13
2023/5/10,[情報] 美國4月CPI年增 4.9% 核心 5.5%,100
2023/5/10,[標的] 4583 台灣精銳 空,3
2023/5/10,[情報] 3479 安勤 112年4月營收,7
2023/5/10,[新聞] 高盛和小摩：若是通膨數據疲軟 美股將會,14
2023/5/10,[情報] 112年【4月份金控股】EPS排名(全已公布),21
2023/5/10,[情報] 3026禾伸堂 第一季EPS:2.36元,11
2023/5/10,[情報] 9914美利達第一季財報,22
2023/5/10,[新聞] 長榮航4月客運營收年增15倍 5月歐美航班,14
2023/5/10,Re: [情報] 高端疫苗 四月營收 0,13
2023/5/10,[情報] 6285 啟碁現金增資外加發行可轉債,35
2023/5/10,[新聞] 亞洲藏壽司4月與前4月營收雙創同期新高,42
2023/5/10,[情報] 4417 金洲 4月營收,8
2023/5/10,[情報] 1609大亞 4月營收,7
2023/5/10,[情報] 高端疫苗 四月營收 0,100
2023/5/10,[情報] 112年 證券、期貨公司 4月自結 eps,5
2023/5/10,Re: [新聞] 台達電商業間諜是他！　洩「特斯拉充電,6
2023/5/10,Re: [標的] 2618.TW 長榮航多，機票變貴，股價暴衝,29
2023/5/10,[情報] 6446藥華藥 Q1 EPS -2.44,20
2023/5/10,[情報] 8097 常珵 4月營收,14
2023/5/10,[情報] 1439 雋揚 112年4月營收,12
2023/5/10,[情報] 112/05/10 八大公股銀行買賣超排行,5
2023/5/10,[情報] 112年【4月金控含銀行】累績EPS排行,34
2023/5/10,[情報] 2897 王道銀行 4月自結 0.08 累計 0.35,14
2023/5/10,Re: [標的] 6139亞翔-拉不拉多,11
2023/5/10,[情報] 2332 友訊 112年第一季 EPS 0.23,23
2023/5/10,[情報] 8446 華研 4月營收,6
2023/5/10,[新聞] 谷月涵看空台股 示警美銀行風暴還沒結束,100
2023/5/10,[情報]  2916 滿心 2023Q1 EPS,11
2023/5/10,[情報] 2022 聚亨 4月營收,15
2023/5/10,[情報] 5483中美晶 4月營收64.39億元 mom-14.3,11
2023/5/10,[新聞] 台積電內部mail「分紅較前幾季少」　員,40
2023/5/10,[新聞] 泰山任意解任獨董陳敏薰 證交所要求更正,48
2023/5/10,[情報] 航太族群 4月營收、Q1獲利,6
2023/5/10,[情報] 2882 國泰金 4月自結 0.4 累計 0.86,36
2023/5/10,[情報] 8924 大田 第一季財報 & 四月 營收,9
2023/5/10,[情報] 2454聯發科四月營收 mom-34% YoY-46.1%,84
2023/5/10,[情報] 2903 遠百 112年第1季合併財務報告,6
2023/5/10,[情報] 1432大魯閣 四月營收 月增24.17%  年增43.51%,5
2023/5/10,[情報] 巨大9921 四月營收  mom-18.4% yoy+20.3%,14
2023/5/10,[情報] 8926 台汽電 112年第1季EPS 1.15,13
2023/5/10,[情報] 2883 開發金 4月自結 0.04 累計 0.25,41
2023/5/10,[情報] 6770 力積電 11204營收,9
2023/5/10,[情報] 8931 大汽電 四月營收 年增15.27%,2
2023/5/10,[情報] 2615 萬海 112年第1季EPS -0.75,97
2023/5/10,[情報] 0510 上市外資買賣超排行,20
2023/5/10,[情報] 2881 富邦金 4月自結 0.64 累計 1.76,34
2023/5/10,[情報]2646 星宇航空 4月營收,16
2023/5/10,[情報] 萬海4月營收 月減7.12%年減67.14%,28
2023/5/10,[情報] 1529 樂事綠能 4月,9
2023/5/10,[情報] 2610 華航 112年第1季EPS 0.22,27
2023/5/10,[情報] 2723 美食-KY Q1 1.38,3
2023/5/10,[情報] 興富發 代子公司發布台中工安重訊,23
2023/5/10,[新聞] 國防部也要種電 設置容量超過原訂目標,7
2023/5/10,[新聞] 工安意外釀台中捷運9人傷亡 建商興富發回應了！,37
2023/5/10,[情報] 0510 上市投信買賣超排行,17
2023/5/10,[情報] 112年05月10日 三大法人買賣金額統計表,41
2023/5/10,Re: [新聞] 中國的掃地機器人的快速崛起，正給iRobot,5
2023/5/10,[情報] 4766 南寶 112年第一季 EPS:5.9,7
2023/5/10,[請益] 存00878要多配半導體嗎?,48
2023/5/10,[情報] 4545 銘鈺 112年4月營收,20
2023/5/10,[情報] 2206 三陽工業 4月營收,41
2023/5/10,[情報] 4967十銓4月營收 mom+365% yoy+490%,35
2023/5/10,[情報] 中鋼4月合併營收 月減4.34%年減28.70%,39
2023/5/10,[閒聊] 2023/05/10 盤後閒聊,21
2023/5/10,[情報] 6472保瑞 112年4月營收,15
2023/5/10,[情報] 6790 永豐實 112年4月營收,12
2023/5/10,[新聞] 興富發建案吊臂倒塌砸中捷運 鋼架插穿車8,100
2023/5/10,[情報] 2330台積電四月營收 mom+1.7% yoy-14.3%,60
2023/5/10,[新聞] 貨櫃雙雄 單月業績大減,16
2023/5/10,[新聞] 張國煒讓網紅進星宇航空駕駛艙 民航局：6,83
2023/5/10,Re: [新聞] 台達電商業間諜是他！　洩「特斯拉充電,24
2023/5/10,[情報] 1903 士紙 Q1 -0.14,10
2023/5/10,[新聞] Google強攻生成式AI 帶旺台積,9
2023/5/10,[新聞] 台達電商業間諜是他！　洩「特斯拉充電,100
2023/5/10,[新聞] 緯穎：資本支出進度微調、但不會停止,10
2023/5/10,[情報] 111年上市金控壽險股 隱藏未實現評價損失,17
2023/5/10,[情報] 2330 台積電本年度第一季股利,43
2023/5/10,[閒聊] 2023/05/10 盤中閒聊,100
2023/5/10,Re: [新聞] 力旺 打進台積5奈米製程,3
2023/5/10,[情報] 6517保勝光學 4月,1
2023/5/10,[新聞] 面板廠4月營收平穩 5月價量齊揚可期,21
2023/5/10,[新聞] 疫苗製造商Novavax宣布裁員25% 早盤暴漲5,35
2023/5/10,Re: [新聞] 中國的掃地機器人的快速崛起，正給iRobot,36
2023/5/10,[情報] 5607 遠雄港 Q1 0.84,5
2023/5/10,Re: [情報] 2603長榮4月營收 月增2.1%,19
2023/5/09,Re: [新聞] 中國的掃地機器人的快速崛起，正給iRobot,-10
2023/5/09,[新聞] 中國的掃地機器人的快速崛起，正給iRobot,100
2023/5/09,[情報] 6625 必應 4月營收,13
2023/5/09,[情報] 2609陽明 4月營收 mom-14.5% yoy-70%,42
2023/5/09,[新聞] 2023年AI投資爆發，生成式AI被視為未來,9
2023/5/09,[標的] 6715 嘉基 多,8
2023/5/09,[情報] 4953 緯軟 112Q1 EPS 1.85,4
2023/5/09,[情報] 0509 上市櫃外資投信同買排行,0
2023/5/09,[情報] 6195詩肯 112Q1 EPS=0.78,5
2023/5/09,[新聞] 新光改選 金管會:過程若有不當會找喝咖啡,16
2023/5/09,[情報] 4906 正文 112年4月營收,11
2023/5/09,[新聞] 陸股肥貓現形 賠愈慘、董座薪資漲愈高,12
2023/5/09,[新聞] 任天堂年度淨利衰退 Switch銷量續下滑,37
2023/5/09,[新聞] 新唐 毛利率力拚守穩40％,7
2023/5/09,[情報] 1218 泰山 獨立董事陳敏薰依法當然解任,78
2023/5/09,[新聞] 晶片製造商GlobalFoundries上季業績佳,6
2023/5/09,[情報] 5/9全市場當沖虧損最多的股票,8
2023/5/09,[情報] 112年05月09日信用交易統計,29
2023/5/09,Re: [標的] 6826和淞 Q1EPS 5.6,4
2023/5/09,[情報] 紅木-KY(8426)～4月營收1.70億元年增126,12
2023/5/09,[情報] 6523 達爾膚 4月營收,12
2023/5/09,[情報] 6163 華電網 4月營收,13
2023/5/09,[情報] 0509 上市櫃外資投信買超金額排行,0
2023/5/09,[新聞] 地區銀行被看空 小摩逆勢調升評級,12
2023/5/09,[情報] 8088 品安 112年第一季 0.56,3
2023/5/09,[新聞] 逾2兆股息來了！催化台股攻萬七,66
2023/5/09,[情報] 3078 僑威 4月營收,16
2023/5/09,[情報] 2880 華南金 4月自結 0.11 累計 0.48,14
2023/5/09,[請益] 股息再投入要除息當天還是轉帳當天？,30
2023/5/09,[情報] 2603長榮4月營收 月增2.1%,100
2023/5/09,[情報] 2812 台中銀 4月自結 0.10 累計 0.39,30
2023/5/09,[情報] 2891 中信金 4月自結 0.18 累計 0.84,19
2023/5/09,[新聞]長榮航Q1每股盈餘0.84元 客運營收暴增,11
2023/5/09,Re: [情報] 2618長榮航 Q1 0.84,4
2023/5/09,[新聞] 聯詠：第3季市場能見度有限 但仍可期待,9
2023/5/09,[情報]  敦泰3545 4月份營收 月減22.8%年減3.5,29
2023/5/09,[情報] 112/05/09 八大公股銀行買賣超排行,9
2023/5/09,[情報] 9943 好樂迪 4月營收及Q1  EPS 2.87,14
2023/5/09,[新聞] 台積電董事會拍板Q1股利 季配息3元,83
2023/5/09,[新聞] 太陽能板有毒及汙染土地？ 太陽光電協會,39
2023/5/09,[情報] 3706 神達 112年Q1 EPS 0.13,20
2023/5/09,[情報] 2845 遠東銀 4月自結 0.10 累計 0.31,29
2023/5/09,[情報] 6026 福邦證 四月營收 年增107.29%,8
2023/5/09,[情報] 8926 台汽電 四月營收 年增-3.65%,2
2023/5/09,[情報] 2421建準 112年4月自結0.55元,18
2023/5/09,[情報] 8931 大汽電 第一季EPS0.78,8
2023/5/09,[情報] 6112邁達特 112年4月自結0.22元,12
2023/5/09,"[新聞] 《A股焦點》再遭巴菲特減持H股,比亞迪A跌",7
2023/5/09,[情報] 9941 裕融 4月自結 1.05 累計 4.55,20
2023/5/09,[情報] 2618長榮航 Q1 0.84,87
2023/5/09,[情報] 6733 博晟生醫 4月營收,1
2023/5/09,[情報] 8210 勤誠 4月營收,2
2023/5/09,[情報] 6244 茂迪 4月營收,23
2023/5/09,[情報] 3711 日月光投控 112年第一季 1.36,29
2023/5/09,[情報] 6806 森崴能源 4月營收,15
2023/5/09,[請益] 五檔報價上面的H跟L是什麼意思？,89
2023/5/09,[情報] 6841 長佳智能 Q1 0.03,7
2023/5/09,[情報] 2636 台驊投控 4月營收,7
2023/5/09,[情報] 5880 合庫金 4月自結 0.09 累計 0.44,36
2023/5/09,[情報] 3583 辛耘 4月營收,5
2023/5/09,[情報] 0509 上市外資買賣超排行,33
2023/5/09,[情報] 3034 聯詠 4月營收,26
2023/5/09,[情報] 1529 樂事綠能 Q1 0.32,12
2023/5/09,[情報] 2727 王品 112年Q1:5.01,15
2023/5/09,[情報] 3481 群創 4月營收,18
2023/5/09,[情報] 4527 方方土霖 (堃霖) Q1 0.42,12
2023/5/09,[情報] 1904 正隆 112年第1季EPS 0.31,6
2023/5/09,[情報] 112年05月09日 三大法人買賣金額統計表,98
2023/5/09,[情報] 0509 上市投信買賣超排行,20
2023/5/09,[情報] 1609 大亞 112年第1季EPS 2.65,63
2023/5/09,[情報] 3661 世芯-KY 4月營收,16
2023/5/09,[新聞] 伺服器出貨不如預期及持續庫存壓力,14
2023/5/09,[情報] 2385 群光 第一季自結,19
2023/5/09,[閒聊] 2023/05/09 盤後閒聊,67
2023/5/09,[情報] 2884 玉山金 112年4月自結 0.11 累計:0.53,31
2023/5/09,Re: [標的] 4160.TW創源  龍寶寶多,36
2023/5/09,[標的] 3324雙鴻 聖嬰來臨熱死人漲,5
2023/5/09,[新聞] 亞洲藏壽司插旗高雄 2023營收挑戰40億,48
2023/5/09,[請益] 正隆紀念品衛生紙只能跑去板橋領嗎?,36
2023/5/09,[標的]00713 TW 元大高息低波,15
2023/5/09,[標的] 00900的投資人會想換股存嗎?,59
2023/5/09,[新聞] 新光金董事林伯翰喊話 有多少股權拿多少,25
2023/5/09,[新聞] 《半導體》聯詠法說前 外資演繹財測3劇本,10
2023/5/09,Re: [爆卦] 36億要匯出去囉～,62
2023/5/09,[新聞] 泰山投資街口取4成股權　胡亦嘉：不會讓,27
2023/5/09,[新聞] 晶合大陸掛牌 市值超越力積電,27
2023/5/09,[情報] 2379 瑞昱 4月營收,13
2023/5/09,[新聞] 面板價量齊揚 雙虎安了,35
2023/5/09,[請益] 想問有關美股PTP課稅10%相關問題,6
2023/5/09,[新聞] 7年來首度單季虧損 東鹼Q1每股虧0.55元,9
2023/5/09,[情報] 晶豪科(3006)4月營收9億6006萬元，月增率,4
2023/5/09,[請益] 股息30%預扣稅拿得回來嗎？,13
2023/5/09,[閒聊] 2023/05/09 盤中閒聊,54
2023/5/09,[新聞] 雄獅旅遊涉詐領補助款被搜索 約談3被告各,48
2023/5/09,[標的] PLTR.US Palantir Q1財報,23
2023/5/09,[新聞] 路易莎咖啡 六路拚成長,21
2023/5/09,[公告] 0509 水桶,10
2023/5/09,Re: [標的] 3231.TW 緯創 跟著大哥多,56
2023/5/09,Re: [爆卦] 36億要匯出去囉～,35
2023/5/09,Re: [標的] 1218.TW 泰山 多,19
2023/5/08,[公告] 5/8處置公告,10
2023/5/08,[新聞] 資安展4亮點 規模成長3成,31
2023/5/08,Fw: [爆卦] 36億要匯出去囉～,46
2023/5/08,[新聞] 杜英達辭泰山獨董　大股東龍邦曝可能原因,22
2023/5/08,[新聞] 出口連八黑 財部：未見復甦春燕,43
2023/5/08,[標的] 空爆小道瓊-Q3數錢準備抄底,9
2023/5/08,[情報] 6266泰詠4月營收,4
2023/5/08,[新聞] 檢警單位至雄獅搜索調查 公司：配合偵查,27
2023/5/08,[情報] 0508 上市櫃外資投信同買排行,0
2023/5/08,[請益] 製成品轉原料的會計操作,9
2023/5/08,[情報] 8227巨有科技 四月營收,12
2023/5/08,[情報] 0508 上市櫃外資投信買超金額排行,0
2023/5/08,[情報] 1563 巧新 4月營收,30
2023/5/08,[情報] 112年05月08日信用交易統計,15
2023/5/08,[新聞] 國內半導體業在AI供應鏈所扮演之角色,8
2023/5/08,[標的] BKNG Booking/ABNB Airbnb,4
2023/5/08,[新聞] 〈進出口統計〉四大逆風牽制 估上半年出,13
2023/5/08,[新聞] 法人上周暴買13檔股票 這7檔金融股入列,6
2023/5/08,[新聞] 星宇董座張國煒稱一夜沒睡 民航局將查超時,32
2023/5/08,[新聞] 敦泰改選 三大勢力進駐,21
2023/5/08,[情報] 3017 奇鋐 112年4月營收,10
2023/5/08,[情報] 6577 勁豐 112年 Q1 1.51,10
2023/5/08,[新聞] 巴菲特第11次減持比亞迪 套現約4.62億港幣,24
2023/5/08,[情報] 2645長榮航太Q1 0.84元,6
2023/5/08,[情報] 2034 允強 112年Q1 EPS,10
2023/5/08,[情報] 1737 臺鹽 112年Q1 EPS,4
2023/5/08,[標的] 2548.TW 華固 討論,0
2023/5/08,Re: [標的] 緯創3231 套牢多,22
2023/5/08,[情報] 4707 磐亞 112年第一季 EPS:0.14,14
2023/5/08,[情報] 2887台新金 4月0.06 累積0.44,80
2023/5/08,[情報] 6733 博晟生醫 Q1 -0.46,10
2023/5/08,[新聞] 外資棄船跑 長榮、陽明同步遭賣逾3萬張上,59
2023/5/08,[情報] 112/05/08 八大公股銀行買賣超排行,8
2023/5/08,[新聞] 東哥遊艇4月營收年減25%,28
2023/5/08,[情報]  8222寶一 112年Q1EPS 0.08,10
2023/5/08,[情報] 6669 緯穎 4月營收 mom-47.7% yoy-8.6%,28
2023/5/08,[情報] 6285 啟碁 4月營收,27
2023/5/08,[情報] 6669 緯穎 Q1EPS 18.86,9
2023/5/08,[情報] 2888 新光金 4月自結 0.08 累計 -0.51,43
2023/5/08,[情報] 2634 漢翔 4月營收,7
2023/5/08,[情報] 3693 營邦 4月營收,3
2023/5/08,[情報] 4919 新唐5/8法說會,2
2023/5/08,[情報] 1580 新麥 Q1 2.31元,24
2023/5/08,[情報] 3037 欣興 4月營收,79
2023/5/08,[情報] 2890 永豐金 4月自結 0.13 累計 0.54,19
2023/5/08,[情報] 0508 上市外資買賣超排行,33
2023/5/08,[情報] 2892 第一金 4月自結 0.15 累計 0.65,13
2023/5/08,[情報] 1215 卜蜂 Q1 1.43,14
2023/5/08,[情報] 1708 東鹼 Q1 -0.55,14
2023/5/08,[情報] 6024 群益期 4月自結 0.41 累計 1.87,11
2023/5/08,[情報] 2836 高雄銀 4月自結 0.11 累計 0.29,3
2023/5/08,[情報] 2889 國票金 4月自結 0.04 累計 0.22,15
2023/5/08,[情報] 8069 元太 4月營收,17
2023/5/08,[情報] 2482 連宇 Q1 1.12,12
2023/5/08,[情報] 8409 商之器 Q1 -0.57,47
2023/5/08,[情報] 0508 上市投信買賣超排行,26
2023/5/08,[情報] 112年05月08日 三大法人買賣金額統計表,43
2023/5/08,[情報] 2886 兆豐金 4月自結 0.23 累計 1.00,63
2023/5/08,[情報] 2324 仁寶 112年Q1:0.32,30
2023/5/08,[情報] 2885 元大金 4月自結 0.18 累計 0.64,21
2023/5/08,[情報] 2801 彰銀 4月自結 0.11 累計 0.44,25
2023/5/08,[閒聊] 2023/05/08 盤後閒聊,93
2023/5/08,[情報] 2729 瓦城 112年第一季 EPS:4.84,40
2023/5/08,[標的] 2489瑞軒,11
2023/5/08,Re: [請益] 買股票買房子？,29
2023/5/08,[新聞] ABF載板最壞情況已過！外資最看好欣興,79
2023/5/08,Re: [情報] 8099 大世科 Q1 0.34,4
2023/5/08,[新聞] 新光金經營權大戰 吳東進：已掌握3分之2,48
2023/5/08,Re: [請益] 買股票買房子？,90
2023/5/08,Re: [新聞] 專家批張國煒「想開特例太天真」星宇認了,54
2023/5/08,Re: [標的] 1218.TW 泰山 多,20
2023/5/08,[新聞] 路易莎咖啡法說會　揭毛利率衝破54%創,82
2023/5/08,Re: [標的] 杏一 4175 血糖多,19
2023/5/08,[標的] 3029 零壹 資安多,24
2023/5/08,[閒聊] 2023/05/08 盤中閒聊,100
2023/5/08,[新聞] 葉倫警告：美舉債上限問題將引發憲法危,66
2023/5/08,[新聞] 俄羅斯手裡有數十億印度盧比，但花不出去,88
2023/5/07,[新聞] 台灣資安科技研究中心下月成立 祭出「涉,22
2023/5/07,[新聞] 防疫險攤賠 國際再保全喊停…要台業者提8,99
2023/5/07,[請益] 現在適合大盤平衡型投資嗎,35
2023/5/07,[新聞] 陸春季廣交會閉幕 成交額不如疫前,26
2023/5/07,[新聞] 爆警闖泰山公司強抓獨董 王鴻薇質疑受刑,32
2023/5/07,[新聞] 外貿形勢不妙 大陸廣交會成交金額不如疫,38
2023/5/07,[新聞] 專家批張國煒「想開特例太天真」星宇認了,28
2023/5/07,"[新聞] AI商機強勢！大摩喊買創意 目標價1,280元",23
2023/5/07,[情報] 1218泰山現金股利4元,100
2023/5/07,[新聞] 巴菲特讚馬斯克出色 坦言不想和馬斯克競爭,43
2023/5/07,Re: [標的]統一實9907~蛋蛋多,13
2023/5/07,[新聞] 泰山入主街口 法界：主管機關應回歸證交,4
2023/5/07,Re: [新聞] 星宇航班延誤形象重創 張國煒：日官僚文,55
2023/5/07,[新聞] 台積電致股東報告書:2奈米座落竹科、中科 擴展未來技術領先,100
2023/5/07,Re: [新聞] Google堅定挺三星晶片代工！不選台積電,40
2023/5/07,Re: [新聞] 星宇航班延誤形象重創 張國煒：日官僚文,29
2023/5/07,[新聞] 星宇航班延誤形象重創 張國煒：日官僚文,81
2023/5/07,[情報] 4739 康普 2023Q1 eps -0.52,34
2023/5/07,[新聞] 歐盟碳邊境調整機制 10月啟動,15
2023/5/07,Re: [新聞] 美眾議員瘋狂建議 炸毀台積電 威懾中國,0
2023/5/07,[標的] 3715定穎投控等你一起多,37
2023/5/07,[新聞] 美眾議員瘋狂建議 炸毀台積電 威懾中國,97
2023/5/07,Re: [新聞] 拜託救泰山！「突襲入股」街口支付　證交,0
2023/5/07,[新聞] 星宇航空旅客睡航廈「滿地睡袋」畫面曝,88
2023/5/07,[新聞] 才閃賣大砍持股 股神巴菲特又大讚台積電,65
2023/5/07,[新聞] 股神巴菲特發言十大亮點一次看　AI像原子,18
2023/5/07,[新聞] 我外匯存底連六月創新高 穩居全球第四,59
2023/5/07,Re: [請益] 你最多虧過多少錢? 如何調適心情走出來?,10
2023/5/07,[新聞] Google堅定挺三星晶片代工！不選台積電,100
2023/5/07,[新聞] 【滙豐AGM】分拆重組、股息政策等決議案,3
2023/5/07,[新聞] 巴菲特：經濟極盛時期將結束、AI像原子彈,55
2023/5/07,[公告] 0507 水桶,8
2023/5/06,[新聞] 台新金股利出爐 每股配發0.93元,33
2023/5/06,[標的] 0055 元大MSCI金融 配息狀況討論及記錄,6
2023/5/06,[情報] 上市金控銀行股 111年財報與股利關係整理,50
2023/5/06,Re: [請益] 你最多虧過多少錢? 如何調適心情走出來?,7
2023/5/06,[新聞] 媒體爆聯鋼營造虧空內幕遭提告 中鋼強調,27
2023/5/06,Re: [請益] 你最多虧過多少錢? 如何調適心情走出來?,6
2023/5/06,[情報] 111年年度金控股股利(全已公布),54
2023/5/06,Re: [請益] 你最多虧過多少錢? 如何調適心情走出來?,4
2023/5/06,[新聞] 調查銀行股重挫是否「人為操縱」,33
2023/5/06,[新聞] 老謝：這一年台灣很辛苦！半導體業休養,15
2023/5/06,[新聞] 拜託救泰山！「突襲入股」街口支付　證交,43
2023/5/06,[新聞] 今昔市值王蘋果、GE運勢消長 給企業3大教,16
2023/5/06,[標的] 8299.TWO 群聯 討論,28
2023/5/06,[新聞] 全球7成「阿拉伯膠」來自蘇丹 內戰恐致可,80
2023/5/06,[情報] 台新金特別股 111年股利,23
2023/5/06,Re: [標的] 每個月兩萬00878值得買吧（發錢,5
2023/5/06,[問卷]投資介面文字專業度評估（抽現金發p幣）,3
2023/5/06,[新聞] 2023第一季報慘不忍睹！謝金河曝「半導體恐衰退」：這一年台,54
2023/5/06,Re: [標的] 2887.TW 台新金,0
2023/5/06,[新聞] 無人機國家隊 罕見「逆向建軍」,22
2023/5/06,[情報] 2887 台新金 股利0.51+0.42,100
2023/5/06,Re: [請益] 你最多虧過多少錢? 如何調適心情走出來?,33
2023/5/06,[新聞] 加薪未獲回應 三星醞釀大罷工,20
2023/5/06,Re: [請益] 你最多虧過多少錢? 如何調適心情走出來?,10
2023/5/06,Re: [心得] 我發現財富密碼了!!!,1
2023/5/06,Re: [請益] 你最多虧過多少錢? 如何調適心情走出來?,17
2023/5/06,[情報] 8299 群聯 112年第1季EPS 1.26,38
2023/5/06,Re: [請益] 你最多虧過多少錢? 如何調適心情走出來?,8
2023/5/06,Re: [請益] 你最多虧過多少錢? 如何調適心情走出來?,6
2023/5/06,Re: [請益] 套牢許久的股票漲回成本價怎麼操作比較好,3
2023/5/06,[心得] 進入股市剛滿2年的小白心得分享,88
2023/5/06,[新聞] 和潤5.2億入股柬國李華租賃,6
2023/5/06,[新聞] 定案了 泰山將買街口支付40%股權,58
2023/5/06,[心得] 05/08~05/12世界經濟數據&美股財報行事曆,16
2023/5/06,Re: [請益] 你最多虧過多少錢? 如何調適心情走出來?,14
2023/5/06,[新聞] 一週熱門零股 國泰永續高股息 搶手,2
2023/5/06,[請益] 上市櫃員工做空對沖自己公司合理嗎,9
2023/5/06,Re: [標的] 每個月兩萬00878值得買吧（發錢,50
2023/5/06,[新聞] 「鷹王」布拉德對6月升不升息持開放態度,23
2023/5/06,[請益] 有沒有人自家公司股票不敢大買?,48
2023/5/06,Re: [心得] 我發現財富密碼了!!!,0
2023/5/06,[情報] 3022威強電 Q1:2.14,21
2023/5/06,[情報] 4735豪展第一季eps及股利,3
2023/5/06,Re: [心得] 我發現財富密碼了!!!,20
2023/5/06,[情報] 1532 勤美 Q1 -0.06,11
2023/5/06,[標的] 每個月兩萬00878值得買吧（發錢,100
2023/5/05,Re: [標的] FRC.US 小賭怡情（更新,30
2023/5/05,[請益] 關於美股sell put權利金問題,5
2023/5/05,[新聞] 劉德音、魏哲家年薪爆增約6成　雙雙升破6,71
2023/5/05,[情報] 1434 福懋 董事會決議2023Q1 EPS=0.05,30
2023/5/05,[新聞] 2023年全球電動車佔汽車銷售量將達18%,5
2023/5/05,[情報] 112年05月05日信用交易統計,9
2023/5/05,[心得] 我發現財富密碼了!!!,85
2023/5/05,[情報] 四月非農就業&失業率,100
2023/5/05,[情報] 8155博智2023 Q1 EPS 1.06,6
2023/5/05,[情報] 8099 大世科 Q1 0.34,10
2023/5/05,[新聞] 洋基第1季營收稅後淨利EPS 均創歷年新高,85
2023/5/05,Re: [標的] 到現在多軍只有我套牢？持股請益,16
2023/5/05,[情報] 6757 台灣虎航 112年Q1 EPS 1.07元,45
2023/5/05,[情報] 8069 元太 Q1 1.54,33
2023/5/05,[請益] 套牢許久的股票漲回成本價怎麼操作比較好,86
2023/5/05,[情報] 3324 雙鴻 Q1:3.22,10
2023/5/05,[新聞] 回本了! 全尺寸電視面板漲回現金成本之上,39
2023/5/05,[公告] 05/05 處置公告,29
2023/5/05,[情報] 0505 上市櫃外資投信同買排行,0
2023/5/05,[情報] 112/05/05 八大公股銀行買賣超排行,9
2023/5/05,[情報] 0505 上市櫃外資投信買超金額排行,2
2023/5/05,[新聞] 《經濟》4月CPI月漲0.76％、年漲2.35％,43
2023/5/05,[情報] 2883開發金111年無可供分派乙種特別股股息,43
2023/5/05,[情報] 6721 信實 112年第一季 EPS:0.73,16
2023/5/05,[情報] 6277 宏正 Q1 1.59,9
2023/5/05,[新聞] 《半導體》京元電子Q1每股盈餘0.97元,6
2023/5/05,[請益] 循環信貸+定存質借 取代融資,21
2023/5/05,[情報] 2883開發金 股利 0,100
2023/5/05,[新聞] 併購案過了！統一290億買下家樂福　公平,43
2023/5/05,[情報] 6026 福邦證 112年第1季EPS 0.50,5
2023/5/05,[情報] 3432台端 累積虧損達實收資本額二分之一,13
2023/5/05,[創作] 新不了情,20
2023/5/05,[新聞] 白宮稱AI是當代最強科技，拜登聽取ChatGP,19
2023/5/05,[情報] 高端疫苗112年Q1合併財報 EPS:-0.65,100
2023/5/05,[情報] 2884 玉山金Q1 0.42,21
2023/5/05,[情報] 6829 千附精密Q1eps0.7,3
2023/5/05,[情報] 8942 森鉅 q1 2.16,19
2023/5/05,[請益] 本益比進到本夢比條件,29
2023/5/05,[情報] 4121優盛 112年 第一季 EPS0.11,12
2023/5/05,[情報] 0505 上市外資買賣超排行,34
2023/5/05,[新聞] 手機賣不好！大立光4月營收不振僅28.7億,31
2023/5/05,[情報] 4763 材料-ky 3月份自結 2.86元,14
2023/5/05,[新聞] 科技兩大咖 唱旺景氣復甦,7
2023/5/05,[情報] 2834 臺企銀 4月自結 0.13 累計 0.56,49
2023/5/05,[情報] 鴻海112年4月營收 月增7.23%年減11.77%,40
2023/5/05,[情報] 1234 黑松 112年第一季 EPS:0.47,19
2023/5/05,[情報] 2634 漢翔 112年Q1 0.58,21
2023/5/05,[情報] 2303 聯電 4月營收,28
2023/5/05,[情報] 112年05月05日 三大法人買賣金額統計表,43
2023/5/05,[新聞] 邁達特首季獲利翻倍成長 每股稅後盈餘1.1,14
2023/5/05,[情報] 1525  江申112年第1季EPS 2.63,9
2023/5/05,[情報] 5483 中美晶 112年第1季EPS 4.21,24
2023/5/05,[情報] 0505 上市投信買賣超排行,13
2023/5/05,[情報] 5864 致和證 4月自結 0.864 累計 2.447,14
2023/5/05,[情報] 1451年興Q1 eps -1.08,27
2023/5/05,[情報] 6756 威鋒電子 112年Q1 0.22,19
2023/5/05,[情報] 6005 群益證 112年4月自結,14
2023/5/05,[情報] 5222全訊 4月營收 1.04E,9
2023/5/05,[情報] 4545 銘鈺 Q1:-0.03,29
2023/5/05,[情報] 6416 瑞祺電通 Q1:1.3,0
2023/5/05,[情報] 4129 聯合 112 Q1 eps 0.85,8
2023/5/05,[情報] 2002中鋼Q1 EPS -0.05,45
2023/5/05,[情報] 6023元大期 112年Q1 EPS 1.25,8
2023/5/05,[閒聊] 2023/05/05 盤後閒聊,22
2023/5/05,[情報] 1605 華新 112年Q1:0.56,23
2023/5/05,[新聞] 力拚2奈米超車！　三星放話：5年內先進製,96
2023/5/05,[標的] 4906正文盤中閒聊多,15
2023/5/05,[新聞] 2檔股票抽籤 就剩今天！比普發6千還厲害,29
2023/5/05,[新聞] 《台北股市》世界、元太 獲法人升評,24
2023/5/05,[請益] 00772b五月配息大幅下降,31
2023/5/05,[新聞] 美國線長約價回到疫前起漲點 法人：,52
2023/5/05,Re: [新聞] 2023康和盃大專院校選擇權實盤交易菁英,0
2023/5/05,[新聞] 一文掌握蘋果財報：iPhone和印度是亮點、,11
2023/5/05,Re: [新聞] 分析師估蘋果Q1業績恐黯淡無光,22
2023/5/05,[新聞] 2317 鴻海 不排除被Lordstown視為違約,78
2023/5/05,[閒聊] 2023/05/05盤中閒聊,98
2023/5/05,[新聞] 巴菲特大賺股息 年進帳57億美元,65
2023/5/05,[新聞] 太陽能吹響擴大輸美號角,19
2023/5/05,[請益] 00679B借券資訊查不到(已解決),19
2023/5/05,[新聞] 〈貴金屬盤後〉美國地區銀行業股價又崩,6
2023/5/05,"[標的] AMD.US,微軟將提供財務支援AI領域擴張",24
2023/5/05,Re: [新聞] 陽明董座鄭貞茂：貨櫃航商準備長期抗戰,39
2023/5/05,Re: [標的] 道瓊 空,12
2023/5/05,[新聞] 美西太平洋銀行也爆危機 道瓊指數開盤挫,46
2023/5/04,[新聞] 「末日場景」重現? 美債違約危機 白宮警,31
2023/5/04,[新聞] 百萬人等領配息紅包 網友:不解878夯在哪,48
2023/5/04,[情報] 0504 上市櫃外資投信同買排行,0
2023/5/04,[情報] 6112 邁達特 112年Q1 eps1.17,9
2023/5/04,[新聞] 台積電將反應美國廠生產成本最高至30%，,46
2023/5/04,[情報] 5/4全市場當沖虧損最多的股票,10
2023/5/04,[情報] 6592 和潤企業 112年第1季EPS 1.63,23
2023/5/04,Re: [標的] 2618.TW 長榮航多，機票變貴，股價暴衝,25
2023/5/04,[新聞] 財新中國4月製造業PMI續降至49.5，為3個,9
2023/5/04,[情報] 2062 橋椿 112年第一季 EPS:(0.2),11
2023/5/04,[新聞] 航運股跳水 PTT酸爆：179長榮何時解套？,19
2023/5/04,[情報] 112年05月04日信用交易統計,20
2023/5/04,[新聞] 新債王估6月不升息 市場不聽鮑爾仍押注9,24
2023/5/04,[請益] 暫停升息是利多出盡還是利空出盡?,27
2023/5/04,[情報] 0504 上市櫃外資投信買超金額排行,1
2023/5/04,[情報] 宏碁董事會決議參與認購建碁現金增資,3
2023/5/04,[標的] 00712現在是否適合逢低布局？,34
2023/5/04,[情報] 3293.TW 鈊象 4月營收,14
2023/5/04,[情報] 6625 必應 112年Q1:0.35,30
2023/5/04,[情報] 112/05/04 八大公股銀行買賣超排行,7
2023/5/04,[情報] 3293 鈊象 112年第1季EPS 10.24,38
2023/5/04,[新聞] 佳世達斥3.2億元投資鐳洋科技 布局低軌,46
2023/5/04,[情報] 2838 聯邦銀 4月自結 0.07 累計 0.40,12
2023/5/04,Re: [標的] 4763 材料 後悔買太少。多,13
2023/5/04,[新聞] 泰山接連鉅額投資案 財經主持人：為何賣,15
2023/5/04,[情報] 6244茂迪 112年Q1EPS 0.4,18
2023/5/04,[新聞] 馬士基Q1營業利益銳減逾2/3 示警全年更糟,52
2023/5/04,Re: [標的] 0050 請益,10
2023/5/04,[情報] 八方雲集112年Q1合併財報 EPS:2.00,41
2023/5/04,[情報] 6584 南俊國際 申購抽籤 溢價差100.8%,9
2023/5/04,[情報] 2834 臺企銀 112年第一季 EPS:0.43,67
2023/5/04,[新聞] 《造紙股》正隆登1年高價 率造紙股強攻,18
2023/5/04,[情報] 6148驊宏資 112年3月自結0.07元,18
2023/5/04,[情報] 2014 中鴻 112年Q1:0.28,19
2023/5/04,[情報] 0504 上市外資買賣超排行,34
2023/5/04,[情報] 5864 致和證 112年第一季 EPS:1.55,9
2023/5/04,[情報] 3689 湧德 112年第一季及4月營收,15
2023/5/04,[情報] 臺慶科112年Q1合併財報 EPS:1.74,42
2023/5/04,[情報] 8046 南電 112年Q1:3.6,26
2023/5/04,[情報] 6015 宏遠證 112年第一季 EPS:0.14,2
2023/5/04,"[新聞] 達發董事會決議辦理初上市前現增20,516,0",17
2023/5/04,[新聞] 陽明董座鄭貞茂：貨櫃航商準備長期抗戰,36
2023/5/04,[情報] 0504 上市投信買賣超排行,16
2023/5/04,[情報] 112年05月04日 三大法人買賣金額統計表,69
2023/5/04,[情報] 8086 宏捷科 112年Q1 EPS -1.00,23
2023/5/04,[情報] 9955 佳龍 112年Q1 EPS -0.31,7
2023/5/04,[情報] 3036 文曄 112年第一季 EPS:0.82,11
2023/5/04,[閒聊] 2023/05/04 盤後閒聊,20
2023/5/04,[請益] 上海交易所關閉前的股票怎麼辦,27
2023/5/04,[標的] 元大美債正2是否吃的到配息,51
2023/5/04,[新聞] 6大金融新股「抽抽樂」報酬率比一比！,13
2023/5/04,[新聞] 新光金併台新？許澎談合併：股東太委屈,63
2023/5/04,Re: [新聞] 大專院校選擇權實盤交易菁英賽,7
2023/5/04,[新聞] 分析師估蘋果Q1業績恐黯淡無光,32
2023/5/04,Re: [標的] 三陽工業 2206.TW  泡水多,69
2023/5/04,[閒聊] 2023/05/04盤中閒聊,100
2023/5/04,[請益] 股東會通知書E化問題,23
2023/5/04,[新聞] 高通財測黯淡 說手機需求仍弱且中國未復,43
2023/5/04,[新聞] 國際油價下跌 需求疲軟加劇疑慮,55
2023/5/04,[新聞] 美國聯準會宣布再升息1碼！主席鮑爾：保,72
2023/5/04,[情報] Fed升息一碼 老鮑暫不考慮暫停升息,44
2023/5/04,[情報] 聯邦貿易委員會對Meta 實施新的制裁,7
2023/5/04,Re: [新聞] AMD盤後跌6% 電腦芯片收入大跌　遊戲機,0
2023/5/04,[情報] TSMC 洽談赴歐洲設廠 估計百億歐元規模,84
2023/5/03,[新聞] 花旗策略師：企業財報優於預期 投資人樂,14
2023/5/03,[標的] AMD.US 財報 電話會議紀錄,28
2023/5/03,[新聞] 美4月民間就業人數增29.6萬 遠高於預期,31
2023/5/03,[新聞] 首季虧損 新光金：非決策錯誤,56
2023/5/03,[新聞] 龍邦董座劉偉龍爆料：泰山將砸36億元取得,56
2023/5/03,[新聞] 0050 將在 6/25 屆滿 20 週年！元大投信,14
2023/5/03,[標的] SMCI.US 財報,10
2023/5/03,[新聞] 欣興傳放無薪「圓夢假」 勞動部說重話：,64
2023/5/03,[情報] 112年05月03日信用交易統計,24
2023/5/03,[新聞] 碳權交易所延到9月上路 環保署年底修訂子,23
2023/5/03,[新聞] 高通5／3財報恐不妙　傳同時宣布全球裁,45
2023/5/03,[新聞] 特斯拉的一系列降價戰略，帶給電動車更多,10
2023/5/03,Re: [新聞] 蘋果為何推高利存款？打造「飛輪效應」,4
2023/5/03,[新聞] 創投申請上市首例》三大爭議交易所坐視,2
2023/5/03,[情報] 2897王道銀行 現金股利0.38元,38
2023/5/03,[情報] 0503 上市櫃外資投信同買排行,1
2023/5/03,[新聞] 蘋果為何推高利存款？打造「飛輪效應」,13
2023/5/03,[情報] 8255朋程 現金增資,9
2023/5/03,[新聞] 慘…PC晶片賣不掉！台積電大客戶崩7％,28
2023/5/03,[情報] 8255朋程  國內第一次無擔保轉換公司債,6
2023/5/03,[新聞] 董事角逐 吳欣儒砲轟：不要扯到家族,21
2023/5/03,[情報] 3046建碁  現金增資,4
2023/5/03,[新聞] 長榮遭列注意股！借券空單亂流打壓　遇,55
2023/5/03,[標的] 8403盛弘智慧醫療城多,17
2023/5/03,[情報] 8046南電4月營收 mom-15.03% yoy-16.36%,26
2023/5/03,[情報] 0503 上市櫃外資投信買超金額排行,1
2023/5/03,[新聞] 世界先進估Q2毛利率持平 電價上漲成不利,6
2023/5/03,[新聞] 上海商銀攜犇亞證券 推易通金圈存交易機,23
2023/5/03,[新聞] 雅加達股市超越香港 中國電動車鏈搶投資,1
2023/5/03,[情報] 4906 正文 112年第一季 EPS:0.16,53
2023/5/03,[公告] 0503 水桶,10
2023/5/03,[請益] 可自動預告除息日的工具？,9
2023/5/03,[情報] 合一4月營收0.06億元年減15.57% 1—4月達0.28億元,28
2023/5/03,[新聞] 2023康和盃大專院校選擇權實盤交易菁英,0
2023/5/03,[情報] 112/05/03 八大公股銀行買賣超排行,7
2023/5/03,[新聞] 美台國防論壇起跑 美方軍工代表將和8家無,17
2023/5/03,[標的] 2454.TW 聯發科 討論,12
2023/5/03,[情報] 2538基泰  股利0.5,6
2023/5/03,[情報] 2211長榮鋼 Q1  EPS：1.17,40
2023/5/03,[情報] 台燿112年Q1合併財報 EPS:-0.77,36
2023/5/03,Re: [新聞] 立積Q2營收估雙位數增；下半年營運拚跳,7
2023/5/03,[情報] 晟田4541 112年Q1 -0.34,0
2023/5/03,[新聞] 聯電推出40奈米RFSOI平台 加速5G毫米波,16
2023/5/03,[情報] 3045 台灣大 111年股利 4.3,24
2023/5/03,[情報] 1788 杏昌 111年股利 7,3
2023/5/03,[情報] 太醫112年Q1個別財報 EPS:1.56,14
2023/5/03,[情報] 0503 上市外資買賣超排行,35
2023/5/03,[情報] 6116 彩晶 112年Q1:-0.35,18
2023/5/03,[情報] 2809 京城銀 4月自結,17
2023/5/03,[情報] 4111 濟生 112年第一季 EPS:0.33,62
2023/5/03,[情報] 2498 宏達電 112年第一季 EPS:-0.82,83
2023/5/03,Re: [新聞] AMD盤後跌6% 電腦芯片收入大跌　遊戲機,8
2023/5/03,[標的] 0050 請益,45
2023/5/03,Re: [情報] 00878 112年5月 配息0.27,4
2023/5/03,[情報] 0503 上市投信買賣超排行,29
2023/5/03,[情報] 112年05月03日 三大法人買賣金額統計表,26
2023/5/03,[情報] 2719 燦星旅 Q1 eps0.02,7
2023/5/03,[情報] 6643 M31 Q1 eps2.24,7
2023/5/03,[情報] 大成112年Q1合併財報 EPS:0.9,18
2023/5/03,[新聞] 一文拆解首檔台股月配息ETF 00929,30
2023/5/03,[新聞] 4銀行捲入im.B平台25億元詐騙風暴　存款,57
2023/5/03,[閒聊] 2023/05/03 盤後閒聊,50
2023/5/03,[公告] 05/03 股檢版處置公告,10
2023/5/03,[新聞] 「6/9新光金改選，我自己就會過半」！,43
2023/5/03,[新聞] 全球20大企業4月市值 特斯拉跌最兇,12
2023/5/03,[請益] 股票申購未上市櫃,13
2023/5/03,[新聞] 全球首款「繁體中文」AI 大型語言模型,17
2023/5/03,[請益] 某鋼鐵被淘空9億是真的嗎??,66
2023/5/03,[標的] 2317.TW 鴻海,53
2023/5/03,Re: [標的] 5356協益多,6
2023/5/03,[標的] 6244 茂迪 太陽神多,23
2023/5/03,[新聞] 泰山董事長詹景超：後悔引進龍邦 市場派,55
2023/5/03,[新聞] 本週3檔新股抽籤出列 桓鼎KY 綠茵 貿聯KY,7
2023/5/03,[新聞] 航運3雄股價上演「跳水秀」,83
2023/5/03,[標的] AMD.US 財報全文,34
2023/5/03,[新聞] 南台灣房市新靠山 藏壽司周邊全漲,77
2023/5/03,[新聞] 環球晶：Q2挑戰在需求,7
2023/5/03,[新聞] 美國地區銀行股再現洶湧拋售潮 這兩家銀,21
2023/5/03,[新聞] 葉倫：美償債資金最快6月初用光 恐引災,74
2023/5/03,Re: [請益] 靠股票每年穩定獲利5趴以上實務上可行嗎,1
2023/5/03,[閒聊] 2023/05/03 盤中閒聊,100
2023/5/03,Re: [新聞] 債權媒合平台爆捲款　台大財金妹苦笑「被,25
2023/5/03,Re: [新聞] AMD盤後跌6% 電腦芯片收入大跌　遊戲機,20
2023/5/03,[新聞] 貨櫃船運美國線運價回跌 德魯里不相信運,4
2023/5/03,Re: [標的] 2603 長榮,16
2023/5/03,[新聞] AMD盤後跌6% 電腦芯片收入大跌　遊戲機,16
2023/5/03,[標的] AMD 財報與第二季展望 燒毀 炸裂,25
2023/5/03,[新聞] 開放營造公司自僱移工,43
2023/5/03,[新聞] 台泥擬發綠債 籌資84億,8
2023/5/02,[新聞] 面板雙虎車用爆發 相關營收衝千億,35
2023/5/02,[新聞] 半導體3月銷售額回升近1年首見　SIA：未,14
2023/5/02,[新聞] PC最慘下行循環終結 大摩首選廣達,15
2023/5/02,[新聞] 倚強科111年度股利所得資料緊急通知,9
2023/5/02,[情報] 6751智聯服務 現金增資,8
2023/5/02,[新聞] 廢鋼跌勢擴大 豐興鋼筋每公噸跌千元,27
2023/5/02,[情報] 6491 晶碩4月營收,8
2023/5/02,Re: [新聞] 若美銀行連環倒 聯準會恐被迫降息,12
2023/5/02,[情報] 112年05月02日信用交易統計,16
2023/5/02,[情報] 元大投信分析正二超額報酬來源,62
2023/5/02,[心得] 利用所得退稅套利,32
2023/5/02,[新聞] 汽車供應商正加快投資SiC晶片，以迎接電,14
2023/5/02,[新聞] Fed傳聲筒估本周升1碼、創16年高點,43
2023/5/02,Re: [請益] 靠股票每年穩定獲利5趴以上實務上可行嗎,4
2023/5/02,[情報] 0502 上市櫃外資投信同買排行,1
2023/5/02,[新聞] 美元看跌！高盛說被高估最多15％ 朱肯米,14
2023/5/02,[情報] 0502 上市櫃外資投信買超金額排行,1
2023/5/02,[新聞] 良率追趕台積 傳超微部分4奈米向三星下單,39
2023/5/02,[新聞] 「最狂分析師」郭哲榮0050還沒賣！帳面獲,32
2023/5/02,[公告] 05/02 處置公告,6
2023/5/02,[標的] 7575 安美得 手術多,4
2023/5/02,[標的] COST.US 多,1
2023/5/02,[新聞] 三陽機車銷售連12霸 股價今同步創9年新高,38
2023/5/02,Re: [標的] 2228 劍麟  緩步多,10
2023/5/02,Re: [請益] 靠股票每年穩定獲利5趴以上實務上可,54
2023/5/02,[新聞] 10檔列注意股！　中華化、必應漲太多被,18
2023/5/02,[情報] 鴻海強烈反對LMC指控本公司違約,16
2023/5/02,[情報] 112/05/02 八大公股銀行買賣超排行,12
2023/5/02,[新聞] 《半導體》聯詠毛利率仍有壓 外資維持中,0
2023/5/02,[請益] 國泰隨身證券沒有使用權限？,14
2023/5/02,[標的] 6826和淞 TSM概念多,11
2023/5/02,[情報] 1104 環泥 111年股利增加為 1.5+0.3,93
2023/5/02,[新聞] 美銀：看漲投資人已成「瀕危物種」 反而,24
2023/5/02,Re: [請益] 無證券戶中籤?,3
2023/5/02,[情報] 巨有科技Q1每股盈餘0.96元,10
2023/5/02,[新聞] 特斯拉漲價了！台灣Model Y漲8千元　大,42
2023/5/02,[新聞] 立院審《再生能源發展條例》修正草案 新,100
2023/5/02,[情報] 00878 112年5月 配息0.27,97
2023/5/02,[情報] 聯邦存保: 摩根大通 承接FRB所有存戶存款,11
2023/5/02,Re: [標的] 3231.TW 緯創 跟著大哥多,54
2023/5/02,[情報] 6488 環球晶 07/19除息9.5元,9
2023/5/02,[新聞] 新一輪拋售潮來襲！「這家銀行」利潤暴跌,32
2023/5/02,[情報] 6488 環球晶 112年Q1:11.49,22
2023/5/02,[情報] 0502 上市外資買賣超排行,44
2023/5/02,[情報] 00900 2023年5月配息0.017元,100
2023/5/02,[情報] 0502 上市投信買賣超排行,11
2023/5/02,[情報] 112年05月02日 三大法人買賣金額統計表,34
2023/5/02,[閒聊] 2023/05/02 盤後閒聊,73
2023/5/02,[標的] 中聯資源 9930 碳權多,25
2023/5/02,[新聞] 台積電遭重擊 NVIDIA、AMD、高通、聯發갭,57
2023/5/02,[新聞] SCFI運價指數終止連四漲 長榮股價,59
2023/5/02,[新聞] 2317 鴻海 質疑Lordstown違反投資協議,41
2023/5/02,[新聞] 經濟學家：美經濟將陷入嚴重衰退 Fed不,39
2023/5/02,[新聞] 美國能贏得晶片大戰？Google前執行長認了,100
2023/5/02,[新聞] 美4月製造業PMI 47.1 高於預期,6
2023/5/02,Re: [標的] FRC.US 小賭怡情（更新,12
2023/5/02,Re: [心得] 未來再也買不到25000以下的道瓊,1
2023/5/02,[標的] 長榮2603 上週出手空單停利反手做多!,37
2023/5/02,[閒聊] 2023/05/02盤中閒聊,100
2023/5/02,[新聞] 首季經濟衰退3.02%創14年最慘 全年GDP下,100
2023/5/02,[標的] 道瓊 空,92
2023/5/02,Re: [心得] 未來再也買不到25000以下的道瓊,7
2023/5/02,[新聞] 台康乳癌相似藥完成臨床1期試驗 主要數,17
2023/5/02,Re: [心得] 未來再也買不到25000以下的道瓊,8
2023/5/02,[請益] 股東會紀念品領取問題,6
2023/5/02,[新聞] 工作到一半被帶走 陸央行副行長范一飛涉,11
2023/5/01,[公告] 5/1處置說明_jingbaby77,5
2023/5/01,Re: [標的] FRC.US 小賭怡情（更新,34
2023/5/01,[公告] bear410040 thumbd000 自刪標的文,4
2023/5/01,[新聞] 〈華邦電展望〉20奈米DRAM良率進展優預期,20
2023/5/01,[新聞] 馬斯克：我最有資格評論經濟,55
2023/5/01,[新聞] 美股道瓊早盤小漲 小摩收購第一共和 提,12
2023/5/01,[新聞] 員工爆料逼休圓夢假？欣興澄清並無強迫,55
2023/5/01,[新聞] 復甦動能不足 中國製造業陷緊縮,15
2023/5/01,Re: [請益] 靠股票每年穩定獲利5趴以上實務上可,42
2023/5/01,Re: [請益] 靠股票每年穩定獲利5趴以上實務上可行嗎,3
2023/5/01,Re: [請益] 靠股票每年穩定獲利5趴以上實務上可行嗎,8
2023/5/01,[請益] 一些金融菜雞問題 想請教,10
2023/5/01,[新聞] 美國軍火商參訪晉陞太空公司 代表團：將,20
2023/5/01,[新聞] 經濟學家：美股將面臨自1929年以來最大崩,94
2023/5/01,[請益] 靠股票每年穩定獲利5趴以上實務上可行嗎,81
2023/5/01,"[新聞] 今年基本工資補貼約24,629家申請 超越去",29
2023/5/01,[新聞] 第一共和銀行確定遭到監管機構接管 將賣,86
2023/5/01,Re: [請益] 0056 申報個人所得稅疑問,10
2023/5/01,[新聞] 波克夏孟格:美這類房地產風暴正在醞釀,35
2023/5/01,[新聞] 美國第一信託銀行競標消息　《華爾街日,41
2023/5/01,Re: [新聞] 腸病毒門診爆量 安特羅疫苗7月底前上市供,21
2023/5/01,Re: [新聞] 債權媒合平台爆捲款　台大財金妹苦笑「被,100
2023/5/01,Re: [新聞] 科技大廠欣興逼休無薪圓夢假　變本加厲！,19
2023/5/01,Re: [新聞] 債權媒合平台爆捲款　台大財金妹苦笑「被,10
2023/5/01,Re: [新聞] 債權媒合平台爆捲款　台大財金妹苦笑「被,39
2023/5/01,Re: [新聞] 康友掏空案 簽證會計師判賠26億！勤業眾,36
2023/5/01,[請益] 0056 申報個人所得稅疑問,24
2023/5/01,[新聞] 勞動基金Q1報佳音 帳面大賺2190億元,98
2023/5/01,Re: [新聞] 康友掏空案 簽證會計師判賠26億！勤業眾,0
2023/5/01,Fw: [申請] Stock 板 板主轉正 暨 新增實習板主,14
2023/5/01,[情報] 4/24~4/28全市場當沖虧損最多的股票,6
2023/5/01,[新聞] 科技大廠欣興逼休無薪圓夢假　變本加厲！,99
2023/5/01,[新聞] 【輕型巡防艦建造案】中信造船得標　2026,4
2023/5/01,Re: [請益] 報稅試算股利領了59萬多,100
2023/5/01,[請益] 手機下單還是電腦下單,28
2023/4/30,[新聞] 不如美元定存！金控現金殖利率跌破3% 牽,58
2023/4/30,[新聞] 軍工等5大飆股 謝金河總盤點 4檔撐不住 1,21
2023/4/30,[新聞] 腸病毒門診爆量 安特羅疫苗7月底前上市供,52
2023/4/30,Re: [新聞] 雷虎簽下美雷達大廠MOU T-400,22
2023/4/30,[新聞] 上櫃ESG30指數小學堂活動5/2-5/26,0
2023/4/30,[新聞] 麥當勞股價創新高！漢堡薯條漲價，客人還,81
2023/4/30,[新聞] CNBC：中芯不可能量產7奈米晶片,47
2023/4/30,[新聞] 欣興旗下同泰搶攻電動車廠電源長連接板,12
2023/4/30,Re: [標的] MSFT.US 微軟把拔加上 AI 有夠香 多,14
2023/4/30,[新聞] 雷虎簽下美雷達大廠MOU T-400,63
2023/4/30,[公告] 處分累進原則 (修正版),9
2023/4/30,[新聞] 債權媒合平台爆捲款　台大財金妹苦笑「被,99
2023/4/30,[公告] 新板主上任預告＋板規修正,12
2023/4/30,Re: [新聞] 若美銀行連環倒 聯準會恐被迫降息,17
2023/4/30,[新聞] 花掉股利超可怕！複利效果實測 這樣買多,62
2023/4/30,[新聞] 若美銀行連環倒 聯準會恐被迫降息,81
2023/4/30,[公告] 04/30 處置公告,18
2023/4/30,[新聞] 中國28個工業行業1季度利潤總額同比下降,61
2023/4/30,[請益] 有營收公布即時通知的電腦軟體或APP,29
2023/4/30,Re: [請益] 金融股 該停損嗎,34
2023/4/29,[標的] 6865偉康科技FIDO多,27
2023/4/29,[Stock] 看板 選情報導,26
2023/4/29,Re: [請益] 借券跨除權息日的稅務問題,24
2023/4/29,[新聞] 莫德納和IBM合作探索量子運算和生成式AI,44
2023/4/29,[情報] 1432大魯閣 可以投票了！,27
2023/4/29,[新聞] 貨櫃運價又跌破千點關卡,64
2023/4/29,[新聞] 聯發科：營收下半年改善,75
2023/4/29,"[新聞] 1,622家 第9屆(2022年)公司治理評鑑",9
2023/4/29,[新聞] 台積電亞利桑那州新廠傳火警！廠房冒濃,100
2023/4/29,[新聞] 3月景氣燈號再亮藍燈 國發會：Q2可能繼,44
2023/4/29,[新聞] WSJ：第一共和銀行最早本周末被FDIC接管,47
2023/4/29,[新聞] 亡羊補牢？阿根廷央行升息1000個基點,100
2023/4/29,Re: [標的] 邁達特6112-想要辭職多,24
2023/4/29,[新聞] 一週熱門零股 台積電 台泥 聯電 交投亮點,9
2023/4/29,"[新聞] 螞蟻雄兵集結 上市櫃股東人數 衝破6,00",6
2023/4/29,[情報] FRC目前看起來對金融的影響很微弱,29
2023/4/29,[標的] FRC.US 小賭怡情,36
2023/4/29,Re: [標的] 3570 大塚 多,14
2023/4/29,[新聞] 聯華食品大火2家產險承保　國泰產：有再,15
2023/4/28,[新聞] 蘋果與微軟在標普500指數權重增加 分析師,29
2023/4/28,[新聞] 獨家／中華電信董座換人！董事長謝繼茂功,24
2023/4/28,[標的] 2887.TW 台新金,25
2023/4/28,[新聞] PS5熱銷 索尼全年獲利飆新高,30
2023/4/28,Re: [標的] TSN.US,2
2023/4/28,[情報] 0428 上市櫃外資投信同買排行,1
2023/4/28,[標的] 2801 彰銀,66
2023/4/28,[情報] 4743 合一 公告本公司與中天(上海)生物,31
2023/4/28,[情報] 112年04月28日信用交易統計,18
2023/4/28,[新聞] 晶片補助條件太扯 韓國抗議成功！美國同,98
2023/4/28,[新聞] 第1季經濟成長率下探負3.02% 金融海嘯,64
2023/4/28,[心得] 美股投資檢查清單網站+Q1績效分享,53
2023/4/28,[新聞] 立積Q2營收估雙位數增；下半年營運拚跳,2
2023/4/28,[情報] 美國3月 PCE指數,50
2023/4/28,Re: [新聞] 中國跨境交易 人民幣使用首超美元,12
2023/4/28,[公告] 04/28 處置公告,10
2023/4/28,[情報] 2891 中信金 乙、丙特別股 股息分派事宜,33
2023/4/28,[情報] 0428 上市櫃外資投信買超金額排行,3
2023/4/28,[情報] 2891 中信金 111年股利 現金1元 不配股,100
2023/4/28,[情報] 3189景碩 Q1 EPS 0.02,68
2023/4/28,[情報]  6143 振曜第一季合併,9
2023/4/28,[情報] 3034 聯詠 民國112年第1季合併財務報告,24
2023/4/28,[新聞] 3033 威健 發放現金股利3.1元,29
2023/4/28,[新聞] 陸行之看友達、穩懋「最糟時間已過」,0
2023/4/28,[情報] 112/04/28 八大公股銀行買賣超排行,15
2023/4/28,Re: [情報] 永豐金賤賣美國遠東子銀案 一審判決出爐,18
2023/4/28,[情報] 2323 中環 子公司處分長榮海運股票,61
2023/4/28,[情報] 3665 貿聯-KY 現金增資公開申購資訊,12
2023/4/28,Re: [標的] 6844諾貝兒 奶凍捲不會太甜好吃多,12
2023/4/28,[新聞] 日月光投控下修今年財測,32
2023/4/28,Re: [標的] 00679B 元大美債20年,53
2023/4/28,[情報] 2884 玉山金 111年股利調整為 0.19+0.38,100
2023/4/28,[新聞] 比預期還差！今年首季GDP年減3.02％ 創14,81
2023/4/28,[新聞] 28歲夭壽男冒股市名嘴騙上億　20人挨詐..,47
2023/4/28,[情報] 0428 上市外資買賣超排行,52
2023/4/28,[情報] 2441 超豐 112年第一季 EPS:0.63,17
2023/4/28,[新聞] 口袋滿滿的長榮海運將造甲醇船　24艘1.6,23
2023/4/28,[新聞] 蔡力行：Q2營收估持平 全年展望仍看不清,48
2023/4/28,[情報] 5876 上海商銀 112年Q1:0.88,4
2023/4/28,[情報] 2023/4/28 scfi指數 999.73(-37.34),26
2023/4/28,[情報] 6846 綠茵生技 現金增資公開申購資訊,8
2023/4/28,[情報] 8213 志超 111年股利 2.5,6
2023/4/28,[情報] 6531 愛普* 2023Q1 EPS:0.39,22
2023/4/28,[情報] 0428 上市投信買賣超排行,24
2023/4/28,[情報] 112年04月28日 三大法人買賣金額統計表,76
2023/4/28,[情報] 2454聯發科 Q1EPS 10.64,75
2023/4/28,[情報] 3029 零壹 112年第1季EPS:1.17,17
2023/4/28,[新聞] 命理師江柏樂遭詐騙300萬　喊丟臉「我就,53
2023/4/28,[創作] 信徒,31
2023/4/28,[閒聊] 2023/04/28 盤後閒聊,35
2023/4/28,[新聞] 雙虎變病貓 這檔面板股有亮點逆勢攻頂,21
2023/4/28,Re: [新聞] 這檔ETF奪高股息之王 19元上車還有賺,9
2023/4/28,Re: [心得] 某分析師的操作手法,20
2023/4/28,Re: [新聞] 這檔ETF奪高股息之王 19元上車還有賺,16
2023/4/28,[標的] 3332.TW幸康,8
2023/4/28,Re: [標的] 3481群創 面板猛虎出關送錢多,-10
2023/4/28,[標的] 8099 大世科 多,11
2023/4/28,Re: [心得] 某分析師的操作手法,11
2023/4/28,[新聞] Walmart加快採用ESL，元太受益，晶宏更樂,43
2023/4/28,[新聞] 00631L 台股第二高價ETF 法人提醒小心,62
2023/4/28,[新聞] 貨櫃長約價報喜 海運穩了,94
2023/4/28,Re: [新聞] hololive母公司COVER今日上市！,26
2023/4/28,[新聞] 英特爾一季度虧損史上最大，營收下跌三,62
2023/4/28,[閒聊] 2023/04/28盤中閒聊,100
2023/4/28,[標的] NET.US Cloudflare 財報,11
2023/4/28,[標的] SNAP.US 美股金絲雀 財報,16
2023/4/28,[新聞] 白宮：致力降低依賴風險 不尋求美中脫鉤,36
2023/4/28,[新聞] 亞馬遜一季度業績靚麗、AWS表現超預期，,3
2023/4/28,[新聞] 中國跨境交易 人民幣使用首超美元,0
2023/4/28,[新聞] 這檔ETF奪高股息之王 19元上車還有賺,16
2023/4/28,Re: [請益] 如果想開始存股要存台積電還是0050,16
2023/4/28,Re: [情報] 3月景氣燈號續亮藍燈,98
2023/4/28,[標的] 持股健檢 （已解決）,27
2023/4/27,[新聞] 從台積電法說結果看國內外半導體業景氣,5
2023/4/27,[新聞] 特斯拉犧牲獲利也要搶客 馬斯克放話再降價,88
2023/4/27,[新聞] 美國第一季GDP放緩至1.1%低於預期,42
2023/4/27,[新聞] 本田買台積電晶片 2025年搭載,24
2023/4/27,Re: [新聞] 又一大國宣布：中國進口商品將用人民幣結算 停用美元！,22
2023/4/27,[情報] 4/27全市場當沖虧損最多的股票,7
2023/4/27,[情報] 112年04月27日信用交易統計,20
2023/4/27,Re: [新聞] 股東紀念品「1個茶包」　網轟「台灣光罩,18
2023/4/27,[情報] 0427 上市櫃外資投信同買排行,0
2023/4/27,[新聞] 股東紀念品「1個茶包」　網轟「台灣光罩,99
2023/4/27,[情報] 0427 上市櫃外資投信買超金額排行,0
2023/4/27,[情報] 1560 中砂 112年度第一季財務報告,8
2023/4/27,Re: [請益] 每年三千買抽籤機會值得嗎,13
2023/4/27,[情報] 2820 華票 股利0.5,13
2023/4/27,Re: [情報] 8487 愛爾達 111年EPS 2.81 股利 2.2元,4
2023/4/27,[新聞] 台股破季線 禁空令會重啟？黃天牧回應了,18
2023/4/27,[新聞] 「林口王」亞昕國際開發高層涉內線交易,18
2023/4/27,[情報] 3006晶豪科 112年Q1 EPS:-1.32,26
2023/4/27,[情報] 2501 國建 112年第一季,28
2023/4/27,[情報] 8487 愛爾達 111年EPS 2.81 股利 2.2元,29
2023/4/27,[情報] 2881 富邦金 111年股利 1.5+0.5,100
2023/4/27,[情報] 4743 合一 Bonvadis疤痕外用乳膏取得歐盟,28
2023/4/27,Re: [新聞] 又一大國宣布：中國進口商品將用人民幣結算 停用美元！,-10
2023/4/27,[情報] 112/04/27 八大公股銀行買賣超排行,8
2023/4/27,[情報] 4968立積 112年Q1 EPS:-0.99,26
2023/4/27,Re: [情報] 2882 國泰金 111年股利 0.9+0,33
2023/4/27,[情報] 2832 台產 股利 1,24
2023/4/27,[情報] 2501 國建 111年股利0.5,68
2023/4/27,[情報] 1560 中砂 股利分派4,5
2023/4/27,[情報] 1584精剛 112年Q1:0.33,8
2023/4/27,[情報] 2882 國泰金 111年股利 0.9+0,100
2023/4/27,[新聞] 需求疲軟重創獲利 三星晶片業務Q1虧損逾,19
2023/4/27,[情報] 3443 創意 112年第一季 6.97,31
2023/4/27,Re: [情報] 3月景氣燈號續亮藍燈,20
2023/4/27,[情報] 5009榮剛 112年 Q1:1.2,36
2023/4/27,[情報] 2880 華南金 111年股利 0.59+0,100
2023/4/27,[情報] 2308 台達電 112年Q1: 2.66,28
2023/4/27,[情報] 0427 上市外資買賣超排行,45
2023/4/27,Re: [請益] 每年三千買抽籤機會值得嗎,15
2023/4/27,[新聞] 日月光Q1乏「利」 Q2這樣看,12
2023/4/27,[情報] 3月景氣燈號續亮藍燈,49
2023/4/27,Re: [請益] 00878受益人數破百萬，高股息ETF誰在買?,28
2023/4/27,[情報] 2892 第一金 股利0.8+0.3,55
2023/4/27,[情報] 6147 頎邦 112年Q1: 0.9,27
2023/4/27,[新聞] 龔明鑫：景氣燈號脫離藍燈難 估最快Q3,33
2023/4/27,[新聞] 摺疊iPad傳接近定案，明年可望問世,25
2023/4/27,[情報] 大車隊擬提請股東會同意授權辦理私募,7
2023/4/27,[情報] 0427 上市投信買賣超排行,25
2023/4/27,[情報] 112年04月27日 三大法人買賣金額統計表,100
2023/4/27,Re: [新聞] 又一大國宣布：中國進口商品將用人民幣結算 停用美元！,44
2023/4/27,[情報] 倍力 3月自結EPS 0.08,26
2023/4/27,[情報] 精測第1季虧損上櫃以來首見每股虧損0.94,10
2023/4/27,[新聞] 倍力早盤再殺跌停 原來賣壓來自這裡！,22
2023/4/27,[情報] 聯亞Q1每股虧0.33元，十多年來首次單季,11
2023/4/27,[情報] 3105穩懋112年Q1合併財報 EPS:-0.95,50
2023/4/27,[情報] 2409友達112Q1合併財報 EPS:-1.42,88
2023/4/27,[閒聊] 2023/04/27 盤後閒聊,45
2023/4/27,Re: [請益] 申購是有機會失敗的嗎,48
2023/4/27,Re: [新聞] 又一大國宣布：中國進口商品將用人民幣結算 停用美元！,41
2023/4/27,Re: [標的] 6285啟碁 多多 長期多,18
2023/4/27,[問卷] （已抽獎）探討智能理財顧客忠誠度問卷調…,3
2023/4/27,[新聞]美中又掀戰火!中國大疆判賠美航太企業8,45
2023/4/27,[新聞] 美3月耐久財訂單月增3.2% 優於預期,10
2023/4/27,[新聞] 2317 鴻海 電動車夥伴FSR獲准歐洲交車,26
2023/4/27,[新聞] 泰山董座親上火線！控「隊長淪打手」闖會,19
2023/4/27,[請益] 代領公司傳單？,24
2023/4/27,Re: [新聞] 又一大國宣布：中國進口商品將用人民幣結算 停用美元！,100
2023/4/27,[新聞] 台股跌破季線 金管會主委喊話:基本面良好,24
2023/4/27,[新聞] 台積電：2奈米2025年量產 強化版3奈米明,28
2023/4/27,[新聞] 又一大國宣布：中國進口商品將用人民幣結算 停用美元！,35
2023/4/27,Re: [新聞] 正2ETF用一半本金滾出超越歐印0050報酬,47
2023/4/27,[新聞] Meta營收超預期 祖克柏說AI帶財,42
2023/4/27,[閒聊] 2023/04/27盤中閒聊,87
2023/4/27,Re: [請益] 國內電動公車概念股(製造、維修),22
2023/4/27,[情報] WOLF 2023 Q3財務數據,10
2023/4/27,[新聞] 陸貿易壁壘調查變ECFA休止符？陸委會、經,0
2023/4/27,[新聞] 一表看14家金融股股利！6檔現金殖利率站,14
2023/4/27,Re: [請益] 申購是有機會失敗的嗎,30
2023/4/27,[新聞] 大摩：聯發科評級劣於大盤,78
2023/4/27,Re: [標的] PM.US,1
2023/4/26,[新聞] 來了！美25家軍火商5/2訪台 關鍵名單曝,78
2023/4/26,[標的] 星宇航空 討論,33
2023/4/26,[情報] 4/26全市場當沖虧損最多的股票,22
2023/4/26,[新聞] 消費者對大件商品需求疲軟 京東面臨困境,9
2023/4/26,[心得] 汽車股的股價與EPS說明了台灣車業之暴利,34
2023/4/26,[新聞] 摩根大通成為俄國糧食獨家清算管道,17
2023/4/26,[情報] 0426 上市櫃外資投信同買排行,4
2023/4/26,[情報] 112年04月26日信用交易統計,16
2023/4/26,[新聞] 台積電進入專利倍增期 台灣布局提前強化,11
2023/4/26,[新聞] 印度對於蘋果的十年長期戰略扮演著供需,10
2023/4/26,[新聞] 資金避風港變珍珠港 這3檔軍工股翻倍漲,9
2023/4/26,Re: [請益] 國內電動公車概念股(製造、維修),9
2023/4/26,[請益] 申購是有機會失敗的嗎,76
2023/4/26,[情報] 0426 上市櫃外資投信買超金額排行,2
2023/4/26,[新聞] 荷蘭晶片設備製造商ASM示警 半導體需求將,26
2023/4/26,[新聞] 聯電：營運首季落底 但未見強勁復甦跡象,36
2023/4/26,[請益] 國內電動公車概念股(製造、維修),28
2023/4/26,[情報] 英國CMA禁止微軟收購動視暴雪,26
2023/4/26,[情報] 112/04/26 八大公股銀行買賣超排行,12
2023/4/26,Re: [新聞] 康友掏空案 簽證會計師判賠26億！勤業眾,27
2023/4/26,[情報] 永豐金賤賣美國遠東子銀案 一審判決出爐,32
2023/4/26,[情報] 6176.TW 瑞儀2023Q1,12
2023/4/26,[新聞] 展逸國際明登興櫃參考價55元,11
2023/4/26,[情報] 2801 彰銀　股利分派,44
2023/4/26,[情報] 1905 華紙 3月自結 0.04 累計 -0.16,27
2023/4/26,[情報] 聯華電子公佈2023年第一季財務報告,39
2023/4/26,[情報] 9904 寶成 111年股利 1.3,47
2023/4/26,[新聞] 兩外資再轟可成違法排除股東提案　對公司,22
2023/4/26,[情報] 0426 上市外資買賣超排行,32
2023/4/26,[新聞] 蔡英文攜友邦總統參訪華德動能,49
2023/4/26,Re: [新聞] 康友掏空案 簽證會計師判賠26億！勤業眾,21
2023/4/26,Re: [新聞] 康友掏空案 簽證會計師判賠26億！勤業眾,17
2023/4/26,[情報] 112年04月26日 三大法人買賣金額統計表,100
2023/4/26,[情報] 0426 上市投信買賣超排行,30
2023/4/26,[新聞] 碳權概念股接力賽 倍力續寫新天價 進入,38
2023/4/26,[新聞] 可成外資股東質疑主管機關無所為 影響投,26
2023/4/26,[情報] 5272.tw 笙科Q1財報,1
2023/4/26,Re: [新聞] 康友掏空案 簽證會計師判賠26億！勤業眾,59
2023/4/26,"[新聞] 台股尾盤由黑翻紅收15,374點 台積電跌6.5",27
2023/4/26,[閒聊] 2023/04/26 盤後閒聊,25
2023/4/26,[新聞] 長榮航客運旺到怕位置不夠賣 總座：已無,48
2023/4/26,Re: [新聞] 微軟第三財季業績超預期，雲業務營收維,15
2023/4/26,[新聞] 新光金董事候選人名單出爐 今年不發股利,25
2023/4/26,[標的] 2603長榮  先短空再多!,0
2023/4/26,[新聞] 不要輕易接刀！台股籌碼凌亂仍有下探風險,100
2023/4/26,[標的] 8936 國統 多,31
2023/4/26,[新聞] 正2ETF用一半本金滾出超越歐印0050報酬,47
2023/4/26,[心得] 1905華紙 獲利了結,100
2023/4/26,Re: [新聞] 康友掏空案 簽證會計師判賠26億！勤業眾,21
2023/4/26,Re: [新聞] 美國第一共和銀行存款銳減 單日市值蒸,56
2023/4/26,[新聞] 遺產訴訟「億」外成焦點 張國煒 親駕星宇,37
2023/4/26,Re: [新聞] 康友掏空案 簽證會計師判賠26億！勤業眾,15
2023/4/26,[新聞] 微軟第三財季業績超預期，雲業務營收維,25
2023/4/26,[新聞] 別上當！詐騙集團成立「王雪紅也飆股」,68
2023/4/26,[新聞] 傳車市擴大長料調節　台半導體季掉單約10,18
2023/4/26,[新聞] 伺服器砍單潮 衝擊代工廠,19
2023/4/26,[閒聊] 2023/04/26 盤中閒聊,100
2023/4/26,[新聞] 美國第一共和銀行存款銳減 單日市值蒸,37
2023/4/26,[新聞] 銀行業憂慮再起！美股道瓊大跌344點 費半,37
2023/4/26,Re: [心得] 在股市裡如何學習不著相,9
2023/4/26,[新聞] 台積電失守500元大關 外資送暖喊買,100
2023/4/25,[新聞] 歐洲第一家！ LVMH市值突破15.33兆,41
2023/4/25,[標的] SOXS 三倍反向半導體多,13
2023/4/25,[新聞]〈智原法說〉下調Q2營收預估全年估衰退7-9,25
2023/4/25,[新聞] 中鋼協呼籲鋼鐵企業主動減產，估Q2和H2鋼,45
2023/4/25,[新聞] 台積電六廠火警！「300平方公尺」狂燃 黑,50
2023/4/25,Re: [新聞] 台積電543元是高點? 杜金龍點名2檔逆風,15
2023/4/25,[新聞] 泰山嚴重違反內控！ 證交所宣布重罰250萬,36
2023/4/25,[標的] AMD.US 燒毀!,32
2023/4/25,[情報] 6517 保勝光學 股利分派,10
2023/4/25,[新聞] 歐洲晶片法案出爐，勢必將吸引先進製程廠,27
2023/4/25,[新聞]聯華食品大火 第一保、國泰世紀產涉保險理,21
2023/4/25,[情報] 112年04月25日信用交易統計,14
2023/4/25,[新聞] 竹南台積電工地火警 2樓冒黑煙,60
2023/4/25,[新聞] 力積電今年調薪3%至5% 幅度與去年相同,22
2023/4/25,[情報]4/25全市場當沖虧損最多的股票,15
2023/4/25,[新聞] 康友掏空案 簽證會計師判賠26億！勤業眾,100
2023/4/25,[標的] 1231聯華食 火災會動搖股價嗎?,20
2023/4/25,[新聞] 聯華食品大火 勞動部：依法勒令停工 將究,16
2023/4/25,[新聞] 台股暴殺256點　金管會：基本面穩健,71
2023/4/25,[標的] 1101 台泥,6
2023/4/25,[新聞] 證交所每股擬配發現金股利2.7元、股票股,12
2023/4/25,[新聞] 接到飆股簡訊 60股民被騙7千萬,57
2023/4/25,[情報] 0425 上市櫃外資投信同買排行,1
2023/4/25,[情報] 十銓 3月自結EPS -0.60,21
2023/4/25,[新聞] 軍工股成資金避風港 漢翔爆量逾10萬張,10
2023/4/25,[情報] 2375凱美 2023 Q1 EPS:0.11,8
2023/4/25,[新聞] 美銀：企業獲利強勁 數兆美元資金有望進,11
2023/4/25,[情報] 0425 上市櫃外資投信買超金額排行,2
2023/4/25,[新聞] 谷月涵看好四大產業：台股仍有可能跌破12,36
2023/4/25,[情報] 7516 清淨海 決議減資,17
2023/4/25,[情報] 112/04/25 八大公股銀行買賣超排行,12
2023/4/25,[情報] 2888新光金 股利0,100
2023/4/25,[情報] 2323 中環 子公司取得聯發科普通股,22
2023/4/25,Re: [請益] 今天在跌什麼？找不到原因,33
2023/4/25,[新聞] 郭明錤：緯穎恐面臨微軟、Meta大砍訂單,44
2023/4/25,[情報] 2337旺宏 Q1EPS -0.19,33
2023/4/25,[情報] 3265 台星科 2023年 第一季 EPS:1.32,4
2023/4/25,[情報] 3037欣興 Q1EPS 2.7,54
2023/4/25,[情報] 3035智原 112年第一季EPS 2.02元,33
2023/4/25,[情報] 0425 上市外資買賣超排行,46
2023/4/25,[新聞] 00929 首檔月配息 復華台灣科技優息ETF,40
2023/4/25,[創作]唉的操盤手,5
2023/4/25,[創作] 給我一個理由跌停,18
2023/4/25,[情報] 0425 上市投信買賣超排行,27
2023/4/25,[情報] 112年04月25日 三大法人買賣金額統計表,100
2023/4/25,Re: [請益] 今天在跌什麼？找不到原因,5
2023/4/25,Re: [請益] 今天在跌什麼？找不到原因,7
2023/4/25,Re: [請益] 今天在跌什麼？找不到原因,100
2023/4/25,[情報] 5871 中租-KY 3月自結 1.74 累計 4.35,13
2023/4/25,Re: [心得] 在股市裡如何學習不著相,4
2023/4/25,[新聞]日銀進入植田時代 經濟學家估6月超寬鬆政,28
2023/4/25,[新聞] 散戶歸隊 3月證券劃撥餘額七個月新高,52
2023/4/25,[新聞] 台股崩逾250點 台積殺破5字頭 3原因曝,47
2023/4/25,[新聞] (韓國)一些股票的拋售引發擔憂,7
2023/4/25,[新聞] 看好韓流發威 Netflix砸25億美元投資南韓,34
2023/4/25,Re: [請益] 今天在跌什麼？找不到原因,0
2023/4/25,[閒聊] 2023/04/25 盤後閒聊,41
2023/4/25,Re: [請益] 今天在跌什麼？找不到原因,16
2023/4/25,Re: [請益] 今天在跌什麼？找不到原因,-10
2023/4/25,[新聞] 《百貨股》外資喊價700 寶雅多頭笑納,31
2023/4/25,[標的] 00923.TW 低碳政策起飛多,19
2023/4/25,[心得] 在股市裡如何學習不著相,32
2023/4/25,Re: [請益] 標的合一4743,25
2023/4/25,[新聞] 00924 復華美國標普500成長ETF 4/26掛牌,3
2023/4/25,[情報] 聯華食彰化廠火災事件說明,47
2023/4/25,[標的] 兩大信仰金該選哪個存?,54
2023/4/25,Re: [請益] 攻剋萬X、突破萬X的新聞是不是要反著看？,0
2023/4/25,[新聞] 彰化聯華食品工廠今晨遭祝融 9人無生命,68
2023/4/25,[閒聊] 2023/04/25 盤中閒聊,100
2023/4/25,[新聞] 股東注意！友達紀念品送白米 今年各家走,66
2023/4/25,[新聞] 碳交所明年增資 擬引進金融機構,18
2023/4/25,[標的] 1101.TW 台泥 討論為什麼突然噴?,65
2023/4/25,[新聞] 金融業為穩配息又求援 金管會再開小善門,23
2023/4/25,Re: [新聞] 出遊將須自備牙刷 2025年起全面實施旅宿,21
2023/4/24,[新聞]泰豐4273坪土地標售 百峰建設以21.48億得,11
2023/4/24,[標的] 志豐 3206.TW 請益,12
2023/4/24,[新聞] 美科技股估值過高 漲勢恐怕難以持續,17
2023/4/24,[情報] 4/24全市場當沖虧損最多的股票,18
2023/4/24,[情報] 112年04月24日信用交易統計,10
2023/4/24,[情報] 0424 上市櫃外資投信同買排行,8
2023/4/24,[情報] 0424 上市櫃外資投信買超金額排行,1
2023/4/24,Re: [新聞] 谷月涵談可成配息事件：企業現金過多,8
2023/4/24,[新聞] 台綜院3月電力景氣燈號連六藍 半導體業,14
2023/4/24,[請益] 玉山金認股的信今天才收到,26
2023/4/24,[公告] 板規修正公投：是否禁止投顧新聞、社論？,16
2023/4/24,[情報] 112/04/24 八大公股銀行買賣超排行,7
2023/4/24,[新聞] 谷月涵談可成配息事件：企業現金過多是,18
2023/4/24,[新聞] 出遊將須自備牙刷 2025年起全面實施旅宿,44
2023/4/24,[新聞] 減碳題材續發威 華紙盤中再攻漲停,12
2023/4/24,[情報] 2323 中環 子公司處分聯發科股票,18
2023/4/24,[新聞] 高息ETF熱戰 0056殖利率破7% 00878不到5%,41
2023/4/24,[情報] 5880 合庫金 股利 0.5+0.5,86
2023/4/24,[情報] 2883開發金擬規劃辦理長期資金募集案,24
2023/4/24,[標的] 00919 群益台灣精選高息ETF,26
2023/4/24,[情報] 大亞1609 現金0.5 股票0.1,17
2023/4/24,[新聞] Musk: 特斯拉有本事銷售自駕軟體來賺錢,39
2023/4/24,[情報] 0424 上市外資買賣超排行,54
2023/4/24,Re: [標的] 6290.TW 良維 阿娘為--抄底多,7
2023/4/24,Re: [新聞] 立委：證交所是合法賭場 獲利應全民共享 全民釋股,7
2023/4/24,[情報] 1215 卜蜂股利分派3.5元,22
2023/4/24,[新聞] 立委：證交所是合法賭場 獲利應全民共享,69
2023/4/24,[情報] 3008 大立光 112年第1季EPS:24.64,5
2023/4/24,[新聞] 谷月涵點名看好四大新興產業 助攻我經濟,20
2023/4/24,[情報] 112年04月24日 三大法人買賣金額統計表,100
2023/4/24,[情報] 0424 上市投信買賣超排行,9
2023/4/24,[標的] 6290.TW 良維 阿娘為--抄底多,19
2023/4/24,[情報] 2002 中鋼 3月自結稅前約9.48億,31
2023/4/24,[閒聊] 2023/04/24 盤後閒聊,56
2023/4/24,[標的] 3231.TW 緯創 跟著大哥多,35
2023/4/24,[新聞] 谷歌CEO薪酬逾2億美元 惹議,26
2023/4/24,[新聞] 無薪假再增千人 製造業仍是重災區,28
2023/4/24,[新聞] 谷月涵：台股不至於崩盤「還是會飄上去」,100
2023/4/24,[新聞] 擁碳權、碳匯 正隆、華紙等造紙股翻身,26
2023/4/24,[新聞] 減碳新能源題材續發威 台泥等受資金青睞,0
2023/4/24,[公告] 04/24 處置公告,12
2023/4/24,Re: [請益] 大家覺得哪家券商的出借成功率最高?,9
2023/4/24,[情報] 2884 玉山金 增資公開申購中籤率 3.01%,100
2023/4/24,[閒聊] 2023/04/24盤中閒聊,100
2023/4/24,[新聞] 蘋果MR台系鏈 動起來,19
2023/4/24,[新聞] 海運雙雄填息 機率增加,66
2023/4/23,[情報] 4/17~4/21全市場當沖虧損最多的股票,7
2023/4/23,[創作] 身騎白馬,4
2023/4/23,[新聞] FT：安謀正研發自製晶片原型 恐槓上聯發,47
2023/4/23,[新聞] Chipmaker Arm to make its own semicond,8
2023/4/23,[新聞] 雷虎漢翔寶一等軍工股 5月會再起?謝金,56
2023/4/23,[新聞] 最壞情況已過 台股再戰萬六,99
2023/4/23,[心得] 股市的心理學---云何降伏其心。,14
2023/4/23,"Re: [請益] 薪資12%稅率,領股利划算嗎?",21
2023/4/23,[新聞] 曾神準預言3次泡沫！華爾街傳奇驚曝：美,98
2023/4/23,[新聞] 雙高ETF之爭 配息拚高下,42
2023/4/23,[新聞] 徵碳費 恐成2024房市最大利空,99
2023/4/23,Re: [標的] TSM.US  台積怎麼了,20
2023/4/23,Re: [標的] MMM.US 3M利空出盡築底多,19
2023/4/23,[請益]  現增私募,7
2023/4/23,Re: [標的] TSM.US  台積怎麼了,44
2023/4/23,[情報] 森崴能源 達注意標準 公布財務,7
2023/4/23,[新聞] 00900成分股30檔異動20檔,36
2023/4/23,[新聞] 台塑河靜變盤 鋼市有壓,28
2023/4/22,[新聞] 佳世達斥資18億入股「丁丁藥局」 將取得,71
2023/4/22,[新聞] 華爾街將有新的恐慌指數 「一日VIX」下周推出,29
2023/4/22,[新聞] CD Projekt Red settles Cyberpunk 2077,13
2023/4/22,[新聞] 巧新去年獲利年增逾7成 創3年新高,100
2023/4/22,Re: [新聞] 智利將鋰礦國有化 震驚電動汽車相關企業,13
2023/4/22,[標的] MMM.US 3M利空出盡築底多,27
2023/4/22,[新聞] 謝金河點出台韓經濟3大差距 強調「今日南,99
2023/4/22,[請益] 大家覺得哪家券商的出借成功率最高?,53
2023/4/22,[標的] QCOM.US,18
2023/4/22,[新聞] 我促美勿過度強調「晶片風險論」,12
2023/4/22,Re: [標的] TSM.US  台積怎麼了,0
2023/4/22,[新聞] 10年賽道上贏家 謝金河大讚台積電、3大,56
2023/4/22,[新聞] 聯邦銀甲特5.26125%，富邦特4.58125%,13
2023/4/22,Re: [標的] TSM.US  台積怎麼了,94
2023/4/22,[新聞] 國安基金退場 專家：看好台股長線行情,31
2023/4/22,Re: [標的] TSM.US  台積怎麼了,32
2023/4/22,[新聞] 台積目標價 高盛微升至633元,81
2023/4/22,[新聞] 一週熱門零股 聯發科 合勤控 交投增溫,17
2023/4/22,[新聞] 美晶片補助嚴苛 我部長級跨部會溝通,8
2023/4/22,[新聞] 智利將鋰礦國有化 震驚電動汽車相關企業,36
2023/4/22,[新聞] 標普全球美國4月綜合PMI升至11個月來新高,24
2023/4/22,[標的] TSM.US  台積怎麼了,99
2023/4/22,[新聞] 美股泡沫越來越大！他驚曝「黑天鵝」即將,39
2023/4/21,[心得] 在1990年12682也能獲利的槓桿投資法,41
2023/4/21,[標的] 6163華電網 今天主力殺自己是什麼操作,46
2023/4/21,[情報] 4/21全市場當沖虧損最多的股票,18
2023/4/21,[情報] 2379瑞昱股利27元/ 112Q1 EPS 3.5元,18
2023/4/21,[情報] 0421 上市櫃外資投信同買排行,1
2023/4/21,[情報] 3005 神基 子公司處分華孚股票,15
2023/4/21,[情報] 112年04月21日信用交易統計,25
2023/4/21,[情報] 112/04/21 八大公股銀行買賣超排行,15
2023/4/21,[情報] 0421 上市櫃外資投信買超金額排行,6
2023/4/21,[請益] TD Ameritrade 盤前交易請教,17
2023/4/21,[新聞] 美中兩方陣營再祭新措施 在半導體業持續,2
2023/4/21,Re: [標的] 3380.TW 明泰 套著配都舒服多,5
2023/4/21,[標的] 9951.TW 皇田 多,14
2023/4/21,[新聞] 1234 黑松生技H+產品屢獲大獎肯定,13
2023/4/21,[請益] Charles schwab 開戶未入金,19
2023/4/21,[標的] 00713選股邏輯請益,41
2023/4/21,[新聞] 蘋果西打驚見沉澱物！衛生局查天花板發,70
2023/4/21,[情報] 00900 成分股審核結果,62
2023/4/21,[情報] 2323 中環 子公司取得長榮海運股票,47
2023/4/21,[新聞] 遊戲橘子捐15萬隔離衣給台大「竟有假貨,67
2023/4/21,[情報] 2891 中信金 股東會紀念品,46
2023/4/21,[新聞] 永豐餘 打造碳管理新商模,21
2023/4/21,[情報] 老四川(2741)董事會決議股利分派,94
2023/4/21,[情報] 代子公司第一銀行公告董事會決議之111年,7
2023/4/21,[新聞] 電子紙對手浮檯面，元太李政昊稱一個人,33
2023/4/21,[情報] 0421 上市外資買賣超排行,60
2023/4/21,[心得] 台積電高雄設廠,-10
2023/4/21,[情報] 三商美邦人壽公佈112年第一季自結財報數,31
2023/4/21,[公告] 04/21 處置公告,32
2023/4/21,[新聞] ECFA要繼續談？陸委會：盼大陸移除協商,0
2023/4/21,[新聞] 回應市場質疑？特斯拉突調漲高階Model S,62
2023/4/21,[情報] 2023/4/21 SCFI 指數 1037.07(+3.42),11
2023/4/21,[情報] 112年04月21日 三大法人買賣金額統計表,100
2023/4/21,[情報] 0421 上市投信買賣超排行,15
2023/4/21,[新聞] 彭博：台灣官員敦促美方 別大聲喊仰賴台,13
2023/4/21,[新聞] 亞系外資今給出長榮目標價維持200元 股,51
2023/4/21,[新聞] 史上最重!希捷賣硬碟給華為 被美國罰92億,85
2023/4/21,[新聞] 升息尾端債券ETF熱度大增！過去4次美債,25
2023/4/21,[閒聊] 2023/04/21 盤後閒聊,38
2023/4/21,[新聞] 立院三讀！權證交易稅降為千分之一,1
2023/4/21,[標的] 大盤 嘎死空蛙多,51
2023/4/21,[標的] 台指大盤 機器學習線仙多,16
2023/4/21,Re: [請益] 升息？金融股利多？,3
2023/4/21,[新聞] 台泥和宏碁集團簽署購售電合約 每年賣宏,6
2023/4/21,[請益] 重訊資料取得問題,1
2023/4/21,[新聞] 刷新申購紀錄 玉山金118萬人中籤率2.86%,100
2023/4/21,Re: [標的] 0056首檔高股息ETF規模破2000億,20
2023/4/21,[新聞] 高端新訂單來了！疾管署公費流感疫苗採,100
2023/4/21,[情報] 2887 台新金 股東紀念品（調味罐）,24
2023/4/21,[新聞] 賴正鎰：平均地權條例爭議大 房地產業界,0
2023/4/21,[新聞] 00929 復華台灣科技優息ETF 准募,9
2023/4/21,[新聞] 獨家／宏達電紀念品「抗UV機能帽」曝光,80
2023/4/21,[新聞] 華南金紀念品掀牌！40多萬股民萌翻！,18
2023/4/21,[新聞] 台積電點名漲電價影響毛利 台電：台灣電,30
2023/4/21,[新聞] 智慧家庭裝置正逐步走入主流市場，未來,2
2023/4/21,[新聞] 《光電股》元太促電子紙全彩化 彩色電子,8
2023/4/21,[新聞] 緯創淡出iPhone供應鏈 泰州關廠導火線是7,24
2023/4/21,Re: [新聞] 總統報明牌 造紙、碳權概念股紅了,-10
2023/4/21,[新聞] 總統報明牌 造紙、碳權概念股紅了,51
2023/4/21,[閒聊] 2023/04/21 盤中閒聊,100
2023/4/21,[標的] 3570 大塚 多,27
2023/4/21,[標的] ARK:預期2027年特斯拉每股將達到2000美元,56
2023/4/21,[情報] 2019年9月回購市場危機 推估今年降息時機,27
2023/4/20,Re: [新聞] SpaceX全球最大火箭Starship 升空後爆炸!,-10
2023/4/20,[標的] 台指大盤走勢,26
2023/4/20,Re: [標的] NDAQ US,3
2023/4/20,[新聞] SpaceX全球最大火箭Starship 升空後爆炸!,100
2023/4/20,[新聞] 台積電ADR大漲慶賀 台指期夜盤急拉,44
2023/4/20,[新聞] 中國人壽將更名為凱基人壽,34
2023/4/20,[新聞] 中國3月份經濟數據被指「打架」 專家解讀,23
2023/4/20,[標的] 合晶 6182 投信套牢空,9
2023/4/20,[情報] 112年04月20日信用交易統計,24
2023/4/20,[情報] 0420 上市櫃外資投信同買排行,2
2023/4/20,Re: [新聞] 股票老師將失業？ChatGPT 能預測股市未來,15
2023/4/20,Re: [新聞] 彭博：台積前景 分析師幾乎一片看好,0
2023/4/20,Re: [標的] 2409 友達 (最新面板報價),62
2023/4/20,[新聞] 股票老師將失業？ChatGPT 能預測股市未來,34
2023/4/20,[情報] 0420 上市櫃外資投信買超金額排行,0
2023/4/20,[情報] 112/04/20 八大公股銀行買賣超排行,6
2023/4/20,[請益] 00679B達可募集額度上限可能的影響？,9
2023/4/20,[情報] 長園科公告 現金增資全體董事放棄認購,99
2023/4/20,"[新聞] TDUA領軍打造Micro LED戰隊 經濟部助攻6,",8
2023/4/20,[情報] 2881A富邦特 重設股息率為4.58125%,12
2023/4/20,[新聞]電視面板報價續漲 集邦：估5月有望回到現,18
2023/4/20,[新聞]  聯邦銀：公司甲種特別股4/24起重設之股.,16
2023/4/20,[新聞]〈台積電法說〉高雄廠捨28奈米 黃仁昭：可能是3奈米以下,100
2023/4/20,[情報] 2880 華南金 股東會紀念品,51
2023/4/20,[新聞] 過去一年，新增獨角獸公司正在減少，2023,4
2023/4/20,[情報] 1269 乾杯 111年度 股利分派,12
2023/4/20,[情報] 2727 王品 達注意標準公布財務,12
2023/4/20,[情報] 2474 可成 註銷買回股份辦理減資,20
2023/4/20,[情報] 0420 上市外資買賣超排行,43
2023/4/20,[新聞] 微軟正秘密研發自己的AI晶片，布局未來,11
2023/4/20,[新聞] 庫存去化較預期長 台積電下修今年營收,86
2023/4/20,[新聞] 台積3奈米稼動率滿載 高雄廠改先進製程,100
2023/4/20,[情報] 0420 上市投信買賣超排行,18
2023/4/20,[情報] 112年04月20日 三大法人買賣金額統計表,78
2023/4/20,[新聞] 政策加持 茂迪、王品等15檔題材股發威,4
2023/4/20,[情報] 2867 三商壽 不配發股利,43
2023/4/20,[新聞] 華爾街日報:台積電盼美補助150億美元反對,18
2023/4/20,[新聞] 獨》用了42年 中國人壽將改名凱基人壽,65
2023/4/20,[情報] 台積電Q1線上法說會,100
2023/4/20,[閒聊] 2023/04/20 盤後閒聊,43
2023/4/20,[情報] 2330台積電Q1 EPS 7.98,100
2023/4/20,[新聞] 8038 長園科 鋰鐵電池模組出貨暢旺,18
2023/4/20,[新聞] 欣興股價反彈上漲2% 帶動ABF類股展現抗跌,30
2023/4/20,Re: [心得] 中國出口數據嚴重造假(有數據為證),53
2023/4/20,[心得] 給投資新手的長期買大盤建議,41
2023/4/20,[新聞] 玉山金現增申購已破92萬件,100
2023/4/20,[標的] 00679B 元大美債20年,37
2023/4/20,Re: [心得] 中國出口數據嚴重造假(有數據為證),21
2023/4/20,[新聞] 花蓮垃圾問題有解 台泥焚化廠7月試營運,19
2023/4/20,Re: [心得] 中國出口數據嚴重造假(有數據為證),84
2023/4/20,[新聞] 總統蔡英文宣示籌設碳交易平台，華紙盤,59
2023/4/20,[閒聊] 2023/04/20盤中閒聊,100
2023/4/20,[新聞] 台積尋求美150億美元補貼 占晶片法案資,55
2023/4/20,[新聞] 起風了？長榮、陽明5月1日起加收GRI,40
2023/4/20,[新聞] 買00878「慘虧30萬」他曝5個高股息ETF缺,39
2023/4/20,[新聞] Tesla Earnings Slide As Big Price Cuts,62
2023/4/20,[新聞] 台灣手機銷量暴跌！業者驚前所未見：大家,100
2023/4/20,Re: [請益] 一年配八次息的神操作,3
2023/4/20,[請益] 有沒有關於成交量的書籍?,26
2023/4/20,[情報] 升息末端 股市與市場投機者看空的關係,24
2023/4/19,Re: [新聞] 4月就開始缺電？台電昨「高價買電」　經,43
2023/4/19,[情報] 0419 上市櫃外資投信同買排行,0
2023/4/19,[情報] 4/19全市場當沖虧損最多的股票,11
2023/4/19,Re: [心得] 中國出口數據嚴重造假(有數據為證),51
2023/4/19,[新聞] 六角旗下王座國際 擬申請登錄興櫃,15
2023/4/19,[新聞] 新店裕隆城9月開幕 年租收入4億元,14
2023/4/19,[情報] 0419 上市櫃外資投信買超金額排行,0
2023/4/19,[情報] 112年04月19日信用交易統計,25
2023/4/19,[請益] CMA資金管理帳戶之問題,9
2023/4/19,[新聞] 郭哲榮：台積電有機會振作起來,99
2023/4/19,[新聞] 4月就開始缺電？台電昨「高價買電」　經,100
2023/4/19,[新聞] Micro LED 量產元年！友達董座彭双浪盼,22
2023/4/19,[新聞] 美IRA電動車減稅資格變嚴 非美車廠全部出,28
2023/4/19,[新聞] 力旺 打進台積5奈米製程,13
2023/4/19,Re: [新聞] 兩大債權國減持 中已連七個月拋美債,19
2023/4/19,[標的] 6666 羅麗芬-KY,55
2023/4/19,[新聞] 王品、寒舍太會漲　列入22檔注意股,22
2023/4/19,Re: [新聞] 兩大債權國減持 中已連七個月拋美債,21
2023/4/19,[情報] 2323 中環 子公司處分台積電股票,36
2023/4/19,[情報] 112/04/19 八大公股銀行買賣超排行,14
2023/4/19,[情報] 3004 豐達科 達注意標準公布財務訊息,19
2023/4/19,[新聞] 下一個飛宏是誰？阿格力點名4檔「隱藏,83
2023/4/19,[情報] 2889 國票金 新增股東會議案(安泰銀相關),12
2023/4/19,Re: [新聞] 兩大債權國減持 中已連七個月拋美債,14
2023/4/19,[情報] 3036 文曄 111年股利 4.3 特別股 2,6
2023/4/19,[創作] 大哥,2
2023/4/19,[新聞] 天鈺首度辦理現金減資 股東每股可退還3.,42
2023/4/19,[情報] 5434 崇越 董事會決議現金增資發行普通股,17
2023/4/19,[情報] 0419 上市外資買賣超排行,45
2023/4/19,[情報] 乾杯111年財報 EPS:-5.42,86
2023/4/19,[情報] 0419 上市投信買賣超排行,18
2023/4/19,[情報] 112年04月19日 三大法人買賣金額統計表,85
2023/4/19,Re: [新聞] 彭博：台積前景 分析師幾乎一片看好,20
2023/4/19,[新聞] 兩大債權國減持 中已連七個月拋美債,61
2023/4/19,[情報] ETF 2023年第一季內扣費用率,12
2023/4/19,Re: [新聞] 彭博：台積前景 分析師幾乎一片看好,91
2023/4/19,[新聞] 傳凱基證併群益證？金管會要查內線交易,35
2023/4/19,[閒聊] 2023/04/19 盤後閒聊,19
2023/4/19,[情報] ASML 2023Q1營收67億歐元,5
2023/4/19,[標的] 3289宜特 投信套牢多,6
2023/4/19,Re: [新聞] 微軟正在研發自己的AI晶片,30
2023/4/19,[新聞] 8038 長園科 鋰鐵電池 出貨台積電,19
2023/4/19,Re: [新聞] 英特爾和Arm的合作是否會影響到台積電和,18
2023/4/19,[新聞] 救世主來了! 外資:AI躍為ABF載板未來成長,46
2023/4/19,[新聞] 2890 永豐金 獨董將有新面孔,1
2023/4/19,[新聞] 雄三誤射意外掀軍工商機 捷克找上中科院,100
2023/4/19,[新聞] 台股逼近萬六大關 黃天牧：對台股有信心,1
2023/4/19,[標的] 2428 興勤 被動元件裡的鑽石多,15
2023/4/19,[新聞] 大摩：Q1表現超預期 群創優於大盤,57
2023/4/19,[閒聊] 2023/04/19盤中閒聊,100
2023/4/19,[新聞] 散戶愛台股 定期定額飆高,38
2023/4/19,[新聞] 彭博：台積前景 分析師幾乎一片看好,56
2023/4/19,Re: [請益] 有人期貨多空都做嗎?,14
2023/4/18,Re: [新聞] 〈陸港盤後〉 中國上季GDP成長率加速至4,-10
2023/4/18,[新聞] 外資提案爭股利 可成未列入股東會議案,15
2023/4/18,[情報] 0418 上市櫃外資投信同買排行,2
2023/4/18,[新聞] 德國再下重手 擬剔除補助中資半導體,12
2023/4/18,[新聞] 微軟正在研發自己的AI晶片,30
2023/4/18,[標的] 美國短期公債 US,19
2023/4/18,[情報] 0418 上市櫃外資投信買超金額排行,0
2023/4/18,[標的] 4546 長亨 多,34
2023/4/18,[情報] 112年04月18日信用交易統計,11
2023/4/18,[新聞] 冒名吳淡如開投資群組　淡水女被詐140萬,97
2023/4/18,"[新聞] 1945年來首見 分析師估經濟衰退,股市照漲",21
2023/4/18,Re: [心得] 凱基詐騙分享,48
2023/4/18,[情報] 6177達麗 股利現金1 +股票0.5,12
2023/4/18,[新聞] 台股首季漲逾1700點 大戶未歸隊 散戶回籠,54
2023/4/18,[標的] 鴻海 2317,50
2023/4/18,[情報] 112/04/18 八大公股銀行買賣超排行,13
2023/4/18,[新聞] 台積電危險？他揭三星4奈米震撼真相：良,56
2023/4/18,[情報] 2474 可成 111年下半年股利 10,36
2023/4/18,[情報] 2376 技嘉 111年股利 6.2,25
2023/4/18,[新聞]力積電法說 總經理謝再居：客戶積極議價,48
2023/4/18,[新聞] 1303 南亞 攜手歐都納 打造循環概念衣,4
2023/4/18,[新聞] 亞馬遜和馬斯克加入谷歌和微軟的AI競賽，,7
2023/4/18,[新聞] 嘉信理財上季流失410億美元存款 符合預,11
2023/4/18,[新聞] 注意！群創不配股利 減資每股退0.5元,70
2023/4/18,[新聞] 〈陸港盤後〉 中國上季GDP成長率加速至4,20
2023/4/18,[新聞] 英特爾和Arm的合作是否會影響到台積電和,19
2023/4/18,[情報] 1103 嘉泥 111年EPS-0.28 股利0.3+0.2,7
2023/4/18,[新聞] 彭博：多頭押注台積電比例 20年來最高,39
2023/4/18,[情報] 1810 和成 達注意標準公布財務,51
2023/4/18,[新聞] 我6大代工廠 赴越全到位,52
2023/4/18,[情報] 0418 上市外資買賣超排行,42
2023/4/18,[情報] 6770 力積電 2023Q1 EPS 0.05,62
2023/4/18,[情報] 2758 路易莎咖啡 111年度 EPS:5.03 股利:3,34
2023/4/18,[標的] 6920恆勁科技,5
2023/4/18,[標的] 3712 永崴投控 多,7
2023/4/18,[情報] 3481 群創 112年Q1 -0.82 與補充資訊,50
2023/4/18,[情報] 0418 上市投信買賣超排行,8
2023/4/18,[情報] 112年04月18日 三大法人買賣金額統計表,73
2023/4/18,[情報] 有量 2022年淨利 年增 -164.7%,42
2023/4/18,"[新聞] 全球最大2,000坪！藏壽司首間海外全球旗",48
2023/4/18,[新聞] 對立升高！佛州放話在迪士尼樂園旁蓋監獄,28
2023/4/18,[閒聊] 2023/04/18 盤後閒聊,27
2023/4/18,[新聞] 懶人法買台灣50正2 長線贏台股ETF逾三倍,54
2023/4/18,[標的] 2603 長榮 短短短多多多 ..不參加除息,20
2023/4/18,Re: [請益] 股票跌停，權證沒有反應？,3
2023/4/18,[請益] 股票跌停，權證沒有反應？,99
2023/4/18,[標的] 5243.TW 乙盛-KY 多多綠,0
2023/4/18,[新聞] 又一外資開槍降評 5G墜熊市 聯發科、高,48
2023/4/18,[請益] 裙襬指數是什麼東西？,23
2023/4/18,[新聞] 運動股來了 展逸27日興櫃秀肌肉,6
2023/4/18,[新聞] 傳台積電7奈米春燕到 早盤股價這樣表現,35
2023/4/18,[標的] 3501 維熹 超低PE的充電樁概念股,56
2023/4/18,[新聞] 美加速EV充電基建 電源、連接器台廠大啖,8
2023/4/18,[新聞] 外資股東爭股利 可成：若再惡意誹謗保留,11
2023/4/18,[新聞] 00928 中信台灣上櫃ESG30 准募,8
2023/4/18,Re: [新聞] 廣交會訂單慘淡! 「世界工廠」 面臨無米,-10
2023/4/18,[新聞] 台積電最壞時機已過？華爾街券商喊進 ADR,12
2023/4/18,[心得] 出口七連降怎支撐萬六,21
2023/4/18,[新聞] 緯穎躋身千元股后 高層紛售股,31
2023/4/18,[閒聊] 2023/04/18 盤中閒聊,100
2023/4/18,[情報] 2442 新美齊 減資辦理資本變更登記完成,2
2023/4/18,[新聞] 美國4月紐約州製造業指數意外躍升至10.8,11
2023/4/18,[情報] 合勤控一一二年第一季合併自結損益(幫刪 重複),0
2023/4/18,[新聞] 蘋果Apple Card高收益儲蓄帳戶正式上線,54
2023/4/18,[情報] 馬斯克: 我將開發TruthGPT 探索宇宙本質,62
2023/4/18,[標的]1101台泥 多,14
2023/4/18,Re: [請益] 賠到麻木了,7
2023/4/18,Re: [請益] 賠到麻木了,37
2023/4/18,[情報] 殖利率倒掛 與股市 信貸緊縮之間的關係,33
2023/4/18,[標的] AMD ASML .US,7
2023/4/17,Re: [請益] 靠自己學習以股票致富的機會真的存在,3
2023/4/17,[新聞] 開發金股東看過來！紀念品外觀亮相！,55
2023/4/17,[新聞] 外資看台股衝萬七 擁抱442投資戰術陣型,23
2023/4/17,[新聞] 廣交會訂單慘淡! 「世界工廠」 面臨無米,71
2023/4/17,[新聞] ASML臉綠！傳台積電將砍逾4成訂單,62
2023/4/17,[情報] 112年04月17日信用交易統計,32
2023/4/17,[情報] 0417 上市櫃外資投信同買排行,0
2023/4/17,[情報] 1529樂事綠能 三月eps 0.26,30
2023/4/17,[情報] 0417 上市櫃外資投信買超金額排行,3
2023/4/17,Re: [標的] 3019.TW 亞光 沒人看好多,15
2023/4/17,[新聞] 雷虎、漢翔漲太兇!並列19檔注意股票,50
2023/4/17,[情報] 3704 合勤控 112年第一季自結,5
2023/4/17,[情報] 2886 兆豐金 111年股利 1.24+0.08,99
2023/4/17,[情報] 112/04/17 八大公股銀行買賣超排行,22
2023/4/17,[情報] 1563 巧新 111年EPS 2.90 股利 2,50
2023/4/17,[情報] 0417 上市外資買賣超排行,53
2023/4/17,[情報] 0417 上市投信買賣超排行,18
2023/4/17,[情報] 112年04月17日 三大法人買賣金額統計表,62
2023/4/17,[新聞] 玉山金明起申購開跑，一次抽兩張「現賺1.,100
2023/4/17,[請益] 巴西跟中國合作 概念股? 利多?,44
2023/4/17,[閒聊] 2023/04/17 盤後閒聊,55
2023/4/17,[新聞] 卜蜂、聯華營運吃得開 法人青睞,30
2023/4/17,Re: [請益] 靠自己學習以股票致富的機會真的存在,6
2023/4/17,[新聞] 逾50檔不蓋牌股東會紀念品 15檔明是「最,9
2023/4/17,[標的] 3051 力特  多,55
2023/4/17,[新聞] 抓肥貓！友達去年虧損董事均薪破2千萬,30
2023/4/17,[新聞] 台企銀 邁進千億資本大行,27
2023/4/17,[新聞] 和成軍工題材加持 連拉3根漲停創24年來新,36
2023/4/17,[新聞] 長榮航勤出意外！A321機翼撞破波音,97
2023/4/17,Re: [請益] 靠自己學習以股票致富的機會真的存在,10
2023/4/17,Re: [請益] 靠自己學習以股票致富的機會真的存在,0
2023/4/17,[標的] 5353 台林多,0
2023/4/17,[新聞] 「機」弱陰霾不散 外資降評喊賣聯發科,8
2023/4/17,[新聞] 2412 中華電 5G專網營收倍增,28
2023/4/17,[新聞] 重磅！台積電2奈米 再吞超微大單,12
2023/4/17,[新聞] 歐洲正加緊腳步追趕美國和中國在量子運,10
2023/4/17,[新聞] 光寶科未來10年 重點在它,7
2023/4/17,Re: [請益] 靠自己學習以股票致富的機會真的存在,45
2023/4/17,Re: [請益] 有人期貨多空都做嗎?,2
2023/4/17,[新聞] 美系外資下調聯發科評級至賣出 目標價遠,49
2023/4/17,[新聞] 中方透過WTO通知貿易壁壘調查,70
2023/4/17,[閒聊] 2023/04/17 盤中閒聊,99
2023/4/17,[新聞] 不只食品業完蛋!陸若取消ECFA 害慘2產業,17
2023/4/17,[新聞] 外資：國際熱錢還會再來,13
2023/4/17,Re: [請益] 靠自己學習以股票致富的機會真的存在嗎,0
2023/4/17,[新聞] 出乎意料！這國股市今年表現勇冠全球　全,26
2023/4/17,Re: [請益] 有人期貨多空都做嗎?,3
2023/4/17,[新聞] 破天荒送「股東會紀念品」！新光金董事會,33
2023/4/17,[請益] 有人期貨多空都做嗎?,29
2023/4/16,[標的] 3019.TW 亞光 沒人看好多,23
2023/4/16,[標的] 2313.TW 華通 蘋概股三年線左右多,11
2023/4/16,[標的] 6148 驊宏,6
2023/4/16,Re: [新聞] 俄國央行：無法自由兌換 改用人民幣結算,-10
2023/4/16,Re: [請益]  升息和降息之間的關係,7
2023/4/16,[新聞] 中國連鎖零售業超七成利潤暴跌 關停閉店,21
2023/4/16,[標的] 跟單仔持股健檢,60
2023/4/16,[請益]  升息和降息之間的關係,7
2023/4/16,[標的] 6142友勁 台鋼集團+低價轉機 多,43
2023/4/16,[新聞] 進口物價指數終結2年漲勢 主計總處：輸入,27
2023/4/16,[標的] 6491 晶碩 多,25
2023/4/16,[新聞] 俄國央行：無法自由兌換 改用人民幣結算,100
2023/4/16,Re: [請益] 靠自己學習以股票致富的機會真的存在嗎,5
2023/4/16,Re: [請益] 靠自己學習以股票致富的機會真的存在嗎,2
2023/4/16,[新聞] 謝金河：美國走向通膨中國陷入通縮 通縮,63
2023/4/16,[新聞] 富邦金 股利題材發酵,47
2023/4/16,[新聞] 中國經濟復甦亮紅燈因通貨緊縮又消費不振,82
2023/4/16,[標的] 0056首檔高股息ETF規模破2000億,41
2023/4/16,Re: [請益] SVB倒閉為何最後雷聲大雨點小?,13
2023/4/16,[新聞] 才剛呼籲要停止GPT-5開發，馬斯克被爆狂,100
2023/4/16,Re: [請益] 是不是應該漲不贏就加入他們？,16
2023/4/16,[新聞] 友達 面板業迎春燕,24
2023/4/16,Re: [請益] 靠自己學習以股票致富的機會真的存在嗎,44
2023/4/16,[新聞] 台股10檔含金融成分ETF 存股族熱捧,3
2023/4/16,Re: [請益] SVB倒閉為何最後雷聲大雨點小?,5
2023/4/16,[心得] 跟單老巴和蒙格,28
2023/4/16,[新聞] 王文淵：台塑早投入AI開發 示警景氣恐愈來愈困難,71
2023/4/16,Re: [請益] SVB倒閉為何最後雷聲大雨點小?,2
2023/4/16,Re: [請益] 是不是應該漲不贏就加入他們？,12
2023/4/16,[新聞] 台積電4月調薪上看5%　員工曝：預計17日,31
2023/4/16,[新聞] 巴西總統訪中批美元地位籲金磚國用本幣結,68
2023/4/16,[新聞] 星宇航空9位高層3月又賣323張股票！跟公,27
2023/4/15,[新聞] 行庫新人事 雷仲達內定掌兆豐金、林謙浩,12
2023/4/15,Re: [請益] SVB倒閉為何最後雷聲大雨點小?,29
2023/4/15,Re: [請益] SVB倒閉為何最後雷聲大雨點小?,5
2023/4/15,[新聞] 00925 新光標普電動車ETF 4/18掛牌上市,5
2023/4/15,[新聞] 烏克蘭制裁小米 指其是「國際戰爭贊助商,16
2023/4/15,[請益] 是不是應該漲不贏就加入他們？,31
2023/4/15,[請益] SVB倒閉為何最後雷聲大雨點小?,88
2023/4/15,[新聞] 台積電富可敵國 現金比政府多,73
2023/4/15,[新聞] 率先逼宮開第一槍! 不幫我就死給你看 債,100
2023/4/15,[新聞] 台積電第2季營運恐續降 市場聚焦全年展望,47
2023/4/15,Re: [新聞] 實坪制再成話題　亞昕董座：單價恐跳,1
2023/4/15,[新聞] 美國線運價飆漲 長榮︰景氣Q3翻轉,77
2023/4/15,[新聞] 運費漲價有譜 貨櫃三雄同樂,18
2023/4/15,Re: [新聞] 實坪制再成話題　亞昕董座：單價恐跳漲3,-10
2023/4/15,[標的] 致新8081-進不去的多,14
2023/4/15,[標的] 6112 邁達特(聚碩)長期股東請進,30
2023/4/15,[新聞] 家登受邀櫃買業績發表會 釋出最新成長,3
2023/4/15,[新聞] 三名師鐵口 台股下周攻克萬六,88
2023/4/15,[新聞] 研調：儘管股市反彈 散戶績效仍是慘兮兮,15
2023/4/15,[新聞] 台泥、亞泥 營運看俏,31
2023/4/15,Re: [請益] 當技術面與籌碼面產生分歧時的判斷？,2
2023/4/15,Re: [請益] 當技術面與籌碼面產生分歧時的判斷？,4
2023/4/15,[新聞] 一週熱門零股 台積電 群創 人氣回升,8
2023/4/15,[心得] 04/17~04/21 美國經濟數據&財報行事曆,37
2023/4/15,[新聞] 美4月密大消費者信心指數優預期 但1年通,17
2023/4/14,[請益] 當技術面與籌碼面產生分歧時的判斷？,40
2023/4/14,[新聞] 國安基金退場後首日 台股昨天跌今全回補!,15
2023/4/14,[標的] LVMUY.US 路易威登集團 中法情誼增多,21
2023/4/14,[標的] 群益證 6005/ 開發金2883 之分析,73
2023/4/14,[情報] 112年04月14日信用交易統計,17
2023/4/14,[新聞] 雷虎解禁首日飆天價 這檔也跟著亮燈漲停,21
2023/4/14,[新聞] 高盛:需求依然強勁 上調波音(BA.US)目標,20
2023/4/14,[情報] 0414 上市櫃外資投信同買排行,4
2023/4/14,[情報] 0414 上市櫃外資投信買超金額排行,4
2023/4/14,[情報] 2722 夏都3月自結,10
2023/4/14,[新聞] 凱莉包熱賣 愛馬仕Q1營收大增23%,15
2023/4/14,[請益] 調整同類「進出依據」的「下注權重」,4
2023/4/14,[新聞]銀行動能強強滾 永豐金首季賺47.28億元,14
2023/4/14,[情報] 112/04/14 八大公股銀行買賣超排行,22
2023/4/14,[新聞] 大揭密！滷肉、鰻魚是哪檔股票 精選10大,10
2023/4/14,[情報] 1514亞力 3月自結 EPS 0.49元,28
2023/4/14,[新聞] 英特爾旗下伺服器整機業務將出售給神達,36
2023/4/14,Re: [新聞] 美股大多頭：美股未來 6 個月恐陷入困境,20
2023/4/14,[新聞] 長榮海總座謝惠全七言詩再現！有競爭力,70
2023/4/14,[情報] 2884 玉山金 現金增資公開申購資訊,100
2023/4/14,[情報] 中華開發金控代子公司凱基證券澄清媒體,28
2023/4/14,[新聞] 美股大多頭：美股未來 6 個月恐陷入困境,32
2023/4/14,[標的] AMBA.US,1
2023/4/14,Re: [請益] 有關立積4968新聞可信度？,26
2023/4/14,[新聞] 空襲警報！大摩：標普500今年恐跌逾20%,62
2023/4/14,[新聞] 獨家專訪》史上首次　持股1%的小咖外資，,19
2023/4/14,[情報] 0414 上市外資買賣超排行,37
2023/4/14,[情報] 6005 群益證 澄清有關大眾媒體報導,51
2023/4/14,Re: [請益] 存股定期定額vs定期定股,10
2023/4/14,[新聞] 國內外半導體業景氣短期尚處於修正調整,6
2023/4/14,[標的] 4763 材料 後悔買太少。多,42
2023/4/14,[情報] 112年04月14日 三大法人買賣金額統計表,54
2023/4/14,[情報] 0414 上市投信買賣超排行,17
2023/4/14,[心得] 接下來就是停滯性通膨,55
2023/4/14,[新聞] 傳凱基證將併群益證 群益證爆量大漲逾9％,43
2023/4/14,[情報] 04/14 SCFI/ CCFI指數 (+76.72),90
2023/4/14,Re: [新聞] 大砍86%台積電持股！ 「股神」巴菲特親口曝原因,26
2023/4/14,[新聞] 美銀：美股財報季開局不利 全年表現可能,22
2023/4/14,[新聞] 銀行信心搖搖欲墜 嘉信大股東把持股拋光,17
2023/4/14,[閒聊] 2023/04/14 盤後閒聊,16
2023/4/14,[新聞] 兩零件恐不合格！波音暫停交付737 MAX,19
2023/4/14,[請益] 如何搶每天第一筆委託？,40
2023/4/14,[新聞] 台積電等科技大咖營收暴跌 日媒：很不妙,69
2023/4/14,[標的]  6776 展碁國際 解放米法多,33
2023/4/14,[新聞] 科技業陷二次庫存去化？陸行之：台積電去化才開始、反應遲鈍,35
2023/4/14,[新聞] 兩派激爭！新光金控改選 30人爭15席董事,35
2023/4/14,[新聞] 2330 台積電 零股交易4/13(昨)突破百萬股,19
2023/4/14,[新聞] PCB紅了兩年…市況反轉,74
2023/4/14,[新聞] 摩根大通改口挺面板雙虎 外資買超來送暖,21
2023/4/14,Re: [標的] 6176.TW 瑞儀 多,7
2023/4/14,Re: [標的] 長榮2603 罷工結束 在空一輪..,30
2023/4/14,[新聞] 百萬股民注意！　中鋼紀念品「傘Q」亮相,100
2023/4/14,[閒聊] 2023/04/14 盤中閒聊,100
2023/4/14,[新聞] 大立光Q1獲利 七季低點,38
2023/4/14,[請益] 券商會影響股票出借成功嗎？,27
2023/4/13,[新聞] 美上周初領失業金人數攀至23.9萬 3周來,32
2023/4/13,[新聞] 金管會鬆綁 保險業可發長年期公司債籌資,21
2023/4/13,[請益] 借券與融券遇到除權息。,25
2023/4/13,[新聞] 長榮航3月營收創歷史第3高 客運營收年增1,29
2023/4/13,[請益] 有沒有主力只吃不拉，但會小吐的,73
2023/4/13,[情報] 4/13全市場當沖虧損最多的股票,8
2023/4/13,[心得] 歷年國安基金退場後走勢,100
2023/4/13,[新聞] 未獲可成正面回應 外資股東：無論大小都,9
2023/4/13,[新聞] 綠能夯 電機機械股人氣爆棚！,11
2023/4/13,[情報] 5009 榮剛 111年第四季股利 2.5,21
2023/4/13,[新聞] 結束連3貶！新台幣收30.496元 升0.9分,18
2023/4/13,[標的]  2211.TW 長榮鋼 桃園環保概念,16
2023/4/13,[情報] 112年04月13日信用交易統計,12
2023/4/13,[新聞] 中研院送翁啟惠大禮 醣基5000張股票市值5,65
2023/4/13,[標的] 2832台產,12
2023/4/13,[情報] 5009 榮剛 買回庫藏股註銷減資基準日,16
2023/4/13,[新聞] 王力宏演唱會門票昨火速完售 寬魚國際股價,22
2023/4/13,[情報] 0413 上市櫃外資投信同買排行,1
2023/4/13,[情報] 3月 PPI指數,30
2023/4/13,[情報] 0413 上市櫃外資投信買超金額排行,1
2023/4/13,[新聞] 國安基金護盤超省！第一季「一股都沒買」,99
2023/4/13,[新聞] 快訊／國安基金操盤手親曝退場原則,7
2023/4/13,Re: [新聞] 鴻海攻電動車 明年大爆發,8
2023/4/13,[新聞] 鴻海攻電動車 明年大爆發,55
2023/4/13,Re: [情報] 國安基金退場！,42
2023/4/13,[新聞] 連三個月呈現「雙衰退」！網家3月營收32,27
2023/4/13,[情報] 112/04/13 八大公股銀行買賣超排行,21
2023/4/13,[新聞] 雄獅3月營收年增532% 今衝漲停 領軍觀光,16
2023/4/13,[情報] 國安基金退場！,100
2023/4/13,[情報] 2206 三陽工業 2月自結 EPS 0.64元,54
2023/4/13,Re: [新聞] 台積電高雄廠 改建5~7奈米以下製程,30
2023/4/13,[情報] 精剛辦理112年現金增資發行新股案,21
2023/4/13,[情報] 6176 瑞儀 111年股利 10,35
2023/4/13,[新聞] 大立光：4、5月拉貨動能差 明年導入混合,68
2023/4/13,[情報] 0413 上市外資買賣超排行,66
2023/4/13,[新聞] 張忠謀被人冒用身分詐騙 台積電呼籲不要,85
2023/4/13,[新聞] 攜手 ARM 和台積電搶生意！Intel 預告生,34
2023/4/13,[新聞] 股神巴菲特：不考慮出售任何蘋果股票,49
2023/4/13,[情報] 112年04月13日 三大法人買賣金額統計表,94
2023/4/13,[情報] 0413 上市投信買賣超排行,16
2023/4/13,[新聞] 全球2023年第一季創投融資下跌53%，新創,7
2023/4/13,[標的] 2753 八方雲集 我要成為餃子王 多,70
2023/4/13,[新聞] 美國大學教授：ChatGPT可助預測股票走勢,45
2023/4/13,Re: [新聞] 台積電高雄廠 改建5~7奈米以下製程,27
2023/4/13,[閒聊] 2023/04/13 盤後閒聊,42
2023/4/13,[新聞] 軍工股熱 這些漲停股都爆大量 漢翔進前三,54
2023/4/13,[標的] 台積電 季均線判斷波段走勢可行性,29
2023/4/13,Re: [標的] 7558.TW 群利科技 冒險多,6
2023/4/13,[情報] 2323 中環 子公司取得金沙中國普通股,20
2023/4/13,[新聞] 魏哲家帶頭買台積電46張 估斥資逾2千萬元,57
2023/4/13,[新聞] 外資股東發起「股東行動主義」可成反擊,9
2023/4/13,[新聞]中國調查台灣貿易壁壘 經部：願不設前提,49
2023/4/13,[新聞] 00919漲幅00878的2倍 網:選擇00713更好,17
2023/4/13,[新聞] 目前應該大買股票嗎？法人：時機還沒有到,38
2023/4/13,[標的] 9945潤泰新,48
2023/4/13,[新聞] 亞力 外資連敲創波段高,15
2023/4/13,[新聞] 台積電產用率 高盛猛下修,25
2023/4/13,[情報] 1210 大成- 3月營收,11
2023/4/13,[新聞] 巴菲特證實 投資台積電由他親自決定,84
2023/4/13,[請益] 關於美股PTP預扣10%,16
2023/4/13,[標的] 3481群創 面板猛虎出關送錢多,69
2023/4/13,Re: [新聞] Twitter 採購萬個 GPU，傳馬斯克發起 AI,33
2023/4/13,[新聞] 股神用ChatGPT「做1事」 巴菲特認了：,18
2023/4/13,[新聞] 台積電高雄廠 改建5~7奈米以下製程,92
2023/4/13,[閒聊] 2023/04/13 盤中閒聊,90
2023/4/13,[新聞] 美股尾盤轉跌 通膨放緩但可能不足以阻止,27
2023/4/13,[新聞] Twitter 採購萬個 GPU，傳馬斯克發起 AI,69
2023/4/13,[情報] 4104 佳醫 112年3月營收,5
2023/4/13,"[新聞] 基辛格會王文濤 英特爾也推""中國專用晶片",32
2023/4/13,Re: [新聞] 美3月CPI年增5%低於預期 但核心通膨依然,28
2023/4/13,[情報] 112年 證券、期貨公司 3月自結 eps,8
2023/4/12,[公告] 板規修訂討論 (4.3 版本) (第二版),6
2023/4/12,[情報] 112年【3月份金控股】EPS排名(全已公布),29
2023/4/12,[新聞] 美3月CPI年增5%低於預期 但核心通膨依然,15
2023/4/12,[標的] KEYS.US,2
2023/4/12,Re: [情報] 6547 高端疫苗 高端腸病毒71型疫苗取得食藥署新藥查驗登,20
2023/4/12,[新聞] 不只高雄廠？傳台積電在台擴產腳步放緩,89
2023/4/12,Re: [標的] GOOG US,1
2023/4/12,[公告] 04/12 處置公告,15
2023/4/12,[標的] 4927泰鼎KY 頂多多,22
2023/4/12,Re: [標的] SCHW US,1
2023/4/12,[情報] 112年04月12日信用交易統計,12
2023/4/12,[新聞] 美3月CPI開獎了 投資人嗨翻！美股盤前直,100
2023/4/12,Re: [標的] Nasdaq 強襲魔女集結,4
2023/4/12,[新聞] 才宣布業績創10年新高　總太地產董事長,28
2023/4/12,[新聞] 纏鬥18年終於落幕！台新金全面撤出彰銀,43
2023/4/12,"[新聞] 大陸宣布對台灣發起貿易壁壘調查 涉及2,4",38
2023/4/12,[新聞] 友達Micro LED艦隊啟航 攜手生態圈邁向量,18
2023/4/12,[情報] 美國 3 月 CPI 年增 5.0%,100
2023/4/12,[情報] 0412 上市櫃外資投信同買排行,2
2023/4/12,[情報] 6214 精誠 111年股利 5,12
2023/4/12,[情報] 6547 高端疫苗 高端腸病毒71型疫苗取得食藥署新藥查驗登記通,100
2023/4/12,[新聞] 傳超大直客美西線長約每大箱簽1400美元,21
2023/4/12,[情報] 0412 上市櫃外資投信買超金額排行,2
2023/4/12,[情報] 5871中租-KY 3月營收,15
2023/4/12,Re: [新聞] 《日股》巴菲特加持 日股連4漲,7
2023/4/12,[標的] 2498 宏達電 否極泰來多,11
2023/4/12,[新聞] 瑞典退休基金投資美3銀行大虧580億 撤換,43
2023/4/12,[情報] 112年【Q1金控含銀行】累績EPS排行,53
2023/4/12,[情報] 2897 王道銀行 3月自結0.08 累計 0.27,6
2023/4/12,[情報] 112/04/12 八大公股銀行買賣超排行,12
2023/4/12,[情報] 1609大亞處分保瑞股票,39
2023/4/12,[情報] 8478東哥遊艇3月營收,42
2023/4/12,[情報] 6721 信實 112年3月營收,3
2023/4/12,Re: [新聞] 《日股》巴菲特加持 日股連4漲,11
2023/4/12,[情報] 2610 華航 三月營收,33
2023/4/12,[情報] 2888新光金三月自結 -0.2,74
2023/4/12,[情報] 2891 中信金 3月自結0.25 累計0.66,42
2023/4/12,[情報] 2887 台新金 3月自結0.13 累計0.38,20
2023/4/12,[情報] 生達1720、敦陽科2480、零壹3029 3月營收,4
2023/4/12,[情報] 2883 開發金 3月自結0.12 累計0.21,39
2023/4/12,[新聞] 富國銀行警告：標準普爾500指數將出現10%,34
2023/4/12,[情報] 漢唐 三月營收年增227.4%,25
2023/4/12,[情報] 2501.tw 國建3月營收,19
2023/4/12,[新聞] 鴻海伺服器 飛上太空,28
2023/4/12,[情報] 2882 國泰金 112年3月自結0.17 累計0.46,57
2023/4/12,[情報] 2540 愛山林 111年度股利分配,13
2023/4/12,[情報] 1795美時 112年3月營收,7
2023/4/12,[情報] 2204 中華3月營收,4
2023/4/12,[情報] 2889 國票金 3月自結0.05 累計0.18,4
2023/4/12,[情報] 0412 上市外資買賣超排行,40
2023/4/12,[情報] 萬海3月營收 月增19.73%年減63.99%,31
2023/4/12,[情報] 2890 永豐金 3月自結0.14 累計0.41,20
2023/4/12,[情報] 2881 富邦金 112年3月自結0.52 累計1.12,38
2023/4/12,[情報] 8926 台汽電 三月營收 年增49.21%,14
2023/4/12,[情報] 2845 遠東銀 112年3月自結,39
2023/4/12,[情報] 8299群聯 3月營收,25
2023/4/12,[情報] 2646 星宇航空 112年3月營收,23
2023/4/12,Re: [請益] 0050存股改00923是否可行?,26
2023/4/12,[情報] 2206 三陽工業 112年3月營收,47
2023/4/12,[情報] 112年04月12日 三大法人買賣金額統計表,33
2023/4/12,[情報] 0412 上市投信買賣超排行,13
2023/4/12,[新聞] 達麗董事長:連雞蛋都漲 預售屋房價難降,23
2023/4/12,[情報] 6147 頎邦 112年3月營收,23
2023/4/12,[新聞] 鴻海泰國廠明年5月量產 MIH凝聚在地供應,9
2023/4/12,[情報] 中國大陸商務部啟動對台貿易壁壘調查,100
2023/4/12,[情報] 8931 大汽電 三月營收 年增45.35%,14
2023/4/12,[情報] 環泥（1104）3月營收,32
2023/4/12,Re: [標的] 9914腳踏車多,29
2023/4/12,[情報] 6143振曜 11203營收,4
2023/4/12,[情報] 2002 中鋼 3月營收,36
2023/4/12,[閒聊] 2023/04/12 盤後閒聊,23
2023/4/12,Re: [標的] 4160.TW創源  龍寶寶多,6
2023/4/12,[標的] 3038 全台 阿姨名嘴多,10
2023/4/12,[標的] 0050存股改00923是否可行?,39
2023/4/12,[新聞] 《日股》巴菲特加持 日股連4漲,6
2023/4/12,[新聞] 友達撤銷明達醫收購計畫,72
2023/4/12,[情報] 4946 辣椒 依證券商營業處所買賣有價證,19
2023/4/12,[新聞] 《國際油價》供應緊張 原油期貨反彈,5
2023/4/12,[新聞] 王美花：台積電投資高雄不變 政府會協助,87
2023/4/12,[新聞] 裕隆旗下 滙豐汽車遭奧迪終止經銷權,16
2023/4/12,[新聞] 還是美元香？俄媒：俄人大舉拋售人民幣搶,71
2023/4/12,[新聞] 巴菲特再賣比亞迪 手中持股近腰斬,34
2023/4/12,[標的] 2704.TW 國賓,0
2023/4/12,[標的] 2911 麗嬰房 龍年 出生率上升多,57
2023/4/12,[情報] 3032 偉訓 3月營收 年增39%,11
2023/4/12,Re: [標的] 敦泰3545 多 重啟多頭循環炒作,27
2023/4/12,Re: [新聞] 全球醞釀去美元化？,1
2023/4/12,[標的] 8085福華,6
2023/4/12,[新聞] 台積高雄廠 擬改先進製程,0
2023/4/12,[閒聊] 2023/04/12 盤中閒聊,98
2023/4/12,[新聞] 小摩：台積Q2恐再衰退,36
2023/4/12,[新聞] 25家美國軍火廠5月將來台,91
2023/4/12,[情報] 9958 世紀鋼 啾啾歐爸 三月營收,11
2023/4/12,[請益] 有關立積4968新聞可信度？,30
2023/4/11,Re: [情報] 6245 立端 112年3月營收,16
2023/4/11,Re: [新聞] 0056 元大高股息 規模突破2000億 創新高,48
2023/4/11,[情報] 5011 久陽 三月營收,5
2023/4/11,[新聞] 漢翔與 GE 簽訂 10 年發動機核心零組件長,11
2023/4/11,[新聞] 首季出口年減19.2％為金融海嘯最深跌幅,26
2023/4/11,[情報] 6026 福邦證 3月營收 年增208.44%,13
2023/4/11,[情報] 112年04月11日信用交易統計,9
2023/4/11,[情報] 8088 品安 112年3月營收,9
2023/4/11,[新聞] 國科會：2024年擴大投入6G,58
2023/4/11,[創作] 空蛙無間道,6
2023/4/11,[新聞] 台積電高雄廠計畫傳生變 高市府：投資高雄,56
2023/4/11,Re: [新聞] 大砍86%台積電持股！ 「股神」巴菲特親口曝原因,0
2023/4/11,[情報] 0411 上市櫃外資投信同買排行,2
2023/4/11,[新聞] 史坦普500漲勢集中 9成來自「這7檔」科技,14
2023/4/11,Re: [新聞] 大砍86%台積電持股！ 「股神」巴菲特親口曝原因,46
2023/4/11,[新聞] 巧新3月營收寫近1年半新高 客戶詢問訂單,33
2023/4/11,[新聞] 台積前進德國 面臨兩挑戰,48
2023/4/11,[情報] 1312 國喬 112年3月營收及股東會事宜,33
2023/4/11,[情報] 3209 全科112年3月自結,12
2023/4/11,[情報] 3178 公準 三月份營收,1
2023/4/11,Re: [新聞] 大砍86%台積電持股！ 「股神」巴菲特親口曝原因,30
2023/4/11,[標的] 凌群 2453,10
2023/4/11,[新聞] 大砍86%台積電持股！ 「股神」巴菲特親口曝原因,100
2023/4/11,[情報] 2427 三商電3月份營收,14
2023/4/11,[新聞] 波克夏「季沖」台積電 巴菲特親曝原因,49
2023/4/11,[新聞] 《半導體》外資挺聯詠 目標價、評等一次,11
2023/4/11,[情報] 112/04/11 八大公股銀行買賣超排行,9
2023/4/11,[情報] 2412 中華電 Q1 EPS1.24,35
2023/4/11,[情報] 0411 上市櫃外資投信買超金額排行,1
2023/4/11,[情報] 2880 華南金 3月自結0.14 累計0.37,14
2023/4/11,[新聞] 中國航海王遇逆風　Q1淨利大減75%,0
2023/4/11,[情報] 2892 第一金 3月自結0.17 累計0.5,27
2023/4/11,Re: [新聞] 台積電高雄廠28奈米晶圓量產生變？陳其,-10
2023/4/11,[新聞] 0056 元大高股息 規模突破2000億 創新高,32
2023/4/11,[情報] 2812 台中銀 3月自結0.09 累計0.29,26
2023/4/11,[新聞] 三星面臨14年來最差的季度利潤表現，短,5
2023/4/11,[請益] 訊號不在起漲點，遇到更甜價位應該？,28
2023/4/11,[情報] 8213 志超 112年3月營收,5
2023/4/11,[情報] 兩輛腳踏車3月營收,35
2023/4/11,[情報] 3090 日電貿 112年3月營收,2
2023/4/11,[情報] 1529樂事3月營收 mom+118.9% yoy+513.9%,31
2023/4/11,[情報] 4306 炎洲 112年3月營收,15
2023/4/11,[情報] 2385 群光 112年3月營收,7
2023/4/11,[情報] 5530龍巖3月營收 月增71.46%年增20.46%,27
2023/4/11,[新聞] 3月CPI年增降至2.35% 蛋類比去年大漲25%,61
2023/4/11,[情報] 0411 上市外資買賣超排行,21
2023/4/11,[情報] 4550 長佳 112年3月營收,14
2023/4/11,[情報] 1519華城3月營收 mom+241.9% yoy+84%,35
2023/4/11,[新聞] 台股Q2行情搶先曝！　老謝：外資連3月,21
2023/4/11,[情報] 3540 曜越 三月營收,26
2023/4/11,[情報] 9945 潤泰新 112年3月營收,20
2023/4/11,[情報] 2542 興富發 111年股利分派,42
2023/4/11,Re: [新聞] 全球醞釀去美元化？,4
2023/4/11,[情報] 3014 聯陽 三月營收,6
2023/4/11,[情報] 3545敦泰3月營收 月增34.32% 年增12.11%,39
2023/4/11,[情報] 5880 合庫金 3月自結0.12 累計0.35,27
2023/4/11,[新聞] 追不到直播主！唬爛鴻海將入股騙17直播營,84
2023/4/11,[情報]  3617 碩天 3月營收,6
2023/4/11,[情報] 112年04月11日 三大法人買賣金額統計表,45
2023/4/11,[情報] 8038 長園科 112年 3月營收,6
2023/4/11,[新聞] 台積電無法接受美晶片法案 王美花：盼不,0
2023/4/11,[情報] 0411 上市投信買賣超排行,21
2023/4/11,[情報] 亞通3月營收,4
2023/4/11,[情報] 3029 零壹 3月營收,5
2023/4/11,[情報] 3532 台勝科 3月營收,6
2023/4/11,[情報] 4114 健喬 112年3月營收,4
2023/4/11,Re: [新聞] 全球醞釀去美元化？,-10
2023/4/11,[情報] 1234 黑松 112年3月營收,26
2023/4/11,[閒聊] 2023/04/11 盤後閒聊,23
2023/4/11,[情報] 台塑四寶Q1搶頭香,45
2023/4/11,[情報] 2836 高雄銀 112年3月自結,6
2023/4/11,[新聞] FTX倒閉後2023的Web3寒冬 鎚圈憑什麼,7
2023/4/11,[新聞] 00919漲幅是00878的兩倍 成最大避風港,8
2023/4/11,[新聞] 晶片補貼條件苛 台積與美溝通,80
2023/4/11,[新聞] 睽違12年後訪問日本 巴菲特表明有意加碼日股,9
2023/4/11,[新聞] 台積電高雄廠28奈米晶圓量產生變？陳其,100
2023/4/11,Re: [標的] 2355敬鵬 2485兆赫,1
2023/4/11,[新聞] 驚！面板雙虎傳年底各關1廠　友達證實、,72
2023/4/11,[情報] 1513 中興電 3月營收,23
2023/4/11,[標的]6185 幃翔 看新聞做股票多,4
2023/4/11,[標的] 00670L 富邦NASDAQ正2,3
2023/4/11,[新聞] 實坪制再成話題　亞昕董座：單價恐跳漲3,100
2023/4/11,Re: [新聞] 台端踩雷停牌恢復交易首日殺跌停 7400張,55
2023/4/11,[新聞] Japan Display宣布與深圳惠科合作，雙方,11
2023/4/11,[標的] 9910 豐泰 多,1
2023/4/11,[閒聊] 2023/04/11盤中閒聊,100
2023/4/11,Re: [心得] 關於正2商品的極端風險問題,24
2023/4/11,Re: [新聞] 全球醞釀去美元化？,18
2023/4/11,[新聞] 逾2400家公發公司3月營收公告 准延後,4
2023/4/11,[標的] 00675L富邦台灣加權正二討論,6
2023/4/10,Re: [標的] PXD US,1
2023/4/10,[標的] TSN.US,6
2023/4/10,[標的] TSLA.US,44
2023/4/10,[情報] 1731 美吾華112年3月營收,4
2023/4/10,[標的] CDF05 台積電5月股期 空,4
2023/4/10,[新聞] 快新聞／拜登表態計畫2024總統大選爭取,74
2023/4/10,[情報] 2457 飛宏三月營收,14
2023/4/10,Re: [標的] JNJ-US 多,3
2023/4/10,[標的] 3380.TW 明泰 套著配都舒服多,13
2023/4/10,[情報] 4/10全市場當沖虧損最多的股票,2
2023/4/10,[心得] 海期當沖紀錄,4
2023/4/10,[新聞] 美光科技盤前漲超6% 三星減產提振信心,30
2023/4/10,[情報] 112年04月10日信用交易統計,15
2023/4/10,[情報] 6005 群益證 3月自結0.50 累計0.51,10
2023/4/10,Re: [心得] 全零股交易,3
2023/4/10,[情報] 8050 廣積 股利,7
2023/4/10,[情報] 0410 上市櫃外資投信同買排行,2
2023/4/10,[情報] 3207 耀勝 三月營收,5
2023/4/10,[情報] 6024 群益期 3月自結0.61 累計1.46,42
2023/4/10,[心得] 全零股交易,36
2023/4/10,[情報] 邦特4107、宏全9939 3月營收,11
2023/4/10,[情報] 0410 上市櫃外資投信買超金額排行,1
2023/4/10,[新聞] 高盛：AI生成內容三大商機 看好九家台廠,17
2023/4/10,[情報] 6592 和潤企業 3月營收,16
2023/4/10,[新聞] 外資首季回頭淨匯入138億美元 超越2022,16
2023/4/10,[新聞] 不妙！台積電第1季營收5086.33億元 未達,51
2023/4/10,[新聞] 高殖利率電子股崛起！0056剔除配息不佳,18
2023/4/10,[情報] 2801 彰銀 3月自結0.12 累計0.33,12
2023/4/10,[情報] 4746 台耀 3月營收,11
2023/4/10,[新聞] 台股T+2要改了？金管會：研議是否比照國,97
2023/4/10,[情報] 2603長榮 3月營收,70
2023/4/10,[情報] 9941 裕融 3月自結1.26 累計3.50,7
2023/4/10,[新聞] 《半導體》聯發科逆風挺住Q1營收目標達陣,10
2023/4/10,[情報] 3587閎康 3月營收,9
2023/4/10,[情報] 3293.TW 鈊象 3月營收,25
2023/4/10,[情報] 8097 常珵 3月營收 月增-98.66%,18
2023/4/10,[情報] 4967 十銓 三月營收,17
2023/4/10,[新聞] 蘋果 聯發科大砍單 台積電首季營收未達標,13
2023/4/10,Re: [情報] 2409 友達 112年3月,-10
2023/4/10,Re: [標的] 台積電 2330 多,10
2023/4/10,[情報] 2323 中環 子公司取得聯發科股票,19
2023/4/10,[情報] 1101 台泥 112年3月營收,19
2023/4/10,[標的] 6166凌華 冷門多(AI+IPC雙題材),17
2023/4/10,[情報] 112/04/10 八大公股銀行買賣超排行,6
2023/4/10,[新聞] 全球醞釀去美元化？,60
2023/4/10,[情報] 2834 臺企銀 3月自結0.14 累計0.43,30
2023/4/10,[情報] 3594磐儀3月營,3
2023/4/10,[情報] 航太族群 3月營收,18
2023/4/10,[情報] 2942 京站 2023年3月合併營收,5
2023/4/10,[情報] 2809 京城銀 111年股利 1.1,67
2023/4/10,[情報] 4906 正文 112年3月營收,24
2023/4/10,[情報] 3661 世芯-KY 3月營收,63
2023/4/10,[情報] 3005 神基 三月營收,4
2023/4/10,[情報] 2488 漢平112年3月營收,5
2023/4/10,[情報] 2885 元大金 3月自結0.19 累計0.46,15
2023/4/10,[情報] 3346 麗清 三月營收,1
2023/4/10,[新聞] 中共升高軍事威脅 台船、漢翔軍工題材吸,12
2023/4/10,[情報] 3693 營邦 3月營收,8
2023/4/10,[情報] 4126 太醫 112年3月營收,11
2023/4/10,[情報] 高端疫苗3月營收0元,100
2023/4/10,[新聞] IDC：Q1全球PC出貨量暴減29% 蘋果狂減4,21
2023/4/10,[情報] 0410 上市外資買賣超排行,35
2023/4/10,[情報] 2884 玉山金 3月自結0.14 累計0.42,19
2023/4/10,[情報] 5269 祥碩 3月營收 月增72.3% 年增37.5%,6
2023/4/10,[情報] 1231 聯華食 112年3月營收,8
2023/4/10,[情報] 5233 有量 112年3月營收,18
2023/4/10,[情報] 4111 濟生 112年3月營收,22
2023/4/10,Re: [請益] 降息前多久美債反轉？ (附fedwatch,4
2023/4/10,[情報] 5536聖暉112年3月營收,3
2023/4/10,[情報] 0410 上市投信買賣超排行,6
2023/4/10,[新聞] 台積電3月營收創17個月新低 首季表現低於,82
2023/4/10,[情報] 2303 聯電 112年3月營收,17
2023/4/10,[情報] 112年04月10日 三大法人買賣金額統計表,22
2023/4/10,[情報] 2357 華碩 112年3月,11
2023/4/10,[情報] 8150 南茂 112年3月營收,0
2023/4/10,[情報] 3706 神達 112年3月營收,8
2023/4/10,[情報] 6163 華電網 3月營收,44
2023/4/10,[情報] 聯詠3月營收 月增20.15%年減26.37%,12
2023/4/10,[情報] 2705六福3月營收 月減4.73%年增56.31%,2
2023/4/10,[新聞] 國瑞整車外銷 看增兩位數,8
2023/4/10,[閒聊] 2023/04/10 盤後閒聊,35
2023/4/10,[情報] 2409 友達 112年3月,19
2023/4/10,[情報] 2330台積電3月營收 mom-10.9% yoy-15.4%,100
2023/4/10,[情報] 2884 玉山金 112年3月,19
2023/4/10,[新聞] 〈華城專訪〉電動車充電樁傳捷報 獨吞頂,7
2023/4/10,[新聞] 高股息ETF 00919報酬率超越00878的2倍,27
2023/4/10,Re: [請益] 降息前多久美債反轉？ (附fedwatch,37
2023/4/10,Re: [請益] 降息前多久美債反轉？ (附fedwatch,30
2023/4/10,Re: [標的] 邁達特6112-想要辭職多,6
2023/4/10,[創作] 籌碼K線APP Q1季度使用回顧 送權限,100
2023/4/10,[新聞] 歐銀危機、景氣藍燈 國安基金續護盤與否,35
2023/4/10,[情報] 6176瑞儀 112年3月營收,11
2023/4/10,[情報] 6472保瑞 112年3月營收,10
2023/4/10,[請益] 降息前多久美債反轉？ (附fedwatch,63
2023/4/10,[標的] 長榮2603 罷工結束 在空一輪..,3
2023/4/10,[閒聊] 2023/04/10 盤中閒聊,100
2023/4/10,[新聞] 海運價醞釀新一波漲勢,56
2023/4/10,[標的] 2357.tw 華碩 ROG Ally討論,37
2023/4/10,[請益] 減資與增資的問題,1
2023/4/09,[新聞] 杭州阿里註冊資本從122億減至1億 引猜測,42
2023/4/09,[標的] 1789 神隆 多方心得,29
2023/4/09,Re: [新聞]防疫險衝擊5產險資本嚴重不足 和泰富邦等4,26
2023/4/09,[參選]aloness,53
2023/4/09,[新聞] 鴻海3年砸250億投資高雄！亞灣設南區總部,16
2023/4/09,[標的] 元太(8069.TW) 請益,64
2023/4/09,[公告] 板規修訂討論 (4.3 版本),1
2023/4/09,[參選] rayccccc,37
2023/4/09,[新聞] 中美科技戰 東協、印度得利,8
2023/4/09,[新聞] 從工業生產、服務業、不動產業來綜觀整,4
2023/4/09,[新聞] 興櫃超旺 軍工股暴衝,33
2023/4/09,[心得] 各大外資調整目標價對後市影響,77
2023/4/09,[新聞] 郭台銘曬與OPEN AI創辦人共餐照　親邀來,46
2023/4/09,[公告] 04/09 處置公告,50
2023/4/09,[新聞] 高通打價格戰 外資：聯發科毛利壓力加大,30
2023/4/09,[請益] 快市仍正常的報價軟體EX:2021/5/12(三),4
2023/4/09,[新聞] 存貨竟低過2021年!謝金河讚電子9廠見到光,79
2023/4/09,Re: [新聞] 捶心肝！2023年第1季當沖客慘賠52.03億元,38
2023/4/09,[請益] 鈺邦公開收購零股被退回,0
2023/4/08,[新聞] 5度砍價！美特斯拉降幅2到6%　X/S系列便,86
2023/4/08,[新聞] 鴻海董事長劉揚偉獲陽交大名譽博士雙學位,18
2023/4/08,[新聞] 海運業鬆一口氣！美西港口恢復作業 工人,46
2023/4/08,Re: [標的] 三陽機車多,27
2023/4/08,[新聞] 餐飲西進大迴轉 瓦城斷腕、雅茗煞車,75
2023/4/08,Re: [請益] 黑天鵝是否已經逼近了?,5
2023/4/08,[新聞] 谷歌搜尋引擎 將納AI聊天功能,20
2023/4/08,[新聞] 捶心肝！2023年第1季當沖客慘賠52.03億元,58
2023/4/08,[情報] 2482連宇 112年3月營收,20
2023/4/08,[新聞] 高盛、畢馬威、摩根士丹利因發表誤導性聲,49
2023/4/08,Re: [新聞] 疫苗無突破股價卻狂飆…陳時中頻釋利,67
2023/4/08,[新聞] 疫苗無突破股價卻狂飆…陳時中頻釋利,100
2023/4/08,[新聞] 元宇宙熱潮正在消退中，距離虛擬世界的,64
2023/4/08,[新聞] 台股萬六情怯 法人建議減持股票,78
2023/4/08,[心得] 統計成敗紀錄，檢討後強制修正,19
2023/4/08,Re: [請益] 各位都是怎麼找標的選股的？,14
2023/4/08,Re: [新聞] 投資大師羅傑斯：比2008年更恐怖的危機,21
2023/4/08,[心得]04/10~04/14 世界經濟數據&美股財報行事曆,22
2023/4/08,[新聞] 需求疲軟 大摩下修台積展望,45
2023/4/08,Re: [請益] 美國的通貨膨脹,1
2023/4/08,[新聞] 台郡高頻軟板技術切入美系頭戴裝置供應,6
2023/4/08,[新聞] 高盛也搞烏龍 錯把空單當多單被重罰,36
2023/4/08,[情報]  3360 尚立 112年3月營收,10
2023/4/08,[公告] 04/08 處置公告,0
2023/4/08,[新聞] 一週熱門零股 國泰永續高股息 最搶手,12
2023/4/08,[情報] 4735豪展3月營收,2
2023/4/08,Re: [請益] 各位都是怎麼找標的選股的？,57
2023/4/08,Re: [請益] 美國的通貨膨脹,52
2023/4/08,[請益] 美國的通貨膨脹,66
2023/4/08,[情報] 3406 玉晶光112年3月營收,4
2023/4/08,Re: [新聞] 近5年最冷 六都Q1房市交易年減24.1%,7
2023/4/07,[新聞] 美3月就業數據訊息混亂 Fed再升息1碼機率,36
2023/4/07,[情報] 6488 環球晶 112年3月營收,40
2023/4/07,Re: [新聞]昱展治鴉片成癮新藥授權國際大廠 授權金,3
2023/4/07,Re: [新聞] 蘋果M2晶片減產 牽動台積,12
2023/4/07,[新聞] 郭哲榮：CPI數據告訴你 台股噴上萬六就是,66
2023/4/07,[情報] 0407 上市櫃外資投信同買排行,3
2023/4/07,[新聞] Fed主席偏愛的衰退指標暗示「降息將至」,50
2023/4/07,[新聞] 近5年最冷 六都Q1房市交易年減24.1%,55
2023/4/07,[情報] 112年04月07日信用交易統計,0
2023/4/07,[情報] 3月非農就業跟失業率,84
2023/4/07,[情報] 0407 上市櫃外資投信買超金額排行,2
2023/4/07,[情報] 2886 兆豐金 3月自結0.21 累計0.77,43
2023/4/07,[新聞] 陸IC設計廠賠錢棄產能 聯電賺1.2億違約金,32
2023/4/07,[情報] 1605 華新  112年3月營收,10
2023/4/07,[新聞] 美國洛杉磯及長灘港突然停擺 恐影響運價,64
2023/4/07,[新聞] 蘋果M2晶片減產 牽動台積,46
2023/4/07,[情報] 112/04/07 八大公股銀行買賣超排行,4
2023/4/07,[情報] 4743 合一 112年3月營收,38
2023/4/07,[情報] 6285 啟碁 112年3月營收,28
2023/4/07,[情報] 8016 矽創 112年3月營收,6
2023/4/07,[情報] 2421建準3月營收12.1億 MOM18.01%,4
2023/4/07,[情報] 2323 中環 子公司處分陽明海運普通股,20
2023/4/07,[新聞] 臺慶科Q2營運仍淡，車用、網通Q3起拉貨轉強，攜手鈺邦擴利,44
2023/4/07,[情報] 敦泰資本公積發放現金 0.5元,33
2023/4/07,[新聞] 巴西尋求和中國合作建立自己的半導體產業,100
2023/4/07,[情報] 8467 波力-KY 112年3月營收,18
2023/4/07,[情報] 巨有科技3月營收0.64億，年減2.05%,27
2023/4/07,[情報] 0407 上市外資買賣超排行,36
2023/4/07,[新聞] 「蔡麥會＋美賣飛彈」讓軍工股衝漲停？,9
2023/4/07,[情報] 2809 京城銀 3月自結-0.05 累計0.76,39
2023/4/07,[情報] 2327 國巨 112年3月營收,6
2023/4/07,[情報] 1598 岱宇 112年3月營收,1
2023/4/07,[情報] 4958臻鼎-KY 112年3月營收,17
2023/4/07,[情報] 6147頎邦2月自結EPS 0.32,39
2023/4/07,[情報] 0407 SCFI 指數 956.93 (+33.15),47
2023/4/07,[情報] 3231 緯創 112年3月營收,21
2023/4/07,[標的] 台耀4746 阿姨40萬資金多,51
2023/4/07,Re: [新聞] AI晶片競爭開跑，谷歌公布第四代TPU，宣,25
2023/4/07,[情報] 112年04月07日 三大法人買賣金額統計表,38
2023/4/07,[情報] 5516.TW 雙喜3月財報 第一季年增47.32%,3
2023/4/07,[情報] 0407 上市投信買賣超排行,9
2023/4/07,[情報] 8086 宏捷科 3月營收1.18億 MOM+12.48%,7
2023/4/07,[情報] 8069元太3月營收 mom-1.7% yoy-1%,28
2023/4/07,[情報] 2450 神腦 112年3月營收,2
2023/4/07,[新聞] 2023高配息股出爐！11檔殖利率突破10%,36
2023/4/07,[情報] 5347世界 112年3月營收,31
2023/4/07,[情報] 6669緯穎3月營收 mom+51.4% yoy+43.3%,26
2023/4/07,[新聞] 外冷內溫 3月PMI跌至緊縮,16
2023/4/07,[閒聊] 2023/04/07 盤後閒聊,19
2023/4/07,[標的] 有沒有穩定的[價差股]可以推薦?,41
2023/4/07,[新聞] 股市大戶「凱基松山哥」慘了！涉炒作高端,100
2023/4/07,[新聞] 凱基全球菁英55(00926) 全產業ETF問世,33
2023/4/07,Re: [請益] 新股認購但不是認購母公司,1
2023/4/07,Re: [標的] 敦泰3545 多 重啟多頭循環炒作,5
2023/4/07,[情報] 郭明錤推特,9
2023/4/07,[新聞] IMF總裁示警全球經濟成長前景:30年來最差,54
2023/4/07,[標的] 紅木KY淡季不淡多,9
2023/4/07,[新聞] AI晶片競爭開跑，谷歌公布第四代TPU，宣,27
2023/4/07,[新聞] 不再堅持！三星預計首季獲利暴跌 96%，,100
2023/4/07,[新聞] 快訊／抗癌戰將慘了！高端股價飆13倍涉,62
2023/4/07,[新聞] 愛國者飛彈控制箱「最大供應商」在台灣,25
2023/4/07,Re: [情報] 2498宏達電3月營收 mom+102.6% yoy+19.7%,37
2023/4/07,[閒聊] 2023/04/07盤中閒聊,100
2023/4/07,[新聞] NB出貨 將擺脫連五季頹勢,22
2023/4/07,[標的] 3037 欣興 麵包去庫存多,25
2023/4/06,[情報] 0406 上市櫃外資投信同買排行,2
2023/4/06,[標的] 6664 群翊,17
2023/4/06,[情報] 4/6全市場當沖虧損最多的股票,21
2023/4/06,[新聞] 宏達電3月營收雙增，台美合作與DeepSig簽MOU研發全新5G專網,37
2023/4/06,[新聞] 危機變轉機 台灣50正2複利效果好威,40
2023/4/06,[標的] 4111.TW 濟生 短多,31
2023/4/06,[新聞] 快訊／以色列遭30枚火箭彈空襲　以軍隨即,64
2023/4/06,[新聞] 台南無人機隊科技救災,9
2023/4/06,[新聞]防疫險衝擊5產險資本嚴重不足 和泰富邦等4,15
2023/4/06,[情報] 112年04月06日信用交易統計,17
2023/4/06,[標的] SCHW US,21
2023/4/06,[新聞] 材料-KY首季15.61億元連四季創新高,22
2023/4/06,[標的] 邁達特6112-想要辭職多,52
2023/4/06,Re: [標的] GOOG US,30
2023/4/06,[新聞] 4產險業被點名「資本嚴重不足」需再增資!,29
2023/4/06,[新聞] 美升息近尾聲 投資級債布局良機,46
2023/4/06,[新聞] 台股年輕化！3月新增1.1萬名「少年股神」,64
2023/4/06,[新聞] 中國唯捷創芯終止聯電產能保障協議，支,24
2023/4/06,[情報] 2838 聯邦銀 3月自結0.12 累計0.33,13
2023/4/06,[情報] 0406 上市櫃外資投信買超金額排行,4
2023/4/06,[情報] 112/04/06 八大公股銀行買賣超排行,13
2023/4/06,[情報] 3689 湧德 3月營收,17
2023/4/06,[情報] 為升3月營收4.58億元年增30.56%,6
2023/4/06,[情報] 0406 上市外資買賣超排行,51
2023/4/06,[新聞] 抵制聲浪不見了！六福村連假祭出優惠爆,73
2023/4/06,[新聞] 長榮船菲律賓遇海盜夜襲　抵死不從,96
2023/4/06,[情報] 112年04月06日 三大法人買賣金額統計表,47
2023/4/06,[情報] 0406 上市投信買賣超排行,9
2023/4/06,[情報] 2498宏達電3月營收 mom+102.6% yoy+19.7%,100
2023/4/06,[情報] 6235華孚 112年3月營收,32
2023/4/06,[情報] 3443 創意  3月營收,12
2023/4/06,[閒聊] 2023/04/06 盤後閒聊,31
2023/4/06,[情報] 3023 信邦 三月營收,22
2023/4/06,[新聞] 「蔡麥會」挫台股？黃天牧：不可能沒影響,24
2023/4/06,[新聞] 鴻海代工電動農用車 交貨了,42
2023/4/06,[新聞] 美國2月貿易逆差連續3個月擴大至705億美,12
2023/4/06,[新聞] 台端踩雷停牌恢復交易首日殺跌停 7400張,45
2023/4/06,[情報] 預告我國112年5月15日起停止施行與薩爾,29
2023/4/06,Re: [新聞] 勞動基金2月虧損317.7億,26
2023/4/06,[新聞] 軍工股千附精密衝漲停達99.5元 創新天價,15
2023/4/06,Re: [請益] 經濟硬著陸，股市會怎麼走？怎麼因應？,40
2023/4/06,[心得] 3/20 交易所的新措施(虛掛假單的處置),18
2023/4/06,[閒聊] 2023/04/06 盤中閒聊,100
2023/4/06,[新聞] 記憶體業急單來了 力成、群聯率先甩開低,39
2023/4/06,[新聞] 蔡總統會美眾院議長／台股壓力測試,38
2023/4/05,[新聞] 庫克看好頭戴裝置前景,46
2023/4/05,[新聞] 00631L規模翻倍、股東僅小增百人　法人：,77
2023/4/05,Re: [新聞] 葉倫批OPEC+減產 增添經濟不確定性,52
2023/4/05,[新聞] 黑石集團BREIT面臨45億美元贖回壓力,61
2023/4/05,[公告] 04/05 處置公告,0
2023/4/05,[新聞] 美股市場情緒低於金融危機 美銀：可能是,36
2023/4/05,Re: [情報] ADP 3月小非農公佈,26
2023/4/05,Re: [情報] ADP 3月小非農公佈,8
2023/4/05,Re: [標的] PM.US,3
2023/4/05,Re: [情報] ADP 3月小非農公佈,36
2023/4/05,[新聞] 央行：美銀行危機非雷曼時刻 但類似43年,9
2023/4/05,[新聞] 半導體拚連假後開紅盤 凱基升評聯詠,19
2023/4/05,[情報] ADP 3月小非農公佈,44
2023/4/05,[新聞] 第二代驍龍7+有多強？聯發科天璣後續晶片,48
2023/4/05,[新聞] 馬來西亞提議成立亞洲貨幣基金 減少依賴,100
2023/4/05,[新聞] 台股四利多 軋空股喊衝,45
2023/4/05,[請益] 總經要如何用才對投資有幫助?,46
2023/4/05,[新聞] 大賣空本尊才認看錯　謝金河補刀：趨勢,33
2023/4/05,[新聞] 毛豬交易價每公斤99元創新高 農委會不排,51
2023/4/05,[新聞] 鴻海首季營收1.46兆創同期新高 估第二季,14
2023/4/05,[情報] 2317鴻海 3月營收,87
2023/4/05,Re: [新聞] 長榮獲利創新高 送股東「雙飲隨行杯」,0
2023/4/05,[新聞] 1分鐘看世界／SK海力士發行可轉債 成功籌,0
2023/4/05,Re: [心得] 投等債ETF在資產配置的效用與特色,9
2023/4/05,[新聞] 手機需求冷 大立光:4月拉貨動能比3月差,76
2023/4/05,[新聞] 長榮獲利創新高 送股東「雙飲隨行杯」,99
2023/4/05,Re: [新聞] 葉倫批OPEC+減產 增添經濟不確定性,17
2023/4/05,[新聞] 葉倫批OPEC+減產 增添經濟不確定性,37
2023/4/05,[新聞] ECB示警商用不動產基金,24
2023/4/05,[標的] KRE 區域銀行指數,21
2023/4/05,[新聞] 拜登：AI是否危險有待觀察科企有責任確保,19
2023/4/05,Re: [心得] 透過新聞抓到不錯的標的,4
2023/4/05,Re: [請益] 複利的計算問題,2
2023/4/04,[請益] 複利的計算問題,23
2023/4/04,Re: [標的] UCO.US 二倍槓桿油 多,4
2023/4/04,Re: [新聞] 張忠謀：半導體全球化已死　晶片業停止成長進新賽局,11
2023/4/04,[新聞] 推特鳥被「柴犬」取代！馬斯克曝改變原因,45
2023/4/04,[新聞] 台積電車用晶片客戶 轉單三星,50
2023/4/04,[新聞] 三利多支撐 小摩估亞股本季看漲9%,24
2023/4/04,[新聞] 台積電美國廠爆新難題？外媒：與英特爾搶,63
2023/4/04,[新聞] 恩智浦稱與台積電討論印度設廠,31
2023/4/04,[標的] 2357華碩 總統銷庫存多,20
2023/4/04,[新聞] 日本央行副總裁：只要條件具備 YCC政策,30
2023/4/04,[標的] UCO.US 二倍槓桿油 多,16
2023/4/04,[新聞]「鷹王」布拉德:油價上漲讓打擊通膨更困難,67
2023/4/04,[新聞] Dogecoin jumps more than 30% after Mus,16
2023/4/04,[新聞] 〈能源盤後〉OPEC+5月起減產逾百萬桶,35
2023/4/04,[新聞] 油價長期走漲 通膨壓力更大,25
2023/4/04,Re: [新聞] 張忠謀：半導體全球化已死　晶片業停止成長進新賽局,62
2023/4/04,Re: [請益] 「人多的地方不要去」適用於債券嗎？,7
2023/4/04,[心得] 透過新聞抓到不錯的標的,54
2023/4/03,[請益] 經濟硬著陸，股市會怎麼走？怎麼因應？,60
2023/4/03,Re: [新聞] 富爸爸》作者：日本央行 將是一個倒下的,46
2023/4/03,[新聞] 雖上季大漲 策略師普遍看空美國科技股後,34
2023/4/03,[標的] 世芯3661的自由現金流怎麼負兩年了？,18
2023/4/03,Re: [標的] UNG 定期定額天然氣,6
2023/4/03,[新聞] 富爸爸》作者：日本央行 將是一個倒下的,60
2023/4/03,[標的]  那斯達克.美國 夢想氣球起飛 空,32
2023/4/03,[請益] 如何看待誠信不佳的公司？,41
2023/4/03,[新聞] 特斯拉Q1全球交車量創新高 逾42萬輛,45
2023/4/03,[情報] 8046南電3月營收 mom+6.2% yoy-16.06%,36
2023/4/03,[新聞] 疫情期間玩股票賠500萬元 妻遭夫涉毆打致,100
2023/4/03,[請益] 基本面操作跟內線的差別？,37
2023/4/03,[新聞] 需求看旺 台積3奈米單 2024年拚滿檔,40
2023/4/03,[新聞] AI 軍備大戰開打 台積電受惠,28
2023/4/03,[新聞] 英特爾新世代GPU 台積電全吃,55
2023/4/03,Re: [新聞] 沙烏地為首油國5月起日減產逾百萬桶 恐衝,31
2023/4/03,Fw: [公告] Assisi解任Stock與StockPicket板主職務,55
2023/4/03,[新聞] 企業財報打冷顫！ 謝金河：關鍵在一數字,4
2023/4/03,[新聞] 沙烏地為首油國5月起日減產逾百萬桶 恐衝,100
2023/4/02,[新聞] Q2景氣落底 逢低卡位好時機,36
2023/4/02,[新聞] 中國反擊美晶片制裁 高通風險遠大於美光!,45
2023/4/02,[標的] 大盤 歷史紀錄多,32
2023/4/02,[新聞] 清明變盤？法人：近10年台股 Q2漲多跌少,57
2023/4/02,[創作] 韭靈王 (發錢),100
2023/4/02,[情報] 4766 南寶現金股利10元,14
2023/4/02,[新聞] 美股四大指數全面收紅 台積ADR同步走揚,42
2023/4/02,[新聞] 美股愈震愈高 那指Q1飆17%,35
2023/4/02,[心得] 投等債ETF在資產配置的效用與特色,31
2023/4/02,Re: [標的] 4904.TW 遠傳 多,72
2023/4/02,"[標的] 878,692,675L  200W要歐印該怎麼選？",52
2023/4/02,Re: [標的] UNG 定期定額天然氣,24
2023/4/01,[公告] 04/01 處置公告,0
2023/4/01,[新聞] 聯準會理事：通膨展望已惡化 升息行動恐,99
2023/4/01,[新聞] 喊存高股息股票會成夢魘！他卻被酸爆,100
2023/4/01,[請益] 存ETF會看投信公司的規模嗎？,32
2023/4/01,[新聞] 群益台灣精選高息(00919)Q1高股息績效王,7
2023/4/01,[請益] 桃機爆滿 出入境上看10萬人次 概念股,100
2023/4/01,[新聞] 豬價飆 八方雲集台灣展店改衝蔬食,31
2023/4/01,Re: [請益] 怎麼解決不敢ALL IN的心魔,32
2023/4/01,[新聞] 高壓GaN元件正往電動車變頻器市場前進，,20
2023/4/01,[新聞] 華為遭拜登虐殺 還是活下來！董座拿這花,12
2023/4/01,Re: [請益] 怎麼解決不敢ALL IN的心魔,11
2023/4/01,[新聞] 2月製造業景氣 連亮第4顆藍燈,73
2023/4/01,Re: [新聞] 定存台幣4446萬！她想領錢被拒：銀行,6
2023/4/01,[新聞] 義大利封鎖ChatGPT！官方：有嚴重疑慮,88
2023/4/01,[請益] 「人多的地方不要去」適用於債券嗎？,52
2023/4/01,Re: [標的] TSLA.US 拯救推進器多,18
2023/4/01,[心得] 04/03 ~ 04/07 世界經濟數據行事曆,14
2023/4/01,Re: [請益] 怎麼解決不敢ALL IN的心魔,8
2023/4/01,[新聞] 定存台幣4446萬！她想領錢被拒：銀行說要,100
2023/4/01,Re: [新聞] 台端投資基金踩雷 一口氣提列損失16.82億元,12
2023/4/01,[新聞] Google和DeepMind擱置恩怨 合作攻OpenAI,21
2023/4/01,[新聞] 國安基金13日開會 討論是否繼續護盤,81
2023/4/01,Re: [請益] 怎麼解決不敢ALL IN的心魔,8
2023/4/01,Re: [新聞] 美晶片法案讓台半導體好委屈 王美花：全,9
2023/4/01,Re: [新聞] 美2月PCE回落 台指期夜盤急拉慶賀,19
2023/4/01,[新聞] 美晶片法案讓台半導體好委屈 王美花：全,1
2023/4/01,[新聞] 謝金河：台灣今年有4大亮點產業「看起來,42
2023/4/01,[新聞] 美通膨降溫 升息接近終點,14
2023/4/01,[新聞] 世銀上修亞太經濟成長,3
2023/4/01,[心得] 關於正2商品的極端風險問題,62
2023/4/01,Re: [請益] 怎麼解決不敢ALL IN的心魔,4
2023/4/01,[請益] Re: [情報] 3432 台端 04月06日起恢復交易,6
2023/4/01,[新聞] 大陸網信辦對美光在華銷售產品 實施網路,29
2023/4/01,[新聞] 北極星藥業-KY　4／6起得融資券,8
2023/4/01,[新聞] 合一傷口醫材賣向美國、印度,25
2023/3/31,Re: [標的] Nasdaq 強襲魔女集結,12
2023/3/31,[新聞] 〈合一法說〉糖尿病足新藥中國藥證提供最,9
2023/3/31,[新聞] 美2月PCE回落 台指期夜盤急拉慶賀,14
2023/3/31,Re: [新聞] 投資大師羅傑斯：比2008年更恐怖的危機,0
2023/3/31,[情報] 3/31全市場當沖虧損最多的股票,20
2023/3/31,[新聞] 雷虎向捷克參訪團展示全球首創中大型無人,11
2023/3/31,[情報] 1218泰山 111年EPS 12.17,32
2023/3/31,[情報] 112年03月31日信用交易統計,12
2023/3/31,[新聞] 堵攔中國！日本宣布管制23類半導體設備出,53
2023/3/31,[新聞] 8公股銀行明發6000元！,88
2023/3/31,Re: [新聞] 投資大師羅傑斯：比2008年更恐怖的危機,10
2023/3/31,[新聞] 美2月核心PCE年增4.6% 低於預期,56
2023/3/31,Re: [情報] 3432 台端 04月06日起恢復交易,23
2023/3/31,[情報] 0331 上市櫃外資投信同買排行,6
2023/3/31,[情報] 0331 上市櫃外資投信買超金額排行,0
2023/3/31,[新聞] 萬海曝「新約價勢必比目前現貨價高」料,37
2023/3/31,[新聞] 8000多名幸運兒連假前先拿到6000！　王,38
2023/3/31,[新聞] 投行分析師：蘋果應收購迪士尼 市值有望,14
2023/3/31,[情報] 112/03/31 八大公股銀行買賣超排行,18
2023/3/31,Re: [情報] 3432 台端 04月06日起恢復交易,19
2023/3/31,[情報] 8454 富邦媒　111年股利15+1,21
2023/3/31,[情報] 3432 台端 04月06日起恢復交易,38
2023/3/31,[情報] 3034聯詠現金股利37元,25
2023/3/31,[新聞] 投資大師羅傑斯：比2008年更恐怖的危機,80
2023/3/31,[情報] 6657 華安 初次上市前現金增資發行新股,94
2023/3/31,[新聞] 特斯拉也想與寧德時代合作 在美建電池廠,8
2023/3/31,[情報] 0331 上市外資買賣超排行,29
2023/3/31,[標的] 3037.TW欣興點燈點紅燈 長線看多,56
2023/3/31,[情報] SCFI 20230331 923.78 +15.43,43
2023/3/31,[情報] 112年03月31日 三大法人買賣金額統計表,100
2023/3/31,[情報] 0331 上市投信買賣超排行,21
2023/3/31,Re: [請益] 幫小孩長期投資要買大盤還是正2？,100
2023/3/31,Re: [新聞] 台端投資基金踩雷 一口氣提列損失16.82億元,32
2023/3/31,[標的] 6548.TW長科* 今天是吃了甚麼無敵**多,24
2023/3/31,[閒聊] 2023/03/31 盤後閒聊,22
2023/3/31,Re: [請益] 幫小孩長期投資要買大盤還是正2？,18
2023/3/31,[新聞] 台端投資基金踩雷 一口氣提列損失16.82億元,25
2023/3/31,Re: [情報] FED從升息至今已經虧損411億美元,13
2023/3/31,[新聞] 普發6000提前今入帳？財部疑「王道銀行,41
2023/3/31,[新聞] 南韓貿易部長：美晶片補貼標準對企業來,22
2023/3/31,[新聞] 環球晶：看到兩隻春燕飛來,52
2023/3/31,[情報] 3432 台端 111年EPS -17.57,91
2023/3/31,Re: [情報] FED從升息至今已經虧損411億美元,12
2023/3/31,[新聞] 觀察全球半導體主要供應國與台灣的競合,0
2023/3/31,[情報] 3432 台端 辦理重大訊息記者會,61
2023/3/31,[情報] FED從升息至今已經虧損411億美元,59
2023/3/31,[標的] 軍工過節多,8
2023/3/31,[新聞] 美補助晶片 要看營業祕密,53
2023/3/31,[請益] 幫小孩長期投資要買大盤還是正2？,94
2023/3/31,Re: [新聞] 人民幣大消息！這個大國宣布：拋開美元，與中國直接本,8
2023/3/31,[新聞] 川普起訴案可能帶給美股、經濟麻煩,16
2023/3/31,[新聞] 談美晶片法案補助！劉德音直言：有些限,19
2023/3/31,[標的] 智原 3035 空,21
2023/3/31,[新聞] 台積電全年營運承壓超預期　NVIDIA新單縮,59
2023/3/31,Re: [新聞] 人民幣大消息！這個大國宣布：拋開美元，與中國直接本,-10
2023/3/31,[新聞] 【Yahoo早盤】台股悶！專家建議保留現金,28
2023/3/31,[新聞] 英特爾第四代Xeon晶片大出貨 股價29日飆,21
2023/3/31,Re: [新聞] 人民幣大消息！這個大國宣布：拋開美元，與中國直接本,73
2023/3/31,[閒聊] 2023/03/31盤中閒聊,100
2023/3/31,[新聞] 美上周初領失業金人數增加至19.8萬 3周,35
2023/3/31,Re: [新聞] 人民幣大消息！這個大國宣布：拋開美元，與中國直接本,-10
2023/3/31,Re: [新聞] 人民幣大消息！這個大國宣布：拋開美元，與中國直接本,11
2023/3/31,[新聞] 喊賣的「大空頭」Burry認錯並恭喜逢低買,100
2023/3/31,Re: [新聞] 人民幣大消息！這個大國宣布：拋開美元，與中國直接本,36
2023/3/31,[心得] xq量化積木的推出之小額散戶感想,3
2023/3/31,[新聞] ASEAN Finance Ministers and Central Banks Consider D,0
2023/3/30,Re: [新聞] 人民幣大消息！這個大國宣布：拋開美元，與中國直接本,4
2023/3/30,[新聞] 談美晶片補助 劉德音:部分限制無法接受,97
2023/3/30,[新聞] 啟碁多元產品搶市 外資續讚、看126元,24
2023/3/30,Re: [新聞] 人民幣大消息！這個大國宣布：拋開美元，與中國直接本,14
2023/3/30,Re: [請益] 2千萬流動資產沒房沒車能靠投資過一生嗎,17
2023/3/30,Re: [新聞] 人民幣大消息！這個大國宣布：拋開美元，與中國直接本,0
2023/3/30,Re: [標的] GOOG US,4
2023/3/30,[情報] 3/30全市場當沖虧損最多的股票,33
2023/3/30,[標的] 6196帆宣 自動化與AI的結合,28
2023/3/30,[標的] 2457 飛宏,46
2023/3/30,[情報] 112年03月30日信用交易統計,24
2023/3/30,Re: [新聞] 多項指標顯示Fed可能5月啟動降息,10
2023/3/30,Re: [情報] 2636 台驊投控 取得陽明股票,18
2023/3/30,Re: [新聞] 人民幣大消息！這個大國宣布：拋開美元，與中國直接本,48
2023/3/30,[情報] 0330 上市櫃外資投信同買排行,4
2023/3/30,[標的] 2355敬鵬 2485兆赫,9
2023/3/30,Re: [新聞] 人民幣大消息！這個大國宣布：拋開美元，與中國直接本,99
2023/3/30,[情報] 112/03/30 八大公股銀行買賣超排行,5
2023/3/30,[情報] 9914 美利達 111年 EPS:11.34 股利:7,46
2023/3/30,Re: [心得] 現在就是標準的通膨反覆現象,31
2023/3/30,[情報] 2636 台驊投控 取得陽明股票,52
2023/3/30,[情報] 5608 四維航 111年股利 1.5 現增發股事宜,19
2023/3/30,[情報] 6195詩肯 111年4.3 股利3.4,29
2023/3/30,[情報] 0330 上市櫃外資投信買超金額排行,1
2023/3/30,[情報] 5213 亞昕 111年股利 0.73+0.7 現增發股,3
2023/3/30,[新聞] 紀念品/永豐金股東會紀念品「豐收盤」長5,75
2023/3/30,[情報] 4207環泰開獎,0
2023/3/30,[情報] 3711 日月光投控股利開獎 8.8,74
2023/3/30,[請益] 2230 泰茂 2022年淨利 年增 4145.69%,5
2023/3/30,[情報] 0330 上市外資買賣超排行,24
2023/3/30,[新聞] 英飛凌調高財測 雙引擎熱轉,4
2023/3/30,[新聞] 人民幣大消息！這個大國宣布：拋開美元，與中國直接本,84
2023/3/30,[新聞] 從福特的計畫看，傳統汽車廠從電動車獲利,19
2023/3/30,[心得] 現在就是標準的通膨反覆現象,26
2023/3/30,[標的] 3443 3661 創意世芯節後回補多,26
2023/3/30,[新聞] 00878別無腦定期定額存股了…會侵蝕收益,57
2023/3/30,[新聞] 永豐金：去年ROE居14家金控第1 台灣不會,14
2023/3/30,[情報] 112年03月30日 三大法人買賣金額統計表,73
2023/3/30,[情報] 0330 上市投信買賣超排行,18
2023/3/30,[情報] 3017 奇鋐 上市增資 4/12抽籤 每股95元,41
2023/3/30,[新聞] 證交所調整當沖違約交割違約金計算 新制,33
2023/3/30,[新聞] Yahoo奇摩股市App公布第一季「十大爆紅台,14
2023/3/30,[閒聊] 2023/03/30 盤後閒聊,41
2023/3/30,[情報] 2937集雅社 開獎,11
2023/3/30,[情報]1608華榮開獎,2
2023/3/30,[新聞] 晶片戰是美國的陰謀？拜登挨批自斷手腳,-10
2023/3/30,[新聞] 兩大利空襲擊八方雲集 股價跳水早盤一度,33
2023/3/30,[標的] 2382廣達 微軟伺服器代工 多,31
2023/3/30,[情報] 00713收益分配,40
2023/3/30,Re: [新聞] 多項指標顯示Fed可能5月啟動降息,100
2023/3/30,[新聞] 綠色經濟的最佳夥伴！中台資源科技致力發,4
2023/3/30,[新聞] 蘋果進軍先買後付 在美上線,41
2023/3/30,Re: [請益] 長期持有大盤能戰勝波段操作（個股）嗎,17
2023/3/30,[新聞] 宜鼎AI落地佈局有成；宜蘭二廠Q3完工,13
2023/3/30,[新聞] 10檔低基期金融股 穩軍心,12
2023/3/30,[新聞] 破天荒 日本新藥業來台掛牌,36
2023/3/30,[新聞] 多項指標顯示Fed可能5月啟動降息,54
2023/3/30,[心得] 詐騙新型態，請提醒家中長輩,34
2023/3/30,Re: [情報] 1603 華電 111年度,100
2023/3/30,Re: [請益] 長期持有大盤能戰勝波段操作（個股）嗎,22
2023/3/30,[閒聊] 2023/03/30 盤中閒聊,100
2023/3/30,[標的] 台積電 2330 多,8
2023/3/30,[新聞] 美光：客戶庫存情況好轉,49
2023/3/30,[請益] goodinfo上的數據哪裡抓的,15
2023/3/30,Re: [新聞] 準千金股嘉澤增資抽籤吸引21萬人參加 中,48
2023/3/30,[標的]  8050廣積 工業電腦 數位升級,60
2023/3/29,[公告] 03/29 處置公告 其之二,0
2023/3/29,[請益] 股票減資是不是幾乎都是壞事?,67
2023/3/29,[公告] 03/29 處置公告,0
2023/3/29,[新聞] 股神不買特斯拉 馬斯克嘆錯失賺30倍良機!,44
2023/3/29,[新聞] 元晶19億元聯貸到手 打入美系太陽能屋瓦,26
2023/3/29,[情報] 3/29全市場當沖虧損最多的股票,26
2023/3/29,[請益] 想請教大家，vr影像這塊，誰會比sony,13
2023/3/29,[情報] 6216 居易 111年度 EPS:1.96 股利:1.69,17
2023/3/29,Re: [新聞] 馬斯克等千人簽署公開信：呼籲暫停巨型AI,14
2023/3/29,[情報] 112年03月29日信用交易統計,13
2023/3/29,[新聞] 準千金股嘉澤增資抽籤吸引21萬人參加 中,100
2023/3/29,[標的] SIVBQ.US,19
2023/3/29,[新聞] 銀行不動產放款比率降至26.28% 創44個月,43
2023/3/29,[新聞] 達欣工擬現金減資2成 加計去年股息股東將,18
2023/3/29,Re: [請益] 長期持有大盤能戰勝波段操作（個股）嗎,17
2023/3/29,[新聞] 國泰/「台灣陷停滯通膨」國泰台大團隊下D,77
2023/3/29,[新聞] 彭双浪：面板景氣 下半年更好,24
2023/3/29,[情報] 2534宏盛 111年股利1.75,10
2023/3/29,[情報] 6462 神盾111年財報+股利3,5
2023/3/29,[情報] 6035 悠遊卡 111年EPS 0.86 股利約 0.75,7
2023/3/29,[請益] 長期持有大盤能戰勝波段操作（個股）嗎,19
2023/3/29,[新聞] 美股2年慘賠1200萬！丁特曝「賺的全賠掉,69
2023/3/29,Re: [新聞] 馬斯克等千人簽署公開信：呼籲暫停巨型AI,18
2023/3/29,[新聞] 老媽「股票賺8百萬」狂求1事！,39
2023/3/29,[新聞] 台股／第二季投資把握三機會！ 專家點名5,1
2023/3/29,[情報] 112/03/29 八大公股銀行買賣超排行,11
2023/3/29,[情報] 4114 健喬 111年 0.6+1,21
2023/3/29,[情報] 0329 上市櫃外資投信同買排行,6
2023/3/29,[情報] 0329 上市櫃外資投信買超金額排行,3
2023/3/29,[情報] 新光金代子公司新光銀公告111年度股利,47
2023/3/29,[新聞] 馬斯克等千人簽署公開信：呼籲暫停巨型AI,100
2023/3/29,[情報] 0329 上市外資買賣超排行,47
2023/3/29,[情報] 瓦城111年EPS:3.62 股利:3.5+1.5,16
2023/3/29,[新聞] 宏碁新小虎醞釀中 宏碁智通智慧停管搶海,15
2023/3/29,[情報] 2104.tw 國際中橡 股利開獎,23
2023/3/29,[新聞] 聯詠急單挹注，動能延續到Q2,19
2023/3/29,[新聞] 美國電動車銷售量持續成長，購買意願達34,3
2023/3/29,[新聞] 台企銀股利創新低　向逾34萬股民喊話,62
2023/3/29,[新聞] 是「強」國了！ 415 : 0 美眾院一致性票,100
2023/3/29,[新聞] 【台企銀法說】喊話投資人！副總：OCI損,21
2023/3/29,[心得] 歷年總統大選對應指數變化,41
2023/3/29,[情報] 0329 上市投信買賣超排行,9
2023/3/29,[標的] 6245.TW 立端 股東會多,11
2023/3/29,[情報] 112年03月29日 三大法人買賣金額統計表,81
2023/3/29,[情報] 4907 富宇 二大股東申報轉讓,34
2023/3/29,[標的] 5301 寶得利 即將脫離全額交割,7
2023/3/29,[閒聊] 2023/03/29 盤後閒聊,99
2023/3/29,[情報] 2524 京城 111年EPS 2.73 股利 0,46
2023/3/29,[情報] 2474 可成 澄清可成條款,16
2023/3/29,[情報] 1603 華電 111年度 EPS:2.07 股利:0.5,21
2023/3/29,[新聞] 下半年否極泰來 連續藍燈為台股長線布局,22
2023/3/29,Re: [新聞] 中國中央政府舉債速度 打破歷史紀錄,73
2023/3/29,[請益] 00878配息堪憂，應該存哪檔互補啊？,60
2023/3/29,[標的] 4160.TW創源  龍寶寶多,17
2023/3/29,[新聞] 法人看好EPS 45元 保瑞突破浩鼎障礙,7
2023/3/29,Re: [新聞] 保瑞飆過「浩鼎障礙」 股價創下藥品股歷,13
2023/3/29,[標的] 6416.TW 瑞祺電通 郭台銘good timing多,8
2023/3/29,[標的] 1210.TW 大成 雞排一片壹佰多,74
2023/3/29,[新聞] 保瑞飆過「浩鼎障礙」 股價創下藥品股歷,31
2023/3/29,[新聞] 1700張高球證買回價喬不攏 卡住台積電2奈,100
2023/3/29,[新聞] 政府千億銀彈 伺機入市,77
2023/3/29,[標的] 7558.TW 群利科技 冒險多,9
2023/3/29,Re: [標的] 3147 大綜 AI大家一起來,3
2023/3/29,[新聞] 美光本季營收估跌六成但符合預期 CEO樂看,23
2023/3/29,[閒聊] 2023/03/29 盤中閒聊,100
2023/3/29,[新聞] 台積電「超強聯盟」誕生！三星慌了 韓媒,43
2023/3/29,[新聞] 聯發科董座蔡明介：陸攻成熟製程IC 衝擊,19
2023/3/29,[新聞] 專家：美國經濟衰退可能性小 但Fed可能再,15
2023/3/29,[標的] 00752 中信中國50,10
2023/3/28,[情報] 3/28全市場當沖虧損最多的股票,28
2023/3/28,[新聞] 中國中央政府舉債速度 打破歷史紀錄,100
2023/3/28,[情報] 6220 岳豐111年EPS 5.87 股利3元,8
2023/3/28,[情報] 5425 台半111年EPS 6.28 股利4元,8
2023/3/28,Re: [標的] 持股健檢,7
2023/3/28,[情報] 112年03月28日信用交易統計,26
2023/3/28,Re: [標的] 00687B 美債20年ETF 長期不停損多,37
2023/3/28,[新聞] Arm為了提高IPO價值，試圖改變版權收費,4
2023/3/28,[新聞] 四大外資看台積電跌深將強彈 調高目標價,79
2023/3/28,[情報] 3594 磐儀 私募增資 配息0.8 EPS:1.51,5
2023/3/28,[情報] 2888 新光金 擬規劃辦理長期資金募集案,54
2023/3/28,[情報] 5258 虹堡 111年 EPS:8.19 股利0.8+0.5,48
2023/3/28,[標的] 2498.TW 宏達電 討論,66
2023/3/28,[新聞] 通膨漸落景氣步步高 估央行下半年停止升,29
2023/3/28,[情報] 泰碩2月自結,21
2023/3/28,Re: [標的] 持股健檢,47
2023/3/28,[情報] 112/03/28 八大公股銀行買賣超排行,17
2023/3/28,[情報] 6028 公勝保經 111年EPS 3.25 股利 3,3
2023/3/28,[情報] 0328 上市櫃外資投信同買排行,4
2023/3/28,[新聞] 八方雲集創辦人林家鈺夫妻涉炒股賺389萬,76
2023/3/28,[情報] 3312弘憶股現金股利2元,12
2023/3/28,[情報] 2890 永豐金 股東會紀念品,81
2023/3/28,[情報] 0328 上市櫃外資投信買超金額排行,2
2023/3/28,[情報] 2323 中環 代子公司公告處分長榮股票,29
2023/3/28,[請益] 請問做進出差價都虧錢，是不是改做存股,44
2023/3/28,[新聞] 經濟／富達國際：聯準會全年維持緊縮 恐,29
2023/3/28,[情報] 3702 大聯大 股利 3.85,37
2023/3/28,[情報] 0328 上市外資買賣超排行,15
2023/3/28,[新聞] Fed升息衝擊 中國交銀國際虧損30億港元,10
2023/3/28,[情報] 5871 中租-KY 股利 6.4+0.2,46
2023/3/28,[新聞] 永豐黃蔭基：台股今年有望衝萬七,22
2023/3/28,[情報] 112年03月28日 三大法人買賣金額統計表,89
2023/3/28,[情報] 0328 上市投信買賣超排行,18
2023/3/28,[情報] 9906欣巴巴 股利4.57元,24
2023/3/28,[新聞] 基金／台股基金績效亮眼！今年來漲幅達17,6
2023/3/28,"Re: [新聞] 迪士尼開始7,000人裁員計畫",19
2023/3/28,[閒聊] 2023/03/28 盤後閒聊,57
2023/3/28,[情報] 玉山金現金增資發行新股案之發行價格20元,67
2023/3/28,Re: [請益] 同時持有正二反一會很奇怪嗎,2
2023/3/28,[新聞] 戰艦帶著豪華遊艇快樂出航 龍德造船、東,8
2023/3/28,Fw: [新聞] 對沖基金怎麼買？韋蘭德3年前就找過,10
2023/3/28,Re: [請益] 同時持有正二反一會很奇怪嗎,0
2023/3/28,Re: [請益] 同時持有正二反一會很奇怪嗎,9
2023/3/28,[請益] 同時持有正二反一會很奇怪嗎,89
2023/3/28,[心得] 年輕人定期定額只能存0050? (正二先no no,76
2023/3/28,Re: [請益] 現階段還有便宜的股票嗎？,42
2023/3/28,[新聞] Tesla擬轉舵　全球急綁工車規IGBT,14
2023/3/28,[情報] 5434 崇越開獎,7
2023/3/28,[情報] 5903 全家開獎,7
2023/3/28,[新聞] 觀光股早盤「狒」騰！ 六福漲逾1%、雄獅,1
2023/3/28,"[新聞] 迪士尼開始7,000人裁員計畫",72
2023/3/28,[情報]1514亞力開獎,9
2023/3/28,[新聞] 幣安、趙長鵬遭CFTC起訴 比特幣應聲挫,46
2023/3/28,[新聞] 大摩：車用半導體供應鏈 毛利率有壓,7
2023/3/28,[新聞] 輝達技術長：加密貨幣對社會沒有任何貢獻,99
2023/3/28,[情報] 6197 佳必琪 111年EPS 3.6 下半年股利3.2,17
2023/3/28,[閒聊] 2023/03/28盤中閒聊,100
2023/3/28,[新聞] 車用半導體 驚傳砍單殺價,37
2023/3/28,Re: [請益] 現階段還有便宜的股票嗎？,6
2023/3/28,Re: [新聞] 日本「國策」OLED公司 JOLED 破產,8
2023/3/27,[新聞] 輝達聯手台積電、ASML、新思科技直指2奈,21
2023/3/27,Re: [情報] 3587閎康 111年EPS 10.12 股利 8,6
2023/3/27,[新聞] 百度文心一言產品發布會取消 股價一度跌4,46
2023/3/27,[新聞] 邦特估Q2起營收轉強，迴路管成本改善效益,21
2023/3/27,[標的] 9921.TW 巨大,76
2023/3/27,[新聞] 日本「國策」OLED公司 JOLED 破產,31
2023/3/27,[請益] 光通訊下半年到底有沒有戲?,12
2023/3/27,[情報] 112年03月27日信用交易統計,19
2023/3/27,[情報] 3/27全市場當沖虧損最多的股票,15
2023/3/27,[情報] 1240茂生農經-董事會決議股利分派1.0+0.2,5
2023/3/27,[新聞] Arm 傳打算大幅調高權利金，已知會聯發,18
2023/3/27,[情報] 0327 上市櫃外資投信同買排行,2
2023/3/27,[新聞] 存股轉往高息ETF 這檔今年殖利率估逾6％,17
2023/3/27,Re: [標的] 緯創3231 套牢多,9
2023/3/27,Re: [請益] 現階段還有便宜的股票嗎？,20
2023/3/27,[情報] 2646 星宇航空 111年EPS -3.47不發放股利,71
2023/3/27,[情報] 0327 上市櫃外資投信買超金額排行,0
2023/3/27,Re: [情報] 2883 開發金  112年股東會討論內容,13
2023/3/27,[情報] 2883 開發金  112年股東會討論內容,45
2023/3/27,[新聞] 台商加速分散基地 江蘇昆山經濟急冷,14
2023/3/27,Re: [標的] 緯創3231 套牢多,19
2023/3/27,[新聞] 英特爾轉讓 PC 平台 5G 基頻技術給兩家,8
2023/3/27,[情報] 6446 藥華藥P1101 獲日本藥證,11
2023/3/27,[情報] 112/03/27 八大公股銀行買賣超排行,4
2023/3/27,[情報] 1580 新麥 現金股利6元,11
2023/3/27,[情報] 8088 品安 111年度 EPS:3.48 股利:2.4,23
2023/3/27,[情報] 美食KY(2723)董娘轉讓  真的是外資接走,26
2023/3/27,[情報] 1708 東鹼 111年 EPS:4.84 股利:3,8
2023/3/27,[情報] 2514 龍邦 取得泰山股票,27
2023/3/27,[情報] 5546 永固-KY 111年EPS 0.66 股利 1.5,5
2023/3/27,[新聞] 鋼市春燕到 中鋼、中鴻Q2轉旺,38
2023/3/27,[問卷] (代PO)金融業辦公設備研究，廣招受訪者(車馬費1500元),0
2023/3/27,Re: [請益] 大家認為高利率和通膨會維持多久？,0
2023/3/27,[標的] 台灣自己的REIT 怎麼查股東分布?,1
2023/3/27,[新聞] 全球央行以9年來最快速度減持美債,37
2023/3/27,[請益] 券差出借可以臨時喊高％數嗎？,62
2023/3/27,[新聞] 第一公民銀收購矽谷銀行 美存款保險基金,9
2023/3/27,[新聞] 距離最壞情況只差1分！景氣燈號連亮4顆「,86
2023/3/27,[新聞] 救經濟！人行今降準1碼 釋出2.6兆資金,85
2023/3/27,[新聞] 彰銀／【彰銀法說】公股第一家！彰銀表態,9
2023/3/27,[新聞] 公股首家!彰銀表態:股利不會配得比去年差,11
2023/3/27,[情報] 0327 上市外資買賣超排行,25
2023/3/27,[情報] 6508 惠光 111年EPS 3.66 股利 2.7,9
2023/3/27,[情報] 景氣燈11202藍燈,95
2023/3/27,[情報] 5516.TW 雙喜財報及股利資訊,11
2023/3/27,[新聞] 野村投信稱，第二季為台股基本面低谷,32
2023/3/27,[情報] 1569 濱川 111年 EPS:3.23 股利:2,5
2023/3/27,[創作] 菊花台,5
2023/3/27,[情報] 112年03月27日 三大法人買賣金額統計表,70
2023/3/27,[情報] 0327 上市投信買賣超排行,20
2023/3/27,Re: [請益] 散戶的習慣,9
2023/3/27,[情報] 2723 美食-KY　報導澄清,69
2023/3/27,Re: [請益] 大家認為高利率和通膨會維持多久？,22
2023/3/27,Re: [請益] 大家認為高利率和通膨會維持多久？,24
2023/3/27,[閒聊] 2023/03/27 盤後閒聊,34
2023/3/27,[情報] 2634 漢翔 111年度 EPS:1.73 股利:1.08,26
2023/3/27,[請益] 大家認為高利率和通膨會維持多久？,56
2023/3/27,[新聞] hololive母公司COVER今日上市！,72
2023/3/27,Re: [標的] 2646 星宇航空 討論,27
2023/3/27,[請益] 整張股故意丟[盤中零股]可以賣比較多錢?,25
2023/3/27,[新聞] 軍工訂單能見度達2024年 這檔吸金！,32
2023/3/27,Re: [心得] 近半年個人標的紀錄,14
2023/3/27,[新聞] 橋水創辦人達里歐示警，世界面臨三個地震,28
2023/3/27,[新聞] 中國頭兩月工業企業利潤 下降22.9%,29
2023/3/27,[標的] 鼎炫-ky 股利政策請益,8
2023/3/27,[新聞] 又有董娘賣股暴賺 散戶小心了？他驚曝昔,50
2023/3/27,[情報] 嘉澤111年 EPS:58.70 股利:26元,63
2023/3/27,[閒聊] 2023/03/27 盤中閒聊,100
2023/3/27,[新聞] 雷虎發表無人潛艦,35
2023/3/27,[新聞] 陸半導體又來挖角了,100
2023/3/27,Re: [請益] 這年代不碰股票是否無法過活？,1
2023/3/27,[新聞] 面對市場動盪 分析師：現在先躺平就好,17
2023/3/26,[新聞]保險業寒冬沒結束營收衰退4成公勝保經逆增,17
2023/3/26,[心得] 中華民國斷交與加權指數隔日走勢之關係,100
2023/3/26,Re: [標的] 00632r 台灣五十反一 請益,15
2023/3/26,[新聞] 熬不住了　中電熊貓傳停產,68
2023/3/26,[標的] 1312 國喬 董監改選多,61
2023/3/26,[新聞] 庫克：蘋果與中國共同成長,81
2023/3/26,[標的] MVLA.US,0
2023/3/26,Re: [標的] 00632r 台灣五十反一 請益,49
2023/3/26,[請益] 有軟體會即時針對五檔變化量通知嗎？,27
2023/3/26,"Re: [請益] 在台灣投資,多少錢算大戶,多少算資本家？",61
2023/3/26,Re: [新聞] 亞洲富人為何成瑞信AT1債重災戶？提供10%,16
2023/3/26,[新聞] 外資「求饒式買盤」回來了！單周瘋狂掃貨,34
2023/3/26,Re: [請益] 怎麼台股還沒大跌啊,19
2023/3/26,[標的] 送分餐飲交卷，轉進AI 5269祥碩繼續無腦多,17
2023/3/26,[新聞] 一週熱門零股 國泰金 永豐金 緯創 進前10,6
2023/3/26,[情報] 3557 嘉威 EPS7.03元,13
2023/3/26,[新聞] 元宇宙應用聯盟 成形,11
2023/3/26,Re: [標的] 00632r 台灣五十反一 請益,6
2023/3/26,Re: [新聞] 亞洲富人為何成瑞信AT1債重災戶？提供10%,67
2023/3/25,[請益] 如何得知特別盈餘公積迴轉金額?,11
2023/3/25,Re: [請益] 目前績效多高可以算不錯?,37
2023/3/25,[新聞] 亞洲富人為何成瑞信AT1債重災戶？提供10%,81
2023/3/25,[心得]03/27~03/31世界經濟數據&美股財報行事曆,30
2023/3/25,Re: [請益] 現階段還有便宜的股票嗎？,2
2023/3/25,Re: [請益] 目前績效多高可以算不錯?,12
2023/3/25,[新聞] 美國3月製造業PMI升至49.3高於預期 但仍,26
2023/3/25,[新聞] 代銷雙雄無畏營收衰退　指：《平均地權,17
2023/3/25,[新聞] 智原 ASIC需求明顯成長,19
2023/3/25,[新聞] 華為：完成 14 奈米以上 EDA工具 國產化,11
2023/3/25,"[請益]1,000萬股票該如何投資減少風險？",65
2023/3/25,[情報] 00878的成分股目前公告的股利,80
2023/3/25,[新聞] 「在台積電工廠見到神的面容」美記者獲准,46
2023/3/25,Re: [請益] 到底高股息存股的秘密在哪?,12
2023/3/25,Re: [請益] 現階段還有便宜的股票嗎？,6
2023/3/25,Re: [請益] 現階段還有便宜的股票嗎？,39
2023/3/25,[新聞] 金融業成重災區　謝金河：Fed鮑爾搞不懂,0
2023/3/25,[新聞] Fed「鷹王」布拉德：隨銀行業壓力緩解 政,44
2023/3/25,[情報] 8047 星雲 111年EPS -0.84 不分派股利,23
2023/3/25,Re: [請益] 現階段還有便宜的股票嗎？,9
2023/3/25,[情報] 3/20~3/24全市場當沖虧損最多的股票,14
2023/3/25,[標的] 5483 中美晶  請益,25
2023/3/25,Re: [標的] 00632r 台灣五十反一 請益,2
2023/3/25,[新聞] 美強制TikTok賣股 大陸嗆按中國法律,57
2023/3/25,Re: [請益] 到底高股息存股的秘密在哪?,2
2023/3/25,[請益] 現階段還有便宜的股票嗎？,100
2023/3/25,[標的] 2882 國泰金  董事長加碼多,61
2023/3/25,Re: [心得] 有關於股票詐騙社團,2
2023/3/25,[情報] 德銀CDS上升的一些資訊整理,28
2023/3/25,Re: [標的] 正二00631L.聯電2303友達2409多,9
2023/3/25,Re: [標的] 00632r 台灣五十反一 請益,25
2023/3/25,[心得] 有關於股票詐騙社團,24
2023/3/25,Re: [請益] 自己是反指標還是進場方式不對？,12
2023/3/25,Re: [請益] 到底高股息存股的秘密在哪?,26
2023/3/25,[標的] 00632r 台灣五十反一 請益,79
2023/3/25,Re: [新聞] 黃仁勳：AI能克服摩爾定律死亡 AI營,12
2023/3/25,Re: [請益] 到底高股息存股的秘密在哪?,9
2023/3/25,Re: [請益] 到底高股息存股的秘密在哪?,14
2023/3/25,[新聞] 國泰金傳買澳洲聯邦銀行印尼業務,15
2023/3/25,[請益] 哪款APP可同時顯示量價累計圖跟K線?,10
2023/3/25,[請益] 到底高股息存股的秘密在哪?,100
2023/3/25,Re: [新聞] 運價驚轉跌 航運三雄全崩 老手爆陽明10年,23
2023/3/25,[新聞] 壽險公會：壽險業流動性已顯著改善,18
2023/3/25,[新聞] 半導體景氣還沒復甦 TDDI居然傳來漲價消,34
2023/3/25,[情報] 5267 龍翩 通過轉上櫃增資案及111年eps,6
2023/3/25,[新聞] “減肥神藥”上市以來諾和諾德股價已翻番,75
2023/3/25,Re: [請益] 2千萬流動資產沒房沒車能靠投資過一生嗎,69
2023/3/25,[新聞] 中東金主拒絕援助又反悔！急掏50億美金,66
2023/3/24,Re: [請益] 2千萬流動資產沒房沒車能靠投資過一生嗎,13
2023/3/24,Re: [請益] 請問為何很多通訊類股殖利率超級低,11
2023/3/24,[心得] 有關增資催繳公告,3
2023/3/24,[標的] PM.US,10
2023/3/24,[情報] 盛弘 111年合併eps 2.45,19
2023/3/24,[情報] 3/24 全市場當沖虧損最多的股票,18
2023/3/24,Re: [情報] 高雄銀甲特以其資本公積分派現金情形,7
2023/3/24,[請益] 通膨和利率的關係-為何阿根廷幣貶值?,31
2023/3/24,[請益] 自己是反指標還是進場方式不對？,53
2023/3/24,Re: [請益] 2千萬流動資產沒房沒車能靠投資過一生嗎,100
2023/3/24,[情報] 0324 上市櫃外資投信同買排行,1
2023/3/24,[新聞] 美國還有50家銀行要倒閉! 聯準會第9次加,56
2023/3/24,[情報] 3605 宏致 111年 EPS:1.68 股利:0.55,7
2023/3/24,[情報] 112年03月24日信用交易統計,8
2023/3/24,[新聞] 下一個瑞信？德意志銀行股價重挫14%,84
2023/3/24,[新聞] 美食-KY董事長吳政學配偶 申報鉅額轉讓,64
2023/3/24,[情報] 0324 上市櫃外資投信買超金額排行,1
2023/3/24,[情報] 6670復盛應用 全年EPS 36.64 股利22,25
2023/3/24,[情報] 1101 台泥 普通股股利0.5 現金增資資訊,100
2023/3/24,[情報] 2646 星宇航空 現增發股(補充發行價18元),64
2023/3/24,[情報] 2247 汎德永業 111年EPS 18.28 股利 15,23
2023/3/24,[情報] 6703 軒郁  eps 7.79 現金5.58 股票1.52,15
2023/3/24,[情報] 112/03/24 八大公股銀行買賣超排行,4
2023/3/24,[情報] 2348 海悅 111年EPS 7.88 股利5 特股1.6,13
2023/3/24,[情報] 高雄銀甲特以其資本公積分派現金情形,17
2023/3/24,[新聞] ETF／高股息投資擔心「存股變存骨」？ 專,16
2023/3/24,[新聞] 國泰台灣領袖50ETF 3月27日掛牌上市,32
2023/3/24,[情報] 2890 永豐金 股利0.6+0.2,100
2023/3/24,[新聞] 運價指數只好1週 SCFI本週下跌0.1％,20
2023/3/24,[情報] 2836 高雄銀 111年股利分派,38
2023/3/24,[情報] 0324 上市外資買賣超排行,50
2023/3/24,[新聞] 景氣何時觸底反彈？台經院曝時間點,13
2023/3/24,Re: [心得] 詐騙line族群騙很大,17
2023/3/24,[標的] NVDA.US 過前高之前都可以買?,24
2023/3/24,[情報] 驊訊111年EPS:-1.63 股利:0.25,23
2023/3/24,Re: [情報] 本週FED 資產負債增加900多億,22
2023/3/24,[情報] 112年03月24日 三大法人買賣金額統計表,75
2023/3/24,[情報] 0324 上市投信買賣超排行,37
2023/3/24,Re: [新聞] 台積電為何破不了巴菲特魔咒？專家揭4月,0
2023/3/24,Re: [請益] 幫未成年的子女買股票,16
2023/3/24,Re: [新聞] 漢唐去年擬配息15元 殖利率約6.3％,10
2023/3/24,[標的] 6203海韻電,18
2023/3/24,Re: [標的] 瑞儀6176,5
2023/3/24,[新聞] 「去中化」轉單效應擴大　台積電祭「指,13
2023/3/24,Re: [請益] 這年代不碰股票是否無法過活？,5
2023/3/24,[閒聊] 2023/03/24 盤後閒聊,55
2023/3/24,[新聞] 台積電為何破不了巴菲特魔咒？專家揭4月,19
2023/3/24,Re: [請益] 這年代不碰股票是否無法過活？,22
2023/3/24,[新聞] 聯詠 兩檔有看頭,15
2023/3/24,[請益] 槓桿買大盤合適嗎?,93
2023/3/24,Re: [標的] 瑞儀6176,14
2023/3/24,[情報] 本週FED 資產負債增加900多億,83
2023/3/24,Re: [請益] 這年代不碰股票是否無法過活？,0
2023/3/24,Re: [新聞] 供應鏈轉向 再也回不去了! 中國重磅企業,4
2023/3/24,Re: [標的] 3035.TW智原 我是誰？我在哪？空,0
2023/3/24,[新聞] AI代工廠商機爆發 鴻海挑戰前高,2
2023/3/24,Re: [心得] 詐騙line族群騙很大,34
2023/3/24,[新聞] 法說後法人估陽明今年EPS自51.71降至0.85,99
2023/3/24,[新聞] 欣興爆量急漲創3個月來新高價 今爲融券,19
2023/3/24,[請益] 這年代不碰股票是否無法過活？,73
2023/3/24,[新聞] 漢唐去年擬配息15元 殖利率約6.3％,42
2023/3/24,[新聞] 【立委談GDP】無法樂觀！費鴻泰：別為非,43
2023/3/24,[標的] 5321美而快 多,5
2023/3/24,[閒聊] 2023/03/24 盤中閒聊,100
2023/3/24,[新聞] 美股收高 財長葉倫誓言必要時會採取行動,51
2023/3/24,[新聞] 金融股還能存嗎？陳重銘：銀行危機連環爆，但符合,-10
2023/3/24,Re: [新聞] 供應鏈轉向 再也回不去了! 中國重磅企業,34
2023/3/24,[新聞] 債市押注今年降息3碼,56
2023/3/24,[情報] 3/23全市場當沖虧損最多的股票,4
2023/3/24,Re: [標的] 2883B 開發金乙特 有關盈餘的認定,26
2023/3/24,Re: [新聞] 少年股神沉船！股價溜滑梯 長榮驚爆,25
2023/3/24,[新聞] 友達轉型 2025年非面板營收超過20%,20
2023/3/24,Re: [標的] 2883B 開發金乙特 有關盈餘的認定,1
2023/3/24,Re: [標的] 請問星宇未來的走勢,0
2023/3/24,Re: [新聞] 黃仁勳：AI能克服摩爾定律死亡 AI營收未,12
2023/3/23,[新聞] 供應鏈轉向 再也回不去了! 中國重磅企業,56
2023/3/23,Re: [標的] 00885 富邦越南 多,9
2023/3/23,Re: [標的] SQ.US開盤暴跌20%,3
2023/3/23,[情報] 錢櫃 EPS:4.96 股利：4.5,22
2023/3/23,[新聞] 美股四大指數開高 台指期夜盤漲逾70點、,41
2023/3/23,Re: [新聞] 黃仁勳：AI能克服摩爾定律死亡 AI營收未,16
2023/3/23,[新聞] 少年股神沉船！股價溜滑梯 長榮驚爆,28
2023/3/23,[標的] 請問星宇未來的走勢,65
2023/3/23,[標的] Nasdaq 強襲魔女集結,0
2023/3/23,Re: [新聞] 開發金動老本配息？金管會：財務指標「臨,9
2023/3/23,[情報] 0323 上市櫃外資投信同買排行,1
2023/3/23,[請益] 違約交割誰買單,16
2023/3/23,Re: [新聞] 比爾蓋茲：未來產業都將以AI為中心,-10
2023/3/23,[標的] SQ.US開盤暴跌20%,32
2023/3/23,Re: [新聞] 比爾蓋茲：未來產業都將以AI為中心,4
2023/3/23,Re: [標的] 陽明,11
2023/3/23,[新聞] 金融股災一波波 存股真會變存骨 謝金河嘆,100
2023/3/23,[情報] 112年03月23日信用交易統計,13
2023/3/23,[新聞] 中國電動車市場疲軟 比亞迪傳砍班,11
2023/3/23,[情報] 2904 匯僑-董事會決議分派現金股利:0.65,12
2023/3/23,[標的] 2883B 開發金乙特 有關盈餘的認定,44
2023/3/23,[情報] 8091 翔名111年 EPS 9.83 股利7元,8
2023/3/23,[新聞] 東芝TOSHIBA董事會同意「4500億收購案」,45
2023/3/23,[新聞] 比爾蓋茲：未來產業都將以AI為中心,54
2023/3/23,Re: [新聞] 國人踩雷瑞信AT1損失擴大到41億元 103人,27
2023/3/23,[標的] 3338 TW 泰碩 泰多了,5
2023/3/23,[情報] 3587閎康 111年EPS 10.12 股利 8,7
2023/3/23,[新聞] 打通膨不鬆手！瑞士央行再升2碼,16
2023/3/23,[情報] 0323 上市櫃外資投信買超金額排行,3
2023/3/23,[情報] 2221 大甲 EPS 6.34 股利 4,15
2023/3/23,[心得] 詐騙line族群騙很大,64
2023/3/23,[新聞] 央行升息半碼是放鷹?楊金龍:我跟鮑爾一樣,43
2023/3/23,[情報] 2404漢唐111年EPS 21.25  股利15元,14
2023/3/23,[標的]  6220岳豐-股利多,4
2023/3/23,[請益] 請問要怎麼阻止家人繼續投機股票,100
2023/3/23,[新聞] 開發金動老本配息？金管會：財務指標「臨,28
2023/3/23,[情報] 中保科(9917-TW)2023年 2月營收資料,9
2023/3/23,[情報] 6407 相互 111年0.29  股利1,4
2023/3/23,[情報] 3693營邦 111年EPS 11.83 股利6元,6
2023/3/23,[新聞] 國人踩雷瑞信AT1損失擴大到41億元 103人,83
2023/3/23,[新聞] 雅茗-KY、揚秦聯手 手搖飲鹹酥雞搶攻美國,4
2023/3/23,[情報] 112/03/23 八大公股銀行買賣超排行,7
2023/3/23,[情報] 9955 佳龍 111年EPS -0.96 不分派股利,28
2023/3/23,[請益] 現在還可以借貸套利嗎,85
2023/3/23,[情報] 4566 時碩工業 111年度5.74  股利:2.10918885,7
2023/3/23,[標的] 2355.TW 敬鵬,18
2023/3/23,[情報] 3021鴻名  111年度 1.92 股利0.7,3
2023/3/23,[情報] 5312 寶島科 111年2.83  股利4.3,13
2023/3/23,[情報] 2753 八方雲集111下半年股利5.01059166,21
2023/3/23,[新聞] 黃仁勳/輝達市值超越特斯拉與波克夏，全A,75
2023/3/23,Re: [情報] 00908富邦入息REITs+ETF首次配息0.223,6
2023/3/23,[標的] 杏昌1788 請益,22
2023/3/23,[情報] 8929 富堡 股利分配,52
2023/3/23,Re: [標的] 陽明,20
2023/3/23,[新聞] 央行五度升息 房貸利率突破2%大關,100
2023/3/23,Re: [新聞] 新移工來源國有譜了 仲介：緬甸、印度都,8
2023/3/23,[情報] 6411 晶焱 111年 EPS:4.97 現金股利:3.28,4
2023/3/23,[情報] 6192巨路 111年8.68 股利4,6
2023/3/23,[情報] 2727 王品 111年EPS 5.15 股利約 3.866+1,16
2023/3/23,[請益] ABF三雄怎麼挑比較好?,65
2023/3/23,[情報] 0323 上市外資買賣超排行,35
2023/3/23,[新聞] 快訊／連5升！　中央銀行宣布升息半碼,100
2023/3/23,[情報] 4550 長佳 111年 EPS:2.83 現金股利:1.9,4
2023/3/23,[新聞]【開發金法說】特別股今年不配息！,88
2023/3/23,[新聞] 高通期望在蘋果汽車尚未面市前，以Digita,2
2023/3/23,[情報] 2731 雄獅 111年,15
2023/3/23,Re: [請益] 買了很多00878，然後...?,39
2023/3/23,[情報] 0323 上市投信買賣超排行（更正）,16
2023/3/23,[情報] 112年03月23日 三大法人買賣金額統計表,63
2023/3/23,[情報] 5871 中租-KY 2月自結 1.30 累計 2.61,3
2023/3/23,[情報] 2883開發金法說會2022Q4營運報告,100
2023/3/23,[情報] 2002中鋼 2月稅前0.00439......,44
2023/3/23,[情報] 5876上海商銀現金股利1.8元,24
2023/3/23,[情報] 1539 巨庭 股利分派 2.5,0
2023/3/23,[新聞] 黃仁勳：AI能克服摩爾定律死亡 AI營收未,96
2023/3/23,[閒聊] 2023/03/23 盤後閒聊,52
2023/3/23,Re: [請益] 2千萬流動資產沒房沒車能靠投資過一生嗎,37
2023/3/23,Re: [請益] 2千萬流動資產沒房沒車能靠投資過一生嗎,4
2023/3/23,[新聞] 台積電2小1大金雞扛重任 5/4奈米今年上,12
2023/3/23,Re: [新聞] 新移工來源國有譜了 仲介：緬甸、印度都,3
2023/3/23,Re: [請益] 2千萬流動資產沒房沒車能靠投資過一,21
2023/3/23,[新聞] 美國FCC公布衛星手機服務的監管架構，將,1
2023/3/23,Re: [標的] 2889國票金 明天是不是要砍殺出去?,11
2023/3/23,[新聞] 鴻海工業富聯3月股價漲逾60% 市值大增,19
2023/3/23,Re: [新聞] 美1家地方銀行年存款流失逾1700億,7
2023/3/23,Re: [請益] 2千萬流動資產沒房沒車能靠投資過一生嗎,34
2023/3/23,[請益] 買了很多00878，然後...?,100
2023/3/23,[新聞] 美1家地方銀行年存款流失逾1700億,22
2023/3/23,[請益] 除息後總損益/成本App使用,17
2023/3/23,[標的] 美股 TMF.US SOXL.US DPST.US 中長期多,24
2023/3/23,[新聞] 新移工來源國有譜了 仲介：緬甸、印度都,100
2023/3/23,[請益] 請問這個指標怎麼判斷,21
2023/3/23,[標的] 6180遊戲橘子黑心緩跌空,18
2023/3/23,[新聞] 被台積電擊潰！三星晶片業務恐大暴虧 合,36
2023/3/23,[新聞] 八大公股搶進？國票金股價走高,8
2023/3/23,Re: [請益] 2千萬流動資產沒房沒車能靠投資過一生嗎,56
2023/3/23,[新聞] 東哥、東陽業績旺 法人喊多,12
2023/3/23,[標的] 9914腳踏車多,84
2023/3/23,[新聞] 比亞迪砍班減產 衝擊台鏈,40
2023/3/23,[閒聊] 2023/03/23 盤中閒聊,100
2023/3/23,[新聞] 台灣晶片對中國出口「連4月下降」　彭博,25
2023/3/23,[新聞] 葉倫不考慮為銀行存款提供「全面」保險,78
2023/3/23,Re: [標的] 瑞昱 2379 多,11
2023/3/23,Re: [新聞] 堅定抗通膨 Fed決定升息1碼,-10
2023/3/23,[新聞] 堅定抗通膨 Fed決定升息1碼,100
2023/3/23,Re: [標的] AMD超微 Intel英特爾 MU美光,15
2023/3/23,[請益] 想問限制中國晶片對通路商是利多還是利空,12
2023/3/23,[新聞] 高力去年獲利寫近六年新高 擬配息1.5元,22
2023/3/22,[新聞] 晶片景氣差 傳這大廠裁掉所有中國人員！,39
2023/3/22,Re: [請益] 2千萬流動資產沒房沒車能靠投資過一生嗎,10
2023/3/22,[新聞] 多頭列車發動 摩根大通:台積電Q2比想像好,49
2023/3/22,[情報] 0322 上市櫃外資投信同買排行,1
2023/3/22,Re: [請益] 2千萬流動資產沒房沒車能靠投資過一生嗎,39
2023/3/22,[情報] 3/22全市場當沖虧損最多的股票,18
2023/3/22,[新聞] 落跑了？美先鋒基金徹底結束中國業務 退,18
2023/3/22,[新聞] 大客戶比亞迪傳減產 胡連緊盯,19
2023/3/22,[情報] 0322 上市櫃外資投信買超金額排行,1
2023/3/22,[情報] 112年03月22日信用交易統計,21
2023/3/22,Re: [新聞] 輝達AI有影 台積電7奈米利多,43
2023/3/22,Re: [請益] 2千萬流動資產沒房沒車能靠投資過一生嗎,17
2023/3/22,[標的] type C要買下游而非IC設計？,15
2023/3/22,Re: [請益] 線仙能靠技術分析全職操盤穩定獲利嗎?,14
2023/3/22,Re: [請益] 2千萬流動資產沒房沒車能靠投資過一生嗎,14
2023/3/22,[標的] 6488 環球晶,66
2023/3/22,[新聞] 潤泰新 擬減資一成,32
2023/3/22,[新聞] 長榮45個月年終「恐歸0」？員工驚曝內部,34
2023/3/22,Re: [情報] 0322違約交割,8
2023/3/22,[情報] 匯僑設計 111年財報&股利,6
2023/3/22,[請益] etf作價差？,37
2023/3/22,[新聞] 巨大：高庫存出乎意料 仍需兩個旺季消化,86
2023/3/22,[情報] 112/03/22 八大公股銀行買賣超排行,15
2023/3/22,[情報] 0322違約交割,41
2023/3/22,[情報] 4743 合一 外銷查驗登記審核通過,25
2023/3/22,[情報] 2428 興勤 股利5.4,3
2023/3/22,[請益] 2千萬流動資產沒房沒車能靠投資過一生嗎,100
2023/3/22,[情報] 4967 十銓111年財報EPS0.01,30
2023/3/22,Re: [請益] 人多的地方不要去? 高股息ETF選誰好,9
2023/3/22,[情報] 3661世芯 112年2月自結2.4元,14
2023/3/22,[情報] 好德(3114)開獎：1.3+0.4,28
2023/3/22,[情報] 8033 雷虎自結2月EPS 0.02元,29
2023/3/22,[心得] 看好下半年台股,71
2023/3/22,[新聞] 英國2月CPI意外飆高 來到10.4%,81
2023/3/22,[情報] 0322 上市外資買賣超排行,42
2023/3/22,[新聞] 國泰認了！「瑞信AT1債券財管戶買到」,100
2023/3/22,Re: [請益] 計算 可修正策略 的期望值,0
2023/3/22,[新聞] 陽明：今年長約價格下修很多,81
2023/3/22,[新聞] 大陸扶植半導體 補貼無上限,68
2023/3/22,[情報] 2548 華固 股利7.5元,17
2023/3/22,[新聞] 逾53萬股民捶心肝！國泰金今年股利縮水,37
2023/3/22,[情報] 112年03月22日 三大法人買賣金額統計表,83
2023/3/22,[情報] 0322 上市投信買賣超排行,11
2023/3/22,Re: [請益] 人多的地方不要去? 高股息ETF選誰好,66
2023/3/22,[情報] 3533 嘉澤 現金增資公開申購資訊,64
2023/3/22,[請益] 計算 可修正策略 的期望值,8
2023/3/22,[閒聊] 2023/03/22 盤後閒聊,81
2023/3/22,[新聞] 美國和中國在發展自動駕駛計程車上，出現,22
2023/3/22,Re: [請益] 人多的地方不要去? 高股息ETF選誰好,27
2023/3/22,[新聞] 輝達AI有影 台積電7奈米利多,13
2023/3/22,[請益] 人多的地方不要去? 高股息ETF選誰好,70
2023/3/22,Re: [請益] 線仙能靠技術分析全職操盤穩定獲利嗎?,8
2023/3/22,[標的] 大盤 全年長多,55
2023/3/22,[請益] 興櫃委託 撮合請益,18
2023/3/22,[新聞] 櫃買／防「試搓假單」新制上路！OTC統計8,36
2023/3/22,[新聞] 馬克宏6座新核電廠計畫 獲下議院多數通過,100
2023/3/22,[新聞] 還在升息「台股怎麼全面樂觀」？,31
2023/3/22,[新聞] 高嘉瑜握23檔股票「擁6張台積電」　總價,100
2023/3/22,[新聞] 從出口連六黑的狀態 來觀察半導體業景氣,7
2023/3/22,[新聞] 在降通膨法案誘因下，歐洲車廠紛紛赴美,4
2023/3/22,Re: [標的] 持股健檢,2
2023/3/22,[新聞] 元大高息低波(00713)完成填息 僅花4天網,58
2023/3/22,[新聞] 股海女韭神？伍德自曝賣股虧逾20億美元,30
2023/3/22,[新聞] AI伺服器鏈 法人中意,15
2023/3/22,[新聞] 《台北股市》投信買不停 作帳行情點火,7
2023/3/22,銀行業危機後 高盛：大宗商品將迎來超級周期,13
2023/3/22,[新聞] 蘋果USB-C助陣 IC設計廠H2衝鋒,7
2023/3/22,[新聞] 兆豐金狠掏錢 股利至少1元,41
2023/3/22,[新聞] 台積電赴德設廠　外媒：引爆台灣、歐盟「,52
2023/3/22,[新聞] 台積電四強連線 光速挺進2奈米,14
2023/3/22,Re: [請益] 線仙能靠技術分析全職操盤穩定獲利嗎?,4
2023/3/22,Re: [標的] GOOG US,1
2023/3/22,[新聞] 台股利空淡化 閃現十千金,3
2023/3/22,[閒聊] 2023/03/22 盤中閒聊,92
2023/3/22,[新聞] 長華＊入股億光 引合作聯想,4
2023/3/22,[標的] TMF.US 爆幹多,13
2023/3/22,[新聞] 瑞信危機逾5200億一夜歸零　AT1國人踩雷,14
2023/3/22,[新聞] 東元擴產攻零碳 業績給力,7
2023/3/22,Re: [請益] 線仙能靠技術分析全職操盤穩定獲利嗎?,25
2023/3/22,[標的] DPST.US 多,26
2023/3/22,Re: [請益] Fed不升息算是利多嗎？,14
2023/3/22,[標的] 請問一檔 6214 精誠,25
2023/3/22,Re: [標的] 5871 中租KY 筆記本漂亮 多,20
2023/3/22,Re: [標的] DJI 道瓊  高處沒有不勝寒,5
2023/3/21,[新聞] 郭哲榮：這「大絕招」一出現 就不會有金,11
2023/3/21,[新聞] 聯電新加坡擴廠 亞翔再接82.59億元大單,9
2023/3/21,[新聞] 社子近三萬戶無預警停電！王美花道歉了,66
2023/3/21,[新聞] 葉倫一番話提振市場信心 美股道瓊早盤漲2,29
2023/3/21,[情報] 3/21全市場當沖虧損最多的股票,21
2023/3/21,[新聞] 紫光前董事長趙偉國涉貪被訴 曾揚言買台,35
2023/3/21,[標的] CAT.US,18
2023/3/21,[標的] 4126.TW 太醫  兆元生技多,23
2023/3/21,[標的] BRK.B US,14
2023/3/21,[公告] 03/21 處置公告,0
2023/3/21,[新聞] 運價跌破成本線、展望保守 法人對貨櫃三,39
2023/3/21,[新聞] 〈美股早盤〉銀行業擔憂緩解 主要指數開,2
2023/3/21,Re: [請益] Fed不升息算是利多嗎？,14
2023/3/21,[標的] PXD US,3
2023/3/21,[情報] 112年03月21日信用交易統計,21
2023/3/21,[新聞] 台積電兩招…擴大專利版圖,24
2023/3/21,Re: [標的] 持股健檢,45
2023/3/21,Re: [請益] Fed不升息算是利多嗎？,18
2023/3/21,[情報] 0321 上市櫃外資投信同買排行,4
2023/3/21,[新聞] 高盛：銀行體系承壓 Fed本週將暫停升息,88
2023/3/21,[請益] Fed不升息算是利多嗎？,63
2023/3/21,[情報] 0321 上市櫃外資投信買超金額排行,1
2023/3/21,[新聞] 瑞信AT1雷誰踩到？金管會：5家銀行財管,100
2023/3/21,[情報] 112/03/21 八大公股銀行買賣超排行,2
2023/3/21,[新聞] 國泰金明揭股利 股價3字頭?外資早看答案,79
2023/3/21,Re: [標的] 3231  緯創  領錢聊勝於無多,94
2023/3/21,[情報] 3628 盈正 111年EPS 2.55 股利 2,3
2023/3/21,[新聞] 快訊／新光銀、聯邦銀遭罰300萬！　貸款,52
2023/3/21,[情報] 1473 台南 111年股利分派 EPS:2.06 現金股利:1,7
2023/3/21,Re: [新聞] 瑞士銀行爆雷 中東富豪卻成最大輸家,21
2023/3/21,[情報] 6128 上福 111年EPS 5.32 股利 2.2,16
2023/3/21,[新聞] 瑞士銀行爆雷 中東富豪卻成最大輸家,64
2023/3/21,[新聞] ChatGPT夯，旺矽傳直接打進NVIDIA供應鏈,19
2023/3/21,[情報] 0321 上市外資買賣超排行,40
2023/3/21,[情報] 6472保瑞自結2月EPS 6.48,30
2023/3/21,[請益] 關於神腦和中華電信的關係?!,7
2023/3/21,Re: [請益] 線仙能靠技術分析全職操盤穩定獲利嗎?,19
2023/3/21,[新聞] 兆豐金／【兆豐金法說】攸關50萬股東權益,31
2023/3/21,[情報] 天仁111年 EPS:0.57 股利:0.85,23
2023/3/21,Re: [請益] 線仙能靠技術分析全職操盤穩定獲利嗎?,3
2023/3/21,[情報] 0321 上市投信買賣超排行,13
2023/3/21,[情報] 112年03月21日 三大法人買賣金額統計表,83
2023/3/21,[新聞] SVB和科技產業的緊密程度超乎想像，失去S,11
2023/3/21,[新聞] Acer 進軍 e-bike 市場，推出「ebii」電,47
2023/3/21,[閒聊] 2023/03/21 盤後閒聊,41
2023/3/21,[新聞] 國發會：第15次景氣循環 估4月是谷底,65
2023/3/21,[新聞] 金管會金檢投信 8基金經理人陷炒股風暴,83
2023/3/21,Re: [標的] 中華電 多,88
2023/3/21,Re: [請益] 線仙能靠技術分析全職操盤穩定獲利嗎?,10
2023/3/21,[新聞] 外資頻按讚聯電 股價上看6字頭,56
2023/3/21,[新聞] 政府補助無人機研發 長榮航太、雷虎,17
2023/3/21,[新聞] 南亞科估上半年跌價逐季縮小 華邦電看營,5
2023/3/21,[新聞] 【Yahoo來選股】首季進入倒數！投信持股1,5
2023/3/21,[新聞] 友達：面板剛性需求回來了 下半年還會,55
2023/3/21,[新聞] 永道-KY掛牌飆漲140% 蜜月行情剽悍,31
2023/3/21,Re: [標的] 00740B富邦投等債、00746B富邦A級債 請益,11
2023/3/21,[新聞] 外資大砍金融股！中信金遭賣15.73萬張最,20
2023/3/21,Re: [請益] 線仙能靠技術分析全職操盤穩定獲利嗎?,4
2023/3/21,[標的] 6214 精誠 不純粹OpenAI 血統,31
2023/3/21,[新聞] 精確打入比亞迪鏈,21
2023/3/21,[閒聊] 2023/03/21 盤中閒聊,100
2023/3/21,Re: [請益] 線仙能靠技術分析全職操盤穩定獲利嗎?,13
2023/3/21,Re: [標的] 潤泰全2915 潤泰新9945 反彈肉最少10%,30
2023/3/21,[新聞] 台股內資力挺 沒被嚇倒,10
2023/3/21,[新聞] 宣明智大膽預測未來5年台IC設計市佔衝5成,23
2023/3/21,Re: [新聞] 瑞銀32億美元收購瑞信 美英歐讚金融穩定,7
2023/3/21,[新聞] 拜登：倒閉銀行的高管應沒收薪酬 禁止再,50
2023/3/21,[標的] 星宇航空座艙科技點滿 多,25
2023/3/21,[新聞] 第一共和銀行信評 標普再砍至「更廢」,33
2023/3/20,[標的] NDAQ US,6
2023/3/20,[標的] 合晶6182 多,13
2023/3/20,Re: [請益] 線仙能靠技術分析全職操盤穩定獲利嗎?,11
2023/3/20,[標的] 6697東捷資訊,6
2023/3/20,Re: [標的] SCHW US,4
2023/3/20,Re: [標的] 中國50正2,19
2023/3/20,[情報] 3/20全市場當沖虧損最多的股票,5
2023/3/20,Re: [請益] 線仙能靠技術分析全職操盤穩定獲利嗎?,8
2023/3/20,Re: [請益] 線仙能靠技術分析全職操盤穩定獲利嗎?,14
2023/3/20,[情報] 112年03月20日信用交易統計,10
2023/3/20,[情報] 0320 上市櫃外資投信同買排行,0
2023/3/20,[標的] 00680L 元大美債正二 多,31
2023/3/20,[情報] 0320 上市櫃外資投信買超金額排行,0
2023/3/20,[標的] 敦泰3545 多 重啟多頭循環炒作,63
2023/3/20,[標的] 00740B富邦投等債、00746B富邦A級債 請益,13
2023/3/20,[新聞] 外資賣超47.83億元大砍金融股 敲進7檔電,10
2023/3/20,Re: [標的] 大盤安心多,7
2023/3/20,[心得] 消費性電子股價轉強中,43
2023/3/20,[新聞] 投資失敗想不開釀一家五口滅門慘案！,57
2023/3/20,Re: [請益] 股票現金配比,6
2023/3/20,[請益] 線仙能靠技術分析全職操盤穩定獲利嗎?,59
2023/3/20,[情報] 8044 網家 不分配股利,51
2023/3/20,[新聞] 瑞信AT1債券變廢紙 14家金控曝險出爐 僅,35
2023/3/20,[新聞] 華南金有能力發股利　但以現金為主,16
2023/3/20,Re: [標的] 2409 友達 (最新面板報價 電視面板全部上漲),73
2023/3/20,[情報] 1702南僑 112年2月自結 以及補充沒肥皂,5
2023/3/20,Re: [請益] 股票現金配比,12
2023/3/20,[情報] 112/03/20 八大公股銀行買賣超排行,11
2023/3/20,[創作] 嘿～低接,40
2023/3/20,[新聞] 王美花：不想資安被洩漏 請找台灣廠商,-10
2023/3/20,[請益] 股票現金配比,65
2023/3/20,[情報] 6667 信紘科  111年 5.11 股利4.24,25
2023/3/20,[新聞] 瑞信AT1雷燒到本國金融業? 永豐金澄清,13
2023/3/20,[請益] 以後規則是不是改了？債基金和保單變危險,42
2023/3/20,[新聞] 南山人壽：未持有瑞信AT1債券、投資型保,27
2023/3/20,Re: [新聞] 友達太陽能目標500MV 躋身前5大光電系統,3
2023/3/20,[情報] 8478東哥遊艇111年財報,11
2023/3/20,[情報] 8478 東哥遊艇 111年現金股利 10元,10
2023/3/20,[新聞] 友達太陽能目標500MV 躋身前5大光電系統,31
2023/3/20,[新聞] 逾40萬股民放心　華南金今年可發股利,59
2023/3/20,[新聞] 台電釋肥單 中興電、華城歡呼,24
2023/3/20,[情報] 0320 上市外資買賣超排行,40
2023/3/20,Re: [新聞] 瑞信AT1債券慘淪壁紙 規模2750億美元銀,35
2023/3/20,[新聞] 洋基去年EPS 25.48元,100
2023/3/20,Re: [新聞] 彭博：瑞銀出價多達10億美元購併瑞信 遭,25
2023/3/20,[情報] 112年03月20日 三大法人買賣金額統計表,56
2023/3/20,[情報] 2707 晶華 111年EPS 7.09 股利 9.0073,23
2023/3/20,[情報] 0320 上市投信買賣超排行,19
2023/3/20,[情報] 玉山金現金增資基準日,42
2023/3/20,[標的] 2753八方雲集鍋貼空,18
2023/3/20,[新聞] 瑞信AT1債券慘淪壁紙 規模2750億美元銀,86
2023/3/20,[閒聊] 2023/03/20 盤後閒聊,53
2023/3/20,[請益] 排除特例以保持策略穩定？,5
2023/3/20,[新聞] 金融存股勇士進場了！9家金控股東人數創,96
2023/3/20,[請益] 債劵的利率不是系統性風險嗎?,21
2023/3/20,Re: [新聞] 瑞信160億瑞郎債券成壁紙,7
2023/3/20,[心得]  金融股債避免,20
2023/3/20,[新聞] 央行嚴宗大：利率決策不只看通膨,40
2023/3/20,[新聞] 永豐金ESG承銷募資 以金融助攻綠能產業,8
2023/3/20,[新聞] 壁紙效應蔓延 亞洲銀行AT1債券創紀錄大跌,71
2023/3/20,[新聞] 【Yahoo來選股】缺水漲電！南部水情警報,28
2023/3/20,[新聞] 瑞信160億瑞郎債券成壁紙,31
2023/3/20,[新聞] 這檔金控外資大賣 網友卻喊股價好香！,39
2023/3/20,[新聞] 金融業踩瑞信大雷？國泰金率先澄清,52
2023/3/20,Re: [新聞] 瑞銀逾千億債券變壁紙 金管會：金融業曝,21
2023/3/20,[新聞] 3金控難配息 2家動用公積,45
2023/3/20,[標的] 00712富時不動產天天大溢價要賣？,5
2023/3/20,[新聞] 台股／【Yahoo早盤】台股仍強勁？專家：P,6
2023/3/20,Re: [新聞] 瑞銀30億瑞郎收購瑞信 有160億瑞郎債券成,19
2023/3/20,Re: [新聞] 瑞銀32億美元收購瑞信 美英歐讚金融穩定,87
2023/3/20,[閒聊] 2023/03/20 盤中閒聊,100
2023/3/20,[新聞] 鴻海衝刺元宇宙 出招併購,38
2023/3/20,[情報] 美英加日歐瑞士央行聯合加強流動性供應갭,25
2023/3/20,[新聞] 全球需求升溫 貨櫃雙雄拚Q3重現榮景,70
2023/3/20,[新聞] 瑞銀30億瑞郎收購瑞信 有160億瑞郎債券成,42
2023/3/20,[新聞] 瑞銀32億美元收購瑞信 美英歐讚金融穩定,61
2023/3/20,[創作] 新鴛鴦蝴蝶夢,0
2023/3/20,[情報] 瑞銀確定收購瑞士信貸,54
2023/3/19,[新聞]瑞銀對瑞信提出要約，考慮債券持有人損失,99
2023/3/19,Re: [新聞] 彭博：瑞銀出價多達10億美元購併瑞信 遭,6
2023/3/19,[新聞] 彭博：瑞銀出價多達10億美元購併瑞信 遭,84
2023/3/19,[新聞] FT：瑞銀出價以多達10億美元 購併瑞信,56
2023/3/19,[新聞] 央行理監事會23日登場 學者估暫緩升息,30
2023/3/19,[新聞] 台股配息上看2.5兆 挑戰歷史新高,42
2023/3/19,[新聞] 莎朗史東驚變銀行(SVB)倒閉受災戶,50
2023/3/19,[新聞] 中鋼董座強調看到春天 翁朝棟：3月一定轉,67
2023/3/19,[新聞] 消化庫存 大陸超過40個汽車品牌大降價！,100
2023/3/19,[情報] 3/13~3/17全市場當沖虧損最多的股票,19
2023/3/19,[標的] 華電 電網強韌計畫,100
2023/3/19,Re: [新聞] 傳拜登政府連日與巴菲特討論美國銀行危機,40
2023/3/19,[心得] 股票不就是買低賣高，怎麼會輸錢？,93
2023/3/19,[新聞] 傳拜登政府連日與巴菲特討論美國銀行危機,49
2023/3/19,[新聞] LME倉庫被偷天換日！4千萬元鎳塊變石頭,75
2023/3/19,[新聞] 金融族群仍能存股？老手曝台企銀甜甜價,54
2023/3/19,Re: [請益] 各位都是怎麼找標的選股的？,2
2023/3/19,[新聞] 國泰、華南金法說 股利萬眾矚目,59
2023/3/19,Re: [請益] 各位都是怎麼找標的選股的？,3
2023/3/19,[新聞] FT：瑞銀研議收購瑞信 最晚19日敲定協議,26
2023/3/19,[新聞] 彭博：債市巨震 第一家知名避險基金將關,60
2023/3/19,[新聞] Fed升息1碼 全年降息無望,-10
2023/3/19,[新聞] 4735豪展eps及股利,2
2023/3/19,[標的] 持股健檢,65
2023/3/18,[新聞] 歐盟公布關鍵原料法案 對中國稀土依賴將,25
2023/3/18,[新聞] 收購瑞信傳出程咬金 美國瑞士巨頭開戰,56
2023/3/18,[新聞] 《熱門族群》穩懋、全新配息2.5元、2.3元,24
2023/3/18,[心得] 踩到雷對我選股的影響,33
2023/3/18,[新聞] 5艘「反艦型」沱江級軍艦龍德得標,15
2023/3/18,[標的] MSFT.US 微軟把拔加上 AI 有夠香 多,69
2023/3/18,[新聞] 中國重罰德勤9億元 暫停北京分所經營3個,56
2023/3/18,[新聞] 泰山股東臨時會 法院喊卡,10
2023/3/18,Re: [請益] 各位都是怎麼找標的選股的？,24
2023/3/18,[標的] 2023餐飲觀光還有沒有戲？,39
2023/3/18,[新聞] 又抓到了！第一共和銀行CEO也賣股落跑 坑,74
2023/3/18,Re: [請益] 到底該怎麼解釋升降息釋出的訊息,8
2023/3/18,[請益] 到底該怎麼解釋升降息釋出的訊息,42
2023/3/18,[新聞] Fed暴力升息1年　謝金河：金融市場動盪,22
2023/3/18,[新聞] 兩會後中國官方對於半導體具體的扶植政,27
2023/3/18,Re: [請益] 停電斷電概念股,3
2023/3/18,[請益] 印尼是不是未來最有投資潛力的國家？,100
2023/3/18,Re: [請益] 各位都是怎麼找標的選股的？,13
2023/3/18,[情報] 8923時報-董事會決議分派現金股利:1.0,1
2023/3/18,[標的] 停電斷電概念股,89
2023/3/18,[新聞] OECD：通膨威脅還在　全球央行應持續升息,17
2023/3/18,[標的] 軍工類股 多,15
2023/3/18,Re: [標的] 9921巨大 暖春復甦多,62
2023/3/18,[新聞] 經部︰台灣低電價 具全球競爭力,8
2023/3/18,[情報] 1475業旺 111年度 現金股利：0.5,2
2023/3/18,[新聞] 央行保證 台灣的銀行不會倒,98
2023/3/18,[心得] 炒作總有一天會結束,39
2023/3/18,Re: [請益] 賠到麻木了,8
2023/3/18,Re: [標的] 8028昇陽半導體 擴廠多,0
2023/3/18,[新聞] 金融時報：瑞銀正洽商收購瑞信全部或部分,51
2023/3/18,[標的] 8028昇陽半導體 擴廠多,11
2023/3/18,[心得] 入市兩年的交易心得。,94
2023/3/18,[新聞] 一週熱門零股 國泰永續高股息 長榮 夯,24
2023/3/18,Re: [請益] 各位都是怎麼找標的選股的？,13
2023/3/18,Re: [請益] 請問美國科技股這幾天在漲什麼?,35
2023/3/18,Re: [新聞] 中國人行宣布　調降金融機構存款準備金率,4
2023/3/17,[新聞] 美國高房租帶動公寓開工竄升，營建業就業,44
2023/3/17,Re: [新聞] 中國人行宣布　調降金融機構存款準備金率,24
2023/3/17,[新聞] 矽谷銀行風暴 馬斯克提1929大蕭條,46
2023/3/17,[新聞] 《科技》高通新竹大樓落成 首席營運長：,16
2023/3/17,[新聞] 好景不長？瑞信股價跌勢再起 傳不願與瑞,32
2023/3/17,Re: [請益] 賠到麻木了,17
2023/3/17,Re: [標的] CTBB US,5
2023/3/17,[情報] 6206飛捷 111年EPS 7.29 股利 5.5,3
2023/3/17,[新聞] 美股開盤道瓊「下跌150點」美國銀行業擔憂,52
2023/3/17,Re: [新聞] SVB矽谷銀行金融集團聲請破產,10
2023/3/17,[情報] 112年03月17日信用交易統計,7
2023/3/17,[新聞] 歐盟新規定 限制陸太陽能,40
2023/3/17,Re: [新聞] SVB矽谷銀行聲請破產,5
2023/3/17,Re: [標的] 2754亞洲藏壽司 搶反彈+政府6千元受惠,20
2023/3/17,Re: [請益] 賠到麻木了,29
2023/3/17,[心得] 03/20 ~ 03/24 世界經濟數據行事曆,12
2023/3/17,[情報] 3402 漢科 111年財務及股利分派,9
2023/3/17,[情報] 巨有科技111年度個別財務報告,20
2023/3/17,[情報] 0317 上市櫃外資投信同買排行,1
2023/3/17,[新聞] 22萬股東別氣了！國票金0股利但紀念品有,100
2023/3/17,[情報] 0317 上市櫃外資投信買超金額排行,1
2023/3/17,[新聞] 中國人行宣布　調降金融機構存款準備金率,81
2023/3/17,Re: [請益] 有學長姊可以分享雷曼兄弟那次經驗嗎？,17
2023/3/17,[情報] 3293 鈊象 111年EPS 38.88 股利 35,57
2023/3/17,[情報] 1108 幸福 發現金股利0.8 111年EPS1.44,6
2023/3/17,[情報] 4973 廣穎電通 現金股利：2,6
2023/3/17,[標的] 2888 新光金 便宜多,52
2023/3/17,[情報] 華立 股利6.1,4
2023/3/17,[情報] 112/03/17 八大公股銀行買賣超排行,9
2023/3/17,[新聞] 878股民想改存713? 因878金融股配息疑慮,28
2023/3/17,[情報] 8433 弘帆 111年股利分派,10
2023/3/17,Re: [請益] 有學長姊可以分享雷曼兄弟那次經驗嗎？,7
2023/3/17,[情報] 上半年(4月至9月)平均電價漲幅為11％,100
2023/3/17,[創作] 我被青春撞了一下腰,50
2023/3/17,[情報] 6143 振曜 111年財報,6
2023/3/17,[新聞] 假單／盤前大量撤單個股暫緩開盤2分鐘！,80
2023/3/17,Re: [請益] 有學長姊可以分享雷曼兄弟那次經驗嗎？,4
2023/3/17,Re: [標的] GOOG US,3
2023/3/17,[情報] 0317 上市外資買賣超排行,62
2023/3/17,Re: [請益] 有學長姊可以分享雷曼兄弟那次經驗嗎？,28
2023/3/17,Re: [新聞] Fed一週內狂擴表3千億美元 實施1年的QT扭,0
2023/3/17,[標的] 5871 中租KY 筆記本漂亮 多,17
2023/3/17,[新聞] 「恭喜抽中30張股票」騙550萬抽成費 3嫌,23
2023/3/17,[請益] 有關抽股票的問題,9
2023/3/17,[情報] 20230317 SCFI 909.72 ＋3.17,67
2023/3/17,Re: [新聞] Fed一週內狂擴表3千億美元 實施1年的QT扭,20
2023/3/17,Re: [請益] 關於技術分析,16
2023/3/17,[情報] 112年03月17日 三大法人買賣金額統計表,58
2023/3/17,Re: [請益] 持股健檢（都是看批踢踢買的）,97
2023/3/17,[情報] 0317 上市投信買賣超排行,14
2023/3/17,Re: [請益] 各位都是怎麼找標的選股的？,14
2023/3/17,[情報]  2387 精元 111年eps 7.48,8
2023/3/17,[新聞] 高盛下修今年美國GDP成長預測 因小銀行,0
2023/3/17,[情報] 9927 泰銘 111年EPS 4.07 股利 4,20
2023/3/17,[新聞] 台積電尾盤權重調整爆量 收518元順利填息,30
2023/3/17,[情報] 新光鋼111年 EPS:1.23元 股利1元,16
2023/3/17,[閒聊] 2023/03/17 盤後閒聊,23
2023/3/17,[新聞] 高盛：美國銀行業壓力餘波 恐擴及台、韓,29
2023/3/17,[請益] 關於技術分析,22
2023/3/17,[新聞] 調研發現，廠商對於2030年至2040年達成10,13
2023/3/17,[新聞] 歐洲官員批美方「無能」 紓困SVB違反全,100
2023/3/17,Re: [新聞] Fed一週內狂擴表3千億美元 實施1年的,5
2023/3/17,Re: [新聞] Fed一週內狂擴表3千億美元 實施1年的QT扭,21
2023/3/17,Re: [請益] 各位都是怎麼找標的選股的？,10
2023/3/17,Re: [請益] 各位都是怎麼找標的選股的？,5
2023/3/17,[新聞] 永豐餘去年EPS 1.31元！擬配息0.9元 配發,13
2023/3/17,Re: [情報] 本周FED資產負債表擴張  BTFP利率4.5%,20
2023/3/17,[標的] 2754亞洲藏壽司 搶反彈+政府6千元受惠,16
2023/3/17,[新聞] 5G資金仍未回收，預計5G貨幣化的真正潛力,4
2023/3/17,[標的] 大盤 全年長空,100
2023/3/17,[標的] 2882國泰金 金融寒冬空,53
2023/3/17,[新聞] Fed一週內狂擴表3千億美元 實施1年的QT扭,100
2023/3/17,[標的] 00708L期元大黃金正2做多,7
2023/3/17,Re: [請益] 有學長姊可以分享雷曼兄弟那次經驗嗎？,2
2023/3/17,[情報] 本周FED資產負債表擴張  BTFP利率4.5%,38
2023/3/17,[標的] 00670L 小那正2,12
2023/3/17,Re: [請益] 有學長姊可以分享雷曼兄弟那次經驗嗎？,7
2023/3/17,[請益] 價量關係判斷漲跌,16
2023/3/17,Re: [新聞] 3/17富時指數和0050調整日 盤後生效,5
2023/3/17,[新聞] 【Yahoo早盤】台股止跌守穩！ 專家：4題,7
2023/3/17,[新聞] 彭博：歐洲央行擔心放棄升息2碼可能會引,23
2023/3/17,[新聞] 女股神砲轟 Fed是矽谷銀行倒閉的罪魁禍首,36
2023/3/17,[新聞] 張忠謀：半導體全球化已死　晶片業停止成長進新賽局,53
2023/3/17,[閒聊] 2023/03/17 盤中閒聊,100
2023/3/17,Re: [請益] 有學長姊可以分享雷曼兄弟那次經驗嗎？,18
2023/3/17,[新聞] 大銀行齊救區域銀行FRC 那指、費半嗨,42
2023/3/17,Re: [請益] 有學長姊可以分享雷曼兄弟那次經驗嗎？,6
2023/3/17,[標的] AIG.US 不推保險公司的原因？(請益）,0
2023/3/17,Re: [請益] 有學長姊可以分享雷曼兄弟那次經驗嗎？,26
2023/3/17,Re: [請益] 有學長姊可以分享雷曼兄弟那次經驗嗎？,9
2023/3/17,Re: [請益] 有學長姊可以分享雷曼兄弟那次經驗嗎？,38
2023/3/17,[新聞]串連數千個 Nvidia GPU，微軟打造 ChatGPT,40
2023/3/17,Re: [請益] 賠到麻木了,16
2023/3/17,Re: [請益] 有學長姊可以分享雷曼兄弟那次經驗嗎？,2
2023/3/17,Re: [請益] 賠到麻木了,6
2023/3/17,Re: [標的] 00687B 美債20年ETF 長期不停損多,5
2023/3/17,[新聞] 路透：鴻海搶下AirPods訂單 將在印度設新,21
2023/3/17,[標的]  2615萬海反彈多,14
2023/3/17,Re: [請益] 賠到麻木了,73
2023/3/16,Re: [請益] 有學長姊可以分享雷曼兄弟那次經驗嗎？,32
2023/3/16,[新聞] 張忠謀：英特爾從頭到尾是一個人在舞池跳,47
2023/3/16,[情報] 4104佳醫 111年度EPS 4.5 股利3.65+0.5,9
2023/3/16,Re: [請益] 人生還有機會翻身嗎?,76
2023/3/16,Re: [請益] 有學長姊可以分享雷曼兄弟那次經驗嗎？,8
2023/3/16,[新聞] 張忠謀首度表態，強調支持美國晶片政策限,47
2023/3/16,Re: [請益] 有學長姊可以分享雷曼兄弟那次經驗嗎？,43
2023/3/16,[創作] 超快感,15
2023/3/16,[標的] GOOG US,17
2023/3/16,[請益] 有學長姊可以分享雷曼兄弟那次經驗嗎？,99
2023/3/16,[情報] 4414 如興 111年自結-3.99 不辦理撥補,7
2023/3/16,[標的] 00687B 美債20年ETF 長期不停損多,26
2023/3/16,[新聞] 不懼動盪 歐洲央行一如預期升息50基點 強,24
2023/3/16,[新聞] 油金／傳瑞士信貸面臨違約危機 紐油暴跌5,22
2023/3/16,[新聞] 瑞信危機亞股全倒 金管會:台股基本面有撐,55
2023/3/16,[情報] 112年03月16日信用交易統計,18
2023/3/16,Re: [心得] 馬丁格爾策略告訴你不該追求勝率,3
2023/3/16,[新聞] 美國上周初領失業金人數降至19.2萬 創去,27
2023/3/16,[新聞] 嘉信CEO砸300萬美元買自家股票、稱客戶,11
2023/3/16,[請益] 藍燈的現在各位持股水位,99
2023/3/16,[情報] 0316 上市櫃外資投信同買排行,0
2023/3/16,[情報] 上市金控、銀行股 Q4財報,36
2023/3/16,[標的] 00725b 國泰投資級公司債,3
2023/3/16,[情報] 0316 上市櫃外資投信買超金額排行,1
2023/3/16,Re: [請益] 賠到麻木了,9
2023/3/16,[新聞] 寶成去年稅後純益126億元 每股賺4.29元,22
2023/3/16,[情報] 8070長華* 111年EPS3.16 下半年股利1.8 .,4
2023/3/16,[新聞] 電價是否調漲 經部明擬召開電價費率審議,28
2023/3/16,[情報] 1532 勤美 111年股利分派,12
2023/3/16,[情報] 4987科誠 111年5.95 股利4.5,8
2023/3/16,[新聞] 金融三業瑞信曝險逾1500億　金管會：尚屬,50
2023/3/16,[請益] 今年大盤還漲千點 今年賺的卻已吐光,41
2023/3/16,[標的] 00878.TW 國泰永續高股息 討論,10
2023/3/16,[情報] 112/03/16 八大公股銀行買賣超排行,8
2023/3/16,[情報] 2323中環代子公司公告取得長榮 陽明股票,66
2023/3/16,[情報] 2353 宏碁 111年EPS1.67 股利1.5 日06/29,30
2023/3/16,[新聞] 銀行連環爆 謝金河：風險可控 台股壓力大,26
2023/3/16,[新聞] 00878還能不能買? 贏的關鍵:定期定額布局,13
2023/3/16,[情報] 1104 環泥 111年EPS 3.12 股利 1.5,25
2023/3/16,Re: [請益] 賠到麻木了,27
2023/3/16,[情報] 4743 合一 公告本公司南州廠通過國產醫,23
2023/3/16,Re: [請益] 賠到麻木了,9
2023/3/16,Re: [請益] 賠到麻木了,16
2023/3/16,Re: [請益] 賠到麻木了,3
2023/3/16,[新聞] 《大賣空》本尊：這次銀行破產風暴並不危,91
2023/3/16,Re: [請益] 賠到麻木了,5
2023/3/16,[情報] 0316 上市外資買賣超排行,73
2023/3/16,[情報] 112年03月16日 櫃買法人買賣金額統計表,6
2023/3/16,[新聞] 陸需求轉強 消費投資回暖,15
2023/3/16,[新聞] 富邦金法說 發得出股利！近1200億元未分,78
2023/3/16,[新聞] ETF／受益人數攀高峰！台股ETF規模逼近1,23
2023/3/16,Re: [請益] 賠到麻木了,0
2023/3/16,Re: [心得] 馬丁格爾策略告訴你不該追求勝率,7
2023/3/16,[新聞] 陸版ChatGPT文心一言發表...股價秒大跳水,100
2023/3/16,[情報] 112年03月16日 三大法人買賣金額統計表,54
2023/3/16,[心得] 馬丁格爾策略告訴你不該追求勝率,27
2023/3/16,[新聞] 又是遊戲橘子！《新楓之谷》遭玩家踢爆,59
2023/3/16,[情報] 0316  上市投信買賣超排行,23
2023/3/16,[新聞] 臺企銀股利創新低一度跌停 億元教授4原因,66
2023/3/16,Re: [標的] 2603長榮  淨值殖利率雙多多,100
2023/3/16,Re: [心得] 跟單八大長老勝率100%測試心得,12
2023/3/16,Re: [請益] 賠到麻木了,1
2023/3/16,Re: [新聞] 金融股倒一片「便宜存股機會來了」？專家,36
2023/3/16,[閒聊] 2023/03/16 盤後閒聊,20
2023/3/16,Re: [請益] 賠到麻木了,14
2023/3/16,[心得] 跟單八大長老勝率100%測試心得,100
2023/3/16,[情報] 巨有科技澄清媒體報導,7
2023/3/16,[新聞] 電子廠商爭先搶入電動車，索尼、鴻海、,2
2023/3/16,Re: [標的] 1402 遠東新 韭菜該逃了,8
2023/3/16,[請益] 買公司股票停利時機,0
2023/3/16,Re: [請益] 賠到麻木了,6
2023/3/16,Re: [請益] 賠到麻木了,46
2023/3/16,[新聞] 金融股倒一片「便宜存股機會來了」？專家,61
2023/3/16,Re: [請益] 賠到麻木了,6
2023/3/16,Re: [請益] 賠到麻木了,7
2023/3/16,Re: [請益] 賠到麻木了,4
2023/3/16,[標的] 請益 8299 群聯 是否可以買了？,7
2023/3/16,[請益] 賠到麻木了,99
2023/3/16,[新聞] 股利創金融海嘯新低 台企銀爆量重挫逾8%,100
2023/3/16,[情報] 8081 致新 111年eps22.46,3
2023/3/16,[新聞] 銀行連環爆雷　Fed傳聲筒：3月升息沒了！,66
2023/3/16,[新聞] ChatGPT劍指智慧手錶和電動車領域，蘋果,21
2023/3/16,[心得] 台股,100
2023/3/16,[標的] 長榮2603 爆量 反壓來回空 尬我啊!!好怕,17
2023/3/16,[新聞] 【Yahoo早盤】選股不選市！專家：低接操,4
2023/3/16,[新聞] 瑞士信貸：將跟央行借最多500億瑞士法郎,100
2023/3/16,[新聞] 《半導體》義隆30日除息3元,3
2023/3/16,[新聞] 石油ETF 逢回進場,11
2023/3/16,[新聞] 由田去年營收獲利同創新高EPS 12.55元,22
2023/3/16,[情報] 1231聯華食 111年EPS3.89,0
2023/3/16,[閒聊] 2023/03/16 盤中閒聊,100
2023/3/16,[情報] 富邦金公告111年度合併財務報告,50
2023/3/16,[新聞] 台股內資指標...九千金再現,10
2023/3/16,Re: [請益] 有錢人買美債的套利兼避稅模式,0
2023/3/16,[新聞] 瑞士央行公開相挺 必要時提供瑞信額外流,69
2023/3/16,[新聞] 防主力大量掛假單操縱股價 上市櫃暫緩開,63
2023/3/16,[新聞] 瑞信拖累！高盛、花旗跌幅破4%　銀行股臉,39
2023/3/16,Re: [請益] 營業員失誤下單後的其他疑問,0
2023/3/16,Re: [標的] SOXS.US 3倍反向半導體 多,4
2023/3/16,[請益] ETF會因為擦鞋童越來多導致配息降低嗎?,4
2023/3/16,[新聞] 債券報價系統被取消，債市回到群聊時代,10
2023/3/16,[情報] 5609 中菲行 111年EPS18.71 股利10.7+0.5,21
2023/3/15,[公告] 03/15 處置公告,0
2023/3/15,[新聞] 郭哲榮：下一個金融震央不在美國 居然是,-10
2023/3/15,[新聞] 14家金控全遭外資空襲 這5檔入賣超前10大,12
2023/3/15,[新聞] 注意! FH富時不動產等七檔ETF更名,10
2023/3/15,Re: [新聞] 瑞信危機衝擊金融股 美股道瓊重挫548點,11
2023/3/15,[創作] 沒那麼簡單,57
2023/3/15,[新聞] 女股神旗艦基金ARKK獲近4億美元流入 馬斯,7
2023/3/15,[新聞] 瑞信危機衝擊金融股 美股道瓊重挫548點,58
2023/3/15,Re: [請益] 營業員失誤下單後的其他疑問,13
2023/3/15,[新聞] 交易員押注聯儲會年內將從利率峰值降息逾,38
2023/3/15,[情報] 4306 炎洲 EPS1.72元 股利1元,16
2023/3/15,[請益] 有錢人買美債的套利兼避稅模式,40
2023/3/15,Re: [新聞] 銀行股風暴延燒 台指期夜盤大跌超過200點,-10
2023/3/15,[標的] 00706L 日圓正二 長線多,14
2023/3/15,[新聞] 銀行股風暴延燒 台指期夜盤大跌超過200點,68
2023/3/15,[情報] 8033 雷虎擬以私募方式辦理現金增資發行,17
2023/3/15,[情報] 112年03月15日信用交易統計,32
2023/3/15,[新聞] 鴻海出清紫光集團持股 收到人民幣53.8億,72
2023/3/15,[情報]增你強 EPS:3.3 股利：3,45
2023/3/15,"[新聞] 保險業對瑞信曝險額 達1,102億",66
2023/3/15,[新聞] 臺慶科擬每股58元 公開收購鈺邦至少19.11,14
2023/3/15,[情報] 美國二月PPI指數,100
2023/3/15,[情報] 2633高鐵 111年股利分配,14
2023/3/15,Re: [新聞] 雷曼危機吹哨者警告　這家大銀行恐步上,7
2023/3/15,[情報] 2324 仁寶 EPS 1.67 股利分配,26
2023/3/15,[情報] 1582 信錦 111年股利分配,8
2023/3/15,[新聞] 最大股東拒金援 瑞士信貸重挫後暫停交易,50
2023/3/15,[新聞] SVB餘波未平 瑞信最大股東不再注資 股價,23
2023/3/15,Re: [新聞] 震撼言論！美前國安顧問：中國若侵台,12
2023/3/15,[標的] 請益 - 是否該改存00713,38
2023/3/15,[情報] 2362 藍天 111年EPS 1.41 股利 1.5,23
2023/3/15,Re: [新聞] 《金融股》今年獲利亮眼 臺企銀：明年不,48
2023/3/15,[新聞] 雷曼危機吹哨者警告　這家大銀行恐步上,37
2023/3/15,[新聞] 不服提告丁特遭駁回！遊戲橘子提上訴 股,7
2023/3/15,[標的] 潤泰全2915 潤泰新9945 反彈肉最少10%,21
2023/3/15,[情報] 3048 益登 股利2,19
2023/3/15,[請益] 除息後被偷錢的問題,-10
2023/3/15,[新聞] 瑞信發布年報 承認報帳內部控管存在重大,100
2023/3/15,[新聞] 馬斯克回應伍德：SVB危機很像1929年,4
2023/3/15,[情報] 112/03/15 八大公股銀行買賣超排行,6
2023/3/15,[情報] 2382 廣達 111年度下半年盈餘配 6元,32
2023/3/15,[新聞] 電信三雄 今年股利大放送,21
2023/3/15,[情報] 112年03月15日 櫃買法人買賣金額統計表,8
2023/3/15,[情報] 0315 上市櫃外資投信同買排行,2
2023/3/15,[情報] 2916 滿心 111年股利分配,5
2023/3/15,[情報] 6691洋基工程股利分派 19.25+3.03,50
2023/3/15,[情報] 2834 臺企銀 股利0.1+0.24,100
2023/3/15,[情報] 0315 上市櫃外資投信買超金額排行,1
2023/3/15,[情報] 9914 美利達 111年,25
2023/3/15,[情報] 三陽工業2206下半年度盈餘分派案,15
2023/3/15,[情報] 元大金111年股利 0.8+0.15,69
2023/3/15,[情報] 2891 中信金 111年EPS 1.55,44
2023/3/15,Re: [請益] FED對銀行的救市措施，有理解錯嗎？,52
2023/3/15,[情報] 1227 佳格 111年EPS 1.34 股利 1.29,22
2023/3/15,[情報] 9939宏全 111年 EPS 7.7 股利 4.8,12
2023/3/15,[情報] 0315 上市外資買賣超排行,49
2023/3/15,[情報] 6189豐藝 EPS:4.08 配息：3.45,0
2023/3/15,[新聞] 鴻海去年每股賺10.21元創15年來新高！今,24
2023/3/15,Re: [新聞] 台股雙軋行情 衝關萬六,4
2023/3/15,[新聞] 仁寶去年每股盈餘1.67元寫近3年低點 擬配,35
2023/3/15,[情報] 112年03月15日 三大法人買賣金額統計表,100
2023/3/15,[情報] 0315 上市投信買賣超排行,20
2023/3/15,Re: [請益] 一個月兩萬金融股選擇,4
2023/3/15,Re: [標的] 3443創意 跳水台空,11
2023/3/15,[請益] 一個月兩萬金融股選擇,100
2023/3/15,[情報] 2317 鴻海 111年度 現金股利:5.3,67
2023/3/15,[閒聊] 2023/03/15 盤後閒聊,45
2023/3/15,[情報] 1234 黑松 111年度 現金股利:1.8,23
2023/3/15,[新聞] 三星於2022年資本支出超過400億，2023年,3
2023/3/15,[新聞] 長榮配息70元最狂航海王 高人氣帶隊航,87
2023/3/15,Re: [請益] 00923 低碳版0050吸引到多少鄉民?,6
2023/3/15,[請益] 00923 低碳版0050吸引到多少鄉民?,30
2023/3/15,[請益] 營業員失誤下單後的其他疑問,27
2023/3/15,[新聞] 中美晶入股盛達 攻儲能商機,6
2023/3/15,[請益] 股市總覽停刊後  有甚麼資源可以代替嗎?,21
2023/3/15,[標的] 3443創意 跳水台空,25
2023/3/15,Re: [標的] 2609陽明 爆量水手集合多 不除息,13
2023/3/15,Re: [新聞] 震撼言論！美前國安顧問：中國若侵台,22
2023/3/15,[情報] 5233 有量 澄清媒體報導,20
2023/3/15,[情報] 8926 台汽電 111年股利1.05+0.7,20
2023/3/15,[新聞] 國民退休金護盤？莊翠雲:尚未動用四大基,53
2023/3/15,[情報] 1477 聚陽111年度EPS 14.53元 股利14.5元,13
2023/3/15,[新聞] 矽谷銀行倒閉危機，可能傷害美國科技產業,0
2023/3/15,[新聞] 鉅亨速報 - Factset 最新調查：華碩(235,9
2023/3/15,[新聞] 震撼言論！美前國安顧問：中國若侵台成功,74
2023/3/15,[新聞] 【Yahoo早盤】台股強漲逾百點！專家：2類,1
2023/3/15,Re: [新聞] 布蘭特原油一度跌破80美元 SVB倒閉加劇-,14
2023/3/15,Re: [標的] DJI 道瓊  高處沒有不勝寒,4
2023/3/15,[閒聊] 2023/03/15 盤中閒聊,100
2023/3/15,[新聞] 睿生光電 申購今登場 中籤者現賺於6萬,40
2023/3/15,[新聞] 詐團騙中50張龍德造船新股 老翁險匯150萬,27
2023/3/15,Re: [情報] 美國2月CPI 6.0% 核心 5.5%,6
2023/3/15,Re: [情報] 美國2月CPI 6.0% 核心 5.5%,0
2023/3/15,[新聞] 主計長：物價已經在往下趨勢　預計整年不,-10
2023/3/15,[心得] A大被起訴有罪確立! 收費大神們注意,52
2023/3/15,Re: [請益] FED對銀行的救市措施，有理解錯嗎？,24
2023/3/15,Re: [情報] 美國2月CPI 6.0% 核心 5.5%,9
2023/3/15,Re: [情報] 美國2月CPI 6.0% 核心 5.5%,14
2023/3/14,[新聞] Meta再裁1萬人！關閉5千職位 首家啟動2輪,73
2023/3/14,[標的] PFE US,1
2023/3/14,[請益] FED對銀行的救市措施，有理解錯嗎？,9
2023/3/14,Re: [新聞] 野村率先預測Fed 3月降息、暫停QT,30
2023/3/14,[情報] 2546根基 111年EPS 8.98 股利 4.15+0.35,14
2023/3/14,[情報] 2354 鴻準 111年股利分配,9
2023/3/14,[請益] 美股OHI集體訴訟的通知,4
2023/3/14,[情報] 112年03月14日信用交易統計,24
2023/3/14,[新聞] 美矽谷銀倒閉 金管會：台股年初至今漲幅,43
2023/3/14,[新聞] 《國際金融》瑞士嚴密監督銀行業 點名瑞,10
2023/3/14,[情報] 2496 卓越 111年度及股利分派,16
2023/3/14,Re: [情報] 美國2月CPI 6.0% 核心 5.5%,25
2023/3/14,[公告] 03/14 處置公告,0
2023/3/14,[情報] 5607 遠雄港 111年股利分派,0
2023/3/14,Re: [情報] 美國2月CPI 6.0% 核心 5.5%,60
2023/3/14,[情報] 美國2月CPI 6.0% 核心 5.5%,100
2023/3/14,[情報] 5403 中菲 現金股利5元,7
2023/3/14,[標的] SCHW US,24
2023/3/14,[情報] 2102泰豐 eps -2.95 不分派股利,6
2023/3/14,[標的] 南帝2108 少子化多多,10
2023/3/14,[新聞] 要不要發股利？新光金提2條件,61
2023/3/14,[情報] 0314 上市櫃外資投信同買排行,1
2023/3/14,[新聞] 全球最高！藥華藥罕病新藥獲得義大利健保,19
2023/3/14,Re: [新聞] 超大方！長榮每股配息70元 現金殖利率逾4,39
2023/3/14,Re: [新聞] 第三家！傳美第一共和銀行被接管 民眾排,5
2023/3/14,[情報] 6163華電網 111年EPS 1.06元 Q4=1.,12
2023/3/14,[情報] 3231緯創 EPS:4.01 股利：2.6,47
2023/3/14,[情報] 3443創意 2月EPS 1.81,14
2023/3/14,[情報] 2323 中環 111年EPS -0.95 不分派股利,14
2023/3/14,[新聞] 3209 全科 股利分派,26
2023/3/14,[新聞] 台新金：股利配發率同去年水準或更高,67
2023/3/14,[情報] 4743 合一 傷口外用乳膏取得紐西蘭進口,35
2023/3/14,[情報] 2886 兆豐金 111年EPS 1.32,33
2023/3/14,[情報] 4938 和碩 111年股利分配,15
2023/3/14,[情報] 112/03/14 八大公股銀行買賣超排行,12
2023/3/14,[標的] 4906正文,2
2023/3/14,[情報] 9945 潤泰新 111年EPS 3 股利 0 減資事宜,100
2023/3/14,[情報] 2105 正新 現金股利1.4元,6
2023/3/14,[新聞] 核二2號機除役 危機是商機？這族群出運,9
2023/3/14,[新聞] 創00878掛牌紀錄 外資單日大砍5.6萬張,18
2023/3/14,[情報] 1702 南僑 111年EPS 2.26 股利 2,13
2023/3/14,[情報] 2323中環代子公司公告取得台積電股票,19
2023/3/14,[情報] 2327 國巨 現金股利10元,15
2023/3/14,[情報] 0314 上市櫃外資投信買超金額排行,2
2023/3/14,[新聞] 才領完45個月年終！長榮海運宣布「加發年,100
2023/3/14,[情報] 2501 國建 111年度eps 1.04,22
2023/3/14,[情報] 和泰車111年財報 EPS:-35.39股利:2.2,41
2023/3/14,[情報] 2377 微星 現金股利6.6元,16
2023/3/14,[情報] 2915潤泰全現金股利2元,22
2023/3/14,[新聞] 穆迪將First Republic等6美銀行列降評觀,18
2023/3/14,Re: [標的] 2603 長榮,48
2023/3/14,[新聞] 第三家！傳美第一共和銀行被接管 民眾排,48
2023/3/14,[情報] 3056總太  現金股利4.1  股票股利4.1,56
2023/3/14,[情報] 3541 西柏 111年度 EPS 5.32,12
2023/3/14,[情報] 2542 興富發 111年度,35
2023/3/14,[情報] 1312國喬 全年EPS (0.56),14
2023/3/14,Re: [新聞] 超大方！長榮每股配息70元 現金殖利率逾4,13
2023/3/14,[情報] 112年03月14日 櫃買法人買賣金額統計表,9
2023/3/14,[情報] 0314 上市外資買賣超排行,48
2023/3/14,[情報] 2204 中華 111年度 現金股利:4,18
2023/3/14,[情報] 和泰產險111年度稅後損失369億,22
2023/3/14,[情報] 4142國光生 不分派發股利,12
2023/3/14,Re: [新聞] 超大方！長榮每股配息70元 現金殖利率逾4,18
2023/3/14,"[情報] 8916光隆 EPS:6.54,配息：4",9
2023/3/14,[新聞] 美銀行暴雷事件何時落幕？ 劉坤錫：看2指,7
2023/3/14,[新聞] 超大方！長榮每股配息70元 現金殖利率逾4,98
2023/3/14,[情報] 0314 上市投信買賣超排行,15
2023/3/14,[情報] 112年03月14日 三大法人買賣金額統計表,100
2023/3/14,[新聞] 矽谷銀倒閉　謝金河：美暴力升息弄死自己,0
2023/3/14,Re: [新聞] 野村率先預測Fed 3月降息、暫停QT,64
2023/3/14,[情報] 長榮111年股利 70元,100
2023/3/14,[情報] 2603長榮 111年財報 股利70元,81
2023/3/14,[情報] 9910豐泰 現金股利 7.7元 股票1.2元,5
2023/3/14,[情報] 2356 英業達 現金股利1.5元,23
2023/3/14,[情報] 6763 綠界科技 111年財報 股利10.10000003元,4
2023/3/14,[閒聊] 2023/03/14 盤後閒聊,100
2023/3/14,[情報] 6790 永豐實 EPS 2.55 現金股利2.3元,7
2023/3/14,[標的] 2603長榮  淨值殖利率雙多多,89
2023/3/14,Re: [新聞] 投資矽谷銀行「住套房」 拜登：這就是資,16
2023/3/14,[標的] 請問太極在漲什麼,39
2023/3/14,[新聞] 薩默斯：Fed 3月升息1碼仍是妥當之舉,86
2023/3/14,[新聞] 不忍了！遭自救會暗指內線交易 星宇航空,62
2023/3/14,[心得] 拿5塊東西跟國家借10塊，何樂而不借?,29
2023/3/14,[新聞] 研發中巡飛彈等2款高攻擊型無人機,13
2023/3/14,[請益] 上櫃轉上市價差請教,6
2023/3/14,[新聞] 「魔獸」現身敲鐘 雲豹能源上市漲逾7%,42
2023/3/14,[情報] 5863 瑞興銀 股利分配　現金0.49,15
2023/3/14,[心得] Re: [新聞] 滙豐計畫注入20億英鎊的流動,15
2023/3/14,[新聞] 布蘭特原油一度跌破80美元 SVB倒閉加劇뀭,18
2023/3/14,Re: [標的] BAC KBWB,8
2023/3/14,[新聞] 投資矽谷銀行「住套房」 拜登：這就是資,100
2023/3/14,[新聞] 野村率先預測Fed 3月降息、暫停QT,88
2023/3/14,Re: [標的] 大盤  空,3
2023/3/14,[新聞] 旅遊需求增溫，華航、長榮航、星宇及台灣,36
2023/3/14,[新聞] 有誠意！「健身工廠」柏文去年EPS 0.95,28
2023/3/14,[新聞] ETF／凱基優選高股息30(00915)公告配息0.,3
2023/3/14,[新聞] 連踩三雷！瑞典養老基金成美銀危機冤大頭,69
2023/3/14,[閒聊] 2023/03/14 盤中閒聊,100
2023/3/14,Re: [新聞] 快訊／比玉山金還慘！國票金不配股利,0
2023/3/14,[新聞] 經長鬆口了 水電恐雙漲,100
2023/3/14,Re: [新聞] 快訊／比玉山金還慘！國票金不配股利,25
2023/3/14,[情報] 4114健喬 EPS2. 46 股利0.6＋1,6
2023/3/14,[標的] BAC KBWB,8
2023/3/14,[新聞] 滙豐計畫注入20億英鎊的流動資金到SVB UK,13
2023/3/14,[請益] 有人關注聯準會會議嗎,90
2023/3/14,[標的] CTBB US,8
2023/3/13,[心得] 美國高倒閉風險銀行融斷VVV中,57
2023/3/13,[新聞] 暴漲！比特幣急拉10%突破2.2萬、ETH破16,56
2023/3/13,[新聞] 美史上第三大銀行倒閉案 Signature遭關,55
2023/3/13,[新聞] 穆迪：歐洲銀行業不太容易被債券資產損,4
2023/3/13,[標的]永豐金(2890)用數字解釋為啥永豐銀配息0元,29
2023/3/13,[情報] 日電貿 EPS: 8.02，股利：5.5,14
2023/3/13,[情報] 1229 聯華 111年股利分配,30
2023/3/13,[情報] 3/13全市場當沖虧損最多的股票,7
2023/3/13,Re: [標的] TLT SQQQ,15
2023/3/13,[標的] 2889國票金 明天是不是要砍殺出去?,45
2023/3/13,[請益] 短天期或是長天期債券ETF?,5
2023/3/13,[情報] ZIM 2022Q4 EPS 3.44,59
2023/3/13,[新聞] 建德工業 東研信超 2檔萬元申購紅包開抽,9
2023/3/13,[情報] 112年03月13日信用交易統計,31
2023/3/13,[新聞] 高盛改口預期3月不會升息,43
2023/3/13,[情報] 0313 上市櫃外資投信同買排行,3
2023/3/13,[情報] 2393.tw億光 111年財報+股利,10
2023/3/13,[情報] 富邦金控代子公司台北富邦銀行公告董事會,13
2023/3/13,[新聞] 終結連續13年紀錄！國票金去年EPS 0.41,42
2023/3/13,[情報] 0313 上市櫃外資投信買超金額排行,1
2023/3/13,[情報] 9918 欣天然  股利1元,1
2023/3/13,[新聞] 外資嘸離開、買超43億 台股等五亞股今收,9
2023/3/13,[標的] 2454.TW 聯發科 討論,0
2023/3/13,[情報] 2838 聯邦銀 111年EPS 0.85 股利 0.1+0.5,23
2023/3/13,[情報] 2908 特力 111年股利分派,14
2023/3/13,[情報] 112/03/13 八大公股銀行買賣超排行,7
2023/3/13,[情報] 2889 國票金 不發放111年度股利,76
2023/3/13,[情報] 1314中石化111年0.06 & 不發 & 增資,9
2023/3/13,[情報] 2515 中工 111年EPS 0.54 股利 0.526,13
2023/3/13,[情報] 3576聯合再生 現金股利 0.1元 (EPS 0.61,17
2023/3/13,[情報] 6757 虎航 現金增資基準日及相關事宜,7
2023/3/13,[情報] 2705 六福 不分派股利及111年財報,2
2023/3/13,[情報] 鑽全 111年財報EPS5.36 Q4 0.55 股利2.4,8
2023/3/13,[情報] 2618長榮航現金股利0.8元,23
2023/3/13,[情報] 1314 中石化 不分配股利,16
2023/3/13,[情報] 2427 三商電 111年股利分派,14
2023/3/13,[情報] 6005群益證111年EPS0.39 股利0.39,11
2023/3/13,[情報] 永豐銀遭金管會處180萬元罰鍰案,15
2023/3/13,[情報] 2618 長榮航 111年EPS 1.34,37
2023/3/13,[新聞] 萬海去年EPS 33.17元 將配5元現金股利…,68
2023/3/13,[情報] 2482連宇112.01自結EPS 0.22 (年減-650%),18
2023/3/13,[情報] 1442名軒 股利分派 現金1.6,27
2023/3/13,[情報] 萬海111年股利5元,100
2023/3/13,[情報] 2615 萬海2022 eps 33.17 現金股利5元,82
2023/3/13,[情報] 王品112年1月自結EPS:2.92,34
2023/3/13,Re: [標的] 6163華電網 最低價資安+網通概念股,2
2023/3/13,[新聞] 前十大晶圓代工Q4產值14個季度來首衰退,4
2023/3/13,[情報] 2616山隆 111年股利分派,21
2023/3/13,[情報] 愛之味111年財報 Q4單季EPS:-0.03股利:0.4,8
2023/3/13,Re: [新聞] SVB客戶將可存取所有款項,26
2023/3/13,[情報] 0313 上市外資買賣超排行,27
2023/3/13,[情報] 2312 金寶 2022 eps 0.69 股利0.3,5
2023/3/13,Re: [請益] 利率對銀行的影響?,1
2023/3/13,[情報] 3147 大綜 111年 股利分配,3
2023/3/13,[情報] 112年03月13日 櫃買法人買賣金額統計表,14
2023/3/13,[情報] 6024群益期 111年3.72 股利3.02,45
2023/3/13,Re: [請益] 利率對銀行的影響?,6
2023/3/13,[情報] 5880 合庫金 111年財報,6
2023/3/13,[新聞] SVB UK在今日3/13出售給HSBC,100
2023/3/13,[請益] 利率對銀行的影響?,12
2023/3/13,[心得] 為什麼我不建議任何人在台灣做當沖股票？,34
2023/3/13,[情報] 0313 上市投信買賣超排行,16
2023/3/13,[新聞] 矽谷銀行破產，什麼投資可以避開科技與金,14
2023/3/13,[情報] 112年03月13日 三大法人買賣金額統計表,98
2023/3/13,[情報] 大成鋼111年財報 Q4單季EPS:0.32股利:4.4,28
2023/3/13,[新聞] 繼矽谷銀行又有銀行關閉！拜登明上午「有,55
2023/3/13,[新聞] 艾克曼：聯準會干預是正確的 但仍有更多,33
2023/3/13,[新聞] 《大賣空》本尊警告：SVB爆雷只是序曲 印,100
2023/3/13,[情報] 華碩說明媒體報導,78
2023/3/13,[閒聊] 2023/03/13 盤後閒聊,39
2023/3/13,Re: [請益] 金融海嘯結束了嗎？,7
2023/3/13,Re: [請益] 金融海嘯結束了嗎？,43
2023/3/13,Re: [請益] 台灣哪家銀行存錢比較安全,30
2023/3/13,[新聞] 矽谷銀行倒閉 王美花：對台灣影響不大,83
2023/3/13,[新聞] 永道 擬配1.98元股息,7
2023/3/13,[新聞] ESG評鑑包含低碳轉型 00850追求有腦ESG,2
2023/3/13,[情報] 高盛：美聯儲三月可能不加息,80
2023/3/13,[新聞] 【Yahoo早盤】別賭！金融風暴危機要小心,49
2023/3/13,[新聞] 美矽谷銀行倒閉 經部：對台影響不大,0
2023/3/13,Re: [標的] 所羅門 空,0
2023/3/13,[新聞] 台積首座歐洲廠 落腳德勒斯登,51
2023/3/13,Re: [情報] FED將提供金融機構最長一年貸款,62
2023/3/13,[閒聊] 2023/03/13 盤中閒聊,100
2023/3/13,Re: [情報] FED將提供金融機構最長一年貸款,5
2023/3/13,[新聞] 道瓊期貨開盤勁揚300點 美財部Fed聯手救,52
2023/3/13,"[新聞] Regulators close New York’s Signature Bank, citing syst",38
2023/3/13,[新聞] SVB客戶將可存取所有款項,93
2023/3/13,Re: [新聞] 財政部、美聯儲和FDIC的聯合宣告,10
2023/3/13,[情報] FED將提供金融機構最長一年貸款,91
2023/3/13,[新聞] 財政部、美聯儲和FDIC的聯合宣告,80
2023/3/13,[請益] 大盤長線看空破萬點,0
2023/3/13,[情報] Fed 新措施、矽谷銀行存戶取回存款,20
2023/3/13,Re: [請益] 美國銀行倒閉會不會影響到美國劵商？,0
2023/3/13,Re: [情報] 恐慌已經真實的蔓延開來 擠兌已經開始,29
2023/3/13,Re: [新聞] 葉倫:致力於SVB倒閉問題，但不考慮救助,10
2023/3/13,[標的] SOXS.US 3倍反向半導體 多,5
2023/3/13,Re: [標的] 大盤/ M頭崩盤/空,12
2023/3/13,Re: [請益] 台灣有系統性重要銀行(D-sibs)安全點?,6
2023/3/13,[新聞] 1週2銀行關閉震撼白宮 這銀行也被點名,8
2023/3/13,Re: [新聞] 葉倫:致力於SVB倒閉問題，但不考慮救助,25
2023/3/13,[情報] SVB正在競價，禮拜天截止,74
2023/3/13,Re: [標的] 大盤/ M頭崩盤/空,22
2023/3/12,[請益] SVB 擠兌金額是美國史上最大？,43
2023/3/12,[新聞] 美擬擴大管制半導體設備 分析師：中國阻,6
2023/3/12,[新聞] 葉倫:致力於SVB倒閉問題，但不考慮救助,62
2023/3/12,[標的] 金融股,50
2023/3/12,[新聞] 矽谷銀行倒閉 專家：衝擊小但恐影響Fed3,23
2023/3/12,[請益] 二次金改是不是很重要,9
2023/3/12,[請益] 台灣有系統性重要銀行(D-sibs)安全點?,51
2023/3/12,[新聞] 3月除息秀 台積領軍 逾千億活水來了,16
2023/3/12,[情報] 恐慌已經真實的蔓延開來 擠兌已經開始,82
2023/3/12,[新聞] 倒閉前發年度獎金！矽谷銀行基層員工領36,18
2023/3/12,[新聞] 矽谷銀破產存戶急哭 葉倫補刀：不會紓困,39
2023/3/12,[新聞] 巴隆：SVB破產掀市場動盪 巴菲特可能蓄,38
2023/3/12,Re: [心得] Fed必須儘快降息，時間不多,35
2023/3/12,[情報]  4949有成精密 2月營收,9
2023/3/12,Re: [請益] 美國銀行倒閉會不會影響到美國劵商？,19
2023/3/12,Re: [心得] Fed必須儘快降息，時間不多,33
2023/3/12,Re: [心得] Fed必須儘快降息，時間不多,11
2023/3/12,[新聞] 美國FDIC已入駐First Republic Bank，該,99
2023/3/12,Re: [心得] Fed必須儘快降息，時間不多,26
2023/3/12,Re: [標的] 大盤  空,0
2023/3/12,[請益] 美債的選擇,21
2023/3/12,Re: [心得] Fed必須儘快降息，時間不多,100
2023/3/12,[新聞] 台股回溫散戶湧入 2月成交值回升至6成以,39
2023/3/12,Re: [請益] 00675L富邦臺灣加權正二,36
2023/3/12,[新聞] 倒閉骨牌效應？第一共和銀行恐有最大危機,44
2023/3/12,[新聞] 聯準會將於下周一召開理事會緊急閉門會議,52
2023/3/12,[請益] 美國印了4兆多，台幣美金匯率怎麼維持在,29
2023/3/12,[新聞] SVB關閉投資人急領錢 她存款3億狂CALL銀,50
2023/3/12,[新聞] 矽谷銀倒閉嚇到白宮 這大銀行也爆危機,84
2023/3/12,[新聞] SVB倒閉火燒全球 英國、中國都遭殃,27
2023/3/12,[新聞] 貨櫃三雄業績 拚先蹲後跳,51
2023/3/12,Re: [新聞] 美銀行爆雷 華爾街慌了,27
2023/3/12,Re: [新聞] 矽谷銀行倒閉 謝金河：美國利率轉折點,9
2023/3/12,Re: [新聞] 美銀行爆雷 華爾街慌了,26
2023/3/12,Re: [請益] 00675L富邦臺灣加權正二,5
2023/3/12,Re: [新聞] 美房貸利率連5升 直逼7%,5
2023/3/12,[新聞] 矽谷銀行倒閉 謝金河：美國利率轉折點,77
2023/3/12,[新聞] 抓到了！美矽谷銀行倒閉前 CEO賣股逃命套,31
2023/3/12,Re: [請益] 美債 美元關係提問,11
2023/3/12,[新聞] 美房貸利率連5升 直逼7%,46
2023/3/12,Re: [請益] 銀行擠兌不要給領不就好了嗎？,8
2023/3/12,Re: [請益] 美債 美元關係提問,2
2023/3/12,[標的] SQQQ 長短線基本麵資金麵四大皆空,23
2023/3/12,[新聞] Silvergate倒閉影響金融股走跌 分析師：,23
2023/3/12,[新聞] 矽谷銀行倒閉波及穩定幣 USDC一度跌至87,11
2023/3/12,Re: [請益] 美債 美元關係提問,42
2023/3/12,Re: [標的] 大盤 空,55
2023/3/12,[標的] 大盤 空,14
2023/3/12,[情報] 3/6~3/10全市場當沖虧損最多的股票,6
2023/3/12,[新聞] 微信流傳日企斷供大陸光阻劑 大陸晶片原,41
2023/3/11,[新聞] 財經青紅燈》年輕人別存ETF,30
2023/3/11,Re: [新聞] 美銀行爆雷 華爾街慌了,54
2023/3/11,[請益] 美債 美元關係提問,47
2023/3/11,Re: [新聞] 美銀行爆雷 華爾街慌了,35
2023/3/11,[情報] 2211 長榮鋼 111年度股利分配,22
2023/3/11,[新聞] 高通訂單轉至台積電 三星自嘆糟了,44
2023/3/11,Re: [心得] 股市接下來很難大漲了,44
2023/3/11,[新聞] 矽谷銀行遭接管！短短48小時　美國經歷,100
2023/3/11,Re: [標的] 請問00647L 元大標普正2管理費？,3
2023/3/11,[新聞] 矽谷銀行倒閉重現雷曼危機？葉倫與分析師,57
2023/3/11,Re: [心得] 關於升息 美債 銀行的關係,41
2023/3/11,[新聞] (新聞回顧)最準分析師預言美股3/8下跌,14
2023/3/11,[新聞] 馬斯克：對推特收購矽谷銀行持開放態度,93
2023/3/11,[新聞] 2023年行動領域的五大趨勢,3
2023/3/11,[標的] 2201裕隆 空 Ptt反一,26
2023/3/11,[心得] 關於升息 美債 銀行的關係,86
2023/3/11,[新聞] 矽谷銀行倒閉後 還有10家銀行可能步後塵,58
2023/3/11,[新聞] 大摩喊台積電 目標價700元,69
2023/3/11,[標的] 00675L富邦臺灣加權正二 請益,55
2023/3/11,Re: [標的] TLT SQQQ,5
2023/3/11,[標的] 美股,16
2023/3/11,Re: [新聞] SVB流動性危機引爆 CEO安撫客戶 保持冷靜,3
2023/3/11,[請益] 該賣掉手上的黃金嗎??,25
2023/3/11,[心得] 03/13~03/17 美股經濟數據&財報行事曆,11
2023/3/11,Re: [新聞] 美銀行爆雷 華爾街慌了,14
2023/3/11,[新聞] Roku $487M 現金 (約 26%) 受SVB影響,19
2023/3/11,[新聞] 矽谷銀行倒閉 Fed 3月升息1碼預期重燃,48
2023/3/11,"[新聞] 金融業對黑石曝險1,228億 金管會評估回應",40
2023/3/11,Re: [標的] 大盤 鈴芽之旅 空  (有雷),0
2023/3/11,[新聞] 一週熱門零股 三大國民ETF躍交投亮點,2
2023/3/11,Re: [新聞] 美銀行爆雷 華爾街慌了,93
2023/3/11,[新聞] 美銀行危機致股市跳水 金管會：金融三業,24
2023/3/11,Re: [新聞] 美銀行爆雷 華爾街慌了,12
2023/3/11,Re: [新聞] 美銀行爆雷 華爾街慌了,5
2023/3/11,Re: [新聞] 美銀行爆雷 華爾街慌了,15
2023/3/11,Re: [新聞] 美銀行爆雷 華爾街慌了,28
2023/3/11,Re: [新聞] 美銀行爆雷 華爾街慌了,3
2023/3/11,Re: [新聞] 美銀行爆雷 華爾街慌了,41
2023/3/11,Re: [新聞] 美銀行爆雷 華爾街慌了,31
2023/3/11,Re: [新聞] 美銀行爆雷 華爾街慌了,21
2023/3/11,[新聞] 重磅》矽谷銀行破產倒閉！將由美國「聯,69
2023/3/11,[創作] 祝福,2
2023/3/11,[標的] 大盤 鈴芽之旅 空  (有雷),0
2023/3/11,[新聞] 美銀行爆雷 華爾街慌了,86
2023/3/11,[情報] 2618長榮航2月營收,36
2023/3/11,Re: [標的] DJI 道瓊  高處沒有不勝寒,1
2023/3/11,[標的] 瑞士信貸 邪惡幫兇概念股,9
2023/3/11,Re: [請益] 全球市場極度悲觀,13
2023/3/10,[情報] 4566 時碩工業 2月營收,8
2023/3/10,Re: [新聞] SVB資本狀況引發市場擔憂 （抄底kbwb,4
2023/3/10,[情報] 0310 上市櫃外資投信同買排行,1
2023/3/10,[情報] 0310 上市櫃外資投信買超金額排行,0
2023/3/10,[情報] 112年03月10日信用交易統計,37
2023/3/10,[新聞] SVB連累大型銀行股遭砍殺 高盛：加碼機會,63
2023/3/10,[情報] 美國2月非農就業人數,100
2023/3/10,Re: [新聞] SVB流動性危機引爆 CEO安撫客戶 保持冷靜,13
2023/3/10,[新聞] 勞動部：勞保基金從未用於護盤 絕不損及,76
2023/3/10,[情報] 2034 允強 111年股利分配,9
2023/3/10,[心得] 微笑曲線跟趨勢投資,6
2023/3/10,[情報] 9925新保  111年度股利2,10
2023/3/10,[情報] 1737 臺鹽 111年 股利分配,16
2023/3/10,Re: [請益] 全球市場極度悲觀,16
2023/3/10,[情報] 八方雲集 112年2月營收5.50億、年增17.43,34
2023/3/10,[情報] 112/03/10 八大公股銀行買賣超排行,11
2023/3/10,[新聞] 台塑四寶股利全出爐！配發現金最高達4.24,4
2023/3/10,[情報] 9904寶成 2月營收,11
2023/3/10,[情報] 2357 華碩 111年股利分配,73
2023/3/10,[情報] 112年【2月金控含銀行】累績EPS排行,31
2023/3/10,[新聞] 聯發科2月營收303.1億元 月增逾三成,20
2023/3/10,[情報] 6757 台灣虎航 2月營收,12
2023/3/10,[情報] 112年【2月份金控股】EPS排名(全已公布),36
2023/3/10,[新聞] 抗通膨優先，南韓央行維持緊縮性貨幣政,40
2023/3/10,[情報] 6285 啟碁 111年 7.93 股利5,19
2023/3/10,[新聞] 裕隆將辦現增、發債改善營運體質 金雞母,3
2023/3/10,[情報] 2323中環處分陽明股票,30
2023/3/10,[情報] 3704合勤控 2月營收,3
2023/3/10,[情報] 2882 國泰金暨主要子公司11202營收,11
2023/3/10,[情報] 陽明2月營收 月減11.08%年減65.99%,47
2023/3/10,[情報] 8088品安 2月 營收,2
2023/3/10,[情報] 5009榮剛 2月年增43.29%,8
2023/3/10,[創作] 熱帶雨林,15
2023/3/10,[情報] 8048德勝 股利：2.2+0.3,4
2023/3/10,Re: [新聞] SVB資本狀況引發市場擔憂 （抄底kbwb,15
2023/3/10,[情報] 6721 信實 111年度 EPS:3.08 現金股利 2.4,7
2023/3/10,[情報] 6163華電網 二月營收,5
2023/3/10,[情報] 航太族群 2月營收,6
2023/3/10,[情報] 2881 富邦金 2月自結0.11 累計0.60,26
2023/3/10,[情報] 112年03月10日 櫃買法人買賣金額統計表,16
2023/3/10,Re: [新聞] SVB流動性危機引爆 CEO安撫客戶 保持冷靜,29
2023/3/10,[情報] SCFI 20230310  906.55  -24.53,16
2023/3/10,[新聞] 產險公會定調 3月20日起輕症確診防疫險不,29
2023/3/10,[情報] 3046建碁 112年2月營收,9
2023/3/10,[情報] 0310 上市外資買賣超排行,49
2023/3/10,Re: [標的] 淘帝KY 2929 今天爆超級大量,0
2023/3/10,[情報] 高端疫苗2月營收 0仟元 月增0%年減100%,62
2023/3/10,[情報] 2357華碩 Q4EPS -5.1,57
2023/3/10,Re: [新聞] SVB流動性危機引爆 CEO安撫客戶 保持冷靜,8
2023/3/10,[情報] 萬海2月營收 月減23%年減69.12%,32
2023/3/10,[情報] 1301台塑 股利分派 現金4.2,9
2023/3/10,[新聞] 東元2月營收創13年來同期高,3
2023/3/10,[情報] 2071震南鐵 112年2月營收、股利分派,1
2023/3/10,[新聞] 瑞士信貸突接美SEC電話 2022年報延後公布,66
2023/3/10,[情報] 0310 上市投信買賣超排行,6
2023/3/10,[情報] 樂意股利 現金4元,3
2023/3/10,[情報] 112年03月10日 三大法人買賣金額統計表,100
2023/3/10,[情報] 2646 星宇航空 2月營收,39
2023/3/10,[情報] 亞洲藏壽司2月營收 月減16.89%年增18.74%,17
2023/3/10,[情報] 1104 環泥 2月營收,12
2023/3/10,[情報] 2610 華航2月營收,24
2023/3/10,[情報] 4550長佳 112年2月營收1.67億、年增161.52%,7
2023/3/10,[情報] 2890 永豐金 111年EPS 1.40,54
2023/3/10,Re: [新聞] SVB流動性危機引爆 CEO安撫客戶 保持冷靜,50
2023/3/10,[情報] 1231聯華食 1234黑松 2月營收,10
2023/3/10,[新聞] 台積電2月營收1631.74億元 創歷年同期新,44
2023/3/10,[情報] 2388威盛2月營收 mom+32.58% yoy+40.26%,14
2023/3/10,[請益] 淘帝KY 2929 今天爆超級大量,5
2023/3/10,[情報] 2206 三陽工業 2月營收,32
2023/3/10,[新聞] SVB流動性危機引爆 CEO安撫客戶 保持冷靜,32
2023/3/10,[閒聊] 2023/03/10 盤後閒聊,42
2023/3/10,[新聞] 靈骨塔詐團盯上失利韭菜 近百人遭扒3次皮,35
2023/3/10,[新聞] 美國晶片法案相關限制之下的後續影響,2
2023/3/10,[情報] 2488 漢平 2月營收,14
2023/3/10,[情報] 5484 慧友11202合併營收,1
2023/3/10,[標的]  美股指數,7
2023/3/10,[新聞] 台股首見！不滿可成股利政策，兩大外資,18
2023/3/10,[標的] 大盤  空,35
2023/3/10,[標的] 2409.TW 友達 討論,0
2023/3/10,[標的] 9921巨大 暖春復甦多,29
2023/3/10,[新聞] 毛利率衝破五成 元太董座嫌太高,100
2023/3/10,[新聞] 接棒878? 00922國泰台灣領袖50募集最後日,14
2023/3/10,[標的] 00919 期待六月高配息 多,10
2023/3/10,Re: [標的] 2453.TW凌群被騙上車,16
2023/3/10,[新聞] 黑石違約 金管會：大型行庫未曝險,47
2023/3/10,[新聞] 69.9萬人搶抽永豐金大紅包 中籤率1.8%,32
2023/3/10,[標的] 5015華祺 高殖利率 多,5
2023/3/10,[情報] 9914 美利達 2月營收,29
2023/3/10,[標的] 2609陽明 爆量水手集合多 不除息,43
2023/3/10,Re: [標的] 2727 王品 真的不好吃空,8
2023/3/10,[標的] 創意 3443 短線比價多,2
2023/3/10,Re: [新聞] 美股開局火熱 「大賣空」本尊貝瑞給一字,17
2023/3/10,[新聞] GDP／2.12%預測合理！沈發惠憂國際景氣下,0
2023/3/10,[標的] 華電(1603) 停電跳電多,7
2023/3/10,Re: [新聞] 卜蜂：蛋荒延續到中秋節,29
2023/3/10,[請益] 美元貨幣型基金,16
2023/3/10,[新聞] 元太今年營收看增1成 ESL需求樂觀,9
2023/3/10,[新聞] 卜蜂：蛋荒延續到中秋節,55
2023/3/10,[閒聊] 2023/03/10 盤中閒聊,100
2023/3/10,[新聞] 不是3月！郭哲榮：全球股市的轉折 會發生,1
2023/3/10,[新聞] SVB資本狀況引發市場擔憂 單日崩跌60%,80
2023/3/10,Re: [心得]  今天散戶們會大逃殺嗎？,51
2023/3/10,[情報] 00878收益分配,31
2023/3/10,[標的] 所羅門 空,12
2023/3/10,[新聞] 搶息買盤強 FH富時不動產(00712)祭限購,11
2023/3/10,[新聞] 開發與鴻海成立開鴻能源 首創跨界綠能投,8
2023/3/10,[情報] 2313華通 股利2.7元 eps 6.71,5
2023/3/10,[新聞] 荷蘭加入圍剿 陸晶片業剉哩等？ASML這些,34
2023/3/09,[新聞] 中國1-2月進出口雙降 製造業出口全面下滑,8
2023/3/09,[新聞] 上市櫃重大資安事件未公告 最重可罰500萬,18
2023/3/09,[情報] 1216統一 EPS 3.02 現金股利3.15,31
2023/3/09,[情報] 三芳111年每股盈餘1.18元 擬配息0.8元,1
2023/3/09,[新聞] 彩色電子紙新產品看俏 法人調高元太目標,26
2023/3/09,[情報] 3/9 全市場當沖虧損最多的股票,3
2023/3/09,[新聞] 系統電組織調整 分割儲能事業新設子公司,7
2023/3/09,Re: [情報] 2609 陽明 111年EPS 51.71 股利20,18
2023/3/09,[新聞] 大同去年每股賺4.02元創新高仍不發放股利,18
2023/3/09,[標的] 2375凱美 越減越多,11
2023/3/09,Re: [情報] 2609 陽明 111年EPS 51.71 股利20,13
2023/3/09,[情報] 1795 美時 111年EPS 11.59,4
2023/3/09,[標的] 4949有成精密 太陽神翼神龍,11
2023/3/09,[標的] 2727 王品 真的不好吃空,30
2023/3/09,[情報] 112年03月09日信用交易統計,36
2023/3/09,[新聞] 台股今年表現亞洲最佳 外資認為還有上漲,36
2023/3/09,[新聞] Silvergate倒閉清算 加密貨幣股盤前走低,12
2023/3/09,[情報] 0309 上市櫃外資投信同買排行,0
2023/3/09,[情報] 9941裕融 111年EPS 12.06 股利 5.6+1,9
2023/3/09,[標的] 3481群創 被錯殺多,10
2023/3/09,[情報] 太醫（4126）2月份營業概況,35
2023/3/09,[新聞] 台驊顏益財：今年貨櫃海運市場「有驚無險,4
2023/3/09,[情報] 6768 志強-KY  111年股利5塊,8
2023/3/09,Re: [標的] 2618.TW 長榮航多，機票變貴，股價暴衝,14
2023/3/09,[情報] 6180橘子 現金股利5.8元,27
2023/3/09,[情報] 2371大同111年EPS 4.02 股利0,19
2023/3/09,[新聞] 信邦去年EPS創高達12.22元，擬配息8.5元,5
2023/3/09,[標的] 車電股比較!?飛鳥車用電子、車王電、帝寶、堤維西？,9
2023/3/09,[情報] 8112至上 分配股利：4.4,21
2023/3/09,[情報] 6592和潤 111年EPS7.04元 股利:現3.5+股1,10
2023/3/09,[情報] 5388 中磊董事會決議股利分派,3
2023/3/09,[情報] 112/03/09 八大公股銀行買賣超排行,8
2023/3/09,[情報] 2201裕隆 111年EPS -4.8 股利1,60
2023/3/09,[情報]  2388威盛 111年度合併財務報告EPS-0.17,32
2023/3/09,[情報] 6104創惟 111年EPS4.60 Q4-1.05 股利2.5,11
2023/3/09,[情報] 2312 金寶2月營收,8
2023/3/09,Re: [標的] 6177達麗 穩健安心多,9
2023/3/09,[情報] 0309 上市櫃外資投信買超金額排行,1
2023/3/09,[新聞] 台積電前研發高層跳槽至三星先進封裝業務,41
2023/3/09,[情報] 2883 開發金 2月自結0.05 累計0.09,37
2023/3/09,[情報] 順達(3211) 開獎 6.05,3
2023/3/09,[情報] 2888 新光金 2月自結-0.14 累計-0.39,100
2023/3/09,[情報] 2323 中環 處分中興電工普通股,22
2023/3/09,[情報] 112年03月09日 櫃買法人買賣金額統計表,4
2023/3/09,[請益] 台股走勢跟美國總經和數據脫鉤了嗎,28
2023/3/09,[情報] 8033雷虎 2月營收,3
2023/3/09,[情報] 2603長榮2月營收 mom-28.8% yoy-66.2%,100
2023/3/09,[新聞] 00923上市 網友嗨喊15塊不香嗎?預言股價會到天上,3
2023/3/09,[情報] 元大金控代子公司元大銀行公告董事會決議,14
2023/3/09,"[新聞] 陽明海運去年獲利達1,806億元創新高 配發",69
2023/3/09,[情報] 5533 皇鼎 股利分派（現金1.2）,6
2023/3/09,[情報] 2636台驊投控111年EPS18.03下半年股利5,14
2023/3/09,[情報] 4916 事欣科 111年EPS 1.21,4
2023/3/09,[情報] 2812 台中銀 2月自結0.10 累計0.20,35
2023/3/09,[情報] 2610華航 Q4 EPS -0.12,56
2023/3/09,[情報] 6667信紘科 2月營收,0
2023/3/09,[情報] 2609 陽明 111年EPS 51.71 股利20,100
2023/3/09,[情報] 0309 上市外資買賣超排行,30
2023/3/09,[情報] 2610華航 股利 0.46099444,10
2023/3/09,[情報] 2450神腦 2月營收 27.03E,6
2023/3/09,[情報] 7516 清淨海 11202營收,6
2023/3/09,[請益] 處置股 能用當天賣出的在途款買嗎,13
2023/3/09,[情報] 8931 大汽電 二月營收 年增119.46%,16
2023/3/09,[情報] 0309 上市投信買賣超排行,6
2023/3/09,[情報] 2357華碩 2月營收,22
2023/3/09,[情報] 1817凱撒衛 2月營收,6
2023/3/09,[情報] 1503 士電 股利分派（現金2元）,4
2023/3/09,[情報] 2409友達112年2月營收,16
2023/3/09,[情報] 2845 遠東銀 2月自結0.06,48
2023/3/09,[情報] 112年03月09日 三大法人買賣金額統計表,92
2023/3/09,[情報] 5880 合庫金 2月自結0.1,13
2023/3/09,Re: [情報] 1513 中興電 2月營收,21
2023/3/09,[情報] 2427三商電 112年2月營收,17
2023/3/09,[新聞] 3/20起輕症取消強制隔離 僅住院中重症需,31
2023/3/09,[新聞] AR是MWC 2023一大主題，產品持續進步，,3
2023/3/09,[情報] 3481群創 2月營收 mom+22.99% yoy-29.41%,11
2023/3/09,[閒聊] 2023/03/09 盤後閒聊,57
2023/3/09,[新聞] 缺蛋荒！卜蜂董座鄭武樾曝結束時間點,18
2023/3/09,[情報] 2002 中鋼 2月營收,32
2023/3/09,[新聞] 特斯拉下一代將減少使用SiC晶片，SiC產業,7
2023/3/09,Re: [新聞] 台股首見，可成外資股東怒連署，要求,0
2023/3/09,[新聞] 永道-KY 鴻碩 成霖 抽籤申購股票賺紅包!,13
2023/3/09,[標的] 6163華電網 最低價資安+網通概念股,30
2023/3/09,[新聞] 《國際產業》荷蘭限制高階DUV出口中國夏,19
2023/3/09,Re: [新聞] 航空業客運量將回到疫前水準？兩岸直航,36
2023/3/09,[標的] 1402 遠東新 韭菜該逃了,22
2023/3/09,[新聞] 台股首見，可成外資股東怒連署，要求股利,43
2023/3/09,Re: [標的] 2453.TW凌群被騙上車,8
2023/3/09,[新聞] 台積電首季產能利用率守住7成 3奈米產能,28
2023/3/09,[新聞] 紅姨概念股衝鋒！威盛攻車用帶動 集團股,14
2023/3/09,[情報] 1513 中興電 2月營收,32
2023/3/09,[新聞] 紀念品/大魯閣紀念品行情只上演2天 今早,40
2023/3/09,[新聞] 鴻海代工Lordstown電動皮卡 不保證能恢復,25
2023/3/09,[新聞] 永豐金股利穩健 投資人安啦,43
2023/3/09,[標的] 3034 聯詠 無腦多,9
2023/3/09,[情報] 全科3209 二月營收25.55億,38
2023/3/09,[標的] 和潤企業 6592 滋潤多,13
2023/3/09,[閒聊] 2023/03/09 盤中閒聊,98
2023/3/09,[標的] 3587 閎康 多,22
2023/3/09,[新聞] 鮑爾鷹派發言放軟 美股震盪3大指數收紅,56
2023/3/09,[情報] 3207 耀勝 111年股利 1.5元,6
2023/3/08,[情報] 新光鋼112年2月營收,4
2023/3/08,[新聞]對岸報導 群創光電寧波廠裁員,41
2023/3/08,[新聞] 【聯發科重金留才】員工買股聯發科補貼5,27
2023/3/08,[情報] 6533 晶心科 111年股利 1.5元,10
2023/3/08,Re: [情報] 元大期 111年 EPS 3.95 股利 2.5,10
2023/3/08,[情報] 0308 上市櫃外資投信同買排行,1
2023/3/08,[公告] 03/08 處置公告＋經典賽偷渡梗暫行限制令,0
2023/3/08,[情報] 0308 上市櫃外資投信買超金額排行,0
2023/3/08,[情報] 3/8全市場當沖虧損最多的股票,7
2023/3/08,"[新聞] 台驊賣3,600張陽明股票 處分利益1.21億",35
2023/3/08,[新聞] 聯電吃大單 奪英飛凌車用MCU代工,29
2023/3/08,[新聞] 海外資金流出大陸A股 未來走向未明,5
2023/3/08,[新聞] 小摩策略師：熊市仍未結束 Fed降息前美股,13
2023/3/08,[標的] 2482連宇 宇宙爆炸多,23
2023/3/08,[新聞] 大量海外資金流出中國股市 創兩年半新高,15
2023/3/08,[標的] 2409 友達 摳豆多,23
2023/3/08,[情報] 112年03月08日信用交易統計,15
2023/3/08,[請益] 同時買TQQQ與SQQQ的操作模式是否可行?,15
2023/3/08,[新聞]銀行無上繳？永豐金握131億未分配盈餘料股,34
2023/3/08,[新聞] 永豐金中籤賣還不賣？2理由籲一定要申購,20
2023/3/08,[新聞] 殯葬大亨龍巖創辦人李世聰驚傳辭世 龍巖,28
2023/3/08,[情報] 元大期 111年 EPS 3.95 股利 2.5,4
2023/3/08,[情報] 1402遠東新 股利 1.35,17
2023/3/08,[情報] 2851 中再保 不配發111年股利,20
2023/3/08,[情報] 瑞昱112年2月營收,18
2023/3/08,[情報] 2891 中信金 2月自結0.28 累計0.41,49
2023/3/08,[情報] 5410國眾，股利配發2.5,8
2023/3/08,[新聞] 高端疫苗董事長換人！　張世忠卸任、勤,28
2023/3/08,[請益] 哪裡可以查到當天被價格穩定的股票,1
2023/3/08,[情報] 3673 TPK-KY 決議2022年股利分派 0.5元,11
2023/3/08,[情報] 112/03/08 八大公股銀行買賣超排行,9
2023/3/08,[新聞] 避險基金執行長：Fed勢必進一步升息因應,9
2023/3/08,[情報] 5516.TW 雙喜 二月營收年增25.16%,11
2023/3/08,[情報] 6547高端疫苗公告本公司董事會選任董事長,7
2023/3/08,[新聞] 聯強去年每股盈餘9.44元 擬配現金3.5元隱,11
2023/3/08,[情報] 2880華南金 2月自結,13
2023/3/08,[新聞] 裕隆集團跨足賣電事業，打造首座儲能廠,13
2023/3/08,[情報] 2887 台新金 2月自結0.14 累計0.25,50
2023/3/08,[情報] 2890 永豐金控代子公司永豐銀行公告董事,70
2023/3/08,[情報] 6285啟碁 2月營收 82.62E,44
2023/3/08,[新聞] 元太法說前 外資4理由扯後腿,23
2023/3/08,[標的] 00675是不是追蹤誤差太大了？,0
2023/3/08,[情報] 台半2月營收11.25億元年增4.34%,7
2023/3/08,[情報] 4707磐亞 111年EPS1.14元 股利0.15+0.75,15
2023/3/08,[情報] 3217優群擬配息5.4元,5
2023/3/08,[情報] 2855 統一證 股利分派,1
2023/3/08,[新聞] 高端宣布四價流感疫苗取得食藥署審核通過,13
2023/3/08,[情報] 6703軒郁 2月營收 1.45E,21
2023/3/08,[情報] 0308 上市外資買賣超排行,33
2023/3/08,[情報] 中興電111年度合併財務報告 EPS:5.21,29
2023/3/08,Re: [標的] 3305.TW 昇貿 多,3
2023/3/08,[新聞] 分析師預測央行3月暫停升息！出口疲弱 經,21
2023/3/08,[情報] 2884 玉山金 2月自結0.09 累計0.28,53
2023/3/08,[情報] 2537 聯上發 股利分配,10
2023/3/08,[情報] 瀧澤科111年度財報 EPS:5.1 股利:3,10
2023/3/08,[新聞] 馬斯克發文狂酸身障員工沒在工作 自知踩,57
2023/3/08,[情報] 3576聯合再生 2月營收,7
2023/3/08,[新聞] 看好能源股 巴菲特加碼買進西方石油,10
2023/3/08,[情報] 2347聯強 111年EPS 9.44 股利3.5,17
2023/3/08,[情報] 臺企銀112年2月份合併盈餘 2月EPS:0.13,67
2023/3/08,[情報] 112年03月08日 三大法人買賣金額統計表,99
2023/3/08,[情報] 112年03月08日 櫃買法人買賣金額統計表,7
2023/3/08,[情報] 0308 上市投信買賣超排行,12
2023/3/08,[情報] 6761穩得 111年8.09 股利5.1+0.5股,17
2023/3/08,[情報] 8049 晶采 2月營收,4
2023/3/08,[情報] 2385 群光股利分派 現金股利7.5,58
2023/3/08,[情報] 高端疫苗四價流感疫苗取得查驗登記審核,26
2023/3/08,[情報] 1303南亞 現金股利3元,19
2023/3/08,[閒聊] 2023/03/08 盤後閒聊,100
2023/3/08,[新聞] 金控中最難抽！永豐金現增今截止,83
2023/3/08,[新聞] KPMG認為全球半導體產業正歷經「晶片國,7
2023/3/08,[請益] 台股今天又抗跌是什麼原因？,99
2023/3/08,[新聞] 亞泥斥資100億買進遠傳15.35萬張股票 交易日3/8,15
2023/3/08,[標的] 00923 群益台灣ESG低碳50 減碳多,27
2023/3/08,[新聞] 長榮航太也槓龜？錢存起來抽這檔 1.5月薪,54
2023/3/08,[新聞] 國泰投信00922匯聚50檔台股領袖企業 3月8,22
2023/3/08,Re: [標的] 5608四維航 BDI 漲價 多,-10
2023/3/08,[新聞] 台股／【Yahoo早盤】鮑爾放鷹美股重挫 專,11
2023/3/08,Re: [標的] 巨有 8227 上櫃多,28
2023/3/08,[請益] 合一藥華藥 外資借券大增 又想搞事?,32
2023/3/08,Re: [標的] 078230 滬深2X凱基26購02,4
2023/3/08,[新聞] ChatGPT台鏈 五外資按讚,23
2023/3/08,[新聞] 鮑爾暗示終點利率更高 高盛上修為5.50-5.,68
2023/3/08,[標的] 請問00647L 元大標普正2管理費？,8
2023/3/08,[閒聊] 2023/03/08 盤中閒聊,100
2023/3/08,[新聞] 台股雙軋行情 衝關萬六,40
2023/3/08,[新聞] 華為被打壓反逼出重大突破？郭正亮：美,-10
2023/3/08,[情報]【獨家】美聯儲主席鮑威爾參議院證詞講稿,99
2023/3/07,[情報] 3693營邦 2月營收YOY+97.61%,10
2023/3/07,[情報] 宏達電 111年度虧損撥補案 股利0元,78
2023/3/07,[情報] 6174 安碁 eps 3.06 股利 2.7,3
2023/3/07,[情報] 112年 證券、期貨公司 2月自結 eps,15
2023/3/07,[標的] 6667 信紘科 多,43
2023/3/07,[情報] 2062橋椿 2月營收,0
2023/3/07,Re: [標的]統一實9907~蛋蛋多,10
2023/3/07,[標的] 6239.TW 力成 討論,18
2023/3/07,[新聞] 蘋果擬推混合實境裝置 宏達電不懼,28
2023/3/07,[情報] 6213聯茂 111年EPS 4.94 股利 3,4
2023/3/07,[情報] 達方（8163）股利分派：3元,9
2023/3/07,Re: [心得] 隔日沖今年還沒賠錢,17
2023/3/07,[情報] 112年03月07日信用交易統計,17
2023/3/07,[情報] 2942京站 2月合併營收,4
2023/3/07,[情報] 6770力積電112年2月營收,37
2023/3/07,[情報] Timiraos：鮑爾可能警告升息幅度大於預期,69
2023/3/07,[創作]  Vegas(維加斯)隧道交易法,16
2023/3/07,Re: [新聞] Dcard臉書YouTube全納入 NCC數通法草案對,0
2023/3/07,[情報] 達欣工 配發股利：2.5,36
2023/3/07,[新聞] 聯準會主席國會聽證演說前 亞股大多收漲,10
2023/3/07,[情報] 1102亞泥 現金股利2.3元,25
2023/3/07,Re: [請益] 如何判斷回後買上漲還是彈後空下跌？,3
2023/3/07,Re: [心得] 隔日沖今年還沒賠錢,2
2023/3/07,[情報] 3360.tw 尚立 111合併營收&股利開獎,16
2023/3/07,[情報] 4953 緯軟 2月份營收,6
2023/3/07,Re: [心得] 隔日沖今年還沒賠錢,13
2023/3/07,[新聞] 晶睿2月每股盈餘0.35元,33
2023/3/07,[新聞] 樺漢2月營收年增59.2％,19
2023/3/07,[情報] 112/03/07 八大公股銀行買賣超排行,8
2023/3/07,[情報] 0307 上市櫃外資投信同買排行,1
2023/3/07,[情報] 6016康和證 2月自結,7
2023/3/07,[情報] 0307 上市櫃外資投信買超金額排行,6
2023/3/07,[情報] 2892 第一金 2月自結0.17 累計0.33,17
2023/3/07,Re: [標的] 2618.TW 長榮航多，機票變貴，股價暴衝,26
2023/3/07,[新聞] 2月CPI年增2.43%漲幅回落 重要民生物資,74
2023/3/07,[新聞] 2月出口值310.5億美元連六黑 不如預期,21
2023/3/07,[情報] 8931 大汽電 現金股利2.5元,10
2023/3/07,[新聞] 春節後回神！台塑四寶2月營收1307億元、8,9
2023/3/07,[情報] 112年03月07日 櫃買法人買賣金額統計表,15
2023/3/07,[情報] 0307 上市外資買賣超排行,48
2023/3/07,[情報] 2890 永豐金 2月自結0.13 累計0.27,54
2023/3/07,[情報] 6015宏遠證 2月自結,9
2023/3/07,Re: [標的] 4904.TW 遠傳 多,74
2023/3/07,Re: [請益] 退休族股票配置,9
2023/3/07,[情報] 8924大田 現金股利12.85元,25
2023/3/07,[情報] 2886 兆豐金 2月自結0.27 累計0.56,37
2023/3/07,[情報] 0307 上市投信買賣超排行,10
2023/3/07,[情報] 宏達電111年度財報 全年EPS:-4.13,90
2023/3/07,[情報] 2889 國票金 2月自結0.07 累計0.13,10
2023/3/07,[情報] 112年03月07日 三大法人買賣金額統計表,47
2023/3/07,[情報] 3005 神基 2月營收 MOM 1.6% YOY13.4%,6
2023/3/07,[情報] 5312寶島科 112年2月營收3.42億、年增38%,10
2023/3/07,[請益] 如何判斷回後買上漲還是彈後空下跌？,66
2023/3/07,[情報] 6005群益證 2月自結,12
2023/3/07,[情報] 6147頎邦 2月營收,43
2023/3/07,[情報] 2885 元大金 2月自結0.2 累計0.27,27
2023/3/07,[閒聊] 2023/03/07 盤後閒聊,100
2023/3/07,[新聞] 日經：電動車概念帶動下 泰達電市值超越,19
2023/3/07,[新聞] 00925 新光標普電動車 ETF 准募,14
2023/3/07,[新聞] 股東會紀念品好威！大魯閣股價跳空漲停,36
2023/3/07,[新聞] 領頭羊！證交所力推創新板　泓德能源成「,4
2023/3/07,[新聞] 國安基金4月退場…三大名師：台股安啦!,70
2023/3/07,[新聞] 訂單回溫 聯詠2月營收月增5.8％,18
2023/3/07,[標的] 三陽機車多,69
2023/3/07,[情報] 8477創業家 公告不分配111年度股利,8
2023/3/07,[新聞] 南韓調整工時制度 每周最多可工作69小時,44
2023/3/07,[心得] 隔日沖今年還沒賠錢,97
2023/3/07,Re: [新聞] 寶齡投資澳豐金融集團的基金宣布 3月起,3
2023/3/07,[標的]  6417.TW韋橋  RFID多,13
2023/3/07,[新聞] 中鋼碳中和 要建電爐煉鋼廠,45
2023/3/07,[新聞] 台股／【Yahoo早盤】台股「觀望」鮑爾今,6
2023/3/07,[情報] 臺灣首檔ESG低碳指數暨ETF發表會,14
2023/3/07,[標的] TQQQ.US 重倉多,12
2023/3/07,Re: [標的] 零壹(3029),27
2023/3/07,[閒聊] 2023/03/07 盤中閒聊,100
2023/3/07,[新聞] 大摩分析師：美股熊市反彈尚未結束 近,56
2023/3/07,[新聞] 穩懋2月營收仍呈現雙減 續寫逾八年來低點,26
2023/3/07,[新聞] 寶齡投資澳豐金融集團的基金宣布 3月起,11
2023/3/06,[標的] 那斯達克指數 上看13400,22
2023/3/06,[情報] 1605 華新 2月份營收,15
2023/3/06,[新聞] 日韓貿易戰大和解？ 韓態度放軟日擬取消,37
2023/3/06,[情報] 2352佳世達 111年股利分派,23
2023/3/06,Re: [請益] 請問航運股還可買嗎?,19
2023/3/06,[新聞] 全台鬧蛋荒！SUKIYA宣布：暫停供應「溫泉,66
2023/3/06,Re: [請益] 有關完全不發股息的公司的菜雞問題,3
2023/3/06,[情報] 6470宇智 Q4 EPS 0.35 股利4.61,24
2023/3/06,[情報] 0306 上市櫃外資投信買超金額排行,5
2023/3/06,[情報] 1802 台玻 111年 分配股利 0,58
2023/3/06,[情報] 3265台星科 111年股利分派,25
2023/3/06,[標的] 2618 長榮航 賣不下去多,44
2023/3/06,[情報] 9941 裕融 2月自結1.13 累計2.24,19
2023/3/06,[情報] 3042晶技 配發股利：7.0,13
2023/3/06,[情報] 6015宏遠證 董事會決議不分派股利,24
2023/3/06,[新聞] 市場押寶：央行Q1不升息,63
2023/3/06,[情報] 0306 上市外資買賣超排行,38
2023/3/06,[新聞] 外資／外資上周賣超台股95.88億元 華新被,3
2023/3/06,[情報] 112年03月06日 櫃買法人買賣金額統計表,9
2023/3/06,[新聞] 聯電股東會紀念品亮相！療癒風咖波貓,100
2023/3/06,[新聞] 復華S&P500成長ETF (00924) 3/27募集,12
2023/3/06,[標的] 2049 上銀 底部復甦多,19
2023/3/06,[情報] 0306 上市投信買賣超排行,14
2023/3/06,[情報] 2449 京元電子 2月營收　MOM -2.59% YOY -4.15%,13
2023/3/06,[情報] 宏達電2月營收 月增17.01%年減21.38%,49
2023/3/06,[標的] 2501 國建 1元多,36
2023/3/06,[情報] 112年03月06日 三大法人買賣金額統計表,63
2023/3/06,[新聞] 陽明海運股息 上衝23元,53
2023/3/06,[情報] 6643 M31 2月營收 mom+16.01% yoy+29.13%,9
2023/3/06,[情報] 5864致和證 112年2月份損益,8
2023/3/06,[情報] 4743合一 二月營收 月增7.43%,12
2023/3/06,[新聞]大魯閣股東會紀念品再加碼!價值超過3200!,48
2023/3/06,[情報] 聯電2月營收 月減13.57%年減18.64%,62
2023/3/06,[情報] 3443創意2月營收 月增7.75%年增65.19%,26
2023/3/06,[閒聊] 2023/03/06 盤後閒聊,100
2023/3/06,[情報] 4966 普瑞-KY 2月營收,3
2023/3/06,[標的]8924大田 高爾FU球~換個球桿~打更準~,27
2023/3/06,[請益] 有關完全不發股息的公司的菜雞問題,23
2023/3/06,[請益] 退休族股票配置,41
2023/3/06,[標的] 台股指數 兩岸和平多,20
2023/3/06,Re: [請益] 為什麼正2股東人數很少?,6
2023/3/06,[新聞] 蛋價今起再漲電價4月調升 主計長:CPI漲幅,63
2023/3/06,[新聞]昱展治鴉片成癮新藥授權國際大廠 授權金,22
2023/3/06,[標的] 2633.TW 台灣高鐵 連假多利多,30
2023/3/06,[新聞] 台股/【Yahoo早盤】大立光亮燈已「利空出,7
2023/3/06,[新聞] AI、機器人和區塊鏈等新興科技正在改變新,0
2023/3/06,[新聞] 台半奪德車用大單 出貨衝高,27
2023/3/06,[新聞] 三星可能將下一代折疊式手機移至印度生,9
2023/3/06,[新聞] 走過寒冬 大立光：3月拉貨動能稍見回升,8
2023/3/06,[新聞] 龍德造船 長榮航太 永豐金 抽籤再現熱潮,100
2023/3/06,[閒聊] 2023/03/06 盤中閒聊,100
2023/3/06,[新聞] 4檔缺蛋概念股噴出 這家股價創新高,16
2023/3/06,Re: [新聞] 有錢也買不到！英國超市發番茄限購令,3
2023/3/06,[新聞] 面板喜迎春燕 大摩升目標價,39
2023/3/06,[新聞] 晶圓代工成熟製程殺價戰 風暴擴大,15
2023/3/06,[新聞] 高價股豪氣 股息大放送,1
2023/3/06,Re: [新聞] 有錢也買不到！英國超市發番茄限購令 每,21
2023/3/06,[請益] 正二借貸,29
2023/3/06,[標的] 1342 八貫 軍工王 超級多,12
2023/3/05,[新聞] 外資上船了？這波不是跌深搶短！只因這「,19
2023/3/05,Re: [請益] 請問航運股還可買嗎?,10
2023/3/05,[新聞] 莫比烏斯稱中國正限制資本外流，無法取出,36
2023/3/05,Re: [標的] 3454 晶睿盡出 小買認售 以小博大,18
2023/3/05,Re: [新聞] 震撼！ 特斯拉減用碳化矽,6
2023/3/05,[請益] 電腦系統整合商概念股有哪些?,35
2023/3/05,[新聞] 投顧：空頭已脫離 可投入半數資金、長線,91
2023/3/05,[情報] 2317 鴻海 112年2月營收 MoM -39%,100
2023/3/05,[新聞] 有錢也買不到！英國超市發番茄限購令 每,38
2023/3/05,[情報] 3/1~3/3全市場當沖虧損最多的股票,8
2023/3/05,[新聞] 快訊／雞蛋批發價明再漲3元「創新高」,61
2023/3/05,[新聞] 金融存股新歡 10檔最受寵,48
2023/3/05,[新聞] 巴菲特稱批評股票回購者是「經濟文盲」,8
2023/3/05,[新聞] 英特爾強碰台積電 傳2奈米研發突破,89
2023/3/05,[新聞] 走過寒冬 大立光：3月拉貨動能稍見回升,31
2023/3/05,[新聞] 新興市場教父在上海有錢領不出 批中國,100
2023/3/05,[標的] 6177達麗 穩健安心多,29
2023/3/05,[新聞] 產業外移訂單大減 蘇州崑山電子廠嚴重內,46
2023/3/05,[標的] 統一超2912~蛋白流失多,42
2023/3/05,[新聞] SCFI運價連8黑 全球遠洋運輸業面臨多年來,56
2023/3/05,[請益] 為什麼現在只能靠低利率維持經濟成長？,29
2023/3/05,"Re: [請益] ""低利率""是不是明顯造成貧富差距擴大?",5
2023/3/05,[標的] 2495 普安 空方觀點,18
2023/3/05,[標的] 想請問潤泰新為何這幾年增資那麼多次,16
2023/3/04,[標的] 2314台揚 被低估的鴻海小金雞,16
2023/3/04,[標的] 2615萬海 運價觸底多,26
2023/3/04,[新聞] 學者憂電價房租推升通膨 籲央行續升息,100
2023/3/04,"Re: [請益] ""低利率""是不是明顯造成貧富差距擴大?",0
2023/3/04,[情報] 6292迅德開獎,18
2023/3/04,[新聞] 中信金：無須動用資本公積 股利有發放1元,97
2023/3/04,[新聞] 歷經風暴 台積電目前仍制壓Intel、Samsun,15
2023/3/04,[標的] 00772B.TWO 中信高評級公司債  討論,1
2023/3/04,[標的] 5608四維航 BDI 漲價 多,48
2023/3/04,Re: [創作] 股市接下來是不是只會一路向上,2
2023/3/04,Re: [創作] 股市接下來是不是只會一路向上,0
2023/3/04,[新聞] 美散戶日常3件事：吃飯、睡覺、買特斯拉,34
2023/3/04,[標的] 2454聯發科 利多出盡空,100
2023/3/04,[新聞] AI迎iPhone時刻 美銀：全球經濟7年膨脹15,46
2023/3/04,[新聞] 末日博士：一場「完美風暴」正在醞釀 衰,73
2023/3/04,[新聞] 兆豐金四大子公司上繳現金衰退七成 每股股利0.5元都難？,33
2023/3/04,Re: [請益] 借券跨除權息日的稅務問題,3
2023/3/04,[創作] 雅量,13
2023/3/04,[心得] 03/06~03/10 美股經濟數據&財報行事曆,31
2023/3/04,[標的] 陰陽五行 癸卯年 解盤,16
2023/3/04,Re: [標的] 美股VIX 白色情人節回禮想好沒,4
2023/3/04,[新聞]英、美主導烏克蘭重建案 排除華為等中資,100
2023/3/04,Re: [新聞] 震撼！ 特斯拉減用碳化矽,10
2023/3/04,[情報] 上市金控、銀行股 已公告的Q4累計OCI,56
2023/3/04,[新聞] 兆豐金掛保證 維持股利穩定,32
2023/3/04,[新聞] 一週熱門零股 台泥 聯發科 華新 進十強,9
2023/3/04,Re: [標的] 巨有 8227 上櫃多,7
2023/3/03,Re: [請益] 新光證券語音下單,20
2023/3/03,[新聞] 不跟風股神拋售 Lazard將台積電ADR列入,13
2023/3/03,Re: [請益] 新光證券語音下單,2
2023/3/03,[標的] 8048德勝 冷門多,27
2023/3/03,[請益] 請問為何很多通訊類股殖利率超級低,5
2023/3/03,[情報] 3/3全市場當沖虧損最多的股票,25
2023/3/03,[標的] 3021 鴻名 多,21
2023/3/03,[情報] 112年03月03日信用交易統計,32
2023/3/03,[情報] 0303 上市櫃外資投信同買排行,0
2023/3/03,[情報] 0303 上市櫃外資投信買超金額排行,6
2023/3/03,[情報] 6227茂綸 股利 4.3元,8
2023/3/03,[新聞] Google台灣傳裁員逾180人 官方：因應全球,51
2023/3/03,[新聞]台美可望數週內簽署貿易協定 涉外人士透露,43
2023/3/03,[請益]請教關於以下這四檔債券ETF...,36
2023/3/03,[情報] 2886 兆豐金 代子公司兆豐銀 股利分派,91
2023/3/03,[情報] 2838 聯邦銀 2月自結0.10 累計0.20,9
2023/3/03,[情報] 112/03/03 八大公股銀行買賣超排行,6
2023/3/03,[情報] 3533嘉澤現金增資價格,17
2023/3/03,[情報] 2337 旺宏 股利1.8,9
2023/3/03,Re: [情報] 2323 中環 取得中興電工普通股,5
2023/3/03,Re: [新聞] 大客戶被列實體清單 創意：已著手審視相,22
2023/3/03,[情報] 3047 訊舟 111年股利分派 0.8+0.2,14
2023/3/03,[情報] 0050/0056等相關指數的成分股審核結果,33
2023/3/03,[標的] 1220.tw 台榮 莫名大單漲停後軟掉,6
2023/3/03,[心得] 愛榭克：千萬別太早下車！,96
2023/3/03,[情報] 1326 台化 111年股利分派,37
2023/3/03,[情報] 0303 上市外資買賣超排行,27
2023/3/03,[新聞] 南電營運落底！外資調高目標價上看330元,37
2023/3/03,[標的] 士電 1503,9
2023/3/03,[情報] SCFI 20230303 931.08 -15.60,42
2023/3/03,[新聞] 台積電／蘋果完勝！去年貢獻台積電營收破,30
2023/3/03,[情報] 1434 福懋 111年EPS 2.02 股利 1.5,42
2023/3/03,[情報] 112年03月03日 櫃買法人買賣金額統計表,15
2023/3/03,[新聞] 美國商務部再將 28 個中國企業納入實體清,13
2023/3/03,[情報] 112年03月03日 三大法人買賣金額統計表,58
2023/3/03,[情報] 0303 上市投信買賣超排行,17
2023/3/03,[情報] 2637慧洋-KY 2月自結稅前-0.26元,57
2023/3/03,[標的] 4552.TW 力達-KY 龍哥多,11
2023/3/03,[閒聊] 2023/03/03 盤後閒聊,22
2023/3/03,[新聞] 大客戶被列實體清單 創意：已著手審視相,90
2023/3/03,[新聞] 獨家／央行副總裁陳南光辭職 政大經濟,77
2023/3/03,[新聞] Costco年費將調漲？財務長：只是時間問題,63
2023/3/03,[新聞] 拒當喵星人 友達 群創 彩晶 猛虎出柙,68
2023/3/03,Re: [標的] 2618.TW 長榮航多，機票變貴，股價暴衝,33
2023/3/03,[新聞] 2023年全球電動車電池裝機量將達749 GWh,8
2023/3/03,Re: [標的] 3147 大綜 AI大家一起來,19
2023/3/03,Re: [標的] 7516.TW 清淨海 冒險多,27
2023/3/03,[新聞] hololive動捕設備為何選HTC Vive？Yagoo,36
2023/3/03,[新聞] 美國政府設定2030年目標，期望在邏輯和記,15
2023/3/03,[新聞] 晶睿奇偶 全年拚雙位數成長,2
2023/3/03,[新聞] 【Yahoo早盤】台股轉強震盪！專家建議偏1,0
2023/3/03,[新聞] 遊戲代理商疑內線交易割韭菜引立委關切,19
2023/3/03,[新聞] Fed波斯提克：可能今夏暫停升息,61
2023/3/03,[閒聊] 2023/03/03 盤中閒聊,100
2023/3/03,[新聞] 景氣確定往下！龔明鑫證實本月下旬發布,79
2023/3/03,[新聞] ChatGPT商業版來了，單價驟減9成！還推語,46
2023/3/03,Re: [新聞] 震撼！ 特斯拉減用碳化矽,42
2023/3/03,[新聞] 震撼！ 特斯拉減用碳化矽,63
2023/3/03,[標的] 3305.TW 昇貿 多,7
2023/3/02,[標的] 00650L.TW 香港正2,6
2023/3/02,[情報] 0302 上市櫃外資投信同買排行,1
2023/3/02,[情報] 0302 上市櫃外資投信買超金額排行,6
2023/3/02,[新聞] 遠東銀配0.4元現金股利 股息殖利率近3.5%,77
2023/3/02,Re: [請益] 想請教關於是否會V轉的觀念問題,6
2023/3/02,[請益] 大家都是怎麼練習技術分析的？,40
2023/3/02,[情報] 1476儒鴻 111年EPS 24.75 股利 17,5
2023/3/02,[情報] 112年03月02日信用交易統計,26
2023/3/02,[新聞] 郭哲榮：這兩件事告訴你 貨櫃三雄將強勢,43
2023/3/02,[新聞] 缺工嚴重！賴正鎰：日薪4千元請不到人,-10
2023/3/02,[請益] 想請教關於是否會V轉的觀念問題,7
2023/3/02,[新聞] 缺蛋！雞蛋概念股夯 當沖客大軍集結 卜,14
2023/3/02,[新聞] 外資賣超38.01億元大砍金融股 投信對作搶,29
2023/3/02,[新聞] 看屋人潮回升了！ 華固總座：不要對房地,69
2023/3/02,[創作] 沒人發現除息後的現金會憑空蒸發嗎,7
2023/3/02,[情報] 3564 其陽 現金股利0.8元,14
2023/3/02,[情報] 2451創見111年度股利分派4.8+0.8,19
2023/3/02,[標的] 3702.TW 大聯大 討論,19
2023/3/02,Re: [請益] 沒人發現除息後的現金會憑空蒸發嗎,11
2023/3/02,[情報] 112/03/02 八大公股銀行買賣超排行,9
2023/3/02,[情報] 2845遠東銀 111年股利分派,100
2023/3/02,[情報] 1305華夏　股利分派0.3,12
2023/3/02,Re: [請益] 沒人發現除息後的現金會憑空蒸發嗎,15
2023/3/02,[新聞] 新制勞退收益揭曉，人均損1.82萬創新高,95
2023/3/02,[請益] 沒人發現除息後的現金會憑空蒸發嗎,2
2023/3/02,[新聞] 金三銀四見鋼市春燕 大陸鋼鐵業PMI連3升,10
2023/3/02,[新聞] 雷虎攜手邑錡開發美軍軍規無人機,21
2023/3/02,Re: [情報] 2890 永豐金 現增發股(補充 發行價15,28
2023/3/02,[情報] 2449京元電111年EPS 5.59股利 3.5,24
2023/3/02,[新聞] 杏昌 配合檢調單位至本公司進行調查,10
2023/3/02,[情報] 2903 遠百 111年EPS 1.37 股利 1.1,16
2023/3/02,[情報] 0302 上市外資買賣超排行,48
2023/3/02,[情報] 京城銀112年02月自結盈餘相關資訊,32
2023/3/02,[情報] 112年03月02日 櫃買法人買賣金額統計表,7
2023/3/02,[新聞] 韓國1月晶片庫存量月增25% 創近27年最大,19
2023/3/02,[新聞] 壽險買股票全球最高 2026年前要出脫上兆,27
2023/3/02,[情報] 112年03月02日 三大法人買賣金額統計表,50
2023/3/02,[情報] 0302 上市投信買賣超排行,29
2023/3/02,Re: [新聞] 大摩：美股反彈是陷阱,15
2023/3/02,Re: [標的] 2646 星宇航空 討論,13
2023/3/02,[標的] 2646.TW 星宇聯名新卡優惠速滿多,14
2023/3/02,[閒聊] 2023/03/02 盤後閒聊,99
2023/3/02,[情報] 2890 永豐金 現金增資公開申購資訊,53
2023/3/02,[新聞] 大摩：美股反彈是陷阱,70
2023/3/02,"[標的] PFE.US, KO.US, DUK.US 抄底多?",9
2023/3/02,[新聞] 蘋果導入Type-C 鴻海成大贏家,65
2023/3/02,[標的] 6230尼得科超眾 多方觀點,35
2023/3/02,[新聞] 今年台灣半導體產值罕見同步與全球陷入衰,18
2023/3/02,Re: [請益] 存股真的危險嗎？,40
2023/3/02,[新聞]華為告小米侵權 小米回應:積極談判尋求調,27
2023/3/02,[新聞] 存股族注意！金管會祭壓力測試 牽動銀行2,5
2023/3/02,[標的] 3088.tw 漲過頭,37
2023/3/02,[標的] 陽明 殖利率多,76
2023/3/02,[請益] 第一金證券下單異常,9
2023/3/02,[新聞] 馬斯克轉發新冠貼文 環時：你這是在砸中,28
2023/3/02,[情報] 拍檔:公告本公司111年度股利分派情形,8
2023/3/02,[新聞] ETF／2檔高股息ETF 3月同步除息！殖利率,10
2023/3/02,Re: [請益] 存股真的危險嗎？,52
2023/3/02,Re: [請益] 缺藥概念股,3
2023/3/02,Re: [請益] 缺藥概念股,1
2023/3/02,[新聞] 美封殺華為 擬擴至4G晶片,36
2023/3/02,[閒聊] 2023/03/02 盤中閒聊,100
2023/3/02,[新聞] 台泥 釋出九大領域職缺 招手國際人才,7
2023/3/02,[請益] 缺藥概念股,22
2023/3/02,[新聞] 中國學者：一些法人受西方理論薰陶低估本,29
2023/3/02,Re: [標的] 2618.TW 長榮航多，機票變貴，股價暴衝,29
2023/3/01,[公告] 03/01 處置公告,0
2023/3/01,Re: [請益] 這波修正 各位有抗跌神股嗎 拓凱4536,12
2023/3/01,[情報] 3/1全市場當沖虧損最多的股票,8
2023/3/01,[新聞] 兆豐產「防疫險虧損」不發股利！　衝擊,50
2023/3/01,[新聞] BDI指數連漲9天、重返千點,16
2023/3/01,[請益] 定期定額投資,21
2023/3/01,[新聞] 股數調整　台積電、製鞋廠鈺齊皆調整股利,17
2023/3/01,[新聞] 美晶片法補助規則出爐 三星西安廠技術推,33
2023/3/01,[新聞] 清淨海「關禁閉」又加列注意股！　6個交,7
2023/3/01,[情報] 112年03月01日信用交易統計,8
2023/3/01,[請益] 有人研究過每月定期定額哪天最低價?,20
2023/3/01,Re: [心得] 大成1210 低歌離席,9
2023/3/01,[新聞] 無薪假衝破1.7萬人！製造業成重災區、實,49
2023/3/01,[情報] 0301 上市櫃外資投信同買排行,0
2023/3/01,[情報] 0301 上市櫃外資投信買超金額排行,0
2023/3/01,[新聞] 小摩：Fed對抗通膨恐失敗收場 最終觸發,44
2023/3/01,[新聞] 英偉達擬增發100億美元股票,52
2023/3/01,[新聞] 台股ETF人氣王 換人做,27
2023/3/01,[新聞] 中鋼：進入獲利模式,89
2023/3/01,Fw: [其他] Chart Game台指版上線了,16
2023/3/01,[新聞] 00713每股配0.68元！高股息新黑馬　3／16,23
2023/3/01,[情報] 112/03/01 八大公股銀行買賣超排行,8
2023/3/01,[心得] 大成1210 低歌離席,40
2023/3/01,[請益] 一半正2一半高股息 會不會比較好呢？,53
2023/3/01,[請益] 177萬現金分配投資標的,61
2023/3/01,[新聞] 星宇張國煒首談股價 「我個人一張沒賣」,35
2023/3/01,[新聞] 張國煒首度親回星宇股價大怒神　「心疼,100
2023/3/01,[情報] 1月景氣燈號連三藍燈,100
2023/3/01,[情報] 0301 上市外資買賣超排行,24
2023/3/01,[情報] 112年03月01日 櫃買法人買賣金額統計表,12
2023/3/01,[情報] 0301 上市投信買賣超排行,8
2023/3/01,[情報] 112年03月01日 三大法人買賣金額統計表,100
2023/3/01,[情報] 5508 永信建 111年EPS 7.05 股利6.345,35
2023/3/01,[新聞] 消費／信心回來了！2月消費者信心指數(CC,19
2023/3/01,[創作] 華新 (掌心),31
2023/3/01,[閒聊] 2023/03/01 盤後閒聊,35
2023/3/01,[新聞] 台灣製造業PMI大彈升 可能已度過景氣最壞時刻,36
2023/3/01,[標的] 6416瑞祺電通,22
2023/3/01,[新聞] AI概念股長佳智能　上櫃首日猛漲94%,5
2023/3/01,[新聞] 《DJ在線》華新攻綠能再下一城，前景可期,53
2023/3/01,[標的] 面板產業和mini LED產業為什麼走勢不同？,24
2023/3/01,[標的] 3661.TW 世芯 比價多,15
2023/3/01,[請益] IB沒使用融資 但有維持保證金?,7
2023/3/01,[新聞] 大成卜蜂飆 聯發科撐盤 台股早盤跌幅收歛,31
2023/3/01,[新聞] 楊金龍：今年經濟成長可保2 不會陷入停,21
2023/3/01,[新聞] 傳客戶砍單 台積電股價由黑翻紅,47
2023/3/01,[新聞] 早盤/【Yahoo早盤】台股「逃過一劫」 專O,9
2023/3/01,Re: [標的] 7516.TW 清淨海 冒險多,31
2023/3/01,[新聞]京鼎2022年每股大賺24.64元 股利齊創高,5
2023/3/01,[新聞] 天宇報捷 AFC合作建置到手,13
2023/3/01,[新聞] 拿晶片補貼企業 美要求分享超額利潤,15
2023/3/01,[閒聊] 2023/03/01 盤中閒聊,100
2023/3/01,[新聞] 順德、界霖 法人喊買,11
2023/3/01,[新聞] 五大客戶猛砍單 台積本季財測恐難達標,45
2023/3/01,Re: [標的] 群創去庫存多,0
2023/3/01,[新聞] 美晶片法案 傳訂分潤條款,91
2023/3/01,[創作] 現代資本主義，窮人有辦法靠投資翻身嗎？,36
2023/2/28,[新聞] 伍德：史上最殘酷的升息接近尾聲 股市將,100
2023/2/28,[新聞] 宏達電王雪紅MWC演講　預告元宇宙商機,54
2023/2/28,[新聞] 存股族快看！這17檔現金殖利率超過8％！,53
2023/2/28,Re: [標的] 2409 友達 (今年股利 0.8),43
2023/2/28,[新聞] 任天堂(NTDOY.US)下一代Switch遲遲未見,23
2023/2/28,[情報] 2/24~2/28 散裝航運指數,25
2023/2/28,Re: [標的] TSLA.US 拯救推進器多,5
2023/2/28,[新聞] 70年來最慘..香港1月出口暴跌近4成,55
2023/2/28,[情報] 2/20~2/24全市場當沖虧損最多的股票,5
2023/2/28,[新聞] 主計總處估 CPI 預測值 2.16%！央行理事,35
2023/2/28,[標的] 2908 特力 定存多,19
2023/2/28,[新聞] 神達因砍單認虧14億元 法人：Twitter是頭,20
2023/2/28,[請益]關於國內債券ETF和直接購買國外債券ETF的,10
2023/2/28,Re: [請益] 股市賺的錢怎麼應用？,11
2023/2/28,[標的] 裕隆2201的未來展望預測?,25
2023/2/28,[標的] 1102.TW 亞泥 動畫四天後開播興奮多,22
2023/2/28,[新聞] 立凱電授權以色列化工集團 建設美國大型L,7
2023/2/28,[新聞] 特斯拉投資人日將登場 三大看點,18
2023/2/28,[新聞] 巴菲特大讚可口可樂、美國運通「年年配息,51
2023/2/28,[情報] 3702 大聯大 111年EPS 6.02,21
2023/2/28,Re: [請益] 菜鳥持股建議,2
2023/2/28,Re: [心得] 2017~2022總結,0
2023/2/28,[請益] 菜鳥持股建議,43
2023/2/28,Re: [請益] 現代資本主義，窮人有辦法靠投資翻身嗎？,0
2023/2/28,Re: [請益] 現代資本主義，窮人有辦法靠投資翻身嗎？,4
2023/2/28,Re: [請益] 現代資本主義，窮人有辦法靠投資翻身嗎？,2
2023/2/28,Re: [請益] 現代資本主義，窮人有辦法靠投資翻身嗎？,14
2023/2/28,Re: [新聞] 四大名師解碼！台股3月天 三利多撐盤,3
2023/2/28,[新聞] 四大名師解碼！台股3月天 三利多撐盤,25
2023/2/28,Re: [請益] 現代資本主義，窮人有辦法靠投資翻身嗎？,4
2023/2/28,[新聞] 宏達電揮軍MWC 三大產品線齊發,26
2023/2/28,Re: [請益] 現代資本主義，窮人有辦法靠投資翻身嗎？,8
2023/2/28,[請益] 給小孩的ETF存股建議,100
2023/2/28,[新聞] Coinbase to suspend trading of Binance,0
2023/2/28,[新聞] 美銀：唯有美國經濟衰退 美股才會出現,20
2023/2/28,Re: [請益] 存股真的危險嗎？,11
2023/2/27,Re: [請益] 現代資本主義，窮人有辦法靠投資翻身嗎？,100
2023/2/27,Re: [請益] 現代資本主義，窮人有辦法靠投資翻身嗎？,42
2023/2/27,Re: [請益] 存股真的危險嗎？,94
2023/2/27,Re: [請益] 存股真的危險嗎？,0
2023/2/27,[創作] 存股真的危險嗎？,100
2023/2/27,Re: [請益] 存股真的危險嗎？,24
2023/2/27,Re: [新聞] 搶投資張國煒！星宇航股東人數增飆破,13
2023/2/27,[標的] 美股VIX 白色情人節回禮想好沒,5
2023/2/27,[新聞] 搶投資張國煒！星宇航股東人數增飆破7萬,62
2023/2/27,Re: [請益] 下跌時沒有小麥 上漲時也不會有小麥,10
2023/2/27,Re: [請益] 存股真的危險嗎？,33
2023/2/27,[標的] sark.us多,15
2023/2/27,[情報] 3380 明泰 董事會決議股利分派,6
2023/2/27,Re: [請益] 現代資本主義，窮人有辦法靠投資翻身嗎？,7
2023/2/27,Re: [請益] 現代資本主義，窮人有辦法靠投資翻身嗎？,0
2023/2/27,Re: [請益] 下跌時沒有小麥 上漲時也不會有小麥,2
2023/2/27,Re: [請益] 下跌時沒有小麥 上漲時也不會有小麥?,9
2023/2/27,Re: [心得] 股票質借心得分享,87
2023/2/27,Re: [請益] 下跌時沒有小麥 上漲時也不會有小麥?,2
2023/2/27,Re: [請益] 下跌時沒有小麥 上漲時也不會有小麥?,3
2023/2/27,[新聞] 央行示警全球經濟4風險 通膨仍有升溫可能,45
2023/2/27,[標的] 3338泰碩,5
2023/2/27,Re: [請益] 下跌時沒有小麥 上漲時也不會有小麥?,16
2023/2/27,[新聞] ChatGPT加速AI晶片運算 美台握關鍵 卡中,21
2023/2/27,Re: [請益] 現代資本主義，窮人有辦法靠投資翻身嗎？,8
2023/2/27,Re: [請益] 下跌時沒有小麥 上漲時也不會有小麥?,1
2023/2/27,Re: [請益] 現代資本主義，窮人有辦法靠投資翻身嗎？,24
2023/2/27,Re: [請益] 現代資本主義，窮人有辦法靠投資翻身嗎？,3
2023/2/27,Re: [請益] 現代資本主義，窮人有辦法靠投資翻身嗎？,7
2023/2/27,Re: [請益] 現代資本主義，窮人有辦法靠投資翻身嗎？,45
2023/2/27,Re: [請益] 現代資本主義，窮人有辦法靠投資翻身嗎？,8
2023/2/26,Re: [請益] 現代資本主義，窮人有辦法靠投資翻身嗎？,10
2023/2/26,[請益] 請問一家公司淨值是投資的指標之一嗎,40
2023/2/26,[請益] 關於盈餘轉增資?,2
2023/2/26,Re: [請益] 現代資本主義，窮人有辦法靠投資翻身嗎？,100
2023/2/26,[標的] 5516.TW 雙喜   兩個喜多,42
2023/2/26,"Re: [請益] 很難的題目,如何判斷市場的高底點?",3
2023/2/26,"Re: [請益] 很難的題目,如何判斷市場的高底點?",1
2023/2/26,"Re: [請益] 很難的題目,如何判斷市場的高底點?",11
2023/2/26,"Re: [請益] 很難的題目,如何判斷市場的高底點?",3
2023/2/26,Re: [情報] Core PCE 2月數值公布4.7%,12
2023/2/26,[請益] 現代資本主義，窮人有辦法靠投資翻身嗎？,59
2023/2/26,"Re: [請益] 很難的題目,如何判斷市場的高底點?",0
2023/2/26,Re: [情報] Core PCE 2月數值公布4.7%,33
2023/2/26,"Re: [請益] 很難的題目,如何判斷市場的高底點?",10
2023/2/26,[新聞] 投信抱股 醞釀3月作帳行情,21
2023/2/26,[新聞] 美國氮肥價格跌回俄烏戰前水準 玉米農樂,62
2023/2/26,"[請益] 很難的題目,如何判斷市場的高底點?",55
2023/2/26,[新聞] 外資3月可望繼續加碼台股 投顧點名2大理由,16
2023/2/26,Re: [請益] 下跌時沒有小麥 上漲時也不會有小麥?,8
2023/2/25,Re: [情報] Core PCE 2月數值公布4.7%,85
2023/2/25,[新聞] 重磅發布！巴菲特2023年致股東公開信（全,90
2023/2/25,[新聞] 中共禁止利用陰陽五行風水學預測股市,77
2023/2/25,[新聞] 馬斯克宣布Twitter變開源 演算法原始碼下,26
2023/2/25,Re: [請益] 下跌時沒有小麥 上漲時也不會有小麥?,4
2023/2/25,[情報] 1773 勝一 董事會決議股利分派,0
2023/2/25,Re: [請益] 下跌時沒有小麥 上漲時也不會有小麥?,20
2023/2/25,[標的] 6176.TW 瑞儀 多,27
2023/2/25,Re: [請益] 債券ETF真的有避險和投資價值嗎?,42
2023/2/25,Re: [情報] Core PCE 2月數值公布4.7%,37
2023/2/25,Re: [請益] 債券ETF真的有避險和投資價值嗎?,16
2023/2/25,[新聞] 雞肉也大漲 今年恐出現「百元」雞排,99
2023/2/25,Re: [請益] 債券ETF真的有避險和投資價值嗎?,4
2023/2/25,Re: [情報] Core PCE 2月數值公布4.7%,10
2023/2/25,[請益] 霍華馬克斯橡樹基金去年怎麼做到大賺錢?,22
2023/2/25,[新聞] 韓媒曝：台美日韓晶片聯盟正式會議上週舉,21
2023/2/25,[新聞] 股東會旺季到 多頭還有戲,29
2023/2/25,[請益] Firstrade股息再投入問題,5
2023/2/25,Re: [請益] 下跌時沒有小麥 上漲時也不會有小麥?,15
2023/2/25,Re: [請益] 下跌時沒有小麥 上漲時也不會有小麥?,4
2023/2/25,[標的] USD/JPY 多,27
2023/2/25,[情報] 1817 凱撒衛 股利分派,20
2023/2/25,[標的] 4736 泰博 股利多,22
2023/2/25,[請益] 下跌時沒有小麥 上漲時也不會有小麥?,47
2023/2/25,[新聞] 遠傳、亞太 拚Q3完成合併,1
2023/2/25,[新聞] 富采第一階段 Micro LED 產線年底完工，,29
2023/2/25,Re: [請益] 債券ETF真的有避險和投資價值嗎?,4
2023/2/25,Re: [請益] 債券ETF真的有避險和投資價值嗎?,50
2023/2/25,[心得] 02/27~03/03 美股經濟數據&財報行事曆,11
2023/2/25,[請益] 債券ETF真的有避險和投資價值嗎?,44
2023/2/25,[情報] 3338泰碩股利,3
2023/2/25,Re: [標的] 3088 艾訊 多,20
2023/2/25,Re: [心得] 大盤,0
2023/2/25,[新聞] 國泰永續高股息人數正式超越元大高股息,54
2023/2/25,Re: [情報] Core PCE 2月數值公布4.7%,38
2023/2/25,[心得] 在股市，你是在看盤，還是被盤看?,55
2023/2/24,Re: [標的] TSLA.US 拯救推進器多,10
2023/2/24,[新聞] 台灣大併台灣之星大砍85億 晚間10:30終拍,25
2023/2/24,[新聞] 散戶回籠 1月證券劃撥存款餘額重返3兆元,32
2023/2/24,[情報] 密歇根大學消費者信心指數,17
2023/2/24,[標的] 俄烏和談後的潛力股,39
2023/2/24,[情報] 2/24 全市場當沖虧損最多的股票,3
2023/2/24,[情報] 1259 安心 股利分派,4
2023/2/24,[標的] 5519 隆大 多,12
2023/2/24,[新聞] 勿憂盤中高波動 歷史顯示美股全年上漲機,10
2023/2/24,[新聞] 搶抓錢! 心腹進駐央行 習近平要「改組」,17
2023/2/24,[新聞] 聯詠投資20.56億元 興建台南研發中心,17
2023/2/24,[情報] Core PCE 2月數值公布4.7%,99
2023/2/24,[情報] 112年02月24日信用交易統計,16
2023/2/24,Re: [請益] ai崛起，為什麼abf 沒有受惠？,4
2023/2/24,[新聞] 微軟收購動視暴雪還剩最後一關,8
2023/2/24,[新聞] 第一金總股利不縮水 惟現金股利配發率將,27
2023/2/24,[標的] 8422.TW 可寧衛 討論,31
2023/2/24,[情報] 0224 上市櫃外資投信同買排行,2
2023/2/24,[情報] 6531 愛普* 2022Q4 EPS 0.39,7
2023/2/24,[情報] 3558神準股利,7
2023/2/24,[標的] 5859 遠壽 多,3
2023/2/24,[請益] ai崛起，為什麼abf 沒有受惠？,63
2023/2/24,[情報] 0224 上市櫃外資投信買超金額排行,0
2023/2/24,[情報] 2888 新光金 111年EPS 0.10,67
2023/2/24,[新聞] 央行:今年經濟溫和成長 CPI年增降至約2％,21
2023/2/24,[新聞] 股民又有大禮包！長榮航太公開申購 抽中,11
2023/2/24,[請益] 鉅亨網的s&p500 即時跟日k有差異,0
2023/2/24,[情報] 1101台泥 111年 EPS 0.74,50
2023/2/24,[情報] 6446 藥華藥 111年EPS -4.84,27
2023/2/24,[情報] 1731 美吾華 111年EPS[1.22]股利[1.1],11
2023/2/24,"[情報] 2849 安泰銀 提列備抵呆帳1,343百萬元",10
2023/2/24,[情報] 2379瑞昱 111年EPS[31.62] Q4[4.15],10
2023/2/24,[情報] 112/02/24 八大公股銀行買賣超排行,5
2023/2/24,[情報] 6901鑽石生技 分派股利,14
2023/2/24,[情報] 4128中天 分派股利,18
2023/2/24,[情報] 6690安碁資訊 111年EPS7.92 股利4.5,4
2023/2/24,[情報] 3357臺慶科111年EPS[10.11] 股利分派[6],20
2023/2/24,[情報] 4743合一 分派股利,31
2023/2/24,[創作] 熱帶雨林,30
2023/2/24,[情報] 8422 可寧衛 111年EPS[12.33]股利[10],12
2023/2/24,[情報] 4743合一 Q4 EPS -1.66,39
2023/2/24,[情報] 5876 上海商銀 111年EPS 3.33,8
2023/2/24,[情報] 3034聯詠 111年 EPS 45.96,12
2023/2/24,[情報] 2049上銀 股利分派,21
2023/2/24,Re: [請益] U.S.公債殖利率對股市影響,14
2023/2/24,[情報] 2454聯發科股息分派 76元,54
2023/2/24,[情報] 3706神達股息公布,79
2023/2/24,Re: [新聞] 日媒揭露日本第2座廠1兆日圓 台積電：考慮中,14
2023/2/24,[新聞] 2467 志聖 股利分派,7
2023/2/24,[情報] 2430 燦坤財報和股息公布,8
2023/2/24,[創作] 今天你要嫁給我,8
2023/2/24,[情報] 2488漢平 2022年EPS3.86元 股利2.5元,31
2023/2/24,[情報] 0224 上市外資買賣超排行,45
2023/2/24,[情報] 112年02月24日 櫃買法人買賣金額統計表,7
2023/2/24,[情報] 1712興農股息公布,32
2023/2/24,[新聞] 國泰永續高股息 獲 Smart智富台灣基金獎,10
2023/2/24,[情報] 6266泰詠 股利分派,9
2023/2/24,[標的] 大盤  空,41
2023/2/24,[情報] 3005神基股息公布,18
2023/2/24,Re: [標的] NVDA財報,48
2023/2/24,[情報] 112年02月24日 三大法人買賣金額統計表,48
2023/2/24,[情報] SCFI 20230224 946.68 - 27.98,46
2023/2/24,[情報] 4915 致伸 股息分派,21
2023/2/24,[情報] 0224 上市投信買賣超排行,12
2023/2/24,[情報] 1605 華新股息,29
2023/2/24,[情報] 1605華新 2022EPS 5.45,15
2023/2/24,[情報] 8046南電 111年EPS 30.05,20
2023/2/24,[情報] 6505台塑化 股利1.1元,43
2023/2/24,[情報] 2412中華電 股利4.702元,71
2023/2/24,[閒聊] 2023/02/24 盤後閒聊,35
2023/2/24,[情報] 中鋼111年財報 全年EPS:1.15 股利:1元,52
2023/2/24,[新聞] MSCI調整2/24尾盤生效 留意爆量,57
2023/2/24,Re: [請益] 有哪些低調的觀光、食品餐廳概念股?,22
2023/2/24,[請益] 金融股發不出股利，高股息ETF該存誰?,40
2023/2/24,[標的] 8050廣積，股利多,34
2023/2/24,[心得] 從可轉債嗅出端倪,25
2023/2/24,[標的]6470宇智 低本益比+高殖利率+網通需求爆發,49
2023/2/24,Re: [標的] 3147 大綜 AI大家一起來,13
2023/2/24,[新聞] 日媒揭露日本第2座廠1兆日圓 台積電：考慮中,83
2023/2/24,[新聞] AI熱的大贏家 輝達不到兩個月市值膨脹逾2,25
2023/2/24,[請益] 畜牧產業升級的概念股？,12
2023/2/24,[新聞] 彩晶虧0.86元 擬辦理現金增資發行新股,23
2023/2/24,[情報] 2801 彰銀111年度合併財報 每股盈餘1.04,24
2023/2/24,Re: [新聞] 《油價》需求擔憂影響 NYMEX原油下跌3.2%,4
2023/2/24,"[新聞] 富采去年EPS僅0.05元,全年獲利年減98%",61
2023/2/24,[閒聊] 2023/02/24 盤中閒聊,100
2023/2/24,Re: [標的] NVDA財報,14
2023/2/24,Re: [情報] 友達資本公積發放現金案,19
2023/2/24,Re: [新聞] 台積電5nm迎三大客戶急單 第二季度產能,26
2023/2/24,[標的] TSM.US WaferTech 討論,4
2023/2/23,[新聞] 大摩空頭分析師：今年上半年美股恐下跌26,31
2023/2/23,[新聞]2337 華德動能獲兩家客運 逾5億元今年入帳,5
2023/2/23,[新聞] 股價0.1元成交280元 投資人買這檔權證秒,10
2023/2/23,[情報] 2/23   BDI波羅的海綜合指數,33
2023/2/23,[新聞] 北大方正又有子公司破產,6
2023/2/23,[新聞] 「創意噴上外太空」郭哲榮：AI概念股漲,15
2023/2/23,[新聞] 南亞科去年每股配息2.13元 DRAM景氣下半,5
2023/2/23,Re: [新聞] 台積電5nm迎三大客戶急單 第二季度產能,22
2023/2/23,[情報] (2409)友達代子公司達擎公開收購明達醫學,0
2023/2/23,[新聞] 致伸啟動接班計畫 新董座杜家濱出任,10
2023/2/23,[情報] 大樹6469,24
2023/2/23,[情報] 0223 上市櫃外資投信同買排行,0
2023/2/23,"[公告] 02/23 處置名單：brightest, henry2003061",0
2023/2/23,[情報] 0223 上市櫃外資投信買超金額排行,1
2023/2/23,[新聞] 友達配息0.8元…三年股息平準計畫生變,96
2023/2/23,[新聞] 禁空令解除 國安基金暫無退場規畫,13
2023/2/23,[情報] 2/23全市場當沖虧損最多的股票,7
2023/2/23,[情報] 112年02月23日信用交易統計,21
2023/2/23,[情報] 8938明安 股利9.1元,16
2023/2/23,Re: [情報] 友達資本公積發放現金案,12
2023/2/23,[情報] 3006晶豪科111年EPS3.71元,14
2023/2/23,[情報] 宜鼎 5289 111年度 EPS 21.46,11
2023/2/23,[情報] 2062橋椿 111年股利分派,5
2023/2/23,[情報] 6026福邦證 111年度不發股利,25
2023/2/23,[情報] 2912 統一超 111年EPS[8.93] 股利[9],21
2023/2/23,[新聞] 星宇航空太夯燒到威力彩！　股民砸6.6萬,14
2023/2/23,[新聞] 外資：未來2至3年 鴻海中國以外產能比重,12
2023/2/23,[情報] 3264.TW 欣銓 公告本公司董事會決議股利分派,18
2023/2/23,[情報] 嘉聯益:公告本公司董事會通過111年度合併財務報告,3
2023/2/23,[情報] 112/02/23 八大公股銀行買賣超排行,12
2023/2/23,[情報] 2492華新科 111年EPS[3.40] Q4:-0.95,21
2023/2/23,[情報] 8069元太 111年EPS[8.69] 股利分派[4.5],24
2023/2/23,[新聞] 債券ETF越跌越買！一表看懂最夯前5大 成,22
2023/2/23,[情報] 台中銀股利_[0.3+0.42],100
2023/2/23,[情報] 5009榮剛 2022EPS 4.52,14
2023/2/23,[情報] 友達資本公積發放現金案,74
2023/2/23,[新聞] 6643 M31 決議股利分派 配股給股東,11
2023/2/23,[新聞] 台股禁空令等4大限制措施 明日起解除,86
2023/2/23,[新聞] 台股穩了！金管會：即日起解除四大救市,99
2023/2/23,[情報] 6147 頎邦111年 EPS 8.41元,38
2023/2/23,[新聞] 台積電5nm迎三大客戶急單 第二季度產能,44
2023/2/23,[情報] 中鴻111年財報 全年EPS:-0.69,25
2023/2/23,[情報] 0223 上市外資買賣超排行,35
2023/2/23,[情報] 2014中鴻 股利0.35元,13
2023/2/23,[情報] 8033 雷虎 現增發股(發行價:36),37
2023/2/23,[情報] 立積111年財報 全年EPS:0.62 股利:0,32
2023/2/23,[情報] 6116 彩晶 111年EPS -0.86,12
2023/2/23,[情報] 112年02月23日 櫃買法人買賣金額統計表,12
2023/2/23,[情報] 6147頎邦 股利5.5元,63
2023/2/23,Re: [新聞] 台積電美國擴廠隱憂！美國工程師不「賣肝,4
2023/2/23,[情報] 8938 明安 111年 EPS 16.92,21
2023/2/23,[新聞] 2474可成 111年EPS 15.14,29
2023/2/23,[情報] 3545敦泰 Q4 EPS 0.14,42
2023/2/23,[情報] 112年02月23日 三大法人買賣金額統計表,51
2023/2/23,[標的] 8088 品安 毛利多,51
2023/2/23,[情報] 0223 上市投信買賣超排行,19
2023/2/23,[標的] 安心(1259) 摩斯漢堡落後補漲多,22
2023/2/23,[情報] 5871 中租-KY 1月自結1.31,18
2023/2/23,[新聞] 國泰高股息00878填息達陣！6天完成100％,75
2023/2/23,[標的] 2409友達  小萌智子教妳玩股票多,15
2023/2/23,Re: [標的] 6844諾貝兒 奶凍捲不會太甜好吃多,10
2023/2/23,[情報] 2002 中鋼 1月自結稅前-10.9億,34
2023/2/23,[閒聊] 2023/02/23 盤後閒聊,58
2023/2/23,[情報] 南茂111年度合併財務報告 EPS:4.64,15
2023/2/23,[新聞] 雞蛋缺口每日上看200萬顆　卜蜂、大成,54
2023/2/23,[標的] 3081  聯亞 多,10
2023/2/23,Re: [新聞] 台積電美國擴廠隱憂！美國工程師不「賣肝,25
2023/2/23,[標的] 0056存股方案 八年打打造被動收入加薪,100
2023/2/23,[新聞] 工程師加一Line帳號 4600萬元全沒了,98
2023/2/23,[新聞] 美債殖利率飆出甜甜價 四檔債券ETF大勝定,16
2023/2/23,Re: [標的]8938明安 超低本益比+高殖利率+解封受惠,23
2023/2/23,[新聞] Fed會議紀要：傾向持續升息抑制通膨 警,31
2023/2/23,[新聞] ETF股息可提早1週領到 林昶佐：金管會已,100
2023/2/23,[心得] 人有亡鈇者,34
2023/2/23,[新聞] 傳高通今年將提前公布Snapdragon 8 Gen 3,18
2023/2/23,Re: [新聞] 台積電美國擴廠隱憂！美國工程師不「賣肝,2
2023/2/23,[新聞] 台積電美國擴廠隱憂！美國工程師不「賣肝,99
2023/2/23,[新聞] 泥娃娃蛻變為綠巨人，台泥新總座程耀輝,30
2023/2/23,[新聞] 《油價》需求擔憂影響 NYMEX原油下跌3.2%,9
2023/2/23,[情報] 凌陽創新111年股利分配,5
2023/2/23,[新聞] 【玉山金股利腰斬1】「200多張全撤！」,94
2023/2/23,[閒聊] 2023/02/23盤中閒聊,100
2023/2/23,[新聞] NY Fed: “絕對” 致力於達成2%通膨目標,14
2023/2/23,[標的] NVDA財報,86
2023/2/23,Re: [新聞] Fed傳聲筒放風聲 通膨新目標可能設在2.8%,2
2023/2/23,Re: [新聞] Fed傳聲筒放風聲 通膨新目標可能設在2.8%,5
2023/2/23,[新聞] Fed minutes show members resolved to,0
2023/2/23,[新聞] Fed's James Bullard pushes for faster,16
2023/2/22,[情報] 2/22全市場當沖虧損最多的股票,37
2023/2/22,[新聞] 中國“投資大佬”包凡失聯前，或在新加坡,17
2023/2/22,[新聞] 分手巴菲特後「5字頭快失守」 台積電可買,28
2023/2/22,[新聞] 聯電配息3.6元殖利率7.26%　每位員工分,23
2023/2/22,[請益] 永豐金股票質借相關問題,10
2023/2/22,[公告] 02/22 處置公告,0
2023/2/22,[新聞] Fed傳聲筒放風聲 通膨新目標可能設在2.8%,100
2023/2/22,[情報] 112年02月22日信用交易統計,21
2023/2/22,[新聞] 三星LG踢走京東方 奪蘋果iPad Pro OLED螢,11
2023/2/22,[標的] 黑松1234 暗黑多,61
2023/2/22,[情報] 0222 上市櫃外資投信同買排行,2
2023/2/22,[情報] 0222 上市櫃外資投信買超金額排行,1
2023/2/22,[新聞] 台達電去年EPS 12.58元創新高 擬配現金,21
2023/2/22,[標的] 定期定額季配息ETF 最強的竟然不是00878?,34
2023/2/22,[新聞] 2023年金融股大黑馬是它 億元教授《鈔錢,22
2023/2/22,[情報] 2/22 全市場當沖虧損最多的股票,49
2023/2/22,[新聞] 星宇大怒神！　公司曝「心疼股民、張國,67
2023/2/22,[新聞] 小白球代工龍頭明揚獲利創新高 去年EPS 1,7
2023/2/22,[情報] 4995 晶達 111年EPS 5.02 股利4.2,11
2023/2/22,Re: [標的] 群創去庫存多,10
2023/2/22,[新聞] 列處置後重挫 千股民組星宇航空自救會,43
2023/2/22,[情報] 9940信義 111年股利分派,32
2023/2/22,"[情報] 3030德律 EPS:8.13,配發股利：4.5",10
2023/2/22,[新聞] 買權證秒賠2800萬！釣出「避稅陰謀論」,34
2023/2/22,[情報] 3169亞信 111年財務報告及股利分派[5.5],7
2023/2/22,[情報] 112/02/22 八大公股銀行買賣超排行,11
2023/2/22,[新聞] 主計處大幅下修我GDP僅勉強保2 通膨又衝,27
2023/2/22,[標的] ATVI 動視暴雪 多,16
2023/2/22,[情報] 2323 中環 取得中興電工普通股,70
2023/2/22,[情報] 8049 晶采 EPS:3.82 股利：3.0,12
2023/2/22,[新聞] 好消息！自由行旅客有機會獲5000元新台幣,-10
2023/2/22,[情報] 0222 上市外資買賣超排行,25
2023/2/22,[情報] 6669 緯穎 股利50元,9
2023/2/22,[新聞] 中國傳要求國企停止與國際四大會計師事,73
2023/2/22,[情報] 4126太醫  EPS 4.56元，股利4.2元,25
2023/2/22,[新聞] 怕股東再拿故宮碗出氣 開發金今年紀念品,100
2023/2/22,[新聞] 1月失業率3.5％ 創22年新低！主計總處：,46
2023/2/22,[新聞] 研調估今年新能源車銷量年增36.2%，朋程,3
2023/2/22,[新聞] 星宇航空進處置重挫逾2成 套牢自救會人,100
2023/2/22,[情報] 2303聯電 股利3.6元,91
2023/2/22,[情報] 112年02月22日 櫃買法人買賣金額統計表,20
2023/2/22,Re: [新聞]  宏亞 決議分派111年度股利,2
2023/2/22,[新聞] DDI產業迎升評潮 摩根士丹利看佳頎邦聯詠,25
2023/2/22,[情報] 0222 上市投信買賣超排行,15
2023/2/22,[情報] 112年02月22日 三大法人買賣金額統計表,52
2023/2/22,[標的] US.TQQQ US.SOXL US.TMF 抄底多,40
2023/2/22,Re: [新聞] 又有胖手指！280元天價成交這檔100張,70
2023/2/22,[情報] 茂達公告本公司民國111年度合併財務報告,12
2023/2/22,[閒聊] 2023/02/22 盤後閒聊,100
2023/2/22,[新聞] 又有胖手指！280元天價成交這檔100張,43
2023/2/22,Re: [新聞] 失望！玉山金只發0.6元股利今早大跌5%,19
2023/2/22,Re: [新聞] 美股為何重挫？債市猛押Fed升息 3、5、,11
2023/2/22,Re: [請益] 這波修正 各位有抗跌神股嗎（王品低歌離席）,11
2023/2/22,[新聞] 處置首日股價迫降 星宇航空重挫逾23％,46
2023/2/22,[標的] 00923.TW 台灣ESG低碳50ETF 討論,20
2023/2/22,[新聞] 美股為何重挫？債市猛押Fed升息 3、5、,26
2023/2/22,[標的] 078230 滬深2X凱基26購02,52
2023/2/22,[請益] 大盤位階要用本益比看還是本淨比看比較好,36
2023/2/22,[標的]8938明安 超低本益比+高殖利率+解封受惠,20
2023/2/22,Re: [心得] 股市裡一切都是顛倒的,14
2023/2/22,[標的] 8349恒耀 狠咬特斯拉多,2
2023/2/22,[心得] 股市裡一切都是顛倒的,53
2023/2/22,[標的]  4551 智伸科 車車概念+低調的醫材概念,13
2023/2/22,[新聞] 臺慶科車用布局報捷,32
2023/2/22,[新聞] 興櫃股清淨海連2日熔斷！金管會示警　恐,27
2023/2/22,[新聞] 安泰銀嫁國票確定破局後！　新一輪潛在,10
2023/2/22,[標的] 零壹(3029) 用過AI後覺得未來可期,19
2023/2/22,[情報] M31元月每股虧0.3元,11
2023/2/22,Re: [新聞] 失望！玉山金只發0.6元股利今早大跌5%,8
2023/2/22,Re: [情報] 2409友達 2022 EPS-2.39,4
2023/2/22,[新聞] IC設計衝 台股七千金報到,20
2023/2/22,[閒聊] 2023/02/22 盤中閒聊,100
2023/2/22,[新聞] 服務業回暖提振 美國2月綜合PMI創8個月新,24
2023/2/22,[新聞] 終於來了？曝OPPO自研的4nm手機處理器開,29
2023/2/22,[新聞] 〈美股盤後〉道瓊暴跌近700點 標普跌破40,63
2023/2/21,[心得] 談定期定額與去槓桿化,47
2023/2/21,[新聞] 智原本季業績估微增 拚歷年同期新高,4
2023/2/21,[請益] 如何將交易成交點位 show在k線上,2
2023/2/21,[新聞] 清淨海漲到熔斷 櫃買已列監視股票,45
2023/2/21,[新聞] 日本央行觀察人士提示3月會議意外風險,8
2023/2/21,[新聞] 長江存儲裁員 5%~10%，員工解僱後遭趕出,15
2023/2/21,Re: [心得] 大盤,0
2023/2/21,[新聞] 大摩警告：美股已進入「死亡區」 無法存,37
2023/2/21,[新聞] 大摩：美股比2007年以來的任何時候都要貴,0
2023/2/21,[情報] 2/21全市場當沖虧損最多的股票,10
2023/2/21,[情報] 112年02月21日信用交易統計,26
2023/2/21,[情報] 6770 力積電 111年下半年股利分派暨除息基準日,78
2023/2/21,[情報] 3037欣興第四季財報,27
2023/2/21,[情報] 0221 上市櫃外資投信同買排行,1
2023/2/21,[情報] 3037 欣興 111年股利分派,42
2023/2/21,[新聞] 微軟與任天堂簽署10年使命召喚遊戲授權,12
2023/2/21,[新聞] 臺慶科車用添新動能 取得陸系電動車電,34
2023/2/21,[標的] UNG 定期定額天然氣,12
2023/2/21,[請益] 想請問關於本益比和殖利率,12
2023/2/21,[請益] 有沒有證件照概念股?,22
2023/2/21,[情報] 0221 上市櫃外資投信買超金額排行,2
2023/2/21,[新聞] 網家去年每股虧0.42元　詹宏志：競爭者比,27
2023/2/21,[新聞] 快訊／張國煒將現身！　玉山星宇航空聯,100
2023/2/21,[新聞] 星宇航空高層家眷擬賣自家股票163張　2,87
2023/2/21,[新聞] 創新板添新成員 虎航上市案過關,3
2023/2/21,[情報] 2646 星宇航空 董事會決議辦理現增發股,100
2023/2/21,[情報] 112/02/21 八大公股銀行買賣超排行,9
2023/2/21,[標的] 9940信義,17
2023/2/21,[情報] 2646 星宇航空 第一次處置,60
2023/2/21,[新聞] 星宇跌到31元！他見1警訊25張全賣,-10
2023/2/21,[情報] 2739 寒舍 112年1月自結0.81元,6
2023/2/21,[情報] 3558神準 112年1月自結1.2元,9
2023/2/21,[新聞] 國票金：子公司國際票券不配股利,100
2023/2/21,[新聞] 美國經濟不衰退 對金融市場反而是利空,24
2023/2/21,[創作] 星宇飛機 (心情電梯),19
2023/2/21,[新聞] 光寶去年每股賺6.19元 第4季配3元現金股,24
2023/2/21,[情報] 0221 上市外資買賣超排行,77
2023/2/21,[情報] 8044 PCHome 現金增資基準日及相關事宜,15
2023/2/21,[新聞] 聯準會恐升息到8%？總經專家拋震撼彈：這,100
2023/2/21,[情報] 0221 上市投信買賣超排行,26
2023/2/21,[情報] 112年02月21日 櫃買法人買賣金額統計表,9
2023/2/21,[情報] 112年02月21日 三大法人買賣金額統計表,81
2023/2/21,[標的] 8064.TW 東捷 中長線多,8
2023/2/21,[新聞] 上銀業績疲弱卻獲美系外資喊加碼　目標29,10
2023/2/21,Re: [新聞] 失望！玉山金只發0.6元股利今早大跌5%,16
2023/2/21,[情報] M31(6643) 112年1月 EPS-0.3,52
2023/2/21,[創作] 星宇 (冰雨),80
2023/2/21,Re: [新聞] 失望！玉山金只發0.6元股利今早大跌5%,26
2023/2/21,[創作] 留。星宇（改編：流星雨）,12
2023/2/21,[閒聊] 2023/02/21 盤後閒聊,26
2023/2/21,[情報] 8227 巨有科技 112/1月EPS 0.25,15
2023/2/21,[標的] 2461 光群雷,0
2023/2/21,Re: [新聞] TV面板報價3月喊漲 友達、群創營運有望逐,10
2023/2/21,[標的] 瓦城 2729.TW 好多人吃多,14
2023/2/21,Re: [標的] 星宇航空 韭菜多,100
2023/2/21,[新聞] 德微去年EPS 10.26元，擬配發6.7元股利，,9
2023/2/21,[新聞] 玉山金現金殖利率不到1%，不敗教主,14
2023/2/21,[標的]統一實9907~蛋蛋多,6
2023/2/21,[情報] 9904寶成 說明112/02/21媒體報導,14
2023/2/21,Re: [請益] 網紅吸金代操[當事人要澄清謠言很容易吧?],14
2023/2/21,[新聞] 星宇買盤冷靜！股價翻黑失守32元　航空,57
2023/2/21,[新聞] 失望！玉山金只發0.6元股利今早大跌5%,100
2023/2/21,[新聞] 4952 凌通:股利分派[現金:5元],9
2023/2/21,[新聞] 星宇航空繼續飆！今再大漲25％,63
2023/2/21,Re: [標的] 2618.TW 長榮航多，機票變貴，股價暴衝,21
2023/2/21,[新聞] 元晶獲大單 下月出貨,27
2023/2/21,[新聞] 迎第二季高需求 TV面板強力喊漲,12
2023/2/21,[新聞] TV面板報價3月喊漲 友達、群創營運有望逐,32
2023/2/21,[閒聊] 2023/02/21 盤中閒聊,100
2023/2/21,[新聞] 今天美股休市！適逢總統日（Washington's,24
2023/2/20,[情報] 0220 上市櫃外資投信同買排行,2
2023/2/20,[情報] 0220 上市櫃外資投信買超金額排行,0
2023/2/20,[情報] 2/20全市場當沖虧損最多的股票,29
2023/2/20,[新聞] 寶成證實訂單下滑 越南廠將裁員近3000人,60
2023/2/20,[情報] 112年02月20日信用交易統計,32
2023/2/20,[新聞] 世界先進去年營收逾500億 擬配息4.5元,7
2023/2/20,[創作] 廣島之戀,3
2023/2/20,[新聞] 中碳去年每股賺7.33元 擬配息5元,6
2023/2/20,Re: [標的] 6549 景凱 多,12
2023/2/20,[情報] 2646星宇航空明天可能達處置標準,100
2023/2/20,[新聞] FB與IG「藍勾勾」收費新制上路！需符合3,4
2023/2/20,[新聞] 長虹：建商經營 短空長多,15
2023/2/20,[新聞] 雷虎取得陸軍後指部無人機採購契約,16
2023/2/20,Re: [標的] 2646星宇航空 潮牌多,29
2023/2/20,[標的] 口罩解封 醫美4138/1786/6523..可受惠？,27
2023/2/20,[標的] 2618長榮航卑微空~~,63
2023/2/20,[情報] 112/02/20 八大公股銀行買賣超排行,6
2023/2/20,[情報] 2884玉山金現金增資(暫定增資價：20元),100
2023/2/20,[情報] 2884 玉山金股利分配[0.2+0.4],100
2023/2/20,[新聞] 台股庶民指標出爐！近三成民眾想解定存,62
2023/2/20,Re: [標的] 2646星宇航空 潮牌多,25
2023/2/20,[標的] 9802 鈺齊-KY 匡扶大漢多,33
2023/2/20,[新聞] 張國煒單日身價暴漲200億！　星宇今創航,100
2023/2/20,[情報] 2867 三商人壽 現金增資基準日及相關事宜,33
2023/2/20,[情報] 0220 上市外資買賣超排行,37
2023/2/20,[情報] 大立光111年合併財務報告 下半年股利:46元,18
2023/2/20,[新聞] 亞洲藏壽司1月每股盈餘1.11元,37
2023/2/20,Re: [標的] 2646 星宇航空 討論,26
2023/2/20,[情報] 5904寶雅 111年股利分派,15
2023/2/20,[標的] UVXY,7
2023/2/20,[新聞] 風電需求旺，永冠估今年出貨逾20萬頓,12
2023/2/20,[情報] 112年02月20日 櫃買法人買賣金額統計表,15
2023/2/20,[情報] 0220 上市投信買賣超排行,34
2023/2/20,[情報] 112年02月20日 三大法人買賣金額統計表,97
2023/2/20,[新聞] 美光聲明人員精簡不可避免 離職員工曝年,19
2023/2/20,[閒聊] 2023/02/20 盤後閒聊,49
2023/2/20,Re: [標的] 2646 星宇航空 討論,15
2023/2/20,Re: [新聞] 航運、IP股全噴！網嗨「台股強到沒朋友」,10
2023/2/20,[標的] 7516.TW 清境海 冒險多,11
2023/2/20,Re: [標的] 2646 星宇航空 討論,100
2023/2/20,[新聞] 航運、IP股全噴！網嗨「台股強到沒朋友」,14
2023/2/20,Re: [心得] 新手入股市滿3個月戰績,5
2023/2/20,[標的] 2618.TW 長榮航多，機票變貴，股價暴衝,20
2023/2/20,Re: [標的] 2646星宇航空 潮牌多,18
2023/2/20,[標的] 正2 + MMF組合拳多,2
2023/2/20,[新聞] 鴻海自製低軌衛星 今年升空,31
2023/2/20,[標的] 多頭買市值型ETF要買哪檔?,56
2023/2/20,Re: [標的] 2646星宇航空 潮牌多,42
2023/2/20,Re: [標的] 2646星宇航空 潮牌多,36
2023/2/20,[新聞] 美前副總統高爾的投資公司為這理由 出清,22
2023/2/20,[新聞] ChatGPT爆紅拱創意登千金股 下波受惠股,17
2023/2/20,[心得] 新手入股市滿3個月戰績,100
2023/2/20,[新聞] 通膨高漲111年實質經常性薪資負成長創10年,15
2023/2/20,Re: [標的] 2646星宇航空 潮牌多,87
2023/2/20,[閒聊] 2023/02/20 盤中閒聊,100
2023/2/20,[新聞] 法說旺季到 台股強心針,29
2023/2/20,[問卷] (100P+抽獎)純網銀介面與服務黏著度調查,100
2023/2/20,Re: [新聞] 通膨效應 2022Q4美國卡債達9860億 創新高,21
2023/2/19,Re: [新聞] 通膨效應 2022Q4美國卡債達9860億 創新高,4
2023/2/19,[標的] 大盤,94
2023/2/19,[新聞] 通膨效應 2022Q4美國卡債達9860億 創新高,40
2023/2/19,Re: [新聞] 二手車漲價速度創2021年10月以來最快 Fed,2
2023/2/19,[標的] ROBO.US 機器人取代人類 多,9
2023/2/19,Re: [新聞] 二手車漲價速度創2021年10月以來最快 Fed,11
2023/2/19,[標的] SIMO.US 新竹一線IC傳出裁員消息多,31
2023/2/19,[新聞] ChatGPT爆紅 ABF、伺服器板受惠,49
2023/2/19,Re: [心得] 每個月穩定賠錢是不是找到財富密碼了？,4
2023/2/19,[標的] 2646 星宇航空 討論,99
2023/2/19,Re: [新聞] 二手車漲價速度創2021年10月以來最快 Fed,8
2023/2/19,[標的] 2615 萬海 空，今年就算配30塊也沒用,9
2023/2/19,Re: [心得] 每個月穩定賠錢是不是找到財富密碼了？,1
2023/2/19,Re: [請益] 有什麼工具能快速搜出殖利穩的定存股?,33
2023/2/19,Re: [心得] 每個月穩定賠錢是不是找到財富密碼了？,1
2023/2/19,Re: [心得] 每個月穩定賠錢是不是找到財富密碼了？,0
2023/2/19,Re: [新聞] 二手車漲價速度創2021年10月以來最快 Fed,15
2023/2/19,Re: [心得] 每個月穩定賠錢是不是找到財富密碼了？,6
2023/2/19,[標的] 虎航 6757,19
2023/2/19,Re: [心得] 每個月穩定賠錢是不是找到財富密碼了？,15
2023/2/19,Re: [心得] 每個月穩定賠錢是不是找到財富密碼了？,6
2023/2/19,Re: [心得] 每個月穩定賠錢是不是找到財富密碼了？,24
2023/2/19,[新聞] 即刻衝擊！水、電3月拉警報,79
2023/2/19,Re: [新聞] 雖通膨壓力上升 美國1月零售銷售額躍增3%,1
2023/2/19,[新聞] 二手車漲價速度創2021年10月以來最快 Fed,27
2023/2/19,[心得] 02/20~02/24 美股經濟數據&財報行事曆,16
2023/2/19,[新聞] 一周熱門零股 國泰永續高股息 蟬聯第一,44
2023/2/19,Re: [新聞] 台電啟動混氫燃燒 擬混5％氫入天然氣,12
2023/2/19,[新聞] 殖利率超香 貨櫃3雄可撿? 謝金河這樣說,57
2023/2/18,[新聞] 散戶回來了! 1月投資美股超越「迷因股」,22
2023/2/18,[新聞] 運價未見止跌 貨櫃三雄難有表現,23
2023/2/18,[標的] 6761穩得 穩了多,66
2023/2/18,[情報] 4743 合一 公告本公司Bonvadis傷口外用,85
2023/2/18,[新聞] Fed官員紛紛表態繼續升息 美債低頭 美股,29
2023/2/18,Re: [請益] 有什麼工具能快速搜出殖利穩的定存股?,63
2023/2/18,Re: [新聞] 馬斯克警告！ChatGPT對人類文明造成危險,20
2023/2/18,[請益] 實物期貨到期可以去現場交割嗎,30
2023/2/18,Re: [新聞] 愛馬仕去年銷售超強 將再調漲產品售價,100
2023/2/18,Re: [新聞] 台電啟動混氫燃燒 擬混5％氫入天然氣發電,66
2023/2/18,[請益] 有什麼工具能快速搜出殖利穩的定存股?,100
2023/2/18,[標的] 8091翔名該繼續存嗎？,12
2023/2/18,[新聞] 台電啟動混氫燃燒 擬混5％氫入天然氣發電,97
2023/2/18,[新聞] 中國國產Model Y一周兩度漲價 特斯拉上,40
2023/2/18,[新聞] 愛馬仕去年銷售超強 將再調漲產品售價,73
2023/2/18,[新聞] 涉聯合行為 公平會重罰台泥、國產、亞東1,31
2023/2/18,[標的] 星宇航空 韭菜多,59
2023/2/18,Re: [新聞] 實質薪資減幅 十年最大,32
2023/2/18,[心得] 被主力狙擊的我,16
2023/2/18,[新聞] 實質薪資減幅 十年最大,94
2023/2/18,[情報] 國泰台灣5G+(00881)收益分配通知書發放,5
2023/2/18,[情報] 2/13~2/17全市場當沖虧損最多的股票,15
2023/2/18,Re: [標的] 3034.TW 聯詠 討論,9
2023/2/17,[新聞] 索尼表示尚未與台積電談論過興建第二座,47
2023/2/17,[標的] 1101.TW 台泥 吃飽睡好安穩多,42
2023/2/17,[標的] 6577 勁豐 合約多,38
2023/2/17,[新聞] 馬斯克警告！ChatGPT對人類文明造成危險,99
2023/2/17,[新聞] 超羨慕！去年海運業平均年薪達245萬,19
2023/2/17,Re: [情報] 2409友達 2022 EPS-2.39,0
2023/2/17,[情報] 0217 上市櫃外資投信同買排行,1
2023/2/17,[情報] 112年02月17日信用交易統計,43
2023/2/17,[標的] 2646 星宇航空 躺著賺錢好簡單多,44
2023/2/17,[情報] 0217 上市櫃外資投信買超金額排行,0
2023/2/17,[標的] 3034.TW 聯詠 討論,0
2023/2/17,Re: [標的] 2646星宇航空 潮牌多,9
2023/2/17,Re: [標的] 2646星宇航空 潮牌多,12
2023/2/17,Re: [標的] 2754 亞洲藏壽司 無嘴貓多,20
2023/2/17,[標的] 6695  芯鼎 995多,15
2023/2/17,[新聞] Fed鷹王支持3月升2碼 終點利率5.375%,95
2023/2/17,Re: [標的] 2646星宇航空 潮牌多,63
2023/2/17,[情報] 112/02/17 八大公股銀行買賣超排行,7
2023/2/17,[創作] 泡沫,8
2023/2/17,[情報] 2323中環代子公司取得長榮股票,82
2023/2/17,[新聞] 華邦電估記憶體第1季落底 供過於求下半年,27
2023/2/17,[情報] 0217 上市外資買賣超排行,48
2023/2/17,[標的] 洛碁8077  老狗沒有新把戲 多,6
2023/2/17,[標的] 6285啟碁 多多 長期多,47
2023/2/17,[標的] 6869 雲豹能源 零股多,11
2023/2/17,Re: [標的] 2646星宇航空 潮牌多,44
2023/2/17,[情報] 2450神腦 111年度財報及股利分派,16
2023/2/17,[情報] 112年02月17日 櫃買法人買賣金額統計表,9
2023/2/17,Re: [標的] 2646星宇航空 潮牌多,43
2023/2/17,[情報] 日本Cover株式會社準備上市,91
2023/2/17,[情報] 112年02月17日 三大法人買賣金額統計表,78
2023/2/17,[新聞] 聯詠打進蘋果供應鏈　郭明錤：iPhone訂,24
2023/2/17,[情報] SCFI 20230217 974.66 -20.5 - 2%,55
2023/2/17,[情報] 0217 上市投信買賣超排行,23
2023/2/17,[創作] 江南,18
2023/2/17,[新聞] 幫你讀懂經濟學人　印度阿達尼集團陷債,2
2023/2/17,[新聞] 臺慶科布局特殊新產品 搶攻網通、車用,36
2023/2/17,Re: [心得] 感謝護國神山，開工大紅包,31
2023/2/17,[標的] 00680L 元大美債20年 正二,47
2023/2/17,[閒聊] 2023/02/17 盤後閒聊,100
2023/2/17,[新聞] 大摩看衰景碩業績 目標價下調至77元,39
2023/2/17,Re: [標的] 理財型房貸選標的,8
2023/2/17,[標的] 1218.TW 泰山 多,12
2023/2/17,[新聞] 永豐金證攜手IB盈透證券 優化複委託服務,23
2023/2/17,[標的] 2450神腦 多多多 長期多 忘記買股多,22
2023/2/17,Re: [標的] 2206三陽工業省油多更多,13
2023/2/17,[標的] 2206三陽工業省油多更多,26
2023/2/17,[新聞] 蒙格：中侵台風險低，台積電為地表最強半,20
2023/2/17,Re: [新聞] 撐不住了？傳蘋果悄悄與數百家承包商解約,7
2023/2/17,[新聞] 撐不住了？傳蘋果悄悄與數百家承包商解約,43
2023/2/17,[情報] 2646星宇航空 澄清媒體報導,33
2023/2/17,Re: [標的] 理財型房貸選標的,8
2023/2/17,Re: [標的] 2646星宇航空 潮牌多,70
2023/2/17,[閒聊] 2023/02/17 盤中閒聊,100
2023/2/17,[新聞] Google 員工新任務！傳皮查伊要 Google,45
2023/2/17,[新聞] 擔心Fed再升息！美股受壓　道指跌431點,69
2023/2/17,Re: [新聞] PC晶片需求好轉得再等 分析師：先別買AMD,0
2023/2/17,Re: [標的] 2646星宇航空 潮牌多,20
2023/2/17,[新聞] 郭哲榮：巴菲特賣台積電後，他的一句話，,16
2023/2/17,[新聞] 彩晶董座焦佑麒砸近1.7億 回補自家股票,27
2023/2/16,[活動] 2022 年報（內含請益）,58
2023/2/16,[請益] 歐股憑什麼又創歷史新高,50
2023/2/16,[新聞] 不滿對台軍售 中國制裁洛克希德馬丁與雷,84
2023/2/16,[新聞] 美銀美林調查：經理人悲觀程度減輕 資金,0
2023/2/16,[新聞] 蘋果獨占全球手機市場85%利潤 頂級旗艦機,6
2023/2/16,[新聞] 股債趨穩助銀行股獲利，今年有看頭,11
2023/2/16,[情報] 美國一月PPI公布,100
2023/2/16,[情報] 112年02月16日信用交易統計,5
2023/2/16,[情報] 6202盛群 111年EPS 4.89,5
2023/2/16,[情報] 4919新唐 111年 EPS 10.06,5
2023/2/16,[情報] 2344華邦電 111年EPS 3.25,11
2023/2/16,[新聞] 存股族不用哭了！金控今年發股利不受限,14
2023/2/16,[新聞] 被動元件落底訊號浮現，族群股,15
2023/2/16,Re: [新聞] 張忠謀批天真 美官員：大家拭目以待,41
2023/2/16,[新聞] 星宇股價4天飆漲54.8%　張國煒身價暴增1,71
2023/2/16,[標的] 理財型房貸選標的,20
2023/2/16,[新聞] 美國晶片與科學法案細則將出爐，南韓三星,28
2023/2/16,Re: [標的] 2471 資通  多,9
2023/2/16,[標的] 00878的五檔是有什麼問題?,30
2023/2/16,[標的] 長榮航2618 華航2610  籌碼多,17
2023/2/16,[情報] 112/02/16 八大公股銀行買賣超排行,8
2023/2/16,[情報] 2323 中環 子公司處分長榮海運股票,58
2023/2/16,[情報] 0216 上市櫃外資投信同買排行,2
2023/2/16,[情報] 0216 上市櫃外資投信買超金額排行,3
2023/2/16,"[新聞] 去年中國超過5,700家晶片公司消失",34
2023/2/16,[新聞] 大利多！今年金控公司資本公積發股息,30
2023/2/16,[新聞]將談判海運費率砍半Costco預告商品可望降,65
2023/2/16,[情報] 0216 上市外資買賣超排行,52
2023/2/16,[標的] 6187萬潤,27
2023/2/16,[新聞] 美國人還在花錢 全球「股」漲叫好,31
2023/2/16,[情報] 112年02月16日 櫃買法人買賣金額統計表,25
2023/2/16,[情報] 0216 上市投信買賣超排行,17
2023/2/16,[情報] 112年02月16日 三大法人買賣金額統計表,53
2023/2/16,Re: [標的] CDNS.US Cadence 電子設計自動化多,11
2023/2/16,[創作]飆股錯過(告五人-愛人錯過),18
2023/2/16,[閒聊] 2023/02/16 盤後閒聊,100
2023/2/16,[新聞] PC晶片需求好轉得再等 分析師：先別買AMD,40
2023/2/16,[新聞] 利空就是買點？面板三虎卯漲,32
2023/2/16,[新聞] 台股反彈行情恐近尾聲 法人示警建議續抱,29
2023/2/16,Re: [請益] 這波修正 各位有抗跌神股嗎（寶雅全數出清）,22
2023/2/16,[心得] 00692 & 00850 與 00923差異性,20
2023/2/16,[新聞] 張忠謀批天真 美官員：大家拭目以待,100
2023/2/16,[新聞] 逾2千億聯邦計畫助攻 特斯拉將開放美國充,12
2023/2/16,[新聞] 星宇帶航空起飛「還會回疫情前價位」？,64
2023/2/16,Re: [標的] 2646星宇航空 潮牌多,97
2023/2/16,[公告] 0216 警告 水桶 多人,9
2023/2/16,[新聞] 00878除息熱！開盤一小時爆8萬張大量 規,51
2023/2/16,[新聞] 〈焦點股〉航空三雄掀比價效應 星宇股價,8
2023/2/16,[新聞] 股神副手孟格：台積電地表最強半導體公司,55
2023/2/16,[新聞] 貨櫃運價 較去年高點跌85％,17
2023/2/16,Re: [請益] 有哪些低調的觀光、食品餐廳概念股?,17
2023/2/16,[新聞] 叩關FDA再碰壁！泰福-KY相似藥TX 01藥證,15
2023/2/16,[新聞] 定期定額戶數 國泰永續高股息(00878)搶鏡,14
2023/2/16,[新聞] 歐洲議會通過歷史性協議 2035年完全停售,27
2023/2/16,[閒聊] 2023/02/16盤中閒聊,100
2023/2/16,[新聞] 澳豐基金爆雷 多家企業曝險,24
2023/2/16,Re: [請益] 為什麼巴爺爺賣TSM會影響今日台股？,15
2023/2/15,Re: [新聞] 泰山持續過招 杜英達、陳敏薰聲明這一點,12
2023/2/15,[公告] 02/15 處置公告,7
2023/2/15,[新聞] 美光「優離」裁員祭9個月補助 勞工局：,47
2023/2/15,[請益] 公司的管理是不是真的對營運有致命影響,9
2023/2/15,[新聞] 雖通膨壓力上升 美國1月零售銷售額躍增3%,58
2023/2/15,[情報] 112年02月15日信用交易統計,17
2023/2/15,[情報] 2/15全市場當沖虧損最多的股票,6
2023/2/15,Re: [新聞] 股神巴菲特之威 台積ADR盤前飆破10％,26
2023/2/15,[新聞] 外資報告》里昂看好聯詠 有望進蘋果供應,8
2023/2/15,[標的] 2330台積電 空，巴菲特空方缺口！,58
2023/2/15,[新聞] 震驚法人圈！致伸突宣布董座辭職、股東會,38
2023/2/15,[情報] 0215 上市櫃外資投信同買排行,1
2023/2/15,Re: [新聞] 股神砍台積電ADR達86％ 統神直言巴菲特是,1
2023/2/15,[新聞] 賺政策紅利！華航3月起香港增班3成,7
2023/2/15,[情報] 1101 台泥 第5次買回庫藏股執行情形,8
2023/2/15,[情報] 112/02/15 八大公股銀行買賣超排行,7
2023/2/15,Re: [新聞] 股神砍台積電ADR達86％ 統神直言巴菲特是,3
2023/2/15,[新聞] 三星等三家報價已降 台積電等私下給予部,32
2023/2/15,[情報] 4904遠傳 111年財務報告及股利分派[3.25],10
2023/2/15,[新聞] 買不到就偷！ASML指控中國前僱員盜取數,18
2023/2/15,[新聞] 股神大賣台積 老謝這樣預言 網虧反指標,20
2023/2/15,[新聞] 2利多支撐 華爾街高管：對美國軟著陸更,7
2023/2/15,[新聞] 巴菲特重砍台積電！她：要說謝謝,81
2023/2/15,[情報] 0215 上市櫃外資投信買超金額排行,2
2023/2/15,Re: [新聞] 股神砍台積電ADR達86％ 統神直言巴菲特是,26
2023/2/15,Re: [標的] 00757  FANG+ ETF ChatGPT長線多,7
2023/2/15,[情報] 0215 上市外資買賣超排行,57
2023/2/15,[情報] 112年02月15日 櫃買法人買賣金額統計表,9
2023/2/15,[情報] 0215 上市投信買賣超排行,24
2023/2/15,[新聞] 泰山持續過招 杜英達、陳敏薰聲明這一點,26
2023/2/15,[情報] 112年02月15日 三大法人買賣金額統計表,82
2023/2/15,[新聞] 驚！長榮航班駕駛艙玻璃破裂仍繼續飛,84
2023/2/15,[標的] 00757  FANG+ ETF ChatGPT長線多,40
2023/2/15,[閒聊] 2023/02/15 盤後閒聊,61
2023/2/15,Re: [新聞] 郭哲榮：情人節過後 台股出現「巴菲特加,23
2023/2/15,[情報] 4744 皇將 重大訊息記者會新聞稿[收購],8
2023/2/15,[新聞] 老虎全球Q4清倉台積電ADR 減持微軟 新增,100
2023/2/15,[請益] 興櫃的交易方式真的不適合上市櫃嗎,37
2023/2/15,[新聞] 台積再報喜 代工Google資料中心處理器,79
2023/2/15,[新聞] Fed今年至少還會升息兩次,18
2023/2/15,Re: [標的] 2330.TW 台積電 除息錢不多,0
2023/2/15,[情報] 花旗：半導體業下半年溫和復甦首選台積,25
2023/2/15,[標的] 達爾膚6523 解封愛面子多,21
2023/2/15,[新聞] 2023存股優化 陳重銘:可考慮股債雙存,-10
2023/2/15,[新聞] 法人：巴菲特賣錯台積電ADR持股　股價拉,99
2023/2/15,[新聞] 網家3／11關閉PChomeSEA,28
2023/2/15,Re: [新聞] 股神砍台積電ADR達86％ 統神直言巴菲特是,11
2023/2/15,Re: [請益] 巴菲特隔季大賣台積電 不是跟他講過的話,9
2023/2/15,[標的] 2330.TW 台積電 韭菜爺爺多,16
2023/2/15,[標的] 6191.TW 精成科 價值多,6
2023/2/15,[新聞] 股神砍台積電ADR達86％ 統神直言巴菲特是,100
2023/2/15,[請益] 非交易時間賣出問題,16
2023/2/15,Re: [情報] 股神巴菲特波克夏2022Q4減持台積電86.19%,31
2023/2/15,[請益] 巴菲特隔季大賣台積電 不是跟他講過的話,100
2023/2/15,Re: [情報] 股神巴菲特波克夏2022Q4減持台積電86.19%,5
2023/2/15,Re: [標的] Nasdaq 或許有嚇啞的逆襲,0
2023/2/15,[新聞] 巴菲特買台積電一定放很多年！謝金河 202,100
2023/2/15,[新聞] 歐洲議會通過 2035年起禁售化石燃料新車,40
2023/2/15,[新聞] 群創慘淡 去年虧損279億,21
2023/2/15,[閒聊] 2023/02/15盤中閒聊,82
2023/2/15,[新聞] 台積電董事會通過 增資亞利桑那子公司上,38
2023/2/15,Re: [情報] 股神巴菲特波克夏2022Q4減持台積電,2
2023/2/15,[情報] 股神巴菲特波克夏2022Q4減持台積電86.19%,100
2023/2/15,[情報] 2062 橋椿 112年第四季自結,13
2023/2/15,[新聞] 大摩、摩通恐怖預言：美股現在就是高點,44
2023/2/14,[新聞] 美國元月CPI高於預估 利率將更高更久,9
2023/2/14,Re: [標的] 日圓/大盤 短空長多,7
2023/2/14,[新聞] 美國1月CPI年增6.4% 降溫速度趨緩,50
2023/2/14,Re: [情報] 1月美國CPI,21
2023/2/14,[新聞] 美銀調查：基金經理人逐漸減持現金 增加,5
2023/2/14,[新聞] 郭哲榮：情人節過後 台股出現「巴菲特加,76
2023/2/14,[情報] 112年02月14日信用交易統計,12
2023/2/14,[情報] 1月美國CPI,100
2023/2/14,[新聞] 電視面板Q2大追單 報價可望提早反彈,34
2023/2/14,[情報] 5371中光電2022 EPS 6.03,6
2023/2/14,[情報] 2337旺宏2022 EPS 4.85,13
2023/2/14,[新聞] 回補！臺企銀、元大金等13檔有法人加持,15
2023/2/14,[情報] 台積電2022年財務報告暨股利分派,41
2023/2/14,[新聞] 避險基金橋水上季轉進金融股 晶片股賣得,7
2023/2/14,[新聞] 超羨慕！台積電分紅每人約187萬元、全年,18
2023/2/14,[心得] 一個檔次就回本的價格區間,39
2023/2/14,[情報] 0214八大公股銀行買賣超排行,4
2023/2/14,[情報] 4744 皇將(上櫃) 112/02/15起暫停交易,9
2023/2/14,[情報] 0214 上市櫃外資投信同買排行,1
2023/2/14,[新聞]  小股東哭哭？京城銀行現金股息將縮水,82
2023/2/14,[新聞] 長榮航太員工修飛機8米高墜落昏迷　勞檢,31
2023/2/14,[情報] 0214 上市櫃外資投信買超金額排行,4
2023/2/14,Re: [標的] 00878 為什麼這麼熱門?,31
2023/2/14,[情報] 0214 上市外資買賣超排行,20
2023/2/14,[情報] 112年02月14日 櫃買法人買賣金額統計表,14
2023/2/14,[情報] 群創2022年第四季財務報告 全年EPS:-2.76,63
2023/2/14,[情報] 0214 上市投信買賣超排行,17
2023/2/14,[情報] 112年02月14日 三大法人買賣金額統計表,43
2023/2/14,[情報] 2023年01月ETF內扣費用率(規模較大的ETF),48
2023/2/14,[閒聊] 2023/02/14 盤後閒聊,100
2023/2/14,[標的] 長榮航 跌不下去嘎空多 跟著星宇多,46
2023/2/14,[新聞] 歲修、匯損影響，保瑞自結去年11~12月EPS,6
2023/2/14,[請益] 有哪些低調的觀光、食品餐廳概念股?,99
2023/2/14,[情報] 小摩：ABF下半年有望復甦 看好欣興,27
2023/2/14,Re: [新聞] 半導體市況低迷 全球封測二哥上海廠停工,1
2023/2/14,[標的] 6703軒郁 口罩解禁多多,23
2023/2/14,Re: [請益] 為什麼正2股東人數很少?,27
2023/2/14,[新聞] 長賜輪擱淺案馬士基提告求償 長榮：責任,20
2023/2/14,[新聞] 欣興:本公司以股份轉換方式取得旭德科技,3
2023/2/14,[標的] 3147 大綜 AI大家一起來,68
2023/2/14,[新聞] 半導體市況低迷 全球封測二哥上海廠停工,28
2023/2/14,[閒聊] 2023/02/14盤中閒聊,100
2023/2/14,[標的] PLTR.US  Palantir財報,22
2023/2/14,[標的] 大盤討論,20
2023/2/14,[標的] TSLA.US 拯救推進器多,10
2023/2/13,Re: [標的] DJI 道瓊  高處沒有不勝寒,5
2023/2/13,[新聞] 878棄息？外資連砍5萬張 金融股重獲青睞,27
2023/2/13,[情報] 2/13 全市場當沖虧損最多的股票,17
2023/2/13,[新聞] 億光：撤回對亞馬遜美國專利侵權訴訟,11
2023/2/13,[創作] 涼涼,4
2023/2/13,[新聞] 小摩：當前美股行情「很可能是2023年的最,52
2023/2/13,[情報] 112年02月13日信用交易統計,10
2023/2/13,[新聞] 看好AI熱潮 大摩點名台積電等20檔個股,4
2023/2/13,[情報] 0213 上市櫃外資投信同買排行,0
2023/2/13,Re: [新聞] 挑戰Google霸主地位 微軟整合ChatGPT推AI,38
2023/2/13,[新聞] 國巨目標價 高盛看900元「首選買進清單」,21
2023/2/13,[標的] 6443元晶 佈局限電題材股,12
2023/2/13,[情報] 1101 台泥 買回庫藏股金額達三億元以上,6
2023/2/13,[新聞] 微軟 Bing 結合 ChatGPT 一出即爆，下載,18
2023/2/13,[情報] 0213 上市櫃外資投信買超金額排行,0
2023/2/13,[新聞] 獨家》台灣美光今續裁員 半強迫員工簽合,77
2023/2/13,[情報] 6757 虎航 現金增資基準日及相關事宜,8
2023/2/13,[情報] 0213八大公股銀行買賣超排行,9
2023/2/13,[新聞] 情人節概念股發威 藏壽司漲停 王品、瓦城,51
2023/2/13,[情報] 3189 景碩 111年度合併財務報告,7
2023/2/13,[新聞] 三星殺價1成搶訂單！聯電、世界先進傳「,28
2023/2/13,[情報] 巨有科技(8227)111/12月EPS-0.41,35
2023/2/13,[新聞] 丁特戰勝遊戲橘子！官司纏身一年 法院宣,77
2023/2/13,[新聞] 股民注意!00878配息出爐 2/15最後買進日,49
2023/2/13,[情報] 1101 台泥 112年1月營收,25
2023/2/13,[新聞] 2023年存債概念發酵 法人：A級金融債ETF,32
2023/2/13,[情報] 0213 上市外資買賣超排行,40
2023/2/13,[情報] 112年02月13日 櫃買法人買賣金額統計表,14
2023/2/13,[標的] 00878 為什麼這麼熱門?,100
2023/2/13,[情報] 0213 上市投信買賣超排行,23
2023/2/13,[新聞] 魏哲家沒出手！台積電元月高層加碼趨緩,41
2023/2/13,[情報] 112年02月13日 三大法人買賣金額統計表,48
2023/2/13,[閒聊] 2023/02/13 盤後閒聊,30
2023/2/13,[新聞] 張國煒鬆口氣 星宇元月開始賺錢了,80
2023/2/13,[情報] 台泥 針對土耳其6日大地震啟動員工安置,7
2023/2/13,[新聞] 生成式 AI 大爆發，NVIDIA GPU 恐供不應,60
2023/2/13,Re: [請益] 為什麼正2股東人數很少?,100
2023/2/13,Re: [新聞] AI概念股 躍投資新亮點,6
2023/2/13,[新聞] 回不去了 國內蛋價今漲2元重回歷史高點,37
2023/2/13,[標的] 5222 全訊 軍工股,27
2023/2/13,[新聞] AI概念股 躍投資新亮點,15
2023/2/13,[新聞] 華孚1月EPS 0.2元，獲利年增逾87%,6
2023/2/13,Re: [標的] Google.US  鮑爾爺爺的隱憂,10
2023/2/13,[新聞] 多路並進 創惟大啖Type-C商機,12
2023/2/13,Re: [新聞] 超級賺！Tesla賣一輛車的獲利是Toyota的5,15
2023/2/13,[閒聊] 2023/02/13 盤中閒聊,74
2023/2/13,[新聞] 晶圓代工殺價戰 開打,64
2023/2/13,[標的] SOXS.US 軋空可能性討論,0
2023/2/13,Re: [標的] Google.US  鮑爾爺爺的隱憂,19
2023/2/12,[標的] 泰山 公司派心裡想法,9
2023/2/12,[新聞] 融券回補潮 引爆軋空行情,64
2023/2/12,[新聞] 外資今年回補台股2449億 投顧：僅冰山一,13
2023/2/12,Re: [標的] Google.US  鮑爾爺爺的隱憂,1
2023/2/12,[新聞] 超級賺！Tesla賣一輛車的獲利是Toyota的5,69
2023/2/12,[新聞] Fed官員暗示 明年可能降息,99
2023/2/12,[標的] 1210.TW 大成 漲價買不到雞蛋多,20
2023/2/12,Re: [標的] Google.US  鮑爾爺爺的隱憂,18
2023/2/12,[標的] 2754 亞洲藏壽司 無嘴貓多,26
2023/2/12,[新聞] 回應氣球事件 美將六家中企列貿易黑名單,9
2023/2/12,Re: [標的] Google.US  鮑爾爺爺的隱憂,5
2023/2/12,[情報] 6269台郡 111年 EPS10.83 股利5,40
2023/2/12,[標的] 4180.TYO Appier 沛星人工智慧,16
2023/2/12,[標的] 2732六角引進韓雞多,41
2023/2/12,[新聞]美股Q4財報季傳噩耗美企盈利兩年來首度負,25
2023/2/12,[新聞] 美2月密大消費者信心創逾1年新高 短期通,51
2023/2/12,[新聞] 特斯拉爭氣！馬斯克今年身價增加1.2兆,11
2023/2/12,[新聞] 八方雲集股價翻倍！謝金河曝關鍵,29
2023/2/12,[請益] 為什麼正2股東人數很少?,98
2023/2/12,[標的] 2753八方雲集，股價即將觸頂反轉！,21
2023/2/12,[標的] Google.US  鮑爾爺爺的隱憂,6
2023/2/12,[標的] 鴻海 多,51
2023/2/12,[標的] JNJ-US 多,2
2023/2/12,[標的] 有什麼標的是營收一直年增的嗎?,60
2023/2/12,[標的] 合晶6182 多,13
2023/2/12,[心得] 02/13~02/17 美股經濟數據&財報行事曆,13
2023/2/12,[新聞] 華航1月營收寫1年來高點 長榮航客運業績,15
2023/2/12,[新聞] Meta 計劃下一波裁員,51
2023/2/12,[新聞]季節指標修訂美國12月CPI月增率由下降修正,27
2023/2/12,Re: [新聞] 專騙中國人！傲利資本創辦人：我不騙你們,15
2023/2/11,[新聞] 電商雙雄1月營收兩樣情！ 網家年減16.76%,98
2023/2/11,[新聞] 高盛上調台積電目標價 喊708元,99
2023/2/11,[新聞] 專騙中國人！傲利資本創辦人：我不騙你們,100
2023/2/11,Re: [新聞] 俄羅斯每日減產50萬桶 油價飆 通膨再,6
2023/2/11,Re: [新聞] 00878是垃圾？網分析X元以下買暫時很穩,7
2023/2/11,Re: [新聞] 00878是垃圾？網分析X元以下買暫時很穩,16
2023/2/11,[標的] 現在做空餐飲類股會很傻嗎？,35
2023/2/11,[請益] 前十大股東持股明細,5
2023/2/11,[情報] 3564 其陽 1月營收（迷你FJ精選30成份股,33
2023/2/11,[新聞] 散戶多頭信心飆至1年高 專家示警反彈到頭,60
2023/2/11,Re: [新聞] 00878是垃圾？網分析X元以下買暫時很穩,47
2023/2/11,[新聞] 美光證實裁員 經部：在台投資計畫未變動,31
2023/2/11,[情報] 1810 和成 112年1月營收,7
2023/2/11,[標的] TLT SQQQ,33
2023/2/11,[新聞] 貨櫃三雄1月營收 年減皆超過5成,46
2023/2/11,Re: [新聞] 俄羅斯每日減產50萬桶 油價飆 通膨再起,35
2023/2/11,Re: [情報] 高端疫苗1月收入 0仟元,0
2023/2/11,Re: [心得] 本韭菜的這幾年股市操作心得及經驗,8
2023/2/11,Re: [標的] DJI 道瓊  高處沒有不勝寒,7
2023/2/11,[新聞] 一周熱門零股 國泰永續高股息 人氣火,24
2023/2/11,[情報] 2/6~2/10全市場當沖虧損最多的股票,6
2023/2/11,[新聞] 俄羅斯每日減產50萬桶 油價飆 通膨再起,62
2023/2/10,[新聞] 00878是垃圾？網分析X元以下買暫時很穩,29
2023/2/10,[情報] 0210 上市櫃外資投信同買排行,0
2023/2/10,[情報] 6640均華112年1月營收,3
2023/2/10,Re: [請益] 美國公司債目前是好標的？,7
2023/2/10,Re: [情報] 高端疫苗1月收入 0仟元,100
2023/2/10,[情報] 112年02月10日信用交易統計,7
2023/2/10,[情報] 0210 上市櫃外資投信買超金額排行,0
2023/2/10,[情報] 江申112年1月合併營收1.26億元年增57.31%,3
2023/2/10,[情報] 9941 裕融 1月自結1.11,8
2023/2/10,[心得] 新手小弟還在找浮板的股市經驗談,16
2023/2/10,Re: [標的] AAPL.US 蘋果 三日短空,7
2023/2/10,[新聞] 華航1月營收雙增 客運收入年增逾12倍,0
2023/2/10,[標的] 請問為何橡膠類股這幾年一直往下,43
2023/2/10,[新聞] 不需悲觀！製造業PMI持續緊縮 學者看到好,0
2023/2/10,[標的] 3454 晶睿盡出 小買認售 以小博大,3
2023/2/10,[心得] 本保羅的這幾年股市操作心得及經驗分享,-10
2023/2/10,[情報] 3045 台灣大 112年1月營收,18
2023/2/10,[情報] 0210八大公股銀行買賣超排行,11
2023/2/10,[情報]6757 台灣虎航112年1月營收,11
2023/2/10,[創作] 莎喲娜啦,3
2023/2/10,[情報] 112年【1月金控含銀行】累績EPS排行,49
2023/2/10,[情報] 2897 王道銀行 1月自結0.11,17
2023/2/10,Re: [情報] 長榮1月營收 月減9.96%年減53.83%,54
2023/2/10,Re: [情報] 2615萬海1月營收 mom-17.1% yoy-70.7%,5
2023/2/10,[新聞] 雅虎年底前裁員20% GitLab宣布砍7%人力,5
2023/2/10,[新聞] 前Fed總裁：美國經濟軟著陸的可能性不大,27
2023/2/10,[情報] 長榮航 1月營收 151.79E 年增月增,30
2023/2/10,[情報] 2501.tw國建 一月營收,26
2023/2/10,[情報] 112年【1月份金控股】EPS排名(全已公布),44
2023/2/10,[情報] 長榮1月營收 月減9.96%年減53.83%,100
2023/2/10,[情報] 2882 國泰金 1月自結0.11,47
2023/2/10,[情報] 2454聯發科 1月營收,100
2023/2/10,[情報] 生達1720、敦陽科2480、邦特4107 1月營收,5
2023/2/10,Re: [情報] 2615萬海1月營收 mom-17.1% yoy-70.7%,7
2023/2/10,[情報] 華航 1月營收 149.78億 年增5.08% 月增5.6%,18
2023/2/10,[情報] 2881 富邦金 1月自結0.49,45
2023/2/10,[標的] 2618長榮航 沒有夢想空,11
2023/2/10,[情報] 6721信實 112年1月營收,3
2023/2/10,[情報] 高端疫苗1月收入 0仟元,100
2023/2/10,[情報] 3207 耀勝 112年1月營收,9
2023/2/10,[情報] 1795美時 112年1月營收,11
2023/2/10,[情報] 0210 上市外資買賣超排行,22
2023/2/10,[情報] 1432大魯閣1月營收  月增19.3%,11
2023/2/10,[情報] 2615萬海1月營收 mom-17.1% yoy-70.7%,57
2023/2/10,[新聞] 星宇航空1月營收15.23億元 年增逾12倍,7
2023/2/10,[新聞]  AMD 奪 CPU 市占擴大至近 33%，英特爾喊,15
2023/2/10,[情報] 112年02月10日 櫃買法人買賣金額統計表,10
2023/2/10,[新聞] 快訊：植田和男或出任日本央行行長,21
2023/2/10,[情報] 7584樂意 112年1月營收,16
2023/2/10,[情報] R:和潤企業112年1月營收 月減0.38%年增19,0
2023/2/10,[情報] 3162精確112年1月營收,7
2023/2/10,[情報] 2745五福 112年1月營收,5
2023/2/10,[情報] 2646星宇航空 1月營收 月增57.74%,35
2023/2/10,[情報] 112年02月10日 三大法人買賣金額統計表,51
2023/2/10,[情報] 9940信義 112年1月營收,7
2023/2/10,[情報] SCFI 20230210 995.16 - 11.73 -1%,67
2023/2/10,[情報] 5871中租-KY 112年1月營收,14
2023/2/10,[情報] 0210 上市投信買賣超排行,9
2023/2/10,[請益] U.S.公債殖利率對股市影響,12
2023/2/10,[情報] 8299群聯 1月營收 月減28%,17
2023/2/10,[情報] 2388威盛1月營收 mom-14.31% yoy-26.97%,20
2023/2/10,[情報] 3661世芯-KY 112年1月營收,12
2023/2/10,[閒聊] 2023/02/10 盤後閒聊,62
2023/2/10,[新聞] 美光裁員了！開完會瞬間中年失業 辭退過程,64
2023/2/10,[情報] 2379 瑞昱 1月營收月減13.9%,5
2023/2/10,[情報] 八方雲集1月營收 月減0.71%年增6.08%,6
2023/2/10,[情報] 2330台積電 1月營收,100
2023/2/10,Re: [心得] 你身體狀況真的適合當沖嗎？,6
2023/2/10,[新聞] 台郡擬增設海外辦公室 明後年新設廠,11
2023/2/10,[新聞] 中芯國際：顯示驅動IC庫存高達三季,17
2023/2/10,[新聞] 4公股金控1月獲利出爐 年成長均超過2成！,3
2023/2/10,[標的] 2308.TW 台達電低碳討論,14
2023/2/10,[新聞] 八方雲集股價攻240元「創上市新高！」,9
2023/2/10,[新聞] 宏達電VR新品 銷量爆發,17
2023/2/10,Re: [標的] 2453.TW凌群被騙上車,0
2023/2/10,[新聞] 澳洲國防部撤中製監視器 中國外交部批打,20
2023/2/10,[標的] 2453.TW凌群被騙上車,21
2023/2/10,[情報] 0050 2023年1月收益分配,3
2023/2/10,[情報] 聯華食1231、正隆1904、宏全9939 1月營收,6
2023/2/10,[標的] 請問高股息ETF該存00878還是00713,36
2023/2/10,[新聞] 板卡三雄1月業績，微星月增逾7%，華碩度,7
2023/2/10,[情報] 1231聯華食 112年1月營收,5
2023/2/10,[新聞] 不看好？微軟解散成立4個月元宇宙團隊,48
2023/2/10,[標的] 大盤空,63
2023/2/10,[情報] 6176瑞儀1月營收 mom-12.46% yoy-29.20%,7
2023/2/10,[情報] 6670復盛應用1月營收mom-6.09% yoy-10.33%,3
2023/2/10,[新聞] MSCI季調 外資回補台股 高股息ETF拉風,10
2023/2/10,Re: [請益] 三竹海期是不打算修了嗎,8
2023/2/10,Re: [情報] 2603 長榮  12月營收  291.4億,9
2023/2/10,[新聞] MSCI季調 小型指數台股成分股增八方雲集,27
2023/2/10,[閒聊] 2023/02/10盤中閒聊,100
2023/2/10,[標的] 2729瓦城春酒聚餐多,14
2023/2/10,[標的] 定期定額買入股息型ETF 0056 00878,100
2023/2/10,[標的] 2427 三商電 牛肉麵多,76
2023/2/09,[新聞] 認定中華電為市場主導者 NCC研議強化管制,15
2023/2/09,[新聞] iPhone需求下滑？蘋果並不這麼認為,27
2023/2/09,[新聞] 郭哲榮：友達和聯詠「過去不好、未來保守,12
2023/2/09,[新聞] 美退休基金大賣台積ADR 引發市場聯想看壞,14
2023/2/09,[情報] 0209 上市櫃外資投信同買排行,0
2023/2/09,[情報] 0209 上市櫃外資投信買超金額排行,1
2023/2/09,[新聞] 科技業又裁員 Zoom大砍15%人力且CEO減薪,17
2023/2/09,[情報] 美國上週請領失業金人數,56
2023/2/09,[情報] 112年02月09日信用交易統計,19
2023/2/09,[情報] 2/9全市場當沖虧損最多的股票,16
2023/2/09,[新聞] ChatGPT爆紅市場嗨翻！巴隆：當心兩種AI,14
2023/2/09,[標的]  3714富采 .tw 上半年無腦多,6
2023/2/09,[標的] 2412.TW 中華電 討論,25
2023/2/09,[情報] 6128上福112年1月營收,10
2023/2/09,Re: [情報] 2609陽明1月營收 mom-22.2% yoy-64.2,0
2023/2/09,[標的] 2330.TW 台積電能期待13樓嗎,55
2023/2/09,[新聞] 通膨發酵 1月房租飆漲2.44%創26年半最大漲,53
2023/2/09,[情報] 4977 眾達-KY 112年1月營收,10
2023/2/09,[情報] 2883 開發金 1月自結0.04,32
2023/2/09,[情報] 0209八大公股銀行買賣超排行,8
2023/2/09,[請益] KD指標到底是什麼？,100
2023/2/09,[請益] 一月的營收月減多少％是正常的？,22
2023/2/09,[情報] 2845 遠東銀 1月自結0.08,32
2023/2/09,[情報] 2888 新光金 1月自結-0.25,74
2023/2/09,[情報] 4979 華星光 112年1月營收,7
2023/2/09,[情報] 2609陽明1月營收 mom-22.2% yoy-64.2%,100
2023/2/09,[情報] 112年 證券、期貨公司 1月自結 eps,15
2023/2/09,[情報] 6472保瑞 112年1月營收,18
2023/2/09,Re: [新聞] AI爆紅！ChatGPT概念股成追捧焦點　這檔,53
2023/2/09,[情報] 0209 上市外資買賣超排行,48
2023/2/09,[情報] 112年02月09日 櫃買法人買賣金額統計表,8
2023/2/09,[標的] 6112 邁達特 多,6
2023/2/09,[新聞] 〈日月光法說〉去年Q4獲利微降1成 全年EPS 14.53元飆次高,17
2023/2/09,[情報] 敦泰112年1月營收 月減33%年減45%,39
2023/2/09,[情報] 0209 上市投信買賣超排行,26
2023/2/09,[請益] 為什麼榮運顯示的交易量怪怪的？,12
2023/2/09,[情報] 112年02月09日 三大法人買賣金額統計表,50
2023/2/09,[情報] 5880 合庫金 1月自結0.13,8
2023/2/09,Re: [請益] 標的合一4743,-10
2023/2/09,Re: [新聞] AI爆紅！ChatGPT概念股成追捧焦點　這檔,30
2023/2/09,[情報] 2886 兆豐金 1月自結0.29,63
2023/2/09,[新聞] 八方雲集又漲價！四款每顆漲0.3元、兩款,58
2023/2/09,[情報] 8931 大汽電 一月營收 年增65.31%,12
2023/2/09,[情報]和潤企業112年1月營收 月減0.38%年增19.61%,6
2023/2/09,[情報] 3105穩懋Q4 -0.22,30
2023/2/09,[請益] 大家的投資策略,15
2023/2/09,[閒聊] 2023/02/09 盤後閒聊,4
2023/2/09,[情報] 1234黑松 112年1月營收,22
2023/2/09,Re: [新聞] 分析師也要失業了？中國券商實測AI寫報告,4
2023/2/09,[情報] 華南金112年1月份自結盈餘,13
2023/2/09,Re: [新聞] 網家財報公布前拋震撼彈 詹宏志兌現承諾,8
2023/2/09,[情報] 2002 中鋼 1月營收,33
2023/2/09,[新聞] 宏達電：元宇宙是進行式 今年第2季再推新,28
2023/2/09,[標的] 1589 永冠-KY 多,4
2023/2/09,[新聞] 馬斯克將在特斯拉投資人大會公布宏遠規,16
2023/2/09,Re: [標的] 4119 旭富 多,11
2023/2/09,[新聞] 晶睿寫最強1月 專注AI解決方案,12
2023/2/09,[新聞] 大摩：今年營收成長可能放緩 中性看元太,7
2023/2/09,[新聞] 開鍘了！iRent外洩40萬筆個資 重罰20萬,-10
2023/2/09,[新聞] Google聊天機器人答非所問 母公司股價重,42
2023/2/09,[新聞] 晶睿通訊1月合併營業額8.5億元、年增59%,2
2023/2/09,[新聞] 合一榮獲標普全球永續年鑑最佳進步獎,18
2023/2/09,[新聞] 英特爾德國建廠 要求補貼加碼至100億歐,42
2023/2/09,[新聞] 跟著國會議員投資就對了 美國兩檔ETF應運,41
2023/2/09,[情報] 3209 全科 112年1月營收,24
2023/2/09,[情報] 2027 大成鋼 1月營收,18
2023/2/09,[閒聊] 2023/02/09盤中閒聊,34
2023/2/09,[新聞] 迪士尼裁員7000人！　消息一出股價大漲4,22
2023/2/09,[新聞] 2大原因！馬士基看壞今年 獲利恐掉七成,15
2023/2/09,[新聞] AI爆紅！ChatGPT概念股成追捧焦點　這檔,19
2023/2/09,[新聞] 紐約Fed總裁：央行5.1%利率峰值的預測非,3
2023/2/09,Re: [新聞] 分析師也要失業了？中國券商實測AI寫報告,21
2023/2/09,[新聞] 挑戰Google霸主地位 微軟整合ChatGPT推AI,14
2023/2/09,[新聞] Google新AI機械人Bard廣告中錯誤對答,37
2023/2/09,[標的] 大盤/ M頭崩盤/空,80
2023/2/09,[標的] AAPL.US 蘋果 三日短空,2
2023/2/08,Re: [新聞] 迎接疫後觀光潮 航空與旅宿業復甦徵才,0
2023/2/08,[新聞] 美銀：谷歌將成為AI領域霸主 股價有望雙,41
2023/2/08,Re: [新聞] 分析師也要失業了？中國券商實測AI寫報告,18
2023/2/08,[情報] 2/8全市場當沖虧損最多的股票,6
2023/2/08,[新聞] 棚廠訂單能見度滿檔到 5 年後！長榮航太,3
2023/2/08,[新聞] 台灣虎航獲准「創新板」上市！最快8月掛,5
2023/2/08,[新聞] 分析師也要失業了？中國券商實測AI寫報告,65
2023/2/08,[情報] 112年02月08日信用交易統計,23
2023/2/08,[標的] 華景電6788.TW 跟著台積多,8
2023/2/08,[情報] 0208 上市櫃外資投信同買排行,1
2023/2/08,Re: [標的] DJI 道瓊  高處沒有不勝寒,0
2023/2/08,[新聞] 高力1月營收3.21億元、年增逾7成,9
2023/2/08,[新聞] 聯詠谷底已過 8家外資目標價全喊升,47
2023/2/08,Re: [請益] 如何才能買到像3443創意這種飆股,15
2023/2/08,[情報] 0208 上市櫃外資投信買超金額排行,1
2023/2/08,[情報] 0208八大公股銀行買賣超排行,10
2023/2/08,[新聞] 網家財報公布前拋震撼彈 詹宏志兌現承諾,86
2023/2/08,[情報] 2887 台新金 1月自結0.11,32
2023/2/08,[情報] 1788 杏昌現增價125元,3
2023/2/08,[情報] 2731雄獅 112年1月營收,48
2023/2/08,[情報] 2727王品元月營收,13
2023/2/08,[創作] 當我買過它   改編:當我娶過她/莫叫姊姊,7
2023/2/08,[情報] 3037欣興 112年1月營收,57
2023/2/08,Re: [標的] 群創去庫存多,9
2023/2/08,[情報] 112年02月08日 櫃買法人買賣金額統計表,8
2023/2/08,[情報] 0208 上市外資買賣超排行,37
2023/2/08,[新聞] 友達去年少賺1200億！彭双浪：不確定性,28
2023/2/08,[情報] 3357臺慶科 1月營收,32
2023/2/08,[情報] 112年02月08日 三大法人買賣金額統計表,65
2023/2/08,[新聞] 土國強震 台泥 啟動員工安置 財務影響不大,5
2023/2/08,[情報] 0208 上市投信買賣超排行,14
2023/2/08,[新聞] 證交所：台股1月實際交易戶數月減46萬餘,27
2023/2/08,[情報] 元太1月營收 月減17.43%年增9.83%,27
2023/2/08,[情報] 2836高雄銀 一月自結,3
2023/2/08,Re: [請益] 標的合一4743,30
2023/2/08,Re: [情報] 2409友達 2022 EPS-2.39,16
2023/2/08,[情報] 2892 第一金 1月自結0.16,8
2023/2/08,[閒聊] 2023/02/08 盤後閒聊,27
2023/2/08,[情報] 2409友達 2022 EPS-2.39,87
2023/2/08,Re: [標的] 8227巨有科技 ic多,42
2023/2/08,[新聞] Switch銷售疲軟，任天堂調降全年度財測指,74
2023/2/08,Re: [標的] 5516.TW 雙喜 重案組呼叫「做多」,19
2023/2/08,[請益] 十年線需搭配什麼看比較穩,57
2023/2/08,Re: [新聞] 〈正道展望〉拿下馬國車廠專案大單本季出,3
2023/2/08,Re: [標的] 2409 友達 (持續加碼),39
2023/2/08,[標的] 3034.TW 聯詠 心得 (本保羅解套了唷),58
2023/2/08,[新聞] MSCI成分股 創意(3443)有望入列,10
2023/2/08,[情報] 8171 天宇 1月營收,9
2023/2/08,Re: [請益] 還有便宜的台積電可以買嗎,14
2023/2/08,[新聞] Fed主席鮑爾：需要進一步升息,23
2023/2/08,Re: [新聞] 外資狂讚創意 目標價升至「8」字頭,10
2023/2/08,[新聞] 三星尬台積 全線總動員,43
2023/2/08,[新聞] 台泥土耳其3水泥廠 受地震影響無法生產,26
2023/2/08,[心得] 通膨已見頂，股市已見底,31
2023/2/08,[閒聊] 2023/02/08盤中閒聊,75
2023/2/08,[標的] 2723 美食_KY 2727 王品 2732 六角 2753 八方雲集,3
2023/2/08,[情報] Powell談話,87
2023/2/08,[標的] cd pro2 多,9
2023/2/08,[新聞] 生技股捷報頻傳 國光生 國際代工訂單倍,9
2023/2/07,[情報] 2/7全市場當沖成交金額最大的股票,3
2023/2/07,[新聞] 避查帳 377箱資料竟埋荒坡! 中國長方集團,36
2023/2/07,[新聞] Fed官員放鷹 警示終點利率可能高於預期,68
2023/2/07,Re: [新聞] 葉倫：債務上限未調 美國恐陷螺旋式衰退,65
2023/2/07,[情報] 112年02月07日信用交易統計,17
2023/2/07,Re: [標的] 6269.tw台郡 一月營收爆炸多準備賺50,19
2023/2/07,Re: [新聞] 迎接疫後觀光潮 航空與旅宿業復甦徵,0
2023/2/07,[新聞] 迎接疫後觀光潮 航空與旅宿業復甦徵才,0
2023/2/07,[新聞] 防疫保單讓保險業賠爆？ 明台產險賣4棟樓換60億現金,42
2023/2/07,[情報] 3034聯詠 1月營收 年減41.35%,30
2023/2/07,[情報] 群益期（6024）自結112年1月份獲利情形,18
2023/2/07,[情報] 0207八大公股銀行買賣超排行,8
2023/2/07,[新聞] 連五黑！1月出口315.1億美元、年減21.2%,29
2023/2/07,[情報] 2891 中信金1月自結0.13,13
2023/2/07,[新聞] 〈正道展望〉拿下馬國車廠專案大單本季出,3
2023/2/07,[情報] 0207 上市櫃外資投信同買排行,1
2023/2/07,[情報] 聯強2347、零壹3029 一月營收,2
2023/2/07,[情報] 0207 上市櫃外資投信買超金額排行,2
2023/2/07,[情報] 1513 中興電 1月營收,28
2023/2/07,[新聞] 任天堂下修本年度獲利預測 Switch銷售難,44
2023/2/07,Re: [情報] 2603 長榮  12月營收  291.4億,11
2023/2/07,[情報] 2812 台中銀1月自結0.10,28
2023/2/07,[標的] 3034.TW 聯詠 討論,0
2023/2/07,[新聞] 聯詠去年每股賺45.96元 今年第1季營收可,22
2023/2/07,[情報] 0207 上市外資買賣超排行,42
2023/2/07,[情報] 112年02月07日 櫃買法人買賣金額統計表,4
2023/2/07,[情報] 2884 玉山金 1月自結0.19,41
2023/2/07,[新聞] 碳價會壓垮0050高碳股？ 網1招有解,-10
2023/2/07,[情報] 112年02月07日 三大法人買賣金額統計表,49
2023/2/07,[情報] 0207 上市投信買賣超排行,22
2023/2/07,[情報] 6147頎邦 一月營收,32
2023/2/07,[標的] 6569醫揚,7
2023/2/07,[新聞] 手上有40元的兆豐金怎麼辦？他年領500萬,7
2023/2/07,[新聞] 友達、群創本季恐虧百億元,66
2023/2/07,[情報] 2885 元大金 1月自結0.07,30
2023/2/07,[閒聊] 2023/02/07 盤後閒聊,18
2023/2/07,Re: [標的] 請問3545敦泰現在買安全嗎？,6
2023/2/07,[標的] 0050.TW 討論難道不會被傳產連累嗎?,31
2023/2/07,Re: [請益] 雙向借券成功率請教,22
2023/2/07,Re: [標的] 大魯閣(1432)可以買一張等賺紅包嗎?,28
2023/2/07,[新聞] 台積電543元是高點? 杜金龍點名2檔逆風,37
2023/2/07,[心得] 你是你自己最好的老師---談模仿與跟單,12
2023/2/07,[新聞] 美國剛擴大減稅優惠 特斯拉馬上調高Mode,63
2023/2/07,[請益] 雙向借券成功率請教,19
2023/2/07,[新聞] 大魯閣 股東會紀念品行情提前發酵？連飆2,46
2023/2/07,Re: [新聞] 日本壽司郎股價GG！160億日圓蒸發　17歲,3
2023/2/07,[新聞] 金管會前主委陳冲疾呼修證交法　TDR爭議不該再生冤案,7
2023/2/07,[請益] 股票盤後借出後的進出問題,6
2023/2/07,[新聞] 鴻海爆逼退MIH技術長！電車金童遭調職再,100
2023/2/07,[閒聊] 2023/02/07盤中閒聊,98
2023/2/07,Re: [新聞] 美股市場掀起AI炒作盛宴，是投機泡沫還是,7
2023/2/07,[標的] 日圓/大盤 短空長多,11
2023/2/07,[請益] 正二的理論價,19
2023/2/07,Re: [創作]  亞當理論 閱讀心得,6
2023/2/07,Re: [標的] 請問3545敦泰現在買安全嗎？,11
2023/2/07,[請益] 請問美國開始QT了嗎？,46
2023/2/06,[新聞] 高盛看好美股後市 標普500指數上看4300點,8
2023/2/06,[新聞] 中國手機出貨量去年銳減4300萬 創最大跌,33
2023/2/06,[情報] 2/6全市場當沖虧損最多的股票,2
2023/2/06,[請益] 沒收到現金增資通知書(雄獅),8
2023/2/06,[新聞] 外資終結連14買砍貨櫃雙雄、搶進航空雙雄,6
2023/2/06,[情報] 2062橋椿 一月營收,14
2023/2/06,[情報] 112年02月06日信用交易統計,48
2023/2/06,[標的] 請問3545敦泰現在買安全嗎？,44
2023/2/06,[新聞] 美股市場掀起AI炒作盛宴，是投機泡沫還是,36
2023/2/06,[新聞] 〈康舒法說〉ABB電源事業獲利表現優於國,16
2023/2/06,[創作]  亞當理論 閱讀心得,25
2023/2/06,[情報] 5864致和證 2023/1自結0.391 股利0.2+0.2,6
2023/2/06,[情報] 0206八大公股銀行買賣超排行,6
2023/2/06,[情報] 0206 上市櫃外資投信同買排行,1
2023/2/06,[情報] 2801 彰化銀1月自結0.1,8
2023/2/06,Re: [標的] 1795.TW 美時 價值投資多,13
2023/2/06,[情報] 0206 上市櫃外資投信買超金額排行,3
2023/2/06,[情報] 2889國票金 2023/01自結0.06,6
2023/2/06,[情報] 2834 臺企銀1月自結0.16,64
2023/2/06,[情報] 5516.TW 雙喜 1月合併營收,9
2023/2/06,[情報] 3443 創意 一月營收,21
2023/2/06,[新聞] 矽晶圓跌價 三年來首見,27
2023/2/06,Re: [請益] googlefinance()函數請益,24
2023/2/06,[情報] 2890 永豐金1月自結0.14,26
2023/2/06,[情報] 0206 上市外資買賣超排行,47
2023/2/06,[請益] Google Finance是不是不能看台股了,20
2023/2/06,[情報] 112年02月06日 櫃買法人買賣金額統計表,8
2023/2/06,[新聞] 中止連13個月破2百億元 聯電1月營收下滑,28
2023/2/06,[情報] 0206 上市投信買賣超排行,11
2023/2/06,[情報] 112年02月06日 三大法人買賣金額統計表,82
2023/2/06,Re: [情報] 2498宏達電1月營收 mom-58.7% yoy-40,10
2023/2/06,Re: [標的] 2317鴻海 裕隆2201 趨勢就是多,3
2023/2/06,[情報] 2498宏達電1月營收 mom-58.7% yoy-40.2%,100
2023/2/06,[標的] 4904.TW 遠傳 多,35
2023/2/06,[情報] 4763材料-KY 1月營收 mom+7.5% yoy+58.45,5
2023/2/06,[閒聊] 2023/02/06 盤後閒聊,41
2023/2/06,Re: [心得] 只要你一解盤就已經錯了,51
2023/2/06,Re: [心得] 你身體狀況真的適合當沖嗎？,25
2023/2/06,Re: [情報] 2890 永豐金 現增發股(補充 發行價15元),19
2023/2/06,Re: [情報] Meta Q4財報 收入及虧損優於預期,4
2023/2/06,[新聞] 外資報告》高盛：ABF下半年有望復甦,42
2023/2/06,[新聞]  金融業配股有新禁令？金管會澄清,44
2023/2/06,Re: [心得] 只要你一解盤就已經錯了,5
2023/2/06,[新聞] ETF外幣交易櫃檯買賣 有影,0
2023/2/06,Re: [請益] 會因為戰爭的新聞把存股賣掉嗎？,30
2023/2/06,[新聞] 台股三利多 蓄勢攻萬六,76
2023/2/06,[閒聊] 2023/02/06 盤中閒聊,100
2023/2/06,Re: [心得] 你身體狀況真的適合當沖嗎？,2
2023/2/06,[公告] 0206 警告 水桶 多人,11
2023/2/06,Re: [心得] 你身體狀況真的適合當沖嗎？,9
2023/2/06,"[標的]NVDA/AMD本益比過高空,美股長空格局啟動",62
2023/2/06,Re: [心得] 你身體狀況真的適合當沖嗎？,7
2023/2/05,Re: [標的] 2404漢唐.TW 低調多,31
2023/2/05,Re: [請益] 會因為戰爭的新聞把存股賣掉嗎？,18
2023/2/05,[標的] DJI 道瓊  高處沒有不勝寒,11
2023/2/05,Re: [標的] 2409 友達 (持續加碼),45
2023/2/05,Re: [標的] 2409 友達 (持續加碼),1
2023/2/05,Re: [心得] 你身體狀況真的適合當沖嗎？,18
2023/2/05,[新聞] 金仁寶集團北士科新總部 2/8動土,7
2023/2/05,[新聞] Meta股價暴漲翻倍　謝金河斷言：今年元宇,69
2023/2/05,[新聞] ETF首季配息高峰 00891、00894、 00907配,7
2023/2/05,Re: [標的] 2409 友達 (持續加碼),100
2023/2/05,[新聞] 〈熱門股〉晉弘內視鏡營收占比增 一度站,3
2023/2/05,[新聞] 新基金募集潮 ESG、台股ETF最夯,4
2023/2/05,[新聞] 航空業客運量將回到疫前水準？兩岸直航,15
2023/2/05,Re: [心得] 你身體狀況真的適合當沖嗎？,9
2023/2/05,[新聞] 雞蛋都在同一籃子！美方免出手 韓中半導,59
2023/2/05,[新聞] 日本DUV恐斷供 中國晶片製程將退至45奈米,54
2023/2/05,Re: [心得] 你身體狀況真的適合當沖嗎？,39
2023/2/05,[新聞] 鴻海1月營收6604億元創同期新高 月增4.9%,85
2023/2/05,Re: [心得] 你身體狀況真的適合當沖嗎？,14
2023/2/05,[新聞] 蘋果賺走全球手機85%獲利,99
2023/2/05,Re: [心得] 你身體狀況真的適合當沖嗎？,16
2023/2/05,[心得] 你身體狀況真的適合當沖嗎？,92
2023/2/05,[請益] 國外券商需要承擔的風險是什麼嗎?,79
2023/2/05,"[新聞] 同花順跌1%,為「去年逾92%股民虧損」報道",13
2023/2/05,[心得] 只要你一解盤就已經錯了,15
2023/2/05,[新聞] 陸媒報導「中國股民92%虧損」後 深夜刪文,28
2023/2/05,[新聞] 資訊老闆墜入愛情陷阱 2個月遭詐4600萬元,65
2023/2/05,[情報] 1/30~2/03全市場當沖虧損最多的股票,11
2023/2/05,[情報] 3008.TW 大立光 1月營收,32
2023/2/05,[請益] 存ETF是不是比存個股好？,51
2023/2/05,[新聞] 一周熱門零股/台積高人氣 衝破千萬股,18
2023/2/05,[新聞] 國民ETF「這檔是金城武」 樂活大叔：不,10
2023/2/04,Fw: [請益] 關於現在是債券的買入時機嗎?,44
2023/2/04,[新聞] 蘋果將撤銷首席產品設計師職務,59
2023/2/04,[心得] 02/06~02/10 美股經濟數據&財報行事曆,29
2023/2/04,[新聞] 鴻海遭外資「連5賣」！　3檔金融股也續,45
2023/2/04,Re: [情報]PTT存股文章變熱門時大盤變化的統計,17
2023/2/04,Re: [新聞] 美就業太強 市場關注鮑爾下周是否修正,12
2023/2/04,[情報] 3293.TW 鈊象 1月營收,30
2023/2/04,[標的] 手機和電腦相關個股是否庫存清完飛天?,30
2023/2/04,Re: [心得] 難道只有我大多頭做多一直賠錢嗎?,10
2023/2/04,[新聞] 虧損不落勞動基金之後 農退帳戶也縮水了,27
2023/2/04,[新聞] 美就業太強 市場關注鮑爾下周是否修正,26
2023/2/04,[新聞] 高通證實S23系列採用的S8 Gen 2 for Gala,61
2023/2/04,Re: [請益] 會因為戰爭的新聞把存股賣掉嗎？,17
2023/2/04,[新聞] 美銀策略師：美股漲勢過高 下半年的經濟,4
2023/2/04,[心得] 難道只有我大多頭做多一直賠錢嗎?,76
2023/2/04,[新聞] 外資回補不到2成！謝金河見3大多頭訊號,55
2023/2/04,[請益] 美債流動性問題將致金融風暴,69
2023/2/04,[請益] trading view 自動顯示停損停利訊號?,3
2023/2/04,[新聞] 馬斯克詐欺官司勝訴！ Tesla股價上漲,36
2023/2/04,[新聞] 聯發科史上最大紅包》今年股利可望75元起,52
2023/2/04,Re: [新聞] 美國1月非農就業新增51.7萬人遠超預期,15
2023/2/04,[心得] 2023國際經濟金融情勢,27
2023/2/04,[新聞] 1月防疫險再賠220億 每天賠7億比去年更高,46
2023/2/04,Re: [新聞] 美國1月非農就業新增51.7萬人遠超預期,7
2023/2/04,[公告] 02/04 處置公告＋板務雜談,18
2023/2/04,Re: [新聞] 美國1月非農就業新增51.7萬人遠超預期,8
2023/2/04,[新聞] 台船新春捷報　拿到海軍6艘拉法葉艦70餘,14
2023/2/04,Re: [新聞] 美國1月非農就業新增51.7萬人遠超預期,34
2023/2/04,[請益] googlefinance()函數請益,36
2023/2/04,[新聞] 雲端榮景不再 大型科技股業績成長恐失動,27
2023/2/04,[新聞] 美國1月ISM非製造業指數勁升至55.2  為可,24
2023/2/04,[情報] 推特今起將分享廣告收益予使用者,45
2023/2/04,Re: [標的] AAPL.US 小短多,7
2023/2/03,[標的] 6277 宏正 大壯.小帥.小美 多,64
2023/2/03,Re: [請益] 什麼時候會再買入美股的郵輪、航空股,14
2023/2/03,[情報] 1101 台泥 買回庫藏股金額達三億元以上,15
2023/2/03,[情報] 2/3全市場當沖虧損最多的股票,15
2023/2/03,[新聞] 熱錢連四天狂匯入 這些錢跑去哪了？央行,12
2023/2/03,[新聞] 美國1月非農就業新增51.7萬人遠超預期,100
2023/2/03,[標的] 6023.TW 元大期 升息存骨多,14
2023/2/03,[情報] 112年02月03日信用交易統計,4
2023/2/03,[情報] 美國1月季調後非農就業人口,100
2023/2/03,[新聞] 日本 Yahoo、LINE 組織改造！與母公司 Z Holdings 執行 3社,12
2023/2/03,Re: [標的] 8044 網家多,7
2023/2/03,[情報] 0203八大公股銀行買賣超排行,6
2023/2/03,[標的] 8044 網家多,0
2023/2/03,[標的] 2615萬海 反彈多,8
2023/2/03,[標的] 2454.TW 聯發科 討論,23
2023/2/03,[情報] 2838 聯邦銀 1月自結0.10,9
2023/2/03,Re: [標的] 手上有5萬美金閒錢 有推薦的ETF標的嗎,23
2023/2/03,Re: [情報] SCFI 20230203 1006.89 -22.86 -2.2%,40
2023/2/03,[情報] 0203 上市櫃外資投信同買排行,4
2023/2/03,[情報] 聯發科2022年合併財務報告 全年EPS:74.59,36
2023/2/03,[情報] 0203 上市櫃外資投信買超金額排行,4
2023/2/03,[情報] 12月景氣燈號續亮藍燈,80
2023/2/03,[新聞] 蔡力行說真話 聯發科Q1營收持續季減,22
2023/2/03,[新聞] 要變天？泰山股臨會下月舉行 經營權之爭,40
2023/2/03,[情報] 112年02月03日 櫃買法人買賣金額統計表,9
2023/2/03,[情報] 0203 上市外資買賣超排行,52
2023/2/03,[新聞] 散裝航商慧洋-KY 1月營收寫近2年低點 自,18
2023/2/03,[新聞] 宏亞處分有價證券,3
2023/2/03,[情報] 112年02月03日 三大法人買賣金額統計表,100
2023/2/03,[情報] SCFI 20230203 1006.89 -22.86 -2.2%,38
2023/2/03,Re: [標的] 3023.TW 信邦 大空頭中還能做多的題材?,20
2023/2/03,Re: [新聞] 日本Rapidus稱需7兆日圓才能啟動晶片生產，資金來源主要,13
2023/2/03,Re: [新聞] ABF載板三雄「無基之彈」 外資揮刀砍目,13
2023/2/03,[新聞] 聯發科法說 去年Q4純益探兩年新低 全年仍,36
2023/2/03,[情報] 0203 上市投信買賣超排行,19
2023/2/03,[新聞] 大陸無錫華友電鍍廠失火停擺 長科 界霖,9
2023/2/03,[創作] 財富天堂(彩虹天堂),5
2023/2/03,[新聞] 京元電、欣銓 今年業績逐季成長,6
2023/2/03,[情報] 8046南電1月營收 mom-28.5% yoy-21.6%,76
2023/2/03,[閒聊] 2023/02/03 盤後閒聊,100
2023/2/03,[請益] 董監持股疑問2,4
2023/2/03,[新聞] ABF載板三雄「無基之彈」 外資揮刀砍目,45
2023/2/03,[新聞] 美日荷禁DUV輸中 我晶圓雙雄獲利,27
2023/2/03,[新聞] 【美股投資】方舟投資Cathie Wood：ARKK,5
2023/2/03,[新聞] 878漲太慢 趕快換科技ETF？ 達人喊毋湯,22
2023/2/03,[新聞] 日本Rapidus稱需7兆日圓才能啟動晶片生產，資金來源主要是,77
2023/2/03,[新聞] 搶啖蘋果派 Type-C概念股香噴噴、1檔飆,41
2023/2/03,[新聞] 台灣特斯拉降價了！ModelY車款價格降7.8%,90
2023/2/03,[新聞] iPhone銷售下滑 蘋果Q1獲利不如預期近七,28
2023/2/03,Re: [新聞] 稱霸上市公司 聯發科董事酬勞上億,9
2023/2/03,[請益] 董監持股不足疑問,5
2023/2/03,[情報] 6026 福邦證 現增發股(補充:發行價10元),7
2023/2/03,[新聞] 中國有比亞迪，裕隆要為台灣爭光,30
2023/2/03,Re: [新聞] 央行副總裁陳南光再撰文開砲：升息消極,90
2023/2/03,Re: [請益] 過年前賣股滿手現金該怎麼處理比較好,24
2023/2/03,[新聞] 央行副總裁陳南光再撰文開砲：升息消極,100
2023/2/03,[標的] AMZN.US 財報,11
2023/2/03,[心得] 感謝護國神山，開工大紅包,84
2023/2/03,[閒聊] 2023/02/03 盤中閒聊,86
2023/2/03,[新聞] 【獨家】不只新竹有「大秘寶」！台肥遭,19
2023/2/03,[新聞] Meta瘋漲23% 科技股齊衝 那指飆3%,35
2023/2/03,Re: [請益] 美元定存還可以存嗎,13
2023/2/03,[新聞] 績後飆漲20%，Meta又行了？流量新高、縮,22
2023/2/03,[請益] 過年前賣股滿手現金該怎麼處理比較好,100
2023/2/02,[新聞] 花旗策略師：美經濟衰退可能性僅60% 美,22
2023/2/02,[新聞] 更安全、更續航　電動車殺手級新應用，,10
2023/2/02,Re: [標的] 2454.TW 聯發科 紅包發了,2
2023/2/02,[情報] 0202 上市櫃外資投信同買排行,4
2023/2/02,[新聞] 美上周初領失業金人數降至18.3萬 寫9個,13
2023/2/02,[新聞] 美股開局火熱 「大賣空」本尊貝瑞給一字,49
2023/2/02,Re: [請益] 美元定存還可以存嗎,19
2023/2/02,[標的] 2498 宏達電損益兩平/邊際收益粗略分析,25
2023/2/02,Re: [請益] 熊市結束了嗎?,31
2023/2/02,Re: [標的] 特斯拉 TSLA.US 盤子多,31
2023/2/02,[情報] 4128 中天 一月營收,0
2023/2/02,[情報] 4743 合一 一月營收,16
2023/2/02,[情報] 0202 上市櫃外資投信買超金額排行,0
2023/2/02,[情報] 112年02月02日信用交易統計,19
2023/2/02,[情報] 2/2全市場當沖虧損最多的股票,8
2023/2/02,Re: [請益] 熊市結束了嗎?,36
2023/2/02,[新聞] 稱霸上市公司 聯發科董事酬勞上億,6
2023/2/02,[新聞] 等不及法說！友達彭双浪曝春燕這時到,5
2023/2/02,[新聞] 盛群MCU全面降價 新唐等3檔恐承壓,13
2023/2/02,Re: [請益] 美元定存還可以存嗎,0
2023/2/02,Re: [心得] 大盤頭肩底築底完成.(多),4
2023/2/02,[新聞] 中福經營權之爭 獨董林俊廷用這一招 避,2
2023/2/02,[情報] 3443創意 111年度財務報告及股利分派,32
2023/2/02,[新聞] 美國開始扣押中國進口鋁製品 為第四種遭,15
2023/2/02,Re: [請益] 美元定存還可以存嗎,25
2023/2/02,[情報] 2809 京城銀 1月自結0.25,14
2023/2/02,[新聞] 前宏碁義大利籍CEO蘭奇 因手術併發症離世,40
2023/2/02,[標的] 手上有5萬美金閒錢 有推薦的ETF標的嗎,65
2023/2/02,[情報]0202 上市外資買賣超排行,27
2023/2/02,[新聞] Meta財測樂觀 元宇宙概念股大開資金派對,24
2023/2/02,[情報] 112年02月02日 櫃買法人買賣金額統計表,12
2023/2/02,[新聞] Shell makes record $40 billion annual,13
2023/2/02,[情報] 112年02月02日 三大法人買賣金額統計表,100
2023/2/02,[情報] 0202 上市投信買賣超排行,25
2023/2/02,Re: [請益] 美元定存還可以存嗎,99
2023/2/02,[閒聊] 2023/02/02 盤後閒聊,73
2023/2/02,[新聞] 特斯拉新工廠不在亞洲？墨西哥高官出面,17
2023/2/02,[標的] 雖然短中期看大盤多 但這個該留嗎？,11
2023/2/02,[新聞] 台股半導體ETF 專家：小資現買一魚兩吃,5
2023/2/02,Re: [情報] 00900擬配息0.12元,48
2023/2/02,Re: [新聞] 台中港警幼子滿周歲、休婚假中 股票投資,45
2023/2/02,[新聞]  美國軍用晶片荒 台積電客戶水星系統傳,23
2023/2/02,[新聞] 兆豐龍頭等權重ETF交投熱 + 存股族新選擇,15
2023/2/02,[新聞] FedEx大砍1成資深員工 投資者挺 股價揚,32
2023/2/02,[新聞] 拜登毀滅「大陸4驕傲」結局曝光：北京砸,83
2023/2/02,[請益] 台灣股市裡面有選擇權？,21
2023/2/02,Re: [新聞] 鮑威爾：利率尚未達到充分限制，今年降息,8
2023/2/02,[閒聊] 2023/02/02盤中閒聊,100
2023/2/02,[新聞]看準欣興（3037）買點卻被噓爆！他「大賺,12
2023/2/02,[新聞] 鮑威爾：利率尚未達到充分限制，今年降息,37
2023/2/02,Re: [標的] 2330 台積電 心得,10
2023/2/02,[情報] Meta Q4財報 收入及虧損優於預期,40
2023/2/02,[新聞] Fed宣布升息1碼 預期將持續升息,71
2023/2/02,[新聞] 面板驅動IC聯詠、敦泰 採積極價格策略,6
2023/2/02,[新聞] Fed決策將出爐 市場情緒謹慎 主要指數漲,38
2023/2/01,[情報] 0201 上市櫃外資投信同買排行,4
2023/2/01,[情報] 2/1全市場當沖虧損最多的股票,37
2023/2/01,"Re: [新聞] 高盛挺台股 喊到16,200",0
2023/2/01,[新聞] 美國官員證實與日荷達成協議 限制晶片製,28
2023/2/01,[新聞] 新內閣核定淨零碳排計畫 大同、東元有望,6
2023/2/01,[情報] 0201 上市櫃外資投信買超金額排行,1
2023/2/01,"[新聞] 高盛挺台股 喊到16,200",52
2023/2/01,[心得] ZULU 祖魯法則 閱讀心得,15
2023/2/01,[新聞] 外資湧入匯市 台幣驚見２字頭,37
2023/2/01,[請益] 關於股票繼承,17
2023/2/01,[情報] 112年02月01日信用交易統計,17
2023/2/01,[新聞] 美聯儲決議終極前瞻：落實壓倒性共識，,21
2023/2/01,Re: [標的] [美股] BRK.B 波克夏，中長期投機,7
2023/2/01,[新聞] 合一新藥 前進東南亞,12
2023/2/01,[新聞] 印尼總統親自會見馬斯克 邀請特斯拉在印,3
2023/2/01,Re: [標的] 2468華經,5
2023/2/01,[新聞] 台積電僅排第4！兩表掌握上市公司誰領最,9
2023/2/01,[新聞] 運用局駁勞動基金虧損說 副局長劉麗茹：,6
2023/2/01,[新聞] 台幣再現2字頭　今收29.965元逾5個半月新,100
2023/2/01,Re: [新聞] 貨櫃董座看海運景氣,11
2023/2/01,[標的] 6274台燿 2034允強 3005神基 3227原相 35,17
2023/2/01,[新聞] 獨／正在休婚假！台中港30歲男警股票賠千,99
2023/2/01,[新聞] 降速、繞遠路…海運業出招 挽救低迷運價,50
2023/2/01,[新聞] 貨櫃董座看海運景氣,8
2023/2/01,[情報] 00900擬配息0.12元,72
2023/2/01,Re: [新聞] 日本壽司郎股價GG！160億日圓蒸發　17歲,10
2023/2/01,[新聞] 張錫：2023先蹲後跳 下半年坐萬七望萬八,34
2023/2/01,[新聞] 日本壽司郎股價GG！160億日圓蒸發　17歲,45
2023/2/01,[情報] 0201 上市外資買賣超排行,38
2023/2/01,[標的] 6790 永豐實 ㄎㄚㄘㄥ 多,50
2023/2/01,[情報] 112年02月01日 櫃買法人買賣金額統計表,11
2023/2/01,Re: [新聞] 台中港務男警陳屍車內！　身旁留遺書…,30
2023/2/01,[情報] 112年02月01日 三大法人買賣金額統計表,75
2023/2/01,[情報] 0201 上市投信買賣超排行,8
2023/2/01,Re: [標的] 0050正2 的溢價與流動性風險,23
2023/2/01,"[新聞] 軍工股風雲再起！八貫飆漲停領攻、逾4,0",11
2023/2/01,Re: [新聞] 台中港務男警陳屍車內！　身旁留遺書,0
2023/2/01,[新聞] 台中港務男警陳屍車內！　身旁留遺書…,99
2023/2/01,[情報] 00878 2023年2月配息0.27元,52
2023/2/01,[閒聊] 2023/02/01 盤後閒聊,18
2023/2/01,Re: [情報] 友達 111年11月營收174.75億、年減43,19
2023/2/01,[標的] 2646星宇航空 潮牌多,36
2023/2/01,[新聞] 台積電背後2大咖撐腰 自家人唱衰三星下場,40
2023/2/01,[請益] 碳費會不會影響權值股營收？,33
2023/2/01,[新聞] 英特爾宣布管理層減薪 CEO帶頭砍薪25%,51
2023/2/01,[新聞] 潛力股：臺慶科,95
2023/2/01,Re: [新聞] 欣興（3037）買點浮現？他勸進場被噓爆,15
2023/2/01,[新聞] 櫃買中心ETF及ETN好禮獎不完,1
2023/2/01,[新聞] 首檔低碳龍頭ETF！群益發行00923台灣ESG5,13
2023/2/01,Re: [新聞] 和泰出大包，iRent 用戶個資直接在網,30
2023/2/01,[新聞] 勞動基金111年虧損3529億元 收益率負6.71,64
2023/2/01,[新聞] 國泰台灣領袖50ETF 3月8日募集,16
2023/2/01,[標的] 燦坤vs全國電,33
2023/2/01,Re: [標的] 2618.TW 長榮航 盤整完多,41
2023/2/01,[標的] 高林2906.tw 大波段多,8
2023/2/01,[新聞] SNAP首次收入無增長，悲觀展望一季度，盤,18
2023/2/01,[標的] AMD 財報,80
2023/2/01,[閒聊] 2023/02/01盤中閒聊,100
2023/2/01,[請益] 港股如何下收盤市價單？（盈透）,0
2023/2/01,[新聞]九年來新低！金融三業獲利腰斬剩約4800億,17
2023/1/31,[新聞] Palantir正評估支出並面臨經濟不確定性，,10
2023/1/31,[新聞] 今日財經市場5件大事：美聯儲會議開幕,15
2023/1/31,[情報] 1/31全市場當沖虧損最多的股票,25
2023/1/31,[情報] 112年01月31日信用交易統計,41
2023/1/31,[新聞] 2022被外資當提款機！台積電開春跳漲7.95,18
2023/1/31,Re: [標的] 0050正2 的溢價與流動性風險,100
2023/1/31,[新聞] 航空業疫後露曙光 徵才佈局新航點展榮景,6
2023/1/31,[標的] 6640.TW 均華 養樂多,9
2023/1/31,[情報] 0131 上市櫃外資投信同買排行,0
2023/1/31,[情報] 4743 合一 本公司糖尿病足部傷口潰瘍新藥,42
2023/1/31,Re: [請益] 標的合一4743,6
2023/1/31,[情報] 2474 可成 董事會通過自市場買回公司股份,25
2023/1/31,[新聞] 「東哥遊艇」連拉3根漲停後今急殺跌停,49
2023/1/31,[新聞] 和泰出大包，iRent 用戶個資直接在網路,74
2023/1/31,[情報] 0131 上市櫃外資投信買超金額排行,6
2023/1/31,[標的] 3703欣陸多,27
2023/1/31,[情報] 0131 上市外資買賣超排行,51
2023/1/31,[情報] 2890 永豐金 現增發股(補充 發行價15元),40
2023/1/31,[新聞] 和泰汽車稱霸21年台灣車市龍頭，2023年,11
2023/1/31,Re: [標的] 6669緯穎多,1
2023/1/31,[情報] 112年01月31日 櫃買法人買賣金額統計表,18
2023/1/31,[新聞] 台積大漲拉抬 國安基金帳面獲利飆上百億,40
2023/1/31,[情報] 112年01月31日 三大法人買賣金額統計表,99
2023/1/31,[情報] 5871 中租-KY 12月自結1.18 全年17.17,18
2023/1/31,[新聞] 2022年境內基金規模下滑近千億 台股ETF規,5
2023/1/31,[情報] 0131 上市投信買賣超排行,13
2023/1/31,[標的] 6669緯穎多,15
2023/1/31,[新聞] 熊市陷阱！大摩喊：本周美股漲勢恐告終,50
2023/1/31,[新聞]  合一糖足傷口潰瘍新藥海外告捷，今通過,47
2023/1/31,[閒聊] 2023/01/31 盤後閒聊,25
2023/1/31,[新聞] 台積喊漲主力客戶全埋單 大摩看上7字頭,40
2023/1/31,[情報] 中鋼111年12月份自結合併營收及稅前盈餘,46
2023/1/31,[新聞] 外資過去三年賣太多 謝金河：今年可能變,93
2023/1/31,[新聞] 聯發科將啟用「員工持股補助計畫」,37
2023/1/31,[新聞] 聯電稱福建政府阻回購合資晶圓廠 警告損,72
2023/1/31,Re: [標的] 2317鴻海 裕隆2201 趨勢就是多,1
2023/1/31,Re: [心得] 2017~2022總結,4
2023/1/31,[新聞] 上市櫃公司2021年虧損 神盾平均每位董監,13
2023/1/31,Re: [標的] 2330 台積電 心得,11
2023/1/31,[新聞] 台船員工春節連假日夜趕工 為台灣水下軍,7
2023/1/31,[新聞] Tesla將推「80萬國民電動車」！售價Model,100
2023/1/31,[新聞] 三檔高息ETF股價飆新高,13
2023/1/31,[閒聊] 2023/01/31 盤中閒聊,100
2023/1/31,[新聞] 特斯拉鳴槍 電動車陷紅海,43
2023/1/31,[新聞] 英媒:拜登政府停止向美企業核發供貨華為,12
2023/1/31,[新聞]半導體大崩盤 1產品重傷 狂殺4成還沒完,48
2023/1/30,[新聞] 北交所成爛尾工程 日交易量跌剩5%,82
2023/1/30,[新聞] 台積代工費調漲成真 大摩：主要客戶全接,89
2023/1/30,[新聞] 鴻海宣布延聘關潤 擔任鴻海電動車策略長,31
2023/1/30,[請益] 像今天開紅盤這種大跳空，大家如何應對,59
2023/1/30,[新聞] 傳奇投資人葛拉漢警告：美股恐大規模崩盤,44
2023/1/30,[新聞] 回購即將重現 高盛：美股漲勢將持續到2月,9
2023/1/30,[情報] 112年01月30日信用交易統計,45
2023/1/30,[新聞] ETF股息可提早1週領到 林昶佐：金管會已確認,85
2023/1/30,[情報] 1/30全市場當沖虧損最多的股票,6
2023/1/30,[標的] 2881富邦金 THANK YOU 多,23
2023/1/30,Re: [標的] 2317鴻海 裕隆2201 趨勢就是多,17
2023/1/30,"[新聞] 推案總規模 挑戰2,000億",14
2023/1/30,[新聞] 外資今日暴買722億元！ 金融股成為最愛,26
2023/1/30,Re: [新聞] 國安基金砸逾350億　暴買台積電逾7.8萬張,42
2023/1/30,[新聞] 百度3月推出人工智能聊天機器人服務 股,45
2023/1/30,[情報] 0130 上市櫃外資投信同買排行,4
2023/1/30,[標的] 3706 神達 低檔多,34
2023/1/30,[情報] 0130 上市櫃外資投信買超金額排行,1
2023/1/30,Re: [新聞] 日本央行維持殖利率曲線管控政策不變,15
2023/1/30,[標的] 00905.TW smart etf 長期多,18
2023/1/30,[新聞] 2022台灣人均GDP 首度超車南韓,100
2023/1/30,[標的] 3037欣興 外資回頭多,28
2023/1/30,[新聞] 匯市爆量狂升！新台幣大漲2.31角 收30.13,100
2023/1/30,[情報] 112年01月30日 櫃買法人買賣金額統計表,12
2023/1/30,[標的] 8210 勤誠 多,23
2023/1/30,[新聞] 法媒:美國最大貿易夥伴 將不再是中國,9
2023/1/30,[情報] 0130 上市外資買賣超排行,60
2023/1/30,[新聞] 多題材助攻裕隆衝上漲停鎖死 集團股同慶,23
2023/1/30,[新聞] 《熱門族群》腸病毒疫苗Q1可望上市 國光,9
2023/1/30,[情報] 外資買超歷史前十名,100
2023/1/30,[情報] 112年01月30日 三大法人買賣金額統計表,100
2023/1/30,[新聞] FTX 債權人驚見「遠東商銀」！台灣這五家公司也,10
2023/1/30,[情報] 0130 上市投信買賣超排行,11
2023/1/30,[新聞] 上市公司重分類 證交所：盼今年6月實施,8
2023/1/30,[標的] 2330 台積電 心得,23
2023/1/30,[閒聊] 2023/01/30 盤後閒聊,45
2023/1/30,[新聞] 三大證期公會理事長一致唱旺今年台股,26
2023/1/30,[新聞] 國安基金砸逾350億　暴買台積電逾7.8萬張,100
2023/1/30,[新聞] 台台併 台灣大砍價金額 2月底董事會定奪,18
2023/1/30,[新聞] 中福經營權決戰1／司改會前執行長變獨董,4
2023/1/30,Re: [標的] 2317鴻海 裕隆2201 趨勢就是多,12
2023/1/30,[新聞] 中國手機市場大幅萎縮 跌至10年最低點,35
2023/1/30,[新聞] 葉倫：債務上限未調 美國恐陷螺旋式衰退,25
2023/1/30,[新聞] 最早4點半就下班！台積電「彈性上下班」,57
2023/1/30,[新聞] 美組團圍剿！台半導體生產鏈啖轉單商機,15
2023/1/30,[新聞] 美、日、荷圍堵陸晶片 歐盟力挺,18
2023/1/30,[新聞] 台股開紅盤 雙軋催動攻萬五,11
2023/1/30,[閒聊] 2023/01/30 盤中閒聊,100
2023/1/30,[創作] 從前說-小阿呆,10
2023/1/30,Re: [請益] 做空比較容易賠還是做多？,1
2023/1/29,Re: [請益] 做空比較容易賠還是做多？,29
2023/1/29,[情報] 6282 康舒 董事會決議辦理現金增資發股,29
2023/1/29,[新聞] 美股下周面臨真正考驗：超級財報周 Fed必,24
2023/1/29,[新聞] 台積電ADR狂飆 分析師：明可能亮燈漲停,42
2023/1/29,[新聞] 台股新春開紅盤？金管會曝利多、盯4動向,21
2023/1/29,[請益] 請問公司私有化 原本的股票？,5
2023/1/29,Re: [請益] 做空比較容易賠還是做多？,5
2023/1/29,Re: [標的] 2317鴻海 裕隆2201 趨勢就是多,7
2023/1/29,[請益] 關於做空指數的停損機制判定問題,25
2023/1/29,[新聞] 台積電ADR狂飆7.49％ 台股明日金兔年開,42
2023/1/29,[請益] 年終明天該怎麼配置？,71
2023/1/29,[新聞] 最美女董變身暴走獨董？　陳敏薰召開無效,24
2023/1/29,[新聞] IDC報告：去年智慧機出貨 十年最低,27
2023/1/29,Re: [新聞] 安特羅腸病毒疫苗獲藥證 創本土研發與生,17
2023/1/29,[新聞] 日本傳考慮放寬對南韓科技原料出口管制,32
2023/1/29,[新聞] 特斯拉跌下神壇 台廠供應鏈彎道超車,32
2023/1/29,Re: [請益] 專職交易的成功經驗是可以複製的嗎？,5
2023/1/29,[新聞] 台股將開紅盤 台積大聯盟蓄勢補漲狂歡,41
2023/1/29,Re: [請益] 專職交易的成功經驗是可以複製的嗎？,18
2023/1/29,[新聞] 虧大了！台積電3萬多股東年前急下車 每張,99
2023/1/29,[新聞] 股海曾賺千萬慨捐4成獲利　佛心股神賠錢,74
2023/1/29,[新聞] 安特羅腸病毒疫苗獲藥證 創本土研發與生,9
2023/1/29,[新聞] 半導體抗中陣線再+2　彭博：日本、荷蘭將,57
2023/1/29,Re: [請益] 專職交易的成功經驗是可以複製的嗎？,1
2023/1/29,Re: [請益] 專職交易的成功經驗是可以複製的嗎？,3
2023/1/29,[新聞] 2022全球十大熱門下載app TikTok連3年奪,64
2023/1/29,Re: [請益] 未上市股票風險？,4
2023/1/29,[請益] 盈透證券先進先出設定&SMA負值,0
2023/1/29,Re: [請益] 專職交易的成功經驗是可以複製的嗎？,9
2023/1/28,[請益] 專職交易的成功經驗是可以複製的嗎？,55
2023/1/28,[新聞] 黃天牧留任 可望成金管會史上任期最長,19
2023/1/28,Re: [情報] 2023春節休市期間 主要國際股市表現整理,11
2023/1/28,[新聞] 本土打造最精密的｢鑽石級｣齒輪 成功拿,74
2023/1/28,[創作] 記事本,4
2023/1/28,[標的] 2885.TW 元大金 睿涵阿姨節目多,22
2023/1/28,Re: [新聞] Shopify宣布裁員1000人 股價重挫逾17％,38
2023/1/28,[創作]籌碼K線又來送!二月必漲清單、權限直接拿!,15
2023/1/28,[標的] 大盤 空頭已過 牛市起漲點 討論,28
2023/1/28,Re: [請益] VGT 跟 QQQ 為何較多人選QQQ？,24
2023/1/28,[請益] 如何評估今年美國經濟是否會衰退?,24
2023/1/28,Re: [新聞] 50萬翻到數千萬 30歲股神給的投資3堂課,36
2023/1/28,Re: [標的] 大盤 兔年開盤價預測,10
2023/1/28,[情報] 2023春節休市期間 主要國際股市表現整理,100
2023/1/28,[情報] 1702南僑 2022全年自結2.26,16
2023/1/28,[新聞] 鋼市囤貨 看到春燕飛來,42
2023/1/28,[新聞] 股海明燈看他們！台灣先生、前外資天后,13
2023/1/28,[標的] 大盤 兔年開盤價預測,35
2023/1/28,[新聞] 春節期間全球股市上漲　謝金河預言：台,22
2023/1/28,[請益] 當沖1000張 如何下單？,8
2023/1/28,Re: [標的] 2454.TW 聯發科 紅包發了,2
2023/1/28,[標的] 00893 國電車 開盤漲幾%？,17
2023/1/28,[心得] 01/30~02/03 美股經濟數據&財報行事曆,17
2023/1/28,Re: [請益] VGT 跟 QQQ 為何較多人選QQQ？,13
2023/1/28,[新聞] 製造業無薪假浪潮再現？ 勞動部：製造業,7
2023/1/28,[公告] Stock 板主徵選 (2023/01),36
2023/1/28,[標的] Unity,20
2023/1/28,Re: [新聞] 美國圍堵政策 ASML：將逼使中國研發出先,22
2023/1/27,[新聞] 科技業裁員潮向外蔓延 陶氏裁員2千人、,14
2023/1/27,Re: [新聞] 美國圍堵政策 ASML：將逼使中國研發出先,34
2023/1/27,[情報] 美國12月核心PCE物價指數年率降至4.4%,21
2023/1/27,[新聞] 美國經濟成長優於預期 亞股洋溢樂觀氣氛,26
2023/1/27,[標的] 光洋科 1785 黃金多,13
2023/1/27,[新聞] 陸客回來了 精品龍頭LVMH樂觀今年業績,55
2023/1/27,[新聞] 日本、荷蘭加入美國陣營 限制半導體設備,43
2023/1/27,[新聞] Google冷血裁員！一封電郵通知解雇 20年,60
2023/1/27,[請益] 勞退自提的6%資金改投台灣加權正2(00675L)可行嗎?,55
2023/1/27,[新聞] 美國圍堵政策 ASML：將逼使中國研發出先,100
2023/1/27,Re: [新聞] 特斯拉財報優於預期 馬斯克曝今年產量上,29
2023/1/27,[新聞] 美股開年樂歡騰 華爾街重量級法人警告苦,44
2023/1/27,[新聞] 十大熱門零股 ETF占四檔,1
2023/1/27,[新聞] 英特爾Q4營收7年來最低，指引大幅遜於預,60
2023/1/27,[標的] Chipotle Mexican Grill(CMG.NYSE),9
2023/1/27,[閒聊] 2023/01/27 盤後閒聊,37
2023/1/27,[新聞] 英特爾估本季營收意外糟糕且會虧損,100
2023/1/27,[標的] BZFD.US ChatGPT取代記者暴漲200% 討論,16
2023/1/27,[新聞] 勞動、退撫基金年後銀彈上膛 台股迎千億,34
2023/1/26,[新聞] 美國去年第四季GDP初值增2.9%勝預期,41
2023/1/26,Re: [新聞] 日本央行維持殖利率曲線管控政策不變,15
2023/1/26,Re: [新聞] 美政府告Google壟斷 要求分拆數位廣告業,11
2023/1/26,[新聞] 美國上周初領失業金人數再減6000人 連兩,23
2023/1/26,[新聞] 歐盟晶片法草案 戰略夥伴合作納台灣,60
2023/1/26,[新聞] 特斯拉財報優於預期 馬斯克曝今年產量上,81
2023/1/26,Re: [新聞] Fed升息奏效 美國廣義貨幣供給額M2史上,0
2023/1/26,[新聞] 失業 最壞情況還沒來,54
2023/1/26,[新聞] 老謝曝2023中國新變化 歷經風風雨雨就看,6
2023/1/26,[新聞] 半導體領軍 台股開紅盤醞釀雙軋,49
2023/1/26,[新聞] 過年大缺工　五星級飯店開440元時薪搶人,60
2023/1/26,[新聞] IBM上季營收優預期 宣布全球裁員3900人,24
2023/1/26,[新聞] 停權2年後 Meta宣布將恢復川普臉書帳號,32
2023/1/26,[閒聊] 2023/01/26 盤後閒聊,25
2023/1/26,[新聞] Fed升息奏效 美國廣義貨幣供給額M2史上,16
2023/1/26,[新聞] 馬士基與MSC兩大龍頭決定2025年拆夥 業界,53
2023/1/25,[公告] 01/25 處置公告＋得獎名單＋板規 V4.2 修正事項,0
2023/1/25,Re: [新聞] 美政府告Google壟斷 要求分拆數位廣告業,100
2023/1/25,"Re: [情報] ASML年營收212億歐元, 年成長14%",12
2023/1/25,[新聞] 傳ChatGPT威脅 Google 急Call創辦人幫忙,56
2023/1/25,[新聞] 面板業寒冬！　LG可領半薪、休假1年,100
2023/1/25,"[情報] ASML年營收212億歐元, 年成長14%",27
2023/1/25,[新聞] 美政府告Google壟斷 要求分拆數位廣告業,64
2023/1/25,[新聞] 特斯拉宣布擴建內華達廠 砸逾千億建2新廠,13
2023/1/25,[新聞] 荷蘭國防部早在2020年便建議政府禁止ASML,14
2023/1/25,[新聞] 勞退基金投資失利 每名勞工預計虧損1.2,100
2023/1/25,[新聞] 微軟前景乏味，去年底核心業務增長減緩,13
2023/1/25,[新聞] 對沖基金Citadel去年勁賺160億美元　打破,7
2023/1/25,[情報] 美國製造業PMI超乎預期,46
2023/1/24,Re: [標的] Nasdaq 或許有嚇啞的逆襲,7
2023/1/24,[新聞] 意外 歐元區景氣重拾成長,4
2023/1/24,[新聞] 大客戶噴漲9％內幕曝光！台積電ADR嚇死人,41
2023/1/24,[情報] NYSE says trading issue that led to do,9
2023/1/24,[新聞] 科技裁員潮擴大 Spotify砍6%,40
2023/1/24,[活動] 在股板走春－大年初三搶答活動,100
2023/1/24,Re: [標的] AAPL.US 小短多,11
2023/1/24,[新聞] 美股氣氛好 台股金兔年有望開紅盤,30
2023/1/24,[新聞] 全球半導體股大漲謝金河嘆：我們正在放假,0
2023/1/24,[新聞] 馬斯克：2018年本可以通過出售SpaceX股票,30
2023/1/24,[心得] 大盤頭肩底築底完成.(多),65
2023/1/24,Re: [新聞] 超狂提議！鑄1枚30兆鉑金硬幣避免美國違,23
2023/1/24,Re: [請益] 未上市股票風險？,6
2023/1/24,[新聞] AI聊天機器人ChatGPT可望成就Nvidia,28
2023/1/24,[情報] 美國12月份經濟領先指標-1.0%,19
2023/1/24,[新聞] 超狂提議！鑄1枚30兆鉑金硬幣避免美國違,78
2023/1/24,[新聞] 美股3大指數開高 道瓊漲逾百點 台積電ADR,53
2023/1/23,[新聞] Fed傳聲筒：2月再度縮小升息幅度,47
2023/1/23,[請益] 量少的標的一定賺不了錢嗎?,32
2023/1/23,[新聞] 晶片業又爆掉！全球2大廠庫存飆驚人數字,90
2023/1/23,[新聞] 200大個股PK 這檔金融股登法人買超王,6
2023/1/23,[請益] 賣房All in ETF,55
2023/1/23,[新聞] 馬斯克疑涉內線交易 業績公布前提早賣股,81
2023/1/23,Re: [新聞] Google裁員1.2萬人！全球員額縮減6%,26
2023/1/23,[新聞] 報導：億萬富翁Peter Thiel共同創立的基,62
2023/1/22,Re: [請益] 台灣受薪階級真有可能財富自由？(禁回),63
2023/1/22,Re: [請益] 台灣受薪階級真有可能財富自由？(禁回),10
2023/1/22,Re: [請益] 台灣受薪階級真有可能財富自由？(禁回),5
2023/1/22,Re: [請益] 台灣受薪階級真有可能財富自由？(禁回),0
2023/1/22,Re: [請益] 台灣受薪階級真有可能財富自由？(禁回),16
2023/1/22,Re: [請益] 台灣受薪階級真有可能財富自由？(禁回),53
2023/1/22,Re: [請益] 台灣受薪階級真有可能財富自由？(禁回),21
2023/1/22,[新聞] 看好ChatGPT改寫產業規則！微軟擬對OpenA,36
2023/1/22,Re: [請益] 台灣受薪階級真有可能財富自由？(禁回),51
2023/1/22,Re: [新聞] 微軟盛傳即將大幅裁員 規模可能上萬,17
2023/1/22,[心得] 01/23~01/27 美股經濟數據&財報行事曆,25
2023/1/22,Re: [新聞] Google裁員1.2萬人！全球員額縮減6%,0
2023/1/22,[請益] 台灣受薪階級真有可能財富自由？(禁回),99
2023/1/22,Re: [新聞] Google裁員1.2萬人！全球員額縮減6%,15
2023/1/21,Re: [請益] 未上市股票風險？,6
2023/1/21,Re: [新聞] Google裁員1.2萬人！全球員額縮減6%,54
2023/1/21,[新聞] 台積電被點名…為分散風險 英最新戰略文,68
2023/1/21,[心得]香港滙豐銀行 Trade 25 0佣金買美/港/A股,5
2023/1/21,[請益] 未上市股票風險？,53
2023/1/21,Re: [新聞] 中國官媒入股抖音、快手 持股1％卻擁否決,48
2023/1/21,Re: [情報] 0120 SCFI 1029.75 (-1.67),0
2023/1/21,Re: [標的] 2317鴻海 裕隆2201 趨勢就是多,16
2023/1/21,[新聞] 是否向中國出售光刻機令荷蘭糾結，內線：,43
2023/1/21,[新聞] 中國大陸半導體大基金 啟動新投資,37
2023/1/21,Re: [新聞] 假APP詐騙！冒凱基專員教投資　官網澄清,74
2023/1/21,[新聞] 馬斯克在特斯拉承認交付量不及預期前出售,69
2023/1/21,[標的] MMM.US 3M 討論,14
2023/1/21,[標的] 8349 恒耀 螺絲多,19
2023/1/20,[情報] 0120 SCFI 1029.75 (-1.67),26
2023/1/20,[新聞] 美國達31.4兆美元債務上限 專家示警：8,99
2023/1/20,[標的] 特斯拉 TSLA.US 盤子多,56
2023/1/20,[新聞] 假APP詐騙！冒凱基專員教投資　官網澄清,15
2023/1/20,[新聞] Google裁員1.2萬人！全球員額縮減6%,72
2023/1/20,[新聞] 許勝雄獨子小年夜震撼彈 康舒砸153億併,35
2023/1/20,"Re: [請益] 玩股票績效輸給炒房,該堅持下去嗎?",43
2023/1/20,[新聞] 「越南版台灣50」被買到世界第二大 00885,90
2023/1/20,"Re: [請益] 玩股票績效輸給炒房,該堅持下去嗎?",76
2023/1/20,Re: [新聞] 台灣大哥大不忍了　3聲明怒轟NCC違反行政,3
2023/1/20,[新聞] 拜登慘了？逼ASML舊機台不能賣大陸 這國,0
2023/1/20,"Re: [請益] 玩股票績效輸給炒房,該堅持下去嗎?",7
2023/1/20,[新聞] 台灣大哥大不忍了　3聲明怒轟NCC違反行政,27
2023/1/20,[新聞] 泰山反擊龍邦爭經營權　六大指控陳敏薰向,19
2023/1/20,"Re: [請益] 玩股票績效輸給炒房,該堅持下去嗎?",43
2023/1/20,Re: [標的]大盤，現在是採取分批進場的最佳時機,10
2023/1/20,[新聞] 特斯拉再出招！改款Model 3外型曝光　陸,100
2023/1/20,[閒聊] 2023/01/20 連假閒聊,21
2023/1/20,Re: [新聞] 英特爾進擊 年底前推3奈米,22
2023/1/20,[新聞] 華爾街大多頭：2條件若到位 美股今年躍漲,31
2023/1/19,"Re: [請益] 玩股票績效輸給炒房,該堅持下去嗎?",22
2023/1/19,[新聞] 快訊／鴻海發重訊！「投資紫光案」投審會,64
2023/1/19,[新聞] 三星美國德州泰勒晶圓廠 2023 年完工，生,27
2023/1/19,[創作]籌碼K線APP 年度使用回顧 送權限,100
2023/1/19,[新聞] 美股恐慌指數已跌至20以下 策略師憂股市,32
2023/1/19,[新聞] 全球500大品牌台灣3家上榜！台積電排87名,35
2023/1/19,[情報] 9802 鈺齊-KY Q4自結3.18 2022全年18.12,7
2023/1/19,[新聞] 台股2023展望佳 大華銀投信：1975以來的兔年平均投報率表現,12
2023/1/19,[新聞] 英特爾進擊 年底前推3奈米,47
2023/1/19,[新聞] 年終All In還留現？ 網反籲：加碼006208,39
2023/1/19,[新聞] 獨／買股被套山頂　八方雲集創辦人竟逼妻,85
2023/1/19,[閒聊] 2023/01/19 盤後閒聊,42
2023/1/18,[標的] 能源電力 ETF 選擇,21
2023/1/18,[公告] 01/18 處置公告＋板務雜談,8
2023/1/18,[新聞] 22年新低！去年12月失業率3.52％、全年,68
2023/1/18,[新聞] 外食漲價風難消停？路易莎咖啡將漲部分,26
2023/1/18,[新聞] 2022年GDP「保3」落空 第4季經濟陷負成,60
2023/1/18,[新聞] 國泰蔡家買全家過關 金管會：沒有違反產金分離原則,19
2023/1/18,[新聞] NCC通過了！遠傳併亞太、台灣大併台灣之星,62
2023/1/18,[新聞] 2023年全球採用AI工具設計晶片的支出高達,78
2023/1/18,[新聞] 國民信心調查 買房下滑 台股萬四到萬六,18
2023/1/18,[情報] 2886兆豐金 兆豐產物保險罰鍰新臺幣180萬,4
2023/1/18,Re: [新聞] 博明：不存在護台矽盾 美強化半導體能力,33
2023/1/18,[新聞] NCC通過兩大電信合併案 頻寬超標限明年6,18
2023/1/18,[請益] 買高股息ETF的在資產配置上的意義是什麼?,100
2023/1/18,[新聞] Snapdragon Satellite服務雖然解決了安,2
2023/1/18,[新聞] 日本央行維持殖利率曲線管控政策不變 日,56
2023/1/18,[新聞] 台美21世紀貿易談判順利 數周內可望簽早,30
2023/1/18,[新聞] 台股基金 去年受益人數逆勢增加,2
2023/1/18,[新聞] 微軟盛傳即將大幅裁員 規模可能上萬,15
2023/1/18,Re: [新聞] 博明：不存在護台矽盾 美強化半導體能力,51
2023/1/18,[新聞] 2023年連鎖餐飲漲價第一槍 路易莎咖啡,42
2023/1/18,[新聞] 謝金河：否極泰來 兔年大轉折,25
2023/1/18,[閒聊] 2023/01/18 盤後閒聊,58
2023/1/18,Re: [標的] 2303.TW聯電 已非吳下阿蒙 多 對吧！,5
2023/1/17,[新聞] 恒大提兩套境外債重組選項 更換審計會計,7
2023/1/17,[新聞] 達沃斯開幕「衰退隱憂」　企業悲觀更甚,12
2023/1/17,[請益] 請問有人聽過飛買家這家公司嗎？,2
2023/1/17,Re: [標的] 2303.TW聯電 已非吳下阿蒙 多 對吧！,13
2023/1/17,[情報] 0117八大公股銀行買賣超排行,25
2023/1/17,[新聞] 郭哲榮：求饒式買盤出「線」 丫頭走勢不,-10
2023/1/17,[情報] 112年01月17日信用交易統計,23
2023/1/17,[新聞] 現金流危機 保險局特准部分壽險升息留客,27
2023/1/17,[新聞] 國泰蔡家買全家金管會核定「過關」！,40
2023/1/17,[創作] 我不夠愛你,5
2023/1/17,[新聞] 台股虎年「收紅」封關 平均每位股民虧損6,59
2023/1/17,[新聞] 國內首例特斯拉突大降價 7車主認欺瞞求償,60
2023/1/17,[新聞] 聯電不降價 半導體V起來?陸行之7點觀察,7
2023/1/17,[情報] 0117 上市櫃外資投信同買排行,0
2023/1/17,[心得] 技術分析 吊燈出場指標,17
2023/1/17,[情報] 2323 中環 子公司處分陽明海運股票,11
2023/1/17,[情報] 金管會核准富邦金與日盛銀行合併案,18
2023/1/17,[心得] 00670L跌回2020初期，00662卻沒有的原因,4
2023/1/17,[情報] 0117 上市櫃外資投信買超金額排行,0
2023/1/17,[標的] 美股 NYSE:DB,2
2023/1/17,[標的] 2303 聯電 等待空,45
2023/1/17,[情報] 2867三商壽111全年自結EPS -4.34,58
2023/1/17,[情報] 0117 上市外資買賣超排行,36
2023/1/17,Re: [新聞] 特斯拉從科技公司降為汽車公司，提振科,45
2023/1/17,Re: [心得] 凱基詐騙分享,48
2023/1/17,[情報] 0117 上市投信買賣超排行,31
2023/1/17,[情報] 112年01月17日 三大法人買賣金額統計表,90
2023/1/17,[情報] 3231緯創 Q4自結1.46 全年自結4.01,28
2023/1/17,[新聞] 群創南科廠房屋頂設太陽能 併聯台電啟動,14
2023/1/17,[請益] 子公司簽下大訂單 母公司的股票會看漲嗎?,21
2023/1/17,[新聞] 【虎年封關】台股虎年下跌2741.47點創14,11
2023/1/17,[標的] 2303.TW聯電 已非吳下阿蒙 多 對吧！,25
2023/1/17,[閒聊] 2023/01/17 盤後閒聊,42
2023/1/17,[新聞] 獨家／NCC仍要求交回頻譜、資費凍漲 台灣,16
2023/1/17,[新聞] 《半導體》庫存回歸正常、OLED加溫 聯詠,3
2023/1/17,Re: [新聞] 中國人口減少85萬首次出現下滑,48
2023/1/17,Re: [心得] 凱基詐騙分享,100
2023/1/17,[新聞] 中國人口減少85萬首次出現下滑,100
2023/1/17,[新聞] 《歐股》經濟數據讚，英國股市逼近史高、,31
2023/1/17,Re: [心得] 凱基詐騙分享,100
2023/1/17,[新聞] 今年才過半個月美國科技業裁員逾2.4萬人,27
2023/1/17,[新聞] 特斯拉從科技公司降為汽車公司，提振科,40
2023/1/17,[新聞] 庫存調整！聯電：晶圓代工不降價,19
2023/1/17,[新聞] 日本10年期公債殖利率 連兩天升破央行政,26
2023/1/17,[新聞] 何時與統一合併？家樂福：仍待公平會審,26
2023/1/17,[標的] 美債務達上限 00679B下市？,37
2023/1/17,[閒聊] 2023/01/17盤中閒聊,100
2023/1/17,[新聞] BBC：美中晶片戰爭 美國正占上風,41
2023/1/17,[新聞] 聯電示警 訂單能見度偏低,29
2023/1/17,[新聞] 美系外資逆勢看好貨櫃輪 喊買長榮,14
2023/1/17,[情報] 2022臺灣ETF全年費用率,45
2023/1/17,Re: [新聞] 特斯拉下調所有車型美國售價,15
2023/1/16,[新聞] 立凱-KY再增7客戶 歐洲客戶量產規模擴增,13
2023/1/16,[新聞] 尾牙只有餐盒！富邦金年終入袋　員工見數,59
2023/1/16,[新聞] 《光電股》美系外資首次將元太納入追蹤,12
2023/1/16,[新聞] 外資連三天加碼台積電共逾7萬張 大舉敲進,19
2023/1/16,[情報] 112年01月16日信用交易統計,49
2023/1/16,[新聞] 陸加大控制力 持阿里、騰訊黃金股,21
2023/1/16,[情報] 台積電市占率突破六成 創新高,44
2023/1/16,[新聞]台泥跨界布局 帶旺營收,32
2023/1/16,[情報] 0116 上市櫃外資投信同買排行,2
2023/1/16,[新聞] 15年新低 ！壽險去年初年度保費剩7730億元 公會分析原因出爐,9
2023/1/16,[請益] 成長股終結了沒,10
2023/1/16,[新聞] 不畏通膨、疫情 食品廠拓建新產能,10
2023/1/16,[情報] 6026 福邦證 現金增資基準日及相關事宜,8
2023/1/16,[情報] 0116八大公股銀行買賣超排行,5
2023/1/16,[情報] 0116 上市櫃外資投信買超金額排行,3
2023/1/16,[新聞] 和碩：夏季業績會跳比兔子高,59
2023/1/16,[新聞] 股息紅包變大包！0050配息金額調高至2.6,25
2023/1/16,Re: [新聞] 特斯拉破盤降價！車主變盤子氣炸「這輩子,24
2023/1/16,[新聞] 特斯拉美國大降價 台灣跟進？公司：並未調整售價,100
2023/1/16,[新聞] 聯電去年營業利益破千億 每股賺7.09元,53
2023/1/16,Re: [情報] 馬斯克:通膨放緩可能讓特斯拉降價,15
2023/1/16,[情報] 0116 上市外資買賣超排行,29
2023/1/16,[新聞] 美國電池資助專案非常看重固態電池的未,6
2023/1/16,[情報] 112年01月16日 三大法人買賣金額統計表,96
2023/1/16,[情報] 0116 上市投信買賣超排行,5
2023/1/16,[新聞] 特斯拉破盤降價！車主變盤子氣炸「這輩子,71
2023/1/16,[新聞] 做空美元成為熱門交易 投資人料Fed將放緩,51
2023/1/16,[新聞] 取代OLED螢幕？彭博爆料曝蘋果首款自研M,35
2023/1/16,[新聞] 【CES 2023】電動車成為晶片廠商於2023年,4
2023/1/16,[閒聊] 2023/01/16 盤後閒聊,11
2023/1/16,[新聞] 臺慶科車用、網通需求佳 下半年重返旺,76
2023/1/16,Re: [請益] 現在是新一輪的多頭重啟？暴風雨前寧靜？,5
2023/1/16,[情報] 上週當沖累積虧損最多的股票,8
2023/1/16,Re: [新聞] 中國12月進出口大幅下滑 經濟前景不佳,40
2023/1/16,[情報] 台積電竟成2022中國500強企業第一,99
2023/1/16,Re: [新聞] 又有小確幸 房貸補貼來了,7
2023/1/16,[新聞] 訂單破浪 東哥遊艇衝漲停、新高在望,37
2023/1/16,[新聞] 2023年將是科技公司IPO殞落的一年,4
2023/1/16,[心得] 2017~2022總結,-10
2023/1/16,[新聞] 又有小確幸 房貸補貼來了,-10
2023/1/16,[新聞] 台版晶片法 研發經費門檻 擬訂50～100億,16
2023/1/16,[新聞] 美企Codeword利用ChatGPT創造了2名實習生,11
2023/1/16,[新聞] 元太、聯詠、技嘉 外資按讚,24
2023/1/16,[標的] 3037欣興 利空出盡第二支腳多,25
2023/1/16,[創作]口袋台股APP 提供意見並留言抽LINE POINTS,99
2023/1/16,[閒聊] 2023/01/16 盤中閒聊,100
2023/1/16,[新聞] 友達、群創啟動人事精簡,65
2023/1/16,[新聞] 日本10年債殖利率升破央行設定上限 寫七,21
2023/1/16,[新聞] 台光電桃園廠儲存槽自燃爆炸 消防全力搶,58
2023/1/15,[新聞] 中國12月進出口大幅下滑 經濟前景不佳,51
2023/1/15,[新聞] 外資挺台積 目標價746元,100
2023/1/15,Re: [新聞] 三星電子可能縮減晶圓代工開支 因應市況,22
2023/1/15,[新聞] 三星電子可能縮減晶圓代工開支 因應市況,55
2023/1/15,[新聞] 不力搶台積電訂單，EPS卻成同業之王！聖,15
2023/1/15,[標的] 2330 台積電最近是不是過熱了,68
2023/1/15,[請益] 要怎麼辨別是死貓跳還是趨勢扭轉了,100
2023/1/15,Fw: [公告] Tapqou解任Stock與StockPicket板主職務,20
2023/1/15,[新聞] 外資增持八檔金融股,26
2023/1/15,[心得] 01/16~01/20 美股經濟數據&財報行事曆,31
2023/1/15,Re: [新聞] 50萬翻到數千萬 30歲股神給的投資3堂課,99
2023/1/15,[創作] 愛江山 更愛美人,10
2023/1/15,Re: [請益] 鈊象的優勢到底在哪？為啥可以賺那麼大,29
2023/1/15,[新聞] 阿里割賣了黃金股 有稱遭建150個黨支部,35
2023/1/15,[新聞] 泰山之爭 估6月後判決,12
2023/1/15,Re: [新聞] 50萬翻到數千萬 30歲股神給的投資3堂課,98
2023/1/15,[新聞] 獨／蔡明忠認「對不起股東」！　在防疫險,32
2023/1/15,Re: [情報] 台積電2023年第一季業績展望,40
2023/1/14,[新聞] 高燦鳴︰全球晶片癮 支撐台積電主導地位,39
2023/1/14,Re: [新聞] 50萬翻到數千萬 30歲股神給的投資3堂課,97
2023/1/14,Re: [請益] 鈊象的優勢到底在哪？為啥可以賺那麼大,22
2023/1/14,[標的] 3293.TW 鈊象,34
2023/1/14,Re: [心得] 凱基詐騙分享,13
2023/1/14,[心得] 凱基詐騙分享2,100
2023/1/14,Re: [請益] 現在是新一輪的多頭重啟？暴風雨前寧靜？,22
2023/1/14,Re: [心得] 凱基詐騙分享,20
2023/1/14,Re: [心得] 凱基詐騙分享,73
2023/1/14,Re: [請益] 現在是新一輪的多頭重啟？暴風雨前寧靜？,15
2023/1/14,[新聞] 國建今年目標推案量 衝160億元,38
2023/1/14,[新聞] 收到網路匿名勒贖信 華航：無法確認來源,4
2023/1/14,[心得] 凱基詐騙分享,100
2023/1/14,Re: [請益] 現在是新一輪的多頭重啟？暴風雨前寧靜？,8
2023/1/14,Re: [情報] 國內發行ETF 2022年全年內扣總費用,2
2023/1/14,[請益] 現在是新一輪的多頭重啟？暴風雨前寧靜？,89
2023/1/14,[新聞] 50萬翻到數千萬 30歲股神給的投資3堂課,82
2023/1/14,Re: [心得] 台股沒有連續跌兩年的紀錄,8
2023/1/14,Re: [心得] 台股沒有連續跌兩年的紀錄,5
2023/1/14,[新聞] 國賓處分台積電全數股票870張 總金額逾4,42
2023/1/14,[新聞] 台積電驚天一擊 把一掛大廠打趴在地！謝,69
2023/1/14,[請益] 借券跨除權息日的稅務問題,34
2023/1/14,[新聞] 台美貿易倡議第二回合談判 台美爭取約定,39
2023/1/14,Re: [標的] 2609 陽明 軍工多,17
2023/1/14,[新聞] 一周熱門零股／台積電重返交投第一,10
2023/1/14,[新聞] 小摩投資新創踩雷 挨轟,5
2023/1/13,Re: [其他] Chart Game台指版上線了,7
2023/1/13,Re: [心得] 台股沒有連續跌兩年的紀錄,10
2023/1/13,[新聞] 國外論壇販售華航會員資料，外洩名單包含,43
2023/1/13,[情報] 112年01月13日信用交易統計,45
2023/1/13,Re: [請益] 本金小的操作方式和選股策略,3
2023/1/13,[新聞] 擴大海外產能！台積電增日本第2座廠、評估歐洲建廠,48
2023/1/13,[新聞] PC產業風聲鶴唳 羅技敲響財報季最新警鐘,15
2023/1/13,[公告] 01/13 處置公告,4
2023/1/13,Re: [新聞]  Factset 最新調查：長榮航(2618-TW)EPS,9
2023/1/13,[新聞] 聯電(2303-TW)目標價調升至50元,25
2023/1/13,[新聞] 物價飛漲 企業2月起可申辦資產重估,28
2023/1/13,[情報] 0113八大公股銀行買賣超排行,18
2023/1/13,[情報] 0113 上市櫃外資投信同買排行,1
2023/1/13,Re: [請益] 本金小的操作方式和選股策略,20
2023/1/13,[情報] 0113 上市櫃外資投信買超金額排行,3
2023/1/13,[請益] 有辦法查到自己投資生涯共輸了多少嗎?,39
2023/1/13,Re: [請益] 本金小的操作方式和選股策略,36
2023/1/13,Re: [情報] 20230113 SCFI 1031.42 -29.72,9
2023/1/13,[請益] 本金小的操作方式和選股策略,59
2023/1/13,[情報] 0113 上市外資買賣超排行,61
2023/1/13,[情報] 112年01月13日 櫃買法人買賣金額統計表,13
2023/1/13,Re: [新聞] 年啟動降息？ 4現象暗示通膨觸頂 謝金河,12
2023/1/13,[新聞] 年啟動降息？ 4現象暗示通膨觸頂 謝金河,31
2023/1/13,[新聞] 中鋼2月盤價全面調漲　這類產品漲1000元,17
2023/1/13,[新聞] 力積電去年Q4每股賺0.48元 全年EPS 5.8,19
2023/1/13,[情報] 112年01月13日 三大法人買賣金額統計表,100
2023/1/13,[情報] 20230113 SCFI 1031.42 -29.72,40
2023/1/13,[情報] 0113 上市投信買賣超排行,1
2023/1/13,[情報] 國內發行ETF 2022年全年內扣總費用,65
2023/1/13,[閒聊] 2023/01/13 盤後閒聊,50
2023/1/13,[新聞] 00905臺灣Smart ETF將於2月1日除息,18
2023/1/13,[新聞] 韓國浦項報價暴漲 中鋼2月內銷盤價漲定了,33
2023/1/13,[新聞] 特斯拉下調所有車型美國售價,100
2023/1/13,[新聞] 蘋果：庫克今年減薪逾4成 應本人要求,34
2023/1/13,[標的] 2468華經,7
2023/1/13,[新聞]  Factset 最新調查：長榮航(2618-TW)EPS,46
2023/1/13,[新聞] 特斯拉正從神壇跌落至凡間，與蘋果的差距,26
2023/1/13,[新聞] 2023年我國經濟結構將呈現明顯的外冷內,23
2023/1/13,[閒聊] 2023/01/13盤中閒聊,100
2023/1/13,[新聞] 彭博：台積電將率先擺脫晶片業景氣低谷,34
2023/1/13,[新聞] 海運運價 5月談判有轉機,17
2023/1/13,"Re: [標的] TSLA, AMD, TSM.US 歐印誰 討論",17
2023/1/13,Re: [新聞] 國安基金操盤手：台積電沒有巴菲特防線,36
2023/1/12,[標的] 8261 富鼎  跟著董事一起賣,24
2023/1/12,[情報] 榮剛出售S350鍛造廠房及精整廠房予精剛,6
2023/1/12,[情報] 112年01月12日信用交易統計,39
2023/1/12,Re: [情報] 美國12月CPI 6.5% 核心5.7%,31
2023/1/12,[情報] 美國12月CPI 6.5% 核心5.7%,100
2023/1/12,[請益] 債券ETF進場時機？,54
2023/1/12,Re: [新聞] 橋水去年在中資產翻倍 成最大外資避險基,4
2023/1/12,[情報] World Container Index 0112,7
2023/1/12,[情報] 0112八大公股銀行買賣超排行,7
2023/1/12,[情報] 0112 上市櫃外資投信同買排行,4
2023/1/12,[情報] 0112 上市櫃外資投信買超金額排行,2
2023/1/12,[新聞] 橋水去年在中資產翻倍 成最大外資避險基,20
2023/1/12,[新聞]處分全家案龍邦提無效決議之訴 泰山：收到法院通知,17
2023/1/12,[情報] 0112 上市外資買賣超排行,33
2023/1/12,[新聞] 大立光法說看法悲觀，董座稱需求變差且存,100
2023/1/12,[新聞] 加薪留才？寒舍董座：薪水非員工第一考,-10
2023/1/12,[情報] 112年01月12日 櫃買法人買賣金額統計表,8
2023/1/12,Re: [情報] 2330台積電Q4 EPS 11.41,100
2023/1/12,Re: [情報] 台積電2023年第一季業績展望,10
2023/1/12,[情報] 台積電2023年第一季業績展望,65
2023/1/12,[情報] 112年01月12日 三大法人買賣金額統計表,100
2023/1/12,[請益] 為何不能零成本？,20
2023/1/12,[情報] 0112 上市投信買賣超排行,2
2023/1/12,Re: [情報] 友達 111年11月營收174.75億、年減43,25
2023/1/12,[閒聊] 2023/01/12 盤後閒聊,44
2023/1/12,[情報] 2330台積電Q4 EPS 11.41,99
2023/1/12,[情報] 2023/01/12 台積電Q4法說會 非凡YT直播,33
2023/1/12,[新聞] 董娘入投資群組玩當沖！結果遇到假老師,24
2023/1/12,[新聞] 連巴菲特、老虎基金都套牢 謝金河見1現,38
2023/1/12,[新聞] 政院今通過特別條例將普發6000元現金,87
2023/1/12,[新聞] 合一「速必一」改善疤痕美容臨床試驗發表,32
2023/1/12,[情報] AMD CFO即將退休，接任者為MRVL的CFO,23
2023/1/12,[閒聊] 2023//1/12盤中閒聊,100
2023/1/12,[新聞] 台積電法說後8成會漲 大摩估漲「這麼多」,58
2023/1/12,[新聞] 特斯拉車主衝店抗議大砍價　結果看太便,100
2023/1/12,[請益] 沒配股配息的個股，投資價值比較低？,59
2023/1/11,[新聞] 裕隆今年喜上加喜？納智捷n7下半年交車 原來是,9
2023/1/11,[新聞] 《半導體》台積電財測搶先猜 外資估8成會,32
2023/1/11,[新聞] 小摩執行長估，Fed加息至6%機率為五五波,31
2023/1/11,[情報] 112年01月11日信用交易統計,31
2023/1/11,[情報] 0111 上市櫃外資投信同買排行,4
2023/1/11,Re: [新聞] 《失落的方舟》開服前夕官方喊卡,19
2023/1/11,[新聞] 摩根大通料美國CPI將低於預期 美股投資者,58
2023/1/11,[新聞] 《失落的方舟》開服前夕官方喊卡,37
2023/1/11,[新聞] 黃天牧:4成投資人不到40歲 投資人保護挑戰更巨大,32
2023/1/11,[新聞] 聯電EPS下修至4.91，目標價47,15
2023/1/11,[情報] 0111 上市櫃外資投信買超金額排行,0
2023/1/11,[新聞] 快訊／全美航班大規模「停飛」 至少400架,36
2023/1/11,[新聞] 海運保本可期，專家：運費如通膨不會回,7
2023/1/11,[新聞] 中國爛尾芯片廠的下場 竟淪為養雞場,100
2023/1/11,[新聞] 「天國一輝」反彈失利！防疫股退燒 法人,29
2023/1/11,[情報] 0111八大公股銀行買賣超排行,9
2023/1/11,[新聞] 台驊、中菲行：海運Q2回春,3
2023/1/11,[標的] 8299.TWO 群聯 討論,17
2023/1/11,[情報] 力積電12月自結營收 月減9.73%年減40.33%,68
2023/1/11,[新聞] 力積電黃崇仁：將與印度簽合作協議 協助,46
2023/1/11,[情報] 2890 永豐金 現金增資發行新股7.5億股,84
2023/1/11,[情報] 0111 上市外資買賣超排行,20
2023/1/11,[新聞] 硬脫鉤自尋死路！美大廠想全面停用陸晶片,-10
2023/1/11,[情報] 112年01月11日 櫃買法人買賣金額統計表,16
2023/1/11,[活動] 2022擦鞋童的第二年年報,-10
2023/1/11,[情報] 112年01月11日 三大法人買賣金額統計表,100
2023/1/11,[情報] 0111 上市投信買賣超排行,13
2023/1/11,Re: [請益] 最近很多人在說債券ETF,7
2023/1/11,[新聞] 遠百衝新高今年增2據點 徐旭東：大巨蛋SOGO拚年內開,29
2023/1/11,[情報] 高端疫苗 111年12月營收579萬、年減97.98,45
2023/1/11,[閒聊] 2023/01/11 盤後閒聊,33
2023/1/11,[新聞] 林修銘:台股PE僅10倍 將拜會外資重返台股,21
2023/1/11,Re: [請益] 最近很多人在說債券ETF,51
2023/1/11,Re: [請益] 從總體經濟看待長期投資。,6
2023/1/11,[新聞] 「台灣先生」谷月涵：台股可能再下探萬一,99
2023/1/11,[請益] 最近很多人在說債券ETF,45
2023/1/11,[新聞] 國安基金護盤聚焦1類股 帳面喜賺30億,24
2023/1/11,[新聞] 美利率會升破5%？新債王岡雷克：聽債市ꨭ,27
2023/1/11,[新聞] 魏哲家再加碼買進台積電 連續3個月買467,52
2023/1/11,[情報] 1310台苯 12月營收 mom+32.55% yoy+4.69%,4
2023/1/11,Re: [新聞] 史上最嚴打房 業界：全台建商將倒一半,86
2023/1/11,[新聞] 由田2022年營收31.49億元 創新高,13
2023/1/11,[請益] 從總體經濟看待長期投資。,20
2023/1/11,[新聞] 房市淡 遠雄要賣地,39
2023/1/11,[閒聊] 2023/01/11盤中閒聊,100
2023/1/11,[新聞] 史上最嚴打房 業界：全台建商將倒一半,97
2023/1/11,[新聞] 貨櫃三雄營收 再站上兆元,11
2023/1/11,[情報] 111年【金控股】EPS排名(全已公布),54
2023/1/10,[情報] 4417金洲 12月營收,8
2023/1/10,[標的] 6757.TW 台灣虎航  插翅虎多,11
2023/1/10,[新聞] 郭哲榮：台積電營收居然沒達低標 巴菲特,41
2023/1/10,[標的] 6527明達醫 5312寶島科 眼睛多,11
2023/1/10,"Re: [新聞] 韓媒：三星3奈米良率""已臻完美""、台積電",56
2023/1/10,[標的] 元大美債20年正二,25
2023/1/10,[情報] 6128上福 111年12月營收,6
2023/1/10,[新聞] 中菲行看海空運已近谷底 有春燕飛來跡象,25
2023/1/10,[新聞] 國安基金進場121個交易日 砸545億護盤,38
2023/1/10,[新聞] 全球集裝箱市場萎縮運價暴跌77％ 業者：,23
2023/1/10,[情報] 112年01月10日信用交易統計,40
2023/1/10,[情報] 0110 上市櫃外資投信同買排行,2
2023/1/10,[情報] 本週重要的經濟數字,14
2023/1/10,[創作] 你是我胸口永遠的痛,18
2023/1/10,[情報] 0110 上市櫃外資投信買超金額排行,3
2023/1/10,[情報] 2488漢平111年12月營收,24
2023/1/10,[情報] 1525江申 2022年12月營收,2
2023/1/10,[情報] 2610華航、2618長榮航 12月營收,17
2023/1/10,[新聞] 長榮2022年營收衝破6千億 寫新高,21
2023/1/10,[情報] 2912/5903 統一超/全家 12月營收,12
2023/1/10,Re: [情報] 2603 長榮  12月營收  291.4億,11
2023/1/10,Re: [情報] 2412中華電 111年EPS 4.71,13
2023/1/10,[情報] 4111濟生、4550長佳 12月營收,5
2023/1/10,[情報] 111年【全年度金控含銀行】累績EPS排行,70
2023/1/10,[情報] 0110八大公股銀行買賣超排行,8
2023/1/10,[情報] 2897 王道銀行12月自結1.13 全年1.79,16
2023/1/10,[情報] 3360.tw 尚立 12月營收,12
2023/1/10,[情報] 2412中華電 111年EPS 4.71,19
2023/1/10,[情報] 王道銀行 2022年12月合併營收年增406.6%,23
2023/1/10,[情報]  3088艾訊 12月營收7.27億,11
2023/1/10,[情報] 2882 國泰金12月自結-0.85 全年2.58,72
2023/1/10,[情報] 2603 長榮  12月營收  291.4億,75
2023/1/10,[情報]  2501 國建 12月營收21.7億 累積年增34.2,40
2023/1/10,[情報] 2615 萬海  12月營收  114.5億,15
2023/1/10,[情報] 2888新光金12月自結-0.44全年0.11,93
2023/1/10,[情報]開發金111年12月份自結合併盈餘111EPS:0.98,21
2023/1/10,[情報] 2388威盛 12月營收 月減-10.72% 年增32.58%,6
2023/1/10,[情報] 6721信實 12月營收,4
2023/1/10,[情報] 台泥1101、聯強2347、宏全9939 12月營收,5
2023/1/10,[情報] 2454聯發科 12月營收,30
2023/1/10,[情報] 邦特4107、太醫4126、鐿鈦4163 12月營收,1
2023/1/10,[情報] 富邦金111年12月合併自結損益,37
2023/1/10,[情報] 8442 威宏-KY 12月營收 年增17.00%,3
2023/1/10,[情報] 敦陽科2480、零壹3029、中菲5403 12月營,1
2023/1/10,[情報] 康控-KY 2022年12月合併營收1.17億元 年,8
2023/1/10,[情報] 可成 2022年12月合併營收16.24億元 年增-,27
2023/1/10,[新聞] 〈南亞科法說〉去年Q4營運轉虧、每股虧0.37元 近十年首見單,15
2023/1/10,[情報] 0110 上市外資買賣超排行,39
2023/1/10,[情報] 2542興富發 9940信義  12月營收,17
2023/1/10,[新聞] 基亞12月悄賣高端疫苗220張　套現千萬未,17
2023/1/10,[情報] 1104 環泥 12月營收7.25億、年增27.29%,27
2023/1/10,[情報] 112年01月10日 櫃買法人買賣金額統計表,4
2023/1/10,[情報] 111年 證券、期貨公司 12月自結 eps,8
2023/1/10,[情報] 112年01月10日 三大法人買賣金額統計表,81
2023/1/10,[情報] 0110 上市投信買賣超排行,3
2023/1/10,[請益] 0050要等除息再賣嗎,35
2023/1/10,[情報] 巨大12月合併營收 月減26.17%年減12.43%,23
2023/1/10,[情報] 台塑/南亞/台化/台塑化 2022/12暨全年自結,48
2023/1/10,[閒聊] 2023/01/10 盤後閒聊,29
2023/1/10,[情報] 中鋼12月合併營收 月減3.27%年減24.46%,26
2023/1/10,[情報] 友達12月合併營收 月增2.98%年減43.34%,13
2023/1/10,[情報] 2330 台積電 111年12月營收,99
2023/1/10,"[新聞] 韓媒：三星3奈米良率""已臻完美""、台積電",95
2023/1/10,[新聞] 友達董總帶頭買 彭双浪去年12月大敲千張自家股,15
2023/1/10,[請益] 那斯達克正2竟然有發股息?,42
2023/1/10,[新聞] [新聞] 臺企銀2022年獲利倍增 首破百億,45
2023/1/10,[請益] 定期定額/定期定股為何只能做部份標的？,17
2023/1/10,[新聞] 神準大摩「大熊」再發警告 美股可能再跌,53
2023/1/10,[情報] 6670復盛應用12月營收 年增35.4%,22
2023/1/10,[新聞] 京元電 2023營運拚新高,9
2023/1/10,[標的] 2454.TW 聯發科 紅包發了,4
2023/1/10,[新聞] 八大國產車廠齊漲 和泰「這款車」一口氣,32
2023/1/10,[新聞] 群創營收低迷 去年恐虧300億,59
2023/1/10,[情報] 5516.TW 雙喜 12月及全年營收,2
2023/1/10,[情報]  6026 福邦證 12月營收,4
2023/1/10,[新聞] 蘋果傳棄用博通 計劃2025年採用自研晶片,23
2023/1/10,[閒聊] 2023/01/10 盤中閒聊,100
2023/1/10,[新聞] 台積法說前夕 押寶行情來了,25
2023/1/10,[新聞] 陽明看今年黑白天鵝都有市場難測　目前運,8
2023/1/10,[標的] SOXS SOXL CPI與鮑爾 賭博討論,7
2023/1/09,[創作] 股票策略驗證網站-小韭菜,11
2023/1/09,[新聞] 兩數據放緩聯準會升息可望趨緩 瑞銀預估,36
2023/1/09,[標的] 2471 資通  多,7
2023/1/09,[新聞] 一表看元月除息ETF 冠軍超越0050 殖利率飆破10％!,7
2023/1/09,[情報] 1/09全市場當沖虧損最多的股票,20
2023/1/09,[新聞] 彭博評選2023最值得關注50檔股票 台積電,3
2023/1/09,[新聞] 高鐵去年12月營收創全年高峰 年終獎金2個月,21
2023/1/09,[情報] 聯華食1231、美吾華1731、正隆1904 12月,1
2023/1/09,[情報] 華碩2357、技嘉2376、微星2377 12月營收,18
2023/1/09,[情報] 中化1701、生達1720、南光1752 12月營收,3
2023/1/09,[情報] 112年01月09日信用交易統計,34
2023/1/09,[新聞] 洋基去年營收139.7億元創歷史新高 在手訂,76
2023/1/09,[新聞] 春燕不遠了？台系成熟製程代工迎去中兩大,21
2023/1/09,[情報] 上海出口集裝箱結算運價指數 0109,7
2023/1/09,[心得] 如果是技術分析的話,11
2023/1/09,[新聞] 彭博：高盛本周將裁員 人數達3200,18
2023/1/09,[情報] 0109八大公股銀行買賣超排行,12
2023/1/09,[情報] 滿心12月營收1.94億元年增14.1% 1—12月,7
2023/1/09,[情報] 1234黑松 12月營收,14
2023/1/09,[情報] 2353宏碁 12月營收,11
2023/1/09,[情報] 2891 中信金12月自結0.03 全年1.67,39
2023/1/09,[標的] TMF.US 多,6
2023/1/09,[情報] 0109 上市櫃外資投信同買排行,1
2023/1/09,[新聞] 欣銓去年營收登峰，獲利估齊創高,13
2023/1/09,[情報] 2812 台中銀12月自結0.1 全年1.12,29
2023/1/09,[情報] 2880 華南金12月自結0.08 全年1.27,18
2023/1/09,[情報] 0109 上市櫃外資投信買超金額排行,5
2023/1/09,[情報] 2609陽明 12月營收,95
2023/1/09,[情報] 2323 中環 子公司取得長榮海運股票,17
2023/1/09,[新聞] 陽明總經理杜書勤：全球庫存已陸續去化、,0
2023/1/09,Re: [情報] 2845 遠東銀12月自結0.11 全年1.00,6
2023/1/09,[新聞] 廣達2022年營收創新高 仁寶歷史次高 均守,12
2023/1/09,[情報] 緯穎111年第四季自結損益 全年EPS:81.09,7
2023/1/09,[新聞] 蘇伊士運河又塞住了！準備航向中國,64
2023/1/09,[情報] 2834 臺企銀12月自結0.1 全年1.26,64
2023/1/09,Re: [標的] 2609 陽明 軍工多,3
2023/1/09,[新聞] 台積電尾牙豪送「頭獎100萬元」！幸運工,9
2023/1/09,[新聞] 微軟Bing一旦結合ChatGPT，將給谷歌搜尋,24
2023/1/09,[情報] 0109 上市外資買賣超排行,36
2023/1/09,[情報] 112年01月09日 櫃買法人買賣金額統計表,10
2023/1/09,[情報] 1513 中興電 12月營收,23
2023/1/09,Re: [請益] 怎麼樣說服家人這是詐騙？,7
2023/1/09,[情報] 2027 大成鋼 12月營收,9
2023/1/09,[情報] 112年01月09日 三大法人買賣金額統計表,100
2023/1/09,[情報] 0109 上市投信買賣超排行,12
2023/1/09,[情報] 2889 國票金12月自結-0.01 全年0.41,23
2023/1/09,[新聞] 富士康聯手 NVIDIA 打造自駕車,18
2023/1/09,[閒聊] 2023/01/09 盤後閒聊,68
2023/1/09,[情報] 2836 高雄銀12月自結0.03 全年0.75,14
2023/1/09,[新聞] 航運大咖:黑天鵝第2季消失 看好下半年景,0
2023/1/09,[情報] 6176瑞儀 12月營收 月減30.7% 年減30%,14
2023/1/09,[新聞] 客戶可望恢復拉貨 國巨獲外資喊進叫價630,41
2023/1/09,"Re: [請益] 大多數人賺不到價差,存股是不是才是贏家",9
2023/1/09,[標的] 3037欣興8046南電 多,53
2023/1/09,[新聞] 存股族注意！2023年銀行型金控有兩大逆風,34
2023/1/09,Re: [新聞] 國安基金操盤手：台積電沒有巴菲特防線,11
2023/1/09,[新聞] 花旗CEO：Fed終點利率5月前逼近5.5%、美,39
2023/1/09,[新聞] 麥當勞宣布大規模改組裁員！首席執行長：,60
2023/1/09,[情報] 全科 2022年12月合併營收51.47億元 年增7,7
2023/1/09,[新聞] 民眾苦喊萬物齊漲 陳吉仲：只有雞蛋價格,-10
2023/1/09,Re: [情報] History Says Don't Buy The Dip As The,8
2023/1/09,[閒聊] 2023/01/09盤中閒聊,100
2023/1/09,[新聞] 台積周四法說 五議題聚焦,15
2023/1/09,[新聞] 海運多空論戰 船公司仙拚仙,8
2023/1/08,[新聞] 巨大躺槍！同行爆要求供應鏈2年撤台,8
2023/1/08,[活動] 小資長期持股5年績效(2018~2022),29
2023/1/08,"Re: [請益] 大多數人賺不到價差,存股是不是才是贏家",35
2023/1/08,[新聞] 大摩：預計台積電2023年第一季度營收將季,100
2023/1/08,"Re: [請益] 大多數人賺不到價差,存股是不是才是贏家",4
2023/1/08,Re: [請益] 年領百萬股息的無業遊民所得稅大概多少?,16
2023/1/08,"Re: [請益] 大多數人賺不到價差,存股是不是才是贏家",3
2023/1/08,Re: [標的] 2317鴻海 裕隆2201 趨勢就是多,14
2023/1/08,Re: [新聞] 終端需求無好轉！萬海總座：農曆春節,27
2023/1/08,"Re: [請益] 大多數人賺不到價差,存股是不是才是贏家",5
2023/1/08,[新聞] x86處理器市場變天，AMD x86市佔率已經逼,49
2023/1/08,Re: [情報] History Says Don't Buy The Dip As The,32
2023/1/08,"Re: [請益] 大多數人賺不到價差,存股是不是才是贏家",12
2023/1/08,"Re: [請益] 大多數人賺不到價差,存股是不是才是贏家",17
2023/1/08,"Re: [請益] 大多數人賺不到價差,存股是不是才是贏家",7
2023/1/08,[新聞] 兩大題材加持 IC設計族群強漲 有望躍上新,20
2023/1/08,[情報] History Says Don't Buy The Dip As The,34
2023/1/08,[新聞] 韓國央行13日開決策會議 預料升息1碼,51
2023/1/08,Re: [新聞] 螞蟻集團：創辦人馬雲已放棄控制權,0
2023/1/08,[心得]01/09~01/13 美股經濟數據&財報行事曆,25
2023/1/08,[新聞] 美經濟放緩 Fed官員挺升息一碼,50
2023/1/08,[新聞] 顏益財估俄烏戰後重建與中國疫後建設,13
2023/1/08,[新聞] 台股農曆年封關日8成上漲機率 年後漲相,14
2023/1/08,[新聞] 鄭貞茂：活化資產設行動辦公室　陽明先,16
2023/1/08,Re: [新聞] 一周熱門零股  鴻海躍居交投第一,4
2023/1/08,Re: [新聞] 特斯拉再降價 扮陸「價格屠夫」 車主怒喊,0
2023/1/08,[標的] 2885 元大金,25
2023/1/08,[新聞] 螞蟻集團：創辦人馬雲已放棄控制權,100
2023/1/07,[情報] 8931 大汽電 12月營收 年增89.7%,11
2023/1/07,[新聞] 中國逾60萬億城投債危機 恐釀金融風險,48
2023/1/07,[新聞] 特斯拉再降價 扮陸「價格屠夫」 車主怒喊,100
2023/1/07,[新聞] 顏益財2023年『驚濤駭浪、有驚無險』,11
2023/1/07,[新聞] 上月出口年減12.1％ 財部估1月連5黑,30
2023/1/07,Re: [新聞] 台康生新藥遭FDA提生產製造及設施缺失,10
2023/1/07,[新聞] 泰山公司派告發朱國榮.詹岳霖 涉內線交易,48
2023/1/07,[情報] 2886 兆豐金12月自結0.02 全年1.32,82
2023/1/07,[情報] 2887 台新金12月自結0.03 全年1.09,32
2023/1/07,[標的] 0091.HK 金禧國際 討論,2
2023/1/07,[情報] 5880 合庫金12月自結0.13 全年1.44,27
2023/1/07,[情報] 3037 欣興 12月營收,51
2023/1/07,[新聞] 國安基金10日召開例會 預料續授權護盤,13
2023/1/07,Re: [情報] 美國失業率與非農就業,18
2023/1/07,[活動] 2022空軍大獲全勝,10
2023/1/07,[情報] 2890 永豐金12月自結0.1 全年1.39,45
2023/1/07,Re: [情報] 2845 遠東銀12月自結0.11 全年1.00,15
2023/1/07,Re: [情報] 美國失業率與非農就業,82
2023/1/07,[情報] 2801 彰銀12月自結0.09 全年1.04,5
2023/1/07,[情報] 2892 第一金12月自結0.09 全年1.56,24
2023/1/07,[情報] 2884 玉山金12月自結0.08 全年1.10,40
2023/1/07,[情報] 6005 群益證12月自結0.08 全年0.38,12
2023/1/07,[新聞] 減班三成運價還跌法人估虧損疑慮大　謝,5
2023/1/07,Re: [標的] 大盤 主跌段要來了嗎 ? Winter is co,8
2023/1/07,Re: [新聞] 稅收超徵八成來自營所稅！台積電五大企業,42
2023/1/07,[情報] 2845 遠東銀12月自結0.11 全年1.00,51
2023/1/07,Re: [新聞] 服務業想引進移工　勞動部：請先提高國,43
2023/1/07,Re: [新聞] 服務業想引進移工　勞動部：請先提高國,19
2023/1/07,[新聞] 梅西百貨警告年底購物季業績比預期差 今,33
2023/1/07,[新聞] 立院三讀通過台版晶片法 研發費25％可抵,29
2023/1/07,[新聞] 索尼宣稱PS5主機缺貨已經結束，供貨改善,86
2023/1/07,[情報] 6806 森崴能源 12月營收,12
2023/1/07,[新聞] 一周熱門零股  鴻海躍居交投第一,15
2023/1/07,Re: [新聞] 服務業想引進移工　勞動部：請先提高國,34
2023/1/07,[新聞] 稅收超徵八成來自營所稅！台積電五大企業,100
2023/1/07,[新聞] 英媒：英國正變成窮國 卻無法弄清楚原因,100
2023/1/07,Re: [標的] 大盤 主跌段要來了嗎 ? Winter is co,64
2023/1/07,Re: [新聞] 服務業想引進移工　勞動部：請先提高國,23
2023/1/07,Re: [請益] 怎麼樣說服家人這是詐騙？,54
2023/1/07,[標的] 正二00631L.聯電2303友達2409多,5
2023/1/07,Re: [標的] AMD.US 跌回11月起漲點 多,17
2023/1/06,[標的] Nasdaq 或許有嚇啞的逆襲,9
2023/1/06,Re: [新聞] Dell 傳將停用中國製晶片，法人：台廠可,100
2023/1/06,[情報] 1/06全市場當沖虧損最多的股票,9
2023/1/06,[創作] 雜空中最亮的星,7
2023/1/06,[新聞] 《國際產業》產量下滑 殼牌上季LNG仍拚大,10
2023/1/06,[情報] 美國失業率與非農就業,71
2023/1/06,[新聞] 國籍航空年終比一比！ 華航今開獎拍板比,9
2023/1/06,[情報] 112年01月06日信用交易統計,33
2023/1/06,[新聞] 2.0市值型ETF來了！國泰台灣領袖50 ETF 3,38
2023/1/06,[新聞] 聯電去年第4季營收季減一成 進入庫存調,11
2023/1/06,[情報] 5864致和證全年-0.83元,2
2023/1/06,[情報] 6015宏遠證 2022全年自結-0.63,13
2023/1/06,[情報] 0106 上市櫃外資投信同買排行,0
2023/1/06,[情報] 0106八大公股銀行買賣超排行,5
2023/1/06,[新聞] 美系外資同步升評3檔半導體 聯詠目標價調,23
2023/1/06,Re: [請益] 大家一窩蜂正2是否會有擦鞋童效應?,1
2023/1/06,[情報] 2832台產 12月營收,10
2023/1/06,[新聞] 晶片毀滅戰升溫！美大廠發狠停用陸製品,72
2023/1/06,[新聞] 陸發改委前副主任：近期會有「共同富裕」,33
2023/1/06,[情報] 0106 上市櫃外資投信買超金額排行,1
2023/1/06,[新聞] SCFI本周再度轉為負數、跌4.19%　美東線,24
2023/1/06,Re: [情報] 0106 SCFI 指數 1061.14 (-46.41),6
2023/1/06,[新聞] 通膨增溫 12月CPI年增2.71% 去年全年達2,39
2023/1/06,[活動] 2022結算暨兩年畢業文,61
2023/1/06,[新聞] 汽車半導體市場於未來五年市場規模將增加,6
2023/1/06,Re: [標的] 4163 鐿鈦 多,8
2023/1/06,[標的] 大盤 可不可以空下去賺一下下就好空,22
2023/1/06,[情報] 1514 亞力12月營收 mom14.89% yoy62.99%,8
2023/1/06,[標的] 大盤 空,75
2023/1/06,[情報] 0106 上市外資買賣超排行,18
2023/1/06,[新聞] 電動車朝主流市場邁進 經濟衰退成變數,19
2023/1/06,Re: [新聞] 史上最便宜！中國國產特斯拉大降價 Model,55
2023/1/06,[情報] 群益期(6024) 自行結算111年12月份獲利,38
2023/1/06,[情報] 112年01月06日 櫃買法人買賣金額統計表,12
2023/1/06,[情報] 宏達電12月營收 月增33.66%年減9.57%,20
2023/1/06,[情報] 0106 上市投信買賣超排行,18
2023/1/06,[情報] 112年01月06日 三大法人買賣金額統計表,34
2023/1/06,[情報]  8069 元太 12月營收,21
2023/1/06,[情報] 0106 SCFI 指數 1061.14 (-46.41),52
2023/1/06,[新聞] 日盛投信：台股築底完成並開始往多頭發展,10
2023/1/06,[情報] 2885元大金12月自結0.06 全年1.72,29
2023/1/06,[新聞] Dell 傳將停用中國製晶片，法人：台廠可,23
2023/1/06,Re: [新聞] 史上最便宜！中國國產特斯拉大降價 Model,20
2023/1/06,[情報] 2303 聯電 12月營收,18
2023/1/06,[閒聊] 2023/01/06 盤後閒聊,99
2023/1/06,[情報] 6669緯穎12月營收 mom-8.7% yoy+41.1%,7
2023/1/06,[情報] 瑞昱12月營收 MoM-12.59% YoY-30.51%,15
2023/1/06,[活動] 2022年操作心得,76
2023/1/06,[新聞] 《光電股》蘋果光消風 瑞儀遭外資評價雙,11
2023/1/06,[新聞] 歐洲線長約釀漲 水手提1數據「怪怪的」悲,0
2023/1/06,[新聞] 史上最便宜！中國國產特斯拉大降價 Model,63
2023/1/06,[新聞] 台灣第一家！ 鴻海年營收 飛越6兆元,53
2023/1/06,[新聞] 國泰台灣領袖50ETF  募集案申報生效,49
2023/1/06,Re: [請益] 景氣燈號操作法,19
2023/1/06,[新聞] 三星Q4在晶片價跌中利潤創新低 同比-69%,21
2023/1/06,[新聞] FT報導鴻海高階iPhone代工 立訊搶單,12
2023/1/06,[新聞] 台股2022年量價齊跌 日均量年減高達38.14,4
2023/1/06,[閒聊] 2023/01/06盤中閒聊,100
2023/1/06,[新聞] HTC推新品！VIVE XR Elite登場售價34900,48
2023/1/06,[新聞] 寶得利負責人張雅琍 疑利用人頭拉抬公司股價 套利數千萬,5
2023/1/06,[新聞] 德魯里貨櫃運費指數小漲0.7%　主要靠歐洲,2
2023/1/06,[請益] 景氣燈號操作法,35
2023/1/06,Re: [心得] Fed無法縮表到底，對股市的影響|論文解讀,15
2023/1/06,[新聞] 獨家》美企指控侵權 華碩、宏碁遭美調查,14
2023/1/06,Re: [請益] 大家一窩蜂正2是否會有擦鞋童效應?,56
2023/1/06,[公告] 01/05 處置公告＋年假期間閒聊文規範,7
2023/1/05,[新聞] 中鋼2月盤價看漲,18
2023/1/05,[請益] SDOW三倍放空道瓊反向ETF配息？,6
2023/1/05,[新聞] 中信銀兩分行突遭檢警搜索　業者：配合調,19
2023/1/05,[新聞] 需求疲軟！特斯拉中國12月交車量再創新低,59
2023/1/05,[情報] 112年01月05日信用交易統計,10
2023/1/05,"[新聞] 群光去年營收1,157億元創歷史新高",15
2023/1/05,[情報] 1/05全市場當沖虧損最多的股票,8
2023/1/05,[情報] 4114 健喬 12月營收 史高,26
2023/1/05,[情報] 3293.TW 鈊象 12月營收,15
2023/1/05,[新聞] 藥華藥去年12月營收小幅下滑,7
2023/1/05,[情報] 0105 上市櫃外資投信同買排行,1
2023/1/05,[情報] 0105八大公股銀行買賣超排行,8
2023/1/05,[新聞] 〈服務業加薪搶人〉乾杯平均調薪6.5% Q1,37
2023/1/05,[新聞] 元太發表全新E Ink Prism 3技術 BMW概念,21
2023/1/05,[情報] 0105 上市櫃外資投信買超金額排行,0
2023/1/05,[情報] 本週WCI指數 0105,14
2023/1/05,[新聞] 南亞科去年Q4營收探十年新低,15
2023/1/05,[新聞] SCFI拚連2紅 長榮出海搶錢？不只運價漲,18
2023/1/05,[情報] 2838 聯邦銀12月自結0.11 全年0.84,17
2023/1/05,[情報] 2313 華通 12月營收,4
2023/1/05,[情報] 8171 天宇 12月營收 月增36.87% 年增261.62%,14
2023/1/05,[情報] 3665 貿聯-KY 12月營收,7
2023/1/05,[情報] 0105 上市外資買賣超排行,26
2023/1/05,[情報] 鴻海12月營收 月增14.20% 年減12.30%,65
2023/1/05,[情報] 大立光12月營收 月減23.24%年減10.81%,39
2023/1/05,[情報] 112年01月05日 櫃買法人買賣金額統計表,6
2023/1/05,[情報] 112年01月05日 三大法人買賣金額統計表,39
2023/1/05,[情報] 0105 上市投信買賣超排行,14
2023/1/05,Re: [新聞] 海運歐洲線長約 喊出高價,7
2023/1/05,Re: [新聞] 海運歐洲線長約 喊出高價,26
2023/1/05,[情報] 3443 創意 12月營收,46
2023/1/05,[閒聊] 2023/01/05 盤後閒聊,39
2023/1/05,[新聞] 後疫情時代 貨櫃航商策略、戰力決勝,4
2023/1/05,[新聞] 法人：布局 0050、00850時機,19
2023/1/05,[新聞] 柴潛生產 鄭文隆：台船籌組「潛艦零組件,14
2023/1/05,[新聞] 公司處分轉投資股份，須經過股東會同意,19
2023/1/05,[新聞] 馬斯克太衝動 重傷特斯拉,9
2023/1/05,Re: [新聞] Fed 12月會議紀錄：擔心市場過於樂觀、無,0
2023/1/05,[新聞] 日經：戴爾計劃2024年全面停用大陸製造,43
2023/1/05,Re: [標的] 5516.TW 雙喜 重案組呼叫「做多」,8
2023/1/05,[新聞] 普發6千元！分析師揭「能買的15檔股票」,33
2023/1/05,Re: [新聞] FT：蘋果將高階iPhone轉單立訊 鴻海失去,100
2023/1/05,[請益] 發公司債來買庫藏股到底是什麼操作?,21
2023/1/05,[情報] 00713收益分配,31
2023/1/05,[閒聊] 2023/01/05 盤中閒聊,99
2023/1/05,[新聞] 允能風場爆發債務危機 國內離岸風電首例,82
2023/1/05,[新聞] FT：蘋果將高階iPhone轉單立訊 鴻海失去,43
2023/1/05,[標的] mchi 中國多,10
2023/1/05,[新聞] Fed 12月會議紀錄：擔心市場過於樂觀、無,32
2023/1/05,[新聞] 海運歐洲線長約 喊出高價,33
2023/1/05,Re: [新聞] 「女股神」：特斯拉續航力特強 五年內股,52
2023/1/05,Re: [標的] 我只有500 空,6
2023/1/05,[新聞] 少年股神求生記！他短短1年暴賺2億 3個,72
2023/1/04,[新聞] 錢進台股訊號出現？ 群益：景氣轉黃藍燈,28
2023/1/04,[新聞] 疫情重創經濟 北京暫停巨額晶片支出,18
2023/1/04,[新聞] 市場錢多 央行定存單利率走跌,23
2023/1/04,[新聞] 證交所重罰泰山200萬元，創史上最高紀錄,58
2023/1/04,[新聞] 群創南科T6廠驚傳「職安事故」！廠內1,13
2023/1/04,[情報] 112年01月04日信用交易統計,7
2023/1/04,[標的] 8227巨有科技 ic多,3
2023/1/04,[情報] 0104 上市櫃外資投信同買排行,0
2023/1/04,[標的] 請益8261富鼎為什麼一年沒有跌？,20
2023/1/04,[情報] 1101台泥 111年度第3次無擔保普通公司債,9
2023/1/04,[新聞] 特斯拉中國區總裁朱曉彤傳已接管北美地區,30
2023/1/04,[情報] 1101 台泥 臨時董事會決議買回庫藏股,28
2023/1/04,[標的] 8086宏捷科 多,18
2023/1/04,[新聞] 先有大摩重申700元目標價 這基金也認同台,32
2023/1/04,Re: [新聞] 「女股神」：特斯拉續航力特強 五年內股,10
2023/1/04,[情報] 0104八大公股銀行買賣超排行,1
2023/1/04,[心得] 台股沒有連續跌兩年的紀錄,80
2023/1/04,[新聞] 勒緊褲帶 高盛取消免費咖啡福利,37
2023/1/04,[新聞] 黑色星期五電腦一台79美元？陳俊聖：「這是螢幕價」宏碁去庫,15
2023/1/04,[新聞] 謝金河：機會總在絕望中誕生,0
2023/1/04,[情報] 4743 合一 12月營收,39
2023/1/04,[請益] 為啥股票不能後進先出法或指定賣出？,25
2023/1/04,[新聞] 工人回來了 富士康鄭州廠出貨量達標9成,10
2023/1/04,[情報] 0104 上市櫃外資投信買超金額排行,2
2023/1/04,[新聞] 「女股神」：特斯拉續航力特強 五年內股,82
2023/1/04,[新聞] 3檔美債ETF漲逾1.8%！專家：把握時間利,3
2023/1/04,[情報] 0104 上市外資買賣超排行,35
2023/1/04,[新聞] 2022年北台灣10大建商出爐 寶佳以破千億,16
2023/1/04,[請益] 這種時局是不是空手等時機最好？,36
2023/1/04,[情報] 2809 京城銀12月自結0.39 全年1.98,48
2023/1/04,[新聞] 國內半導體業將環繞於景氣修正、地緣政治,4
2023/1/04,[情報] 112年01月04日 櫃買法人買賣金額統計表,2
2023/1/04,[新聞] 特斯拉重挫拖累，特斯拉A股供應鏈盤中走跌,11
2023/1/04,[情報] 0104 上市投信買賣超排行,17
2023/1/04,[情報] 112年01月04日 三大法人買賣金額統計表,41
2023/1/04,[新聞] 疫情打擊經濟與財政實力 中國恐將暫停巨,61
2023/1/04,[新聞] 高燦鳴：半導體股實在真便宜訂戶專屬,10
2023/1/04,[閒聊] 2023/01/04 盤後閒聊,38
2023/1/04,[新聞] 獎勵半導體投資 南韓擴大減稅,14
2023/1/04,Re: [請益] 這波修正 各位有抗跌神股嗎,9
2023/1/04,Re: [新聞] 輝達攜手鴻海 打造自駕汽車平台,5
2023/1/04,[新聞] 葛林斯潘：通膨降溫不夠 衰退是最有可能,34
2023/1/04,[標的] 3006 晶豪科 多,15
2023/1/04,[新聞] 【波羅的海指數】BDI BDTI 皆跌勢加劇,14
2023/1/04,[新聞] 輝達攜手鴻海 打造自駕汽車平台,32
2023/1/04,[閒聊] 2023/01/04盤中閒聊,100
2023/1/04,[新聞] 變相保護主義？美《降低通膨法案》引發各,23
2023/1/04,[新聞] 貨櫃雙雄營運添利多,43
2023/1/04,[標的] AAPL.US 小短多,12
2023/1/04,[新聞] 「大賣空」本尊：不管怎麼看 美國就是已,54
2023/1/04,Re: [標的] TSLA.US 開盤往下空,11
2023/1/04,[請益] 上沖下洗的盤,15
2023/1/04,[新聞] 史上第一人！馬斯克「解鎖新成就」,25
2023/1/03,[情報] ETF內扣總費用,54
2023/1/03,[新聞] 誇大電動車續航里程 南韓開罰特斯拉6900,87
2023/1/03,[情報] 112年01月03日信用交易統計,26
2023/1/03,[新聞] 誠品信義店確定說再見…今發函給廠商：12,56
2023/1/03,[新聞] 南電去年Q4營收177億元 全年飆646億元雙,13
2023/1/03,[情報] 0103 上市櫃外資投信同買排行,0
2023/1/03,[新聞] 高通啟動選擇性裁員　加倍投入汽車領域,8
2023/1/03,[新聞] 庫存調整正向發展 面板驅動IC族群股價齊,9
2023/1/03,[新聞] 【台股封關秀】哭哭！ 2022年當沖客慘賠3,14
2023/1/03,Re: [新聞] 快訊／允諾發現金囉！蔡英文證實：保留一,10
2023/1/03,[請益] 想要拿500萬買00878,73
2023/1/03,[情報] 0103 上市櫃外資投信買超金額排行,0
2023/1/03,[新聞] 美股Q1可能上漲 與華爾街認為今年會先跌,14
2023/1/03,[新聞] 泰山處分全家持股違內控規定 證交所罰200萬元,26
2023/1/03,[情報] 0103八大公股銀行買賣超排行,2
2023/1/03,Re: [新聞] 航運慶祝行情呢？內行洩1數據：在跑了,20
2023/1/03,Re: [新聞] 長勤爭3個月年終！工會曝「資方態度強硬,44
2023/1/03,Re: [標的] TSLA.NA  有底汽才能多,13
2023/1/03,[新聞] 誰讓龍邦吃泰山吃到噎住？財經名嘴點名「他」,36
2023/1/03,[新聞] 航運慶祝行情呢？內行洩1數據：在跑了,23
2023/1/03,[情報] 0103 上市外資買賣超排行,18
2023/1/03,[新聞] 快訊／0050元月30日除息！　每股配2.5元,56
2023/1/03,[標的] 請益2317鴻海,74
2023/1/03,[新聞] 打造綠色物流 momo攜手蓋亞汽車推出電動,8
2023/1/03,[情報] 112年01月03日 櫃買法人買賣金額統計表,15
2023/1/03,[新聞] 快訊／允諾發現金囉！蔡英文證實：保留一,72
2023/1/03,[情報] 112年01月03日 三大法人買賣金額統計表,56
2023/1/03,Re: [新聞] 外資看衰驅動IC 續喊賣聯詠目標161元,16
2023/1/03,[情報] 0103 上市投信買賣超排行,15
2023/1/03,[新聞] 勞動基金：今年台股將先苦後甘 建議逢低,36
2023/1/03,[新聞] 華爾街日報:近7成大銀行認美今年經濟衰退,19
2023/1/03,[閒聊] 2023/01/03 盤後閒聊,99
2023/1/03,[新聞] 國產車廠 明年全面漲價,44
2023/1/03,Re: [新聞] 特斯拉報告2022年交付了131萬次，比去年,24
2023/1/03,[新聞] 最大貨櫃船公司MSC如果真的單獨營運　市,19
2023/1/03,[新聞] 宏達電傳CES展端新品 新款VR頭盔將亮相,20
2023/1/03,Re: [新聞] 特斯拉報告2022年交付了131萬次，比去年,66
2023/1/03,[情報] ETF市值排行,62
2023/1/03,[新聞] 還是賠！　勞動基金前11月累計虧損2382.,100
2023/1/03,Re: [心得] 回顧 2022 盤中閒聊作者與大盤關係,9
2023/1/03,[新聞] 悠遊卡興櫃首日飆84元漲逾30%　爆逾15萬,22
2023/1/03,[新聞] 北美暴雪肆虐氣候惡劣 AM汽車零件廠估受,9
2023/1/03,[閒聊] 2023/01/03 盤中閒聊,100
2023/1/03,[新聞] 陸綠色航運 加強碳管理,1
2023/1/03,[請益] 像海運瞬間大賺一筆的上市公司未來會如,39
2023/1/03,[新聞] 特斯拉報告2022年交付了131萬次，比去年,33
2023/1/03,[心得] 產業營收整理2022Q3-part3(下跌篇),59
2023/1/03,[創作] Ptt Alertor 股版追蹤排行榜,13
2023/1/03,[公告] 0103 警告 水桶 多人,10
2023/1/02,[心得] 回顧 2022 盤中閒聊作者與大盤關係,86
2023/1/02,[活動] 2022年結算暨操作心得分享徵文 P幣活動,5
2023/1/02,[請益] 董監持股比例過高代表？,31
2023/1/02,[情報] 上海出口集裝箱結算運價指數 0102,23
2023/1/02,[新聞] 手機面板 1月跌幅擴大,18
2023/1/02,[心得] 2022總結及經驗談,100
2023/1/02,[心得] 2022年報_Riyar,12
2023/1/02,Re: [請益] 各種矛盾的現象,16
2023/1/02,[新聞] 醫藥營運轉骨 步入高獲利時代,29
2023/1/02,[新聞] 獨家/AMD將來台設物流中心！半導體大咖們,46
2023/1/02,[新聞] 長勤爭3個月年終！工會曝「資方態度強硬,62
2023/1/02,Re: [新聞] 發現金或消費券不可能了？ 蔡總統提3面向,4
2023/1/02,Re: [新聞] 發現金或消費券不可能了？ 蔡總統提3面向,52
2023/1/02,[請益] 各種矛盾的現象,71
2023/1/02,[新聞] 長榮海、航運年終兩樣情！　法人分析「合,15
2023/1/02,[標的] 大魯閣(1432)可以買一張等賺紅包嗎?,47
2023/1/02,Re: [新聞] 發現金或消費券不可能了？ 蔡總統提3面向,29
2023/1/01,[心得] 小小虎2022年報 賠錢了:(,46
2023/1/01,[新聞] 美中科技戰找利基，南韓羨慕台灣擴大海外,24
2023/1/01,Re: [心得] 2022，正二，0050，債券一次性比較,50
2023/1/01,Re: [新聞] 發現金或消費券不可能了？ 蔡總統提3,35
2023/1/01,Re: [新聞] 發現金或消費券不可能了？ 蔡總統提3面向,11
2023/1/01,[新聞] 展望今年台股 投顧：疾風知勁草、2023看,18
2023/1/01,[標的] 2023大盤多頭回歸,34
2023/1/01,[標的] 2023大盤多,34
2023/1/01,[新聞] 製造業景氣加速萎縮 中國官方PMI降至47,15
2023/1/01,[新聞] 馬士基新執行長 柯文勝推科技整合轉型,28
2023/1/01,[新聞] 資產蒸發6兆 馬斯克創史上第1紀錄,35
2023/1/01,[新聞] 不滿年終差超大 長榮航勤「怒不出勤」航,99
2023/1/01,Re: [請益] 大家一窩蜂正2是否會有擦鞋童效應?,61
2023/1/01,[新聞] 發現金或消費券不可能了？ 蔡總統提3面向,100
2023/1/01,[心得] 2022年報 還是賠錢,50
2023/1/01,[新聞] 專訪／繁華過後　謝志堅看今年貨櫃船公司,4
2023/1/01,[心得] 2022年報,15
2023/1/01,[心得] 2022年報及一些小心得,23
2023/1/01,Re: [心得] 2022，正二，0050，債券一次性比較,12
