date,title,energy
2019/12/31,[心得] 2019 12月心得 展望2020,100
2019/12/31,[新聞] 川普推文宣布 1月15日簽署美中第一階段貿,45
2019/12/31,[新聞] 中國華融墨西哥石油未爆彈 台灣債券市場,7
2019/12/31,[新聞] 槓桿過高！美銀：美BBB級企業債 約1/4應,16
2019/12/31,[新聞] 半導體市值今年增4.15兆元 台積電貢獻最大,6
2019/12/31,[新聞] 一度升破30元 恐吃掉本季獲利 代工廠備戰,27
2019/12/31,[標的] 6147 頎邦 癢了，多！,9
2019/12/31,[請益] 用什麼選股策略來搭配標的文？,3
2019/12/31,Re: [請益] 65歲 2450萬 該如何選股？,8
2019/12/31,[標的] 4580捷流閥業 有搞頭嘛?,31
2019/12/31,Re: [其他] 群益證(6005) 決議買回15萬張庫藏股,13
2019/12/31,[新聞] 健策斥3億元參與金利私募 進行資源整合,3
2019/12/31,[心得] 2003~2019台股大盤報酬率,8
2019/12/31,[新聞] 媲美星港新財管方案 金管會開放19項措施,8
2019/12/31,[新聞] 台幣又狂升1.4角破30元楊金龍防線 一年半,29
2019/12/31,Re: [新聞] 我國第三期太空計畫10年投入251億元、扶,8
2019/12/31,Re: [請益] 65歲 2450萬 該如何選股？,24
2019/12/31,[新聞] 黃金連5漲 創3個月以來新高,10
2019/12/31,[請益] 65歲 2450萬 該如何選股？,99
2019/12/31,[新聞] 超微新CPU訂單 台積全包,45
2019/12/31,[其他] 108年12月31日 三大法人買賣金額統計表,71
2019/12/31,Re: [其他] 股神猜猜樂 (開獎),5
2019/12/31,[請益] 如何在權證市場上賺錢,8
2019/12/31,[心得] 2019 年報,100
2019/12/31,[心得] 生涯報酬率(第4.5年),33
2019/12/31,[閒聊] 2019/12/31 盤後閒聊,16
2019/12/31,[標的] 武漢SARS口罩概念股 9919康那香 1325恆大,42
2019/12/31,Re: [標的] 智邦 穩穩多,15
2019/12/31,[新聞]【百妻富豪掀風暴1】全社區小孩都叫他「,8
2019/12/31,[新聞] 工研院攜手車王電　2020Q1推自駕電動巴士,6
2019/12/31,[請益] 現在在中國爆發的類SARS會有影響嗎,45
2019/12/31,[標的] 達邁,4
2019/12/31,[請益] 美股技術指標,5
2019/12/31,Re: [標的] 智邦 穩穩多,100
2019/12/31,[新聞] 物價正在上漲 Fed明年最大威脅:通膨,6
2019/12/31,[新聞] 中國修訂證券法明年三月實施 大幅降低上市門檻,15
2019/12/31,[新聞] 央行穩匯 重啟「柳樹理論」,27
2019/12/31,[新聞] 不動產回溫 人才缺很大,8
2019/12/31,[閒聊] 2019/12/31 盤中閒聊,100
2019/12/31,[新聞] 終於要簽了！傳劉鶴下月赴美 簽署第一階,52
2019/12/30,[請益] vix反分割成功，融資部位？,0
2019/12/30,[新聞] 四大外資 唱旺2020台股,16
2019/12/30,[請益] 如何判斷何時為景氣循環的高點,24
2019/12/30,[新聞] 中國地方政府負債累累，滬深2010年代表現,7
2019/12/30,[新聞]華新:本公司參與寶德電化材科技股份有限公,6
2019/12/30,[標的] 台積電 2330 用力多,0
2019/12/30,[新聞] 掛牌跌破承銷價 國際藥廠撐腰走過最壞時,6
2019/12/30,[新聞] 智冠(5478)稱「獲利三劍」已回二劍,14
2019/12/30,Re: [請益] 根本沒有零成本這種事吧?,9
2019/12/30,[其他] 12/30 集中市場三大法人買賣超前30名,10
2019/12/30,[其他] 12/30 店頭市場三大法人買賣超前20名,6
2019/12/30,Re: [其他] 群益證(6005) 決議買回15萬張庫藏股,9
2019/12/30,[請益] 請問無本現股當沖問題,29
2019/12/30,[新聞] 雙王下殺 MLCC水泥汽車力撐 台股守萬二,12
2019/12/30,Re: [標的] 3450聯鈞 (多),9
2019/12/30,[其他] 聯合國秘書長力挺區塊鏈技術！望加速實現,21
2019/12/30,Re: [標的] 8255朋程 (與盧神同行+豐田訂單+擴廠),15
2019/12/30,[新聞] 你賺到了嗎？封關倒數 今年股民平均賺70,100
2019/12/30,[新聞] 2020：撞向中國經濟的「灰犀牛」,18
2019/12/30,[標的] 前鼎 (4908) 請益,7
2019/12/30,[標的] 群聯 8299,14
2019/12/30,[請益] 關於系統化學習的順序請教,3
2019/12/30,[其他] 108年12月30日 三大法人買賣金額統計表,36
2019/12/30,Re: [心得] 黑天鵝週期將越來越久，因為人類不斷進步,9
2019/12/30,[新聞]《類股》鋼價止跌、春燕現跡，鋼鐵股動起,7
2019/12/30,[閒聊] 2019/12/30 盤後閒聊,20
2019/12/30,[新聞] 反空污大遊行今登場！台電：電力業非空,70
2019/12/30,[新聞] iPhone12晶圓代工 台積電通吃,31
2019/12/30,[新聞] 長期多頭分析師：美股漲太猛 恐將出現10-,23
2019/12/30,[新聞] 俄羅斯科技公司開發 Multiclet S2 處理,6
2019/12/30,Re: [心得] 黑天鵝週期將越來越久，因為人類不斷進步,29
2019/12/30,Re: [標的] 1109 信大 多,37
2019/12/30,[請益] 要如阻止長輩看非凡亂買股,95
2019/12/30,Re: [標的] 亞光 緩緩多,2
2019/12/30,[標的] 4147 反轉大多頭,7
2019/12/30,[標的] 6271同欣電,3
2019/12/30,[閒聊] 2019/12/30 盤中閒聊,85
2019/12/30,[新聞] 偷聽到公司虧損29億 會計師偷跑賣股票涉,100
2019/12/30,[公告] jasonlin2100 futureroad99 警告一次,0
2019/12/30,[公告] quewozai 水桶一週,0
2019/12/30,[公告] t340081231 yang1991 警告一次,0
2019/12/29,Re: [請益] 用程式找投資條件？,5
2019/12/29,Re: [請益] 用程式找投資條件？,5
2019/12/29,[請益] 有沒有推薦哪一家的權證,9
2019/12/29,Re: [新聞] 我國第三期太空計畫10年投入251億元、扶,24
2019/12/29,[新聞] 亞馬遜熱銷榜洩密！專家爆台積電2020恐…,37
2019/12/29,[新聞] 房價漲貸款降 美國7成住宅普通家庭買不起,13
2019/12/29,[新聞] 泡沫30年後遺症：日本股市一漲散戶就拋1,19
2019/12/29,[請益] 權證是不是賺比較快,52
2019/12/29,[心得]過額配售是什麼？,54
2019/12/29,[投顧] 為啥投顧老師都不用籌碼K線呀,18
2019/12/29,Re: [新聞] 財政改善近10年首見　政府總預算還債,1
2019/12/29,[新聞] 〈分析〉Fed可能正在重演90年代後期的錯,11
2019/12/29,Re: [新聞] 財政改善近10年首見　政府總預算還債501,20
2019/12/29,Re: [新聞] 財政改善近10年首見　政府總預算還債501,0
2019/12/29,[請益] 用程式找投資條件？,14
2019/12/29,Re: [新聞] 財政改善近10年首見　政府總預算還債501,0
2019/12/29,[新聞] 財政改善近10年首見　政府總預算還債501,7
2019/12/29,Fw: [新聞] 兆豐票年終獎金上看十個月 稱冠金融業,5
2019/12/29,[新聞] 慶富案 爆高銀程序錯置「先簽約再核貸」,30
2019/12/29,Re: [請益] 根本沒有零成本這種事吧?,5
2019/12/29,[標的] 台積電2330（空）,33
2019/12/29,Re: [請益] 根本沒有零成本這種事吧?,48
2019/12/29,[心得] 以創業的心態投資股市,24
2019/12/29,Re: [請益] 根本沒有零成本這種事吧?,14
2019/12/29,[心得] 自製期貨交易程式,30
2019/12/29,[標的] 1909榮成(多),26
2019/12/29,Re: [請益] 根本沒有零成本這種事吧?,22
2019/12/29,Re: [請益] 根本沒有零成本這種事吧?,6
2019/12/28,[新聞] 為保經濟增長 中共明年或增發10%地方債,28
2019/12/28,[新聞] 台積電核彈拱台股？老謝爆背後有「藏鏡人,16
2019/12/28,[新聞] 【神祕大戶存股勝經2】不忍同學父失智女,0
2019/12/28,[新聞] 期貨大手筆賭慣了回頭太難?2心法建立正確,9
2019/12/28,Re: [新聞] 我國第三期太空計畫10年投入251億元、扶,5
2019/12/28,Re: [新聞] 京華城轉型商辦但市場存疑慮 中石化、中,1
2019/12/28,[請益] 特別股利率重設,2
2019/12/28,[請益] 景氣循環股,20
2019/12/28,[新聞] 15檔熱錢抬轎股 發紅包,28
2019/12/28,[新聞] 台股煉金術1】35K社工年賺股利30萬 祕技,71
2019/12/28,Re: [心得] 黑天鵝週期將越來越久，因為人類不斷進步,10
2019/12/28,Re: [請益] 定期定額金融股,19
2019/12/28,Re: [請益] 定期定額金融股,9
2019/12/28,Re: [新聞] 我國第三期太空計畫10年投入251億元、扶,15
2019/12/28,Re: [新聞] 我國第三期太空計畫10年投入251億元、扶,9
2019/12/28,[請益] 關於籌碼換手,2
2019/12/28,Re: [新聞] 我國第三期太空計畫10年投入251億元、扶,24
2019/12/28,Re: [新聞] 我國第三期太空計畫10年投入251億元、扶,0
2019/12/28,[新聞] 漢翔力拚F-16亞太維修中心 最大對手竟是,6
2019/12/28,Re: [新聞] 我國第三期太空計畫10年投入251億元、扶,4
2019/12/28,[新聞] 我國第三期太空計畫10年投入251億元、扶,3
2019/12/28,[標的] 頎邦6147 多,47
2019/12/28,Re: [心得] 黑天鵝週期將越來越久，因為人類不斷進步,4
2019/12/28,[標的] 3548兆利-多,8
2019/12/28,Re: [心得] 黑天鵝週期將越來越久，因為人類不斷進步,8
2019/12/28,Re: [其他] 簡析美中貿易協定,3
2019/12/28,Re: [心得] 黑天鵝週期將越來越久，因為人類不斷進步,4
2019/12/28,[其他] 簡析美中貿易協定,16
2019/12/28,[新聞] 14月首見 景氣回穩 亮出綠燈,33
2019/12/28,Re: [請益] 08年海嘯前夕市場是什麼氛圍,20
2019/12/28,[其他] 為啥大家對財經節目和投顧老師差別這麼大,60
2019/12/28,[新聞] 韓國瑜推青年勞退自提3%　讓周玉蔻連喊4,62
2019/12/28,Re: [請益] 08年海嘯前夕市場是什麼氛圍,12
2019/12/28,Re: [請益] 08年海嘯前夕市場是什麼氛圍,18
2019/12/28,[請益] 短線交易書籍推薦,16
2019/12/28,Re: [標的] 智邦 穩穩多,89
2019/12/28,[請益] 08年海嘯前夕市場是什麼氛圍,71
2019/12/28,[新聞] 進軍全球太空產業 五路並進,2
2019/12/28,Re: [心得] 黑天鵝週期將越來越久，因為人類不斷進步,9
2019/12/28,[請益] 定期定額 0050 vs 0050績優股,17
2019/12/28,[心得] 黑天鵝週期將越來越久，因為人類不斷進步,36
2019/12/28,[其他] 為什麼就台積電不傳子,18
2019/12/28,[標的] 3450聯鈞 (多),11
2019/12/28,[標的] 世芯-ky 3661,3
2019/12/28,Re: [請益] 為何有合庫金能存要去存華南金？,3
2019/12/27,[新聞] 股價這麼強 蘋果2020究竟還有什麼看頭？,14
2019/12/27,Re: [標的] 2317鴻海,14
2019/12/27,Re: [請益] 為何有合庫金能存要去存華南金？,21
2019/12/27,[標的] 中壽 空,29
2019/12/27,[新聞] 公股銀AI潮 合庫i秘書上線,7
2019/12/27,[新聞] 《金融》本國銀行直接債權風險，美連17季,2
2019/12/27,[請益] 權重調整時間（方式）,3
2019/12/27,Re: [標的] 2317鴻海,12
2019/12/27,[新聞] 超幸福！玉山金明年給員工加薪10% 創金控,20
2019/12/27,Re: [心得]沒錯~~又一篇文曄文,1
2019/12/27,[新聞] BERI投資環境風險評比 台灣仍居全球第四,21
2019/12/27,[標的] 2317鴻海,27
2019/12/27,Re: [標的]2020大盤，愛榭克多多多,12
2019/12/27,[新聞] 這位大老闆來談投資 饒慶鈴腦海卻曾浮現,2
2019/12/27,[請益]各位都怎樣開盤掛買價,30
2019/12/27,[新聞] 東元旗下冠德紅在陸告SKECHERS專利侵權、,5
2019/12/27,[新聞] 5G標金恐破千億 林之晨籲同業理性,42
2019/12/27,Re: [新聞] 華為獲中國政府750億美元補貼,24
2019/12/27,[新聞] 銀行業今年裁員人數為4年之最 歐洲是重災,6
2019/12/27,"[新聞] 驚！壽險前11月匯損2,483億",34
2019/12/27,[新聞] 勝麗 公告本公司董事會決議通過股份轉換案暨,29
2019/12/27,Re: [標的] 2455 全新 多,6
2019/12/27,[新聞] 連續126個月！ 美創史上最長經濟擴張期,19
2019/12/27,[其他] 108年12月27日 三大法人買賣金額統計表,87
2019/12/27,[新聞] 川普執政 3 年美股飆逾 50%，高居歷屆總,61
2019/12/27,[新聞] 中國企業債券違約破表！人行：慎防引爆系,26
2019/12/27,[新聞] 過去10年新興市場指數 泰、菲、台灣3國,7
2019/12/27,[新聞] 中國不肯明言採購金額！南華早報：怕擴大,20
2019/12/27,[新聞] 2009年來首見、日本粗鋼產量恐跌破1億噸,5
2019/12/27,[閒聊] 2019/12/27 盤後閒聊,51
2019/12/27,[新聞] 中鋼興達海基新廠竣工 經長：「一南一北,7
2019/12/27,Re: [標的]2020大盤，愛榭克多多多,14
2019/12/27,[標的] 2379 瑞昱 多,4
2019/12/27,Re: [標的] 00672L 元大S&P原油正2(已獲利出場~,41
2019/12/27,[新聞] 「經濟能源」當道 國軍也採購特斯拉電動,13
2019/12/27,Re: [請益] 營業員看客戶庫存為何沒個資法問題???,3
2019/12/27,[新聞] 世界先進 明年Q1淡季不淡,17
2019/12/27,Re: [標的] 鼎炫（8499）,11
2019/12/27,[請益] 營業員看客戶庫存為何沒個資法問題???,-10
2019/12/27,[新聞] 南韓敲定未來十年的能源技術發展計劃、16,24
2019/12/27,Re: [標的] 亞光 緩緩多,10
2019/12/27,[閒聊] 2019/12/27 盤中閒聊,100
2019/12/27,Re: [標的] Kellogg-US 多,8
2019/12/27,[新聞] 華碩電競筆電稱霸法國 市占率逼近4成,39
2019/12/27,Re: [其他] 做股票之人必去的景點？,24
2019/12/27,[標的]2020大盤，愛榭克多多多,20
2019/12/27,[請益] 3629 地心引力看不懂的局,13
2019/12/26,[請益] 懇請推薦「籌碼分析」相關APP？,16
2019/12/26,[請益] 香港的毫股、仙股、老千股是指什麼？,14
2019/12/26,Re: [請益] 求教抽股票的一個數學問題,3
2019/12/26,[新聞] 聯徵信用重大突破！車籍、勞保、繳稅資,25
2019/12/26,[新聞] 華為獲中國政府750億美元補貼,75
2019/12/26,Re: [標的] 4743合一 (明天公司自辦法說會),0
2019/12/26,[其他] 做股票之人必去的景點？,36
2019/12/26,[新聞] 同欣電、勝麗重大訊息待公布 明日暫停交,21
2019/12/26,[標的] 6488環球晶,15
2019/12/26,[新聞] 公開收購仲琦科技 收購條件均已成就,28
2019/12/26,[新聞] 5G競標金衝上700億元 NCC呼籲電信業者理,16
2019/12/26,Re: [標的] 亞光 緩緩多,7
2019/12/26,[新聞] 晶電證實與中國廠利亞德洽談，擬成立合,27
2019/12/26,[新聞] 《鋼鐵股》中鴻1月內銷盤價開高，中止跌,4
2019/12/26,[新聞] 台灣太空產業爆發力驚人 科技部今向政院,58
2019/12/26,Re: [請益] 求教抽股票的一個數學問題,1
2019/12/26,[新聞] 永豐銀告張晉源背信 台北地院今首度開庭,8
2019/12/26,[新聞] 勞動基金收益破4千億　明年續加碼投資台,23
2019/12/26,[其他] 108年12月26日 三大法人買賣金額統計表,48
2019/12/26,[標的] 瑞儀6176,17
2019/12/26,[新聞] 訂單旺到爆，健策大手筆擴產搶攻車用,27
2019/12/26,[新聞] 正隆投資台灣 加碼20億元,8
2019/12/26,[新聞] Bloomberg｜聯儲會或許正在幕後採取行動,5
2019/12/26,[閒聊] 2019/12/26 盤後閒聊,39
2019/12/26,[新聞] 中鋼回囤廢棄物猶未清 環保局予人罵失職,3
2019/12/26,[新聞] 日本製鐵將撤出在中國浙江的車用特殊鋼,4
2019/12/26,[新聞] 美國鋼鐵削減股息、裁員1500人、預期Q4,8
2019/12/26,Re: [請益] 求教抽股票的一個數學問題,15
2019/12/26,[新聞] 《半導體》聯發科「天璣800」未演先轟動,27
2019/12/26,Re: [請益] 求教抽股票的一個數學問題,4
2019/12/26,[新聞] 強烈對比？中國全力防範規模性失業，美,16
2019/12/26,Re: [標的] 3437 榮創 多,1
2019/12/26,Re: [請益] 有關於交易員的工作,1
2019/12/26,[新聞] 大立光匯回百億擴產能,8
2019/12/26,[新聞] 房市繼續燒！11月房貸與土建融資餘額雙,14
2019/12/26,[轉錄] 中鋼集團多角化經營相當成功,30
2019/12/26,[新聞] 看淡工具機明年市況 麥格里 調降上銀目,21
2019/12/26,Re: [請益] 有關於交易員的工作,29
2019/12/26,Re: [標的] 亞光 緩緩多,15
2019/12/26,[閒聊] 2019/12/26 盤中閒聊,24
2019/12/26,[請益] 有關於交易員的工作,18
2019/12/26,Re: [請益] 為何台積持股外資佔八成？,19
2019/12/25,Re: [標的] 大盤 多,7
2019/12/25,[標的] 網家 8044,42
2019/12/25,[標的] 國泰金 2882 加碼多,0
2019/12/25,[請益] 買股票作對投入成本的時機,26
2019/12/25,[請益] 一檔股票被賣超卻收小漲代表什麼,14
2019/12/25,[請益] 求教抽股票的一個數學問題,37
2019/12/25,[標的] 大盤 多,14
2019/12/25,[新聞] 中鋼：韓國浦項爆炸 不影響鋼品,6
2019/12/25,[新聞] IFR：2018年工業機器人出貨量42.2萬台，,8
2019/12/25,[標的] 家登3680 短多,15
2019/12/25,[新聞] 曹興誠:九二共識胡說八道 陷一中圈套沒活,100
2019/12/25,[新聞] 年終大裁員 王雪紅：要「節約」人才,20
2019/12/25,[標的] 2351 順德,3
2019/12/25,Re: [請益] 為何台積持股外資佔八成？,27
2019/12/25,[新聞] 日本部分放寬半導體材料對韓出口管制,0
2019/12/25,[其他] 108年12月25日 三大法人買賣金額統計表,48
2019/12/25,Re: [標的] 1101 台泥 長多,10
2019/12/25,[閒聊] 2019/12/25 盤後閒聊,31
2019/12/25,Re: [標的] 智邦 穩穩多,89
2019/12/25,[請益] 為何台積持股外資佔八成？,32
2019/12/25,[標的] 8403盛弘 多多多,7
2019/12/25,[新聞] 習近平把衣服原料變成汶萊製　台灣紡纖、,42
2019/12/25,[新聞] 百億科技富豪爆不倫！日本泡湯偷情美魔女,100
2019/12/25,Re: [標的] 8358 金居 (空),1
2019/12/25,Fw: [新聞] 三重廠變更過關 茂德暴利驚人,16
2019/12/25,[新聞] 勞動基金 備千億加碼,56
2019/12/25,[閒聊] 2019/12/25 盤中閒聊,100
2019/12/25,[新聞] 台股摔下12000點!竟沒有一檔股票跌停,24
2019/12/25,Re: [新聞] 散戶錢進股市 11月證券劃撥存款創歷史新,0
2019/12/25,[標的] 5493三聯科技,9
2019/12/25,[新聞] Fed降息造股市榮景？他曝：明年資本市場,2
2019/12/24,Re: [標的] 4104佳醫 長多,7
2019/12/24,Re: [新聞] 5G競標首日5大電信出手冷清　總標金,45
2019/12/24,[公告] Ghamu syxuan 警告一次,0
2019/12/24,[公告] dcm5566 xm870107 水桶一週,0
2019/12/24,[新聞] 被動元件囤貨 市場吹漲風,29
2019/12/24,[閒聊] 2019/12/24 盤中閒聊,100
2019/12/24,Re: [標的] 橘子 先短多後長空,10
2019/12/24,[請益] 有兩個交易方法，你們會選哪個??,51
2019/12/24,Re: [其他] Musk: taking Tesla private at $420,6
2019/12/23,[公告] Kobe5210 水桶一週,0
2019/12/23,[公告] pisu sha3098 RAPEKING56 tw411001 水桶,0
2019/12/23,[新聞] 波音737 MAX「機瘟」難以收拾，執行長米,25
2019/12/23,Re: [請益] 政府能對如今股市盛況邀功嗎？,0
2019/12/23,[新聞] Fed連續降息 為何美信用卡利率卻創歷史新,15
2019/12/23,Re: [請益] 房市對於金融股的影響,3
2019/12/23,[新聞] 除息前押20張.慘了?他爆買台積電驚天秘密,1
2019/12/23,[請益] 房市對於金融股的影響,9
2019/12/23,[新聞] 特斯拉賣空者大虧！6月以來損失超過2千億,15
2019/12/23,[請益] 投資級債券有配置的必要嗎？,21
2019/12/23,[新聞] 國瑞拿下豐田小休旅組裝權,5
2019/12/23,[新聞] 【違約潮】國儲能源債務違約 集友工銀中,3
2019/12/23,[其他] 12/23 集中市場三大法人買賣超前30名,4
2019/12/23,[其他] 12/23 店頭市場三大法人買賣超前20名,0
2019/12/23,Re: [請益] 一百萬本金達到一年賺十到二十萬可行嗎,41
2019/12/23,Re: [請益] 政府能對如今股市盛況邀功嗎？,19
2019/12/23,Re: [請益] 政府能對如今股市盛況邀功嗎？,0
2019/12/23,[請益] 政府能對如今股市盛況邀功嗎？(更),20
2019/12/23,[新聞] 蘋果決定布局太空衛星、目標五年內部署,11
2019/12/23,[新聞]《鋼鐵股》中鴻1月內銷價看止跌回升，鋼廠,6
2019/12/23,[標的] 2453 凌群 多,7
2019/12/23,[新聞] 淨資產平均值過低 國泰證券兩檔ETF將下市,7
2019/12/23,[新聞] 美擴大防堵華為 台積應變,34
2019/12/23,[標的] 3653 健策,18
2019/12/23,[閒聊] 2020國際上可能有哪些黑(灰)天鵝,21
2019/12/23,Re: [標的] 亞光 緩緩多,6
2019/12/23,[新聞] 垃圾債ETF今年漲幅創10年高！穆迪：明年,8
2019/12/23,[新聞] PCB台商Q3產值超預期年增1.7%(台郡 華通),14
2019/12/23,Re: [標的] 1441 大東,8
2019/12/23,[其他] 108年12月23日 三大法人買賣金額統計表,41
2019/12/23,[新聞] 物價壓力將現？通膨預期上揚、美抗通膨,6
2019/12/23,[閒聊] 2019/12/23 盤後閒聊,66
2019/12/23,"[新聞] 陳其邁：台船國艦國造 未來20年投入5,000",23
2019/12/23,[新聞] 「股王製造機」王雪紅第3家公司掛牌！威,40
2019/12/23,Re: [標的] 亞光 緩緩多,0
2019/12/23,[標的] 1441 大東,8
2019/12/23,Re: [標的] 亞光 緩緩多,23
2019/12/23,Re: [標的] 4113 聯上 多,37
2019/12/23,[新聞] 陳奕光專欄／鮭魚返鄉 營建族群受惠,10
2019/12/23,Re: [新聞] 房市比預期還熱 全台推案量破1.4兆,3
2019/12/23,[新聞] 王雪紅的第三家公司來了，首日大漲55%,78
2019/12/23,[閒聊] 2019/12/23 盤中閒聊,98
2019/12/23,Re: [新聞] 房市比預期還熱 全台推案量破1.4兆,13
2019/12/22,[新聞] 經營觸角廣 遠東新深入你我生活,19
2019/12/22,Re: [新聞] 房市比預期還熱 全台推案量破1.4兆,32
2019/12/22,[請益] 總統當選，選舉概念股？,97
2019/12/22,Re: [新聞] 房市比預期還熱 全台推案量破1.4兆,0
2019/12/22,[公告] Maxwell3 metalica jk2103 警告一次,0
2019/12/22,[公告] ohyano kuoalan0819 水桶一週,0
2019/12/22,[公告] Dickman addison123 richard730 警告一次,0
2019/12/22,Re: [新聞] 房市比預期還熱 全台推案量破1.4兆,4
2019/12/22,[公告] amilkamilk what5566 kgbb shala警告一次,0
2019/12/22,[新聞] 面板市況回溫有感 夏普轉投資廣州10.5代,15
2019/12/22,[公告] Sebertian charlie87 quewozai 警告一次,0
2019/12/22,[公告] SelfishGene Friend5566 caterpillar0警告一次,0
2019/12/22,[公告] sincetihi cc13708 wcpsgb 警告一次,0
2019/12/22,[新聞] 朝鮮或再射導彈 美防長：美軍今晚就可開戰,71
2019/12/22,Re: [新聞] 房市比預期還熱 全台推案量破1.4兆,26
2019/12/22,Re: [請益] 新手小額投資,49
2019/12/22,Re: [標的] 大盤&和潤心得,8
2019/12/22,[新聞] 銀行新增房貸額 可望續揚,10
2019/12/22,[新聞] 合庫銀柬埔寨擴據點 串接菲、緬搶商機,6
2019/12/22,Re: [新聞] 房市比預期還熱 全台推案量破1.4兆,37
2019/12/22,[新聞] 合庫導入「開放銀行」 打造數位生態圈,27
2019/12/22,Re: [請益] 投顧問題,2
2019/12/22,Re: [新聞] 房市比預期還熱 全台推案量破1.4兆,43
2019/12/22,Re: [新聞] 房市比預期還熱 全台推案量破1.4兆,10
2019/12/22,Re: [新聞] 房市比預期還熱 全台推案量破1.4兆,13
2019/12/22,[新聞] 15檔萬二飛翔 迎大行情,27
2019/12/22,[新聞] 富邦VIX投資人 恐血本無歸,36
2019/12/22,[新聞] 大基金首次減持 匯頂科技入列,2
2019/12/21,[新聞] 台商回流+餘屋去化 2020營建股春天近了？,11
2019/12/21,[請益] 請問美股ZBRA成交爆大量,4
2019/12/21,Re: [新聞] 房市比預期還熱 全台推案量破1.4兆,16
2019/12/21,[新聞] CNN：美國多數民眾10年來首次感覺到「經,63
2019/12/21,[新聞] 房市比預期還熱 全台推案量破1.4兆,54
2019/12/21,Re: [新聞] 味全食品「小牧好好」鮮奶茶　轟動IG,0
2019/12/21,[請益] 請問仲琦董事的轉讓是收購還是直接賣出？,14
2019/12/21,Re: [標的] 台積電 聯發科 加碼多～,100
2019/12/21,Re: [新聞] 卜蜂案／７年累犯罰不怕 問題怎解？,28
2019/12/21,[請益] 台股最後一撮，什麼時候公布？,1
2019/12/21,[新聞] 卜蜂案／７年累犯罰不怕 問題怎解？,36
2019/12/21,[標的] 大盤&個股,57
2019/12/21,[新聞] 味全食品「小牧好好」鮮奶茶　轟動IG界,-10
2019/12/21,Re: [標的] 1215 卜蜂,21
2019/12/21,Re: [請益] 投顧問題,12
2019/12/21,[其他] 繁榮幻滅，A股上市公司爆雷潮起，民企生,38
2019/12/21,[標的] 1215 卜蜂,17
2019/12/21,[新聞] 川習通話 川普：安排正式簽署貿易協議,20
2019/12/20,[新聞] 初領失業金人數降至23.4萬人 美國就業市,17
2019/12/20,[其他] 108年12月20日 外資買賣超前30名,8
2019/12/20,[新聞] 日本官員：放寬對南韓科技原料出口管制,22
2019/12/20,Re: [請益] 手上的50反一怎麼辦,52
2019/12/20,[新聞] 家電大廠禾聯進軍房地產 明年Q2在桃園A7,48
2019/12/20,[新聞] 港交所總裁突然減持過半港交所股份,28
2019/12/20,[新聞] 買地購樓手筆大增 建設業興富發稱霸,13
2019/12/20,[新聞] 去年薪資平均數62.9萬 近7成員工年薪不,43
2019/12/20,[其他] 勞動成本僅泰國的一半 柬埔寨新開工業區,34
2019/12/20,Re: [標的] 2537 聯上發,38
2019/12/20,Re: [新聞] 《外資》新思不玩亞洲TDDI，外資憂聯詠、,7
2019/12/20,[請益] 收盤前爆大量有什麼好處？,13
2019/12/20,[新聞] 美光財報優於預期 記憶體廠振奮,14
2019/12/20,[新聞] 石英元件廠看上5G需求 預言2021年出現供,21
2019/12/20,[其他] 108年12月20日 三大法人買賣金額統計表,73
2019/12/20,[標的] 5306 桂盟,14
2019/12/20,[請益] 掛單請益,5
2019/12/20,[標的] 2330台積電多,100
2019/12/20,[閒聊] 2019/12/20 盤後閒聊,41
2019/12/20,Re: [標的] 2330(空),0
2019/12/20,[新聞] 郭明錤稱，華為潛望式手機出貨增，亞光,4
2019/12/20,Re: [標的] 台積電 聯發科 加碼多～,22
2019/12/20,[新聞] 「用腳投票」 蘇揆：台商回台投資7097億,0
2019/12/20,Re: [投顧] 不錯的投顧節目(當然是免費),14
2019/12/20,Re: [標的] 2327 國巨 多,15
2019/12/20,[新聞] 《外資》新思不玩亞洲TDDI，外資憂聯詠、,18
2019/12/20,[標的] 1312 國喬,11
2019/12/20,[新聞] 中磊(5388)賣仲琦(2419)持股每股貢獻0.48,7
2019/12/20,[新聞]蘋果傳併博通PA業務 穩懋大利多,19
2019/12/20,Re: [請益] 今日台積電的一些疑問,24
2019/12/20,[標的] 台積電 聯發科 加碼多～,9
2019/12/20,[新聞] 利率不變沒意見 央行理事最關心房市問題,19
2019/12/20,Re: [新聞] 中裕新藥針對近期股價異常下跌提出公司,24
2019/12/20,[閒聊] 2019/12/20 盤中閒聊,100
2019/12/20,Re: [請益] 今日台積電的一些疑問,29
2019/12/20,[投顧] 不錯的投顧節目(當然是免費),0
2019/12/20,Re: [請益] 今日台積電的一些疑問,6
2019/12/19,[新聞] 突然天黑！台積電大暴殺 網友抓到兇手了,-10
2019/12/19,[新聞] 殖利率曲線陡峭化 創1年多新高,9
2019/12/19,Re: [請益] 今日台積電的一些疑問,18
2019/12/19,[新聞] 央行示警轉單效應有隱憂 恐觸匯率操縱紅,13
2019/12/19,[請益] 關於仲琦收購時間,23
2019/12/19,[新聞] 中國公布對美加徵關稅第2批豁免清單 多為,2
2019/12/19,Re: [新聞] 台股市值1.3兆美元已超越韓國,11
2019/12/19,Re: [請益] 手上的50反一怎麼辦,24
2019/12/19,[標的] 晶焱6411,18
2019/12/19,Re: [新聞] 台股市值1.3兆美元已超越韓國,32
2019/12/19,[新聞] 百度自主研發崑崙AI晶片2020年量產、採三,22
2019/12/19,[請益] 股市中進行合併或公開收購的公司那裏查,2
2019/12/19,[新聞] 庫卓：前國務卿季辛吉轉述習近平寧跟川,18
2019/12/19,[新聞] 大聯大資本兵臨城下　 「反壟斷」是文曄,19
2019/12/19,[標的] 2903 遠百,15
2019/12/19,Re: [請益] 今日台積電的一些疑問,24
2019/12/19,[新聞] 中鋼11月虧損逾2.93億元 三年多來首見,28
2019/12/19,[新聞] RBC調查：Fed其實是在掛羊頭賣狗肉地推1,26
2019/12/19,Re: [請益] 今日台積電的一些疑問,29
2019/12/19,Re: [請益] 交易症,10
2019/12/19,Re: [新聞] 中裕新藥針對近期股價異常下跌提出公司,58
2019/12/19,[其他] 108年12月19日 三大法人買賣金額統計表,100
2019/12/19,[新聞] 中裕新藥針對近期股價異常下跌提出公司,37
2019/12/19,[請益] 有任何卷商API支援非Windowes系統的?,1
2019/12/19,[心得] 過不了的心理關卡,24
2019/12/19,[閒聊] 2019/12/19 盤後閒聊,40
2019/12/19,Re: [新聞] 台股市值1.3兆美元已超越韓國,32
2019/12/19,Re: [請益] 券商app不讓我買VIX,19
2019/12/19,Re: [標的] 旺宏（2337）空,24
2019/12/19,[標的] 6282康舒 多,2
2019/12/19,[標的] 上緯投控,11
2019/12/19,[新聞] 44家企業放無薪假 人數連6期破2千人,39
2019/12/19,Re: [新聞] 買344元台積電就跌了 網友冷看股市笨鳥崩,23
2019/12/19,[標的] 聯合再生 多 別人恐懼我貪婪,22
2019/12/19,[新聞] 買344元台積電就跌了 網友冷看股市笨鳥崩,36
2019/12/19,Re: [新聞] 台股市值1.3兆美元已超越韓國,6
2019/12/19,Re: [新聞] 台股市值1.3兆美元已超越韓國,7
2019/12/19,Re: [新聞] 台股市值1.3兆美元已超越韓國,17
2019/12/19,Re: [閒聊] 真的會崩盤嗎,19
2019/12/19,Re: [標的] AMD超微 Intel英特爾 MU美光,14
2019/12/19,[新聞] 美國通過川普彈劾第一項罪名！！,37
2019/12/19,Re: [標的] 中裕 4147 大多頭,25
2019/12/19,[新聞] 賴正鎰：明年房市萬馬奔騰 全台建案上看,46
2019/12/19,Re: [新聞] 台股市值1.3兆美元已超越韓國,69
2019/12/19,Re: [閒聊] 真的會崩盤嗎,7
2019/12/19,[閒聊] 2019/12/19 盤中閒聊,100
2019/12/19,Re: [閒聊] 真的會崩盤嗎,8
2019/12/19,Re: [請益] 如果嚴格執行停損 反而不對吧？,8
2019/12/19,Re: [閒聊] 真的會崩盤嗎,6
2019/12/19,[標的] 3035智原,8
2019/12/19,Re: [閒聊] 真的會崩盤嗎,0
2019/12/19,[新聞] 聯想帝國 揮別柳傳志時代,7
2019/12/19,[新聞] 台股市值1.3兆美元已超越韓國,47
2019/12/19,[標的] 9921巨大,5
2019/12/18,[請益] 手上有一批紙本高鐵股票不知道怎麼賣,33
2019/12/18,Re: [其他] 川普: 與中國達成非常大的第一階段交,1
2019/12/18,[標的] 4968立積買進，立即賺錢，玉晶光線型飆股,21
2019/12/18,[請益]文曄收購案 作為投資人提告大聯大的可能性,28
2019/12/18,Re: [閒聊] 真的會崩盤嗎,5
2019/12/18,[新聞] 台積電明日除息 台股開盤蒸發21點,51
2019/12/18,[標的] 3312 弘憶股,5
2019/12/18,[請益] 看懂公司財報科目作假的書籍推薦,22
2019/12/18,Re: [標的] 3545敦泰 多,5
2019/12/18,[新聞] 高盛：回購減少將致美股波動,1
2019/12/18,[新聞] 淨值探2字頭 富邦VIX慌了,27
2019/12/18,[新聞] 美中貿易戰達成第一階段協定，宣布暫不加,18
2019/12/18,[新聞] 日媒：夏普「篤定落選」iPhone面板供應退,26
2019/12/18,[新聞] 日月光：關燈工廠省86%人力,12
2019/12/18,Re: [閒聊] 真的會崩盤嗎,25
2019/12/18,[新聞] CIS需求強勁，原相(3227)股價放量大漲,21
2019/12/18,[標的] 2419 仲琦 一張紅包多,17
2019/12/18,Re: [請益] 新手證券開戶選擇,23
2019/12/18,[新聞] 葛林斯班批川普對 Fed 下指導棋，警告通,37
2019/12/18,Re: [標的] 1304 台聚,4
2019/12/18,[新聞] 成交量創9年來新高　債券有泡沫化危機嗎,9
2019/12/18,[新聞] 廉航市場大爆發 台灣修飛機、造飛機人才,22
2019/12/18,Re: [標的] 1304 台聚,5
2019/12/18,[新聞] 鎖定年輕族群、同享 P 幣回饋，Pi 拍錢包,20
2019/12/18,[請益] 戶頭太久沒動會怎樣？,36
2019/12/18,Re: [閒聊] 真的會崩盤嗎,7
2019/12/18,Re: [閒聊] 真的會崩盤嗎,25
2019/12/18,Re: [請益] 真的會崩盤嗎,13
2019/12/18,[其他] 108年12月18日 三大法人買賣金額統計表,50
2019/12/18,Re: [請益] 玉晶光  3406,2
2019/12/18,[閒聊] 2019/12/18 盤後閒聊,21
2019/12/18,[新聞] 《國際現場》三星結合政府資金 對抗台積電,47
2019/12/18,Re: [請益] 該把持股全換成台G嗎,26
2019/12/18,"[其他] 憑什麼台股可以過12000,這樣穩嗎?",30
2019/12/18,[標的] 智邦 穩穩多,100
2019/12/18,[新聞] 張綱維神隱又現身 揭交通部施壓內幕,31
2019/12/18,[新聞] 帆宣、瑞淇電大漲 樺漢潛在利益近15股本,12
2019/12/18,Fw: [新聞] 週刊爆富士康盜賣蘋果iPhone零件 庫克下,28
2019/12/18,[新聞] 貿易戰損失慘? 中國醞釀大灑幣10兆人民,23
2019/12/18,[新聞]  奇力新搭上5G高速列車 電感事業爆發在即,7
2019/12/18,[閒聊] 2019/12/18 盤中閒聊,100
2019/12/18,[新聞] 納智捷URX熱賣 甫上市就缺車,24
2019/12/18,[標的] 類比科 3438 多,53
2019/12/17,[新聞] 日經：中國撒政府補助，上市中國企業幾乎,17
2019/12/17,[標的] 4721 美琪瑪,16
2019/12/17,[新聞] 5G助攻聯發科、拉攏高通 台積電爆斷死敵,18
2019/12/17,[請益] 去猜投顧老師節目所分享的標的是哪支有辦法賺錢?,6
2019/12/17,"[新聞] 穆迪：陸企債務增速飛快、恐成全球經濟""",17
2019/12/17,[標的] 8358 金居 (空),29
2019/12/17,[請益] 卜蜂與頂新的遭遇怎麼完全不同？,56
2019/12/17,[新聞] 中國豬瘟肆虐 美泰森食品股價大漲,8
2019/12/17,Re: [心得] 台積電,41
2019/12/17,[請益] 該貪婪還是恐懼,27
2019/12/17,[新聞] 惠譽下調澳門評級展望,7
2019/12/17,Re: [請益] 該把持股全換成台G嗎,25
2019/12/17,[公告] cidc43121 rmrmrmrmrmrm 警告一次,0
2019/12/17,Re: [請益] 如果嚴格執行停損 反而不對吧？,4
2019/12/17,[請益] 有沒有類似台灣50的美國50 etf,25
2019/12/17,[公告] thisisriver Karida vht256 警告一次,0
2019/12/17,[公告] ttmb psqq 水桶一個月,0
2019/12/17,[公告] AIIT 水桶10年,0
2019/12/17,[新聞] 群創再告惠科、大尺吋面板又侵權,10
2019/12/17,[公告] rockok71 doliny aaasssddd 水桶一週,0
2019/12/17,[新聞] 台積電現在買還來得及？行家分析：真的別,20
2019/12/17,Re: [請益] 如果嚴格執行停損 反而不對吧？,10
2019/12/17,Re: [請益] 請教電動機車GoGoRo的電池製造廠,4
2019/12/17,[標的] 台積電、聯發科 多,16
2019/12/17,[新聞] 富邦VIX暴跌 證交所示警下市風險,58
2019/12/17,Re: [請益] 如果嚴格執行停損 反而不對吧？,4
2019/12/17,[新聞] 三星正調整中國策略、關閉惠州廠、再投,15
2019/12/17,[請益] 買賣均價超過漲停,11
2019/12/17,[心得] 巴爺爺曾說過的話(敬告樂觀投資者),10
2019/12/17,Re: [新聞] 韓國瑜看衰潛艦國造…台船被惹怒！工會幹,24
2019/12/17,[請益] 如果嚴格執行停損 反而不對吧？,33
2019/12/17,Re: [請益] 該把持股全換成台G嗎,35
2019/12/17,[新聞] 今年美股基金失血額 創有紀錄之最！專家,4
2019/12/17,Re: [新聞] 韓國瑜看衰潛艦國造…台船被惹怒！工會幹,20
2019/12/17,[新聞] 展望2030 蔡英文：台灣觀光產值將達兆元,-10
2019/12/17,Re: [標的] 0050跟00631L的比較,14
2019/12/17,[新聞] 台股衝破12000 劉泰英：都被外資賺走、無,33
2019/12/17,Re: [標的] 台積電2330現在上車來得及嗎?,43
2019/12/17,[請益] 請教電動機車GoGoRo的電池製造廠,8
2019/12/17,[新聞] 為大聯大收購案重披戰袍 文曄董,0
2019/12/17,[標的] 8358 金居,21
2019/12/17,Re: [心得] 台積電,11
2019/12/17,[其他] 108年12月17日 三大法人買賣金額統計表,49
2019/12/17,[新聞] 台積目標價350元 外資新共識,26
2019/12/17,Re: [心得] 台積電,10
2019/12/17,[新聞] 日本貨幣供給量M3創歷史新高、M2增幅今年,13
2019/12/17,Re: [心得] 台積電,13
2019/12/17,[新聞] 房貸利率、失業率低，美國建商信心登1999,2
2019/12/17,[閒聊] 2019/12/17 盤後閒聊,56
2019/12/17,[新聞] 雙王火力全開 台股漲157點輕鬆飛躍「萬二,8
2019/12/17,[新聞] 出重手！我鋼材涉轉越南避稅 美祭最高456,11
2019/12/17,Re: [標的] 台積電2330現在上車來得及嗎?,6
2019/12/17,[新聞] 領錢前先叫學長...民營銀行這創舉威到爆,14
2019/12/17,[新聞] 22億挪這裡？張綱維涉掏空遠航 金流曝光,13
2019/12/17,[新聞] 美股明年Q1將融漲？美銀美林：美債殖利率,11
2019/12/17,[新聞] 出重手！我鋼材涉轉越南避稅 美祭最高45,10
2019/12/17,[新聞] Fed努力注資、附買回利率仍刷新數週高，,12
2019/12/17,Re: [請益] 多頭市場的末期？,24
2019/12/17,Re: [標的] 聯發科 蓄勢待發 接力撐盤多,11
2019/12/17,[新聞] 7nm製程令AMD RX 5500 XT風冷可超頻2.2GH,31
2019/12/17,[新聞] 波音宣布1月起暫停生產737Max 供應鏈面臨,5
2019/12/17,Re: [標的] 台積電2330現在上車來得及嗎?,75
2019/12/17,Re: [標的] 台積電2330現在上車來得及嗎?,4
2019/12/17,[請益] 零股交易成交價,22
2019/12/17,Re: [標的] 亞光 緩緩多,78
2019/12/17,[閒聊] 2019/12/17 盤中閒聊,100
2019/12/17,[標的] 6456 GIS-KY,6
2019/12/17,[新聞] 宏達電證實裁員 確保VIVE與手機事業發展,14
2019/12/17,Re: [標的] 台積電2330現在上車來得及嗎?,14
2019/12/17,[新聞] 對沖基金投資陸股 收益率近兩成,2
2019/12/17,Re: [標的] 0050跟00631L的比較,0
2019/12/16,[標的] 0050跟00631L的比較,26
2019/12/16,[新聞] 德銀：明年美國淨發售公債、40%由FED吃下,55
2019/12/16,[新聞] 鴻海5G接單 看旺到明年,39
2019/12/16,[新聞] 納智捷減資66.67% 再增資78億元,31
2019/12/16,[請益] 權證隱波被大降是正常的嗎？,15
2019/12/16,Re: [標的] 2316 楠梓電 多,11
2019/12/16,Re: [標的] 台積電2330現在上車來得及嗎?,28
2019/12/16,[新聞] 貿易戰衝擊顯現、大企業紛破產！裕利安宜,18
2019/12/16,Re: [標的] 2316 楠梓電,4
2019/12/16,[投顧] 老師在節目上互嗆是第一次嗎,27
2019/12/16,[請益] 庫藏股在台灣的玩法到底是怎樣？,14
2019/12/16,Re: [請益] 台積電2330現在上車來得及嗎?,66
2019/12/16,Re: [標的] 2316 楠梓電 多,100
2019/12/16,[新聞] 有內鬼！萬噸食品汙泥倒農地 台灣卜蜂南投場涉案,20
2019/12/16,[新聞] 從專利角度分析，美國依舊是創新科技大國,2
2019/12/16,[新聞] 鈞泰國際完成新董監事改選 向舊經營團隊,0
2019/12/16,[新聞] 三星獲Videotron訂單 首踏進加拿大4G/5G,0
2019/12/16,[新聞] 美財長Mnuchin：不會把美元當作武器 經,18
2019/12/16,[新聞] 食品大廠勾結環保掮客賺黑心錢 1萬公噸,43
2019/12/16,Re: [請益] 宏達電逆轟高灰,4
2019/12/16,Re: [請益] 宏達電逆轟高灰,19
2019/12/16,[其他] 108年12月16日 三大法人買賣金額統計表,34
2019/12/16,[標的] 1216 統一  中長多,33
2019/12/16,[閒聊] 2019/12/16 盤後閒聊,21
2019/12/16,[新聞] 王雪紅：宏達電VR與AR 明年推突破性產品,35
2019/12/16,[新聞] 漢翔與洛馬明簽策略聯盟協議 共推台灣設F,10
2019/12/16,Re: [標的] 中裕 4147 大多頭,11
2019/12/16,[請益]  請問自己的股票沒通知就被借走是正常嗎,54
2019/12/16,[標的] 群光（2385）,2
2019/12/16,[標的] 2542 興富發,12
2019/12/16,Re: [心得] 全球市值前60大企業排名 台積電全球第17,44
2019/12/16,Re: [新聞] 中國未來10年房價至少下跌30%,13
2019/12/16,Re: [標的] 強力放空泰碩 將成為今年代表作!,17
2019/12/16,Re: [標的] 亞光 緩緩多,100
2019/12/16,Re: [標的]威剛  好男人概念股 多,21
2019/12/16,[新聞] 建商大推案 建照量衝30年同期新高,13
2019/12/16,[其他] 有沒有股票、期貨的群組或社團可以加呢,43
2019/12/16,Re: [標的] 中裕 4147 大多頭,30
2019/12/16,[閒聊]2019/12/16 盤中閒聊,99
2019/12/16,[新聞] 中國未來10年房價至少下跌30%,19
2019/12/16,Re: [其他] 川普: 與中國達成非常大的第一階段交易,10
2019/12/16,[新聞] 驚！才1個月…台積電5奈米爆驚人突破,41
2019/12/16,[新聞] TV面板喊漲20% 雙虎出運,37
2019/12/16,[標的] 3264 欣銓,14
2019/12/16,[公告] mmbappe 水桶10年,0
2019/12/15,[公告] c0854206 aaasssddd fcps996211 警告一次,0
2019/12/15,[公告] a2394673 水桶一個月,0
2019/12/15,Re: [心得] 全球市值前60大企業排名 台積電全球第17,2
2019/12/15,[公告] vul3x94x9493 godispower x0888 警告一次,0
2019/12/15,Re: [心得] 全球市值前60大企業排名 台積電全球第17,58
2019/12/15,[公告] kilayun Jerome18 水桶一週,0
2019/12/15,[公告] a000209898 tifa11447788 richjie水桶一週,0
2019/12/15,[公告] bbigcat H072 dcm5566 iphone15 警告一次,0
2019/12/15,[公告] chucklian yoyoboy1 jongam 水桶10年,0
2019/12/15,[請益] 中保科今年的會計師查閱報告意見的意思,0
2019/12/15,Re: [其他] 川普: 與中國達成非常大的第一階段交易,12
2019/12/15,Re: [新聞] 0050投資台積電比重 衝破40%,27
2019/12/15,[請益] 如果政府覺醒開徵屯房稅、多房稅股市會？,11
2019/12/15,[標的] 大盤,34
2019/12/15,[標的] 2330 台積電,40
2019/12/15,[心得] 全球市值前60大企業排名 台積電全球第17,25
2019/12/15,[新聞] 渣打驚艷 台灣GDP連年居四小龍之首,15
2019/12/15,[新聞] 「世界第8大奇景」投資風暴》鴻海變更計,69
2019/12/15,Re: [其他] 川普: 與中國達成非常大的第一階段交易,10
2019/12/15,[新聞]貨櫃航運「供過於求」缺口逐漸收斂 陽明海,26
2019/12/15,[新聞] 央行理事：防熱錢流入房市 應維持穩定利,18
2019/12/15,Re: [其他] 川普: 與中國達成非常大的第一階段交易,30
2019/12/15,[新聞] 美元債務違約炸開！ 大陸國企陷20年來最,24
2019/12/15,Re: [心得] 說真的，存股派已經大獲全勝了吧?,34
2019/12/15,[請益] 各類股指數歷史資料,1
2019/12/15,[新聞] 美中第一階段貿易協議達成 兩造說法差異,68
2019/12/15,"[新聞] 投顧唱多 台股明年衝13,300",48
2019/12/15,Re: [其他] 川普: 與中國達成非常大的第一階段交易,5
2019/12/15,Re: [其他] 川普: 與中國達成非常大的第一階段交易,8
2019/12/15,[心得] 台積電是否不該拿台股思維來看待？,34
2019/12/14,[新聞] 美元與港幣脫鉤將是金融核選項,10
2019/12/14,Re: [其他] 川普: 與中國達成非常大的第一階段交易,21
2019/12/14,[心得] 說真的，存股派已經大獲全勝了吧?,100
2019/12/14,[新聞] 外傳台積電製造的 AMD Zen2 晶片，以完,51
2019/12/14,[新聞] 15檔封關指標股 蓄勢衝,13
2019/12/14,"Re: [新聞] 11法人樂觀 台股上看12,000",12
2019/12/14,[新聞] 元太科技E Ink電子紙從黑白走向彩色、最,33
2019/12/14,[請益] 股魚財報書的資產負債表觀念是否錯誤?,25
2019/12/14,[新聞] 美國時間很多？川普1天狂發123條推特創,31
2019/12/14,[其他]看謝金河臉書 我是不是該買護國神G了,26
2019/12/14,"Re: [新聞] 11法人樂觀 台股上看12,000",2
2019/12/14,"[新聞] 11法人樂觀 台股上看12,000",29
2019/12/14,[新聞] 美11月預算赤字擴大至2090億美元 年增12,15
2019/12/14,Re: [新聞] 0050投資台積電比重 衝破40%,3
2019/12/14,[新聞] 投保中心提告求償6.97億 群聯：打壓績優,12
2019/12/14,Re: [新聞] 0050投資台積電比重 衝破40%,54
2019/12/14,Re: [新聞] 籌碼快用光 最大5G ETF申請追募,6
2019/12/14,[新聞] 籌碼快用光 最大5G ETF申請追募,14
2019/12/14,[新聞] 0050投資台積電比重 衝破40%,42
2019/12/14,Re: [心得] 慘賠六百萬，換一個價值投資APP的誕生,15
2019/12/14,[新聞] 萊特希澤：中國承諾年購 400 億美農品,24
2019/12/14,Re: [其他] 川普: 與中國達成非常大的第一階段交易,-10
2019/12/14,Re: [其他] 川普: 與中國達成非常大的第一階段交易,100
2019/12/14,[新聞] 網家股價跌至2年低點 面臨百元關卡保衛1,29
2019/12/14,[新聞] 2020年投資主軸 4大科技股仍是前景可期,9
2019/12/14,Re: [其他] 川普: 與中國達成非常大的第一階段交易,86
2019/12/14,Re: [請益] 交易症,13
2019/12/14,Re: [其他] 川普: 與中國達成非常大的第一階段交易,45
2019/12/14,Re: [其他] 中美貿協 有談跟沒談一樣,3
2019/12/14,Re: [標的] 中裕 4147 大多頭,9
2019/12/14,[新聞] 眾院司法委員會通過對川普兩條彈劾條款,10
2019/12/14,Re: [其他] 中美貿協 有談跟沒談一樣,36
2019/12/14,[請益] 興富發今年的季季配是否有點壞壞...,21
2019/12/14,[新聞] 【快訊】川普：已徵25%對華關稅保留 其餘,43
2019/12/14,[其他] 中美貿協 有談跟沒談一樣,28
2019/12/13,Re: [其他] 川普投顧又開示了 加中美關稅問題更新直撥,1
2019/12/13,[新聞] 中方關于中美第一階段經貿協議的聲明,-10
2019/12/13,[標的] 3105穩懋 空,9
2019/12/13,Fw: [爆卦] 中美第一階段貿易協議達成,22
2019/12/13,[其他] 川普投顧又開示了 加中美關稅問題更新直撥,100
2019/12/13,[新聞] 交通部：若飛安財務無虞 願再給遠航機會,9
2019/12/13,[新聞] 【財經評論】聯儲局過於樂觀　美國經濟,8
2019/12/13,Re: [新聞] 貿易戰傳暫達協議 中國買500億美元農產品,6
2019/12/13,[新聞] 遠航拚重生 銀行給三個「大限」,3
2019/12/13,[新聞] 貿易戰苦主！華為：復元要2~3年 生存下玖,49
2019/12/13,[新聞] 標普：中國國企境外美元債違約 顯示中共,2
2019/12/13,[新聞] 又能飛了？民航局未報請廢止遠航營運許可,11
2019/12/13,Re: [新聞] 遠航無預警停飛震驚債權銀行 合庫即刻採,6
2019/12/13,[請益] 交易症,35
2019/12/13,[其他] 上市大盤加權股價指數(扣台積電)更新,15
2019/12/13,Re: [新聞] 大聯大收購文曄股權 一堂大學財務管理購,5
2019/12/13,Re: [新聞] 貿易戰傳暫達協議 中國買500億美元農產品,5
2019/12/13,Re: [心得] 台積電即將到達台股四分之一權重25%,13
2019/12/13,[新聞] 英特爾2019-2029年製程路線圖，十年內從1,19
2019/12/13,[新聞] 電子零組件 台最具競爭力產業,3
2019/12/13,[新聞] 外資估明年營收成長16% 上調台積電目標,20
2019/12/13,Re: [標的] 中裕 4147 大多頭,18
2019/12/13,[新聞] 彭博：台積電大方給股利 完勝三星,24
2019/12/13,Re: [請益] 如何判斷是否該申購股票？,0
2019/12/13,[標的] 3406玉晶光，強力買進,11
2019/12/13,[標的] 聯發科 蓄勢待發 接力撐盤多,5
2019/12/13,[新聞] 大聯大收購文曄股權 一堂大學財務管理購,6
2019/12/13,Re: [新聞] 台積電 5 奈米製程測試良率超過 8 成，電,16
2019/12/13,[新聞] 風電躉購費率 業者喊別降,12
2019/12/13,[其他] 108年12月13日 三大法人買賣金額統計表,58
2019/12/13,Re: [新聞] 台積電 5 奈米製程測試良率超過 8 成，電,12
2019/12/13,[標的] 大盤&和潤心得,78
2019/12/13,[新聞]是否廢營運許可 林佳龍:民航局下午開會討論,0
2019/12/13,Re: [新聞] 貿易戰傳暫達協議 中國買500億美元農產品,8
2019/12/13,Re: [請益] 定期定額長期投資適合的標的,3
2019/12/13,[新聞] 遠航鬼打牆「停飛是烏龍」張綱維:旅客損失,15
2019/12/13,Re: [請益] 定期定額長期投資適合的標的,9
2019/12/13,[新聞] 公股銀年終 最高上看八個月,7
2019/12/13,[閒聊] 2019/12/13 盤後閒聊,13
2019/12/13,[標的] 空 2337,27
2019/12/13,[新聞] 美元摔！Fed跨年將狂灑5千億美元 資產負,12
2019/12/13,Re: [請益] 定期定額長期投資適合的標的,10
2019/12/13,[心得] FED一個月期大印鈔,11
2019/12/13,Re: [新聞] 貿易戰傳暫達協議 中國買500億美元農產品,13
2019/12/13,Re: [標的] 中裕 4147 大多頭,20
2019/12/13,[標的] 2455 全新 多,3
2019/12/13,[請益] 定期定額長期投資適合的標的,28
2019/12/13,[標的] 慶生(6210),10
2019/12/13,Re: [新聞] 台積電 5 奈米製程測試良率超過 8 成，電,6
2019/12/13,Re: [標的] 中裕 4147 大多頭,21
2019/12/13,[請益] 為什麼益通要下市了還有人買？,7
2019/12/13,[新聞] 台積電 5 奈米製程測試良率超過 8 成，電,18
2019/12/13,[新聞] 紐時：中國債務壓力山大，企業違約者眾,32
2019/12/13,[新聞] 首露面！張綱維撇停業說「沒要發資遣費」,16
2019/12/13,Re: [新聞] 貿易戰傳暫達協議 中國買500億美元農產品,5
2019/12/13,Re: [標的] 和潤 6592,26
2019/12/13,Re: [標的] 台塑四寶 多,0
2019/12/13,[新聞] 和泰車11月營收衝上214.7億 歷史新高,9
2019/12/13,[標的]  5871 中租 長期多,24
2019/12/13,[新聞] Fed暗示明年利率維持不變,10
2019/12/13,[新聞] 貿易戰傳暫達協議 中國買500億美元農產品,19
2019/12/13,[標的] 和潤 6592,100
2019/12/13,[標的]2379瑞昱,3
2019/12/13,[請益] 商業事件審理法?,0
2019/12/13,Re: [標的]威剛  好男人概念股 多,7
2019/12/13,Re: [標的] GG市值破三千億鎂超過埃克森美孚啦,7
2019/12/13,Re: [標的] 2408南亞科 長多,26
2019/12/13,[新聞] 尹崇堯面試沒過 金管會要南山推代理董事,21
2019/12/13,[標的] 元太 長多,3
2019/12/13,[閒聊] 2019/12/13 盤中閒聊,100
2019/12/13,Re: [標的] GG市值破三千億鎂超過埃克森美孚啦,-10
2019/12/13,[新聞] 郭明錤：蘋果將砍機殼廠一次性工程費用,16
2019/12/13,[標的] 6290 良維 多,10
2019/12/13,[新聞] 年終、調薪幅度均創6年新低 3產業含金量,15
2019/12/13,[新聞] 美中原則上達成第一階段協議,30
2019/12/13,Re: [標的] 中裕 4147 大多頭,1
2019/12/13,Re: [其他] excelVBA 選股 分享,16
2019/12/13,[新聞] 優客工場赴美IPO 擬募一億美元,9
2019/12/13,Re: [標的] 大盤 國父革命多,8
2019/12/12,[標的] GG市值破三千億鎂超過埃克森美孚啦,59
2019/12/12,[新聞] 宏達電：AR、VR產業發展空間大,5
2019/12/12,[新聞]遠航張綱維申讓227張三信商銀股票給女友,8
2019/12/12,[新聞] 台股刷新29年半新高！史上最長萬點行情背,2
2019/12/12,[標的] 2330 多,20
2019/12/12,[新聞] 川普「與中國非常接近達成協議」 標普再,22
2019/12/12,[新聞] 美中貿談獲進展？川普推文：「非常接近」,26
2019/12/12,Re: [請益] 要怎麼調適--賣了股票後卻大漲？,17
2019/12/12,[新聞] 5G基地台商機 旺宏吃好吃滿,7
2019/12/12,[請益] 要怎麼調適--賣了股票後卻大漲？,59
2019/12/12,Re: [心得] 和潤進場,3
2019/12/12,Re: [心得] 和潤進場,0
2019/12/12,[標的] 6613朋億,2
2019/12/12,[新聞] 〈明泰入股仲琦〉私募、公開收購雙管齊下,20
2019/12/12,[新聞] 謝金河：和潤企業的陷阱,0
2019/12/12,Re: [心得] 和潤進場,6
2019/12/12,[標的]4803 VHQ-KY 多,15
2019/12/12,[標的] 富邦vix 00677u,5
2019/12/12,[新聞] 美元摜破年線！鮑爾：通膨明顯增溫才升,6
2019/12/12,[標的] 2330 台積電 多,23
2019/12/12,[標的] 2535達欣工,0
2019/12/12,[新聞] 仲琦棄中磊 投向明泰懷抱,13
2019/12/12,[新聞] 連法國人都滿意 URX將讓納智捷谷底翻身？,20
2019/12/12,[新聞] 燦坤高層大地震 董事長、財務長雙雙辭職,34
2019/12/12,[新聞] 遠航無預警停飛 銀行局：3家銀行總曝險23,20
2019/12/12,Re: [標的] 中裕 4147 大多頭,21
2019/12/12,[新聞] 華航(2610)11月營收134.63億 年增-7.04%,6
2019/12/12,Re: [標的] 中裕 4147 大多頭,9
2019/12/12,Re: [心得] 台積電即將到達台股四分之一權重25%,4
2019/12/12,[新聞] 台股刷新29年半新高　但史上最長萬點行得,3
2019/12/12,[新聞] 債務炸彈將引爆？專家警告美恐陷失落10年,31
2019/12/12,[標的] 2330 台積電 超級無敵多,29
2019/12/12,Re: [新聞] 快訊／遠航張綱維傳遺書 只求以死謝罪,30
2019/12/12,[新聞] 快訊／遠航張綱維傳遺書 只求以死謝罪,34
2019/12/12,[新聞] 遠航無預警停飛震驚債權銀行 合庫即刻採,26
2019/12/12,[其他] 108年12月12日 三大法人買賣金額統計表,34
2019/12/12,[新聞]豬肉惹的禍！中國11月CPI創近8年新高達4.,1
2019/12/12,[新聞] PPI優於預期 中國11月PPI跌幅縮小至-1.4%,0
2019/12/12,[新聞] 中國境內債務違約風險 將波及境外債券市,2
2019/12/12,[新聞] 客戶挑戰P4 FTF告捷，中化生EVE需求看升,0
2019/12/12,[新聞] 勞動部：尚未收到遠東航空通報大量解僱,1
2019/12/12,[新聞] 遠東航空無預警停止售票 民航局下午召開,21
2019/12/12,[閒聊] 2019/12/12 盤後閒聊,58
2019/12/12,[新聞] 四川5+1產業政策 向台商招手,11
2019/12/12,[標的] 4735 豪展,4
2019/12/12,[新聞] 〈Fed會議〉Fed 利率聲明全文：經濟仍強,3
2019/12/12,[其他] 永豐前張總經理 現在官司不斷…？,8
2019/12/12,Re: [標的] 亞光 緩緩多,16
2019/12/12,[新聞] 宣明智財產超陽春 聯電持股僅506股,12
2019/12/12,[閒聊] 2019/12/12 盤中閒聊,100
2019/12/12,[新聞] 外資：半導體股漲到下季,17
2019/12/12,[新聞] 中鋼遭指污染大戶 高市府允訂加嚴標準促,0
2019/12/12,[新聞] 台積扮先鋒 台股寫6高,10
2019/12/12,[新聞] 台股量增收漲0.63% 呈多頭排列,0
2019/12/12,[新聞] 台股量能放大 站上11700點,3
2019/12/12,[新聞] 台灣今年經濟成長預測至2.5%四小龍之首,7
2019/12/12,[心得] 0050未來會到1000點,6
2019/12/12,Re: [請益] 大學生想投資0050當存股,1
2019/12/12,Re: [請益] 大學生想投資0050當存股,8
2019/12/12,[新聞] 華通、燿華攻高階穿戴 營運補,14
2019/12/12,Re: [心得] 台積電即將到達台股四分之一權重25%,18
2019/12/12,Re: [請益] 大學生想投資0050當存股,2
2019/12/12,[新聞] 分析師：美中可能趕在周六晚上11時宣布達,8
2019/12/12,Re: [心得] 台積電即將到達台股四分之一權重25%,3
2019/12/12,Re: [心得] 台積電即將到達台股四分之一權重25%,8
2019/12/11,Re: [心得] 台積電即將到達台股四分之一權重25%,22
2019/12/11,Re: [心得] 台積電即將到達台股四分之一權重25%,16
2019/12/11,[新聞] 貿易談判成膠着 中國加快買美大豆,24
2019/12/11,Re: [心得] 台積電即將到達台股四分之一權重25%,1
2019/12/11,[請益] 大學生想投資0050當存股,61
2019/12/11,[新聞] 中國11月出口意外下降 與美達成貿易協議,10
2019/12/11,Re: [心得] 和潤進場,67
2019/12/11,Re: [新聞] 小米三季度經營情況良好,7
2019/12/11,[新聞] 川普助攻！韓媒：三星5G通訊設備全球市,5
2019/12/11,[新聞] 2019瘋狂獵地年 建商砸1999億「掃地」,28
2019/12/11,[新聞] 聯詠穩坐TDDI市場龍頭，日系外資調高目,10
2019/12/11,[新聞] 標普上修台灣今年經濟成長預測至2.5% 四,15
2019/12/11,[新聞] 〈分析〉經濟危機在眼前？全球央行降息速,6
2019/12/11,[標的] 4939亞電（5G高頻關鍵材料）,0
2019/12/11,[公告] zesonpso 警告一次,0
2019/12/11,[公告] evageline 水桶一週,0
2019/12/11,[心得] 台積電即將到達台股四分之一權重25%,48
2019/12/11,[新聞] 全球殖利率續創30年新低 2020年「日本化,9
2019/12/11,[標的] 2317 鴻海  多,26
2019/12/11,Re: [請益] 第一季對帳單，一賣就漲怎調適自信與邏輯呢？,18
2019/12/11,[新聞] 神秘大戶尾盤敲進9257張　台積電瞬間彈,38
2019/12/11,Re: [新聞] 愛國就買華為，受害最深其實不是蘋果,0
2019/12/11,[公告] t0958 powyo eden8164 chin47 警告一次,0
2019/12/11,Re: [新聞] 文曄：被大聯大收購會形成壟斷！,9
2019/12/11,[新聞] 《生醫股》瞄準細胞治療商機，高端大型細,6
2019/12/11,[請益] 美股被貿易戰影響是暗示中國要崩潰嗎？,5
2019/12/11,[新聞] 瑞信大膽預測: Fed年底或許得實行QE4,15
2019/12/11,[新聞] 文曄：被大聯大收購會形成壟斷！,14
2019/12/11,[新聞] 2019年第四季全球晶圓代工、台積電52.7%,24
2019/12/11,[新聞] 業績俏、股價低，宏致揚眉吐氣創逾27個,4
2019/12/11,Re: [新聞] 台積電飆高 台股一舉站上11700點 再創29,45
2019/12/11,[標的] 00672L 元大S&P原油正2,50
2019/12/11,[新聞] 愛立信違反《美國反海外腐敗法》支付10,11
2019/12/11,[新聞] 年領200萬股息！45歲晚鳥退休師 靠「聊,18
2019/12/11,[其他] 108年12月11日 三大法人買賣金額統計表,31
2019/12/11,[新聞] 台積電飆高 台股一舉站上11700點 再創29,47
2019/12/11,Re: [標的] 富邦50 006208 多,2
2019/12/11,[閒聊] 2019/12/11 盤後閒聊,38
2019/12/11,[標的] 9940信義,17
2019/12/11,[新聞] 愛國就買華為，受害最深其實不是蘋果,17
2019/12/11,[新聞] 穩定就業崩解，中國就業問題成隱憂,26
2019/12/11,[新聞] 否認推遲關稅報導！庫德洛：主要看川普,15
2019/12/11,Re: [新聞] 川普將最終决定是否簽署美中貿易協議,7
2019/12/11,[標的] 6282 康舒,18
2019/12/11,[新聞] 不捨得賣台積電 新光金出現今年首月虧,48
2019/12/11,[標的] 2643 捷迅 多,5
2019/12/11,[新聞] 川普將最終决定是否簽署美中貿易協議,0
2019/12/11,[新聞] 裕隆小金雞母裕融 前11月自結獲利 EPS破8,24
2019/12/11,[標的] 3406,14
2019/12/11,Re: [心得] 和潤進場,100
2019/12/11,[新聞] 美國第三季非農勞動生產力終值下降0.2%,4
2019/12/11,[閒聊] 2019/12/11 盤中閒聊,100
2019/12/11,[新聞] 多重因素激勵 分析師：台股明年料衝破歷,10
2019/12/11,[新聞] 貿易戰擦亮台灣實力 5利多促台股評價向上,2
2019/12/11,[新聞] 台股基金 迎大選行情,10
2019/12/11,[標的]威剛  好男人概念股 多,25
2019/12/11,Re: [新聞] 華爾街日報：美方計畫暫緩12月15日對中國,6
2019/12/11,Re: [新聞] 華爾街日報：美方計畫暫緩12月15日對中國,5
2019/12/11,Re: [新聞] 華爾街日報：美方計畫暫緩12月15日對中國,1
2019/12/11,[新聞] 華爾街日報：美方計畫暫緩12月15日對中國,51
2019/12/10,[新聞] 上市櫃大陸、海外投資收益 連三季雙衰退,0
2019/12/10,[請益] 推薦的兒童帳戶+證券戶,19
2019/12/10,[請益] 有券商可以定期不定額買股票嗎?,0
2019/12/10,Re: [新聞] 反擊美國！中國下令公家機關3年內換掉外,11
2019/12/10,[新聞] 銀行股再現閃崩 A股上市銀行普遍低迷,7
2019/12/10,[新聞] 2019年房市驚奇！商用不動產、土地交易量,4
2019/12/10,[新聞] 工研院：台灣發展再生能源勢在必行 應具5,4
2019/12/10,[新聞] 去年賣完土地資產 如興今出售中和股權,8
2019/12/10,[新聞] 5G競標首日5大電信出手冷清　總標金,53
2019/12/10,[請益] 原股東參與海外發行股票？,1
2019/12/10,[請益] 「存股」跟「定存股」的意思有差嗎,29
2019/12/10,[其他] 108年【11月份金控股】EPS排名(全已公布),99
2019/12/10,[標的] 台北股市 空,45
2019/12/10,[新聞] 2019第三季半導體設備投資、台灣居第一、,5
2019/12/10,[標的] 遠百2903,12
2019/12/10,[請益] 標普500成份股目前本益比,11
2019/12/10,[其他] 108年12月10日 三大法人買賣金額統計表,47
2019/12/10,Re: [標的] 崇越 5434,3
2019/12/10,[新聞] 台積電11月營收創新高，連4月破千億元,51
2019/12/10,[閒聊] 2019/12/10 盤後閒聊,27
2019/12/10,[標的] 漢翔(2634)空,5
2019/12/10,[新聞] 寶佳出清20萬張台新金持股,24
2019/12/10,Re: [新聞] 反擊美國！中國下令公家機關3年內換掉外,2
2019/12/10,[新聞] 今年汽車零件市場 表現不佳,2
2019/12/10,[標的] 旺宏（2337）空,78
2019/12/10,Re: [新聞] 反擊美國！中國下令公家機關3年內換掉外,38
2019/12/10,[新聞] 我國5G專網專頻決定4.8-4.9GHz頻段,17
2019/12/10,Re: [新聞] 反擊美國！中國下令公家機關3年內換掉外,20
2019/12/10,Re: [標的] VIX 抄底狂多 到期出場@3.39,14
2019/12/10,[新聞] 中國債務違約惡化 台11銀行聯合貸款中企踩,12
2019/12/10,Re: [心得] 和潤進場,100
2019/12/10,[新聞] 上月業績／友達+6% 群創-2% 彩晶-1%,13
2019/12/10,[閒聊] 2019/12/10 盤中閒聊,100
2019/12/10,Re: [新聞] 反擊美國！中國下令公家機關3年內換掉外,12
2019/12/10,[心得]沒錯~~又一篇文曄文,21
2019/12/10,Re: [新聞] 反擊美國！中國下令公家機關3年內換掉外,0
2019/12/09,[新聞] 大聯大收購文曄30％股權 非一定要向公平,13
2019/12/09,Re: [新聞] 反擊美國！中國下令公家機關3年內換掉外,33
2019/12/09,[新聞] 全球寬鬆 撐得住2020股市,21
2019/12/09,[標的] 3481 群創 (附南茂哥對帳單),7
2019/12/09,Re: [新聞] 反擊美國！中國下令公家機關3年內換掉外,0
2019/12/09,[新聞] 經濟指標：美國11月非農就業增加26.6萬人,12
2019/12/09,[新聞] 金融敲警鐘 呼和浩特城投債現違約風險,14
2019/12/09,[新聞] 中國債務違約惡化 台11銀行聯合貸款中企,8
2019/12/09,[新聞] 國泰金前11月稅後大賺590.9億元 每股稅,16
2019/12/09,[新聞] 台積電獲索尼大單 攻5G應用再下一城,37
2019/12/09,Re: [新聞] 反擊美國！中國下令公家機關3年內換掉外,-10
2019/12/09,[新聞] 【2891 中信金】108年11月份自結合併盈餘,39
2019/12/09,[新聞] 【5880 合庫金】108年11月份自結合併盈餘,18
2019/12/09,[新聞] 高通企圖以5G＋Snapdragon平台戰略搶奪,8
2019/12/09,Re: [心得] 和潤進場,100
2019/12/09,[新聞] 大聯大「收購案」文曄案 遭疑是炒作、意,4
2019/12/09,[新聞] 台新金108年11月份自結損益,22
2019/12/09,Re: [新聞] 反擊美國！中國下令公家機關3年內換掉外,68
2019/12/09,[新聞] 【公告】群創光電2019年11月自結合併營,10
2019/12/09,"[新聞] 和潤11月營收10.49億,月增 3.37%歷史新高",29
2019/12/09,Re: [心得] 和潤進場,36
2019/12/09,[標的] 3056總太-噴噴,21
2019/12/09,[其他] 108年12月09日 三大法人買賣金額統計表,32
2019/12/09,[請益] 有人看圈叉圖做交易嗎？,11
2019/12/09,[閒聊] 2019/12/09 盤後閒聊,32
2019/12/09,[新聞] 國際清算銀行：美4大銀行拒拆借 是repo利,3
2019/12/09,[新聞] 史上層級最高吹哨者被控背信 永豐銀前總,6
2019/12/09,[新聞] 反擊美國！中國下令公家機關3年內換掉外,100
2019/12/09,[新聞] 漢翔 要組國家隊搶商機,11
2019/12/09,Re: [標的] 崇越 5434,3
2019/12/09,[新聞] 星商聯貸違約 13國銀踩雷,35
2019/12/09,[標的] 亞光 緩緩多,15
2019/12/09,[閒聊] 2019/12/09 盤中閒聊,100
2019/12/09,[新聞] 2020前景光明！法人一致看好台股表現,8
2019/12/09,[請益] 會因為市場買不到股票造成無法買etf嗎,14
2019/12/08,[其他] 新聞稿有關大聯大公司申報延長公開收購,18
2019/12/08,[新聞] 北大方正爆雷波及旗下上市公司！兩公司59,17
2019/12/08,[公告] gn01765288 zmcx16 stasis KadourZiani,0
2019/12/08,[新聞] 〈觀察〉強化放款動能 銀行搶低利狂發債,6
2019/12/08,[新聞] 美國經濟表現強勁 聯準會料維持利率不變,1
2019/12/08,[新聞] 經濟不妙？信評最差垃圾債利差續增，糟,8
2019/12/08,[公告] doggy1234567 ps790605 LimitDown警告一次,0
2019/12/08,[公告] kkahon kaworu 水桶一週,0
2019/12/08,[新聞] 中科院能見度高！全訊11月營收4.94億元,4
2019/12/08,[公告] ToShaTo taidaren yrid 水桶一週,0
2019/12/08,[公告] fawangching CurryMvp 水桶一個月,0
2019/12/08,[新聞] 《國際金融》Fed今年最後會議，料停止升,3
2019/12/08,[新聞] 台綜院10月電力景氣亮綠燈 估第4季GDP上2,4
2019/12/08,[標的] 愛之味 1217,39
2019/12/08,Re: [請益] 上市公司的老董如何保持股權 ？,7
2019/12/08,[請益] 上市公司的老董如何保持股權 ？,23
2019/12/08,[標的]  美股油氣開採股近幾年狂跌的原因?,13
2019/12/08,[新聞] 簡滄圳：通膨要來了 房價看漲,37
2019/12/08,Re: [請益] 請問關於ADR與台股之間的關聯性,2
2019/12/07,[請益] 請問關於ADR與台股之間的關聯性,11
2019/12/07,[新聞] 踩到上海國儲能源地雷怎麼辦？ 金融業者,44
2019/12/07,[新聞] 13檔投信年終作帳 猛吃貨,36
2019/12/07,[新聞] 鷹派委員將卸任 2020年聯準會降息門檻可,5
2019/12/07,[新聞] 美大豆、豬肉 陸排除加徵關稅,80
2019/12/07,Re: [標的] 崇越 5434,5
2019/12/07,Re: [其他] 臺灣高股息指數成分股審核,18
2019/12/07,[請益] 員工持股信託,56
2019/12/07,Re: [標的] 2330(空),23
2019/12/07,[標的] 2330(空),26
2019/12/07,[其他] V形股 6497,20
2019/12/07,Re: [標的] 元大石油正二 多,17
2019/12/07,[新聞] 看好特斯拉2大發展 分析師：股價有望上,22
2019/12/07,[新聞] 中東首富瓦利德親王愛台灣 允擴大投資,37
2019/12/07,Re: [新聞]國銀海外聯貸 驚傳踩雷,19
2019/12/07,Re: [標的] 3105穩懋，空,86
2019/12/07,[其他] 臺灣高股息指數成分股審核,20
2019/12/07,Re: [新聞]擊敗瑞士？未來10年美國用1手段成避稅天堂,34
2019/12/07,Re: [請益] 台指期贏家的比例是多少？,16
2019/12/07,[新聞] 郵儲銀行10日A股上市,2
2019/12/07,[新聞] 大聯大合併申請？公平會澄清：未收到,4
2019/12/07,[請益]  關於 融資 的幾個小問題,3
2019/12/06,[新聞] 庫德洛：美中協議近了 但條件未獲滿足川,61
2019/12/06,[新聞]擊敗瑞士？未來10年美國用1手段成避稅天堂,25
2019/12/06,[新聞] 美國11月就業數據超強 Fed將「暫停」降息,25
2019/12/06,Re: [標的] 台塑四寶,41
2019/12/06,[標的] 3105穩懋，空,26
2019/12/06,[請益] 台指期贏家的比例是多少？,29
2019/12/06,[新聞] 席勒：美股本益比這麼高，跟人們忘掉恐,9
2019/12/06,[新聞] 台積電技術持續領先，小摩稱 2 奈米才會,14
2019/12/06,[新聞] 台灣取代香港成金融中心 國泰金：商品開,15
2019/12/06,[新聞] 旺季已過、需求降溫 旺宏、華邦電11月營,32
2019/12/06,[新聞] 上銀(2049)11月營收12.79億 年增-44.44%,31
2019/12/06,[新聞] 日本參與美國探月計畫，助拳三菱重工參與,9
2019/12/06,[新聞] 【公告】元大金控108年11月份自結合併損,18
2019/12/06,[請益] 有沒有推薦的歷史資料網站,8
2019/12/06,[新聞] 統一證108年11月份損益,8
2019/12/06,[新聞] 驚傳延遲付薪水！ 東貝：系統問題,33
2019/12/06,[請益] 為什麼亞系外資都較弱,4
2019/12/06,[其他] 永豐金108年11月合併自結損益,25
2019/12/06,[新聞] 玉山金108年11月自結盈餘,30
2019/12/06,[標的] 4958臻鼎-ky 空,9
2019/12/06,[新聞] 嘉泥轉型旅宿業 沖繩飯店明年元月試營運,12
2019/12/06,Re: [標的] 請益  十銓4967  可轉債相關事項,1
2019/12/06,[新聞] 宏達電11月營收 月減16.12%、年減62.68%,65
2019/12/06,[標的] 台塑四寶 多,21
2019/12/06,Re: [新聞] 我外匯存底拚全球第四高 最快本月超車沙,17
2019/12/06,[其他] 108年12月06日 三大法人買賣金額統計表,37
2019/12/06,Re: [請益]  未上市櫃公司 員工認股 離職 購回,10
2019/12/06,Re: 越低越買？恐懼還是貪婪,3
2019/12/06,[閒聊] 2019/12/06 盤後閒聊,24
2019/12/06,[新聞] 核彈又來了！台積電逆天股價飆新高,39
2019/12/06,[新聞] 我外匯存底拚全球第四高 最快本月超車沙,61
2019/12/06,[新聞] 陸關稅死期快了！川普爆這天恐發生大事,30
2019/12/06,"Re: [新聞] 南港大股東買下世界明珠30戶,每坪115萬元",4
2019/12/06,[新聞] 投資台積逾25年 陳重銘表示：,-10
2019/12/06,[新聞] 《生醫股》金可-KY多品策略奏效,3
2019/12/06,[請益] 房貸增貸投資問題請益,21
2019/12/06,[新聞] 明年改選勞動基金加碼彰銀支持官股？許-,11
2019/12/06,Re: [新聞]國銀海外聯貸 驚傳踩雷,1
2019/12/06,[標的] 2356英業達,17
2019/12/06,"[新聞] 南港大股東買下世界明珠30戶,每坪115萬元",13
2019/12/06,Re: 越低越買？恐懼還是貪婪,24
2019/12/06,[請益]  未上市櫃公司 員工認股 離職 購回,12
2019/12/06,[新聞]國銀海外聯貸 驚傳踩雷,48
2019/12/06,[新聞] 家登、加高今起預收款券每5分鐘撮合一次,7
2019/12/06,[閒聊] 2019/12/06 盤中閒聊,100
2019/12/06,[新聞] 中鋼：下月鋼價一定落底,4
2019/12/06,[新聞] 白宮開會後受訪 郭台銘：時機敏感 不要談,31
2019/12/06,[新聞] 國產車廠工會：爭汽車產業生存權,0
2019/12/06,Re: [新聞] 德意志銀行破產？顧立雄籲勿以訛傳訛 國,1
2019/12/06,[請益] 假設2025前台股和美股崩跌?,7
2019/12/06,Re: 越低越買？恐懼還是貪婪,9
2019/12/05,[新聞] 與聯發科競爭 高通總裁：加速5G早日普及,14
2019/12/05,[請益] 請問美股推薦用哪個海外券商？,21
2019/12/05,[新聞] 華通連2月營收站穩60億元 前11月已超越去,6
2019/12/05,[標的] 世禾3551 多,10
2019/12/05,[標的] 5457 宣德,16
2019/12/05,[新聞] 德意志銀行破產？顧立雄籲勿以訛傳訛 國,43
2019/12/05,[新聞] 鴻海11月營收創同期新高 第4季可望創今年,31
2019/12/05,Re: [請益]港股詐騙 這算是詐騙集團的一種嗎?,5
2019/12/05,Re: [新聞] 台灣難取代香港成國際金融中心 顧立雄指,21
2019/12/05,[標的] 請益  十銓4967  可轉債相關事項,0
2019/12/05,[新聞] 台灣難取代香港成國際金融中心 顧立雄指,54
2019/12/05,Re: [新聞] 大文配收購期間延長50天,2
2019/12/05,[其他] 突破時要追多還是放空?,36
2019/12/05,Re: [標的] 1402 遠東新,32
2019/12/05,[新聞] 業者:搶救國產車創消費者、廠商及勞工三贏,-10
2019/12/05,[新聞] 新債王：下次危機恐於公司債引爆、現在就,10
2019/12/05,[其他] 台企銀108年11月自結盈餘,13
2019/12/05,[標的] 鼎炫（8499）,8
2019/12/05,[其他] 108年12月05日 三大法人買賣金額統計表,63
2019/12/05,[新聞] 2330 台積電鉅額交易 爆萬張大量,20
2019/12/05,[新聞] 玉山銀前十月發卡量破百萬張 奪冠,42
2019/12/05,[閒聊] 2019/12/05 盤後閒聊,27
2019/12/05,Re: [新聞] 大文配收購期間延長50天,34
2019/12/05,Re: [請益] 興櫃股票 轉 上市 (和潤),44
2019/12/05,[其他]  合一 許可證,24
2019/12/05,Re: [標的] 元大石油正二 多,5
2019/12/05,[新聞] 5G專網頻譜政院通過 蘇貞昌：台灣將邁入5,10
2019/12/05,[新聞] 巴西鋼品恐亂竄，中鋼嚴防,3
2019/12/05,[新聞] 沈榮津為螺絲扣件業進料成本請命 中鋼允,3
2019/12/05,[新聞] 高通旗艦865規格5G下行海放聯發科,34
2019/12/05,[新聞] 華為宣布正式起訴美國聯邦通信委員會,39
2019/12/05,Re: [標的] 2368 金像電 空,8
2019/12/05,[標的] 9933 中鼎 多,33
2019/12/05,[新聞] 高通高階5G晶片驍龍865 委由台積電代工,20
2019/12/05,[請益] 有台股ETF追縱美股誤差小的嗎？,17
2019/12/05,[標的] 2206三陽工業 長期多,26
2019/12/05,[新聞] 中國經濟風險大增 台灣三大金控西進喊煞,2
2019/12/05,Re: [標的] 2316 楠梓電,10
2019/12/05,Re: [標的] 元大石油正二 多,10
2019/12/05,Re: [標的] 2408南亞科 長多,39
2019/12/05,[標的] 00861 元大全球未來通訊 樂透多,24
2019/12/05,[新聞] 房市交易回溫 公股銀雙管齊下搶房貸大餅,24
2019/12/05,[標的]  金居 多 8358,34
2019/12/05,[閒聊] 2019/12/05 盤中閒聊,100
2019/12/05,[標的] 大盤,4
2019/12/05,[其他] excelVBA 選股2,17
2019/12/05,Re: [新聞] 驚！首家千元股王落難下市跌停 益通,3
2019/12/05,[標的] 5371中光電 多,11
2019/12/05,[新聞] 蘋果傳密訪GIS 導入屏下辨識,17
2019/12/05,Re: [請益] 興櫃股票 轉 上市,10
2019/12/04,[標的] 1589 永冠 長線多,9
2019/12/04,Re: [新聞] 大文配收購期間延長50天,38
2019/12/04,Re: [新聞] 全國空屋創新高 市值估逾9兆,11
2019/12/04,Re: [標的] 5206 坤悅,2
2019/12/04,[其他] 公告公開收購人延長公開收購文曄科技股,0
2019/12/04,Re: [新聞] 大文配收購期間延長50天,10
2019/12/04,Re: [新聞] 大文配收購期間延長50天,16
2019/12/04,[其他] 12/4 集中市場三大法人買賣超前30名,9
2019/12/04,[公告] PangWei banliao blackboard 警告一次,0
2019/12/04,[其他] 12/4 店頭市場三大法人買賣超前20名,3
2019/12/04,[公告] jack323316 s22898699 hahahalalala 水桶一週,0
2019/12/04,[新聞] 企業債務成隱形炸彈　下一波金融海嘯來1,25
2019/12/04,Re: [請益] 新興國家貨幣,3
2019/12/04,Re: [新聞] 大文配收購期間延長50天,14
2019/12/04,[新聞] 大文配收購期間延長50天,30
2019/12/04,[新聞]道瓊期短線漲百點！彭博：美中接近達成協,51
2019/12/04,[新聞] 中芯財報首次轉虧為盈、短期內不會擴產,22
2019/12/04,Re: [新聞] 美中協議恐延至明年重挫美股 川普：不過,8
2019/12/04,[新聞] 美中協議恐延至明年重挫美股 川普：不過,35
2019/12/04,Re: [新聞] 全國空屋創新高 市值估逾9兆,17
2019/12/04,Re: [新聞] 「備轉率逾10％」 經部：到2030年都不缺電,16
2019/12/04,Re: [新聞] 全國空屋創新高 市值估逾9兆,0
2019/12/04,Re: [新聞] 全國空屋創新高 市值估逾9兆,20
2019/12/04,[其他] 108年12月04日 三大法人買賣金額統計表,69
2019/12/04,[請益] 興櫃股票 轉 上市 (和潤),51
2019/12/04,Re: [新聞] 「備轉率逾10％」 經部：到2030年都不缺電,30
2019/12/04,Re: [新聞] 全國空屋創新高 市值估逾9兆,4
2019/12/04,[閒聊] 2019/12/04 盤後閒聊,31
2019/12/04,R: [標的] 國賓 2704 多,30
2019/12/04,Re: [標的] 3481 群創 多,15
2019/12/04,Re: [新聞] 全國空屋創新高 市值估逾9兆,18
2019/12/04,[標的] 中裕 4147 大多頭,28
2019/12/04,[新聞] 鋼市低迷，中鋼員工產銷獎金打4折,24
2019/12/04,Re: [新聞] 全國空屋創新高 市值估逾9兆,7
2019/12/04,[新聞] 驚！首家千元股王落難下市跌停 益通宣布1,46
2019/12/04,[新聞] 全國空屋創新高 市值估逾9兆,53
2019/12/04,Re: [標的] 3293  鈊象 狙擊空,8
2019/12/04,[新聞] 被動元件春燕來了 國巨徵千人 春節大加班,50
2019/12/04,[閒聊] 2019/12/04 盤中閒聊,99
2019/12/04,Re: [其他] 不敗教主承認寫00861業配文,23
2019/12/04,Re: [其他] 文曄刊Google廣告「寸步不讓、正面迎戰」,44
2019/12/04,[新聞] 陸力拱新能源車 類股勁彈,5
2019/12/04,Re: [新聞] 川普宣稱美中貿易協議明年大選後再簽更好,15
2019/12/04,[新聞] 大陸產經：北大方正20億人民幣短融違約，,13
2019/12/04,[新聞] 蘋果 Mini LED 產品明年 Q3 量產，郭明,25
2019/12/03,Re: [其他] 嘎偉老師,70
2019/12/03,[新聞] 出招反制？環時：中國很快將釋出「不可靠,21
2019/12/03,[標的] 6290良維 多,2
2019/12/03,[新聞] 美股續創新高 資金流入美國股票型ETF,4
2019/12/03,[新聞] 川普宣稱美中貿易協議明年大選後再簽更好,96
2019/12/03,[新聞] 華航60周年彩繪機全數到位　6機共同翱翔,12
2019/12/03,[新聞] 富邦金控羅瑋：Fed明年可能降息3次以上,33
2019/12/03,[其他] 文曄刊Google廣告「寸步不讓、正面迎戰」,42
2019/12/03,[新聞] Fed 考慮允許通膨超標！葉倫：貨幣政策將,22
2019/12/03,[新聞] 警告中國別拖拉！美商務部長：12/15若沒,55
2019/12/03,[心得] 和潤&大盤,100
2019/12/03,[其他] 108年12月03日 三大法人買賣金額統計表,62
2019/12/03,[閒聊] 2019/12/03 盤後閒聊,34
2019/12/03,[請益] 為什麼IFRS跟房地產預售的萎縮有關係？,14
2019/12/03,[新聞] 「綠營內鬥、蘇揆介入」 藍委質疑台銀證,15
2019/12/03,[新聞] 焦點股：愛普(6531)轉型有成，營運向前衝,6
2019/12/03,Re: [標的] 2408南亞科 長多,19
2019/12/03,[新聞] 聯發科5G爆單 明年６千萬套,30
2019/12/03,[新聞] 大聯大收購文曄攻防 文曄：可能引中國反,35
2019/12/03,[閒聊] 2019/12/03 盤中閒聊,92
2019/12/03,[新聞] 國產車市占率流失快 汽車業促修法降稅,19
2019/12/03,[新聞] 阿里1.2億美股轉倉香港,4
2019/12/03,Re: [心得] 美元的價值與地位將被重新評估,9
2019/12/03,[請益] 高學歷在金融股票期貨業的必要性？,-10
2019/12/02,[新聞] 勞動基金今年前10月大賺3839億元 每位勞,16
2019/12/02,[新聞] 《證交所》禾聯碩12月3日起開放信用交易,9
2019/12/02,[新聞] 川普：立即恢復巴西與阿根廷的鐵鋁關稅,12
2019/12/02,Re: [新聞] 京華城轉型商辦但市場存疑慮 中石化、中,3
2019/12/02,[新聞] 全球ETF資產突破6兆美元 波動時恐加劇,22
2019/12/02,[新聞] 遭「五指山」政策波及 銀行財管保險佣金,7
2019/12/02,[新聞] 川普開鍘！阿根廷、巴西貨幣貶值 美恢復,33
2019/12/02,Re: [心得] 禮拜一大盤一定漲,0
2019/12/02,[新聞] 他重倉買進鴻海 18 萬張，近期股價爆量強,33
2019/12/02,[新聞] 全台移轉量料連3紅 站上30萬棟多空指標,3
2019/12/02,[新聞] 從索尼與松下的重整之路，看到日商重返榮,16
2019/12/02,[新聞] 黃崇仁搞飛機？公司表示：不知情,8
2019/12/02,[標的] 2498宏達電(短多)，萬事俱備只欠東風?,0
2019/12/02,[新聞] 擺脫禁令威脅？分析：華為新手機已經不1,41
2019/12/02,[新聞] 中國大陸帶動 亞洲上月製造業PMI普遍回升,5
2019/12/02,[標的] 6412 群電,5
2019/12/02,[新聞] EUV、光刻膠成為三星電子的絆腳石,38
2019/12/02,[請益] 第一次證券申購,40
2019/12/02,Re: [新聞] 5G必要專利申請數華為居冠 但獲准率低,1
2019/12/02,[其他] 108年12月02日 三大法人買賣金額統計表,62
2019/12/02,[新聞] 5G必要專利申請數華為居冠 但獲准率低,23
2019/12/02,[新聞] 台肥恐涉刑責 農委會提6項疑義移送檢調1,38
2019/12/02,[新聞] 橋水買進台股ETF,19
2019/12/02,[閒聊] 2019/12/02 盤後閒聊,11
2019/12/02,[請益] 大盤高檔觀念,2
2019/12/02,[討論] 現在開人頭帳戶的有這麼多?,30
2019/12/02,[新聞] 網通伺服器及轉投資挹注，宏致明年EPS上,5
2019/12/02,Re: [請益] 請教第一次證券申購,4
2019/12/02,[請益] 求救~瓦城無擔保可轉換公司債,50
2019/12/02,[標的] 2393 億光 多,67
2019/12/02,Re: [心得] 資本主義下的奴隸制度,7
2019/12/02,[新聞] 川普貿易戰重創美國人！專家：百姓損失,31
2019/12/02,[新聞] 嚇死人！中國前10月債市違約4300億元 超,33
2019/12/02,Re: [心得] 資本主義下的奴隸制度,18
2019/12/02,[標的] 2316 楠梓電,100
2019/12/02,Re: [標的] 3481 群創 多,8
2019/12/02,[閒聊] 2019/12/02 盤中閒聊,100
2019/12/02,[新聞] 韓：今年台灣有4萬家公司要倒閉,-10
2019/12/02,[心得] 資本主義下的奴隸制度,-10
2019/12/01,[新聞] 破紀錄！美黑色星期五網購消費額近2300億,30
2019/12/01,[新聞] 德國11月失業人數 創兩德統一後新低,6
2019/12/01,Re: [請益] 為什麼今天這麼多公司改名？,7
2019/12/01,[公告] yass456 zebirlin ericgary 警告一次,0
2019/12/01,[公告] Tapqou 水桶一個月 google56 水桶10年,0
2019/12/01,Re: [心得] 美元的價值與地位將被重新評估,8
2019/12/01,Re: [心得] 美元的價值與地位將被重新評估,0
2019/12/01,Re: [心得] 美元的價值與地位將被重新評估,0
2019/12/01,[公告] PTTISDOG 水桶一週,0
2019/12/01,[公告] cococrisp7 love113w hatestudy 警告一次,0
2019/12/01,[標的] 2063世鎧(冷門股),9
2019/12/01,[新聞] 人行行長易綱暗示 短期內不會調降基準利,6
2019/12/01,[新聞] 遭逼遊走法律邊緣？ 看蘋果先生們付出的,7
2019/12/01,[公告] ychuange canadia screwup 水桶一週,0
2019/12/01,[公告] iebonso Searchingfor adam6693 警告一次,0
2019/12/01,[公告] Willie616 Cornird screwup 警告一次,0
2019/12/01,Re: [心得] 美元的價值與地位將被重新評估,2
2019/12/01,[公告] doliny papapa88 itsjustagame 警告一次,0
2019/12/01,[公告] fox1234 ttmb 水桶一週,0
2019/12/01,[公告] a2394673 sdamel Paul1021 ppp123 水桶一週,0
2019/12/01,[公告] shibo stayfool 水桶一週,0
2019/12/01,[標的] 1201 味全 多,7
2019/12/01,[公告] spy9527 FlyinDance56 aynmeow 警告一次,0
2019/12/01,[公告] cathyntu ambitious 警告一次,0
2019/12/01,Re: [心得] 美元的價值與地位將被重新評估,11
2019/12/01,[請益] 大盤融資餘額,9
2019/12/01,[新聞] 三星要為Intel代工14nm處理器？官方否認,16
2019/12/01,Re: [請益] 水泥類股的初步研究與幾個問題,4
2019/12/01,Re: [心得] 美元的價值與地位將被重新評估,16
2019/12/01,[標的] NASDAQ正2(00670L),3
2019/12/01,Re: [心得] 美元的價值與地位將被重新評估,0
2019/12/01,Re: [心得] 美元的價值與地位將被重新評估,39
2019/12/01,[新聞] 仙人指路？黃金看漲期權4000元爆出巨量,12
2019/12/01,[心得] 美元的價值與地位將被重新評估,12
2019/12/01,Re: [心得] 禮拜一大盤一定漲,5
2019/12/01,[請益] 水泥類股的初步研究與幾個問題,10
2019/12/01,[新聞] 三商壽：敞大門 引策略投資人,12
2019/12/01,[新聞] 全國空屋創新高 市值估逾9兆,47
2019/12/01,Re: [新聞] 年輕人只會窮忙? 世代研究:只是生不,2
2019/12/01,Re: [新聞] 年輕人只會窮忙? 世代研究:只是生不逢時,6
2019/12/01,Re: [新聞] 年輕人只會窮忙? 世代研究:只是生不,33
2019/12/01,[請益] 為什麼今天這麼多公司改名？,8
2019/12/01,[新聞] 三商壽取得和潤9000張 每股66.7879元,33
2019/12/01,Re: [新聞] 年輕人只會窮忙? 世代研究:只是生不,50
2019/12/01,[新聞] 陸不良資產證券化 將擴大試點,48
2019/11/30,[心得] 禮拜一大盤一定漲,78
2019/11/30,Re: [新聞] 京華城轉型商辦但市場存疑慮 中石化、中,0
2019/11/30,[新聞] 京東方暫緩LCD投資 明年將推Mini LED新,25
2019/11/30,Re: [新聞] 年輕人只會窮忙? 世代研究:只是生不,10
2019/11/30,[新聞] 華為風暴再起，美擬擴大限制供貨,43
2019/11/30,Re: [新聞] 年輕人只會窮忙? 世代研究:只是生不,4
2019/11/30,Re: [新聞] 年輕人只會窮忙? 世代研究:只是生不逢時,8
2019/11/30,[標的] 東元 1504,11
2019/11/30,Re: [心得] 最後的 1500 點,34
2019/11/30,Re: [新聞] 年輕人只會窮忙? 世代研究:只是生不,10
2019/11/30,Re: [新聞] 年輕人只會窮忙? 世代研究:只是生不逢時,51
2019/11/30,Re: [心得] 5G題材遲早會崩吧？？,12
2019/11/30,Re: [心得] 5G題材遲早會崩吧？？,12
2019/11/30,Re: [新聞] 年輕人只會窮忙? 世代研究:只是生不逢時,21
2019/11/30,Re: [新聞] 年輕人只會窮忙? 世代研究:只是生不,3
2019/11/30,Re: [新聞] 年輕人只會窮忙? 世代研究:只是生不,19
2019/11/30,Re: [新聞] 年輕人只會窮忙? 世代研究:只是生不,25
2019/11/30,Re: [新聞] 年輕人只會窮忙? 世代研究:只是生不,0
2019/11/30,Re: [新聞] 年輕人只會窮忙? 世代研究:只是生不,17
2019/11/30,Re: [新聞] 年輕人只會窮忙? 世代研究:只是生不,37
2019/11/30,Re: [新聞] 年輕人只會窮忙? 世代研究:只是生不,77
2019/11/30,[新聞] 美股選舉行情將發酵 法人：逢回布局勝率,14
2019/11/30,Re: [新聞] 年輕人只會窮忙? 世代研究:只是生不,76
2019/11/30,Re: [其他] Apple Watch,9
2019/11/30,[心得] 最後的 1500 點,90
2019/11/30,[新聞] 陸股基金 資金行情燒,4
2019/11/30,[新聞] 11月中國製造業PMI為50.2%，高於預期,15
2019/11/30,Re: [新聞] 年輕人只會窮忙? 世代研究:只是生不,31
2019/11/30,[新聞] 天璣1000 5G系統單晶片性能強勁 聯發科,6
2019/11/30,[新聞]台積電首次超越三星電子，成為亞洲市值最,2
2019/11/30,[請益] 想請教國安基金疑問,3
2019/11/30,Re: [新聞] 年輕人只會窮忙? 世代研究:只是生不,12
2019/11/30,[新聞] 康友董座黃文烈 再度申報轉讓500張股票,12
2019/11/29,Re: [其他] 嘎偉老師,48
2019/11/29,[新聞] 大股東股票賣過頭能怪誰？,45
2019/11/29,Re: [新聞] 年輕人只會窮忙? 世代研究:只是生不,3
2019/11/29,Re: [新聞] 主計總處上修今年GDP至2.64％ 明年2.72％,33
2019/11/29,[標的] 港股金飾珠寶產業 周大福 周生生,12
2019/11/29,[標的] 富邦vix 00677U（作多，找機會進場）,0
2019/11/29,Re: [新聞] 年輕人只會窮忙? 世代研究:只是生不,51
2019/11/29,Re: [新聞] 主計總處上修今年GDP至2.64％ 明年2.,14
2019/11/29,Re: [新聞] 主計總處上修今年GDP至2.64％ 明年2.72％,10
2019/11/29,[新聞] 主計總處上修今年GDP至2.64％ 明年2.72％,99
2019/11/29,[新聞] 聯發科重回高端市場，天璣正面迎戰海思、,18
2019/11/29,[新聞] 聯發科推出「天璣1000」、開啟5G SoC處理,20
2019/11/29,Re: [請益] 台積電2330適合長抱嗎,32
2019/11/29,[新聞] 三星將自發光QLED壽命提升至100萬小時：未來或完全取代OLED,12
2019/11/29,[其他] 108年11月29日 三大法人買賣金額統計表,93
2019/11/29,[心得] 跟朋友講長期投資是不是很難？,22
2019/11/29,[閒聊] 2019/11/29盤後閒聊,68
2019/11/29,Re: 有人在遊輪上看盤過嗎？,100
2019/11/29,[新聞] 聯發科5G晶片開天價70美元！ 較市場預期,40
2019/11/29,Re: [新聞] 年輕人只會窮忙? 世代研究:只是生不,6
2019/11/29,Re: [標的] 4743合一 多,10
2019/11/29,[標的] 2368 金像電 空,1
2019/11/29,Re: [新聞] 年輕人只會窮忙? 世代研究:只是生不,12
2019/11/29,Re: [標的] 強力放空泰碩 將成為今年代表作!,22
2019/11/29,Re: [新聞] 年輕人只會窮忙? 世代研究:只是生不,29
2019/11/29,[閒聊] 2019/11/29 盤中閒聊,100
2019/11/29,Re: [新聞] 年輕人只會窮忙? 世代研究:只是生不,0
2019/11/29,Re: [新聞] 年輕人只會窮忙? 世代研究:只是生不,13
2019/11/29,Re: [新聞] 京華城轉型商辦但市場存疑慮 中石化、中,0
2019/11/29,Re: [請益] 想問一下私募相關的問題,2
2019/11/29,[新聞] 北韓又射彈！南韓軍方：疑似2枚超大型火,25
2019/11/29,Re: [新聞] 年輕人只會窮忙? 世代研究:只是生不,6
2019/11/29,Re: [請益] 台積電2330適合長抱嗎,6
2019/11/29,Re: [新聞] 年輕人只會窮忙? 世代研究:只是生不逢時,0
2019/11/28,Re: 有人在遊輪上看盤過嗎？,29
2019/11/28,Re: [新聞] 年輕人只會窮忙? 世代研究:只是生不,33
2019/11/28,Re: 有人在遊輪上看盤過嗎？,20
2019/11/28,Re: [請益] 台積電2330適合長抱嗎,9
2019/11/28,[請益] 鴻騰FIT 6088（NWING)還能續抱嗎,2
2019/11/28,Re: [心得] 00677u畢業了,6
2019/11/28,[請益] 想問一下私募相關的問題,4
2019/11/28,[請益］有人在遊輪上看盤過嗎？,5
2019/11/28,Re: [請益] 台積電2330適合長抱嗎,20
2019/11/28,[新聞］可成基本面面臨挑戰，美系外資,30
2019/11/28,Re: [新聞] 年輕人只會窮忙? 世代研究:只是生不逢時,15
2019/11/28,[新聞] ASEAN可能成為亞洲製造業新樞紐？,5
2019/11/28,Re: [其他] 群益證(6005) 決議買回15萬張庫藏股,39
2019/11/28,[新聞] 年輕人只會窮忙? 世代研究:只是生不逢時,35
2019/11/28,[標的] 1102 亞泥 多,14
2019/11/28,[標的] 2408南亞科 長多,15
2019/11/28,[其他] 108年11月28日 三大法人買賣金額統計表,41
2019/11/28,[閒聊] 2019/11/28 盤後閒聊,34
2019/11/28,Re: [標的] VIX 抄底狂多,41
2019/11/28,Re: [請益] 好用的活存帳戶,0
2019/11/28,Re: [標的] 5457 宣德 多,26
2019/11/28,Re: [新聞] 白宮：川普已簽署《香港人權與民主法案》,9
2019/11/28,[新聞] 聯合再生現增每股6.52元 擬籌9.78億元,18
2019/11/28,[新聞] 索尼成立AI獨立部門，聚焦遊戲、影像感,11
2019/11/28,[請益] 中國dram造成市場的衝擊有多大？,32
2019/11/28,[新聞] Panasonic 傳退出半導體事業 賣給台灣新,26
2019/11/28,Re: [標的]  華邦電 多 降評等,13
2019/11/28,Re: [標的] 2345智邦 拉高空,18
2019/11/28,Re: [標的] 6462神盾  多,5
2019/11/28,[標的] 8932 宏大 多,0
2019/11/28,[標的] 強力放空泰碩 將成為今年代表作!,100
2019/11/28,[新聞] 中鴻12月盤價，內銷續跌、外銷開漲,0
2019/11/28,[新聞] 中鋼10月稅前盈餘年減86%,27
2019/11/28,[閒聊] 2019/11/28 盤中閒聊,77
2019/11/28,[新聞] 白宮：川普已簽署《香港人權與民主法案》,72
2019/11/28,[新聞] 郵儲銀行引綠鞋機制 今申購,1
2019/11/27,[新聞] 蘇揆加碼手續費補助貸款額度至千億元,15
2019/11/27,Re: [請益] 該怎麼說服自己不是這塊料,6
2019/11/27,Re: [新聞] 【富邦中國陷泥淖1】哈爾濱銀行遭政府接,-10
2019/11/27,[新聞] 香港中股泡沫破裂？不到1週 3家中企股價,19
2019/11/27,[新聞] 龍巖遭爆吸金近3億 檢調搜索傳喚副總父子,3
2019/11/27,[新聞] 長興(1717) 前10月每股稅前盈餘1.97元,17
2019/11/27,[新聞] 三星電子和SK海力士將削減2020年DRAM、Fl,7
2019/11/27,[標的] 元大金 2885,11
2019/11/27,[新聞] 中鋼10月稅前淨利5億元 三年半新低,18
2019/11/27,Re: [請益] 目前股價太委屈的股有哪些,4
2019/11/27,Re: [標的] 隆達 3698,1
2019/11/27,Re: [新聞] 【富邦中國陷泥淖1】哈爾濱銀行遭政府接,24
2019/11/27,[其他] 108年11月27日 三大法人買賣金額統計表,49
2019/11/27,[新聞] 昇陽半大股東中美晶與環球晶第3季出清持,10
2019/11/27,[新聞] 營業處爆3億缺口不理？　龍巖：個人行為,18
2019/11/27,[閒聊] 2019/11/27 盤後閒聊,39
2019/11/27,[新聞] 頎邦遭降評 聯詠備受看好,13
2019/11/27,[新聞] 聯發科下世代5G數據機晶片打入英特爾PC,4
2019/11/27,Fw: [爆卦] 中美貿易協議進入最後文書階段,14
2019/11/27,[標的] 伍豐 8076多,12
2019/11/27,[標的] 富邦VIX 第五波短多,24
2019/11/27,[其他] excelVBA 選股 分享,32
2019/11/27,[新聞] 【富邦中國陷泥淖1】哈爾濱銀行遭政府接,27
2019/11/27,Re: [請益] 該怎麼說服自己不是這塊料,7
2019/11/27,Re: [標的] VIX 抄底狂多,22
2019/11/27,Re: [標的] 2537 聯上發,11
2019/11/27,[新聞] 房市旺季效應 房貸、土建融雙創新高,21
2019/11/27,[新聞] 台積神助攻5G有破綻？外資竟建議賣聯發科,15
2019/11/27,[標的] VIX 抄底狂多,2
2019/11/27,[新聞] 恐慌上身 富邦VIX ETF瀕臨下市,20
2019/11/27,[閒聊] 2019/11/27 盤中閒聊,100
2019/11/27,[新聞] 哈爾濱銀行遭收歸國有 週刊爆富邦600億,40
2019/11/27,[新聞] 美股再創收盤新高 川普稱美中貿易談判已,7
2019/11/27,Re: [請益] 該怎麼說服自己不是這塊料,12
2019/11/27,Re: [心得] 一個黑心的麻將館，富邦Vix,4
2019/11/27,Re: [請益] 該怎麼說服自己不是這塊料,0
2019/11/27,[請益] 該怎麼說服自己不是這塊料,100
2019/11/27,Re: [請益] 1227佳格 尾盤升龍拳疑問,0
2019/11/26,Re: [新聞] 天津物產爆財務危機 恐成中國20年來最大,12
2019/11/26,Re: [標的] MINI那斯達克 雷曼空,5
2019/11/26,[請益] 沒連結權證 卻有自營避險買超,2
2019/11/26,[標的] MINI那斯達克 雷曼空,11
2019/11/26,[新聞] 天津物產爆財務危機 恐成中國20年來最大,48
2019/11/26,Re: [標的] 1227佳格,10
2019/11/26,[標的] 6462神盾  多,11
2019/11/26,[請益] 當年復興航空下市,18
2019/11/26,[標的] 6176 瑞儀,23
2019/11/26,Re: [心得] 一個黑心的麻將館，富邦Vix,2
2019/11/26,Re: [其他] 108年11月26日 三大法人買賣金額統計表,2
2019/11/26,[新聞] 「tsmc」為何不是「TSMC」？ 台積電非凡,54
2019/11/26,[新聞] 能源論壇／林宏洋：全面推動綠色金融,0
2019/11/26,Re: [標的] 2382 廣達,-10
2019/11/26,[其他] 108年11月26日 三大法人買賣金額統計表,65
2019/11/26,[閒聊] 2019/11/26 盤後閒聊,60
2019/11/26,Re: [標的] 1104環泥,14
2019/11/26,Re: [心得] 一個黑心的麻將館，富邦Vix,24
2019/11/26,Re: [新聞] 國巨、華新科MLCC 供貨吃緊,15
2019/11/26,[新聞] 台經院10月營業氣候測驗點 營建獨強,12
2019/11/26,[心得] 一個黑心的麻將館，富邦Vix,53
2019/11/26,[標的] 2317 鴻海,45
2019/11/26,Re: [請益] 金融股存股,38
2019/11/26,[新聞] 科技冷戰》「中國納斯達克」來了！科創板,17
2019/11/26,[閒聊] 2019/11/26 盤中閒聊,100
2019/11/26,[新聞] 國巨、華新科MLCC 供貨吃緊,46
2019/11/26,[新聞] 中信投信：MSCI權重調整 印度錢景俏,8
2019/11/26,[新聞] MSCI生效 台股將爆量,10
2019/11/26,[新聞] MSCI效應 台股將失血500億,9
2019/11/26,Re: [新聞] Nvidia盤後大漲7% 電玩、車用晶片助攻營,5
2019/11/25,Re: [請益] 目前股價太委屈的股有哪些,25
2019/11/25,Re: [標的] 大盤,14
2019/11/25,Re: [請益] 目前股價太委屈的股有哪些,0
2019/11/25,[新聞] 重磅！聯發科攜手英特爾 5G數據機導入個,27
2019/11/25,[其他] 為什麼現在投顧還要租節目頻道不可?,26
2019/11/25,[新聞]文曄員工籲主管機關調查大聯大合法性,30
2019/11/25,[新聞] 經濟指標：美國11月份IHS Markit製造業PM,9
2019/11/25,"[標的] 不會發股利, 或很久發一次股利的公司",31
2019/11/25,[標的] 大盤（多到2020/01/11）,1
2019/11/25,[新聞] 聯發科5G SoC處理器性能曝光 AI跑分世界,8
2019/11/25,[新聞] 路透：傳台灣避免遭列匯率操縱名單 將擴,43
2019/11/25,[新聞] 以TSMC為榮！台積電超越三星電子 成為市,29
2019/11/25,Re: [請益] 怎麼判斷景氣好不好？,31
2019/11/25,[請益] 怎麼判斷景氣好不好？,66
2019/11/25,Re: [新聞] 小資把資產配置在0050和0056上，幾乎可以,3
2019/11/25,[標的] TSLA,37
2019/11/25,[新聞] 殭屍股強制退場 許璋瑤：明年4月有12檔,16
2019/11/25,[標的] 智冠5478,15
2019/11/25,[標的] 正新2105  周線跌回年線請益,34
2019/11/25,Re: [標的] 2474可成,28
2019/11/25,[其他] 108年11月25日 三大法人買賣金額統計表,43
2019/11/25,[新聞] 聯發科5G晶片 喊漲,2
2019/11/25,[請益] 富蘭克林 投資級美元公司債ETF,7
2019/11/25,Re: [請益] 目前股價太委屈的股有哪些,13
2019/11/25,Re: [標的] 國賓 2704 多,14
2019/11/25,[閒聊] 2019/11/25 盤後閒聊,27
2019/11/25,[新聞] 新下市機制砍向雞蛋水餃股 12檔股票明年4,21
2019/11/25,[新聞] 看好選後房市 公股行庫衝房貸,24
2019/11/25,[標的] 1104環泥,14
2019/11/25,[新聞] 台積電市值首度超越三星電子 成為亞洲最,24
2019/11/25,[新聞] 汽車零件降稅玩假的 車廠員工選前上街頭,14
2019/11/25,[新聞] 逐筆交易逼散戶退場？證交所：法人不能牽,22
2019/11/25,Re: [標的] 2723 美食-ky $ 進場122,16
2019/11/25,[新聞] 經濟關鍵字…沈榮津選「回」 陳美伶挑「,7
2019/11/25,[標的] 00631L,1
2019/11/25,[標的] 聯發科 2454 空,16
2019/11/25,[標的] 2912 統一超 多 正妹概念股,39
2019/11/25,[閒聊] 2019/11/25 盤中閒聊,99
2019/11/25,[標的] 2603 長榮,-10
2019/11/25,[標的] 00651R,1
2019/11/24,[公告] heavenbeyond cute320518 水桶,0
2019/11/24,[公告] zaqqaz Reewalker jim2015 水桶,0
2019/11/24,[標的] 雃博4106（康永大戶進場）,10
2019/11/24,Re: [標的] 4438廣越,2
2019/11/24,[新聞] 宏致整併效應逐步顯現 明年營收估雙位數,14
2019/11/24,[標的] 大盤,52
2019/11/24,Re: [請益] 定存台積電，為何成為不了顯學,10
2019/11/24,Re: [新聞] 蔡英文：國艦國造帶給台船未來的機會非,5
2019/11/24,Re: [新聞] 蔡英文：國艦國造帶給台船未來的機會非,3
2019/11/24,Re: [請益] 定存台積電，為何成為不了顯學,7
2019/11/24,[新聞] 16檔漲幅落後優質股 衝鋒,53
2019/11/24,[新聞] 5G商機將起飛 LCP軟板上游材料供應恐不足,9
2019/11/24,[新聞] 〈觀察〉迎戰IFRS 17魔王 顧立雄整頓壽險,20
2019/11/24,[標的] 5206 坤悅,6
2019/11/24,Re: [請益] 金融股存股,36
2019/11/24,Re: [新聞] 小資把資產配置在0050和0056上，幾乎可以,8
2019/11/24,[新聞] Fed放錢副作用 推升美股攀峰,14
2019/11/24,[標的] 東洋4105（做多）,25
2019/11/24,Re: [新聞] 小資把資產配置在0050和0056上，幾乎可以,5
2019/11/24,[標的] 良維6290多,6
2019/11/24,[新聞] 國產車再度敗陣 進口市佔二度翻盤 !,19
2019/11/24,Re: [新聞] 小資把資產配置在0050和0056上，幾乎可以,9
2019/11/24,[其他] 6131鈞泰 12/10監察人發起臨時股東會,1
2019/11/24,[新聞] 南韓密陽市弘濟寺神秘石碑「流汗」,13
2019/11/24,[請益] 金融股存股,46
2019/11/24,Re: [新聞] 小資把資產配置在0050和0056上，幾乎,16
2019/11/23,[標的] 8477 創業家 多,15
2019/11/23,[新聞] 反政府爭民主抗議動盪之中 香港恒生指數,7
2019/11/23,Re: [新聞] 小資把資產配置在0050和0056上，幾乎可以,11
2019/11/23,[請益] 股票期貨與現股的差異,9
2019/11/23,[請益] 市值前20大個股,20
2019/11/23,Re: [新聞] 小資把資產配置在0050和0056上，幾乎可以,38
2019/11/23,Re: [新聞] 小資把資產配置在0050和0056上，幾乎可以,7
2019/11/23,Re: [新聞] 台商回台投資蘇貞昌：今年底實際到位投,0
2019/11/23,[請益] 巴菲特投資白銀,24
2019/11/23,[新聞] 《各報要聞》鮑爾：聯準會無數位通貨計畫,4
2019/11/23,[新聞] 驚爆川普凶狠下一步…華為、中興慘了,50
2019/11/23,Re: [請益] 定存台積電，為何成為不了顯學,52
2019/11/23,Re: [請益] 定存台積電，為何成為不了顯學,45
2019/11/23,[請益] 理財機器人使用心得與績效,24
2019/11/23,[新聞] 台商回台投資蘇貞昌：今年底實際到位投,51
2019/11/23,Re: [新聞] 第一島鏈危機！不滿川普漲防衛費 南韓與,0
2019/11/23,[新聞] 網家特賣 為雙12暖身,13
2019/11/23,[新聞] 特斯拉秀新款電動皮卡車　防撞玻璃竟當場砸裂,57
2019/11/23,[新聞] 小資把資產配置在0050和0056上，幾乎可以,-10
2019/11/23,[請益] 未上市股票，價格怎麼算？,25
2019/11/23,Re: [新聞] 全球第1猛股「雅高」今年飆漲3800%！結果,34
2019/11/23,[新聞] 嘉信理財擬斥資260億美元收購TD Ameritra,6
2019/11/22,Re: [新聞] 全球第1猛股「雅高」今年飆漲3800%！結果,2
2019/11/22,[新聞] 瑞銀喊賣半導體設備大廠科磊、科林與應材,6
2019/11/22,[標的] 2330(空),49
2019/11/22,Re: [新聞] 京華城轉型商辦但市場存疑慮 中石化、中,3
2019/11/22,[新聞] 葉倫示警經濟衰退  美國貧富加劇恐成風險,16
2019/11/22,[新聞] 全球第1猛股「雅高」今年飆漲3800%！結果,36
2019/11/22,Re: [新聞] 第一島鏈危機！不滿川普漲防衛費 南韓與,7
2019/11/22,Re: [新聞] 京華城轉型商辦但市場存疑慮 中石化、中,3
2019/11/22,[新聞] A股公司財報虛假 百萬股民被「割韭菜」,20
2019/11/22,[請益] 併購的魔術？,5
2019/11/22,[新聞] 鴻海投資台灣 匯回70億,23
2019/11/22,[新聞] 台積先進製程滿載 「插隊」難度高,16
2019/11/22,[新聞] 母公司麻煩大？紫光股份遭大股東減碼提款,19
2019/11/22,[新聞] 中鋼明年第1季盤價下修 近11季跌勢最大,21
2019/11/22,[標的] TYO 9684,3
2019/11/22,[新聞] 英特爾再度面對CPU短缺及AMD搶單壓力,9
2019/11/22,[其他] 韓國告知日方當前避免GSOMIA失效,12
2019/11/22,[新聞] 台商回流帶動？ 營建工程就業人數91.2萬,19
2019/11/22,[新聞] 房市回溫 10月5大銀行新承做房貸創同期高,1
2019/11/22,[新聞] 習近平表態 願與美達成局部貿易協議但不,51
2019/11/22,[新聞] 〈國安拉警報1〉300億中資搶大同　若得ꐭ,20
2019/11/22,[討論] 這麼久沒新的強勢族群？,43
2019/11/22,Re: [新聞] 蔡英文：國艦國造帶給台船未來的機會非,2
2019/11/22,[其他] 108年11月22日 三大法人買賣金額統計表,73
2019/11/22,Re: [新聞] 反對「惡意併吞」，文曄員工：誓死抗爭,37
2019/11/22,Re: [標的] 2723 美食-ky $ 進場122,16
2019/11/22,[閒聊] 2019/11/22 盤後閒聊,34
2019/11/22,Re: [請益] 沒工作在家操盤,46
2019/11/22,[新聞] 蔡英文：國艦國造帶給台船未來的機會非,0
2019/11/22,[新聞] 聯發科搶先高通 下週發表首款5G晶片,13
2019/11/22,[標的] 2723 美食-ky $ 進場122,34
2019/11/22,[標的] 3704合勤控,0
2019/11/22,[標的] 3682亞太電,10
2019/11/22,Re: [標的] 2345智邦 拉高空,20
2019/11/22,Re: [標的] 9933中鼎 $ 進場36.05,26
2019/11/22,[新聞] 元太全年毛利可望勝去年 早盤爆萬張大量,7
2019/11/22,[新聞] 赴北京談判？美要中方3承諾,21
2019/11/22,[新聞] 反對「惡意併吞」，文曄員工：誓死抗爭,57
2019/11/22,Re: [請益]  所得稅20%的是不是永遠都不適合領股息,13
2019/11/22,[閒聊] 2019/11/22 盤中閒聊,100
2019/11/22,[請益] 永豐金證券網路辦理公開收購手續問題,8
2019/11/22,[新聞] 納智捷新車接單報喜　裕隆集團觸底再出發,16
2019/11/21,Re: [請益] 這波大多頭大家平均一個月靠股票賺多少,22
2019/11/21,Re: [請益] 打底的股票要怎麼找？,11
2019/11/21,Re: [請益] 散戶圖---請問大家覺得目前在哪個階段呢,34
2019/11/21,Re: [新聞] 京華城轉型商辦但市場存疑慮 中石化、中,2
2019/11/21,[新聞] 大型房企頤和地產資金鏈斷 債務違約逾50,3
2019/11/21,[新聞] 強化財務 台企銀擬現增90億,15
2019/11/21,[標的] 新至陞3679(獲利大成長.主升段飆股),12
2019/11/21,Re: [請益] 這波大多頭大家平均一個月靠股票賺多少,73
2019/11/21,[標的] 3633 云光 多,5
2019/11/21,[標的] 勝麗 勝利多,15
2019/11/21,[新聞] 標普刷歷史高、VIX卻2年未創52週新低 200,12
2019/11/21,[新聞] Fed擴表速度刷新史上高、憂明年4月附買回,17
2019/11/21,[新聞] 2019年TOP15半導體供應商，台積電、聯發,9
2019/11/21,[標的] 碩天跟旭隼要選哪個?,12
2019/11/21,[新聞] 國產車的新南向,26
2019/11/21,[新聞] ISSCC國際固態電路研討會獲選臺灣論文提,4
2019/11/21,[新聞] 美林調查：經理人看好明年股市 股票淨加,24
2019/11/21,[標的] 3437 榮創 多,11
2019/11/21,[新聞] 外銷訂單連12黑 全年估減4到6%,42
2019/11/21,[其他] 108年11月21日 三大法人買賣金額統計表,100
2019/11/21,[新聞]  中鋼下季盤價看跌 有利鋼廠,8
2019/11/21,Re: [新聞] 第一島鏈危機！不滿川普漲防衛費 南韓與,15
2019/11/21,[閒聊] 2019/11/21 盤後閒聊,55
2019/11/21,[請益] 文曄 能進嗎？公開收購文,35
2019/11/21,Re: [標的]  6274 台燿 中長多,3
2019/11/21,Re: [標的] 8176 智捷 長多,4
2019/11/21,[請益] 這樣有可能套利嗎？,17
2019/11/21,[標的] 5305敦南,6
2019/11/21,Re: [新聞] 官員澄清台商回流資金0元 曾銘宗吼「敢講,24
2019/11/21,[標的] 6257 矽格,17
2019/11/21,Re: [請益] 股票看盤討論app 籌碼K一直當機 想換了,1
2019/11/21,[新聞] 進口零件關稅調降跳票？ 國產車商跳腳,24
2019/11/21,[閒聊] 2019/11/21 盤中閒聊,100
2019/11/21,[新聞] 第一島鏈危機！不滿川普漲防衛費 南韓與,100
2019/11/21,[新聞] 路透：美中恐拖到「明年」才敲定階段協議,20
2019/11/21,[新聞] 美股早呈超買 但華爾街並不擔心 至少目前,17
2019/11/21,[標的] 1102 亞泥 多,40
2019/11/20,[新聞] 比亞迪等15家車企集體行賄：為新能源車型,16
2019/11/20,Re: [請益] vix會不會真的清算投資人的財產,93
2019/11/20,[新聞] 中國製無人機恐成國安風險？美內政部暫,23
2019/11/20,[新聞] 民眾11月對股市與經濟前景信心 今年最高,15
2019/11/20,[其他] 11/20 集中市場三大法人買賣超前30名,8
2019/11/20,[新聞] 美股迭創新高 華爾街大空頭也轉多,32
2019/11/20,[新聞] 看好明年房市 國建明年端200億元新案搶,3
2019/11/20,[其他] 11/20 店頭市場三大法人買賣超前20名,3
2019/11/20,[其他] 看似完美的量化交易策略一拿真錢去交易就失效?,5
2019/11/20,Re: [新聞] 京華城轉型商辦但市場存疑慮 中石化、中,7
2019/11/20,[請益] 員工認股外是否能同時參加公開申購,12
2019/11/20,[新聞] 台股唯二金融股ETF 富邦金融ETF規模驟減,9
2019/11/20,Re: [新聞] 官員澄清台商回流資金0元 曾銘宗吼「敢講,20
2019/11/20,[新聞] 中韓簽訂軍事防禦協定,99
2019/11/20,[標的] 2448 晶電 大趨勢多,19
2019/11/20,[新聞] 英特爾2019年超級運算大會：HPC + AI、Au,2
2019/11/20,[新聞] 谷歌在智慧音箱市場落敗，中國廠商快速崛,5
2019/11/20,Re: [新聞] 官員澄清台商回流資金0元 曾銘宗吼「敢講,7
2019/11/20,Re: [新聞] 官員澄清台商回流資金0元 曾銘宗吼「敢講,0
2019/11/20,Re: [新聞] 官員澄清台商回流資金0元 曾銘宗吼「敢講,14
2019/11/20,[其他] 108年11月20日 三大法人買賣金額統計表,50
2019/11/20,[閒聊] 2019/11/20 盤後閒聊,26
2019/11/20,Re: [標的] 4743合一 多,25
2019/11/20,[新聞] 達爾併敦南科技 恐生變,25
2019/11/20,[新聞] 仿蘋果模式 三星擬進軍軟體服務,6
2019/11/20,[新聞] 神話破滅，水野和敏是LUXGEN「倒退五年」,17
2019/11/20,[標的] 義隆 2458 多多多,32
2019/11/20,[新聞] 《金融》龍巖賣彰銀，公股出手接,11
2019/11/20,Re: [新聞] 關稅人又來了！川普威脅：若中國不達成,59
2019/11/20,[標的] 2752豆府 多,59
2019/11/20,[標的]  華邦電 多 降評等,18
2019/11/20,[標的] 中鋼特2002A發生什麼事了？,25
2019/11/20,[新聞] 台積電股價 315 元創 8.17 兆元新高市值,8
2019/11/20,[新聞] 無線耳機夯！訪調：1/8 美國民眾擁有 Air,44
2019/11/20,[新聞] 潤泰新、宏盛 躍人氣指標,21
2019/11/20,[請益] 複委託,25
2019/11/20,[心得] 00861首日券商進出,15
2019/11/20,Re: [請益] 00861不配息的ETF操作空間在哪,7
2019/11/20,[請益] 00861不配息的ETF操作空間在哪,17
2019/11/20,[新聞] 官員澄清台商回流資金0元 曾銘宗吼「敢講,0
2019/11/20,[閒聊] 2019/11/20 盤中閒聊,100
2019/11/20,[新聞] 關稅人又來了！川普威脅：若中國不達成,55
2019/11/20,Re: [新聞] 客戶2021年Mini LED背光訂單爆發,14
2019/11/20,[新聞] Yahoo日本確定與LINE合併 未來將以全新,5
2019/11/20,[新聞] 阿里招股夯 超額認購4.6倍,2
2019/11/20,Re: [新聞] 上市公司獲利衰退創7年最慘 2家公司恐下,11
2019/11/20,[新聞] 全台11/29法說會,9
2019/11/20,[新聞] 客戶2021年Mini LED背光訂單爆發,15
2019/11/19,[請益] 富邦VIX會倒多少人part8,47
2019/11/19,[請益] 付費看盤軟體選擇,11
2019/11/19,[新聞] 明年儲蓄險喊漲！ 金管會調降責任準備金,14
2019/11/19,Re: [新聞] ECB擴大QE 已有腹案,11
2019/11/19,[新聞] 東旭光電：債券回售違約 集團已發不出工,11
2019/11/19,[新聞](舊聞)台商回台 優惠貸款加碼 額度逾2千億,13
2019/11/19,[新聞] 陸人行重啟逆回購 降息周期將展開,14
2019/11/19,Re: [新聞] 上市公司獲利衰退創7年最慘 2家公司恐下,13
2019/11/19,Re: [心得] 用賭博觀點來看富邦VIX,0
2019/11/19,[新聞] ECB擴大QE 已有腹案,23
2019/11/19,[標的] 慶生6210(PCB毛利率王.營收創高.地緣買超,9
2019/11/19,Re: [新聞] 威京旗下中石化 372億標得京華城,3
2019/11/19,[新聞] 上市公司獲利衰退創7年最慘 2家公司恐下,12
2019/11/19,[新聞] 美國「藍點計劃」對抗中國「一帶一路」,10
2019/11/19,Re: [標的] 3665 貿聯,12
2019/11/19,[其他] 有沒有哪位股市名嘴算準今年台股大漲呢？,35
2019/11/19,[標的] 2356英業達（作多）,20
2019/11/19,[標的] 6488 環球晶,17
2019/11/19,[標的] 6670 復盛應用  高爾夫球桿王者,18
2019/11/19,Re: [心得] 用賭博觀點來看富邦VIX,12
2019/11/19,[新聞] 熱血捐起來　元大愛心捐血九年捐逾1.6萬,1
2019/11/19,[心得] 用賭博觀點來看富邦VIX,3
2019/11/19,[標的] 恐慌指數 恐慌多,5
2019/11/19,[請益] 不買普通股，買ETF是為了？,9
2019/11/19,[新聞] 焦點股：華宏(8240)第三季財報佳，今日,2
2019/11/19,[新聞] 富邦VIX波動升 市場傳這原因,1
2019/11/19,[請益] 0050搭配元大美債20年,17
2019/11/19,Re: [標的] 正新-2105,4
2019/11/19,[標的] 正新-2105,38
2019/11/19,[新聞] 搭上失速的富邦VIX，３個血淚經驗要學到,29
2019/11/19,[新聞] 半導體資本支出總額創新高，三星、台積電,7
2019/11/19,[新聞] 《基金》富邦VIX次級市場價格急跌修正，,18
2019/11/19,[請益]  新手請問 關於收盤價,19
2019/11/19,[標的] 3008 大立光,0
2019/11/19,[標的] 4743合一 多,11
2019/11/19,[標的] 記憶體模組,8
2019/11/19,Re: [標的] 晶電2448 多,12
2019/11/19,[新聞] 大同幫華映代墊工資有解 顧立雄：設定一,6
2019/11/19,[標的] 00677u 多,0
2019/11/19,Re: [標的] 台積電(2330)買在311的近期有望解套嗎,7
2019/11/19,Fw: [其他] 108年11月19日 三大法人買賣金額統計表,65
2019/11/19,[新聞] 中華電信出招！超量吃到飽要追加收費,17
2019/11/19,[新聞] 首檔5G主題ETF 元大全球未來通訊掛牌首,55
2019/11/19,[閒聊] 2019/11/19 盤後閒聊,33
2019/11/19,[新聞] 反應淨值 富邦VIX盤中爆量重挫17％,43
2019/11/19,[新聞] 三度續命！美商務部正式放手 華為豁免令,24
2019/11/19,Re: [標的] 9933中鼎 $ 進場36.05,9
2019/11/19,[標的] 健策（空） 高檔鈍化,5
2019/11/19,[請益] 想請問還沒觸價就成交的狀況是???,13
2019/11/19,[標的] 4968 立積投信大逃殺全力放空,28
2019/11/19,Re: [新聞] 匯回資金是零！台商返台投資只有帳面金額,65
2019/11/19,[新聞] 核查獲利差近7億元，臺企銀：調增潤寅案,15
2019/11/19,Re: [標的] 3617碩天,7
2019/11/19,[標的] 9933中鼎 $ 進場36.05,30
2019/11/19,[新聞] 康控-KY欠大股東股息逾2億 惹火證交所,14
2019/11/19,[標的] 3293  鈊象 狙擊空,3
2019/11/19,[閒聊] 2019/11/19 盤中閒聊,100
2019/11/19,[新聞] 台積加大南科投資 砸兆元建廠,4
2019/11/19,[新聞] 對華為禁售寬限期 美再延90天,26
2019/11/19,Fw: [新聞] 年冬歹過 無薪假人數2668人創今年新高紀錄,51
2019/11/19,[心得] 投顧和訂閱的價格也差太多了吧!!!,8
2019/11/19,[新聞] 《Q3財報》散熱產業年增明顯，旺季好旺,8
2019/11/18,[新聞] iPhone大本營拉警報！外媒揭兩大敗因,33
2019/11/18,Re: [其他] 富邦台50 富邦公司治理 配息資訊,9
2019/11/18,[新聞] 富邦VIX波動升 市場傳這原因,18
2019/11/18,[新聞] 7奈米訂單塞爆…台積電能見度 看到明年Q2,32
2019/11/18,[新聞] 經濟解析／外資連26天狂買鴻海 法人提醒,26
2019/11/18,Re: [其他] 香港股市好像都沒什麼受抗爭影響？,12
2019/11/18,[其他] 11/18 集中市場三大法人買賣超前30名,5
2019/11/18,[其他] 11/18 店頭市場三大法人買賣超前20名,1
2019/11/18,[新聞] 永豐金證推「VIP閃電平台」，鎖定高頻大,4
2019/11/18,[新聞] 全球最大5G ETF持股全揭露 九台廠入列,32
2019/11/18,[新聞] 信昌化(4725)淨值降至9.45元，失守票面,15
2019/11/18,[新聞] PVC價格被壓抑，華夏Q3獲利成長不如預期,3
2019/11/18,[新聞] 匯回資金是零！台商返台投資只有帳面金額,62
2019/11/18,[請益] 還原股價的算法,3
2019/11/18,[新聞] 聯電驚喜，打入三星供應鏈,23
2019/11/18,Re: [標的] 4113 聯上 多,14
2019/11/18,Re: [標的] 台嘉碩 3221,11
2019/11/18,[請益] 借券期間的股利所得仍可扣稅8.5%嗎?,7
2019/11/18,Re: [請益] 當日交易的一定變當沖嗎?,3
2019/11/18,Re: [請益] 大家手上平均幾檔股票,59
2019/11/18,[其他] 108年11月18日 三大法人買賣金額統計表,22
2019/11/18,[閒聊] 2019/11/18 盤後閒聊,28
2019/11/18,[新聞] 美參院擬快速通過香港法案 華郵：川普可,26
2019/11/18,[請益] 尋找已下市股票的線圖,6
2019/11/18,Re: [標的] 3217 優群 多,29
2019/11/18,[新聞] 訝異！才說要讓「黃色鬼屋」變「黃金美,32
2019/11/18,Re: [標的] 1101 台泥 長多,7
2019/11/18,[請益] 請問關於三竹，元大看盤app的均線扣抵,2
2019/11/18,[標的] 頎邦6147,13
2019/11/18,Re: [其他] 108年【10月份金控股】EPS排名(全已公布),19
2019/11/18,[其他] 香港股市好像都沒什麼受抗爭影響？,67
2019/11/18,[閒聊] 2019/11/18 盤中閒聊,100
2019/11/18,Re: [請益] 0050運作方式,4
2019/11/18,[請益] 0050運作方式,9
2019/11/18,[其他] 《免費》股票當沖講堂!好評分享,0
2019/11/18,[新聞] 茂林-KY完成重編財報，前三季每股賺1.68,9
2019/11/17,[公告] nissan168 水桶一週,0
2019/11/17,[公告] dongchen AlHorford15 警告一次,0
2019/11/17,[公告] HolyMickey a8319 警告一次,0
2019/11/17,[公告] ipipwrong 水桶一個月,0
2019/11/17,Re: [其他] 富邦台50 富邦公司治理 配息資訊,10
2019/11/17,[新聞] 永福樓舊址租出去了！新房客NET砸4百萬,51
2019/11/17,Re: [其他] 108年【10月份金控股】EPS排名(全已公布),58
2019/11/17,[新聞] 盛竹如TRF影片youtube點閱高 指揭投資陷,19
2019/11/17,[新聞] 鮭魚返鄉最大案！群創回台投資700億,39
2019/11/17,[標的] 6184 大豐電,18
2019/11/17,[標的] 點序 4685,9
2019/11/17,[標的] 標普500 三萬多,2
2019/11/17,[新聞] 川普討駐日軍費 20億美元變100億,41
2019/11/17,[標的] 新麥,30
2019/11/17,[請益] 台股的歷史資料影片化,6
2019/11/17,[新聞] 華為禁令豁免期 傳美再展延兩週,6
2019/11/17,[請益] 投信到底在衍生性商品賺什麼?,17
2019/11/17,[新聞] 國銀西進設點 三分行報捷,2
2019/11/17,[新聞] 防止境外資金回台炒股 金管會祭三控管,10
2019/11/17,[新聞] 中美經貿磋商的牽頭人11月16再次通話!,48
2019/11/17,[新聞] 除了技術還有更具威脅的挑戰！台積電下一,18
2019/11/17,[新聞] 華固董座看房市 市場已經天亮了,52
2019/11/17,[投顧] 之前在中國被抓的台灣分析師 後來呢?,36
2019/11/16,[請益] 股票看盤討論app 籌碼K一直當機 想換了,17
2019/11/16,[標的] 8433 弘帆 多,11
2019/11/16,Re: [新聞] 富邦VIX連14日溢價逾30% 小心被打入全額,7
2019/11/16,[新聞] Fed預測：Q4美國經濟成長恐「接近0」,38
2019/11/16,[新聞] 上市櫃Q3獲利大增三成 史上第四高,5
2019/11/16,Re: [新聞] Fed：為紓解市場資金壓力 擴大長天期附買,4
2019/11/16,[新聞] Fed: 低利率時期過長 恐導致經濟不穩定,16
2019/11/16,[請益] 營收公布後最快更新的網站?,12
2019/11/16,Re: [其他] 哲哲大回歸,3
2019/11/16,[新聞] Fed：為紓解市場資金壓力 擴大長天期附買,25
2019/11/16,[標的] 晶電 2448 短多,12
2019/11/16,[新聞] 建築貸款漲幅驚人 勢不可擋,34
2019/11/16,[新聞] 巴菲特減持蘋果富國銀,36
2019/11/16,[標的] 6438迅得 多,6
2019/11/16,[新聞] 路透：傳美商務部再延長華為臨時許可證6,24
2019/11/16,[新聞] A股三大指數齊跌 滬指失守2900點,19
2019/11/16,[新聞] 富邦VIX連14日溢價逾30% 小心被打入全額,53
2019/11/16,[新聞]道瓊指數首次衝破28000點! 台股下周結算!,44
2019/11/16,[心得] 鄉民總經觀察12 - 樂觀看待股市,51
2019/11/16,[新聞] 鴻海毛利率能否達10%？第一名分析師楊應,39
2019/11/16,[標的] 1795美時,18
2019/11/16,[新聞] 日本JFE鋼鐵引進AI管理全部高爐,0
2019/11/16,[新聞] 獲利腰斬 中鋼前三季EPS僅0.6元,19
2019/11/16,[新聞] 中鋼(2002)第3季每股純益EPS0.14元,7
2019/11/16,Re: [請益] 心理復健？,14
2019/11/16,[新聞] 宏碁:張善政16日辭去公司獨立董事,32
2019/11/16,[標的] 3171 新洲,2
2019/11/15,[新聞] 貴州獨山縣負債400億元 投資人稱多隻融資,16
2019/11/15,Re: [其他] 哲哲大回歸,2
2019/11/15,[請益] 請問有推薦台灣日股複委託的券商嗎？,9
2019/11/15,[心得] 股ber是一份蠻不錯的兼職事業!,6
2019/11/15,[新聞] 美財政部 擬發50年長債,10
2019/11/15,[其他] 11/15 集中市場三大法人買賣超前30名,14
2019/11/15,[新聞] 蔣尚義任CEO的武漢弘芯 半數土地遭法院查,16
2019/11/15,[其他] 11/15 店頭市場三大法人買賣超前20名,1
2019/11/15,請問複委託未來有無可以買美股OTC?,2
2019/11/15,[新聞] 日本鋼鐵巨頭中期財報出爐 主營業務陷入,6
2019/11/15,[新聞] 礦業法本會期三讀無望！ 徐永明批恥辱、,34
2019/11/15,[新聞] 比貿易戰可怕？全球債務破表，6成新債出,25
2019/11/15,[新聞] 首利、茂林-KY等5檔個股 下週二起改列全-,23
2019/11/15,[新聞] 民眾黨證實 新光吳家大公主吳欣盈列不分,50
2019/11/15,[新聞] 俄羅斯主權財富基金減持美元,14
2019/11/15,[新聞] 華為高層訪台積電敦促先進製程前進中國，,38
2019/11/15,[新聞] 亞泥業績嚇嚇叫，高現金殖利率誘人,22
2019/11/15,Re: [標的] 2474可成,8
2019/11/15,[新聞] 日韓將就出口限制議題於12月進行討論,6
2019/11/15,[新聞] 《業績-鋼鐵》被美國高關稅害慘，大成鋼,17
2019/11/15,[新聞] 台企銀法說會宣布 明年擬辦理公募現金增,22
2019/11/15,[其他] 108年11月15日 三大法人買賣金額統計表,33
2019/11/15,[標的] 台積電(2330)買在311的近期有望解套嗎,58
2019/11/15,[標的] 1477 聚陽,19
2019/11/15,[閒聊] 2019/11/15 盤後閒聊,13
2019/11/15,[新聞] 高鐵維修本土化 東元等台廠受惠,8
2019/11/15,[新聞] 白宮經濟顧問庫德洛：美中貿易協議「臨沼,17
2019/11/15,Re: [新聞] 富豪居操縱股價獲利7千萬 房市名人李杰遭,5
2019/11/15,Re: [其他] 富邦台50 富邦公司治理 配息資訊,15
2019/11/15,[新聞] 〈5G頻譜競標〉遠傳：國際5G資費比4G高20,15
2019/11/15,[標的] 3518 柏騰 空,4
2019/11/15,[請益] 持股10%大股東賣股票問題,5
2019/11/15,[新聞] 阿布達比新設石油期貨,5
2019/11/15,[新聞] 【公告】悠克接獲法人監察人高賓國際商,3
2019/11/15,Re: [新聞] 富豪居操縱股價獲利7千萬 房市名人李杰遭,27
2019/11/15,[閒聊] 2019/11/15 盤中閒聊,100
2019/11/15,[新聞] 燦星旅遊資遣72人 全台實體門市關至25家,39
2019/11/15,[新聞] 陽明提列潛在損失 第3季每股損失0.53元,7
2019/11/15,[新聞] 裕隆連兩虧 第3季每股虧1.05元,17
2019/11/15,[新聞] 海康威視高層遭調查 股價嚇趴,13
2019/11/15,[新聞] 挾台積電利多 信紘科股價近月飆漲1.2倍,1
2019/11/15,[請益] 開盤10單每單買幾百張鎖碼通常是大股東?,3
2019/11/15,[標的] 8044 網家 多,16
2019/11/14,[新聞] 蘋果新品好甜，正崴樂看今明年營運,6
2019/11/14,[新聞] LED路燈衝擊生態 樹不開花鳥跑光,14
2019/11/14,[新聞] 德律車電業績大增8成 躍居主力產品線,3
2019/11/14,[其他] 中壽(2823)第3季每股純益EPS1.23元,12
2019/11/14,[其他] 香港暴動銀行同業拆款利率HIBOR跟著暴漲,39
2019/11/14,Re: [標的] 泰鼎-ky (4927)  做多！,4
2019/11/14,Re: [請益] 「投資人」的自我練習？,0
2019/11/14,[新聞] 潤寅詐貸案延燒 中纖副總聲押禁見,4
2019/11/14,[新聞] 力積電明年上興櫃 朝「小台積電」發展,22
2019/11/14,[新聞] 財報：群翊(6664)108年前三季稅後盈餘2億5079萬元，EPS為4.5,2
2019/11/14,[新聞] 土銀「本金攤還前低後高」房貸初步結構出,19
2019/11/14,Re: [標的] 6186 新潤興業,12
2019/11/14,[新聞] 不怕美追殺！陸晶圓大咖暴賺3倍 台積電叛,55
2019/11/14,[新聞] 罕見勝仗！主動管理的美中小型股基金、績,7
2019/11/14,[新聞] GT-R之父「水野和敏」將離開納智捷！華,13
2019/11/14,[新聞] 中美正就取消加征關稅幅度進行深入討論,18
2019/11/14,[新聞] 嘉泥前三季稅後盈餘,6
2019/11/14,Re: [新聞] 潤泰雙雄前三季豐收 都賺百億,32
2019/11/14,[新聞] 三商2905 第三季財報,67
2019/11/14,[新聞] 弘憶股前三季稅後盈餘,8
2019/11/14,Re: [標的] 4743合一 多,12
2019/11/14,[其他] 108年11月14日 三大法人買賣金額統計表,61
2019/11/14,[閒聊] 2019/11/14 盤後閒聊,45
2019/11/14,[新聞] 後郭台銘時代　鴻海未來的成長動能在哪？,14
2019/11/14,[新聞] PCB族群主流轉彎 高價指標遭降評,30
2019/11/14,Re: [新聞] 投資人處於「極度貪婪」 美銀調查：經理,12
2019/11/14,Re: [標的] 8462  柏文  高速真空,5
2019/11/14,[請益] 請問看懂財報、籌碼、簡易K線的初學書,27
2019/11/14,[新聞] 亞泥Q3簡易財報,23
2019/11/14,Re: [心得] 一年對帳單 畢業ING,78
2019/11/14,[新聞] 富豪居操縱股價獲利7千萬 房市名人李杰遭,46
2019/11/14,[標的] 6667 信紘科當沖多到漲停,7
2019/11/14,[標的] 致新 8081 多,6
2019/11/14,Re: [標的] 華碩 多,8
2019/11/14,[新聞] 台股創29年新高！PTT土豪哥一年賺3.2億,50
2019/11/14,[新聞] 蔡英文：台灣組國家隊 讓廠商賺世界綠能,0
2019/11/14,[新聞] 潤泰雙雄前三季豐收 都賺百億,15
2019/11/14,Re: [標的] 3682亞太電 樂透多,30
2019/11/14,[新聞] 台股盤前－美中貿易談判不明朗 多方力守,0
2019/11/14,[閒聊] 2019/11/14 盤中閒聊,100
2019/11/14,[請益] 台股家數 vs 美股家數 成長差異,7
2019/11/14,[標的] 聚陽1477   空,7
2019/11/14,[新聞] 中國關店餘波 特力前3季每股仍小虧0.07元,3
2019/11/14,[新聞] 最賺錢的餐廳 瓦城前3季每股賺13.49元,31
2019/11/14,[新聞] 電動自行車熱銷 巨大前3季每股賺7.32元,5
2019/11/13,[新聞] 鮮活果汁Q3營收、獲利雙創新高 前3季EPS,8
2019/11/13,[新聞] 投資人處於「極度貪婪」 美銀調查：經理,10
2019/11/13,Re: [新聞] 斥資500億併基美 陳泰銘：打開日本市場,6
2019/11/13,[公告] zoo44 ayrshire 水桶一週,0
2019/11/13,[公告] GilesHarry SkiCule as750412 警告一次,0
2019/11/13,[公告] toptalent google56 水桶一個月,0
2019/11/13,[公告] feynmanx s910211 dorna 警告一次,0
2019/11/13,[公告] WATER4U 水桶10年,1
2019/11/13,[公告] sdamel lejabie a2394673 iami1002警告一次,0
2019/11/13,[公告] WiserWilly unpapillon Sarawak 警告一次,0
2019/11/13,[公告] abby2014 lnspnight91 coffee771 警告一次,0
2019/11/13,[公告] tapple520 yahoo168 警告一次,0
2019/11/13,[其他] 11/13 集中市場三大法人買賣超前30名,5
2019/11/13,[標的] 3406 玉晶光 超級多 始壯拜!,47
2019/11/13,[公告] CurryMvp AAOC01 madic Tapqou水桶一週,0
2019/11/13,[標的] 2377微星 多倫多,12
2019/11/13,[標的] 5443均豪 多,5
2019/11/13,[其他] 11/13 店頭市場三大法人買賣超前20名,0
2019/11/13,[心得] 大陸低端民企的處境(台灣相同處境),0
2019/11/13,[標的] 2027大成鋼 可以慢慢進場了,19
2019/11/13,[新聞] 川普稱中國是騙子，威脅將大幅提高關稅,42
2019/11/13,[新聞] PCB 股不穩？臻鼎-KY 大漲後遭外資降評,8
2019/11/13,[新聞] 15檔高成長股出列：10月營收年增逾三成,11
2019/11/13,[標的] 4935 茂林-KY,4
2019/11/13,[新聞] 宏達電Q3每股虧2.86元 連六季虧損,21
2019/11/13,[新聞] 鴻海法說 Q3三率三升 純益季增8成 前3季,55
2019/11/13,Re: [標的] 9933中鼎,13
2019/11/13,[請益] 本益比河流圖,10
2019/11/13,[標的] 4977 眾達-KY 多,4
2019/11/13,[新聞] 道瓊指數收盤完全持平 5年來首見,16
2019/11/13,[新聞] 鴻海認購亞太電信私募100億元 參與5G頻譜,20
2019/11/13,[其他] 108年11月13日 三大法人買賣金額統計表,100
2019/11/13,[標的] 廣穎-4973 多,19
2019/11/13,[閒聊] 2019/11/13 盤後閒聊,15
2019/11/13,[新聞] 金融座談巡迴系列／顧立雄：善用時間優,2
2019/11/13,Re: [請益] 當日交易的一定變當沖嗎?,15
2019/11/13,[標的] 胡連,6
2019/11/13,[標的] 6126信音-多,2
2019/11/13,Re: [新聞] 很會賺！永豐金前3季賺95億元　創近5年同,1
2019/11/13,[請益] 當沖是不是要開盤沖比較好？,9
2019/11/13,[新聞] 【國「慘」車】再不搶救　國產車5年玩,0
2019/11/13,[標的] 4974 亞泰 賺更多,10
2019/11/13,Re: [請益] 當日交易的一定變當沖嗎?,-10
2019/11/13,Re: [請益] 0050，股價和股利關係,6
2019/11/13,[新聞] 臻鼎-KY 大筆投資恐影響獲利 外資降評至,12
2019/11/13,[新聞] 1.8億債務不想追？蘋果供應商遭控掏空,5
2019/11/13,[新聞] 很會賺！永豐金前3季賺95億元　創近5年同,3
2019/11/13,[標的] 3653健策投信結帳強力放空！,27
2019/11/13,[新聞] 失業期間救生圈　韓國瑜靠中天生技股票,61
2019/11/13,[新聞] 永豐金前三季賺贏去年,9
2019/11/13,[新聞] 法說看門道 15檔先發燒,2
2019/11/13,[閒聊] 2019/11/13 盤中閒聊,100
2019/11/13,Re: [新聞] 臻鼎登上台灣PCB股王,3
2019/11/13,[新聞] 斥資500億併基美 陳泰銘：打開日本市場,9
2019/11/13,[新聞] 美中貿易戰走向 川普今日演講受矚目,21
2019/11/13,[新聞] 臻鼎登上台灣PCB股王 董座沈慶芳：明年,8
2019/11/13,[新聞] 和泰車獲利創新高 股價直逼600元大關,18
2019/11/13,[新聞] 大陸10月乘用車銷量跌5.8% 新能源車跌45%,8
2019/11/12,[新聞] 美利達獲利 大增57%,7
2019/11/12,[心得] 板大說快逃的時候不要亂動才是上策?,9
2019/11/12,Re: [心得] 慘賠六百萬，換一個價值投資APP的誕生,22
2019/11/12,[標的] 國賓 2704 多,4
2019/11/12,[標的] 益張 8342  多。張奕概念股,59
2019/11/12,Re: [新聞] 外資：三理由 鴻海將複製和碩漲停y,12
2019/11/12,[新聞] 緯創(3231)108年前三季稅後盈餘39億6373,14
2019/11/12,Re: [新聞] 大聯大擬以每股45.8元 公開收購文曄三成,7
2019/11/12,[新聞] 中國地方債炸裂 拖欠訴訟案暴增,20
2019/11/12,Fw: [新聞] 台積電「一張白紙」強碰三星「老謀深算」,15
2019/11/12,Re: [新聞] 台汽電今年營收有壓，惟業外挹注獲利看升,0
2019/11/12,[新聞] 31光年外含水的「超級地球」　NASA找到人,34
2019/11/12,[新聞] 外資：三理由 鴻海將複製和碩漲停,57
2019/11/12,Re: [心得] 慘賠六百萬，換一個價值投資APP的誕生,1
2019/11/12,[新聞] 小米機印度封王 聯發科蓄勢慶功,4
2019/11/12,[新聞] 永豐金控法說報捷 獲利創五年同期新高,3
2019/11/12,[新聞] 大聯大擬以每股45.8元 公開收購文曄三成,54
2019/11/12,Re: [心得] 慘賠六百萬，換一個價值投資APP的誕生,23
2019/11/12,[新聞] 財報：億光(2393)108年前三季稅後盈餘5,16
2019/11/12,[其他] 108年11月12日 三大法人買賣金額統計表,49
2019/11/12,[新聞] 強茂(2481)108年前三季稅後盈餘3億6802萬,23
2019/11/12,[標的] 宏致 3605 多倫多,9
2019/11/12,[標的] 神盾 6462 短空,18
2019/11/12,[閒聊] 2019/11/12 盤後閒聊,18
2019/11/12,[標的] 6277 宏正,58
2019/11/12,Re: [請益] 誰可以告訴我今天為什麼會大跌？,2
2019/11/12,[新聞] 川普準備大談貿易 華爾街關注是否對美中,15
2019/11/12,[標的]  和碩 4938 非常多,31
2019/11/12,Re: [新聞] 科技、負利率擴大貧富差距 谷月涵對經濟,12
2019/11/12,[新聞] LCD電視專利訴訟LG電子控告中國海信,5
2019/11/12,Re: [請益] 誰可以告訴我今天為什麼會大跌？,26
2019/11/12,[閒聊] 2019/11/12 盤中閒聊,100
2019/11/12,[新聞] 台股交易調到這時段 券商理事長：全民健,3
2019/11/12,Re: [請益] 誰可以告訴我今天為什麼會大跌？,6
2019/11/12,Re: [請益] 誰可以告訴我今天為什麼會大跌？,15
2019/11/11,[新聞] 供給暴衝 石化廠明年還有苦日子,8
2019/11/11,[新聞] 富邦媒雙11起跑 業績10分鐘破億,5
2019/11/11,Re: [請益] 三大電信適合存股嗎？,28
2019/11/11,[新聞] 雙11再創紀錄 成交金額突破百億人民幣只,36
2019/11/11,Re: [標的] 中砂(多),7
2019/11/11,[新聞] 營收：宏達電(2498)10月營收6億5563萬元,13
2019/11/11,[新聞] 仁寶Q3獲利持平Q2，前三季EPS 1.13元，10,18
2019/11/11,[其他] 群益證(6005) 決議買回15萬張庫藏股,17
2019/11/11,[新聞] 蔡英文要創台灣「經濟奇蹟2.0」：提出三,0
2019/11/11,[新聞] 財報：楠梓電(2316)108年前三季稅後盈餘,52
2019/11/11,[新聞] 尋找收益！退休基金鋌而走險 投入阿根廷,8
2019/11/11,[其他] 11/11 集中市場三大法人買賣超前30名,18
2019/11/11,[新聞] 如何財務自由、提早退休？　第一名分析師,30
2019/11/11,[標的] 世紀鋼-感覺明天要爆啦！,15
2019/11/11,[其他] 11/11 店頭市場三大法人買賣超前20名,1
2019/11/11,Re: [請益] 三大電信適合存股嗎？,2
2019/11/11,[新聞] 國巨、大聯大將公布重大訊息 12日同步暫,30
2019/11/11,[新聞] 財報：正新(2105)108年前三季稅後盈餘30,27
2019/11/11,[新聞] 這兩件小小「家務事」竟然撼動中國的國1,5
2019/11/11,[新聞] 龍巖決議全數處分彰銀持股 貢獻每股純益8,17
2019/11/11,[新聞] 台積電前途似錦但要站穩300元還有兩變數,16
2019/11/11,[新聞] 世紀鋼10月營收,3
2019/11/11,[標的] 大盤,0
2019/11/11,[標的] 3232昱捷 看不懂主力在做什麼,23
2019/11/11,[新聞] Arm科技論壇：聚焦5G、AI、IoT，台積電將,5
2019/11/11,[其他] 108年【10月份金控股】EPS排名(全已公布),74
2019/11/11,Re: [新聞] 金管會擬評估台股兩大制度 放寬漲跌幅限,0
2019/11/11,Re: [請益] 理財型房貸做定存股這條路可行嗎?,30
2019/11/11,[其他] 108年11月11日 三大法人買賣金額統計表,100
2019/11/11,[其他] 請問有沒有類似神秘金字的網站嗎?,20
2019/11/11,[新聞] 旺季到 喬山、力山勇健,5
2019/11/11,[閒聊] 2019/11/11 盤後閒聊,32
2019/11/11,[新聞] 伊朗總統：伊朗發現新油田 蘊藏約530億桶,37
2019/11/11,[新聞] 金管會擬評估台股兩大制度 放寬漲跌幅限,51
2019/11/11,[標的] 3535 晶彩科,0
2019/11/11,Re: [新聞] 815全台大停電 巨路不服中油求償3.5,15
2019/11/11,Re: [新聞] 全球經濟已度過最糟時期 五大跡象趕走黑,3
2019/11/11,[心得] 市場求生手冊Gitbook版,100
2019/11/11,[閒聊] 2019/11/11 盤中閒聊,100
2019/11/11,Re: [請益] 股市贏家跟輸家最大差異在哪裡?,23
2019/11/11,[新聞] 茂達 前三季EPS 3.52元,3
2019/11/11,Re: [請益] 長輩手頭多了500萬，存股,23
2019/11/11,[標的] 台積電 空,21
2019/11/10,[公告] owo5487 takizawa5566 darkstar07 砍文,0
2019/11/10,[公告] PoloHuang boy830527 joliha PTTISDOG,0
2019/11/10,Re: [請益] 長輩手頭多了500萬，存股,8
2019/11/10,[公告] f204137 harrypotterp Baumgartner 水桶,0
2019/11/10,Re: [請益] 長輩手頭多了500萬，存股,0
2019/11/10,Re: [其他] 富邦台50 富邦公司治理 配息資訊,8
2019/11/10,[新聞] 罷工事件後回神 長榮航Q3獲利季增37.5倍,10
2019/11/10,[新聞] 外媒視角／紐時：美億萬富豪緊張了,25
2019/11/10,[新聞] 14檔低基期 內外資狂掃,20
2019/11/10,[新聞] 韓國瑜看衰潛艦國造…台船被惹怒！工會幹,88
2019/11/10,[標的] 1580新麥 簡單多,49
2019/11/10,Re: [請益] 長輩手頭多了500萬，存股,38
2019/11/10,Re: [請益] 理財型房貸做定存股這條路可行嗎?,28
2019/11/10,Re: [請益] 股票的原理,3
2019/11/10,Re: [請益] 理財型房貸做定存股這條路可行嗎?,2
2019/11/10,[新聞] 2020最大黑天鵝！中國債券違約金額今年將,39
2019/11/10,Re: [請益] 理財型房貸做定存股這條路可行嗎?,3
2019/11/10,Re: [請益] 理財型房貸做定存股這條路可行嗎?,13
2019/11/10,[標的] 大盤,51
2019/11/10,Re: [請益] 理財型房貸做定存股這條路可行嗎?,2
2019/11/10,"Re: [其他] 請問""台北股市""這個說法是怎麼來的?",7
2019/11/10,[新聞] 川普：中國供應鏈像雞蛋一樣破裂,65
2019/11/10,[新聞] 美中貿易談判新進展 美國允進中國雞肉,26
2019/11/10,[新聞] 法人搶加碼 優質股現蹤,9
2019/11/10,"[其他] 請問""台北股市""這個說法是怎麼來的?",13
2019/11/09,[新聞] 中國10月CPI年增3.8% 豬肉價飆升1倍,27
2019/11/09,[新聞] 債市風向逆轉 賣壓恐大增,4
2019/11/09,[新聞] 蘋果持續為環保貢獻 發行20億歐元綠色債,8
2019/11/09,[新聞] 中國整頓銀行體系 市場失信心謠言四起,17
2019/11/09,[新聞] 浙江500億規模網貸平台驚傳破產,49
2019/11/09,Re: [請益] 索羅斯 金融鍊金術,1
2019/11/09,Re: [請益] 量子霸權對於矽產業是利多還是利空?,2
2019/11/09,[新聞] 大陸事業給力 裕日車前三季EPS飆同期新高,6
2019/11/09,[新聞] 15檔外資、官股齊挺 發威,31
2019/11/09,[請益] 索羅斯 金融鍊金術,9
2019/11/09,[請益] 請教復華富時不動產證券化ETF,2
2019/11/09,[新聞] 龍巖大賣彰銀股 退出明年改選大戰,25
2019/11/09,[新聞] 富南斯涉吸金32億！　夏于喬父等10人收,12
2019/11/09,[新聞] 債券殖利率狂飆 讓不久前的經濟衰退憂慮,9
2019/11/09,[新聞] 全新(2455)10月營收創高，VCSEL、5G拉動Q,3
2019/11/09,[新聞] 藥華藥10月營收,24
2019/11/09,[標的] 日本反,2
2019/11/09,Re: [標的] 泰鼎-ky (4927)  做多！,2
2019/11/09,[新聞] 815全台大停電 巨路不服中油求償3.5億,15
2019/11/09,[標的] 神達-多,29
2019/11/09,[標的] 2316 楠梓電 多,96
2019/11/09,[標的] 5457 宣德 多,4
2019/11/09,[新聞] 中國上月通脹超預期達3.8%　豬肉價飆101%,44
2019/11/09,[新聞] MSCI連3砍 台股權重雙降,14
2019/11/09,Re: [標的] 2330 台積電 台灣之光井噴,19
2019/11/09,[新聞] 三星傳出包 晶圓代工受挫,66
2019/11/09,[新聞] 川普尚未同意取消關稅 中國官媒最新回應,85
2019/11/09,[標的] 良維6290 多,8
2019/11/09,Re: [請益] 量子霸權對於矽產業是利多還是利空?,26
2019/11/09,Re: [標的] QCOM,3
2019/11/09,Re: [標的] 2345智邦 拉高空,8
2019/11/09,Re: [請益] 2330 台GG,16
2019/11/09,[新聞] 又有變數？川普：我還沒同意取消對中國加,61
2019/11/08,Re: [標的] 2498 宏達電 多,4
2019/11/08,[新聞] SOGO周年慶 台北三店首日飆11億,34
2019/11/08,[新聞] 麥格理估明年金價整理 全球黃金ETF持倉1,5
2019/11/08,[標的] 2498宏達電(空)，星期一再跌，大事不妙 ?,27
2019/11/08,[標的] 1437 勤益控,18
2019/11/08,Re: [請益] 投顧老師到底能不能跟?,21
2019/11/08,[新聞] 經濟指標：美國上週首次申領失業救濟金減,4
2019/11/08,[新聞] 群創:公告本公司2019年第三季財務與業務,11
2019/11/08,[其他] 11/8 集中市場三大法人買賣超前30名,3
2019/11/08,[新聞] “分階段取消關稅”在白宮引發反彈,0
2019/11/08,Re: [標的] 泰鼎-ky (4927)  做多！,3
2019/11/08,Re: [請益] 投顧老師到底能不能跟?,0
2019/11/08,[其他] 11/8 店頭市場三大法人買賣超前20名,2
2019/11/08,[請益] 投顧老師到底能不能跟?,25
2019/11/08,[標的] 4953緯軟的看法,12
2019/11/08,[請益] 李佛摩這句話怎麼解讀,18
2019/11/08,[標的] 8462  柏文  高速真空,4
2019/11/08,Re: [新聞] 「華爾街天后」無照開班教賺錢挨告,3
2019/11/08,[新聞] 「華爾街天后」無照開班教賺錢挨告,24
2019/11/08,[新聞] 仁寶10月營收989.16億元 創單月歷史次高,26
2019/11/08,[其他] 新光金108年10月合併自結損益,39
2019/11/08,Re: [請益] 量子霸權對於矽產業是利多還是利空?,21
2019/11/08,[標的] 金像電2368,9
2019/11/08,「標的」5269 祥碩 空,9
2019/11/08,Re: [其他] 跨平台開源台股看盤桌面版,5
2019/11/08,[新聞] 台積電10月營收破千億 創歷史次高,39
2019/11/08,[新聞] 華通108年前三季稅後，EPS 2.00元,19
2019/11/08,[新聞] 面板廠10月營收 僅群創月增,18
2019/11/08,Re: [請益] 量子霸權對於矽產業是利多還是利空?,24
2019/11/08,[新聞] 因應2020年5G服務及CPU需求，三星電子增,1
2019/11/08,[請益] msci 權重調整多少 查詢,5
2019/11/08,[其他] 台企銀108年10月合併自結損益,29
2019/11/08,[其他] 108年11月08日 三大法人買賣金額統計表,57
2019/11/08,[閒聊] 2019/11/08 盤後閒聊,37
2019/11/08,Re: [標的] 6213聯茂 空,9
2019/11/08,[新聞] 《電子零件》非NB佈局發酵，宏致明年獲利,6
2019/11/08,Re: [請益] 量子霸權對於矽產業是利多還是利空?,9
2019/11/08,Re: [標的] 9933中鼎,10
2019/11/08,[新聞] 民粹政策誤國？韓國街頭經濟慘兮兮,43
2019/11/08,Re: [請益] 量子霸權對於矽產業是利多還是利空?,3
2019/11/08,[新聞]白宮貿易顧問否認美中取消關稅：只有川,24
2019/11/08,[新聞] 金可前3季EPS8.52元 逼近去年全年,1
2019/11/08,Re: [請益] 量子霸權對於矽產業是利多還是利空?,4
2019/11/08,[標的] 大盤10568 強力放空,70
2019/11/08,[請益] 量子霸權對於矽產業是利多還是利空?,34
2019/11/08,[新聞]閎康10月營收月減4.78% 第4季可望續創新高,1
2019/11/08,Re: [標的] 3048 益登,21
2019/11/08,Re: [標的] 3048 益登,2
2019/11/08,[新聞] 三星放棄屏下辨識 GIS恐丟單,30
2019/11/08,[新聞] 永豐銀聚焦三議題挺光電 明年進軍兩大類,0
2019/11/08,[新聞] 永豐金前10月獲利成長28% 每股賺0.94元,6
2019/11/08,[閒聊] 2019/11/08 盤中閒聊,99
2019/11/08,[標的] 神盾6462 多,14
2019/11/08,[新聞] 推動半導體材料國產化　工研院攜手中鋼,5
2019/11/08,[新聞] 傳美中同意取消加徵關稅 白宮強烈反對,28
2019/11/08,[新聞] Aramco將上市 陸央企有意注資百億美元,6
2019/11/08,[新聞]  環球晶法說 Q3純益季減6% 每股賺7.64,7
2019/11/08,[新聞] 據稱中美將相互取消加徵關稅 美股早盤再,8
2019/11/08,[新聞] 新光金奪權戰！徹底惹毛堂哥吳東興,27
2019/11/07,[新聞] 【2891 中信金】108年10月份自結合併盈餘,36
2019/11/07,[新聞] 台新金108年10月份自結損益,6
2019/11/07,[標的] 喔應台積電(2330)可以保證勝率百分百嗎,18
2019/11/07,[其他] 108年11月07日信用交易統計,8
2019/11/07,[新聞] 北京接受華盛頓的條件 同意美國分階段取,29
2019/11/07,[新聞] 玉山金前10月獲利175億元 再創歷年同期新,11
2019/11/07,Re: [心得] 一年對帳單 畢業ING,36
2019/11/07,[新聞] 金融危機將近？德意志銀行大虧損，財經專,12
2019/11/07,[心得] 嘉信理財補貼轉戶費用詢問與申請方式,4
2019/11/07,Re: [心得] 一年對帳單 畢業ING,6
2019/11/07,[新聞] 群益金鼎證券上月EPS 0.11元,9
2019/11/07,[新聞] 台灣最大檔綠債 沃旭試水溫,16
2019/11/07,Re: [心得] 一年對帳單 畢業ING,1
2019/11/07,[請益] 歐洲美元,4
2019/11/07,[心得] 21世紀價值投資：價值投資的三層次,29
2019/11/07,Re: [心得] 一年對帳單 畢業ING,10
2019/11/07,[新聞] 元大金:元大金控公告108年10月份自結合,6
2019/11/07,[新聞]日電貿第三季每股稅後純益1.24元,3
2019/11/07,Re: [心得] 一年對帳單 畢業ING,89
2019/11/07,[新聞] 再釋善意！陸國務院：取消在中國之外資銀,24
2019/11/07,[新聞] 中國打算未來一年半推出自己的數位貨幣，,49
2019/11/07,Re: [新聞] 貿易戰大降溫? 陸商務部：中、美同意分,5
2019/11/07,[新聞] 兆豐金108年10月自結營餘,18
2019/11/07,[心得] 中國的垃圾債券將會讓投資人賠一屁股,5
2019/11/07,[新聞] 玉山金108年10月自結盈餘,20
2019/11/07,[新聞] 貿易戰大降溫? 陸商務部：中、美同意分,16
2019/11/07,[請益] 貿易戰到底是惠台還是傷台？？,18
2019/11/07,[新聞] 合庫金看房市 明年會更好,3
2019/11/07,[新聞] 陸商務部：美中雙方將分階段取消懲罰性與,54
2019/11/07,[其他] 永豐金108年10月合併自結損益,14
2019/11/07,[新聞] 外資一波沒完 散戶空單輸慘,19
2019/11/07,[常識] 幫投資公司拉下線吸金投資之刑民事責任,3
2019/11/07,[新聞]大尺寸面板出貨量減友達10月營收年減24.6%,14
2019/11/07,[其他] 108年11月07日 三大法人買賣金額統計表,71
2019/11/07,Re: [請益] 關於“蘿蔔投”P2P投資,3
2019/11/07,[心得] 富邦VIX 政府不增發額度 是救還是害散戶?,10
2019/11/07,[請益] 在國外無法下單,12
2019/11/07,Re: [心得] 金庸把拔的投資方式是不是王道,5
2019/11/07,[閒聊] 2019/11/07 盤後閒聊,26
2019/11/07,[請益] 關於“蘿蔔投”P2P投資,0
2019/11/07,Re: [心得] 金庸把拔的投資方式是不是王道,12
2019/11/07,[標的]  大學光 吃豆腐空,1
2019/11/07,[心得] 金庸把拔的投資方式是不是王道,30
2019/11/07,[標的] 大宇資 歡喜多,12
2019/11/07,[新聞] 最終要結束中國對美經濟的結構性攻擊,9
2019/11/07,[新聞] 華為追單動作暫歇？華通：訂單並未轉弱,2
2019/11/07,[標的] 3481 群創 多,23
2019/11/07,Re: [心得] 一年對帳單 畢業ING,0
2019/11/07,Re: [標的] 6213聯茂 空,9
2019/11/07,[心得] 一年對帳單 畢業ING,100
2019/11/07,[新聞] 朝野聯手降稅搶救國產車,11
2019/11/07,[閒聊] 2019/11/07 盤中閒聊,100
2019/11/07,Re: [新聞] 美國:台積造的晶片最後跑到中國對台導彈裡,6
2019/11/07,[新聞] 政府專案帶動 全訊10月營收創高 前10月超,0
2019/11/07,[新聞] 中美或推遲至12月簽署貿易協定,17
2019/11/07,[新聞] 夏普三路衝業績 將挹注鴻海收益,5
2019/11/07,[新聞] 寧德抱特斯拉大單 股價狂飆,8
2019/11/06,Re: [標的] 9933中鼎,32
2019/11/06,[請益] 分析股票的Youtube頻道,58
2019/11/06,[新聞] 日韓貿易轉單效益顯 上銀10月營收回溫,3
2019/11/06,Re: [新聞] 群電第3季每股純益1.75元 單季獲利超過上,5
2019/11/06,[其他] 108年11月06日信用交易統計,3
2019/11/06,[標的] 8454 富邦媒,2
2019/11/06,[標的] 華邦電  偏空,10
2019/11/06,[新聞] 下一個雷曼兄弟？財經專家：德銀正一步步,38
2019/11/06,[其他] 11/6 集中市場三大法人買賣超前30名,4
2019/11/06,[其他] 11/6 店頭市場三大法人買賣超前20名,3
2019/11/06,Re: [標的] 元大金 2885,20
2019/11/06,[新聞]宜特Q3轉虧為盈　瞄準5G驗證長線需求,11
2019/11/06,[新聞] 美中貿易戰打不停 美農場破產率暴升24％,10
2019/11/06,Re: [新聞] 韓媒：台積電獨吞華為大單，三星離 2030,6
2019/11/06,[新聞] A股8日迎MSCI第三步擴容 中金：估再引資4,1
2019/11/06,[新聞] 群益投信經理人遭爆坑殺散戶2200萬元,15
2019/11/06,[新聞] 歷史又來到重要轉折，台灣正在「大運」上,19
2019/11/06,[新聞] 元大金控 獲運動企業認證,7
2019/11/06,[新聞] RCEP完成談判 學者：對台灣傳產影響較大,5
2019/11/06,[新聞] 拿基金炒股套利 群益投信經理人遭搜索約,30
2019/11/06,[新聞] 韓媒：台積電獨吞華為大單，三星離 2030,5
2019/11/06,[新聞] 索尼看準5G應用市場，預計投入1000億日,5
2019/11/06,[新聞] 中國重磅歐元債發行成功 或開啟示範效應,11
2019/11/06,Re: [標的] 2317鴻海,25
2019/11/06,[新聞] 高盛CEO認為近期美國經濟衰退可能性很小,12
2019/11/06,[新聞] 確定坐牢！頂新劣油案 最高法院判魏應充5,56
2019/11/06,[新聞] 營建股「新股王」華固 今年前10月EPS估13,16
2019/11/06,[其他] 美中談休兵...樂觀中有隱憂,9
2019/11/06,[新聞] 宏達電靜待歐美銷售旺季 10月營收月減48%,30
2019/11/06,[新聞]  談了7年卻退出，印度為何不加入RCEP,29
2019/11/06,Re: [新聞] 聯詠前三季賺進一個股本 Q4業績估小減,7
2019/11/06,[新聞] 聯詠前三季賺進一個股本 Q4業績估小減,10
2019/11/06,Re: [新聞] Mini LED爆發？業者：明年量不大,4
2019/11/06,[請益] 有人用中信證券嗎,24
2019/11/06,[其他] 108年11月06日 三大法人買賣金額統計表,59
2019/11/06,[標的] 3017奇鋐 空,2
2019/11/06,[請益] 股市中肯圖來分析，目前...在哪,53
2019/11/06,[標的] 9933中鼎,24
2019/11/06,[閒聊] 2019/11/06 盤後閒聊,9
2019/11/06,[新聞] 老臣鬼扯總裁遺願欺少主 張國煒：妳背叛,31
2019/11/06,Re: [標的] 志豐,7
2019/11/06,[新聞] 美國:台積造的晶片最後跑到中國對台導彈裡,53
2019/11/06,Re: [其他] 中國經濟 2019-2099：中國的國力會衰退嗎,27
2019/11/06,[新聞] 東協10+5國RCEP明年簽署、印度退出 成員,15
2019/11/06,[標的] 2383 台光電,9
2019/11/06,[新聞] 緋聞「掰」了台企銀總經理 誰最有機會來接？,17
2019/11/06,Re: [新聞] 專業股民 今年來每人賺654萬,7
2019/11/06,[新聞] 美中貿易協議簽署有望 人民幣重新升破7,8
2019/11/06,Re: [新聞] 專業股民 今年來每人賺654萬,6
2019/11/06,Re: [標的] 聯詠 3034 買進,10
2019/11/06,Re: [新聞] 貿易戰趨緩，台股後市偏多,8
2019/11/06,[標的] 2891 中信金,25
2019/11/06,Re: [新聞] Mini LED爆發？業者：明年量不大,6
2019/11/06,[閒聊] 2019/11/06 盤中閒聊,100
2019/11/06,[請益] 長榮這個融卷量是怎麼回事,3
2019/11/06,[新聞] 聯合國：美中貿易戰兩敗俱傷 台灣是最大,18
2019/11/06,[標的] 3019 亞光 多,4
2019/11/06,Re: [新聞] Mini LED爆發？業者：明年量不大,1
2019/11/06,[新聞] 非法經營投顧授課 遭判刑,24
2019/11/06,[新聞] A股8日迎MSCI第三步擴容 中金：估再引資4,0
2019/11/06,[其他] 中國經濟 2019-2099：中國的國力會衰退嗎,33
2019/11/06,[新聞] 中美貿易戰現曙光 美短時間內將解除華為,18
2019/11/05,[公告] yrid sanderwang OgOl krosby 警告一次,0
2019/11/05,[公告] nodgdi strekm Chiachiachih 水桶一週,0
2019/11/05,[公告] liveforhappy houbuz AIIT 水桶一個月,0
2019/11/05,[公告] say29217074 zhiping8 gn7722 警告一次,0
2019/11/05,[其他] 108年11月05日信用交易統計,11
2019/11/05,[公告] blow5566job AK47shoot moss18 警告一次,0
2019/11/05,[公告] wow4brian binnin free80109 水桶一週,0
2019/11/05,[公告] ToShaTo CurryMvp nissan168 警告一次,0
2019/11/05,[新聞] 鴻海10月營收創歷年同期新高,33
2019/11/05,Re: [新聞] 避險買盤大！富邦VIX溢價破30%,8
2019/11/05,[新聞] 國銀大陸曝險占淨值比重 創新低,8
2019/11/05,[標的] 2408南亞科 慢慢多,11
2019/11/05,[新聞] Mini LED爆發？業者：明年量不大,13
2019/11/05,[請益] 買了書該不該現在看,15
2019/11/05,[新聞] 萬一行情火熱 券商遭駭勒索再現高峰,0
2019/11/05,[標的] 4113 聯上 多,30
2019/11/05,[標的] 6288聯嘉,7
2019/11/05,[新聞] 避險買盤大！富邦VIX溢價破30%,39
2019/11/05,Re: [請益] 版主請進,5
2019/11/05,[新聞]達麗預期Q4推案量約45億元，明年度推案量初估上,8
2019/11/05,[新聞] 台企銀總座施建安傳緋聞風暴 申請退休獲,61
2019/11/05,Re: [心得] 麥克風 vs 富豪居 月風 懶人包,64
2019/11/05,[其他] 富邦台50 富邦公司治理 配息資訊,44
2019/11/05,[新聞] 擘劃大高雄產業藍圖 蔡總統打造南部科技,15
2019/11/05,Re: [請益] 版主請進,-10
2019/11/05,[請益] 不是所有券商都可以現券償還嗎??,10
2019/11/05,[新聞] 中國A股利多 後市上漲空間可期,7
2019/11/05,[新聞] 黑石策略師：「泡沫之母」將觸發經濟衰退,15
2019/11/05,[新聞] 十銓 4967 《半導體》祭庫藏股，十銓走揚,7
2019/11/05,[其他] 108年11月05日 三大法人買賣金額統計表,75
2019/11/05,[閒聊] 2019/11/05 盤後閒聊,23
2019/11/05,[標的] 5299杰力恐懼多,16
2019/11/05,Re: [新聞] 美股多頭不止 台股力拚11600點,15
2019/11/05,[標的] 00632r 台灣50反,97
2019/11/05,[標的] AMD,34
2019/11/05,[新聞] 英媒稱美國考慮部分撤回對華關稅制裁,6
2019/11/05,[請益] 台積電ADR除息配息問題,4
2019/11/05,[新聞] 壽險買盤加持 元大金股價 創近八年新高,7
2019/11/05,[新聞] 日廠淡出茂達得利，Q4營運衝高,6
2019/11/05,[標的] 泰鼎-ky (4927)  做多！,8
2019/11/05,[新聞] 台企銀總座偷吃女秘書　「不要硬來啦」,100
2019/11/05,Re: [新聞] 美股多頭不止 台股力拚11600點,0
2019/11/05,Re: [請益] 美國退出巴黎氣候協定影響?,11
2019/11/05,Re: [請益] 美國退出巴黎氣候協定影響?,12
2019/11/05,[新聞] 台積電股價盤中再飆　領軍台股攻11600點,17
2019/11/05,[閒聊] 2019/11/05 盤中閒聊,-10
2019/11/05,[新聞] 外資連16買 台股資金行情再點火,9
2019/11/05,[新聞] 聯準會降息釋放熱錢 股票型ETF單週吸金130,0
2019/11/05,[新聞] 台北房價20年新高 失速列車煞不住,18
2019/11/05,Re: [新聞] 格芯提告台積電侵權 要求美國禁止進口其,7
2019/11/05,Re: [請益] 貼對帳單給別人看的好處？,3
2019/11/05,[新聞] 中興通訊攜手北汽集團 攻5G自動駕駛,1
2019/11/05,[請益] 台灣科技廠的廠房興建工程是哪家在做?,36
2019/11/04,[其他] 108年11月04日信用交易統計,11
2019/11/04,Re: [新聞] 台積電採購綠電挑戰10億度、不自建太陽,0
2019/11/04,[標的] 請益富邦vix 淨值2以下幾天會清算?,9
2019/11/04,[請益] 盤後鉅額交易 隔日可直接獲利嗎？,3
2019/11/04,[請益] 空汙指數  跟大盤有啥關係??,10
2019/11/04,[新聞] 美國加速立法應對中國5G影響力,7
2019/11/04,[新聞] 台積電市值飆近8兆元新高 帶動台股大漲,17
2019/11/04,[新聞] 鮮活10月合併營收年增逾2成，創歷史同期,15
2019/11/04,Re: [請益] 請問現在到底應該恐懼還是貪婪？,23
2019/11/04,[新聞] 台積電採購綠電挑戰10億度、不自建太陽,65
2019/11/04,[其他] 跨平台開源台股看盤桌面版,4
2019/11/04,[請益] 玉晶光現金增資影響股期,8
2019/11/04,[新聞] 和泰新車熱銷 市占衝破34%,5
2019/11/04,[新聞] 美投資級公司債 財報、利差雙示好,0
2019/11/04,[標的] 2049上銀 多,9
2019/11/04,[請益] 美國敦促台積電停止向華為供貨,38
2019/11/04,[請益] 選擇權淨口數為負數代表什麼?,4
2019/11/04,[心得] ptt的標的文好像真的可以信,42
2019/11/04,[心得] 大盤,47
2019/11/04,[其他] 108年11月04日 三大法人買賣金額統計表,57
2019/11/04,[標的] 國產2504,17
2019/11/04,[標的] 鴻海(2317)股價上100元以上機會算很高嗎,46
2019/11/04,[閒聊] 2019/11/04 盤後閒聊,48
2019/11/04,Re: [請益] 富櫃200與散戶持股連動程度？,0
2019/11/04,[請益] 如果想自組漫改英雄的ETF有哪些選擇,6
2019/11/04,Re: [標的] 2330  爽爆了,12
2019/11/04,Re: [標的] 2330  爽爆了,1
2019/11/04,[新聞] 台積後市強 目標價外資喊到424元,52
2019/11/04,Re: [標的] 2330  爽爆了,9
2019/11/04,Re: [標的] 鴻海,32
2019/11/04,[標的] 2330  台積電,4
2019/11/04,[心得] 或許長期低利會變趨勢?,9
2019/11/04,Re: [標的] 2317鴻海 多,100
2019/11/04,Re: [標的] 2345智邦 拉高空,5
2019/11/04,Re: [新聞] 台積電漲到3百元張忠謀：不意外有信心看漲,32
2019/11/04,[新聞] 亞太私募 台灣大可能參與,15
2019/11/04,[閒聊] 2019/11/04 盤中閒聊,100
2019/11/04,[請益] 股海新手請教大盤,17
2019/11/04,Re: [新聞] 台積電漲到3百元張忠謀：不意外有信心看漲,8
2019/11/04,[新聞] 瑞信初評遠東新 股價潛在上檔空間達四成,17
2019/11/04,[新聞] 美中本月簽協議 華為禁令將解除,33
2019/11/04,Re: [新聞] 台積電漲到3百元張忠謀：不意外有信心看漲,44
2019/11/04,[新聞] 陸開放證券市場 年底前射四箭,1
2019/11/04,[新聞] 國家石油公司IPO定案 但沙國股市不漲反,10
2019/11/03,[標的] 5483中美晶,7
2019/11/03,[標的] 香港亂七八糟，匯豐銀行會受很大影響?,7
2019/11/03,[請益] 請問這是發生什麼事情？reddit,29
2019/11/03,[新聞] 台積電的5奈米已經幫HPC做優化,24
2019/11/03,[標的] 新光產險,18
2019/11/03,[新聞] 市值強壓蘋果與微軟！全球最大石油公司,44
2019/11/03,[新聞] ETF受益人分散 改按月申報,11
2019/11/03,Re: [新聞] 台積電漲到3百元張忠謀：不意外有信心看漲,18
2019/11/03,[新聞] Bloomberg｜美國次貸前車之鑑 台灣嚴控1,12
2019/11/03,Re: [新聞] 台積電漲到3百元張忠謀：不意外有信心看漲,100
2019/11/03,[標的] 2345智邦 拉高空,27
2019/11/03,[新聞] 房市增溫、放款過度集中　央行理事憂系統,22
2019/11/03,Re: [心得] 大盤及鴻海分析,11
2019/11/03,Re: [心得] 多頭時人人都是股神,4
2019/11/03,[新聞] 債台高築 中國紫光、方正美元債暴跌,18
2019/11/03,[公告] cute320518 jjjjjjs sony2008 水桶,0
2019/11/03,Re: [心得] 為什麼我朋友不會虧錢,1
2019/11/03,[心得] 有人做原物料嗎？,25
2019/11/03,[標的] 2330,10
2019/11/03,Re: [心得] 營收年增成長EPS卻曾單季大幅腰斬的公司,18
2019/11/03,[新聞] 16檔明年獲利飆 快押寶,50
2019/11/03,[請益] 為什麼有人會覺得短線技術有用?,1
2019/11/03,[新聞] 筆電事業助攻，夏普上季獲利超預期,4
2019/11/03,[心得] 台股絕對不會崩盤理論,8
2019/11/03,[標的] 2015 豐興 多,20
2019/11/03,Re: [請益] 為什麼我都是賠錢,11
2019/11/03,[新聞] 銅板價黑馬 存股族看過來,39
2019/11/03,[心得] 為什麼我朋友不會虧錢,69
2019/11/03,Re: [請益] 為什麼我都是賠錢,2
2019/11/03,Re: [心得] 營收年增成長EPS卻曾單季大幅腰斬的公司,11
2019/11/03,Re: [新聞] 台積電漲到3百元張忠謀：不意外有信心看漲,12
2019/11/02,"Re: [請益] 台股超過9000還在做多,不是新手就是白痴?",59
2019/11/02,[標的] 台指期 空,37
2019/11/02,[新聞] 債務違約顯現 貴州懇談債券投資人,16
2019/11/02,[新聞] 鴻海老董衝5G「台灣不能只做代工」,24
2019/11/02,[新聞] 彭博：外資湧入台灣 台股可望創近10年,16
2019/11/02,[新聞] 貿易戰首勝！ WTO判中國可對1091億元美..,76
2019/11/02,Re: [請益] 為什麼我都是賠錢,19
2019/11/02,[新聞] 《鋼鐵股》中鋼10月鋼品出貨超預期,11
2019/11/02,Re: [請益] 為什麼我都是賠錢,22
2019/11/02,[心得] 營收年增成長EPS卻曾單季大幅腰斬的公司,18
2019/11/02,"Re: [請益] 台股超過9000還在做多,不是新手就是白痴?",8
2019/11/02,Re: [標的] 1402 遠東新,17
2019/11/02,"Re: [請益] 台股超過9000還在做多,不是新手就是白痴?",8
2019/11/02,Re: [請益] 為什麼我都是賠錢,8
2019/11/02,Re: [請益] 請問中國人怎麼炒台股,0
2019/11/02,[新聞] 本土企業在OBU開戶…金管會擬開放 將找,22
2019/11/02,[新聞] 台積電漲到3百元張忠謀：不意外有信心看漲,54
2019/11/02,Re: [請益] 為什麼我都是賠錢,38
2019/11/02,[新聞] 牛津經濟研究院：美國高達4兆美元公司債,16
2019/11/02,Re: [請益] 為什麼我都是賠錢,8
2019/11/02,[新聞] 曼聯遭大股東批評:成績差 害股價下跌40%,6
2019/11/02,Re: [請益] 為什麼我都是賠錢,49
2019/11/02,Re: [請益] 定期定額扣款ETF（明天勢必扣在最高點),10
2019/11/02,[新聞] 美國非農就業人口增加12.8萬人 優於市場,9
2019/11/02,[新聞] 道瓊大漲300點！就業數據亮眼…美股2指數,44
2019/11/02,"[心得] 認養者奪門而出, ANET 流湯悲鳴",5
2019/11/02,Re: [請益] 為什麼我都是賠錢,8
2019/11/02,[請益] 為何投顧沒有純做期貨的？,19
2019/11/02,Re: [新聞] 清華紫光、北大方正債台高築，衝擊美元計,39
2019/11/02,Re: [請益] 為什麼我都是賠錢,2
2019/11/02,[新聞] 清華紫光、北大方正債台高築，衝擊美元計,23
2019/11/02,Re: [其他] 台灣第三季GDP2.91% 優於預期,-10
2019/11/01,[其他] 108年11月01日信用交易統計,24
2019/11/01,Re: [請益] 為什麼我都是賠錢,0
2019/11/01,[請益] 借卷功能,3
2019/11/01,[標的] 4123 晟德 多,9
2019/11/01,Re: [請益] 為什麼我都是賠錢,29
2019/11/01,Re: [請益] 為什麼我都是賠錢,17
2019/11/01,Re: [請益] 為什麼我都是賠錢,21
2019/11/01,[新聞] 華碩首次投資電動車領域 取得蓋亞汽車35%,21
2019/11/01,Re: [請益] 為什麼我都是賠錢,7
2019/11/01,Re: [請益] 為什麼我都是賠錢,0
2019/11/01,[新聞] 網龍:針對媒體報導澄清,5
2019/11/01,Re: [請益] 為什麼我都是賠錢,14
2019/11/01,[請益] 為什麼我都是賠錢,100
2019/11/01,Re: [標的] 2317鴻海 多,40
2019/11/01,[標的] 1304 台聚,0
2019/11/01,[新聞] 華新科、信昌電Q3稅前獲利雙創近六季新低,18
2019/11/01,[請益] 每家三竹手機下單APP都會這樣嗎?,8
2019/11/01,[新聞] 下階段貿易協議 傳陸要求取消所有關稅,59
2019/11/01,[標的] 2014中鴻 多,4
2019/11/01,[其他] 108年11月01日 三大法人買賣金額統計表,74
2019/11/01,[新聞] 英特爾10奈米晶片開始量產，並公布7奈米,39
2019/11/01,[閒聊] 2019/11/01 盤後閒聊,51
2019/11/01,[標的] 3056總太,15
2019/11/01,"[新聞] 興櫃股王昇佳 股價看1,000元",10
2019/11/01,[標的] 2317鴻海 多,100
2019/11/01,[新聞] 採購F-35要等25年　漢翔：F-16V可用30年,34
2019/11/01,[標的] 3483力致（空）,38
2019/11/01,Re: [新聞] 友達Q3慘兮兮 面板股一片綠,18
2019/11/01,《熱門族群》燿華、日月光業績報喜,10
2019/11/01,Re: [其他] 台灣第三季GDP2.91% 優於預期,12
2019/11/01,[標的] 3443創意空,19
2019/11/01,Re: [標的] 台積電 悟空,9
2019/11/01,[閒聊] 2019/11/01 盤中閒聊,100
2019/11/01,[新聞] 美國眾議院宣布：通過川普彈劾調查程序,26
2019/11/01,Re: [新聞] Micro LED在過去18個月內，在技術上有明,6
2019/10/31,[新聞] 鴻海旗下富智康前3季估虧損19.9億元比去,8
2019/10/31,Re: [新聞] 〈財報〉AMD Q3營收遜色、Q4財測低於預4,4
2019/10/31,[新聞] 郭台銘回鴻海？各界都在猜,14
2019/10/31,[標的] 喬山 1736 空,15
2019/10/31,[其他] 108年10月31日信用交易統計,19
2019/10/31,[新聞] 今年第12次！北韓朝日本海射2枚彈道飛彈,20
2019/10/31,[其他] 公司要在大陸上市認股問題,22
2019/10/31,[新聞] 智利APEC取消 川普：很快公布「川習會」,19
2019/10/31,Re: [新聞] 台積股價衝300元 市值往8兆元邁進,4
2019/10/31,Re: [新聞] 台積電砸600億屏東蓋太陽能電廠,28
2019/10/31,Re: [標的] 2801彰化銀行,-10
2019/10/31,《半導體》世界董事長：客戶對擴產持正面態度，,5
2019/10/31,[其他] 10/31 集中市場三大法人買賣超前30名,14
2019/10/31,[其他] 10/31 店頭市場三大法人買賣超前20名,3
2019/10/31,[新聞] 台積股價衝300元 市值往8兆元邁進,5
2019/10/31,Re: [新聞] 蔡力行看好聯發科未來營運 宣示意義大,13
2019/10/31,[標的] 大盤興能高化 強空,16
2019/10/31,Re: [請益] 沒有電腦時代的證券市場,14
2019/10/31,[標的] 0050多,14
2019/10/31,[新聞] 中華電全年營收、獲利恐難達陣,30
2019/10/31,"[新聞] 賀鳴珩：台股年底看12,682點",40
2019/10/31,[新聞] 美參院通過台北法案 將大幅提升台灣地位,42
2019/10/31,[標的] 6558 興能高,11
2019/10/31,Re: [請益] 沒有電腦時代的證券市場,16
2019/10/31,Re: [新聞] 〈財報〉AMD Q3營收遜色、Q4財測低於預4,6
2019/10/31,[標的] 2330台積電,31
2019/10/31,[請益] 手機下單背景模式，時間久被登出,5
2019/10/31,[其他] 台灣第三季GDP2.91% 優於預期,42
2019/10/31,[請益] 陸股的財報要去哪看 ?,27
2019/10/31,[其他] 108年10月31日 三大法人買賣金額統計表,66
2019/10/31,[閒聊] 2019/10/31 盤後閒聊,22
2019/10/31,[新聞] 融資四面楚歌 逾400家中國房企破產,12
2019/10/31,Re: [新聞] 〈財報〉AMD Q3營收遜色、Q4財測低於預4,48
2019/10/31,[新聞] 張榮發基金會陷掏空危機,66
2019/10/31,[標的] 3324 雙鴻 長空,13
2019/10/31,[標的]  6274 台燿 中長多,11
2019/10/31,Re: [標的] 2330 台積電 多,35
2019/10/31,[新聞] 無人機物流運送服務即將展翅高飛,12
2019/10/31,[新聞] 聯發科第3季獲利報喜 外資目標價上看530元,33
2019/10/31,Re: [標的] 年化已達18%的9157陽光-DR,0
2019/10/31,[請益] 目前這個時機還可以進場存股嗎(抖抖的),100
2019/10/31,Re: [標的] 2330 台積電,8
2019/10/31,Re: [標的] 台股 多,0
2019/10/31,Re: [標的] 2330 台積電,2
2019/10/31,Re: [標的] 2330 台積電,6
2019/10/31,Re: [標的] 2330 台積電,23
2019/10/31,[新聞] 【怕被吃垮】中鋼福委會踢除4子公司,28
2019/10/31,[閒聊] 2019/10/31 盤中閒聊,100
2019/10/31,[新聞] 蘋果上季獲利營收均優於預期,16
2019/10/31,[新聞] 空屋率明年恐逾兩成 房價卻不降反漲,55
2019/10/31,[新聞] Fed再降息1碼 利率調降至1.5%-1.75%,26
2019/10/31,[心得] 從股版畢業了,0
2019/10/31,[新聞] WSJ:智利取消11月中的亞太經合會議高峰會,15
2019/10/30,Re: [心得] 阿格力生活投資事件,42
2019/10/30,Re: [請益] 00861全球未來通訊ETF,13
2019/10/30,[其他] 108年10月30日信用交易統計,6
2019/10/30,[新聞] 谷月涵歸化台灣,76
2019/10/30,Re: [新聞] 台商回流 營建股吃香飆高,8
2019/10/30,[標的] 6196 帆宣,14
2019/10/30,[標的] 3030 德律,7
2019/10/30,[心得] 阿格力生活投資事件,42
2019/10/30,[新聞] 台商回流 營建股吃香飆高,15
2019/10/30,[新聞] 台灣輸陸PVC 中國取消反傾銷關稅,10
2019/10/30,Re: [新聞] 一例一休讓勞工不能加班 蘇貞昌：蔡總統,6
2019/10/30,[其他] 10/30 集中市場三大法人買賣超前30名,13
2019/10/30,[其他] 10/30 店頭市場三大法人買賣超前20名,0
2019/10/30,Re: [新聞] 台積電砸600億屏東蓋太陽能電廠,4
2019/10/30,[新聞] 《業績-電子零件》燿華前3季EPS為2.23元,21
2019/10/30,Re: [新聞] 台積電砸600億屏東蓋太陽能電廠,19
2019/10/30,[新聞] 日媒爆：蘋果明年出3款5G iPhone 出貨量,18
2019/10/30,[標的] 6231 系微 空,14
2019/10/30,[新聞] 日圓貶 工具機、矽晶圓廠憂,10
2019/10/30,[新聞] 泰國推出Thailand Plus計畫吸引外企、搶,1
2019/10/30,[新聞] 轉型有成！邑昇第3季EPS0.82元創掛牌新高,0
2019/10/30,[新聞] 中國新能源車市況糟！比亞迪第3季純益年,4
2019/10/30,[請益] 明年Fed升息機率大也應該升息,19
2019/10/30,[標的] 空 2454 聯發科,50
2019/10/30,[新聞] Micro LED在過去18個月內，在技術上有明,16
2019/10/30,"[新聞] 淘寶台灣""跨境供銷"" 恐衝擊中小企業",47
2019/10/30,Re: [新聞] 一例一休讓勞工不能加班 蘇貞昌：蔡總統,0
2019/10/30,Re: [請益] 外資也會高買低賣?,12
2019/10/30,Re: [新聞] 一例一休讓勞工不能加班 蘇貞昌：蔡總統,0
2019/10/30,Re: [新聞] 一例一休讓勞工不能加班 蘇貞昌：蔡總統,35
2019/10/30,[其他] 108年10月30日 三大法人買賣金額統計表,57
2019/10/30,Re: [請益] vix會不會真的清算投資人的財產,9
2019/10/30,[新聞] 友達第3季虧損擴大 每股損失0.41元,29
2019/10/30,Re: [新聞] 華為策略轉彎...盟友奪單 環宇可望受惠,4
2019/10/30,Re: [分享] 2001-2018 台灣股市房產的綜合表現,3
2019/10/30,[閒聊] 2019/10/30 盤後閒聊,0
2019/10/30,Re: [新聞] 一例一休讓勞工不能加班 蘇貞昌：蔡總統,13
2019/10/30,[標的] 請益 義隆最新財報 2019Q3,4
2019/10/30,[新聞] 再度抨擊聯準會！川普：阻礙美國經濟發展,5
2019/10/30,[分享] 2001-2018 台灣股市房產的綜合表現,22
2019/10/30,Re: [新聞] 一例一休讓勞工不能加班 蘇貞昌：蔡總統,16
2019/10/30,Re: [請益] vix會不會真的清算投資人的財產,11
2019/10/30,[新聞] 一例一休讓勞工不能加班 蘇貞昌：蔡總統,24
2019/10/30,[新聞] 眾達全球5G布局 繼投資馬國再增資蘇州廠,5
2019/10/30,[新聞] 玉山金前3季賺157億 重量級信用卡手收,35
2019/10/30,[新聞] 華為策略轉彎...盟友奪單 環宇可望受惠,4
2019/10/30,[新聞] 第三季國泰地產指數出爐 房價回復高點九,10
2019/10/30,Re: [標的] 2316 楠梓電 多,100
2019/10/30,[新聞] 台積電砸600億屏東蓋太陽能電廠,75
2019/10/30,[閒聊] 2019/10/30 盤中閒聊,100
2019/10/30,[新聞] 聯茂犀利 Q3每股賺2.36元,12
2019/10/30,[新聞] 〈財報〉AMD Q3營收遜色、Q4財測低於預됴,30
2019/10/30,Re: [標的] INMD,0
2019/10/29,Re: [新聞] 謝金河26年前花6萬買台積電 現變900萬,3
2019/10/29,[新聞] 鮮活力拚冬季飲品 股價先增溫,21
2019/10/29,Re: [標的] 2316 楠梓電 多,11
2019/10/29,"[新聞] 新制勞退前8月猛賺1,876億元創新高 明年",28
2019/10/29,[其他] 108年10月29日信用交易統計,16
2019/10/29,[新聞] 陸車市驚現大危機 5車廠陷倒閉風暴,35
2019/10/29,[標的] 原相3227,17
2019/10/29,[新聞] 焦點股：TPK-KY,8
2019/10/29,[新聞] 壽險業9月匯損338億元 創單月歷史次高,16
2019/10/29,[新聞] 政院力推高雄橋頭科學園區 都市計畫過關,10
2019/10/29,[新聞] 義隆(2458)前三季 賺進超過半個股本,27
2019/10/29,[標的] 2330台積電,93
2019/10/29,Re: [新聞] 10月房市樂觀創新高　股市信心度大幅走跌,0
2019/10/29,[請益] 外資也會高買低賣?,11
2019/10/29,[心得] [心得] 鄉民總經觀察11 - 空軍號角響起,29
2019/10/29,[新聞]  〈玉山金法說〉前3季純益再創高 銀行獲,12
2019/10/29,[其他] 108年10月29日 三大法人買賣金額統計表,62
2019/10/29,[新聞] 景碩前三季稅後虧損20億3千萬元 EPS-4.54,32
2019/10/29,[閒聊] 2019/10/29 盤後閒聊,37
2019/10/29,[新聞] 10月房市樂觀創新高　股市信心度大幅走跌,10
2019/10/29,Re: [分享] 投資心理學 傑克．伯恩斯坦/著,10
2019/10/29,[新聞] 助台新、彰銀伸張正義！顏慶章《昨是今,18
2019/10/29,[請益] ETF賣零股,4
2019/10/29,[心得] 最近的盤勢,18
2019/10/29,Re: [標的] 楠梓電 空,75
2019/10/29,[新聞] 謝金河26年前花6萬買台積電 現變900萬,-10
2019/10/29,[請益] 請問零股交易,11
2019/10/29,Re: [新聞] 友達總座回鍋重掌兵符,0
2019/10/29,Re: [標的] 2454 聯發科 空,14
2019/10/29,[新聞]  台積電與格芯達成和解及全球專利交互授,10
2019/10/29,Re: [標的] 劍麟 2228 短多,7
2019/10/29,[閒聊] 2019/10/29 盤中閒聊,100
2019/10/29,[新聞] 專家：看好台灣經濟成為亞洲四小龍之首,0
2019/10/29,[新聞] 台積公司和格芯宣布透過全球專利交互授權,57
2019/10/29,[標的] 中磊 5388,24
2019/10/29,Re: [標的] EWW-US 墨西哥ETF 多,10
2019/10/29,[新聞] 蘋果突然推出AirPods Pro，台灣官網上架,38
2019/10/29,Re: [新聞] 美軍盼晶片在地生產 台積電評估赴美建新,9
2019/10/28,[標的] 1711永光,8
2019/10/28,Re: [請益] 大家會建議找輕鬆工作然後專心投入股票嗎,9
2019/10/28,[其他] 108年10月28日信用交易統計,5
2019/10/28,Re: [請益] 大家會建議找輕鬆工作然後專心投入股票嗎,58
2019/10/28,Re: [新聞] 台積電 5 奈米良率達到 50%，2020 年第 1,16
2019/10/28,[新聞] 《半導體》轉型蛻變浴火鳳凰，精測攻近20,0
2019/10/28,[新聞] 玉晶光108年現金增資認股基準日相關事宜,6
2019/10/28,[請益] 大家會建議找輕鬆工作然後專心投入股票嗎,30
2019/10/28,Re: [新聞] 友達總座回鍋重掌兵符,2
2019/10/28,[其他] 10/28 三大法人集中市場買賣超前30名,9
2019/10/28,[新聞]法人觀點：外資連八周買超台股，中信投信,1
2019/10/28,[新聞] 美國券商零傭金揭密:售訂單流賺差價 國,8
2019/10/28,[請益] 為啥每個開訂閱的  都說這邊不給明牌 ?,24
2019/10/28,[其他] 10/28 店頭市場三大法人買賣超前20名,1
2019/10/28,[標的] 6269 台郡 多:),42
2019/10/28,[其他] 今日財報,23
2019/10/28,[其他] 太平洋電纜股利發放通知,7
2019/10/28,[請益] 未上市股票X能光電,21
2019/10/28,[新聞] 房價虛高 巢運：年輕人淪待宰「瘦羊」,42
2019/10/28,Re: [新聞] 台積電 5 奈米良率達到 50%，2020 年第 1,19
2019/10/28,"[新聞] 史無前例！三星6,000萬支手機擬由ODM陸廠",32
2019/10/28,[新聞] 食品股強勢 台股收復11300點,10
2019/10/28,[請益] 零股的交易,0
2019/10/28,[標的] 2330 台積電,20
2019/10/28,[請益] 海外使用玉山證券疑問,7
2019/10/28,[新聞] 蘋果Apple Pay成為全美行動支付的領導者,20
2019/10/28,Re: [新聞] 友達總座回鍋重掌兵符,12
2019/10/28,Re: [新聞] 台積電 5 奈米良率達到 50%，2020 年第 1,12
2019/10/28,Re: [其他] 108年10月28日 三大法人買賣金額統計表,37
2019/10/28,[新聞] 友達總座回鍋重掌兵符,4
2019/10/28,[其他] 108年10月28日 三大法人買賣金額統計表,48
2019/10/28,[請益] 哪裡可以找歷年所有上市櫃增減資的名單,2
2019/10/28,[新聞] 台積電 5 奈米良率達到 50%，2020 年第 1,41
2019/10/28,[閒聊] 2019/10/28 盤後閒聊,22
2019/10/28,Re: [新聞] 驚驚漲！台股創29年新高　財長：沒有選舉,0
2019/10/28,[標的] 富邦50 006208 多,9
2019/10/28,[標的] 穩懋3105多,31
2019/10/28,[新聞] 驚驚漲！台股創29年新高　財長：沒有選舉,47
2019/10/28,[標的] 6161 捷波 多 (挖礦概念),14
2019/10/28,[新聞] 鴻海今年EPS 有望站穩8元,36
2019/10/28,[新聞] 三陽大陸轉投資 犀利,5
2019/10/28,[閒聊] 2019/10/28 盤中閒聊,100
2019/10/28,[新聞] 美軍盼晶片在地生產 台積電評估赴美建新,44
2019/10/28,Re: [新聞] 台塑越鋼汙染案求償1.4億 法院「無管轄權,0
2019/10/28,[請益] 這樣是打幾折?,20
2019/10/27,[新聞] Fed注資效果有限！摩根大通,17
2019/10/27,[新聞] 國泰金 有看頭,14
2019/10/27,Re: [新聞] 中裕愛滋新藥研發 喊卡,16
2019/10/27,[Live] 川普發表重大談話！！,100
2019/10/27,[新聞] 中裕愛滋新藥研發 喊卡,29
2019/10/27,[標的] 4938和碩 多,24
2019/10/27,[標的] 富邦治理100 00692,18
2019/10/27,[新聞] 殺出血路，中鋼射三箭,14
2019/10/27,[新聞] 原料貴鋼價跌 中鋼獲利大衰退,10
2019/10/27,[新聞] 房市觸底反彈》Q2住宅移轉棟數 3年半新高,8
2019/10/27,[標的] 小道瓊 空,19
2019/10/27,Re: [新聞] 有大事發生！川普晚間9點將發表重大,0
2019/10/27,Re: [問題] 3天叫了13次外送，可以買哪隻股票？,31
2019/10/27,[新聞] 台股戰新高 聚焦電子法說及台積走勢,20
2019/10/27,[新聞] 鋼鐵產能過剩全球論壇閉幕 將於12月16日,7
2019/10/27,[新聞] 台塑越鋼汙染案求償1.4億 法院「無管轄權,14
2019/10/27,[標的] 大盤,32
2019/10/27,Re: [新聞] 有大事發生！川普晚間9點將發表重大聲明',19
2019/10/27,[新聞] 有大事發生！川普晚間9點將發表重大聲明',99
2019/10/27,[新聞] 〈熱門股〉和泰車站回500元大關 躍居前10,17
2019/10/27,[新聞] 川普喊話蘋果 要iPhone裝回Home鍵,33
2019/10/27,[新聞] 習近平讚區塊鏈後 比特幣一度衝破1萬美元,47
2019/10/27,[請益] 請問如何查詢上市櫃公司的土地/建物,4
2019/10/27,[新聞] 16檔Q3犀利Q4攻高 躍盤面多頭捍衛軍,3
2019/10/27,Re: [請益] 波浪大師,1
2019/10/26,[標的] 橘子是家族企業嗎?,3
2019/10/26,[新聞] 產業脈動／亞洲隱形眼鏡崛起 台廠吸睛,22
2019/10/26,[請益] 波浪大師,27
2019/10/26,[新聞] 微軟雲端擊敗亞馬遜 拿下五角大廈3千億1,22
2019/10/26,[請益] 中國地產泡沫對股市的影響性如何？,45
2019/10/26,Re: [新聞] 英特爾營收、獲利、財測全超市場預期 盤,2
2019/10/26,"[標的] 00637,00655,00633 逢高就空",8
2019/10/26,[新聞] 英特爾CPU代工 台積等著吃,45
2019/10/26,[新聞] 元大全球未來通訊ETF 10／28開募,13
2019/10/26,[新聞] 5奈米進度良好！14奈米CPU產能短缺 英特,47
2019/10/26,[新聞] 川普又砲轟聯準會 宣稱不降息就是失職,21
2019/10/26,[請益] 請問散戶用ViX ETF等做避險對沖的缺點?,19
2019/10/26,[公告] Rubio666 fredfred690 水桶一週,0
2019/10/26,[公告] The5F birdhair5566 警告一次,0
2019/10/26,[公告] aass5566 CCatcCC 警告一次,0
2019/10/26,[請益] 新興國家貨幣,10
2019/10/26,[公告] raymondhsu 水桶一個月,0
2019/10/26,Re: [新聞] 錢放銀行將死無葬身之地？謝金河：投資人,20
2019/10/26,[公告] bu1980 mashoko jay80306 警告一次,0
2019/10/26,[公告] fox1234 kaoneb okayboy 警告一次,0
2019/10/26,[公告] s106667 水桶10年,0
2019/10/26,[新聞] 四檔IC設計股 擁「三面優勢」法人看漲,19
2019/10/26,[公告] ppp123 td875421 警告一次,0
2019/10/26,[新聞] 美中貿易談判官員再通話 川普：進展順利,26
2019/10/26,[新聞] 英特爾衝鋒大漲 那斯達克100刷歷史新高,18
2019/10/26,[新聞] 萬泰科董事會決議買回庫藏股,1
2019/10/26,[新聞] 1708東鹼傳內線交易 檢調約談總座等5人,10
2019/10/25,[新聞] 英特爾營收、獲利、財測全超市場預期 盤,20
2019/10/25,[新聞] ARM 將繼續向華為提供晶片設計,6
2019/10/25,[標的] 2618 長榮航 空,21
2019/10/25,[其他] 108年10月25日信用交易統計,10
2019/10/25,[新聞] 信邦前三季EPS達6.22元 比去年全年還旺,0
2019/10/25,[其他] 今日財報,26
2019/10/25,[新聞] 錢放銀行將死無葬身之地？謝金河：投資人,7
2019/10/25,[新聞] 歐美10月PMI 美強歐弱,3
2019/10/25,[其他] 10/25 集中市場三大法人買賣超前30名,11
2019/10/25,[其他] 哲哲大回歸,23
2019/10/25,[其他] 10/25 店頭市場三大法人買賣超前20名,2
2019/10/25,[新聞] 中裕前三季每股虧損1.97元 終止TMB-607,11
2019/10/25,[新聞] 裕隆汽車再創佳績！台、法合資組裝Muses,7
2019/10/25,[新聞] 韓放棄開發中國家 投信：台股短期利多,25
2019/10/25,[其他] 2880華南金今天（49天）填息成功,50
2019/10/25,[新聞] 聯詠明年營運擁3利基 外資調升目標價至24,34
2019/10/25,[新聞] 華為Mate 30 4G版本叫好不叫座 零組件庫,14
2019/10/25,[標的] 6679 鈺太,26
2019/10/25,[新聞] 你賺到了嗎？股民今年平均賺46萬 2兆元銀彈還上膛,32
2019/10/25,[其他] 108年10月25日 三大法人買賣金額統計表,33
2019/10/25,Re: [請益] 股息公告1元，但入帳只有990為什麼,21
2019/10/25,[新聞] 旺宏料受惠NOR Flash報價走揚 美系外資,16
2019/10/25,[請益] 股息公告1元，但入帳只有990為什麼,41
2019/10/25,Re: [標的] 3048 益登,9
2019/10/25,[閒聊] 2019/10/25 盤後閒聊,23
2019/10/25,[新聞] 離岸風電財，官股行庫審慎觀望，民營金,12
2019/10/25,[標的] 劍麟 2228 短多,8
2019/10/25,[請益] 假如你看到一個好標的會用那種投資策略？,6
2019/10/25,[標的] 和大1536 想請問大家對它的看法,20
2019/10/25,Re: [請益] vix會不會真的清算投資人的財產,6
2019/10/25,[標的] 長榮航 2618,30
2019/10/25,[閒聊] 2019/10/25 盤中閒聊,99
2019/10/25,[請益] 富邦VIX明燈降臨？,35
2019/10/25,[新聞] 【國營肥貓3】技術員變總經理　年薪4百萬,73
2019/10/25,Re: [請益] 我該認賠出場嗎,6
2019/10/25,[標的] 台企銀 多,24
2019/10/25,[新聞] 歐洲央行宣布利率維持不變、11/1重啟QE,6
2019/10/24,Re: [請益] 有那種靠買賣股票賺波段就賺到生活費的嗎,8
2019/10/24,[標的] 2912 統一超 多  冰雪奇緣2概念股,5
2019/10/24,[標的] 1808潤隆,13
2019/10/24,[其他] 108年10月24日信用交易統計,24
2019/10/24,[新聞] 拉貨動能提升 被動元件股族群齊揚,5
2019/10/24,[新聞]波音停飛損失加劇 恐大幅裁員,13
2019/10/24,[標的] 南電8046 中長多,14
2019/10/24,[新聞]誠美材放棄參與昆山奇美增資案 喪失實質控制權,26
2019/10/24,Re: [請益] vix會不會真的清算投資人的財產,6
2019/10/24,[其他] 今日財報,15
2019/10/24,Re: [標的] 2515 中工,3
2019/10/24,Re: [標的] 2101南港 多,23
2019/10/24,[新聞] 全球未來50強企業 16家陸企上榜,0
2019/10/24,[新聞] 鴻海專注打造威州面板園區 創新中心計畫暫停,6
2019/10/24,[新聞] 9月證券劃撥餘額飆破2兆元創高 央行：散9,18
2019/10/24,[請益] 這波大多頭會到什麼時候？,54
2019/10/24,[新聞] 文曄併宣昶爆內線交易 檢調搜索15處、約,28
2019/10/24,[新聞] 中鋼9月稅前盈餘9.53億元 衰退逾七成,12
2019/10/24,[標的] 2101南港 多,8
2019/10/24,[新聞] 〈旺宏法說〉Q4 ROM營收將減少 看好明年1,31
2019/10/24,[新聞] 台股攻高後 法人：可留意個股逢低承接,3
2019/10/24,[心得] 鄉民總經觀察10 - 房產套現中,32
2019/10/24,[標的] 4107 邦特  東南亞洗腎概念股,19
2019/10/24,Re: [心得] 大盤10月轉倉,27
2019/10/24,[請益] 為何追蹤偏離度差這麼大,8
2019/10/24,[其他] 108年10月24日 三大法人買賣金額統計表,58
2019/10/24,[新聞] 賽靈思Q3 全年財測低於預期 盤後股價跌2%,2
2019/10/24,Re: [新聞] 股民均賺46萬？台股創29年新高 市值年增,7
2019/10/24,[新聞] 網通拉貨力道強 南電第4季業績估小幅成長,11
2019/10/24,[閒聊] 2019/10/24 盤後閒聊,69
2019/10/24,Re: [標的] 上證指數，A50指 單瓢縷空,4
2019/10/24,Re: [標的] 3105穩懋,35
2019/10/24,[標的] 2239 英利-KY,12
2019/10/24,[新聞] 外資觀點：美系外資看好聯發科4G及5G市佔,1
2019/10/24,[新聞] 全球EV市場低迷下，南韓卻逆勢成長、歐,7
2019/10/24,[新聞] 股民均賺46萬？台股創29年新高 市值年增,100
2019/10/24,[新聞] 經濟部：全年外銷接單難正成長 年底仍有,11
2019/10/24,[閒聊] 2019/10/24 盤中閒聊,100
2019/10/24,[新聞] 財星未來50強 寧德時代稱霸陸企,7
2019/10/24,[新聞] 誠美材明暫停交易　有重大消息待公布,26
2019/10/23,Re: [請益] 這些人為何不能玩股票？,27
2019/10/23,Re: [請益] 台北房地產獲利比台股表現還好??,0
2019/10/23,[標的] 4908前鼎-多,6
2019/10/23,[標的] 3533 嘉澤 多,0
2019/10/23,[其他] 108年10月23日信用交易統計,15
2019/10/23,[新聞] 〈金管會立院備詢〉生前契約恐成金融業大,18
2019/10/23,[請益] 買穩定配股利的股票是否比較不會賠,20
2019/10/23,[請益] 有盈餘但不配息,33
2019/10/23,Re: [標的] 2633 高鐵 還有搞頭嗎??,13
2019/10/23,Re: [新聞] 廣州廠近百億欠款爭議　鴻海72小時滅火,32
2019/10/23,[新聞] 彭博：騰訊成長失速 恐突破支撐線,8
2019/10/23,[新聞] 元大金出資26.18億 收購元大投信剩餘股權,4
2019/10/23,[其他] 10/23 集中市場三大法人買賣超前30名,8
2019/10/23,[新聞] 高鐵東延估花955億 南港到宜蘭13分鐘,39
2019/10/23,[新聞] 穩懋5G PA拉貨旺 外資喊買進,20
2019/10/23,[其他] 10/23 店頭市場三大法人買賣超前20名,2
2019/10/23,Re: [標的] 1227佳格,6
2019/10/23,[新聞] 遠距醫療再次成為市場注目的焦點、至2025,0
2019/10/23,[新聞] 《基金》元大高股息ETF今除息，爆歷史新,17
2019/10/23,[標的] 雍智科技6683 多,14
2019/10/23,[標的] 6257 矽格,11
2019/10/23,[標的] 2506 太平洋建設 多,32
2019/10/23,[標的] 1444力麗（多）,6
2019/10/23,[新聞] 保險業愛買美債 IMF示警,14
2019/10/23,[新聞] 壽終正寢 香港保安局長宣布撤回「逃犯條,0
2019/10/23,Re: [請益] 台北房地產獲利比台股表現還好??,8
2019/10/23,[標的] 2330 台積電,41
2019/10/23,[新聞] 光碟機限制價格反托拉斯訴訟乙案，廣明,2
2019/10/23,[新聞] 凱投宏觀：美股多頭請小心 油價已亮股市,12
2019/10/23,Re: [請益]  請問為何台積電ADR和現股溢價差這麼大??,3
2019/10/23,Re: [標的] 2633 高鐵 還有搞頭嗎??,57
2019/10/23,[請益] 台北房地產獲利比台股表現還好??,17
2019/10/23,[標的] 晶電2448 多,24
2019/10/23,[請益] 投資觀念,16
2019/10/23,[其他] 108年10月23日 三大法人買賣金額統計表,45
2019/10/23,[新聞] IC設計旺季點火 聯詠突破200元,27
2019/10/23,[閒聊] 2019/10/23 盤後閒聊,20
2019/10/23,[新聞] 美國法院判須賠惠普53.83億 廣明回應了,22
2019/10/23,[新聞] 台船環海與海龍風電合作，拿下台首件大型,0
2019/10/23,Re: [請益] 為什麼有些散戶會說要扣掉台積電？,15
2019/10/23,Re: [請益] 想訂閱文章詢問推薦,21
2019/10/23,[新聞] USCBC：美企正在為美中長期「對抗關係」,4
2019/10/23,[新聞] 小摩：流動性問題未解 美國貨幣市場壓力,0
2019/10/23,[請益] 為什麼有些散戶會說要扣掉台積電？,16
2019/10/23,[請益]  請問為何台積電ADR和現股溢價差這麼大??,27
2019/10/23,Re: [請益] 想訂閱文章詢問推薦,25
2019/10/23,[新聞] 台股創29年新高 蘇貞昌：大家看好台灣！,100
2019/10/23,Re: [請益] 永遠不會看錯趨勢的投顧兄弟,5
2019/10/23,[閒聊] 2019/10/23 盤中閒聊,99
2019/10/23,[新聞] 個股：中環7/24～10/22處分台灣高鐵股票8,6
2019/10/23,[新聞] 日月光產學研發 14件研發專案成果亮眼,7
2019/10/23,[標的] 3661世芯-KY 一日多,12
2019/10/23,[請益] 想訂閱文章詢問推薦,7
2019/10/23,Re: [標的] INMD,4
2019/10/23,[標的] 6278 台表科 多:),26
2019/10/22,[新聞] 鴻海印度廠 iPhone XR出貨,19
2019/10/22,[請益] 集合競價的問題,7
2019/10/22,[新聞] 旺季訂單到 茂達Q4回溫,7
2019/10/22,Re: [請益] 歷史高點 民眾生活?,30
2019/10/22,[新聞] 傳北京向相關業者發布 進口美國黃豆免徵,14
2019/10/22,[新聞] 國泰投信：公司電腦中毒關閉網路 明天恢,8
2019/10/22,[標的] INMD,7
2019/10/22,[新聞] 台灣VS.美國5G ETF 這點有優勢！,9
2019/10/22,[其他] 108年10月22日信用交易統計,16
2019/10/22,Re: [心得] 特別股投資報酬率,5
2019/10/22,Re: [請益] 關於「股票操作」幫忙翻譯翻譯？,3
2019/10/22,[其他] 10/22 集中市場三大法人買賣超前30名,3
2019/10/22,Re: [標的] 精材3374 空,15
2019/10/22,[新聞] 美國銀行加入券商大戰 將為優選會員提供,6
2019/10/22,[其他] 10/22 店頭市場三大法人買賣超前20名,0
2019/10/22,"[新聞] 美對陸3,000億美元徵稅清單產品 啟動排",4
2019/10/22,[標的] 8028 昇陽半導體 (多),8
2019/10/22,[新聞] 麥肯錫警告：若再爆金融危機 全球1/3銀,28
2019/10/22,[其他] 美國將開始接受關稅豁免申請，可追溯退稅,2
2019/10/22,[新聞] 納智捷新品搶市 裕隆集團進補,7
2019/10/22,[新聞] 台積電神龍擺尾！ 台股收11271.25 點 寫,13
2019/10/22,Re: [新聞] 財長：暫不推動囤房稅,20
2019/10/22,[新聞] 台商新南向最佳戰友 財長向政院公開喊話挺輸銀增資,82
2019/10/22,[新聞] 台股創29年新高 法人：建議投資人不要追,61
2019/10/22,[新聞] ABF需求缺口增大，法人看好南電未來營運,14
2019/10/22,Re: [標的] 4968 立積,4
2019/10/22,[其他] 108年10月22日 三大法人買賣金額統計表,61
2019/10/22,[新聞] 台股收盤11271點 創29年多來新高,73
2019/10/22,[閒聊] 2019/10/22 盤後閒聊,46
2019/10/22,[請益] 新手投資績效不錯 是否該增加本金,59
2019/10/22,Re: [新聞] 財長：暫不推動囤房稅,7
2019/10/22,Re: [新聞] 財長：暫不推動囤房稅,34
2019/10/22,[新聞] 聯發科5G SoC布局，7奈米及6奈米陸續於20,11
2019/10/22,Re: [新聞] 財長：暫不推動囤房稅,46
2019/10/22,[新聞] 財長：暫不推動囤房稅,0
2019/10/22,[閒聊] 2019/10/22 盤中閒聊,100
2019/10/22,[新聞] 宏達電區塊鏈手機推平價版 挹注第4季動能,22
2019/10/22,Re: [標的] 立積 空,1
2019/10/22,[標的] 立積4968 多多多,1
2019/10/21,[公告] Csir fragile8G UltraSeven winro1977,0
2019/10/21,[其他] 大家幾歲開始買賣股票??,100
2019/10/21,Re: [新聞] 科技、負利率擴大貧富差距 谷月涵對經濟,25
2019/10/21,[新聞] 科技、負利率擴大貧富差距 谷月涵對經濟,19
2019/10/21,[其他] 108年10月21日信用交易統計,6
2019/10/21,[標的] 2884 玉山金 大利多,0
2019/10/21,[新聞] 台股飆向12682後泡沫 老謝憶「台灣經濟鬼混」源頭,3
2019/10/21,[新聞] 美商務部長羅斯：下月不見得會簽美中貿易,20
2019/10/21,[新聞]華為提油救火，退守中國恐陷雙輸危局,7
2019/10/21,Re: [新聞] 【嘴巴抵制錢照掏】iPhone 11中國需求暴,9
2019/10/21,[請益] 沒有電腦時代的證券市場,21
2019/10/21,Re: [請益] 買錯股票了...,24
2019/10/21,[新聞] 期信ETF 訂下市規則,4
2019/10/21,[請益] 泡沫末段是資產股還是老牛股？,21
2019/10/21,Re: [請益] 富邦 VIX 已經溢價接近 20% 的原因?,31
2019/10/21,Re: [請益] 買錯股票了...,81
2019/10/21,[新聞] 台積電 7 奈米強化還不夠，5 奈米強化連,34
2019/10/21,[請益] 請問法說會對股價的影響,19
2019/10/21,[新聞] 中國雞蛋期貨漲停,10
2019/10/21,[新聞] 外商來台綠能撈金》雲豹子公司兆洋才標下,8
2019/10/21,[新聞] 晶片產能過剩議題，三星電子新廠啟用陷入,6
2019/10/21,[新聞] 小英參訪日月光 「台灣最適半導體投資」,19
2019/10/21,Re: [請益] 關於0056做價差這件事,14
2019/10/21,[其他] 108年10月21日 三大法人買賣金額統計表,46
2019/10/21,[閒聊] 2019/10/21 盤後閒聊,23
2019/10/21,[新聞] 旺宏本周法說 法人關注三大重點,8
2019/10/21,Re: [請益] 未上市股票怎麼買,12
2019/10/21,[新聞] 全球汽車製造商開發電動車、更要生產自家,16
2019/10/21,[請益] 未上市股票怎麼買,17
2019/10/21,[新聞] 「蘋果CEO」任職北京清華大學！　庫克成,34
2019/10/21,[請益] 融券一些問題,6
2019/10/21,[標的] 2515 中工,0
2019/10/21,Re: [標的] 2607 榮運（長多）,5
2019/10/21,[新聞] 45歲立志學傻瓜投資法 大學教授「存股」,30
2019/10/21,[新聞] 買台積為何賺不到？老謝揭散戶致命錯誤,12
2019/10/21,[閒聊] 2019/10/21 盤中閒聊,100
2019/10/21,[新聞] 韓手機指紋辨識出包 拖累台廠,37
2019/10/21,[新聞] 0056二次公告配息維持1.8元 殖利率6.2%,16
2019/10/21,[新聞] 美裁定中國製床墊存在傾銷 徵稅最高17倍,7
2019/10/20,[新聞] 我對中投資占比 創19年新低,6
2019/10/20,Re: [標的] 國內有做冷凍蔬菜的概念股嗎?,6
2019/10/20,[標的] 上證指數，A50指 空軍的人權所在地,6
2019/10/20,[新聞] 與美立場相左，德國將允許採用華為 5G 設備,0
2019/10/20,Re: [標的] 2475 華映,18
2019/10/20,[心得] 金融股看法,68
2019/10/20,[新聞] 東區門戶計畫人氣狂飆 商辦股迎黃金10年,11
2019/10/20,[新聞] 【嘴巴抵制錢照掏】iPhone 11中國需求暴,68
2019/10/20,[新聞] 《其他股》外資續加碼，寶成創高價,15
2019/10/20,[新聞] 受貿易戰波及 海康威視前三季淨利增速溜,10
2019/10/19,[請益] 石油 逆價差,25
2019/10/19,[新聞] 5G帶動產業價值升級，台半導體後市看佳,18
2019/10/19,[新聞] （Daily Issue）突破14奈米拉開序幕 中,41
2019/10/19,[標的] 國內有做冷凍蔬菜的概念股嗎?,55
2019/10/19,[公告] cute320518 fancoke 警告一次,0
2019/10/19,"[請益] 台灣未來會能成立私募基金,對沖基金嗎？",37
2019/10/19,[公告] Rubio666 h49072002 AAOC01 警告一次,0
2019/10/19,[公告] airwaves0612 水桶一個月,0
2019/10/19,[公告] yata4547 raugeon anthony10605 水桶10年,0
2019/10/19,[公告] wensandra lovehandle Saver20 警告一次,0
2019/10/19,[公告] nbarepeat memory168 水桶一週,0
2019/10/19,[公告] gxalinr1211 Alfief k91011022 警告一次,0
2019/10/19,[公告] hahagirls likelibra Paul1021 警告一次,0
2019/10/19,[新聞] 貿易戰休兵 陸A50創高突破壓力區間,8
2019/10/19,Re: [請益] 如何抱到漲一倍,27
2019/10/19,[新聞] 台積電投資增4成不是重點！ 美作家驚這,51
2019/10/19,[新聞] 酣睡30年資產股翻身？謝金河：台灣價值,2
2019/10/19,[新聞] 美國券商大戰升級：嘉信理財將允許購買,12
2019/10/19,[新聞]   2020年IT顯示器面板恐淪,12
2019/10/19,Re: [標的] 宇智6470（多）,8
2019/10/19,Re: [請益] 如何抱到漲一倍,29
2019/10/19,[新聞] 美關稅大刀開鍘 歐盟：別無選擇只能報復,22
2019/10/19,Re: [標的] 8210 勤誠 (資料中心概念股) 大家怎麼看,14
2019/10/19,[請益] 關於借券賣出,3
2019/10/19,[新聞] 港對沖基金 Q3失血十年最大,4
2019/10/18,[新聞] 玉晶光現增案11/4除權交易 下月底前完成,12
2019/10/18,[新聞] 三星坦承Galaxy S10指紋辨識大缺陷 保護,48
2019/10/18,[請益] 非該科系的對科技產業都很熟悉嗎?,13
2019/10/18,[其他] 108年10月18日信用交易統計,7
2019/10/18,Re: [標的] 2105正新 多,27
2019/10/18,[其他] 10/18 集中市場三大法人買賣超前30名,6
2019/10/18,[其他] 10/18 店頭市場三大法人買賣超前20名,3
2019/10/18,[新聞] 區塊鏈於醫藥五方向應用...產業邁大步,4
2019/10/18,[新聞] 全家新服務 開戶、戶籍謄本複本申請到超,37
2019/10/18,Re: [請益] 目前金融股哪個適合買,16
2019/10/18,[新聞] 0056二次公告配息維持1.8元 殖利率6.2%,18
2019/10/18,[新聞] 盟立營運 下季回溫,13
2019/10/18,[新聞] 台北車站雙子星大樓開發案 確定由藍天團,63
2019/10/18,[標的] 3537堡達,9
2019/10/18,[其他] 108年10月18日 三大法人買賣金額統計表,36
2019/10/18,[閒聊] 2019/10/18 盤後閒聊,48
2019/10/18,[請益] 富櫃200與散戶持股連動程度？,2
2019/10/18,[新聞] 《汽車股》裕隆城只先蓋商場，裕隆小失望,8
2019/10/18,[請益] 發行後即上櫃,8
2019/10/18,[標的] 3008大立光 鷹擊長空,13
2019/10/18,[標的] 新鉅科 多,7
2019/10/18,[新聞] 為何波克夏緊握現金？專家：觀察巴菲特,60
2019/10/18,[新聞] 貿易利多公布前總有人大買期指 川普遭指,20
2019/10/18,[新聞] 陸廠限產 台塑受惠,3
2019/10/18,[標的] 2330 台積電,100
2019/10/18,Re: [標的] 光阻劑廠 長興 永光,3
2019/10/18,Re: [心得] 少子化是長期投資的未爆彈,6
2019/10/18,[新聞] 有詭？川普發言 讓美股期指買家單日海撈1,25
2019/10/18,[新聞] 台船潛艦園區擬設基隆廠 就業機會將增萬,5
2019/10/18,[標的] 6414 樺漢 短多,8
2019/10/18,[請益] 請問台積電重大訊息的問題,10
2019/10/18,Re: [心得] 少子化是長期投資的未爆彈,16
2019/10/18,[新聞] 亞銳士台中推案30億,33
2019/10/18,Fw: [新聞] 中國驚呆了！美國「追討清朝1兆美元債券,23
2019/10/18,[標的] 8905 裕國,5
2019/10/18,[閒聊] 2019/10/18 盤中閒聊,100
2019/10/18,[新聞] 8月經常性薪資4萬2135元 年增2.22%,34
2019/10/18,[新聞] 茂達全年估賺半個股本,9
2019/10/18,[新聞] 星戰原力加持 閱文股價飆升,11
2019/10/17,[新聞] 玉晶光上市來第2度現增案生效 擬籌資35,8
2019/10/17,[請益] 定存股分配比例,19
2019/10/17,[新聞] 民以食為天！美國1-8月出口至中國豬肉數,26
2019/10/17,[新聞] 保費明年要漲了 顧立雄：責任準備金利率,6
2019/10/17,[其他] 108年10月17日信用交易統計,10
2019/10/17,[新聞] 中國寬鬆救市 人行突釋金8770億,14
2019/10/17,[標的] 志豐,17
2019/10/17,[標的] 2106建大 多,17
2019/10/17,[新聞] 資產、營建四面出擊 股價飆,11
2019/10/17,[心得] 鄉民總經觀察09 - 停戰≠落底,47
2019/10/17,[心得] 群X證券申購退款、交割及申購扣款順序,12
2019/10/17,[標的] 6213 聯茂 短多長多,12
2019/10/17,[標的] 多軍都轉虧為盈了？持股請益,7
2019/10/17,[新聞] 陸股基金今年來漲逾2成 布局不嫌晚,0
2019/10/17,[新聞] 鴻海爆量漲近3% 台股衝上今年新高點,14
2019/10/17,[新聞] 國產車進口車死亡交叉！,14
2019/10/17,[新聞]外資連4買湧入逾380億 創1個半月最多 台股,6
2019/10/17,[新聞] 「吹哨人」假正義真脫罪？！顧立雄一席,10
2019/10/17,[新聞] 三商美邦人壽公佈108年前三季自結財報,51
2019/10/17,[新聞] 成長擋不了！台積電 2019 年第 3 季營收,33
2019/10/17,Re: [新聞] 大陸市場豐收，亞泥全年獲利上看200億,8
2019/10/17,[新聞] 大陸市場豐收，亞泥全年獲利上看200億,3
2019/10/17,[標的] 2498 宏達電 多,17
2019/10/17,[新聞] 大宇資大陸新遊戲重新啟動 第4季營運看俏,9
2019/10/17,[新聞]姆欽：美中在確定初步協議文本 含知識產權,9
2019/10/17,[新聞] 台積資本支出上修約40%到140～150億,23
2019/10/17,Re: [新聞] 不動產是經濟火車頭？ 黃國昌：金權政治,17
2019/10/17,[請益] 富邦VIX會倒多少人part7,34
2019/10/17,"Re: [新聞] 台積電Q3獲利1,010.7億元 每股賺3.9元",28
2019/10/17,[其他] 108年10月17日 三大法人買賣金額統計表,41
2019/10/17,[請益] 美股是不是完全沒在鳥淨資產？,6
2019/10/17,"[新聞] 台積電Q3獲利1,010.7億元 每股賺3.9元",57
2019/10/17,[閒聊] 2019/10/17 盤後閒聊,25
2019/10/17,[新聞] 台積電法說〉Q3純益季增逾5成 每股賺3.9,22
2019/10/17,[標的] 5876上海商銀,26
2019/10/17,Re: [灑花] 股票賺了40267元，可以買愛瘋11了嗎？,20
2019/10/17,[新聞] 9月外儲暴跌 專家：資金加速撤離中國大陸,9
2019/10/17,Re: [標的] 1402 遠東新世紀,16
2019/10/17,[新聞] 美凍結18名涉嫌操縱市場者資產 多人位於,12
2019/10/17,[標的] 3189 景碩,28
2019/10/17,[新聞] 永豐挺太陽能 助建置3000座電廠 下一步攻潔能、儲能,19
2019/10/17,[新聞] 資深經濟師：台商回流政策奏效 台灣成貿,14
2019/10/17,Re: [新聞] 不動產是經濟火車頭？ 黃國昌：金權政治,1
2019/10/17,[請益] 富邦 VIX 已經溢價接近 20% 的原因?,38
2019/10/17,[新聞] 台燿出包 Google伺服器鏈大亂,26
2019/10/17,[閒聊] 2019/10/17 盤中閒聊,100
2019/10/17,[其他] 被嗆是公關公司的怎麼辦？ QQ,23
2019/10/17,[新聞] 裕隆代工法國 Muse 電動物流車，明年第 3,16
2019/10/17,[新聞] 面板產業供過於求 仁寶認賠出脫群創4.5萬,11
2019/10/17,[新聞] 知識付費第一股 羅輯思維擬登科創板,21
2019/10/17,[新聞] 川普：「川習會」之前 我可能不會與中國,4
2019/10/17,Re: [新聞] 不動產是經濟火車頭？ 黃國昌：金權,7
2019/10/17,[新聞] 中共又變卦？傳購500億美國農產品添加苛,20
2019/10/17,[請益] 台積電的折舊年限有人知道分幾年嗎?,3
2019/10/16,[新聞] 或安撫初步協議疑憂 中國公布購買美農產,12
2019/10/16,Re: [請益] 台灣人美股股利是否有機會不扣30%?,8
2019/10/16,Re: [新聞] 不動產是經濟火車頭？ 黃國昌：金權政治,19
2019/10/16,[其他] 108年10月16日信用交易統計,8
2019/10/16,[公告] geminitw 水桶一個月,0
2019/10/16,[心得] 大盤10月轉倉,43
2019/10/16,[公告] bonus668 Romeo5566 obey1110 警告一次,0
2019/10/16,Re: [心得] 少子化是長期投資的未爆彈,-10
2019/10/16,[公告] eachen z83172000 liveforhappy 水桶一週,0
2019/10/16,[公告] Tapqou blademaster tom60303000 警告一次,0
2019/10/16,[其他] 10/16 集中市場三大法人買賣超前30名,9
2019/10/16,[其他] 10/16 店頭市場三大法人買賣超前20名,2
2019/10/16,[新聞] 歐元區通膨率意外下修 觸及近三年低點,1
2019/10/16,[請益] 台灣人美股股利是否有機會不扣30%?,8
2019/10/16,[心得] 少子化是長期投資的未爆彈,33
2019/10/16,Fw: [新聞] 黃國昌領銜 「居住正義改革聯盟」明成立,15
2019/10/16,[標的] 3048 益登,18
2019/10/16,Re: [新聞] 不動產是經濟火車頭？ 黃國昌：金權政治,17
2019/10/16,[新聞] F16戰機升級傳延宕 國防部長嚴正駁斥,2
2019/10/16,[請益] 野村的雷曼式 到底誰獲利？,14
2019/10/16,[新聞] 美銀調查：逾4成基金經理人認同 美中貿1,3
2019/10/16,[新聞] 蘋果發展無線充電 台廠利多,17
2019/10/16,[新聞] 康寧在台韓兩地控告安瀚視特，侵犯LCD玻,7
2019/10/16,[新聞] 美銀：「股六債四」的投資鐵律該結束了,18
2019/10/16,Re: [新聞] 不動產是經濟火車頭？ 黃國昌：金權政治,7
2019/10/16,Re: [新聞] 不動產是經濟火車頭？ 黃國昌：金權政治,0
2019/10/16,[新聞] 前8月刷卡量衝2兆元 玉山包辦第3季發卡王,18
2019/10/16,[新聞] 宏達電專利訴訟不斷　美國ITC啟動337調查,5
2019/10/16,Re: [新聞] 不動產是經濟火車頭？ 黃國昌：金權政治,0
2019/10/16,Re: [新聞] 不動產是經濟火車頭？ 黃國昌：金權政治,1
2019/10/16,Re: [新聞] 不動產是經濟火車頭？ 黃國昌：金權政治,15
2019/10/16,[新聞] 華為發布三季報 營收增長24.4% 手機出貨1.85億臺,0
2019/10/16,[其他] 108年10月16日 三大法人買賣金額統計表,46
2019/10/16,[新聞] 中國紫光集團未來10年投資8000億元於3D N,29
2019/10/16,Re: [新聞] 不動產是經濟火車頭？ 黃國昌：金權政治,34
2019/10/16,[閒聊] 2019/10/16 盤後閒聊,61
2019/10/16,[新聞] 懼美國退出萬國郵聯 北京同意明年漲郵費,12
2019/10/16,[新聞] 宏碁旗下酷碁攜手教宗 推「智慧玫瑰念珠,19
2019/10/16,[新聞] 橘子與台灣角川結盟 成立我傳媒WalkerMed,8
2019/10/16,[標的] 8358金居 長期多,39
2019/10/16,[新聞] 9月投信基金規模3兆6951億 連6個月創新,3
2019/10/16,Re: [新聞] 不動產是經濟火車頭？ 黃國昌：金權政治,10
2019/10/16,Re: [新聞] iPhone新機銷售佳，玉晶光Q4有看頭,6
2019/10/16,[新聞] 永豐金何家固樁 加碼自家股,3
2019/10/16,[新聞] 中國開放外資經營期貨經紀商,0
2019/10/16,[標的] 1215 卜蜂 多,42
2019/10/16,[新聞] 力晶布局重返上市,32
2019/10/16,[閒聊] 2019/10/16 盤中閒聊,95
2019/10/16,Re: [新聞] 不動產是經濟火車頭？ 黃國昌：金權,9
2019/10/16,Re: [新聞] 不動產是經濟火車頭？ 黃國昌：金權政治,2
2019/10/16,[新聞] 美調升土鋼品關稅 亞洲鋼市恐遭池魚之殃,3
2019/10/16,[新聞] 波克夏老股東脫手3億股票 嗆巴菲特「還在,23
2019/10/16,Re: [新聞] 不動產是經濟火車頭？ 黃國昌：金權政治,0
2019/10/16,[新聞] 新台幣持續升值，代工廠積極避險,5
2019/10/16,Re: [新聞] 不動產是經濟火車頭？ 黃國昌：金權政治,6
2019/10/16,[新聞] 股神不夠神 波克夏長期大股東拋售持股,21
2019/10/15,Re: [標的] 元大石油正二 多,13
2019/10/15,[新聞] iPhone新機銷售佳，玉晶光Q4有看頭,8
2019/10/15,Re: [新聞] 不動產是經濟火車頭？ 黃國昌：金權政治,-10
2019/10/15,[新聞]超羨慕！勞退帳戶有千萬元 一年就分紅80萬,33
2019/10/15,[新聞] 曾派發100元股利！全銓宣布將下市,18
2019/10/15,[其他] 108年10月15日信用交易統計,23
2019/10/15,[新聞] 逾4兆元被偷搬到海外！中國「隱形資金」,10
2019/10/15,[其他] 10/15 店頭市場三大法人買賣超前20名,0
2019/10/15,[標的] 良維6290多,11
2019/10/15,[新聞] 不動產是經濟火車頭？ 黃國昌：金權政治,100
2019/10/15,[新聞] 大陸9月CPI上漲3% 豬肉價格大漲近七成,15
2019/10/15,[新聞] 永豐銀Safe了 金管會發三點聲明打臉立委,24
2019/10/15,[新聞] WSA：除中國外，今年全球鋼鐵需求停滯,2
2019/10/15,[新聞] 中鋼營運回溫 恐等到明年,9
2019/10/15,[請益] 請問盤中即時選股軟體或網站?,8
2019/10/15,[標的] 台積電ADR發行量問題,6
2019/10/15,[其他] 108年10月15日 三大法人買賣金額統計表,19
2019/10/15,[新聞] 大陸9月進出口超預期雙降,8
2019/10/15,[閒聊] 2019/10/15 盤後閒聊,91
2019/10/15,[標的] 2748雲品,9
2019/10/15,[新聞] 全球MCU微處理器將從2020年反彈，至2023,3
2019/10/15,[新聞] 房市／買房風潮再現？　房貸成數衝上9年,55
2019/10/15,Re: 3673 TPK-KY 多,11
2019/10/15,[新聞] 紅色警戒 陸企挖角記憶體人才,11
2019/10/15,[新聞] 金管會新規定困擾金融業經營權之爭 立委,21
2019/10/15,[新聞]  彭博：簽署第一階段貿易協議前 北京想再,21
2019/10/15,[標的] 3611鼎翰,8
2019/10/15,[新聞] 全球百大數位企業大洗牌！台灣從6家掉到,18
2019/10/15,[新聞] 翻一樁舊案來算帳？　3大爭點看永豐金大,3
2019/10/15,[新聞] 《半導體》台積電領頭衝，花旗喊上364元,42
2019/10/15,[新聞] 5G將成為2020年半導體營收復甦的關鍵力量,3
2019/10/15,[新聞] 台積電迎接法說會 股價創新高,22
2019/10/15,[標的] 2607 榮運（長多）,3
2019/10/15,[新聞] 台積電股價衝293.5元新高 市值攀7.61兆元,23
2019/10/15,[新聞] 又見0.28字頭！日圓換匯5個月來最便宜,6
2019/10/15,[新聞] 國慶連假百貨周年慶發威 中壢大江業績成,9
2019/10/15,Re: 3673 TPK-KY 多,9
2019/10/15,[標的] 1109 信大 多,13
2019/10/15,Re: [標的] 4968 立積,12
2019/10/15,[閒聊] 2019/10/15 盤中閒聊,100
2019/10/15,[新聞] 大尺寸面板止跌 面板雙虎齊力上攻,23
2019/10/15,[新聞] 華為有望解禁 6檔概念股蓄勢衝,2
2019/10/15,[分享] 一些名人的投資組合比例,15
2019/10/14,[請益] 買00632R反一  是不是風險hen大?,15
2019/10/14,[其他] 光伏發電技術巨頭華為通過全球最難標準,0
2019/10/14,Fw: 投資美股零距離 掌握美國那斯達克100期貨藏寶圖,0
2019/10/14,Fw: [情報] 交易人期貨及選擇權課程,1
2019/10/14,[標的] 3217 優群,27
2019/10/14,[其他] 108年10月14日信用交易統計,23
2019/10/14,[請益] 免費投資分享會，該如何推廣效果才好？,5
2019/10/14,[請益] 關於放空的問題,7
2019/10/14,[心得] 作台股要看費半嗎？費城半導體指數介紹,37
2019/10/14,Re: [標的] 5299 杰力  被低估的好公司,6
2019/10/14,[新聞] 我國競爭力與德、美並列全球第四　蘇貞昌,20
2019/10/14,Re: [標的] 1722台肥 多,16
2019/10/14,[新聞] 中鋼9月營收跌破300億 示警看不到反彈信,30
2019/10/14,[新聞] 郭明錤：iPhone SE2將現換機潮 看好台積,10
2019/10/14,Re: [請益] 敦南被併購後下市股票怎麼辦?,0
2019/10/14,[新聞] 利多加持 矽力、致新添動能,2
2019/10/14,Re: [標的] 4968 立積,12
2019/10/14,[請益]華研(8446)在財報前就有盈餘資料新聞??,3
2019/10/14,[請益] 員工人數成長率是好的選股指標嗎？,10
2019/10/14,[新聞] 三星顯示器將投資13.1兆韓圜建造下一代,15
2019/10/14,[標的] 3008大立光 人去樓空,3
2019/10/14,[新聞] 中共封殺NBA 大陸民企損失知多少,21
2019/10/14,Re: [標的] 2633 高鐵 還有搞頭嗎??,12
2019/10/14,[標的] 5299 杰力  被低估的好公司,13
2019/10/14,Fw: [其他] 108年10月14日 三大法人買賣金額統計表,35
2019/10/14,[標的] 2881 富邦金 長多,19
2019/10/14,[新聞] 美中貿易談判達成第一階段，中國採購美,8
2019/10/14,[閒聊] 2019/10/14 盤後閒聊,41
2019/10/14,Re: [標的] 2633 高鐵 還有搞頭嗎??,12
2019/10/14,[新聞] 永豐銀員工下班從金庫搬錢救董未開罰 顧,26
2019/10/14,[新聞] 助監控新疆黑名單中企 竟得標台電電廠人,10
2019/10/14,Re: [標的] 4968 立積（+16%報酬）,17
2019/10/14,[標的] 精材3374 空,10
2019/10/14,[新聞] WSJ:貿易不確定性壟罩著全球成長的前景,11
2019/10/14,Re: [標的] 元大石油正二 多,25
2019/10/14,Re: [新聞] 貿易戰暫停火 一文看懂美中談判14要點,9
2019/10/14,[新聞] 貿易戰暫停火 一文看懂美中談判14要點,31
2019/10/14,[新聞] 台積電還能買嗎？八外資財測全都露,36
2019/10/14,Re: [標的] 宏捷科 8086 （+45%報酬）,47
2019/10/14,Re: [標的] 海韻電 6203,11
2019/10/14,[閒聊] 2019/10/14 盤中閒聊,100
2019/10/14,"Re: [新聞] 美中達初步協議 2,500億美元陸貨暫不加稅",3
2019/10/14,Re: [新聞] 劉鶴正赴美「敲定協議」 川普推文讓美股,1
2019/10/14,[標的] 4968 立積,7
2019/10/14,"Re: [新聞] 美中達初步協議 2,500億美元陸貨暫不加稅",8
2019/10/13,"Re: [新聞] 美中達初步協議 2,500億美元陸貨暫不加稅",3
2019/10/13,[新聞] 飆股的故事／國產資產活化 利益衝百億,4
2019/10/13,Re: [請益] 券商手續費要怎麼談啊？,5
2019/10/13,"Re: [新聞] 美中達初步協議 2,500億美元陸貨暫不加稅",14
2019/10/13,[標的] 上證指數，A50指 單瓢縷空,10
2019/10/13,[心得] 價值投資的好處,44
2019/10/13,[請益] 股票研究相關工具推薦(mac),5
2019/10/13,Re: [標的] 6411晶焱 多,16
2019/10/13,[新聞] 澳門金管局：在澳門建立證券市場仍處於,15
2019/10/13,[新聞] 15檔美中停戰受惠股 領漲強棒,8
2019/10/13,[新聞] 10月來外資買超萬張就這13檔 收假後快卡,5
2019/10/13,Re: [新聞] 每月達600億美元 Fed宣布將啟動購債計畫,4
2019/10/13,[新聞] 蔡總統：離岸風電帶來新能源、新商機、新就業三契機,12
2019/10/13,Re: [新聞] 每月達600億美元 Fed宣布將啟動購債計畫,6
2019/10/13,[新聞] 配息績優生 抱愈久賺愈多,33
2019/10/13,Re: [新聞] 每月達600億美元 Fed宣布將啟動購債計畫,5
2019/10/13,"Re: [新聞] 美中達初步協議 2,500億美元陸貨暫不加稅",27
2019/10/13,[新聞] CME推出人民幣計價黃金期貨 上海金,2
2019/10/13,[新聞] 自吹簽成史上最棒貿易協議 川普：農人發,28
2019/10/13,[請益] 請問在台灣成立投資公司的好處?,5
2019/10/13,"[新聞] 美中達初步協議 2,500億美元陸貨暫不加稅",42
2019/10/13,[新聞] 國際金融協會：中國上半年隱性走資創新高,6
2019/10/13,[請益] 請問如何算？一直算不出市值,5
2019/10/12,Re: [新聞] 法說前外界看好台積電Q4營運,19
2019/10/12,Re: [新聞] 金額破兆 對台投資荷蘭第一,27
2019/10/12,[新聞] 台灣權王－DRAM回溫 南亞科、華邦喜沾光,16
2019/10/12,[其他] 大家手中股票最多持有幾年了,46
2019/10/12,[請益] 券商手續費要怎麼談啊？,100
2019/10/12,Re: [心得] 1967~2018 台股大盤市場報酬,16
2019/10/12,Re: [請益] 該如何分散風險?,24
2019/10/12,[請益] 該如何分散風險?,23
2019/10/12,Re: [請益] 現在萬點算高點嗎?,5
2019/10/12,Re: [新聞] 每月達600億美元 Fed宣布將啟動購債計畫,51
2019/10/12,Re: [新聞] 每月達600億美元 Fed宣布將啟動購債計畫,1
2019/10/12,[心得] 1967~2018 台股大盤市場報酬,8
2019/10/12,[新聞] 每月達600億美元 Fed宣布將啟動購債計畫,42
2019/10/12,Re: [請益] (新手蠢問題)為什麼都推薦買台積電?,13
2019/10/12,[請益] 現在萬點算高點嗎?,48
2019/10/12,Re: [新聞] 法說前外界看好台積電Q4營運,6
2019/10/12,[請益] 在台灣第一桶金定義要多少錢?,74
2019/10/12,Re: [新聞] 川普：美中達成第一階段協議 暫停下週關,8
2019/10/12,[新聞] 川普：香港抗爭逐漸緩和 「問題會自行解,25
2019/10/12,Re: [新聞] 川普：美中達成第一階段協議 暫停下週關,11
2019/10/12,[新聞] 中國官媒：中美經貿磋商有進展 但不必太,12
2019/10/12,[請益] 所以，人民幣要起飛了嗎？,32
2019/10/12,[新聞] 華為打造自主供應鏈，台廠搭順風車吃單擴產,5
2019/10/12,[新聞] 電商強襲 日7-11母公司關逾千店　首爾空,26
2019/10/12,Re: [新聞] 川普：美中達成第一階段協議 暫停下週關,2
2019/10/12,Re: [新聞] 川普：美中達成第一階段協議 暫停下週關,0
2019/10/12,Re: [新聞] 川普：美中達成第一階段協議 暫停下週關,6
2019/10/12,[新聞] 金額破兆 對台投資荷蘭第一,48
2019/10/12,Re: [新聞] 川普：美中達成第一階段協議 暫停下週關,27
2019/10/12,Re: [新聞] 川普：美中達成第一階段協議 暫停下週關,22
2019/10/12,[新聞] 川普：美中達成第一階段協議 暫停下週關,25
2019/10/12,[心得] 想到一個理論大家交流交流,2
2019/10/12,[新聞] 陸企除牌下市？ 那斯達克CEO：向中企開,5
2019/10/12,[請益] 大家都是怎麼判斷跌的股票該停損或加碼,27
2019/10/11,[新聞] Fed剛宣布下週開始買國庫券,45
2019/10/11,Re: [新聞] 法說前外界看好台積電Q4營運,24
2019/10/11,Re: [請益] 為什麼台股被低估這麼久,5
2019/10/11,Re: [新聞] 法說前外界看好台積電Q4營運,3
2019/10/11,Re: [請益] 請問若每月丟2.5萬買VTI和IVV多久能退休,3
2019/10/11,[其他] 川普：好事正在發生,42
2019/10/11,[請益] 請問若每月丟2.5萬買VTI和IVV多久能退休,8
2019/10/11,[請益] (新手蠢問題)為什麼都推薦買台積電?,21
2019/10/11,Re: [請益] 持股分析健檢,6
2019/10/11,[新聞] 台積電市值飆全球第20大！謝金河：無可超,26
2019/10/11,Re: [請益] 為什麼台股被低估這麼久,8
2019/10/11,Re: [新聞] 中美談判登場 大陸宣布明年起全面開放資,24
2019/10/11,[新聞] 中美談判登場 大陸宣布明年起全面開放資,44
2019/10/11,Re: [請益] 為什麼台股被低估這麼久,4
2019/10/11,[新聞] 三星升級LCD產線 雙虎警戒,14
2019/10/11,Re: [心得] 大盤,32
2019/10/11,Re: [新聞] 法說前外界看好台積電Q4營運,6
2019/10/11,[新聞] 三星重工獲長榮海運6艘23000TEU集裝箱船,14
2019/10/11,[新聞] 伊朗油輪被火箭擊中爆炸 原油流入紅海造,57
2019/10/11,[新聞] 法說前外界看好台積電Q4營運,23
2019/10/11,[新聞] 傳產轉型 國產國造不是口號,7
2019/10/11,[新聞] 美中貿易談判首日 川普：進展非常順利,27
2019/10/11,[新聞] 劉鶴說願和美達共識 川普：明天我見他,25
2019/10/11,[請益] 證券市場 有辦法參與 不動產元年嗎？,17
2019/10/11,Re: [請益] 看書看到很多矛盾處,5
2019/10/11,[新聞] 寶武集團：中國鋼鐵業新一波整合勢在必行,0
2019/10/11,[新聞] 下游鋼鐵業安啦 ! 我暫緩對中國進口指定,0
2019/10/11,[新聞] 低價鋼材銷台 衝擊鋼市,9
2019/10/11,[其他] 寫於歷史改變的前一刻,9
2019/10/11,Re: [請益] 看書看到很多矛盾處,18
2019/10/11,[新聞] 胡潤百富榜 大陸首富又是他,40
2019/10/10,[新聞] 著名黃金多頭席夫：Fed明明在QE 但Fed不,15
2019/10/10,Re: [標的] ATVI (空),4
2019/10/10,[標的] 2605新興,7
2019/10/10,[新聞] 三星滾吧！台積電出驚人絕招 華為明年下,1
2019/10/10,[請益] 請問本月營收公布截止日,8
2019/10/10,Re: [標的] 2316 楠梓電 多,28
2019/10/10,[請益] 關於股利再投資,16
2019/10/10,[心得] 鄉民總經觀察08 - 信心崩 vs 需求穩,69
2019/10/10,[公告] americ 水桶一週,0
2019/10/10,[公告] submarines ceca mark882516 警告一次,0
2019/10/10,[新聞] 223萬散戶歸隊 創32季新高,82
2019/10/10,[公告] asustor icefish712 Su22 警告一次,0
2019/10/10,[公告] j3322 kgb2938 peniz ttmb TSRTL警告一次,0
2019/10/10,[公告] freddy871117 bobothen BB2303 警告一次,0
2019/10/10,[公告] Sdkwo nike319546 froglilibon 警告一次,0
2019/10/10,[公告] choosing rockok71 happpy0421 警告一次,0
2019/10/10,[公告] sweet79731 striving tello 水桶一個月,0
2019/10/10,[新聞] 緯穎9月營收112.66億 年增-41.74%,19
2019/10/10,[公告] Capufish huisan11006 kobekid 警告一次,0
2019/10/10,[新聞] 新車熱賣 裕日車9月營收大增41％,14
2019/10/10,[公告] lariat open820518 kyp810654 警告一次,0
2019/10/10,[公告] KKlin813 GigiBuffon ilovetaida水桶一週,0
2019/10/10,[新聞] 美國會議員抨擊游戲商懲罰支持香港抗議的電競選手,14
2019/10/10,[新聞] 美銀美林：小型股未來10年表現將超越大,9
2019/10/10,[新聞] 彭博：美方考慮貨幣協議 下週關稅上調有,20
2019/10/10,[請益] 停損後何時該拉回,29
2019/10/10,[新聞] 兩岸緊張 我產品輸陸傳遭卡關,4
2019/10/10,[新聞] 超車蘋果？日經：Google將搶先推出5G手機,15
2019/10/10,[新聞] 能源盤後—中美談判前劍拔弩張 市場手心,6
2019/10/10,[新聞] 騰訊攜高瓴 拓展數位醫療,0
2019/10/10,[心得] 一個股市菜鳥看嘉偉老師,51
2019/10/10,[其他] 黃國昌立委質詢【如興】【國票】【華映】等案,27
2019/10/09,[新聞]男吃抗精神病用藥「長胸部」嬌生判賠2465億,41
2019/10/09,[新聞] 監理沙盒第7案來了！　基金、股票可當天,28
2019/10/09,[新聞] 台灣搶全球第一！基金即時互換金融監理沙,4
2019/10/09,[新聞] 忍痛放棄 港交所不併倫交所了,10
2019/10/09,[新聞] 如興陳仕修賣股票 公司回應：個人財務規,5
2019/10/09,Re: [請益] 辭職全職操盤後 還有臉回去嗎,8
2019/10/09,[標的] 5706 鳳凰,9
2019/10/09,[新聞] 力致8月EPS0.75,10
2019/10/09,[其他] 108年10月09日信用交易統計,9
2019/10/09,Re: [標的] 宏捷科 8086,12
2019/10/09,[新聞] 第3季台股交易熱 散戶交易人數創八年新高,20
2019/10/09,Re: [標的] 2316 楠梓電 多,100
2019/10/09,Re: [標的] 宏捷科 8086,17
2019/10/09,Re: [請益] 辭職全職操盤後 還有臉回去嗎,14
2019/10/09,[請益] 請教緯創看法,17
2019/10/09,Re: [標的] 2316 楠梓電 多,100
2019/10/09,[其他] mac 看盤軟體,20
2019/10/09,[新聞] 水逆年？IBA：今年航空業破產速度創史上,13
2019/10/09,[新聞] 美元與黃金雙漲成新常態？,12
2019/10/09,[請益] 有沒有懶人停損停利的app或系統,9
2019/10/09,[請益] 想找~股票設定 到價(買進&出)通知的app,9
2019/10/09,[新聞] 群創9月合併營收217億元 月增3.1%,8
2019/10/09,[請益] 辭職全職操盤後 還有臉回去嗎,3
2019/10/09,[其他] 108年10月09日 三大法人買賣金額統計表,40
2019/10/09,Re: [心得] 高點到了,37
2019/10/09,[閒聊] 2019/10/09 盤後閒聊,52
2019/10/09,[標的] 2903遠百,22
2019/10/09,Re: [標的] 大盤 空,5
2019/10/09,Re: [新聞] 全台86萬空屋房價卻降不下來 65%年輕人,35
2019/10/09,[請益] 請問有沒有總經的推薦書？,27
2019/10/09,[新聞] 百度創辦人李彥宏卸任百度雲執行董事,31
2019/10/09,[新聞] 國防自主 今年釋商金額1300億,2
2019/10/09,[新聞] 統振E-Bike封裝電池出貨旺 9月營收創64,3
2019/10/09,[請益] 家登 3680,19
2019/10/09,Re: [新聞] 全台86萬空屋房價卻降不下來 65%年輕人,0
2019/10/09,[新聞] 中美貿易談判將登場 港媒：中方可能提前,32
2019/10/09,[標的] 元大石油正二 多,48
2019/10/09,[新聞] 感謝台積電 新光金獲利快追平去年同期,12
2019/10/09,Re: [標的] 富邦Vix多,9
2019/10/09,Re: [新聞] 全台86萬空屋房價卻降不下來 65%年輕人,14
2019/10/09,[新聞] 全台86萬空屋房價卻降不下來 65%年輕人,77
2019/10/09,[標的] 智邦 2345 （多）,23
2019/10/09,[新聞] 開發金 9月稅後獲利2.26億元,11
2019/10/09,[新聞] 廣州廠近百億欠款爭議　鴻海72小時滅火,15
2019/10/09,[閒聊] 2019/10/09 盤中閒聊,100
2019/10/09,[新聞] QE 來了？鮑爾：Fed 將盡快擴大資產負債,36
2019/10/09,[新聞] 中鋼與37家視障按摩業簽署特約商店,3
2019/10/09,[新聞] 中鋼輸送機帶起火 環保局依空汙法開罰,4
2019/10/09,[新聞] 史上最大 大林蒲遷村 政院核定1054億,11
2019/10/09,Re: [心得] 高點到了,37
2019/10/09,Re: [新聞] 台積電超越迪士尼 市值7.42兆元晉升全球,18
2019/10/09,[新聞] 茂達9月營收4.07億元,5
2019/10/09,[新聞] 美團竄升互聯網老三 BAT變ATM,2
2019/10/09,[其他] 108年【9月份金控股】EPS排名 (全已公布),40
2019/10/09,[新聞] 鼎炫-KY(8499)9月營收1億6211萬元,21
2019/10/08,[標的] 2485兆赫  多,4
2019/10/08,[新聞] 玉晶光9月營收 連二月創歷史新高,22
2019/10/08,[標的] 2474 被點到了，急問,24
2019/10/08,[新聞] 台積電超越迪士尼 市值7.42兆元晉升全球,46
2019/10/08,[新聞] 和泰車豐收年 獲利喊衝,13
2019/10/08,[新聞] 雖風險很高 中共仍以創紀錄規模發售地方,18
2019/10/08,[標的] ATVI (空),5
2019/10/08,[請益] 前幾個禮拜館長有提到股票上市...,3
2019/10/08,[其他] 108年10月08日信用交易統計,15
2019/10/08,Re: [標的] 宏捷科 8086,31
2019/10/08,[請益] 雷伯龍的維基百科某段?,8
2019/10/08,[新聞] 中信金 前三季每股賺1.92元,15
2019/10/08,Re: [心得] 大盤即將飆破萬一,6
2019/10/08,[新聞] 【2888 新光金】108年9月份自結合併盈餘,48
2019/10/08,[新聞] 台積電全球第一以EUV導入N7+、助攻客戶,18
2019/10/08,[新聞] 貿易談判前夕，美國擴大黑名單列入海康,19
2019/10/08,[標的] 楠梓電 空,73
2019/10/08,[新聞] 旺宏下半年毛利率可期 外資喊買目標價35,26
2019/10/08,[標的] 2330 台積電 多,39
2019/10/08,[其他] 108年10月08日 三大法人買賣金額統計表,67
2019/10/08,[標的] 大億,24
2019/10/08,[新聞] 台積電飆286.5元新高價 台股攻破萬一關卡,25
2019/10/08,[新聞] 元大全球未來通訊ETF,9
2019/10/08,[標的] 台積電算是外資避險工具嗎？,18
2019/10/08,[閒聊] 2019/10/08 盤後閒聊,38
2019/10/08,[新聞] 閎康營運登「3高」 盤中股價掀漲停,6
2019/10/08,Re: [新聞]香港經濟雪崩式下滑 全球最大黑天鵝來了?,11
2019/10/08,[新聞]香港經濟雪崩式下滑 全球最大黑天鵝來了?,24
2019/10/08,[新聞] 聯詠Q3營收165.95億元 連2季創新高 Q4再,15
2019/10/08,[標的] 4994傳奇,14
2019/10/08,[請益] ETF跟追蹤的指數之間如何算誤差,5
2019/10/08,Re: [心得] 高點到了,33
2019/10/08,Re: [請益] 股票跟持有土地的價值相比是否等於零頭?,3
2019/10/08,[請益] 股票跟持有土地的價值相比是否等於零頭?,21
2019/10/08,Re: [標的] 日揚(6208),6
2019/10/08,[新聞] 大選行情帶動 台股突破萬一 台股ETF沾光,21
2019/10/08,[新聞]硬數據顯示美經濟依然強勁 衰退擔憂被誇大,0
2019/10/08,Re: [新聞] 消費降級 陸人不敢花錢？十一旅遊熱潮降,0
2019/10/08,[標的] 年化10%的9157陽光-DR,0
2019/10/08,[閒聊] 2019/10/08 盤中閒聊,100
2019/10/08,[標的] 大盤 空,51
2019/10/08,[新聞] 助北京侵犯人權！ 中國公安局、海康威視,16
2019/10/08,[新聞] 重磅！美商務部將海康威視等28家中國實,33
2019/10/08,[新聞] 轉型做潛艦零件 基隆台船廠開創第二人生,18
2019/10/08,[新聞] 白宮確認週四貿易談判 川普：要一大協議,25
2019/10/08,[心得] 高點到了,18
2019/10/08,[新聞] 科創板催生69位億萬富翁,12
2019/10/08,Re: [新聞] 壽險解約金飆升 4 千億，保單活化成,25
2019/10/07,[請益] 創櫃股票價格?,2
2019/10/07,[請益] 現在的股民是不是太輕忽風險了？,15
2019/10/07,Re: [新聞] 壽險解約金飆升 4 千億，保單活化成效不,3
2019/10/07,[新聞] 消費降級 陸人不敢花錢？十一旅遊熱潮降,21
2019/10/07,Re: [請益] 本金小 應該做價差 對嗎？,0
2019/10/07,[其他] 108年10月07日信用交易統計,9
2019/10/07,[標的] 小道瓊(YMZ19) & 台指,11
2019/10/07,[新聞] 【2885 元大金】108年9月份自結合併盈餘,25
2019/10/07,Re: [其他] 籌碼集中度排行整理,2
2019/10/07,Re: [新聞] 大陸前證監會主席劉士餘 涉案遭調查,2
2019/10/07,Re: [請益] 本金小 應該做價差 對嗎？,5
2019/10/07,[請益] 參與減資後下單app的成本價消失,17
2019/10/07,[新聞] 微軟雙螢幕電腦Surface Neo是下一個新形,9
2019/10/07,Re: [請益] 系統自己下單？,16
2019/10/07,[其他] 永豐金108年9月自結合併盈餘,27
2019/10/07,Re: [請益] 本金小 應該做價差 對嗎？,10
2019/10/07,[新聞] 2327 國巨 108年9月自結合併營收,21
2019/10/07,Re: [請益] 我這樣有機會做全職嗎？,6
2019/10/07,[請益] 本金小 應該做價差 對嗎？,53
2019/10/07,[新聞] 玉山金前9月獲利達157.8億元 續創歷史新,9
2019/10/07,[新聞] 就算給台灣第二家台積電，還是會被外資買,23
2019/10/07,[新聞] 組織重整！樂金顯示器近25％主管遭裁員,10
2019/10/07,[新聞] 【2884 玉山金】108年9月份自結合併盈餘,43
2019/10/07,[新聞] HTC 新 CEO 坦言：過去數年宏達電停止了在手機硬體上的創新,15
2019/10/07,Re: [請益] 2330台積電憑什麼一直漲,9
2019/10/07,Re: [請益] 2330台積電憑什麼一直漲,2
2019/10/07,[新聞] 9月我國出口281億美元、年減4.6% 不如預,25
2019/10/07,[新聞] 達人：投信瘋狂大買台股　投資人要特別,14
2019/10/07,[新聞] 穩懋9月營收續創新高 年增逾7成,15
2019/10/07,[標的] 日揚(6208),3
2019/10/07,[請益] 手續費請問,6
2019/10/07,Re: [請益] 看書看到很多矛盾處,12
2019/10/07,[請益] 哪裡可以查詢下市或被併購前的公司股價?,1
2019/10/07,[其他] 108年10月07日 三大法人買賣金額統計表,17
2019/10/07,[新聞] 美國管控華爾街，要與中國公司劃清界線,3
2019/10/07,[新聞] 旺宏9月合併營收一舉達50.8億元 創單月新,45
2019/10/07,[其他] 臺企銀108年9月自結合併盈餘,20
2019/10/07,[閒聊] 2019/10/07 盤後閒聊,25
2019/10/07,[新聞] 華為打造自主供應鏈，台廠搭順風車吃單擴,7
2019/10/07,[標的] 富邦Vix多,18
2019/10/07,Re: [請益] 我這樣有機會做全職嗎？,24
2019/10/07,Re: [標的] 辛耘3583,10
2019/10/07,[新聞] 港府：不會實施外匯管制,48
2019/10/07,[新聞] 個股：GIS-KY(6456)第三季營收329億元，季增4成，優於預期,11
2019/10/07,[新聞] 文曄:公告本公司與主要供應商擬計畫終止,59
2019/10/07,Re: [新聞] 鴻海超視堺量產跳票 供應商提六訴求,3
2019/10/07,Re: [標的] 上證指數，A50指 紀元空,15
2019/10/07,[新聞] 永豐金擴大香港團隊戰力 爭取東協、中國,7
2019/10/07,Re: [新聞] 壽險解約金飆升 4 千億，保單活化成效不,20
2019/10/07,[其他] 香港和中美貿易戰.,49
2019/10/07,[新聞] 寶佳再出手，持股永豐金升至逾7％,15
2019/10/07,[標的] 2640 台灣大車隊,4
2019/10/07,[新聞] 鴻海超視堺量產跳票 供應商提六訴求,32
2019/10/07,[閒聊] 2019/10/07 盤中閒聊,100
2019/10/07,[新聞] 中美貿易談判在即　彭博社：北京縮減協,15
2019/10/07,[新聞] 台灣醫療新創團隊前進波士頓 獲逾億美元,6
2019/10/07,[標的] 4968 立積,2
2019/10/07,Re: [新聞] 壽險解約金飆升 4 千億，保單活化成效不,16
2019/10/06,[新聞] 王道銀天下企業公民獎 兩連霸,12
2019/10/06,[公告] leo03160913 czqs2000 jo78jo78 angerm11,0
2019/10/06,[公告] darkMood gongling gogoro2plus 水桶,0
2019/10/06,Re: [請益] 我這樣有機會做全職嗎？,6
2019/10/06,Re: [請益] 我這樣有機會做全職嗎？,5
2019/10/06,Re: [新聞] 壽險解約金飆升 4 千億，保單活化成效不,41
2019/10/06,[請益] 如何查詢一些特殊股票的股價??,0
2019/10/06,[新聞] 川普貼文另類新指標 提及「中國大陸」美,10
2019/10/06,[新聞] 台灣首座離岸風場將完工！遇「中颱」停機,47
2019/10/06,Re: [請益] 我這樣有機會做全職嗎？,11
2019/10/06,[新聞] 壽險解約金飆升 4 千億，保單活化成效不,20
2019/10/06,Re: [請益] 我這樣有機會做全職嗎？,28
2019/10/06,[新聞] 貿易戰將結束？　川普：很大機會與大陸達,46
2019/10/06,[新聞] 美國工業步履蹣跚 川普堅稱經濟固如磐石,0
2019/10/06,[新聞] 貿易戰轉單贏家股 出列,10
2019/10/06,[新聞] 15檔大擴產 吹衝鋒號,12
2019/10/06,[標的] 3312 弘憶股,24
2019/10/06,[請益] 定期定額扣款ETF（明天勢必扣在最高點),29
2019/10/06,[標的] 實威8416 長多,14
2019/10/06,[新聞] AIT：台灣有望成為數位世界的大腦,5
2019/10/06,[請益] 為何要資本公積填補虧損?,8
2019/10/06,"[新聞]面對美中冷戰,外企撤出須備銀彈",7
2019/10/06,[新聞] 倒數百天15檔大選概念 法人愛,10
2019/10/06,[心得] 是時候該全職了吧?,20
2019/10/06,Re: [請益] 我這樣有機會做全職嗎？,2
2019/10/06,[請益] 如何看英國的競爭力?,34
2019/10/06,Re: [請益] 我這樣有機會做全職嗎？,40
2019/10/06,[新聞] 5G 生死鬥！全球手機晶片霸主高通的最新,14
2019/10/06,[新聞] 勝麗(6238)現增股10/4起發放及上櫃買賣,2
2019/10/06,[標的] [美股] VOD 好標的?,5
2019/10/06,[新聞] 【全民撳錢】金管局指銀行資金充裕 斥謠,16
2019/10/06,[請益] 我這樣有機會做全職嗎？,100
2019/10/06,[新聞] E*TRADE Announces $0 Base Rate Commiss,10
2019/10/06,[新聞] 禁蒙面法上路 香港多家零售商家5日閉店休,88
2019/10/06,[新聞] 仁寶 新進主管涉侵害智財權訴訟,10
2019/10/06,[新聞] 鴻準9月營收120.77億元,9
2019/10/05,Re: [新聞] 蒙面惡法大量銀行暫停營業 市民排長,7
2019/10/05,"[新聞] 鴻海9月營收5,877.9億、月增47%",51
2019/10/05,[新聞] 馬來西亞Maxis將與華為合作明年推5G服務,-10
2019/10/05,[新聞] iPhone 11賣太好！傳蘋果追加800萬台訂單,58
2019/10/05,[新聞] 訪旺宏電子蔡英文盛讚研發能力、照顧員工,12
2019/10/05,[新聞] 嘉聯益 保守看Q4營運,16
2019/10/05,[新聞] 弘憶股(3312)9月營收,15
2019/10/05,[標的] 宏全,28
2019/10/05,[新聞] 台新金九月份自結,40
2019/10/05,[新聞] 蒙面惡法大量銀行暫停營業 市民排長,28
2019/10/05,[新聞]個股：宏全(9939)被起訴違反空污法，Q2已,8
2019/10/05,[新聞] ]吹哨者反被告與停職  金管會要求永豐金,12
2019/10/05,[新聞] 5G電信設備市場，三星電子有機會超越華,10
2019/10/05,[新聞] 上銀科技9月合併營收衰退逾五成,20
2019/10/05,[新聞] 安碁資訊董事長施宣輝 養肥宏碁小金雞,11
2019/10/05,[新聞] 創意9月營收創29個月低 第3季持平,27
2019/10/05,[標的] 9951皇田,21
2019/10/05,[新聞] 沙國原油外銷亞洲 喊漲,28
2019/10/05,[新聞] 大立光9月營收65.96億元月增2% 連二個月,11
2019/10/05,[新聞] 庫德洛：下週貿易談判 所有議題都在桌面,7
2019/10/05,[新聞] 禁蒙面激怒火「香港臨時政府」成立,99
2019/10/05,[請益] 請問有沒有網站查內部人持股異動變化,3
2019/10/05,[新聞] 亞泥、嘉泥 Q3獲利衝高,17
2019/10/05,[新聞] 戒嚴前兆？港頒布「禁蒙面法」 股市嚇跌,53
2019/10/05,[新聞] WSJ:為何好的就業市場不足以滿足美聯儲,22
2019/10/05,Re: [新聞] 美歐貿易戰將全面開打？美國對歐盟飛機和,4
2019/10/05,[新聞] 娶倫交所 港交所聘金得加2成,9
2019/10/05,[新聞]宏達電9月營收回溫 終結26個月年衰退,28
2019/10/05,[公告] CDing seohee ivy3103 humbler 警告一次,0
2019/10/05,[公告] gametheory 水桶一個月,0
2019/10/04,[新聞] 金管會證實 永豐金案有新事證,6
2019/10/04,[新聞] 廣達(2382)擴張急,35
2019/10/04,[新聞] 美國9月失業率降至50年最低 川普發推文喝,33
2019/10/04,Re: [標的] 3702 大聯大 多,7
2019/10/04,[新聞] 沈榮津：ECFA創兩岸雙贏 不至於單方面終,27
2019/10/04,[新聞] 中國公司債再襲來！2020將出現離岸債券違,16
2019/10/04,Re: [請益] 持股分析健檢,37
2019/10/04,[其他] 108年10月04日信用交易統計,9
2019/10/04,[新聞] 陸金融債ETF 可逢低布局,0
2019/10/04,[請益] 分點疑問,6
2019/10/04,[其他] 0056配息出來啦,27
2019/10/04,[新聞] 美歐貿易戰 將全面開打,10
2019/10/04,[請益] 新手籌碼概念求教,6
2019/10/04,Re: Fw: [新聞] 夭壽！污染近8年 「飲料界鴻海」,30
2019/10/04,[新聞] 美歐貿易戰將全面開打？美國對歐盟飛機和,26
2019/10/04,Fw: [新聞] 夭壽！污染近8年 「飲料界鴻海」,58
2019/10/04,[新聞] 鴻海變變變！驚傳威州面板廠又跳票,33
2019/10/04,[新聞] 宏碁全新ConceptD概念家創系列開賣 登錄,9
2019/10/04,"[新聞] 寶特瓶大廠宏全偷排廢氣重罰2,020萬",42
2019/10/04,[新聞] 香港戒嚴！行政會議通過引用緊急法　午,100
2019/10/04,[標的] FH香港正2 多,25
2019/10/04,[其他] 108年10月04日 三大法人買賣金額統計表,23
2019/10/04,[閒聊] 2019/10/04 盤後閒聊,29
2019/10/04,[新聞] 日月光投控去年員工薪資達193.8萬元 遙,15
2019/10/04,[新聞] 大同旗下公司再爆危機，在美子公司 TUS 聲請重整,18
2019/10/04,[標的] 1256鮮活果汁KY 長期多,34
2019/10/04,[新聞] 限美在華投資和阻中企上市？川普未否認,6
2019/10/04,[新聞]  印度要逐步對80%中國產品減免關稅？印媒：妥協比對其他國家,-10
2019/10/04,Re: [標的] 00672L石油正2 多,9
2019/10/04,[閒聊] 2019/10/04 盤中閒聊,100
2019/10/04,Re: [新聞] 大陸萬一取消ECFA 曾銘宗：衝擊200億,-10
2019/10/04,[新聞]面板雙虎股價疲軟 竟在Q3十大爆紅股號榜上,13
2019/10/04,[新聞] 國泰金增資價35元！！,54
2019/10/04,[新聞] 獲瑞信按讚 陸運動類股齊漲,7
2019/10/04,[新聞] 大陸萬一取消ECFA 曾銘宗：衝擊200億外貿,27
2019/10/04,[新聞] 中國製造掰了！三星關閉最後的惠州手機廠,20
2019/10/04,Re: [新聞] 中共在香港「鬥地主」三大家族承諾捐,12
2019/10/04,[標的] 2337 旺宏 多,21
2019/10/04,[新聞] 戒嚴前兆？傳港府週五將啟動緊急法,19
2019/10/03,[新聞] 傳滴滴部分股東不玩了 超低價拋售股份,14
2019/10/03,[新聞] 中共在香港「鬥地主」三大家族承諾捐地,50
2019/10/03,[標的] [標的] 2464 盟立 無腦多,27
2019/10/03,108年10月03日信用交易統計,27
2019/10/03,[新聞] 〈優派衝教育科技〉教育白板需求升溫 台廠也積極布局,1
2019/10/03,[請益] 整理型態中的上升旗型跟下降旗型,24
2019/10/03,[新聞] 體驗無人自駕車 蔡英文宣告：台灣明年進,16
2019/10/03,Re: [標的] 00672L石油正2 多,15
2019/10/03,[新聞] WTO 航空補貼裁決出爐，川普將對歐盟開徵關稅,9
2019/10/03,[新聞] 美敲響經濟喪鐘 新債王警告：川普恐遭致,11
2019/10/03,[新聞] 台企銀尾盤爆6萬多張大量 傳外資回補,24
2019/10/03,Re: [標的] 9930中聯資源 穩健多,28
2019/10/03,[心得] 鄉民總經觀察07-以拖待變，強心針Standby,48
2019/10/03,[新聞] 美國量子計算新創Aliro Technologies取得,4
2019/10/03,[標的] 00850 入手時點,13
2019/10/03,[新聞] 美國民間就業放緩令經濟更加黯淡,0
2019/10/03,[新聞] 美國房市頻傳佳音 吹散經濟衰退疑雲,7
2019/10/03,[新聞] WSJ:香港將使用緊急權力禁止示威者帶面具,19
2019/10/03,Re: [標的] 00672L石油正2 多,9
2019/10/03,[新聞] 投資純網銀被騙？張兆順坦言不知金金分,27
2019/10/03,Re: [標的] 00672L石油正2 多,34
2019/10/03,Re: [標的] 00672L石油正2 多,7
2019/10/03,[其他] 108年10月03日 三大法人買賣金額統計表,67
2019/10/03,[閒聊] 2019/10/03 盤後閒聊,26
2019/10/03,[標的] 2228  劍麟  會員大獲全勝多,2
2019/10/03,[新聞] 美中貿易戰台灣受惠 楊金龍：轉單效應至,25
2019/10/03,[新聞] 台美友好！美19巨頭來台大買60億MIT產品,19
2019/10/03,[標的] 00672L石油正2 多,53
2019/10/03,[新聞] 半導體產業2019年衰退13.3%後，2020年將4,9
2019/10/03,[標的] 3645 達邁,9
2019/10/03,Re: [請益] 看書看到很多矛盾處,5
2019/10/03,[新聞] WSJ:美股因擔憂成長而下挫,13
2019/10/03,Re: [新聞] 時間到了！顏炳立：2020房市春暖花開,13
2019/10/03,Re: [新聞] 美再出招 擬禁投資大陸股債,-10
2019/10/03,[新聞] 時間到了！顏炳立：2020房市春暖花開,19
2019/10/03,Re: [標的] 小道瓊(YMZ1912),13
2019/10/03,[閒聊] 2019/10/03 盤中閒聊,100
2019/10/03,Re: [標的] 大盤 S級空,19
2019/10/03,[新聞] WTO裁決通過 同意美國向75億美元歐盟產品,20
2019/10/03,Re: [請益] 看書看到很多矛盾處,0
2019/10/03,[新聞] 小摩喊進台積：絕不會太貴,55
2019/10/03,[新聞] 美再出招 擬禁投資大陸股債,16
2019/10/03,Re: [請益] 看書看到很多矛盾處,32
2019/10/02,[新聞]達利奧：川普政府或採取進一步措施應對中,7
2019/10/02,[新聞]港人遭槍擊事件 羅斯：或影響下週美中談判,9
2019/10/02,Re: [新聞] 貿易戰惡果？美國8月對中國貿易逆差創紀,9
2019/10/02,[請益] 中美貿易戰談判!,37
2019/10/02,[其他] 108年10月02日信用交易統計,17
2019/10/02,Re: [標的] 00702 國泰標普低波高息 ETF,4
2019/10/02,Re: [標的] 台新金 2887,50
2019/10/02,[新聞] 2019年金控經營績效評比 元大金控海外策,4
2019/10/02,[新聞] 百度瀏覽器正式停止服務 高管現離職潮,42
2019/10/02,[新聞] 美製造業指數創十年新低 川普砲轟都是「,3
2019/10/02,[新聞] 恐跌破2%！標普下修南韓GDP預測至1.8%,19
2019/10/02,[其他] 10/2 集中市場三大法人買賣超前30名,4
2019/10/02,[其他] 10/2 店頭市場三大法人買賣超前20名,9
2019/10/02,[新聞] 都會生活再跳票 恐遭假扣押,13
2019/10/02,[新聞] 從阿里巴巴推出首款AI晶片，看中國企業,4
2019/10/02,[新聞] 鴻海投資面板連番受挫但壞消息還不只如此,47
2019/10/02,[新聞] 《產業》台商回流，台中豪宅衝百萬元／坪,15
2019/10/02,Re: [請益] 持股分析健檢,10
2019/10/02,Re: [標的] 1101 台泥 長多,15
2019/10/02,[新聞] 三星電子『Vision 2030』非記憶體半導體,17
2019/10/02,[新聞] 政府基金 前八月大賺4千億,54
2019/10/02,[標的] 2542 興富發 空,21
2019/10/02,[請益] 有沒有尾盤試撮即時監控的軟體？,12
2019/10/02,[其他] 108年10月02日 三大法人買賣金額統計表,28
2019/10/02,Re: [標的] Intel有沒有可能10nm以下給台積代工?,53
2019/10/02,Re: [請益] 看書看到很多矛盾處,34
2019/10/02,[閒聊] 2019/10/02 盤後閒聊,17
2019/10/02,[標的] 元太,11
2019/10/02,Re: [請益] 如果中國必慘敗，那MSCI在做什麼？,10
2019/10/02,Re: [請益] 看書看到很多矛盾處,4
2019/10/02,[標的] 9951 皇田 多,100
2019/10/02,Re: [請益] 看書看到很多矛盾處,5
2019/10/02,Re: [請益] 持股分析健檢,15
2019/10/02,[新聞] 美國最大線上券商宣布美股交易「零佣金」,23
2019/10/02,Re: [請益] 看書看到很多矛盾處,13
2019/10/02,[請益] 看書看到很多矛盾處,72
2019/10/02,Fw: [問題] 幫忙推薦適合程式交易的國內券商、期貨商,0
2019/10/02,Re: [標的] 3682亞太電 樂透多,9
2019/10/02,[新聞] 台積大漲加外資大買上百億　台股勁揚進逼,15
2019/10/02,[閒聊] 2019/10/02 盤中閒聊,100
2019/10/02,[請益] 持股分析健檢,27
2019/10/02,[其他] C.Schwab & TD Ameritrade now $0 fee,17
2019/10/02,[新聞] 長江電力 併購秘魯電力龍頭,20
2019/10/01,[新聞] WSJ:刺激、所得不均跟中國夢,23
2019/10/01,[心得] 樸實無華的獲利真理,32
2019/10/01,Re: [標的] Intel有沒有可能10nm以下給台積代工?,68
2019/10/01,[新聞] 漢翔國產率達 55%，幕後推手是他,15
2019/10/01,ISM美國製造業指數  47.8 十年來新低,51
2019/10/01,[新聞] 香港反送中!,0
2019/10/01,[請益] 台灣有可能降息進入負利率時代嗎？,15
2019/10/01,[其他] 108年10月01日信用交易統計,20
2019/10/01,[其他] 10/1 集中市場三大法人買賣超前30名,7
2019/10/01,[其他] 10/1 店頭市場三大法人買賣超前20名,4
2019/10/01,Re: [請益] 選股能力長這樣這樣還有救嗎?,6
2019/10/01,[新聞] 得益於先進製程優勢，台積電於2019年下半,14
2019/10/01,[其他] 土銀證券android APP 土銀E行動被下架,9
2019/10/01,[標的] 辛耘3583,11
2019/10/01,[新聞] 台積電強調技術自研發動侵權反擊，陸行,15
2019/10/01,[其他] 108年10月01日 三大法人買賣金額統計表,58
2019/10/01,[新聞] 專家：坐穩了 美股歷年最動盪的10月份已,10
2019/10/01,[新聞] 台積電以25件專利在美、德和新加坡重量,16
2019/10/01,Re: [標的] Intel有沒有可能10nm以下給台積代工?,13
2019/10/01,[閒聊] 2019/10/01 盤後閒聊,40
2019/10/01,[標的] Intel有沒有可能10nm以下給台積代工?,45
2019/10/01,[新聞] 3名台灣分析師驚傳在上海遭收押 1人潛逃,37
2019/10/01,[新聞] 凌駕國際水準！國慶花車大遊行 肯定台船,8
2019/10/01,"[新聞] 新iPhone銷售強勁,小摩上調蘋果目標價",5
2019/10/01,[請益] 那些想便宜買的人都不怕拖累股價嗎？,3
2019/10/01,Re: [標的] 崇越 5434,14
2019/10/01,[新聞] 美國發起337調查 台積電怒了：奉陪到底,3
2019/10/01,[新聞] 蘋果新機創佳績，大立光、可成點火,13
2019/10/01,[新聞] 台積電反擊格芯 在美德新加坡控侵犯25項,29
2019/10/01,[閒聊] 2019/10/01 盤中閒聊,100
2019/10/01,[新聞] 百威亞太港股掛牌 首日上漲4％,11
2019/9/30,Re: [新聞] 地緣政治風險升高 惠譽調降沙烏地信用評,0
2019/9/30,[新聞] 地緣政治風險升高 惠譽調降沙烏地信用評,10
2019/9/30,[新聞] 網傳郭台銘選總統內幕　鴻海「颱風夜」5,37
2019/9/30,[新聞] 米塔颱風遠離 北北基明正常上班上課,25
2019/9/30,Re: [新聞] 智伸科併旭申 打入特斯拉、BMW供應鏈,6
2019/9/30,[新聞] 打擊大陸小企業納斯達克收緊發售新股限制,1
2019/9/30,[請益] 集保戶股權分散表查詢 無法查詢?,4
2019/9/30,[新聞] 外資點名 六檔10月領風騷,28
2019/9/30,[新聞] 宜特出售上海宜特 每股獲利挹注逾4元,11
2019/9/30,Re: [請益] 你心目中真正投資楷模是?,4
2019/9/30,Re: [請益] 你心目中真正投資楷模是?,25
2019/9/30,[新聞] 漢翔高教機 拚量產外銷,11
2019/9/30,Re: [請益] 0-170萬利率1.6%的信貸，如何運用？,0
2019/9/30,[新聞] 那斯達克有意阻止中國企業上市,10
2019/9/30,[新聞] 智伸科併旭申 打入特斯拉、BMW供應鏈,7
2019/9/30,[討論] 萬一明天台北股市又不開盤怎辦？,55
2019/9/30,Re: [其他] 上市大盤加權股價指數扣除台積電一覽,6
2019/9/30,[標的] 小道瓊(YMZ1912),10
2019/9/30,[新聞] 華為去美化5G基地台 10月後量產,19
2019/9/29,[新聞] 三星電子第3季營利 恐暴跌逾6成,37
2019/9/29,Re: [請益] 1213大飲 飲料被仿出來了?,10
2019/9/29,Re: [請益] 0-170萬利率1.6%的信貸，如何運用？,9
2019/9/29,[新聞] 北北基宣布：30日停班停課 股市休市一天,100
2019/9/29,[新聞] 二檔台股ETF 湧現500張賣單,12
2019/9/29,Re: [請益] 0-170萬利率1.6%的信貸，如何運用？,39
2019/9/29,[新聞] 川普擬拿陸企開刀 貿易緊張恐升高,29
2019/9/29,Re: [新聞] 高鐵南延敲定左營案…砸554億 日增不到4,68
2019/9/29,[新聞] 晶圓代工一哥 強調自主研發,2
2019/9/29,Re: [請益] 十幾年前   有存股的風潮  嗎?,6
2019/9/29,Re: [請益] 0-170萬利率1.6%的信貸，如何運用？,9
2019/9/29,[新聞] 高鐵南延敲定左營案…砸554億 日增不到4,40
2019/9/29,[標的] 上證指數，A50指 紀元空,9
2019/9/29,[新聞] 美財政部：目前暫無計劃撤銷陸企在美上,30
2019/9/29,[新聞] 15檔多方強勢 喜迎國慶,21
2019/9/29,Re: [其他] 上市大盤加權股價指數扣除台積電一覽,26
2019/9/29,Re: [新聞] 面板景氣 恐淡到明年Q1,14
2019/9/29,Re: [請益] 0-170萬利率1.6%的信貸，如何運用？,1
2019/9/29,[新聞] 苦追倫交所 港交所籌百億美元聘金,9
2019/9/29,[請益] 0-170萬利率1.6%的信貸，如何運用？,98
2019/9/28,[其他] 上市大盤加權股價指數扣除台積電一覽,30
2019/9/28,[標的] 中砂(多),26
2019/9/28,Re: [請益] 十幾年前   有存股的風潮  嗎?,20
2019/9/28,[新聞] 16檔擁高殖利率優勢股 大戶緊盯,36
2019/9/28,[新聞] 陸鋼鐵產量增 價格回落 不利鋼企8月表現,1
2019/9/28,[新聞] 16檔投信逆勢買 先反彈,6
2019/9/28,[請益] 1213大飲 飲料被仿出來了?,83
2019/9/28,Re: [新聞] 高鐵南延屏東 交通部決定採用左營案,35
2019/9/28,[新聞] 快訊／國發會公布「連續第8顆」黃藍燈,36
2019/9/28,[標的] 3105 穩懋  空,31
2019/9/28,[新聞] 美光坦言：商務部遲不點頭 無法供貨華為,25
2019/9/28,Re: [請益] 十幾年前   有存股的風潮  嗎?,3
2019/9/28,Re: [新聞] 高鐵南延屏東 交通部決定採用左營案,20
2019/9/28,[其他] 中國企業不符美國會計原則 川普要求下市,4
2019/9/28,[新聞] 面板景氣 恐淡到明年Q1,39
2019/9/28,Re: [請益] 十幾年前   有存股的風潮  嗎?,22
2019/9/28,Re: [請益] 十幾年前   有存股的風潮  嗎?,33
2019/9/28,[新聞] 看好台灣 微軟擴建AI研發中心,6
2019/9/28,[新聞] 繞過經濟制裁 北韓自組裝智慧手機內銷,4
2019/9/28,[新聞] 無意跟隨美國 挪威表態：不打算禁止華為5,7
2019/9/28,Re: [請益] 十幾年前   有存股的風潮  嗎?,17
2019/9/28,[新聞] 川普傳考慮將中企在美撤牌 中概股慘跌、,66
2019/9/28,[新聞] 華為發行60億債券 任正非竟「蒙在鼓裡」,8
2019/9/28,[新聞] 對中國5鋼品雙反終判，暫不課徵,3
2019/9/28,Re: [新聞] 高鐵南延屏東 交通部決定採用左營案,52
2019/9/28,[請益] 如果川普被舉證涉操弄政策炒股,2
2019/9/28,Re: [標的] 8358 金居 多,30
2019/9/28,[新聞] 富邦人壽海外投資誤判　金管會認內控欠妥,11
2019/9/27,Re: [請益] 十幾年前   有存股的風潮  嗎?,4
2019/9/27,[新聞] 出貨旺，喬山、力山8月營收搶眼,7
2019/9/27,Re: [新聞] 高鐵南延屏東 交通部決定採用左營案,69
2019/9/27,Re: [請益] 指數型ETF跟策略型ETF哪個經的起考驗,16
2019/9/27,[新聞] 昔日世界機床龍頭違約 瀋機集團300億巨債,25
2019/9/27,[其他] 108年09月27日信用交易統計,10
2019/9/27,[新聞] 分析：人民幣匯率成中方貿易談判籌碼,3
2019/9/27,[新聞]日系外資喊減碼 調降世界先進目標價至55,8
2019/9/27,Re: [請益] 十幾年前   有存股的風潮  嗎?,3
2019/9/27,Re: [請益] 十幾年前   有存股的風潮  嗎?,6
2019/9/27,Re: [標的] 8358 金居 多,3
2019/9/27,[請益] 建立股票交易獲利模式的問題,0
2019/9/27,[請益] 指數型ETF跟策略型ETF哪個經的起考驗,10
2019/9/27,[新聞] 向空汙宣戰！中市府要求中火生煤用量創新,7
2019/9/27,[其他] 9/27 集中市場三大法人買賣超前30名,6
2019/9/27,[其他] 9/27 店頭市場三大法人買賣超前20名,2
2019/9/27,Re: [標的] 2330 台積電 超級多,13
2019/9/27,[新聞] 智伸科下周一停牌 揣測有機會釋出正面利,9
2019/9/27,[新聞] 【裕隆法說會】再獲法商新訂單 首度透露納智捷重大投資放緩,4
2019/9/27,[新聞] 高鐵南延屏東 交通部決定採用左營案,63
2019/9/27,[標的] 2105正新 多,26
2019/9/27,[新聞] Q4營收將優於預期 外資︰台積目標價320元,1
2019/9/27,Re: [標的] 8358 金居 多,0
2019/9/27,[請益] 十幾年前   有存股的風潮  嗎?,50
2019/9/27,Re: [標的] 2454 聯發科 空,4
2019/9/27,[新聞] 撿到原子彈！台積電逆天 股價飆新高,26
2019/9/27,[其他] 108年09月27日 三大法人買賣金額統計表,51
2019/9/27,[新聞] 日本「鸛-8」號貨運飛船成功送入太空,4
2019/9/27,[閒聊] 2019/09/27 盤後閒聊,38
2019/9/27,[新聞] 達成里程碑！南茂砸151億擴產 台商回台投,2
2019/9/27,[新聞] 台商回流刺激投資優預期 上修今年台灣GDP,5
2019/9/27,[標的] 3617碩天,5
2019/9/27,[請益] 有支援mac的好用看盤軟體嗎？,11
2019/9/27,Re: [標的] AMD超微 Intel英特爾 MU美光,12
2019/9/27,[新聞] 中裕愛滋新藥TMB-355 獲歐盟上市核准,12
2019/9/27,[新聞] 富時羅素：暫不將中國債券納入富時全球政,0
2019/9/27,Re: [標的] 大盤 S級空,17
2019/9/27,[新聞] 中鋼薄損多銷 力抗進口貨,24
2019/9/27,[閒聊] 2019/09/27 盤中閒聊,100
2019/9/27,Re: [請益] 為什麼台積電都外資在買,34
2019/9/26,Re: [標的] 3511 矽碼  多,6
2019/9/26,[新聞] 翻臉了？李嘉誠高調向中共背景企業索債,40
2019/9/26,Re: [標的] 美股新手投資推薦,3
2019/9/26,[新聞] 銀行需求熱 紐約聯準銀行將挹注市場更多,10
2019/9/26,[新聞] 2666億債務違約潮來襲 這些陸企釀禍投資,16
2019/9/26,[其他] 108年09月26日信用交易統計,21
2019/9/26,[新聞] 走資憂慮升級 經銷商:大量黃金正流出香港,14
2019/9/26,Re: [標的] 美股新手投資推薦,5
2019/9/26,[心得] 鄉民總經觀察06 - 房市 BOOM！,70
2019/9/26,[新聞] 傳旺宏(2337)9月業績上看50億元，下半年,50
2019/9/26,[新聞] 台北法案關注FTA 美議員：美台關係下一,40
2019/9/26,[新聞] 涉挖角英業達大將 仁寶電腦被起訴,13
2019/9/26,Re: [新聞] 震驚！錢存銀行越存越少 丹麥不惜推負利,18
2019/9/26,[新聞] 京華城轉型商辦但市場存疑慮 中石化、中,21
2019/9/26,[新聞] 震驚！錢存銀行越存越少 丹麥不惜推負利,31
2019/9/26,[其他] 108年09月26日 三大法人買賣金額統計表,39
2019/9/26,[請益] 程式交易相關問題,6
2019/9/26,[標的] 3511 矽碼  多,4
2019/9/26,[閒聊] 2019/09/26 盤後閒聊,35
2019/9/26,[標的] 美股新手投資推薦,14
2019/9/26,Re: [新聞] 中國「國進民退」 聯想柳傳志也「被,-10
2019/9/26,[新聞] 台商回流超預期 寶華上修今年ＧＤＰ至2.3,0
2019/9/26,[新聞] 《類股》大陸豬肉概念股重挫，卜蜂、大,9
2019/9/26,[新聞] 萬國郵政聯盟將改革費率制度 美國可望打,29
2019/9/26,[新聞] 阿里AI晶片問世 台積助攻,7
2019/9/26,[新聞] 美國擬正式退出萬國郵政聯盟，中國電商大,11
2019/9/26,[請益] 新手開戶問題,4
2019/9/26,[新聞]中美高階談判登場前 陸宣布支持企業採購,9
2019/9/26,Re: [標的] 4147 多多但有疑慮,20
2019/9/26,Re: [標的] 2634 漢翔,0
2019/9/26,Re: [新聞] 任天堂新款主機銷售情況不如預期,20
2019/9/26,[閒聊] 2019/09/26 盤中閒聊,99
2019/9/26,[新聞] 任天堂新款主機銷售情況不如預期,28
2019/9/26,[新聞] 元大金對元大人壽現增140億 盼成第3大獲,9
2019/9/26,[心得] 存股投資十年簡短分享,100
2019/9/26,Fw: [標的] 2537 聯上發 多,11
2019/9/26,[標的] 2363矽統,6
2019/9/26,[新聞] 華爾街日報:安倍將箭對準自己的腳,19
2019/9/26,[新聞] 道瓊漲逾 150 點！川普報喜：美中貿易協,25
2019/9/25,[心得] 想要股市翻倍賺錢 本夢比比本益比重要,10
2019/9/25,[新聞] 中國「國進民退」 聯想柳傳志也「被退休,27
2019/9/25,[請益] 大盤融券餘額和VIX,5
2019/9/25,[其他] 是不是時候組股利稅改革黨?,24
2019/9/25,Re: [新聞] 中國褐皮書：Q3製造、房產、服務全倒 借,13
2019/9/25,Re: [標的] 元大50反 00632R 多,9
2019/9/25,[新聞] 漢翔高教機出廠 107家供應鏈可望受惠,9
2019/9/25,[新聞] 中租三大市場成長動能續揚 前8月稅後純益,16
2019/9/25,[請益] 通泰5487,10
2019/9/25,[新聞] 中國褐皮書：Q3製造、房產、服務全倒 借,12
2019/9/25,[其他] 108年09月25日信用交易統計,13
2019/9/25,[新聞] 現代汽車集團與Aptiv合資尋求2024年量產,1
2019/9/25,[新聞] 聯電獲准併購日本三重富士通半導體,26
2019/9/25,[標的] 8044 網家 多,8
2019/9/25,[新聞] 三星顯示器將投資13兆韓元、押寶QD-OLED,18
2019/9/25,[新聞] 國造高教機出廠 蔡：航太產業三大進步,18
2019/9/25,[標的] 4147 多多但有疑慮,12
2019/9/25,[新聞] 川普面臨彈劾，消費者信心軟 VIX 飆！標普挫,11
2019/9/25,[新聞] 永豐金向大摩求償21億！告前董座張晉源背,6
2019/9/25,[新聞] 威京旗下中石化 372億標得京華城,57
2019/9/25,Re: [投顧] 投顧老師請益,2
2019/9/25,[新聞] 華為麒麟1000處理器曝光 將採用台積電5奈,21
2019/9/25,Re: [新聞] 多方證據顯示 中共在貿易戰中已敗北,29
2019/9/25,[標的] 3629  地心引力,49
2019/9/25,[新聞] 立積下半年股價漲逾9成 內部人持股鬆動,6
2019/9/25,[請益] 3049 和鑫,13
2019/9/25,Fw: [其他] 108年09月25日 三大法人買賣金額統計表,66
2019/9/25,Re: [心得] 內行不如一個外行的....,27
2019/9/25,[新聞] 台商回流刺激投資優預期 上修今年台灣GDP,11
2019/9/25,[閒聊] [閒聊] 2019/09/25 盤後閒聊,28
2019/9/25,Re: [新聞] 中共喊黨營資金全面投資 港企恐掀落,-10
2019/9/25,[標的] 海韻電 6203,23
2019/9/25,Re: [請益] 想挑戰高風險高報酬的股票投資,10
2019/9/25,[新聞] 華航私菸案而長榮有嗎？ 林佳龍：長榮是,28
2019/9/25,[請益] 想挑戰高風險高報酬的股票投資,9
2019/9/25,[新聞] 銀行局證實 永豐金「吹哨者」張晉源遭停,32
2019/9/25,[新聞] 榮登大陸A股半導體龍頭 匯頂市值破千億人,19
2019/9/25,[閒聊] 2019/09/25 盤中閒聊,100
2019/9/25,[新聞] 大立光家族狂轉讓持股,30
2019/9/25,Re: [新聞] 多方證據顯示 中共在貿易戰中已敗北,1
2019/9/25,Re: [新聞] 多方證據顯示 中共在貿易戰中已敗北,-10
2019/9/25,Re: [新聞] 中共喊黨營資金全面投資 港企恐掀落跑潮,11
2019/9/25,[請益] 現金股利拿到，股票股利還沒,9
2019/9/25,[心得] 內行不如一個外行的....,92
2019/9/25,Re: [新聞] 房價不再飆漲 蔡英文：房屋不是炒作的商,10
2019/9/24,Re: [新聞] 多方證據顯示 中共在貿易戰中已敗北,29
2019/9/24,[標的] 大盤 空,10
2019/9/24,[標的] 大盤 空,6
2019/9/24,Re: [新聞] iPhone 11 問題藏不住！相機、機殼陸續被,-10
2019/9/24,[新聞] 華碩印度發表新一代電競手機，攻在地手遊,5
2019/9/24,[新聞] 大陸汽車的龍頭 吉利8月銷量按年降19%,3
2019/9/24,[其他] 108年09月24日信用交易統計,15
2019/9/24,[新聞] 8月證券劃撥存款衝上新高 台股後市可期,18
2019/9/24,[請益] 智能投資,7
2019/9/24,[新聞] iPhone 11 問題藏不住！相機、機殼陸續被,10
2019/9/24,[標的] 大盤 空,25
2019/9/24,[新聞] 智慧音箱將從家庭走入汽車領域,10
2019/9/24,[新聞] 戴姆勒未來戰略：棄內燃引擎，全力衝電,21
2019/9/24,[請益] 請問有人有樂活五線譜excel分享檔嗎？,3
2019/9/24,[標的] 3105穩懋,26
2019/9/24,[心得] etoro 出金分享,2
2019/9/24,Fw: [新聞] 張淑芬當董娘 也當Super Super Saleslad,9
2019/9/24,[新聞] 南韓過度依賴中國嚐苦果 8月出口連9降 慘,64
2019/9/24,[新聞] 25%教師坦承不會理財 3點保障打早退休鐵飯碗,33
2019/9/24,Re: [投顧] 投顧老師請益,3
2019/9/24,Re: [投顧] 投顧老師請益,0
2019/9/24,[新聞] 台通科技詐騙案 騙倒一堆專家,29
2019/9/24,[其他] 108年09月24日 三大法人買賣金額統計表,44
2019/9/24,Re: [新聞] 多方證據顯示 中共在貿易戰中已敗北,10
2019/9/24,[閒聊] 2019/09/24 盤後閒聊,21
2019/9/24,Re: [投顧] 投顧老師請益,17
2019/9/24,Re: [新聞] 多方證據顯示 中共在貿易戰中已敗北,22
2019/9/24,Re: [新聞] 華為年度旗艦Mate30及智慧屏正式登場(附上手視頻),0
2019/9/24,[新聞] 中國爆非洲豬瘟、全球肉價飆，紐國牛絞,15
2019/9/24,Re: [新聞] 多方證據顯示 中共在貿易戰中已敗北,9
2019/9/24,[新聞] 黃國昌批新南向成效文過飾非 對中貿易不,1
2019/9/24,Re: [新聞] 多方證據顯示 中共在貿易戰中已敗北,0
2019/9/24,Re: [新聞] 多方證據顯示 中共在貿易戰中已敗北,3
2019/9/24,求券商軟體推薦,9
2019/9/24,[新聞] 台積電曝先進製程佈局至1奈米 韓媒：三星,36
2019/9/24,Re: [新聞] 多方證據顯示 中共在貿易戰中已敗北,4
2019/9/24,Re: [新聞] 多方證據顯示 中共在貿易戰中已敗北,3
2019/9/24,[投顧] 投顧老師請益,21
2019/9/24,Re: [新聞] 多方證據顯示 中共在貿易戰中已敗北,5
2019/9/24,[新聞] 多方證據顯示 中共在貿易戰中已敗北,26
2019/9/24,[新聞] 美財長宣布劉鶴下週訪美　強硬表態稱美,18
2019/9/24,Re: [標的] 3105 穩懋 北上第一班列車啟動,8
2019/9/24,[新聞] 首架新式高教原型機 今出廠,7
2019/9/24,[閒聊] 2019/09/24 盤中閒聊,100
2019/9/24,[標的] 6153 嘉聯益 (多),54
2019/9/24,[請益] 0056股息試算,12
2019/9/23,[新聞] 慧洋(2637)決議現金增資訂定實際發行價格,14
2019/9/23,[新聞] 【公告】董事會決議辦理庫藏股註銷並辦理,3
2019/9/23,[新聞] WSJ:德國處於衰退邊緣,19
2019/9/23,[新聞] 20年前花小錢隨便買 現在價值上百萬,32
2019/9/23,Re: [新聞] 中共喊黨營資金全面投資 港企恐掀落,24
2019/9/23,[標的] 隆大 5519 心得,39
2019/9/23,[其他] 108年09月23日信用交易統計,17
2019/9/23,[標的] 6111  大宇資  多,26
2019/9/23,[新聞] 8月失業率3.89％ 攀24個月高點,29
2019/9/23,[新聞] 中共喊黨營資金全面投資 港企恐掀落跑潮,12
2019/9/23,[新聞] 撕破臉！永豐金與永豐銀告前老總張晉源,16
2019/9/23,[新聞] 謝金河：一個愛台灣的執著企業家,6
2019/9/23,[標的] 6411晶焱 多,15
2019/9/23,[新聞] 半導體併購又於2019年開始復甦！,4
2019/9/23,[新聞] 上市公司脫中 「向南轉美」投資大爆發,12
2019/9/23,[標的] 6191精成科 多,8
2019/9/23,[標的] 2402毅嘉 請益,14
2019/9/23,[新聞] WSJ:Adelson警告川普貿易戰帶來的衝擊,10
2019/9/23,[標的] 台新金 2887,60
2019/9/23,[其他] 108年09月23日 三大法人買賣金額統計表,30
2019/9/23,[閒聊] 2019/09/23 盤後閒聊,13
2019/9/23,Re: [請益] 一百萬本金達到一年賺十到二十萬可行嗎,34
2019/9/23,[標的] 大盤 S級空,58
2019/9/23,[標的] 3556 禾瑞亞 多,14
2019/9/23,[心得] Robinhood - 美股買賣投資教學,10
2019/9/23,[新聞] 陸客來台創11年新低　9月每日僅910人,100
2019/9/23,[新聞] 陸股強勢 可長抱,11
2019/9/23,Re: [標的] 嘉聯益 多,33
2019/9/23,[請益] 請問一下減資後的零股什麼時候會發？,6
2019/9/23,[新聞] 宏達電EXODUS 1 首創內建比特幣錢包,2
2019/9/23,Re: [請益] 程式交易，90%的程式都輸錢 ???,10
2019/9/23,[標的] 小道瓊(YMZ19),6
2019/9/23,[閒聊] 2019/09/23 盤中閒聊,99
2019/9/23,Re: [請益] 台灣要單押美國一邊？,6
2019/9/23,[請益] 台灣要單押美國一邊？,8
2019/9/23,[心得] 上班族常用財務報表：現金流量表,2
2019/9/23,Re: [請益] 程式交易，90%的程式都輸錢 ???,0
2019/9/23,Re: [請益] 程式交易，90%的程式都輸錢 ???,5
2019/9/22,Re: [新聞] 28歲青年鑽研「Python＋股市」，最後卻..,21
2019/9/22,[新聞] 分析師：錯估衰退風險 美股Fed賣權對投1,3
2019/9/22,Re: [新聞] 28歲青年鑽研「Python＋股市」，最後卻..,19
2019/9/22,Re: [請益] 程式交易，90%的程式都輸錢 ???,18
2019/9/22,[請益] 投顧老師,28
2019/9/22,[新聞] 新降息循環 投資挑「雙高」金融股,3
2019/9/22,[新聞] 16檔Q3犀利Q4旺 法人機構喊買,15
2019/9/22,[新聞] OECD預測：2019年美國GDP增長2.4%、印度增長5.9%！那中國呢,0
2019/9/22,[新聞] 制裁伊朗　美祭經濟制裁、增兵中東,9
2019/9/22,Re: [請益] 程式交易，90%的程式都輸錢 ???,3
2019/9/22,[請益] 程式交易，90%的程式都輸錢 ???,27
2019/9/22,[新聞] 內幕：中國經濟放緩和官方數據之謎,28
2019/9/22,Re: [請益] 為何GDP要維持正成長??,-10
2019/9/22,[其他] 分享台股開源資料，超過50種資料,75
2019/9/22,[請益] 為何GDP要維持正成長??,40
2019/9/22,[標的] 上證指數，A50指 魚尾多,7
2019/9/22,Re: [新聞] 美中貿易談判 磋商不順利,17
2019/9/22,[新聞] 15檔外資護航 大四喜,46
2019/9/22,[新聞] 台股 聚焦季底作帳及法說會,8
2019/9/22,Re: [新聞] 28歲青年鑽研「Python＋股市」，最後卻..,9
2019/9/22,[新聞] 京華城四度標售 拚脫標,21
2019/9/22,[新聞] 時機敏感？伊朗將與中俄在阿曼灣聯合軍,14
2019/9/22,[新聞] 航太龍頭漢翔拚「國機國造」　高教機下周,11
2019/9/22,[新聞] 保障十一肉類供應 中國商務部宣布投放1萬,50
2019/9/22,[新聞] 美中貿易談判 磋商不順利,35
2019/9/22,[新聞] 行情向下 中鴻10月盤價喊降,0
2019/9/22,[新聞] 美鋼鐵業吹寒風 1周內3家下修獲利預估,0
2019/9/22,[新聞] 全球鋼鐵業獲利 拉警報,11
2019/9/22,Re: [新聞] 28歲青年鑽研「Python＋股市」，最後卻..,29
2019/9/22,Re: [請益] 買股的成交價,4
2019/9/22,[請益] 請問有沒有長期投資的國外推薦書？,28
2019/9/22,Re: [新聞] 房價不再飆漲 蔡英文：房屋不是炒作的商,3
2019/9/22,Re: [新聞] 房價不再飆漲 蔡英文：房屋不是炒作的商,2
2019/9/21,[請益] 存股結合波段,38
2019/9/21,[請益] 突然想到  把訂閱老師作成個股來投資,21
2019/9/21,[公告] s9980608 pps2010 c1951 tipsofwarren水,0
2019/9/21,Re: [新聞] 28歲青年鑽研「Python＋股市」，最後卻..,4
2019/9/21,Re: [請益] 教存股的老師變成技術面的做手了？,4
2019/9/21,[標的] 5243 乙盛-KY,6
2019/9/21,[請益] 開盤價有分內外盤嗎?,2
2019/9/21,Re: [新聞] 房價不再飆漲 蔡英文：房屋不是炒作的商,0
2019/9/21,[請益] 股息匯入到自己不同的交割戶問題,4
2019/9/21,[新聞] 28歲青年鑽研「Python＋股市」，最後卻..,43
2019/9/21,[新聞] 【海航爆煲】海口美蘭機場2億美元債券違,5
2019/9/21,[新聞] 房價不再飆漲 蔡英文：房屋不是炒作的商,-10
2019/9/21,[新聞] 15檔挾基本面優勢 外資掃貨帶頭衝,29
2019/9/21,[請益] 教存股的老師變成技術面的做手了？,52
2019/9/21,[新聞] WSJ:Powell就貿易戰向川普傳遞微妙訊息,9
2019/9/21,Re: [標的] 新光金 多,31
2019/9/21,Re: [新聞] 華為年度旗艦Mate30及智慧屏正式登場(附上手視頻),-10
2019/9/21,[新聞] 華映聲請宣告破產 九債權銀行估損失7億,32
2019/9/21,[新聞] Open Lunar基金會開放眾籌50億美金建造,5
2019/9/21,[新聞] 智邦投資腳步不停歇 卡位四大商機,18
2019/9/21,Re: [請益] 擦鞋童理論準不準啊？,5
2019/9/21,[其他] 贈書  投資理財相關,8
2019/9/21,[請益] 買股的成交價,54
2019/9/21,[新聞]川普擴大對伊朗央行制裁 痛擊力道史上最高,21
2019/9/21,[新聞] 經濟學家：大陸GDP增速或跌破中共預期,6
2019/9/21,[新聞] 中國取消美農場參訪 科技股下跌拖累美股,7
2019/9/21,[請益] 配的利息再投入買配息金融商品,21
2019/9/21,Re: [請益] 擦鞋童理論準不準啊？,10
2019/9/21,[新聞] 傳高通回頭 台積電產能塞爆,18
2019/9/21,[新聞]三菱子公司中國員工違法交易 造成虧達99億,29
2019/9/21,[新聞] 軋空＋大選 台股迎接主升波,28
2019/9/21,Re: [請益] 擦鞋童理論準不準啊？,0
2019/9/21,Re: [請益] 擦鞋童理論準不準啊？,1
2019/9/21,[其他] 我想提醒各位健忘的人類一件事情,0
2019/9/21,Re: [請益] 擦鞋童理論準不準啊？,0
2019/9/21,Re: [請益] 擦鞋童理論準不準啊？,2
2019/9/21,Re: [請益] 擦鞋童理論準不準啊？,9
2019/9/21,[新聞] 任天堂新品齊發Switch Lite上市旺宏原相,15
2019/9/21,[其他] 台灣手續費為何不用交易筆數來計算？,20
2019/9/20,[公告] sweet79731 水桶一週,0
2019/9/20,[公告] prick 水桶一週,0
2019/9/20,[公告] raccoon1234 水桶一個月,0
2019/9/20,[新聞] 拼季底作帳 投信卡位三低潛力股,17
2019/9/20,[其他] 108年09月20日信用交易統計,15
2019/9/20,[新聞] 前證監會主席：2015年股災非境外勢力操縱,4
2019/9/20,[請益] 日韓貿易戰投資方式,3
2019/9/20,[其他] 在投信外資調整時要如何順勢操作,8
2019/9/20,[新聞] 波音展望佳 台廠相關供應鏈營運俏,11
2019/9/20,[標的] 新光金 多,22
2019/9/20,[新聞] 中國中鐵股份有限公司重大海外(所羅門)工程中標公告,15
2019/9/20,[請益] 高鐵東沿屏東沒有內線交易的問題嗎？,19
2019/9/20,[心得] 鄉民總經觀察05 - 灰犀牛步步進逼,51
2019/9/20,[心得] 大盤,53
2019/9/20,[心得] 新經濟時代的通貨膨脹率,49
2019/9/20,[新聞] 中國寶武完成收購馬鋼集團 離「億噸寶武,16
2019/9/20,Re: 3673 TPK-KY 多,13
2019/9/20,[其他] 玉晶光8月eps4.77,32
2019/9/20,[其他] 108年09月20日 三大法人買賣金額統計表,49
2019/9/20,[標的] 6147 頎邦 空,40
2019/9/20,[閒聊] 2019/09/20 盤後閒聊,60
2019/9/20,[新聞] 提早接班 尹衍樑之子尹崇堯掌南山,24
2019/9/20,[請益] 台灣經濟對中國的依賴加大？,21
2019/9/20,[新聞] 國內半導體人才不足，蔡明介指聯發科不,25
2019/9/20,Re: [標的] 東元 1504 多,23
2019/9/20,Re: [新聞] 選後…電價調漲壓力就大了,12
2019/9/20,[新聞] 白邦瑞警告：川普沒在虛張聲勢 對中關稅,29
2019/9/20,Re: [標的] 6233 旺玖,4
2019/9/20,[新聞] WSJ:中國房產巨人可能會後悔榨取中產階級,10
2019/9/20,Re: [標的] 上證指數，A50指,11
2019/9/20,[標的] 1604聲寶,5
2019/9/20,Re: [新聞] 新光金 公告本公司現金增資發行普通股暨甲種特別股之發,15
2019/9/20,[請益] 股票漲跌趴數,5
2019/9/20,[新聞] 從SEMICON Taiwan 2019高峰會觀察未來半,7
2019/9/20,[新聞] 半導體不同調外資降評頎邦、看壞祥碩,9
2019/9/20,[閒聊] 2019/09/20 盤中閒聊,100
2019/9/20,Re: [標的] 空 2316楠梓電,11
2019/9/19,Re: [新聞]半導體未來在台美合作 選擇中國資源將流失,0
2019/9/19,[新聞] 華為年度旗艦Mate30及智慧屏正式登場(附上手視頻),-10
2019/9/19,[新聞] 欣興營運 旺到11月,11
2019/9/19,[新聞] 台積電：人才問題是半導體業隱憂,35
2019/9/19,[標的] 空 2316楠梓電,96
2019/9/19,[新聞] 產業旺季加溫 法人估旺宏Q3營收季增三成,9
2019/9/19,[請益] 每天慢慢漲的股票你買嗎,33
2019/9/19,[新聞] 鄉林青島別墅賣出20戶 入帳逾25.3億挹注,10
2019/9/19,[閒聊] 想問問大家下市的股票怎麼處理,55
2019/9/19,[其他] 108年09月19日信用交易統計,21
2019/9/19,[新聞] 華映轉單效應 彩晶：各面板廠都有受惠,9
2019/9/19,Re: [標的] 十銓 4967  除權投機一波,0
2019/9/19,[新聞] 大陸豬肉價上週飆漲4.1% 牛羊肉價皆漲,21
2019/9/19,Re: [新聞] 選後…電價調漲壓力就大了,3
2019/9/19,Re: [新聞] 新光金 公告本公司現金增資發行普通股暨甲種特別股之發,34
2019/9/19,[標的] 台指期 多頭修正,9
2019/9/19,[新聞] 選後…電價調漲壓力就大了,24
2019/9/19,[新聞] 外媒：iPhone 11台灣預購量超乎預期,63
2019/9/19,[新聞] 超商貨送到家！全家攜手Uber Eats搶攻237,51
2019/9/19,[新聞] 鋼材需求停滯！東京製鐵3個月來首度調降,21
2019/9/19,Re: [新聞] 藉黎智英資助反送中 索羅斯做空港股,6
2019/9/19,[新聞]半導體未來在台美合作 選擇中國資源將流失,25
2019/9/19,[其他] 108年09月19日 三大法人買賣金額統計表,46
2019/9/19,Re: [新聞] 封裝廠注意了！群創與工研院攜手 3年內搶進下世代晶片,3
2019/9/19,[閒聊] 2019/09/19 盤後閒聊,26
2019/9/19,[標的] 2498  宏達電   超級多,0
2019/9/19,[新聞] 中鋼8月稅前盈餘 年減66.90％,23
2019/9/19,Re: [新聞]台灣司法風暴！富商密宴筆記曝光　石木,6
2019/9/19,[新聞] 陳其邁：台灣半導體產值逾2.6兆元 奪最大設備市場寶座,-10
2019/9/19,Re: [請益] 用營運判斷買股問題,5
2019/9/19,[新聞] 封裝廠注意了！群創與工研院攜手 3年內搶進下世代晶片,15
2019/9/19,[新聞] 樂天宣布收購全部股份 Lamigo桃猿走入歷史,28
2019/9/19,Re: [標的] 5278尚凡,20
2019/9/19,[新聞] 迪士尼CEO: 賈伯斯若還活著 迪士尼早已和,30
2019/9/19,[新聞] 鋼市景氣不佳 中鋼前8月稅前盈餘年減37%,9
2019/9/19,[新聞] 影／投資達人分享ETF秘訣 40歲前打造退休,31
2019/9/19,[新聞] 台灣50指數 將新增新光金、剔除友達,8
2019/9/19,[新聞]台積電 7nm 訂單交貨時間需時六個月,23
2019/9/19,[標的] 9937 全國 多,1
2019/9/19,Re: [新聞] 吸引年輕人錢進台股 盤中零股交易 明年Q3實施,5
2019/9/19,[新聞] SEMI：2020年預計18座新晶圓廠投資總額達,1
2019/9/19,[標的] 欣銓 3264,1
2019/9/19,Re: [新聞] 吸引年輕人錢進台股 盤中零股交易 明年Q3實施,9
2019/9/19,[標的] 康普(4739),12
2019/9/19,[新聞] 吸引年輕人錢進台股 盤中零股交易 明年Q3實施,46
2019/9/19,[請益] 用營運判斷買股問題,6
2019/9/19,[新聞] 〈半導體展開展〉劉德音：5奈米製程明年,5
2019/9/19,[閒聊] 2019/09/19 盤中閒聊,96
2019/9/19,[新聞]聯準會降息一碼...美股下挫、川普開罵,22
2019/9/19,Re: [新聞] 藉黎智英資助反送中 索羅斯做空港股慘賠,12
2019/9/19,[標的] 台指期 11月 空單,14
2019/9/19,Re: [新聞] 藉黎智英資助反送中 索羅斯做空港股慘賠,4
2019/9/18,[新聞] 投信拚作帳，轉抱PCB、蘋概股,20
2019/9/18,[其他] 108年09月18日信用交易統計,13
2019/9/18,[公告] consequence 水桶一個月,0
2019/9/18,[新聞] 資產遭法院查封 華映宣布聲請破產,19
2019/9/18,Re: [新聞] 美官方確認：中國買了20.4萬噸美國大豆,23
2019/9/18,[新聞] 駐龍勇奪漢翔高教機訂單,3
2019/9/18,"[新聞] 華為再放大招！今天推出又一款""全球第一""",0
2019/9/18,Re: [請益] 重壓一檔股票是什麼感覺？,28
2019/9/18,[新聞] 秘訣！黃金「編號流動快」可入手,11
2019/9/18,[新聞] 美國會將立法 加強監管在美上市中國公司,4
2019/9/18,[標的] 5410國眾,7
2019/9/18,[新聞] 鋼廠釋放新增產能，陸上市鋼企Q4獲利承壓,7
2019/9/18,Re: [請益] 擦鞋童理論準不準啊？,16
2019/9/18,[新聞] HTC股價狂噴9％ 網1句酸爆王阿姨,27
2019/9/18,[其他] 108年09月18日 三大法人買賣金額統計表,100
2019/9/18,Re: [請益] 擦鞋童理論準不準啊？,1
2019/9/18,[新聞] 王雪紅交棒 梅特接手宏達電執行長,12
2019/9/18,[閒聊] 2019/09/18 盤後閒聊,4
2019/9/18,Re: [請益] 重壓一檔股票是什麼感覺？,54
2019/9/18,[新聞] 世界油價上漲 令中國經濟雪上加霜,33
2019/9/18,[新聞] 外資今年狂賣165萬張》友達、群創股價跌到史上低點 究竟可,23
2019/9/18,[標的] 十銓 4967  除權投機一波,2
2019/9/18,[請益] 擦鞋童理論準不準啊？,35
2019/9/18,[新聞] 南韓反擊！正式將日本踢出貿易白名單,6
2019/9/18,[新聞] 中國產能持續開出 韓系面板廠吹響裁員號,3
2019/9/18,[標的] 2537聯上發,17
2019/9/18,[新聞] 台積電：摩爾定律仍活躍 未來可能發展至1,18
2019/9/18,[新聞] 我國光學鏡頭2019年1-7月出口產值增加13.,1
2019/9/18,Re: [標的] 高價股 2059川湖 多,12
2019/9/18,[新聞] 川普：美中貿易協議有望選前達陣 否則不,17
2019/9/18,[新聞] 桃猿易主日本樂天　19日將公開宣布,25
2019/9/18,[新聞] 郭台銘不選總統…鴻家軍市值一天蒸發900億,15
2019/9/18,[新聞] 雙方董座：不影響合作,0
2019/9/18,[新聞] 台塑靜鋼 怒批中鋼低價搶單,0
2019/9/18,[標的] 4938 和碩,50
2019/9/18,Re: [新聞] 從納智捷轉型看國產車困境,-10
2019/9/18,[請益] 除權配股影響APP試算損益,7
2019/9/18,Re: [請益] 重壓一檔股票是什麼感覺？,20
2019/9/18,[新聞] 中國經濟8月全線惡化 加重貿易戰放軟預期,13
2019/9/18,Re: [新聞] 從納智捷轉型看國產車困境,6
2019/9/18,[標的] 力旺 3529 空 4147 多,3
2019/9/18,Re: [新聞] 從納智捷轉型看國產車困境,18
2019/9/18,[閒聊] 2019/09/18 盤中閒聊,100
2019/9/18,[新聞] 從納智捷轉型看國產車困境,7
2019/9/18,Fw: [新聞] 蔣尚義帶領陸廠進攻7奈米,38
2019/9/18,Fw: [新聞] CNN- 中國政府釋出10000噸豬肉,40
2019/9/18,Re: [新聞] 鴻海鬆口氣？郭台銘宣布不選2020總統,2
2019/9/18,Re: [請益] 重壓一檔股票是什麼感覺？,8
2019/9/18,Re: [請益] 重壓一檔股票是什麼感覺？,31
2019/9/18,Re: [新聞] 藉黎智英資助反送中 索羅斯做空港股慘賠,4
2019/9/18,[標的] 2337旺宏 多,23
2019/9/17,"[新聞] 處分群創股 仁寶損失1,500萬",10
2019/9/17,[新聞] 藉黎智英資助反送中 索羅斯做空港股慘賠,7
2019/9/17,[請益] 現金增資認股繳款方式詢問(已解決),18
2019/9/17,Re: [請益] 攤平要攤到什麼時候才要停損,10
2019/9/17,Re: [請益] 重壓一檔股票是什麼感覺？,93
2019/9/17,[新聞] 中印夾擊 Q4鋼價有壓,6
2019/9/17,[新聞] 本週Fed「不降息」的預期突然暴增35%！理,13
2019/9/17,[新聞] 中鋼新購高雄輕軌列車 行駛一階輕軌14個,3
2019/9/17,[其他] 108年09月17日信用交易統計,14
2019/9/17,[新聞] 河靜鋼廠11月鋼價大跌 中鋼獲利恐受拖累,10
2019/9/17,[新聞] 華映緊急處份屆滿 債權公司聲請強制執行,0
2019/9/17,Re: [請益] 攤平要攤到什麼時候才要停損,2
2019/9/17,Re: [請益] 重壓一檔股票是什麼感覺？,100
2019/9/17,Re: [標的] 1402 遠東新 多,19
2019/9/17,[新聞] 台灣輸出到南韓半導體原料大增6倍,9
2019/9/17,[新聞] 《半導體》昇陽半對宜特提專利侵權訴訟,12
2019/9/17,[請益] 重壓一檔股票是什麼感覺？,73
2019/9/17,[新聞] 南山人壽新系統之亂重罰3000萬 董座杜英,40
2019/9/17,[新聞] 鴻海集團積極半導體布局、每年半導體採購,2
2019/9/17,[新聞] 紫光拚DRAM 十年要砸3.5兆,26
2019/9/17,[請益] 這是詐騙嗎？ GTG Ventures,14
2019/9/17,Re: [請益] 攤平要攤到什麼時候才要停損,15
2019/9/17,[新聞] 宏達電人事大地震！王雪紅卸任執行長,88
2019/9/17,[請益] 台新金戊種特別股,7
2019/9/17,[其他] 集中市場外資買賣超十日排行 (9/16),8
2019/9/17,[新聞] 美中將達成臨時協議？美國商會：萊特海澤,3
2019/9/17,[新聞] 蘋果攜手鴻海，斥資逾 300 億元擴大印度,9
2019/9/17,[新聞] 分析師:新iphone預購買氣優於前代!京東首,14
2019/9/17,[新聞] 儲存天花、伊波拉病毒 俄羅斯實驗室驚傳,23
2019/9/17,[其他] 108年09月17日 三大法人買賣金額統計表,32
2019/9/17,[閒聊] 2019/09/17 盤後閒聊,60
2019/9/17,[標的] 3105 穩懋 北上第一班列車啟動,43
2019/9/17,[新聞] 郭董不參選 國瑜概念股上演慶祝行情？,3
2019/9/17,Re: [標的] 上證指數，A50指,15
2019/9/17,[標的] 3645  達邁,6
2019/9/17,[新聞] 〈郭台銘不選了〉鴻海股價下挫近2% 泛鴻,1
2019/9/17,[標的] 1702南僑 肥皂多,21
2019/9/17,[新聞]台灣司法風暴！富商密宴筆記曝光　石木,21
2019/9/17,[標的] 2633 台灣高鐵  旅客多,37
2019/9/17,Re: [請益] 攤平要攤到什麼時候才要停損,6
2019/9/17,[新聞] 玉山理專盜領客戶上千萬元 銀行：會對個,20
2019/9/17,[新聞] 存股族必看！快跟壽險大咖投資類債券股票,22
2019/9/17,[請益] google finance找不到00679B,2
2019/9/17,[新聞] ABB上海投資1.5億美元建新廠及研發基地,5
2019/9/17,[新聞] 鴻海鬆口氣？郭台銘宣布不選2020總統,30
2019/9/17,[閒聊] 2019/09/17 盤中閒聊,98
2019/9/17,[新聞] 驚！野豬帶病趴趴走 韓朝交界農場爆非洲,52
2019/9/17,[新聞] 面板供需失衡致虧損連連 LGD執行長走人,16
2019/9/17,Re: [請益] 攤平要攤到什麼時候才要停損,13
2019/9/17,[新聞] 〈郭台銘不選了〉保有彈性 從旁傳承經驗,12
2019/9/17,[新聞] 美能源部長：談動用石油儲備仍太早　應組,9
2019/9/17,[新聞] 李克強：大陸經濟保6 十分不容易,15
2019/9/17,Re: [標的] 5289 宜鼎 多,1
2019/9/17,[新聞] 郭台銘不選總統 老友：鴻海內部鬆一口氣,9
2019/9/16,[請益] 凱基證 定期定額問題,4
2019/9/16,[新聞] 道瓊永續指數成分股 元大金控首度入選,0
2019/9/16,[新聞] NPR菜籃經濟學:美國關稅造成民生用品價格,3
2019/9/16,[其他] 108年09月16日信用交易統計,11
2019/9/16,Re: [新聞] 〈全球油價噴出〉最肥黑天鵝來了！葉門胡,2
2019/9/16,[新聞] 政府冷處理 業者嘆：流失上千億產值,21
2019/9/16,[新聞] 塑化類股飆漲 台股進逼10900點,29
2019/9/16,[請益] 00679B元大美債20年 盤中跳兩下,3
2019/9/16,[請益] 關於背離,5
2019/9/16,Re: [請益] 攤平要攤到什麼時候才要停損,24
2019/9/16,[新聞] 仁寶電腦:公告處分群創光電股份有限公司,15
2019/9/16,[新聞] 〈全球油價噴出〉最肥黑天鵝來了！葉門胡,23
2019/9/16,[新聞] 後市不「利」，頎邦遭外資降評砍價,53
2019/9/16,[請益] 攤平要攤到什麼時候才要停損,46
2019/9/16,[新聞] 郭台銘搭檔是她？ 李紀珠：沒有這回事,25
2019/9/16,[新聞] IDC：全球筆記型電腦組裝 台灣2019Q2出貨,5
2019/9/16,[新聞] WSJ:沙國石油攻擊不大可能削弱美國經濟,11
2019/9/16,[新聞] WSJ:中國經濟全面崩潰,57
2019/9/16,[新聞] 神基強固型平板電腦 打入土耳其機場,10
2019/9/16,[其他] 108年09月16日 三大法人買賣金額統計表,59
2019/9/16,[新聞] 一年做二次股票 心理師輕鬆賺贏上班族,54
2019/9/16,[閒聊] 2019/09/16 盤後閒聊,27
2019/9/16,[新聞] 石油世界的911事件》沙烏地石油設施被炸,18
2019/9/16,[新聞] 鴻海大陣仗 搶進半導體展,4
2019/9/16,[新聞] 黃國昌提累進囤屋稅 持屋大戶最高可課到10%,100
2019/9/16,Re: [其他] 有firstrade帳戶的記得看一下,4
2019/9/16,[新聞] 亞洲鋼價漲跌不一，中鋼預期已到谷底,6
2019/9/16,[新聞] 沙烏地油廠遇襲案 川普：美方砲彈已上膛,42
2019/9/16,[新聞] 中國8月工業增加值年增4.4% 創17年半低點,18
2019/9/16,"[新聞] 受惠美國升息 壽險收益 5年看增1,300億",10
2019/9/16,[閒聊] 2019/09/16 盤中閒聊,100
2019/9/16,[新聞] 史上最嚴重石油中斷 油價漲破19％,62
2019/9/16,[新聞] 第一次！蘋果揭露iPhone 11組裝100％使用,30
2019/9/16,Re: [新聞] 裕隆高層大地震！嚴凱泰視為生命的「納,5
2019/9/16,Re: [心得] 壽險股ｉｆｒｓ17,7
2019/9/15,[其他] 有firstrade帳戶的記得看一下,51
2019/9/15,Re: [心得] 壽險股ｉｆｒｓ17,10
2019/9/15,[新聞] 裕隆替華創車電尋新婆家？ 鴻海有意出手,18
2019/9/15,[新聞] 大陸供應鏈向美國說分手 台廠接收3大機會,4
2019/9/15,[新聞]  長榮航空,16
2019/9/15,[新聞] 倫交所狠拒港交所1.2兆併購案 英國無法,11
2019/9/15,[新聞] 裕隆高層大地震！嚴凱泰視為生命的「納,22
2019/9/15,[請益] 有人在玩房產+股票的投資組合的嗎?,11
2019/9/15,[公告] waitl Stealer 水桶一週,0
2019/9/15,[公告] mike110100 zaxs12333 警告一次,0
2019/9/15,[公告] a19533141 titigirl Q00863 警告一次,0
2019/9/15,[新聞] 若美解除制裁 伊朗將採極限生產原油政策,13
2019/9/15,[標的]  3030德律 短多,4
2019/9/15,[新聞] 煉油廠遇襲 沙停產5成原油 恐衝擊油價,35
2019/9/15,Re: [心得] 壽險股ｉｆｒｓ17,5
2019/9/15,Re: [心得] 壽險股ｉｆｒｓ17,20
2019/9/15,Re: [心得] 壽險股ｉｆｒｓ17,9
2019/9/15,[新聞] 鋼鐵一哥多角化 躋身軍工股,12
2019/9/15,Re: [其他] 高鐵票價到底可不可以漲,25
2019/9/15,Re: [新聞] 謝金河專欄：台灣人坐在金礦上天天罵政,28
2019/9/15,Re: [其他] 高鐵票價到底可不可以漲,19
2019/9/15,[新聞] 連假概念股迎旺季 14檔出列,10
2019/9/15,[新聞] 大選概念股 進場時機到,9
2019/9/14,[新聞] 預估台積電第 3 季市占仍提升，南韓媒體,15
2019/9/14,[新聞] 小黃補助換車 政院竟動用救災第二預備金,21
2019/9/14,Re: [其他] 高鐵票價到底可不可以漲,26
2019/9/14,[新聞] 晶圓廠投資額 明年有望增三成,5
2019/9/14,[新聞] 法媒分析：美中貿易戰 台灣可能獲益,12
2019/9/14,[新聞] 沙國2座煉油廠遭無人機攻擊爆炸　大火恐,62
2019/9/14,Re: [新聞] 宏達電深耕VR 陳柏諭看好5G激勵需求,4
2019/9/14,[請益] 請推薦海外Reits ETF,8
2019/9/14,[新聞] Google付347億元 與法國稅務和解,8
2019/9/14,Re: [其他] 加權指數、00632R、0050 討論,3
2019/9/14,Re: [心得] 壽險股ｉｆｒｓ17,15
2019/9/14,[新聞] 今年來股民平均賺36萬 上市櫃總市值增3.8,81
2019/9/14,Re: [心得] 壽險股ｉｆｒｓ17,0
2019/9/14,[新聞] 8月集中市場交易戶數 飆8年新高,7
2019/9/14,[新聞] 陸前8月實際使用外資逾6千億人幣 年增6.9%,0
2019/9/14,[新聞]《類股》迎接節慶行情，食品類股看俏,12
2019/9/14,[標的] 上證指數，A50指,8
2019/9/14,[新聞] 美官方確認：中國買了20.4萬噸美國大豆,27
2019/9/14,[心得] 壽險股ｉｆｒｓ17,23
2019/9/14,[新聞] 震撼！裕隆集團副執行長陳國榮　請辭華創及納智捷董座,37
2019/9/14,[新聞] PCB廠題材豐 熱度不減,35
2019/9/14,[新聞] 16檔大戶掃貨 爆量強漲,15
2019/9/14,[請益] 證券分析的意義,14
2019/9/13,[新聞] 謝金河專欄：台灣人坐在金礦上天天罵政,23
2019/9/13,[其他] 越南股市現況(一)---兩個證交所,17
2019/9/13,[其他] 加權指數、00632R、0050 討論,13
2019/9/13,[心得] 大盤及鴻海分析,57
2019/9/13,[公告] Jeffkent Lex4193 david190水桶,0
2019/9/13,[新聞] 川普延後關稅、歐央行降息 美股道瓊連7漲,23
2019/9/13,Re: [新聞] 搶救國產車政府出手了！擬砍半進口引擎稅率壓低車價,24
2019/9/13,[新聞] 中國免黄豆豬肉額外關税,33
2019/9/13,[其他] 趁中秋講幹話,5
2019/9/13,Re: [請益] 好用的證券及期貨手機雲端智慧下單app,3
2019/9/13,[請益] 郭富城代言的倫敦經香港,3
2019/9/13,[新聞] 外資認錯！喊買聯發科目標價449元,27
2019/9/13,[新聞] 美公務員和軍人1.7兆退休金將投資中企 1,12
2019/9/13,[新聞] 調查：近9成日企表示 不會因貿易戰離開大陸,0
2019/9/13,[新聞] 搶救國產車政府出手了！擬砍半進口引擎稅率壓低車價,11
2019/9/13,[新聞] 汽車銷量加劇下滑 印度車市面臨20年來最大危機,5
2019/9/13,[新聞] 獨孤求敗？任正非這超大膽提議 外媒：少有先例,16
2019/9/13,[新聞] 美國今年度預算赤字擴大19％,8
2019/9/13,Re: [其他] 另一篇AMD Lisa Su專訪 彭博,10
2019/9/13,[請益] 目前不是買美金的好時機?,24
2019/9/13,Re: [新聞] 貿易戰曙光？ 川：考慮與中國臨時協議,0
2019/9/13,[新聞] 夏普：郭台銘SDP持股賣了,15
2019/9/13,[新聞] 俄羅斯測試6G MODEM樣機、改變無線電波波,20
2019/9/13,[新聞] 香港交易所高價併購倫敦證券交易所 市場,9
2019/9/13,[新聞] 貿易戰曙光？ 川：考慮與中國臨時協議,49
2019/9/13,[標的] SLRX 空,0
2019/9/13,[請益] 大家怎麼看華為發300億rmb債？,50
2019/9/12,[新聞] 中秋過後台股上漲機率達八成,36
2019/9/12,Re: [新聞] 川普語出驚人：Fed應將利率降到零甚至更低,8
2019/9/12,[新聞] 訂單能見度已至年底，復盛、大田9月及Q4,9
2019/9/12,[新聞] 時間點巧合？夏普：郭台銘已出脫SDP持股,17
2019/9/12,Re: [新聞] 川普語出驚人：Fed應將利率降到零甚,1
2019/9/12,[其他] 高鐵票價到底可不可以漲,57
2019/9/12,Re: [請益] 2316楠梓電減資參加與否?,100
2019/9/12,[其他] 108年09月12日信用交易統計,10
2019/9/12,[標的] 帝寶6605 看空?,10
2019/9/12,[標的] 1201 味全,7
2019/9/12,[新聞] 歐洲央行宣布降息！並11月將重啟QE,57
2019/9/12,[新聞] 3因素衝擊香港8月外匯存底創31年來最大跌,10
2019/9/12,[標的] 長多8150南茂,20
2019/9/12,Re: [標的] 4743合一 多,11
2019/9/12,[新聞] 建立太空交通管制系統STM與太空垃圾回收,5
2019/9/12,[請益] 3576 聯合再生,25
2019/9/12,Re: [標的] 元大S&P石油正1跟2,18
2019/9/12,Re: [新聞] 川普語出驚人：Fed應將利率降到零甚至更低,1
2019/9/12,[其他] 108年09月12日 三大法人買賣金額統計表,61
2019/9/12,[新聞] 中方取消部分對美產品關稅 川普：不驚訝,26
2019/9/12,[閒聊] 2019/09/12 盤後閒聊,28
2019/9/12,Re: [新聞] 川普語出驚人：Fed應將利率降到零甚至更低,11
2019/9/12,[新聞] 韓中秋國內遊火爆赴日遊銳減,16
2019/9/12,[新聞] 投資人憂高鐵南延經費 股價連2天下跌,43
2019/9/12,[新聞] 外資觀點：5G起跑，美系外資認錯，調高聯,23
2019/9/12,[新聞] 郭台銘退出國民黨 鴻海股價跟著翻紅市值站上1.05兆,32
2019/9/12,Re: [標的] 3682亞太電 樂透多,28
2019/9/12,[新聞] 郭台銘退出國民黨「不會眷戀這個政黨」,73
2019/9/12,Re: [新聞] 川普語出驚人：Fed應將利率降到零甚至更低,0
2019/9/12,[新聞] 華爾街日報:Forever 21將宣布破產,19
2019/9/12,[新聞] 房市利多 銀行法天條擬鬆綁,22
2019/9/12,"[新聞] 政院太陽光電二年大計 2,220億商機噴發",90
2019/9/12,[標的] 佐登4190  還不夠多,11
2019/9/12,Re: [標的] 全球傳動4540 多 順利達標,3
2019/9/12,[標的] 奧運概念股,26
2019/9/12,[閒聊] 2019/09/12 盤中閒聊,100
2019/9/12,Re: [新聞] 川普語出驚人：Fed應將利率降到零甚至更低,11
2019/9/12,Re: [其他] 川普推特：關稅延到十月十五,13
2019/9/12,[新聞] 衰退看不到盡頭？面板雙虎連貓都不是了,17
2019/9/12,[其他] 川普推特：關稅延到十月十五,48
2019/9/12,Re: [新聞] 川普語出驚人：Fed應將利率降到零甚至更低,5
2019/9/12,[新聞] 港交所1.2兆 要併倫交所,11
2019/9/12,[新聞] 大陸對美加稅 列排除清單,4
2019/9/12,Re: [新聞] 川普語出驚人：Fed應將利率降到零甚至更低,0
2019/9/11,Re: [請益] 股利應該看成獲利，還是成本降低呢？,5
2019/9/11,Re: [新聞] 川普語出驚人：Fed應將利率降到零甚至更低,7
2019/9/11,"[請益] 請問大盤指數掉一點,等於損失多少台幣?",8
2019/9/11,[新聞] 【國泰富邦齊抗敵4】國泰增資200億元補黑,26
2019/9/11,Re: [請益] 股利應該看成獲利，還是成本降低呢？,26
2019/9/11,[新聞] 友達拚轉型庫藏股發威 連兩天放量大漲,12
2019/9/11,[新聞] 川普語出驚人：Fed應將利率降到零甚至更低,39
2019/9/11,[其他] 108年09月11日信用交易統計,19
2019/9/11,Re: [請益] 減資到底是好還壞？,21
2019/9/11,[新聞] 中國大陸走向” 5G網絡共建共享”策略？,14
2019/9/11,[請益] 減資到底是好還壞？,25
2019/9/11,[心得] 鄉民總經觀察04 - 探討大幅衰退的時間點,53
2019/9/11,[新聞] 沃旭能源選定承銷銀行團 籌備在台灣發行,7
2019/9/11,Re: [新聞] 中鋼8月合併營收年減8% 減幅收歛,8
2019/9/11,[標的] 3189 景碩,14
2019/9/11,[新聞] 港交所提議366億美元收購倫交所,8
2019/9/11,[請益] 為何在盤末一路正價差？,5
2019/9/11,[新聞] 青年低薪嚴重 國民黨推提高薪資特別條例,-10
2019/9/11,[新聞] 智慧家庭裝置市場產值2023年達1920億美元,2
2019/9/11,Re: [新聞] 川普要中共負擔清朝債務 陳冲：已過追討,1
2019/9/11,[新聞] 第五代接班！黃亮勛接任霹靂總經理,8
2019/9/11,[請益] 買正在抽籤的股票?,10
2019/9/11,[請益] 綠悅股票下市問題,8
2019/9/11,[新聞] 中鋼8月合併營收年減8% 減幅收歛,17
2019/9/11,[新聞] 過度依賴借貸 美國債務總額恐達GDP的20倍,32
2019/9/11,[其他] 108年09月11日 三大法人買賣金額統計表,57
2019/9/11,[請益] 超廢的長榮航請益各位高手,42
2019/9/11,[新聞] 業者：金管會祭出大利多 將活絡房市,34
2019/9/11,[閒聊] 2019/09/11 盤後閒聊,36
2019/9/11,[新聞] 對美出口值年增逾2成飆歷史新高  對中出,12
2019/9/11,[標的] 群創 空,28
2019/9/11,[新聞] 貿易戰壓力大中國出口由紅翻黑 全球順差,4
2019/9/11,[新聞] iPhone 11發表供應鏈好high 台股開高,12
2019/9/11,[新聞] 選前頻放利多 汽機車大減稅,0
2019/9/11,[新聞] SK Siltron收購美國杜邦公司晶圓部門,3
2019/9/11,[新聞] (6219)富旺-處分可成普通股股票之公告,2
2019/9/11,[新聞] 川普炒了「鷹派」波頓 中國將大買美農品,38
2019/9/11,Re: [標的] 6239 力成,2
2019/9/11,Fw: [新聞] 美國貿易逆差縮小但與中國的逆差仍在擴大,-10
2019/9/11,[新聞] 美將對中國進口瓷磚徵收反補貼稅 初步稅,0
2019/9/11,[新聞] 華為撤銷對美政府訴訟,19
2019/9/11,[閒聊] 2019/09/11 盤中閒聊,100
2019/9/11,[新聞] 外資狂賣12天 高鐵股價被打趴,70
2019/9/11,[新聞] 搶外資！中國宣布取消QFII、RQFII投資額,13
2019/9/11,[標的] 2537 聯上發 多,18
2019/9/10,Re: [請益] 營收年增還是月增比較重要？,10
2019/9/10,Re: [標的] 凌巨 8105 多,100
2019/9/10,"[新聞] 宣德(5457)8月營收,MoM21.17,YoY82.44%",11
2019/9/10,[其他] 9/10 集中市場三大法人買賣超前30名,12
2019/9/10,[新聞] 投資績效太旺！富邦金8月獲利年增59% 前8,11
2019/9/10,[其他] 9/10 店頭市場三大法人買賣超前20名,3
2019/9/10,[心得] 台灣出口到大陸比重為總出口的40%,12
2019/9/10,[新聞] 強勁！ 台積電8月營收1061.18億元創新高,33
2019/9/10,[其他] 108年09月10日信用交易統計,17
2019/9/10,[請益] 營收年增還是月增比較重要？,34
2019/9/10,[其他] 中壽108年8月自結損益,17
2019/9/10,Re: [新聞] 美中貿易全國委員會副會長：沒有美國企業要離開中國,0
2019/9/10,[新聞] 營收：巨路(6192))8月營收年增率-5.64%,11
2019/9/10,[新聞] 2019年7月全球電動車銷售量竟然衰退14%,10
2019/9/10,[新聞] 林姿妙：宜蘭也需要高鐵 請蘇院長關心,61
2019/9/10,[標的] 3406玉晶光,16
2019/9/10,[標的] 高價股 2059川湖 多,6
2019/9/10,Re: [新聞] 貿易戰惡果？美國8月對中國貿易逆差,72
2019/9/10,Re: [新聞] 美政府歸還華為貨物 華為撤銷對美政府多部門的訴訟,3
2019/9/10,Re: [新聞] 美中貿易全國委員會副會長：沒有美國企業要離開中國,11
2019/9/10,[標的] 3017奇鋐 請益,19
2019/9/10,[新聞] 鴻海搶進半導體 群創助攻,7
2019/9/10,Re: [標的] 國泰美國道瓊反1(00669R) 買入,9
2019/9/10,[心得] 2409 友達籌碼資料研究,9
2019/9/10,[新聞] 營收：聯發科(2454)8月營收230億4300萬,0
2019/9/10,[其他] 108年【8月份金控股】EPS排名 (全已公布),54
2019/9/10,[請益] 價值投資(美股)是否王者歸奶?,4
2019/9/10,[標的] 3006 晶豪科 多,15
2019/9/10,Re: [標的] 建榮 5340,3
2019/9/10,[請益] 使用海外券商買賣 選擇權/期貨 的優缺點?,3
2019/9/10,[新聞] 每逢中秋便手軟 中鋼綠豆椪賣到不想賣,26
2019/9/10,[新聞] 中鋼挺下游 推優惠專案,4
2019/9/10,[新聞] 玉山金前8月大賺近140億 續創歷年同期,26
2019/9/10,Re: [標的] 1402 遠東新 多,17
2019/9/10,[新聞] 離岸風機國產化 CIP半數承諾跳票,36
2019/9/10,[其他] 108年09月10日 三大法人買賣金額統計表,27
2019/9/10,[新聞] 台積電8月營收衝上1061億元 創歷史新高,44
2019/9/10,[標的]穩健的債券ETF或標的,6
2019/9/10,Re: [標的] 4960 誠美材 多,4
2019/9/10,[閒聊] 2019/09/10 盤後閒聊,28
2019/9/10,[新聞] 貿易戰壓力大中國出口由紅翻黑 全球順差,10
2019/9/10,Re: [新聞] 貿易戰惡果？美國8月對中國貿易逆差創紀,24
2019/9/10,[新聞] 聯發科氣勢如虹 里昂點兩大突破性利多,9
2019/9/10,[新聞] 駐龍往後7年訂單滿手，漢翔高教機擬26日,7
2019/9/10,[新聞] 韓國船企8月接單量再次位居全球第一,12
2019/9/10,[新聞] 柔性OLED顯示器商機起飛 仍需等待更多技,2
2019/9/10,[新聞] iPhone新機發表前外資唱衰 蘋概股軟腳,37
2019/9/10,[標的] 大盤 颶風級 空,27
2019/9/10,[新聞] 農產進軍加拿大 10噸麻豆文旦完售,0
2019/9/10,Re: [新聞] 蘇貞昌明南下視察 將宣布高鐵南延到屏東,31
2019/9/10,Re: [新聞] 蘇揆明宣布高鐵南延 民進黨內支持「左營,5
2019/9/10,[閒聊] 2019/09/10 盤中閒聊,100
2019/9/10,[標的] 2634 漢翔,9
2019/9/10,Re: [新聞] 中8月出口萎縮 對美大跌16％,0
2019/9/10,[標的] 元大金,25
2019/9/10,Re: [新聞] 貿易戰惡果？美國8月對中國貿易逆差創紀,7
2019/9/10,Re: [新聞] 貿易戰惡果？美國8月對中國貿易逆差創紀,8
2019/9/10,[新聞] 中概內需股急凍 王品、85度C、瓦城全倒,78
2019/9/09,Re: [標的] 8926 台汽電,1
2019/9/09,[新聞] 蘇貞昌明南下視察 將宣布高鐵南延到屏東,0
2019/9/09,Re: [新聞] 貿易戰惡果？美國8月對中國貿易逆差創紀,43
2019/9/09,Re: [標的] 8926 台汽電,6
2019/9/09,[標的] 3005神基 多,52
2019/9/09,[新聞] 貿易戰惡果？美國8月對中國貿易逆差創紀,4
2019/9/09,Re: [新聞] 中8月出口萎縮 對美大跌16％,0
2019/9/09,[標的] 8926 台汽電,2
2019/9/09,[其他] 108年09月09日信用交易統計,22
2019/9/09,[新聞] 中8月出口萎縮 對美大跌16％,12
2019/9/09,[公告] kk780712 警告一次,0
2019/9/09,[公告] jongam s70cf1663 水桶一個月,0
2019/9/09,[新聞] 22年來首次平衡預算？ 明年國債續創高,9
2019/9/09,[新聞] 元太人事震盪！柯富仁辭元太董座 職務由,11
2019/9/09,[公告] lokchu 水桶一週,0
2019/9/09,[新聞] 8月出口成功轉正 年增2.6%,12
2019/9/09,[標的] 2474可成,14
2019/9/09,[標的] 6456 GIS-KY,19
2019/9/09,Re: [新聞] 台汽電今年營收有壓，惟業外挹注獲利看升,4
2019/9/09,Re: [新聞] 川普要中共負擔清朝債務 陳冲：已過追討,2
2019/9/09,[新聞] 罷工衝擊！華航上半年虧損6.9億元 長榮,9
2019/9/09,[新聞] 記憶體市況加溫 南亞科吳嘉昭：明年下半,11
2019/9/09,[新聞] 蘇揆明宣布高鐵南延 民進黨內支持「左營,43
2019/9/09,[新聞] 震撼！友達ADR將自美下市 明祭庫藏股救,80
2019/9/09,[新聞] 【2888 新光金】108年8月份自結合併盈餘,58
2019/9/09,[新聞] 台汽電8月營收9.91億元年增92.66% 1—8,5
2019/9/09,[新聞] 緯穎(6669)8月營收110.08億 年增-35.2%,7
2019/9/09,[新聞] 2020年5G SoC晶片帶動5G手機市場之關鍵,1
2019/9/09,[新聞] 營收：玉晶光(3406)8月營收18億3806萬元,58
2019/9/09,[新聞] 信義區「18億豪宅」賣出第1戶　買家曝光,38
2019/9/09,[新聞] 台股前8月漲幅 建榮工業269%奪冠,7
2019/9/09,"Re: [請益] 我該停損嗎?版上一堆利多,被嗄上天了",0
2019/9/09,[新聞] 富智康遭踢出港股通 今一度跌逾5% 收盤跌,5
2019/9/09,Re: [新聞] 川普要中共負擔清朝債務 陳冲：已過追討,-10
2019/9/09,[新聞] 包租公年收近1.5億元 貢獻補充保費284萬,31
2019/9/09,[標的] 建榮 5340,18
2019/9/09,[標的] 2454 聯發科 多,7
2019/9/09,[其他] 108年09月09日 三大法人買賣金額統計表,45
2019/9/09,[新聞] 納智捷成拖油瓶　嚴陳莉蓮出手整頓推優離,34
2019/9/09,[新聞] 郭台銘913發表退黨聲明　2020「三腳督」,43
2019/9/09,[新聞] 川普要中共負擔清朝債務 陳冲：已過追討,1
2019/9/09,Re: [標的] 2367 燿華 多,34
2019/9/09,[閒聊] 2019/09/09 盤後閒聊,14
2019/9/09,Re: [標的] 1902台紙 多,34
2019/9/09,[新聞] 5G來臨之際，蘋果數據機技術能否趕上英特,9
2019/9/09,[新聞] 9月來買超313億 外資回籠 台股攻堅挑戰萬一,8
2019/9/09,Re: [請益] 股利應該看成獲利，還是成本降低呢？,6
2019/9/09,[新聞] 就在明年美國總統大選前！獨家專訪潘健成,16
2019/9/09,Re: [標的] 8150 南茂,10
2019/9/09,[請益] 有辦法辨別哪家公司會惡性炒股嗎?,16
2019/9/09,[新聞] 聯發科喜獲三星大單,26
2019/9/09,Re: [標的] 8059凱碩 多,8
2019/9/09,[新聞] 7奈米訂單大爆發 台積8月營收衝千億,7
2019/9/09,[新聞] 華爾街銅牛被砸 右角留裂口,65
2019/9/09,[閒聊] 2019/09/09 盤中閒聊,100
2019/9/09,[新聞] 營收：元翎(4564)8月營收2億2345萬元,9
2019/9/09,[新聞] 主攻高毛利 光隆展望佳,1
2019/9/09,[標的] 上證指數，A50指,10
2019/9/09,[新聞] 任正非：鴻蒙系統短期內難轉到手機,43
2019/9/09,Re: [請益] 股利應該看成獲利，還是成本降低呢？,28
2019/9/09,Re: [請益] 美中貿易戰,3
2019/9/09,Re: [新聞] 川普警告中國別拖 等他連任貿易協議會嚴,5
2019/9/09,[請益] 股票減資後下單軟體顯示成本問題,3
2019/9/09,Re: [請益] 有人研究過裸K嗎?,0
2019/9/09,Re: [新聞] 17兆債務將到期 中國地方債引爆倒數,6
2019/9/09,Re: [新聞] 《業績-航運》慧洋-KY 8月稅前每股賺0.21,3
2019/9/08,[請益] 關於營業員,48
2019/9/08,[公告] Meerz ffaarr 水桶一週,0
2019/9/08,[新聞] 鴻海長紅 連六月向上,25
2019/9/08,Re: [請益] 美中貿易戰,9
2019/9/08,[新聞] 日本限貿逾兩月 韓半導體和手機屏生產尚,6
2019/9/08,[標的] 大盤,68
2019/9/08,Re: [請益] 在家裡找到股票,5
2019/9/08,徵融資融券教學,0
2019/9/08,[新聞] 17兆債務將到期 中國地方債引爆倒數,34
2019/9/08,[新聞] 陸預製結構鋼涉傾銷 美初裁成立 最高徵14,6
2019/9/08,[新聞] 中鋼協：陸鋼鐵產量占全球五成,6
2019/9/08,Re: [請益] 被動收入24萬/年有人達到過嗎,33
2019/9/08,[新聞] 狙擊香港 97金融風暴恐重現,16
2019/9/08,[請益] 股利應該看成獲利，還是成本降低呢？,43
2019/9/08,元大MetaTrader5期貨,1
2019/9/08,Re: [新聞] 巴菲特也搶搭低利發債潮！日圓債票息僅0.,0
2019/9/08,[其他] 美國政府對人民幣匯率的態度,9
2019/9/08,Re: [請益] 有人研究過裸K嗎?,0
2019/9/08,[新聞] 中國8月外貿數據走弱 由成長變衰退1% 不,24
2019/9/08,[心得] 923檔熱錢追，接棒演出,0
2019/9/08,[請益] 在家裡找到股票,38
2019/9/08,Re: [新聞] 川普警告中國別拖 等他連任貿易協議會嚴,3
2019/9/08,[新聞] 16檔CP值爆表 熱錢捧,57
2019/9/08,Re: [新聞] 川普警告中國別拖 等他連任貿易協議會嚴,0
2019/9/08,[新聞] 2026年破產 監委促加速勞保年改,26
2019/9/08,[新聞] 中鋼為何賣月餅 他咬一口懵了,18
2019/9/08,[請益] 好用的證券及期貨手機雲端智慧下單app,9
2019/9/08,[新聞] 15檔營收三升 領漲悍將,16
2019/9/08,[新聞] 英相可能無視反硬脫歐法 反對派準備法律,13
2019/9/08,[請益] 美中貿易戰,13
2019/9/08,[請益] 果凍的影響力,37
2019/9/08,Re: [新聞] 你領多少股息？台灣人對存股簡直狂熱,14
2019/9/08,[新聞] 台商回流添六家 投資85億,15
2019/9/07,[標的] 3008 大立光 多,21
2019/9/07,Re: [請益] 5檔報價級距,0
2019/9/07,Re: [新聞] WSJ:聯準會主席暗示9月再次降息,10
2019/9/07,Re: [請益] 有人研究過裸K嗎?,4
2019/9/07,[標的] 2908 特力,19
2019/9/07,Re: [新聞] 你領多少股息？台灣人對存股簡直狂熱,78
2019/9/07,[請益] 醉漢如果漫步在英國海岸線上會發生什麼事?,13
2019/9/07,[請益] 5檔報價級距,7
2019/9/07,[新聞] 元大金為「臺灣高薪100 指數」成分股 健,3
2019/9/07,[請益] 韓國半導體若真倒了，哪些股票是受益者?,18
2019/9/07,Re: [請益] 有人研究過裸K嗎?,10
2019/9/07,[請益] 股利發放疑問,0
2019/9/07,[請益] 為什麼新聞較少談到 英國股市?,11
2019/9/07,Re: [新聞] 你領多少股息？台灣人對存股簡直狂熱,10
2019/9/07,Re: [請益] 有人研究過裸K嗎?,10
2019/9/07,Re: [請益] 如果是閒錢，是否可以全股票配置？,8
2019/9/07,[公告] mjh678 水桶一個月,0
2019/9/07,[公告] dannyshe 水桶一週,0
2019/9/07,[新聞] 不等國家養！這家半導體廠生1胎月薪加6％,31
2019/9/07,[新聞] 你領多少股息？台灣人對存股簡直狂熱,50
2019/9/07,Re: [新聞] 巴菲特：道瓊百年內料衝破100萬點,16
2019/9/07,[新聞] 巴菲特也搶搭低利發債潮！日圓債票息僅0.,5
2019/9/07,[新聞] 挺鋼鐵下游 經部認定中國鋼恐釀損害但不,7
2019/9/07,Re: [新聞] 華為願公開原始碼 日媒：對中企不信,-10
2019/9/07,Re: Fw: [新聞] 連續 18 年每年都拿諾貝爾獎，造就日本科技高峰的「,0
2019/9/07,[新聞] 再下修！紐約Fed估下半年GDP最低1.1% 明,38
2019/9/07,[新聞] 台郡(6269)8月營收26億2542萬元,19
2019/9/07,Fw: [新聞] 連續 18 年每年都拿諾貝爾獎，造就日本科技高峰的「菊刀,35
2019/9/07,[新聞] 大立光８月營收 暴衝,7
2019/9/07,[請益] 台股是不是對放空的人很不公平？,18
2019/9/07,[新聞] WSJ:聯準會主席暗示9月再次降息,14
2019/9/07,[標的] 仁寶外資法人繼續賣 為什麼會漲?,19
2019/9/07,Re: [請益] 如果是閒錢，是否可以全股票配置？,5
2019/9/07,[新聞] 英國脫歐劇情繼續反轉 商家未雨綢繆謀自保,9
2019/9/07,Re: [請益] 有人研究過裸K嗎?,1
2019/9/07,[請益] 有人研究過裸K嗎?,65
2019/9/07,[新聞] 營收：華邦電（2344）8月營收月增3.13%,20
2019/9/07,[新聞] 元大寶華：台幣難全跟著人民幣走貶,5
2019/9/07,[標的] 2367 燿華 空,32
2019/9/07,[新聞]威宏ky：全球精品包大王如何打贏貿易戰？,3
2019/9/07,[新聞] 營收：宏達電(2498)8月營收7億3461萬,39
2019/9/07,[標的] 3376 新日興,2
2019/9/07,[新聞] MAS調查：2019年新加坡經濟增長預期下滑,10
2019/9/07,[新聞] 中國央行16日再降準 2019年第3次,13
2019/9/07,[其他]公開收購裕豐普通股，公開收購條件均已成,0
2019/9/07,[請益] 財經日曆的經濟數據預測值是誰在預測？,3
2019/9/06,[新聞] 營收：弘憶股(3312)8月營收11億7955萬元,9
2019/9/06,[新聞] 營收：漢翔(2634)8月營收24億5697萬元,6
2019/9/06,[新聞] 台灣50指數 將新增新光金、剔除友達,34
2019/9/06,[其他] 9/6 集中市場三大法人買賣超前30名,7
2019/9/06,[其他] 9/6 店頭市場三大法人買賣超前20名,1
2019/9/06,[其他] 108年09月06日信用交易統計,11
2019/9/06,Re: [心得] 用電影看漲跌又來了~ ``亂世佳人``,7
2019/9/06,[新聞] 勞保基金剛公佈大賺613億監察院隨即打臉,53
2019/9/06,[新聞] 台股盤後》法人：逢高可出清 壓回再回補,34
2019/9/06,Re: [請益] 為什麼台股一定要買一張?,13
2019/9/06,[新聞]《金融時報》：香港外資搬總部只會選星國深圳條件不足,40
2019/9/06,[新聞] 重磅！中國人行宣布降準2碼 約釋放人民-,48
2019/9/06,[新聞] 【2885 元大金】108年8月份自結合併盈餘,51
2019/9/06,[新聞] 中客不來衝擊遊覽車業 交通部敲定免徵汽,-10
2019/9/06,[新聞] 杰力神盾致新8月業績亮麗 營收創歷史新高,0
2019/9/06,[其他] 永豐金108年8月自結合併盈餘,11
2019/9/06,[新聞] 觸控雙雄迎旺季 8月營收同步增溫,15
2019/9/06,[其他] 玉山金108年8月自結盈餘,57
2019/9/06,Re: [標的] 2481 強茂 多,28
2019/9/06,[新聞] 蘋果開發屏下指紋辨識 最快2020年iPhone,36
2019/9/06,[其他] 兆豐金108年8月自結合併盈餘,26
2019/9/06,[新聞] 神盾(6462)8月營收7億1935萬元，月增率42,5
2019/9/06,[新聞] 推動飛航革命的動力電池,1
2019/9/06,[其他] 108年09月06日 三大法人買賣金額統計表,61
2019/9/06,[新聞] 夏普授權LTE SEPs供三星電子使用,4
2019/9/06,[閒聊] 2019/09/06 盤後閒聊,15
2019/9/06,[標的] 斐成3313能放半年以上再進來,11
2019/9/06,[新聞] 5G使C-V2X技術實現無人駕駛,13
2019/9/06,Re: [新聞] 憂倒閉潮 工具機業向政府求援,10
2019/9/06,Re: [新聞] 南韓放棄WTO「開發中國家」地位,4
2019/9/06,[新聞] 鴻海副董事長李傑因個人規劃 辭任富士康工業互聯網董事,6
2019/9/06,[請益] 不夠低價還不想賣嗎？,3
2019/9/06,[標的] 當沖空華通到最後一盤,45
2019/9/06,[請益] 關於借券中的股票增資問題,2
2019/9/06,[新聞] 和碩(4938)轉投資 晶碩10月掛牌上市,17
2019/9/06,Re: [新聞] 南韓放棄WTO「開發中國家」地位,10
2019/9/06,[標的] 6239 力成,14
2019/9/06,[新聞] 憂倒閉潮 工具機業向政府求援,37
2019/9/06,Re: [標的] 2536 宏普 多,34
2019/9/06,Re: [標的] 1101 台泥 長多,31
2019/9/06,[新聞] 南韓放棄WTO「開發中國家」地位,12
2019/9/06,Re: [標的] 2454 聯發科 空,40
2019/9/06,[新聞] 還在ETF買天下？大賣空主角：被動投資泡,82
2019/9/06,Re: [標的] 3665 貿聯ky 短多,4
2019/9/06,[新聞] 上波外資佈空股 軋上天,7
2019/9/06,[新聞] 不敵中國低價競爭 傳三星、LGD啟動新一波,12
2019/9/06,[閒聊] 2019/09/06 盤中閒聊,100
2019/9/06,[新聞] 中國企業債違約金額恐破表，美國關稅年底,8
2019/9/06,[新聞] 補紫光DRAM製程技術缺口？ 美光聲明執行,5
2019/9/06,[新聞] 【獨家】旺旺集團拿下純網銀再傳震撼彈,35
2019/9/06,[新聞] 新一輪貿易談判預期有突破？美中不同調,3
2019/9/06,[新聞] 中國地方債風險高 至2021年到期近17兆元,14
2019/9/06,Re: [心得] 大盤崩壞 個股表現,3
2019/9/06,[新聞] 外資大買188億 台股強漲 寫四大亮點,6
2019/9/05,[新聞]宏達電VIVE ORIGINALS五部VR原創，踏上威尼斯架新聞],13
2019/9/05,[新聞]《光電股》外資喊上600元，玉晶光剽悍強彈,27
2019/9/05,[標的] 8150 南茂,10
2019/9/05,[其他] 2834臺企銀108年8月自結合併盈餘,28
2019/9/05,[其他] 108年09月05日信用交易統計,55
2019/9/05,[請益] 興櫃成交現象,6
2019/9/05,[其他] 9/5 集中市場三大法人買賣超前30名,11
2019/9/05,[其他] 9/5 店頭市場三大法人買賣超前20名,2
2019/9/05,[新聞] 玉晶光:公告本公司董事會通過辦理增資,30
2019/9/05,[新聞] 鴻海8月營收 3988.15億元 創同期新高,44
2019/9/05,[新聞] 瑞信：明年台灣科技業將被 5G 帶動，獲利,6
2019/9/05,[新聞] 受惠5G發展加速 外資喊進台積電,24
2019/9/05,[新聞] 日照充足太陽能發威 電力貢獻一度超過核,27
2019/9/05,Re: [新聞] 美光與紫光可能深度結盟嗎？,8
2019/9/05,[新聞] 華通8月營收破55億 創歷年同期新高,17
2019/9/05,[新聞] 穩懋PA需求旺 成5G大贏家,10
2019/9/05,[新聞] 川普苦吞貿易戰惡果 認他害美股少漲萬點,19
2019/9/05,[新聞] 2023年12吋晶圓廠達170~200座,9
2019/9/05,Re: [標的] 4994 傳奇 多,1
2019/9/05,[其他] 群益手機下單app(掌中財神),7
2019/9/05,[新聞] 明年額度今年用 中國推出新一波專項債刺,8
2019/9/05,[新聞] 宏碁參展柏林IFA電競座艙再進化按摩功能,18
2019/9/05,[新聞] 美光與紫光可能深度結盟嗎？,11
2019/9/05,[標的] 4994 傳奇 多,12
2019/9/05,[新聞] 以小博大！格芯為何要告台積電？,5
2019/9/05,[新聞] 股王大立光威猛 8月營收創新高,20
2019/9/05,[請益] 隱含波動率的背後意涵為何??,21
2019/9/05,[新聞] 國內最高折扣！玉山銀再推新卡 6大廉航,14
2019/9/05,[標的] 滬深300正2 00637L 多,7
2019/9/05,[新聞] 玉山銀新卡威爆了！6大廉航現金回饋10％,20
2019/9/05,[標的] 加權指數 空軍 取暖基地 ☺,27
2019/9/05,[其他] 108年09月05日 三大法人買賣金額統計表,100
2019/9/05,[閒聊] 2019/09/05 盤後閒聊,27
2019/9/05,[標的] 大盤 國父革命多,57
2019/9/05,[標的] 3702 大聯大 多,25
2019/9/05,[新聞] 中國稱 10 月初恢復貿易談判，但仍有隱憂,19
2019/9/05,[標的] 5269 祥碩 多,6
2019/9/05,Re: [標的] 3218 大學光 多軍快速團,26
2019/9/05,[新聞] 中美敲定第13輪貿易談判 10月初華盛頓登,21
2019/9/05,[標的] 嘉聯益 多,16
2019/9/05,[新聞] 萊特希澤致電劉鶴,0
2019/9/05,[標的] 1711永光,10
2019/9/05,[請益] 為什麼負殖利債券有人買,20
2019/9/05,Re: [標的] 長榮航 2618 多,100
2019/9/05,[閒聊] 2019/09/05 盤中閒聊,100
2019/9/05,[新聞] 華為願公開原始碼 日媒：對中企不信任感,38
2019/9/05,[新聞] 陸經濟下行哀鴻遍野 明星企業紛紛破產,38
2019/9/05,[新聞] 穩懋(3105)8月營收20億8696萬元續創新高,15
2019/9/05,[新聞] 鴻海印度製造 福爾格挑大梁,7
2019/9/05,[新聞] WSJ:投資人也許會後悔相信香港風暴已結束,20
2019/9/05,[標的] 2405 浩鑫 多,11
2019/9/05,Re: [新聞] 2367燿華7月EPS0.33,17
2019/9/05,[標的] 1477 聚陽 多,3
2019/9/04,[標的] 2031 新光鋼 多,20
2019/9/04,Re: [標的] 1580 新麥,12
2019/9/04,[新聞] 川普推文 稱美國被關稅恐怖主義戕害50年,22
2019/9/04,Fw: [心得] CRSP系列美股指數與相關ETF介紹,5
2019/9/04,[其他] 108年09月04日信用交易統計,16
2019/9/04,Re: [標的] 美國道瓊(*UDU9),18
2019/9/04,[請益] 港股00178.HK莎莎國際,5
2019/9/04,[標的] 6514 KY-芮特 大買多,4
2019/9/04,Ssss,2
2019/9/04,[新聞]  IDC：2019年Q2台灣PC出貨量年成長了2.7%,4
2019/9/04,[新聞] 28歲綠營前幕僚 將任台船子公司董事,39
2019/9/04,郭明錤點名神盾擁雙動能 2020年營收將倍增,37
2019/9/04,[新聞] 三星8月中旬起將國產氟化氫投入半導體工,12
2019/9/04,[心得] 鄉民總經觀察03 － 全球衰弱，美國獨強,53
2019/9/04,Re: [新聞] 民主勝利！港特首認輸撤回《逃犯條例》,3
2019/9/04,Re: [新聞] 民主勝利！港特首認輸撤回《逃犯條例》,9
2019/9/04,[新聞] 民主勝利！港特首認輸撤回《逃犯條例》,67
2019/9/04,[新聞] 國產車存亡保衛戰 衝擊30萬人工作,6
2019/9/04,[新聞] 《業績-航運》慧洋-KY 8月稅前每股賺0.21,6
2019/9/04,[新聞] 貿易戰升溫 徐旭東淡定：集團營運不受影響,3
2019/9/04,Re: [標的] 2536 宏普 多,4
2019/9/04,[新聞] 外資》瑞信證：台灣半導體將浮現甜蜜點,23
2019/9/04,[標的] 4971 IET-KY (英特磊) 多,61
2019/9/04,Re: [心得] 送中法案撤回,7
2019/9/04,Re: [心得] 送中法案撤回,2
2019/9/04,[新聞] 2367燿華7月EPS0.33,43
2019/9/04,[新聞] 傳林鄭月娥準備撤回《逃犯條例》 港股大,38
2019/9/04,Re: [標的] 元大S&P石油正1跟2,15
2019/9/04,Re: [標的] 8086 宏捷科 多/空,1
2019/9/04,[其他] 108年09月04日 三大法人買賣金額統計表,58
2019/9/04,[請益] 機車股票,2
2019/9/04,[標的] 3081 聯亞,16
2019/9/04,[新聞] 三星若發展出QD-OLED技術，將衝擊OLED電,8
2019/9/04,[心得] 送中法案撤回,48
2019/9/04,[閒聊] 2019/09/04 盤後閒聊,61
2019/9/04,[標的] 元大S&P石油正1跟2,23
2019/9/04,Re: [標的] 3218 大學光 多軍快速團,26
2019/9/04,[請益] 乖離篩選,2
2019/9/04,[其他] 售二手書 股票作手回憶錄,15
2019/9/04,[新聞] 美股這張圖驚現賣出訊號  喇叭型態意味,43
2019/9/04,[標的] 2352佳世達 長多,20
2019/9/04,[新聞] 盜領客戶存款14年1.1億 華南銀女襄理與丈,39
2019/9/04,[新聞] 中環將減資，外資近期加碼,11
2019/9/04,Re: [請益] 越跌越買+低買高賣+跟散戶作對=賺錢？,5
2019/9/04,Re: [新聞] 台積電叛將沒力？ 貿易戰害慘…陸晶圓代,52
2019/9/04,[新聞] 大江8月營收探低 3外資下修目標價,36
2019/9/04,Re: [標的] 長榮航 2618 多,100
2019/9/04,Re: [心得] 妓元中央色不會報的新聞,0
2019/9/04,Re: [請益] 關於貿易戰 問個小問題,0
2019/9/04,Re: [請益] 為什麼要有錢？,20
2019/9/04,Re: [標的] 2484 希華 多,2
2019/9/04,Re: [請益] 關於貿易戰 問個小問題,5
2019/9/04,Re: [標的] 5490 同亨 多多多,8
2019/9/04,Re: [標的] 長榮航 2618 多,25
2019/9/04,[新聞] 美製造業景氣萎縮 拉響警報,5
2019/9/04,Re: [新聞] 政府不挺？國產車變國慘車,10
2019/9/04,[閒聊] 2019/09/04 盤中閒聊,100
2019/9/04,[新聞] 政府不挺？國產車變國慘車,66
2019/9/04,Re: [新聞] 川普警告中國別拖 等他連任貿易協議會嚴,29
2019/9/04,Re: [標的] 6152 百一 超級多,6
2019/9/04,Re: [新聞] 川普警告中國別拖 等他連任貿易協議會嚴,19
2019/9/04,[請益] 請問誰在接？,28
2019/9/04,[請益] 越跌越買+低買高賣+跟散戶作對=賺錢？,9
2019/9/04,[公告] cougar 水桶一週,0
2019/9/04,[公告] foxconn1080 水桶一個月,0
2019/9/04,Re: [標的] 世紀鋼、金像電,11
2019/9/03,[公告] ginlone Lex4193 警告一次,0
2019/9/03,Re: [標的] 國泰美國道瓊反1(00669R) 買入,1
2019/9/03,[請益] 大空頭終於要來了嗎?,0
2019/9/03,[新聞] 川普警告中國別拖 等他連任貿易協議會嚴,51
2019/9/03,[新聞] 京城銀8月稅前獲利4.53億元,42
2019/9/03,Re: [標的] 美國道瓊(*UDU9),13
2019/9/03,[新聞] 這檔ETF新星 投資人激增4.5倍,5
2019/9/03,[其他] 108年09月03日信用交易統計,15
2019/9/03,[新聞] 群聯估10月NAND可望再漲價 明年第3季吃1,10
2019/9/03,[新聞] 台積電叛將沒力？ 貿易戰害慘…陸晶圓代,29
2019/9/03,[新聞] 5G需求增溫 精測8月營收連2月寫新猷,8
2019/9/03,[標的] 10天內分別錯過了3673與5478的賣點,0
2019/9/03,"[新聞] 國巨8/22~9/2處分大毅9,128仟股，獲利208萬元",9
2019/9/03,[新聞] 交通部擴大計程車汰舊換新 總統：盼大家,0
2019/9/03,[請益] 訂閱LINE群跟單,31
2019/9/03,[新聞] 億光與日亞化之間LED專利戰成為一種常態,1
2019/9/03,[新聞] 華為反擊竊密指控 列舉美方九大罪狀,15
2019/9/03,[請益] 新手問買入均價的計算,16
2019/9/03,[新聞] 華為Mate 30傳不採用安卓 外資：台積、聯,34
2019/9/03,[新聞] 長江存儲啟動64層3D NAND量產,5
2019/9/03,[心得] etoro 出金,26
2019/9/03,[其他] 108年09月03日 三大法人買賣金額統計表,68
2019/9/03,[新聞] 4551智伸科8月營收續創高,2
2019/9/03,[新聞] 南韓8月CPI「零增長」再度推升10月降息可,8
2019/9/03,[標的] 2383台光電 空,24
2019/9/03,[閒聊] 2019/09/03 盤後閒聊,13
2019/9/03,[新聞] 台商回流設廠 鋼廠受惠,7
2019/9/03,[其他] 櫃買中心-富櫃200猜指數活動倒數再加碼,0
2019/9/03,[新聞] 中國宣布：向美、歐、韓、日等國進口苯酚,39
2019/9/03,[標的] 8059凱碩 多,7
2019/9/03,[標的] 華碩 多,5
2019/9/03,[標的] 3218 大學光 多軍快速團,2
2019/9/03,[請益] 主力大戶也會套牢嗎？,21
2019/9/03,[新聞] 中共嚴管台商企業出走 工具機業者向政府,5
2019/9/03,Re: [請益] 被心魔纏身怎辦...比虧損畢業還慘,6
2019/9/03,[標的] 六角 2732（多）,60
2019/9/03,[標的] 新日興3376空,6
2019/9/03,[新聞] 三星SK年內將解決日本限製出口的核心材,6
2019/9/03,[心得] 未上市股票 瓷微科技 2.0?,12
2019/9/03,[新聞] 外資保守看台化、南亞後市,20
2019/9/03,[新聞] 投資群聯若虧錢 符合條件可求償,11
2019/9/03,[閒聊] 2019/09/03 盤中閒聊,98
2019/9/03,[標的] 多 8064東捷,6
2019/9/03,Re: [請益] 只靠跟單可以賺錢嗎,8
2019/9/03,Re: [請益] 只靠跟單可以賺錢嗎,15
2019/9/02,[公告] Sony2008 xxyyzzxyz627 leo03160913水桶,0
2019/9/02,Re: [請益] 一百萬本金達到一年賺十到二十萬可行嗎,8
2019/9/02,[新聞] 大陸商務部：就美向中國徵稅向世貿提訴,55
2019/9/02,Re: [請益] 一百萬本金達到一年賺十到二十萬可行嗎,28
2019/9/02,[新聞] 總統肯定漢翔致力F16升級構改 強化空軍戰,11
2019/9/02,[標的] 2536 宏普 多,100
2019/9/02,Re: [心得] 妓元中央色不會報的新聞,8
2019/9/02,[其他] 108年09月02日信用交易統計,26
2019/9/02,[新聞] 三大利空壓境　石化業過苦日子　台塑四寶,44
2019/9/02,[標的] 3443 創意 空,0
2019/9/02,[新聞] 路透：上海自貿區企業出走、銀行撤離、殭,11
2019/9/02,[新聞] 亞泥礦權展延遭撤銷 經濟部決定不上訴,16
2019/9/02,Re: [請益] 只靠跟單可以賺錢嗎,80
2019/9/02,[標的] 大盤 多,0
2019/9/02,[新聞] 拉警報！香港金管局發佈金融機構流動性,7
2019/9/02,[標的] 3260威剛 多,9
2019/9/02,Re: [心得] 妓元中央色不會報的新聞,15
2019/9/02,[新聞] 中裕愛滋新藥銷售旺 8月營收創新猷,12
2019/9/02,Re: [心得] 妓元中央色不會報的新聞,9
2019/9/02,[心得] 妓元中央色不會報的新聞,9
2019/9/02,[請益] 大家真的會看「籌碼面」嗎？,10
2019/9/02,Re: [新聞] MIT團隊研發最大的碳奈米管微處理器，在5,20
2019/9/02,Re: [新聞] MIT團隊研發最大的碳奈米管微處理器，在5,4
2019/9/02,Re: [請益] 只靠跟單可以賺錢嗎,37
2019/9/02,[新聞] MIT團隊研發最大的碳奈米管微處理器，在5,11
2019/9/02,[新聞] 遊戲族群漲勢未歇，類指再創今年新高,28
2019/9/02,[新聞] 浩鼎喊衝，新藥族群high起來,9
2019/9/02,[請益] 只靠跟單可以賺錢嗎,74
2019/9/02,[新聞] 全球央行吹降息風助攻股債翻紅 勞動基金7,15
2019/9/02,[其他] 108年09月02日 三大法人買賣金額統計表,68
2019/9/02,[標的] 1402 遠東新 多,32
2019/9/02,[新聞] 將生產線移出中國之策略，蘋果與谷歌各,1
2019/9/02,[閒聊] 2019/09/02 盤後閒聊,43
2019/9/02,Re: [請益] 一百萬本金達到一年賺十到二十萬可行嗎,71
2019/9/02,[標的] 3042 晶技 多,6
2019/9/02,[新聞] 南韓：月底前把日踢出白名單,42
2019/9/02,[請益] 國泰證券股票定期定額交易成交價?,4
2019/9/02,Re: [請益] 基本面再好，不被關注就是無用的股票?,0
2019/9/02,Re: [標的]雙美 4728（多）,27
2019/9/02,[新聞] LG Display成功實現日本進口高純度氟化氫,17
2019/9/02,[請益] 基本面再好，不被關注就是無用的股票?,18
2019/9/02,Re: [新聞] 川普貿易戰新武器！ 彭博：要求中國,14
2019/9/02,[標的] 3376 新日興 多,10
2019/9/02,[新聞] 貿易戰影響！日本製鐵傳砍設備投資1成、,2
2019/9/02,[新聞] 蘇貞昌對中鋼老董喊「降價」 鋼鐵業者猛,9
2019/9/02,Re: [請益] 一百萬本金達到一年賺十到二十萬可行嗎,11
2019/9/02,[請益] 3049 和鑫 抽籤,22
2019/9/02,[請益] 元大點金靈到年底 有比較好的看盤app?,30
2019/9/02,[新聞] 新光金 公告本公司現金增資發行普通股暨甲種特別股之發行條,15
2019/9/02,[新聞] 《半導體》產品需求看增，致新下半年衝刺,3
2019/9/02,[心得]自製OP力道指標,4
2019/9/02,[新聞] 5G發展不畏貿易戰 台灣半導體廠受惠可期,1
2019/9/02,Re: [標的] 好樂迪9943,8
2019/9/02,[閒聊] 2019/09/02 盤中閒聊,100
2019/9/02,Re: [請益] 連續30年存股推薦？,10
2019/9/02,[請益] 一百萬本金達到一年賺十到二十萬可行嗎,31
2019/9/02,Re: [標的] 8114 振樺電,5
2019/9/02,[新聞] 中國豬價飛漲 廣西南寧祭9折優惠限購,15
2019/9/02,[請益] 國泰證券的e櫃台，有使用經驗分享嗎？,7
2019/9/02,[請益] 如何做空陸股做空人民幣？,3
2019/9/01,[請益] 想投資黃金可以買黃金正2嗎？,18
2019/9/01,[新聞] 印度經濟增長率跌至5％,0
2019/9/01,Re: [心得] 從史蒂夫和戴夫探討投資觀念,6
2019/9/01,Re: [心得] 從史蒂夫和戴夫探討投資觀念,7
2019/9/01,Re: [心得] 從史蒂夫和戴夫探討投資觀念,4
2019/9/01,Re: [心得] 從史蒂夫和戴夫探討投資觀念,4
2019/9/01,[新聞] 15檔獲利上調 領軍衝,72
2019/9/01,Fw: [心得] 從史蒂夫和戴夫探討投資觀念,45
2019/9/01,Re: [新聞] 傳川普將向中國討債 要求償還清朝、ROC,18
2019/9/01,[新聞] HTC宣布與「全世界最美麗的主題遊樂園」,23
2019/9/01,Re: [新聞] 川普貿易戰新武器！ 彭博：要求中國償還,9
2019/9/01,Re: [請益] 動態的投資組合管理策略?,7
2019/9/01,[心得] 用電影看漲跌又來了~ ``亂世佳人``,33
2019/9/01,[標的] 3665 貿聯ky 短多,10
2019/9/01,[標的] 4155訊映 多,9
2019/9/01,Re: [請益] 台灣近年大勝韓國?,17
2019/9/01,[請益] 為何股市現在還是T+2交割？,38
2019/9/01,Re: [其他]以前看盤很難,0
2019/9/01,[新聞] 傳川普將向中國討債 要求償還清朝、ROC,65
2019/9/01,Re: [請益] 台灣近年大勝韓國?,100
2019/9/01,Re: [新聞] 川普貿易戰新武器！ 彭博：要求中國償還,0
2019/9/01,Re: [新聞] 稱陸致電求談判打臉誰 川普：難道這人不,3
2019/9/01,[新聞] 電動車正在改變汽車產業原貌,6
2019/9/01,[請益] 定期定額算存股嗎？,16
2019/9/01,[請益] 台灣近年大勝韓國?,81
2019/9/01,[請益] 台灣股博館,19
2019/9/01,Re: [請益] 問一個笨問題，股市的重要性,18
2019/9/01,[請益] 中租-KY子公司中租迪和私募,1
2019/9/01,[其他]以前看盤很難,23
2019/8/31,[請益] 問一個笨問題，股市的重要性,28
2019/8/31,[新聞] 川普貿易戰新武器！ 彭博：要求中國償還,100
2019/8/31,Re: [請益] 基本面好必漲？,16
2019/8/31,Re: [請益] 這算是詐騙集團的一種嗎?,28
2019/8/31,[公告] c1951 heavenbeyond biogreg cca1109,0
2019/8/31,[新聞] BDI衝上近九年新高 航商樂開懷,19
2019/8/31,[請益] 請問停車場概念股或車牌辨識概念股?,4
2019/8/31,Fw: [新聞] 美國抗凝血藥物原料因豬瘟告急,6
2019/8/31,[請益] 健喬(4114),5
2019/8/31,[新聞] 金管會放寬三大基金投資範圍 台股增活水4,7
2019/8/31,Re: [請益] 投資一百萬每個月領四千的投資形保單,17
2019/8/31,Re: [新聞] LGD、京東方搶吃蘋果 聯詠受惠,12
2019/8/31,[新聞] LGD、京東方搶吃蘋果 聯詠受惠,32
2019/8/31,[新聞] 黃國昌追追追！大同承諾中國獲利、華映高,31
2019/8/31,[標的] 2605 新興 多,5
2019/8/31,[標的] 6166 凌華,10
2019/8/31,Re: [新聞] 大事不妙？野村：現在標普走勢像極2007年,43
2019/8/31,[標的] 全球傳動4540 多,18
2019/8/31,[新聞] IDC：2019年第二季全球智慧型手機組裝排,3
2019/8/31,Re: [請益] 基本面好必漲？,8
2019/8/31,Re: [請益] 認真問，現在適合存股嗎？,15
2019/8/31,Re: [請益] 基本面好必漲？,4
2019/8/31,[請益] 基本面好必漲？,44
2019/8/31,Re: [請益] 投資一百萬每個月領四千的投資形保單,6
2019/8/31,[請益] 這算是詐騙集團的一種嗎?,17
2019/8/31,Re: [標的] 2377微星 盤後鉅額交易 請益,8
2019/8/31,Re: [請益] 投資一百萬每個月領四千的投資形保單,1
2019/8/31,Re: [新聞] 就在本週？ 野村重申美股恐 雷曼式暴跌,42
2019/8/31,Re: [標的] 2316 楠梓電 多,100
2019/8/31,Re: [請益] 投資一百萬每個月領四千的投資形保單,34
2019/8/31,Re: [請益] 投資一百萬每個月領四千的投資形保單,4
2019/8/31,Re: [新聞] 美企撤出中國？《路透》：貿易戰打了一年,4
2019/8/31,[新聞] 美對中國商品加稅 川普證實9月1日實施,46
2019/8/31,[新聞] 美國可能要求中國償還清朝時期的債券,4
2019/8/31,[請益] 外資又看不懂中文 怎麼買台股?,-10
2019/8/31,Re: [請益] 投資一百萬每個月領四千的投資形保單,13
2019/8/31,Re: [請益] 投資一百萬每個月領四千的投資形保單,38
2019/8/31,[標的] QCOM,4
2019/8/31,[請益] 投資一百萬每個月領四千的投資形保單,55
2019/8/30,[新聞] 富邦金 債券利率超跌 將另待時機進場,7
2019/8/30,[其他] 擠兌人民幣,33
2019/8/30,[新聞] 光寶科分割SSD事業 東芝將接手,14
2019/8/30,[其他] 台股歷年外資單月賣超破千億 總覽,11
2019/8/30,Re: [標的] 2454 聯發科 空,12
2019/8/30,Re: [新聞] 董娘賣股逾千張 奇鋐：僅屬個人理財規劃,0
2019/8/30,[其他] 108年08月30日信用交易統計,50
2019/8/30,[其他] 8/30 集中市場三大法人買賣超前30名,7
2019/8/30,Re: [新聞] 美企撤出中國？《路透》：貿易戰打了一年,6
2019/8/30,[其他] 8/30 店頭市場三大法人買賣超前20名,2
2019/8/30,[新聞] 台積電去年貢獻GDP達4.46％新高 附加價,20
2019/8/30,[請益] 有板眾看過週選連六天上漲收最高嗎?,1
2019/8/30,[新聞] VR新商機！ HTC VIVE全台首發多人虛擬,11
2019/8/30,[新聞] 美企撤出中國？《路透》：貿易戰打了一年,26
2019/8/30,Fw: [心得] A股入摩、A股入富、A股入標及其因應,12
2019/8/30,[其他] 耿爽今天又被問中美溝通問題,23
2019/8/30,Re: [標的] 到現在多軍只有我套牢？持股請益,9
2019/8/30,[其他] 108年08月30日 外資買賣超個股前30名,20
2019/8/30,[請益] 鉅額交易價格,4
2019/8/30,Re: [標的] 到現在多軍只有我套牢？持股請益,17
2019/8/30,[請益] 被心魔纏身怎辦...比虧損畢業還慘,67
2019/8/30,[新聞] 南亞科與華邦電傳捷報 打進華為智慧音箱,26
2019/8/30,[請益] 被動收入月入6位數,35
2019/8/30,[標的] 黃金 空 目標:1450美元,37
2019/8/30,[其他] 108年08月30日 三大法人買賣金額統計表,100
2019/8/30,[新聞] 影／股票有量才會漲？專家破解兩大操作迷,11
2019/8/30,[請益] 富邦定期定額的選擇,10
2019/8/30,[新聞] 路透：這波牛市還會漲一年,33
2019/8/30,[心得] 現增、發債＝抽錢？,1
2019/8/30,[閒聊] 2019/08/30 盤後閒聊,29
2019/8/30,[新聞] 外資喊買台積電 目標價拚310元,50
2019/8/30,"[新聞] 企業發債潮 今年衝3,000億",4
2019/8/30,Re: [標的]雙美 4728（多）,37
2019/8/30,Re: [新聞] 柯文哲：中國對台下一步是關稅,4
2019/8/30,[新聞] 億光在德敗訴 禁售高功率LED產品,7
2019/8/30,[新聞] 國巨營收看增 外資喊買,35
2019/8/30,Re: [標的] 2537 聯上發,31
2019/8/30,[新聞] 蘋果9/10新機發表 台積電獨吃A13大單,21
2019/8/30,[標的] 3628 盈正,8
2019/8/30,[新聞] 投資台積電、電信三雄 新光人壽今年現金,40
2019/8/30,[閒聊] 2019/08/30 盤中閒聊,99
2019/8/30,[新聞] 格芯控告台積電侵權 恐牽動挖礦產業,10
2019/8/30,[新聞]不怕缺貨了！ 9月起華碩ZenFone 6五大電信,30
2019/8/30,Re: [新聞] 川普：中美貿易談判29日舉行，這次「層,8
2019/8/30,[新聞] 屠殺華為還不夠！驚爆美陸海底新戰場,11
2019/8/30,[其他] 2000年台積電的股價,-10
2019/8/29,[新聞] 華映60天後解僱所有員工2100人 必要者再,28
2019/8/29,[新聞] 川普：中美貿易談判29日舉行，這次「層,54
2019/8/29,[標的] 3481 群創 多,17
2019/8/29,[新聞] 中國說要冷靜解決貿易戰 道瓊開盤漲逾300,59
2019/8/29,[新聞] 華為慘了！新旗艦 Mate 30 將成第一支被,24
2019/8/29,[新聞] 離岸人民幣下探7.2創歷史新低 三大利空重,31
2019/8/29,[其他] 108年08月29日信用交易統計,8
2019/8/29,[新聞] 台灣企銀公告108年第2季自結稅前損益金額,26
2019/8/29,Re: [標的] 阿宅經濟標的股 橘子 多,8
2019/8/29,[公告] sue690226 kantoukanaga 警告一次,0
2019/8/29,[公告] divax tigergtr 水桶一週,0
2019/8/29,[公告] manhow2016 raugeon 水桶一個月,0
2019/8/29,[公告] newxman 警告一次,0
2019/8/29,[公告] kingchih stmtake5566 waitl 警告一次,0
2019/8/29,[公告] iamarichman fox1986 Molestia 警告一次,0
2019/8/29,[新聞] 銀行預期下月降息 四年首見,3
2019/8/29,[標的] 2330 台積電 超級多,24
2019/8/29,[新聞] 因應貿易戰 張忠謀：台灣科技 最好自己,17
2019/8/29,[標的] 聯詠 3034 買進,49
2019/8/29,[請益] 動態的投資組合管理策略?,10
2019/8/29,[新聞] 川普 10 月關稅跑不掉，USTR 稱將另起公,33
2019/8/29,[請益] 新手問台股主力操盤的關鍵字,8
2019/8/29,[新聞] LG Display 8.5代OLED廣州廠落成 月產能,7
2019/8/29,Re: [請益] 新手請問當沖,13
2019/8/29,[請益] 野村是不是在大誘空,40
2019/8/29,[新聞] 法國興業銀行預估，歐洲央行將於下月推出,8
2019/8/29,[其他] 108年08月29日 三大法人買賣金額統計表,53
2019/8/29,[新聞] NCC第一波5G釋照競標底價總計300億元,5
2019/8/29,[請益] 適合短線進出，有趣的個股或題材,30
2019/8/29,[新聞] 紅潮擴散 紫光要蓋DRAM廠,23
2019/8/29,[新聞] 龍巖總裁李世聰不玩了？ 牽動彰銀公民股,21
2019/8/29,[閒聊] 2019/08/29 盤後閒聊,17
2019/8/29,Re: [標的] 6218 豪勉 多,5
2019/8/29,[新聞] 台人才掏空？聯電前CEO也被陸挖走,27
2019/8/29,[請益] 最純的蘋果概念股是哪些,15
2019/8/29,Re: [新聞] 蘋概拉警報 GIS：下季恐衰退,23
2019/8/29,[請益] TAIFXIRS 五年期利率,5
2019/8/29,[標的] 2367燿華 多,24
2019/8/29,[新聞] 被老二狠開1槍…台積電嗆爆竟撿到大砲,21
2019/8/29,Re: [新聞] 柯文哲：中國對台下一步是關稅,5
2019/8/29,[標的] 5490 同亨 多多多,7
2019/8/29,Re: [標的] 華泰 2329,15
2019/8/29,[心得] 雷聲大的日韓貿易戰 原料管制？,10
2019/8/29,[新聞] 中鋼7月獲利 大減65%,19
2019/8/29,[新聞] 無線會議設備專利訴訟，Barco NV控告台達,1
2019/8/29,Re: [新聞] 柯文哲：中國對台下一步是關稅,28
2019/8/29,[新聞] 台商回台投資金額無上限 金融應發揮良善,3
2019/8/29,Re: [標的] 隆達 3698,4
2019/8/29,Re: [新聞] 柯文哲：中國對台下一步是關稅,32
2019/8/29,[新聞] 智擎：大股東東洋不會賣股 不排除加碼,6
2019/8/29,[閒聊] 2019/08/29 盤中閒聊,100
2019/8/29,[新聞] 蘋概拉警報 GIS：下季恐衰退,30
2019/8/29,Re: [新聞] 柯文哲：中國對台下一步是關稅,4
2019/8/29,Re: [新聞] 柯文哲：中國對台下一步是關稅,0
2019/8/29,[新聞] 川普政府正式宣布對 3000 億美元中輸美商品加徵關稅至 15％,39
2019/8/29,Re: [標的] 9924 福興,5
2019/8/29,[新聞] 織襪業者爆中國產品假冒MIT 經長承諾協助,11
2019/8/29,[新聞] NAB：若美對陸所有商品課30%關稅 人幣恐,6
2019/8/29,Re: [標的] 2367 燿華 多,36
2019/8/29,Re: [新聞] 柯文哲：中國對台下一步是關稅,11
2019/8/29,[新聞] 還不夠慘！金融雙雄再砍目標價！,17
2019/8/29,"[新聞] 美方確認：對3,000億美元陸製商品關稅",44
2019/8/29,Re: [標的] 立積 空,4
2019/8/28,[新聞] 柯文哲：中國對台下一步是關稅,62
2019/8/28,[其他] 108年08月28日信用交易統計,9
2019/8/28,[心得] 美股是不是三角收斂了,57
2019/8/28,[請益] 投信一直買超特別股,4
2019/8/28,Re: [新聞] 美政府養老基金投資中企 國會議員促撤資,2
2019/8/28,Re: [新聞] 美政府養老基金投資中企 國會議員促撤資,0
2019/8/28,[新聞] 美政府養老基金投資中企 國會議員促撤資,9
2019/8/28,Re: [新聞] 稱陸致電求談判打臉誰 川普：難道這人不,6
2019/8/28,Re: [新聞] 三星否認7nm EUV良率報導 韓專家：爆料媒,1
2019/8/28,[標的] 1101 台泥 長多,29
2019/8/28,[新聞] 稱陸致電求談判打臉誰 川普：難道這人不,37
2019/8/28,[新聞] 車用電子產值超過整車 國產車市佔衰退是,9
2019/8/28,[新聞] 中國大陸『大基金』二期募資2000 億元並,8
2019/8/28,[標的] 岱稜3303長多,13
2019/8/28,[新聞] 生豬、豬肉價創新高 大陸現「搶豬潮」,45
2019/8/28,[新聞] 三星否認7nm EUV良率報導 韓專家：爆料媒,9
2019/8/28,[標的] 天鈺 4961 多,8
2019/8/28,[新聞] 績效達陣！庫克獲價值36億的股票獎勵,8
2019/8/28,[新聞] 長榮航利空出盡 早盤股價漲近1%,100
2019/8/28,[新聞] 華為銷售許可申請熱 美商務部收逾130份,11
2019/8/28,[標的] 台化1326  空,17
2019/8/28,[新聞] 消費者和小企業主對美國經濟看法樂觀,0
2019/8/28,[標的] 3042晶技,15
2019/8/28,[請益] 股票除完息後都會跌?,36
2019/8/28,[其他] 108年08月28日 三大法人買賣金額統計表,98
2019/8/28,Re: [標的] 3004 豐達科,8
2019/8/28,[標的] 3019 亞光,11
2019/8/28,[請益] 想買國外公司股票如何操作?要注意什麼?,19
2019/8/28,Re: [標的] 5289 宜鼎 多,3
2019/8/28,[閒聊] 2019/08/28 盤後閒聊,38
2019/8/28,[標的] 5274 信驊,16
2019/8/28,[新聞] 離岸風機核心零組件3分之1國產化項目觸礁,37
2019/8/28,[請益] 龍燈籌碼比的問題,3
2019/8/28,[新聞] 董座神隱 綠悅-KY合併下市案爭議聲中過關,18
2019/8/28,[請益]近期上檔的 00850 元大台灣ESG永續,21
2019/8/28,[標的] 崇越 5434,7
2019/8/28,Re: [新聞] 野村再示警 美股本周恐重現雷曼式崩跌,0
2019/8/28,[新聞] GF跨國提告台積電專利訴訟，要求禁止進口,24
2019/8/28,[標的]  全台 3038 （多）,22
2019/8/28,[其他] 8月八大行庫逐日買賣超金額(至8/27),6
2019/8/28,[新聞] 「將來銀行」籌備處半年燒2億　股東怒斥,64
2019/8/28,[新聞] 野村再示警 美股本周恐重現雷曼式崩跌,55
2019/8/28,[閒聊] 2019/08/28 盤中閒聊,64
2019/8/28,[新聞] 台中銀股利政策 以配股為主,38
2019/8/28,[新聞] 劉鶴才說願與美磋商 人民日報又喊不得不,67
2019/8/28,[新聞] 川普︰關稅重擊 中國非常想達成協議,8
2019/8/28,[新聞] 蔡英文秀拚經濟成績單 景氣領先指標連續,23
2019/8/28,Re: [新聞] 熱線談貿協？ 中方二度否認打臉美方,3
2019/8/28,[標的] 8086 宏捷科 多/空,5
2019/8/28,[請益] 如何買美股選擇權,7
2019/8/27,[新聞] 誰說謊？川普稱中國要求談判 中外交部重,48
2019/8/27,[其他] 8/27 集中市場三大法人買賣超前30名,6
2019/8/27,[其他] 8/27 店頭市場三大法人買賣超前20名,2
2019/8/27,[新聞] 外資連12賣 8月賣超台股逾1272億元,19
2019/8/27,[標的] 6596 寬宏藝術,18
2019/8/27,[其他] 108年08月27日信用交易統計,16
2019/8/27,[請益] 自營商持續賣超1萬多張 庫存卻為零?,4
2019/8/27,[新聞] 中國對美進口原油加徵關稅 中國石化先受,14
2019/8/27,Re: [標的] 2327 國巨 多,9
2019/8/27,[新聞] 對陸立場反覆 川普：抱歉這就是我談判方,46
2019/8/27,[標的] 4104佳醫 長多,15
2019/8/27,[新聞] 不畏貿易逆風 上半年美企對陸投資額成長,19
2019/8/27,Re: [標的] 5498凱崴 空,5
2019/8/27,[新聞] Android停更 華為醞釀與俄羅斯合作二號,25
2019/8/27,[新聞] 貿易戰勝負已定？華爾街頂級分析師解讀,8
2019/8/27,[標的] 2377微星 盤後鉅額交易 請益,20
2019/8/27,[新聞] 美企大股東賣股求現 重現金融危機前的200,22
2019/8/27,[請益] 2317 鴻海 更正關係人交易,5
2019/8/27,[請益] 1227佳格 尾盤升龍拳疑問,0
2019/8/27,[其他] 108年08月27日 三大法人買賣金額統計表,97
2019/8/27,[新聞] 鴻海集團小金雞 曠視在港遞IPO申請書,14
2019/8/27,Re: [新聞] 就在本週？ 野村重申美股恐 雷曼式暴跌,25
2019/8/27,Re: [請益] 京東方財報請益,11
2019/8/27,[閒聊] 2019/08/27 盤後閒聊,41
2019/8/27,Re: [新聞] 格芯提告台積電侵權 要求美國禁止進口其,13
2019/8/27,[請益] 京東方財報請益,15
2019/8/27,Re: [請益] 看不懂5G概念股--全新穩懋,0
2019/8/27,Re: [新聞]中共外交部「沒聽說」美中通話 遭川普,6
2019/8/27,Re: [新聞] 中菲行去年Q4恢復正常獲利，看好今年H1表現,6
2019/8/27,[新聞] 台股盤中－MSCI季度調整盤後生效 大盤量,15
2019/8/27,Re: [請益] vix搭配portfolio的策略?,3
2019/8/27,[新聞]中共外交部「沒聽說」美中通話 遭川普嗆,50
2019/8/27,[標的] 大江 8436 反彈多,12
2019/8/27,Re: [新聞] 「備轉率逾10％」 經部：到2030年都不缺電,28
2019/8/27,[新聞] 淳紳(4529)攜手裕隆(2201)，加速在台發展,5
2019/8/27,[新聞] 就在本週？ 野村重申美股恐 雷曼式暴跌,26
2019/8/27,Re: [新聞] 中美貿易戰 兩隻大象在打架　誰能贏,9
2019/8/27,[新聞] 伊朗說油輪的油被神秘買家買走囉~~~,6
2019/8/27,[新聞] 燃眉之急！南韓以GSOMIA為籌碼、逼迫日本,11
2019/8/27,Re: 3673 TPK-KY 多,7
2019/8/27,[新聞] 中美貿易戰 兩隻大象在打架　誰能贏,36
2019/8/27,Re: [新聞]川普：中方若不接受公平貿易 就永不達協議,8
2019/8/27,[閒聊] 《交易規則》交易與哲學家,3
2019/8/27,[請益] 無線充電器相關供應商,16
2019/8/27,[新聞] 專家示警：陸新版LPR機制 衝擊銀行利潤,1
2019/8/27,[其他] 為何今年熱門主流很少討論？,20
2019/8/27,Re: [新聞] 北京1公斤豬肉台幣387元 大媽大喊「,13
2019/8/27,[標的] 3029 零壹 長多,4
2019/8/27,[新聞]川普：中方若不接受公平貿易 就永不達協議,22
2019/8/27,Re: [新聞] 北京1公斤豬肉台幣387元 大媽大喊「吃不,-10
2019/8/27,Re: [請益] 看不懂5G概念股--全新穩懋,2
2019/8/27,[請益] 除權息前券商的動作,0
2019/8/27,[新聞] 結盟攻大位？ 郭台銘的主導,-10
2019/8/27,[閒聊] 2019/08/27 盤中閒聊,65
2019/8/27,Re: [新聞] 北京1公斤豬肉台幣387元 大媽大喊「吃不,8
2019/8/27,[新聞] 川普要求美企撤離中國 北京：會有人填缺,32
2019/8/27,Re: [新聞] 格芯提告台積電侵權 要求美國禁止進口其,46
2019/8/27,Re: [新聞] 北京1公斤豬肉台幣387元 大媽大喊「吃不,65
2019/8/26,[新聞] 日媒：續簽日韓軍情機密保護協定 韓提條件,36
2019/8/26,[標的] 8431匯鑽科 雷,18
2019/8/26,[其他] 108年08月26日信用交易統計,19
2019/8/26,[新聞] 美股早盤躍漲300點 美中貿易再現曙光,41
2019/8/26,[新聞] 格芯提告台積電侵權 要求美國禁止進口其,64
2019/8/26,Re: [標的] 中美晶5483 空 拉高都是空,0
2019/8/26,[新聞] 川普：有可能延後對中國提高關稅,83
2019/8/26,[其他] 8/26 集中市場三大法人買賣超前30名,9
2019/8/26,[其他] 8/26 店頭市場三大法人買賣超前30名,4
2019/8/26,Re: [新聞] 美國總統稱美中雙方周末通了兩次電話?外交部:沒有聽說過,14
2019/8/26,[標的] 昂寶-KY 4947 多,6
2019/8/26,[新聞] 台中銀證券關懷公益、支持小農,18
2019/8/26,Re: [轉錄] 台灣的遊戲資訊業是怎麼衰敗的,12
2019/8/26,Re: [新聞] 小英拚國艦國造 公股行庫扯後腿,1
2019/8/26,Re: [新聞] 美國總統稱美中雙方周末通了兩次電話?外交部:沒有聽說過,2
2019/8/26,[新聞] iPhone XR為美國上季最暢銷機；S10失速、,6
2019/8/26,[新聞] 小英拚國艦國造 公股行庫扯後腿,-10
2019/8/26,[新聞] 富邦公司治理ETF(00692)成分股年度調整,21
2019/8/26,[轉錄] 台灣的遊戲資訊業是怎麼衰敗的,30
2019/8/26,[心得] 鄉民總經觀察02-- 2020經濟大衰退？,34
2019/8/26,Re: [新聞] 大量解僱420人安排轉介 定穎：產線整併,36
2019/8/26,[請益] 友達借券有限額，ADR友達呢？,1
2019/8/26,[新聞] WSJ:在中國的美國公司:要分手困難,13
2019/8/26,[新聞] 中國外交部回應川普新關稅 不吃威脅恐嚇,50
2019/8/26,[新聞] 讚美習近平「很棒的領導人」 川普稱美中,91
2019/8/26,[新聞] 大量解僱420人安排轉介 定穎：產線整併,5
2019/8/26,Re: [請益] 聊聊對自己最有用的書,4
2019/8/26,Re: [標的] 鐿鈦 4163 多,8
2019/8/26,Re: [請益] 聊聊對自己最有用的書,5
2019/8/26,[新聞] 貿易戰外溢效應－財政部：轉單效益贏家,6
2019/8/26,[新聞] 劉鶴：堅決反對貿易戰升級 願冷靜磋商,59
2019/8/26,[新聞] 中國外交部:不知道周末有中美電話通話,8
2019/8/26,[新聞] 陸鋼反傾銷稅 經部：0~10%,1
2019/8/26,[新聞]川普：跟中共貿易戰必須打 比任何事都重要,9
2019/8/26,[新聞] 北京1公斤豬肉台幣387元 大媽大喊「吃不,82
2019/8/26,[新聞] 北京致電華府 盼重啟貿易談判,92
2019/8/26,[新聞] 貿易戰緊張 電子代工五強應變,2
2019/8/26,[標的] 5498凱崴 空,8
2019/8/26,[新聞] 中鋼Q4盤價回穩，今年鋼價仍趨跌,1
2019/8/26,[新聞] 輝達以三箭拉抬遊戲產業策略：光線追蹤、,5
2019/8/26,[其他] 108年08月26日 三大法人買賣金額統計表,88
2019/8/26,Re: [新聞] 川普提高關稅 白宮經濟顧問：不認為中國,0
2019/8/26,Re: [心得] 有人後悔大學沒鑽研四年股票嗎?,18
2019/8/26,[閒聊] 201/08/26 盤後閒聊,27
2019/8/26,[新聞] 韓碧祥：小英拚國艦國造 公股行庫扯後腿,-10
2019/8/26,[新聞]庫德洛：不保證大選前達協議 將有重大宣布,18
2019/8/26,[標的] 2379瑞昱 空,18
2019/8/26,[新聞] 川普提高關稅 白宮經濟顧問：不認為中國,28
2019/8/26,"[新聞] 美光斥資台幣 4,000 億元在台擴產，1z nm",28
2019/8/26,[新聞] 貿易戰升溫 南亞科、福懋科受惠,3
2019/8/26,[新聞] 台企銀挺小微企業 雙管齊下,12
2019/8/26,[標的] 8480 泰昇-KY 存股多,15
2019/8/26,[標的] 4927 泰鼎 多,33
2019/8/26,[請益] 有哪些標的是投資伊拉克的嗎？,12
2019/8/26,[閒聊] 2019/08/26 盤中閒聊,100
2019/8/26,[新聞] 美中貿易戰白熱化 亞洲市場災情一覽 留,17
2019/8/26,[標的]雙美 4728（多）,20
2019/8/26,[新聞] 日美貿易談判達基本協議、拚9月簽署！安,19
2019/8/26,Re: [心得] 不務正業醬料生 Gap1 近期目標達成+書單,19
2019/8/25,[新聞] WSJ:白宮表示Trump後悔沒把關稅提得更高,48
2019/8/25,[新聞] 紐時：川普暫時不會使美中貿易戰升級,30
2019/8/25,"Re: [新聞] 第二波""雷曼式""衝擊月底或來襲超準預",7
2019/8/25,[標的] 和碩 空,16
2019/8/25,"[新聞] 國產車銷售王 今年是它,Toyota Altis",23
2019/8/25,[新聞] 貿易戰升溫 防台股大跌失序 國安基金執秘,65
2019/8/25,Re: [新聞] 白宮澄清：川普是後悔關稅沒有升的更高,0
2019/8/25,[新聞] 人民幣大幅貶值後的隱憂？中國7月CPI再創,40
2019/8/25,[新聞] 白宮澄清：川普是後悔關稅沒有升的更高,100
2019/8/25,[新聞] 美日9月前簽署貿易協定,2
2019/8/25,Re: [新聞] 川普承認正重新思考對陸加徵關稅決定,19
2019/8/25,[標的] 泰碩3338多,26
2019/8/25,Re: [新聞] 川普承認正重新思考對陸加徵關稅決定,17
2019/8/25,[新聞] 川普承認正重新思考對陸加徵關稅決定,100
2019/8/25,Re: [請益] 有沒有人覺得川普比雷曼還可怕?,6
2019/8/25,[新聞]川普下令美企撤離中國 台商也加速回流台灣,18
2019/8/25,[新聞] IDC：日本PC換機潮、夏普子公司Dynabook,5
2019/8/25,[新聞] 中鋼助攻 鋼鐵股長線樂觀,1
2019/8/25,[新聞] 中美互尬 部會穩股匯總動員,33
2019/8/25,[標的] 華泰 2329,25
2019/8/25,Re: [請益] vix搭配portfolio的策略?,3
2019/8/25,Re: [請益] 散戶圖---請問大家覺得目前在哪個階段呢,14
2019/8/25,[請益] 定存台積電，為何成為不了顯學,25
2019/8/25,[請益] 殖利率現金流股 vs 成長價差股 比例多寡,18
2019/8/25,Re: [新聞] 「備轉率逾10％」 經部：到2030年都不缺電,11
2019/8/25,[新聞] 理財不是「選吉日」 專家：存退休金，只h,2
2019/8/25,[請益] 近年投資人是不是普遍變草莓了?,14
2019/8/25,[新聞] 16檔避險王牌 不怕貿易戰,18
2019/8/25,Re: [請益] 有沒有人覺得川普比雷曼還可怕?,6
2019/8/25,[新聞] 貿易戰升級 一項美1977年法律引關注,42
2019/8/25,Re: [請益] 有沒有人覺得川普比雷曼還可怕?,7
2019/8/25,Re: [新聞] 川普反擊！宣布調升對陸貨加徵關稅稅率,7
2019/8/25,Re: [請益] 有沒有人覺得川普比雷曼還可怕?,2
2019/8/25,Re: [請益] 有沒有人覺得川普比雷曼還可怕?,5
2019/8/25,Re: [請益] 有沒有人覺得川普比雷曼還可怕?,100
2019/8/25,Re: [請益] 有沒有人覺得川普比雷曼還可怕?,4
2019/8/25,Re: [請益] 有沒有人覺得川普比雷曼還可怕?,8
2019/8/25,Re: [請益] 有沒有人覺得川普比雷曼還可怕?,0
2019/8/25,[請益] 民主黨的拉股市能贏過川普嗎？,0
2019/8/25,[新聞] 発動済み対中関税、10月に30%に上げ,2
2019/8/25,Re: [請益] 有沒有人覺得川普比雷曼還可怕?,8
2019/8/25,Re: [請益] 有沒有人覺得川普比雷曼還可怕?,11
2019/8/25,[新聞] 17檔避風港概念股 出列,15
2019/8/25,Re: [新聞] 川普反擊！宣布調升對陸貨加徵關稅稅率,18
2019/8/25,Re: [新聞] 川普反擊！宣布調升對陸貨加徵關稅稅率,12
2019/8/25,Re: [新聞] 川普反擊！宣布調升對陸貨加徵關稅稅率,36
2019/8/25,Re: [新聞] 川普怒提高對中關稅 中國商務部：美方不,23
2019/8/25,[請益] 存股買進時機疑問,30
2019/8/25,[新聞] 川普怒提高對中關稅 中國商務部：美方不,31
2019/8/25,[請益] 有哪個投顧老師是用黃金分割嗎?,7
2019/8/25,[標的] 宏全 9939,17
2019/8/25,Re: [其他] Line群組收費亂象,4
2019/8/25,[新聞]   避險基金今年績效佳 卻面臨三年來最大,5
2019/8/24,Re: [新聞] 川普反擊！宣布調升對陸貨加徵關稅稅率,24
2019/8/24,Re: [新聞] 川普反擊！宣布調升對陸貨加徵關稅稅率,8
2019/8/24,Re: [新聞] 川普反擊！宣布調升對陸貨加徵關稅稅,0
2019/8/24,Re: [新聞] 川普反擊！宣布調升對陸貨加徵關稅稅率,0
2019/8/24,[請益] 定存股的標的避險指標,32
2019/8/24,[新聞] 健保赤字年增200億 最遲110年達調漲門檻,48
2019/8/24,[新聞] 財長喊話 公股銀要挺企業,18
2019/8/24,[標的] 00677U富邦vix 多,34
2019/8/24,[新聞] 泰森登歷史高！中國掃貨，豬肉進口量倍增,18
2019/8/24,Re: [新聞] 川普反擊！宣布調升對陸貨加徵關稅稅率,21
2019/8/24,[新聞] 非洲豬瘟重創中國 福建多地憑身分證限購,62
2019/8/24,Re: [心得] 應對美國股市狂跌的方法,6
2019/8/24,[其他] >400張大股東持股統計比例(6/6-8/23),38
2019/8/24,[心得] 應對美國股市狂跌的方法,-10
2019/8/24,[新聞] 台股養精蓄銳 迎下波主升段,74
2019/8/24,Re: [新聞] 川普反擊！宣布調升對陸貨加徵關稅稅率,14
2019/8/24,[新聞] 巨虧200億 蔚來汽車將裁員至7500人,22
2019/8/24,Re: [新聞] 川普反擊！宣布調升對陸貨加徵關稅稅率,14
2019/8/24,Re: [新聞] 不再假裝是朋友 川普稱習近平「敵人」,7
2019/8/24,[新聞] 不再假裝是朋友 川普稱習近平「敵人」,51
2019/8/24,Re: [請益] 現在是不是兩邊都只能爽一個晚上？,3
2019/8/24,[請益] 南茂配息通知單遺失,14
2019/8/24,Re: [新聞] 川普反擊！宣布調升對陸貨加徵關稅稅率,9
2019/8/24,"[請益]投資成功者,前期大多開槓桿?(麥克風大?)",35
2019/8/24,Re: [新聞] 川普反擊！宣布調升對陸貨加徵關稅稅率,41
2019/8/24,[新聞] 貿易戰惡化！川普令美企撤出大陸 道瓊慘,0
2019/8/24,Re: [新聞] 川普反擊！宣布調升對陸貨加徵關稅稅率,1
2019/8/24,[新聞] 股利發放已破兆 台股注活水,32
2019/8/24,Re: [新聞] 川普反擊！宣布調升對陸貨加徵關稅稅率,17
2019/8/24,Re: [新聞] 川普反擊！宣布調升對陸貨加徵關稅稅率,100
2019/8/24,[新聞] 15檔主力拉抬 帶量衝,31
2019/8/24,Re: [新聞] 川普反擊！宣布調升對陸貨加徵關稅稅率,25
2019/8/24,[新聞] 顧立雄才撂重話就被打臉 永豐銀驚傳理專A,11
2019/8/24,[新聞] 富邦壽 Q2加碼台股251億,6
2019/8/24,[請益] 有沒有人覺得台指期憑感覺買就好？,43
2019/8/24,[新聞] 川普放話 將助蘋果戰三星,24
2019/8/24,[新聞] 川普反擊！宣布調升對陸貨加徵關稅稅率,99
2019/8/24,[新聞] WSJ:川普要求美企尋找中國以外的國家設點,15
2019/8/24,[新聞] 中國祭報復關稅 川普怒飆「美國沒有中國,23
2019/8/24,[請益] 怎麼處理系統式崩跌？,40
2019/8/24,[新聞] 全球雖趨緩 聯準會主席誓言確保美經濟持,5
2019/8/24,Re: [標的] 00677U富邦VIX 準備進場,8
2019/8/23,[新聞] 北京對美貨加稅 川普預告將回應陸關稅,46
2019/8/23,Fw: [情報] 一銀第e個網可申請網路查詢證券帳戶餘額,3
2019/8/23,[新聞] 野村策略師：「雷曼式」拋售風險未消除,55
2019/8/23,Re: [標的] 智擎 4162 多多多,34
2019/8/23,[新聞] 陸祭報復關稅！川普顧問：談判將繼續,27
2019/8/23,[請益] 大家用手機買賣股票會裝防毒軟體嗎？,8
2019/8/23,[標的] 群創 3481,18
2019/8/23,[標的] 長榮航 2618 多,35
2019/8/23,[其他] 108年08月23日信用交易統計,11
2019/8/23,[新聞] 報復美3千億關稅！中國擬對750億美元商品,82
2019/8/23,[新聞] 康控-KY:公告本公司董事會決議變更現金股利發放日,22
2019/8/23,[新聞] 美國鋼鐵廠裁員 凸顯歐洲鋼鐵業困境,14
2019/8/23,Re: [其他] 衰退又持續虧損的公司為何不早早解散?,0
2019/8/23,Re: [標的] 岱稜 3303 多起來,6
2019/8/23,Re: [其他] 衰退又持續虧損的公司為何不早早解散?,2
2019/8/23,Re: [標的] 智擎 4162 多多多,18
2019/8/23,[新聞] 中信金被控95億掏空案 辜仲諒一審獲判無,14
2019/8/23,[新聞] 散戶瘋買股 7月證券劃撥帳戶創新高、月增,61
2019/8/23,[新聞] 被控掏空中信金95億 辜仲諒獲判無罪,14
2019/8/23,[新聞] 中國工業機器人市場2018年首次萎縮3.75%,6
2019/8/23,[其他] 聖暉(5536)-一條龍式無塵室機電工程廠商,8
2019/8/23,Re: [請益] vix搭配portfolio的策略?,10
2019/8/23,Re: [其他] 108年08月23日 三大法人買賣金額統計表,21
2019/8/23,[請益] vix搭配portfolio的策略?,16
2019/8/23,[請益] 玉晶光3406 籌碼疑問,12
2019/8/23,[新聞] 台企銀升任兩副總,15
2019/8/23,[新聞] 《台北股市》錢好併破局，股價一上一下,6
2019/8/23,[請益] 權證造市商還有好的嗎？？,19
2019/8/23,[其他] 108年08月23日 三大法人買賣金額統計表,49
2019/8/23,Re: [標的] 公務員信貸投資請益,11
2019/8/23,[閒聊] 2019/08/23 盤後閒聊,15
2019/8/23,[新聞] 《外資》瑞銀證3質疑下修台股目標價至萬,41
2019/8/23,[新聞] 外資：台積得利,36
2019/8/23,[請益] 盤中零股交易資訊,30
2019/8/23,[請益] 同欣電與國巨旗下普思,6
2019/8/23,[新聞] 驚！蘋果西打2000ml又出包 產線緊急停工,40
2019/8/23,[新聞] 南韓終止《日韓軍情協定》 美國表示不滿,43
2019/8/23,Re: [其他] 衰退又持續虧損的公司為何不早早解散?,2
2019/8/23,Re: [標的] 6186 新潤興業,11
2019/8/23,Re: [其他] 衰退又持續虧損的公司為何不早早解散?,8
2019/8/23,[標的] 有人在存 006208嗎 富邦50,63
2019/8/23,[新聞] 新創獨角獸 Cerebras 推出 AI 單晶片超,20
2019/8/23,[標的] 1522 堤維西,26
2019/8/23,[閒聊] 2019/08/23 盤中閒聊,100
2019/8/23,[新聞] 國壽Q2減碼台股320億,32
2019/8/23,[標的] 2367 燿華 多,44
2019/8/23,[心得] 在股票市場沒賠錢其實已經屌打很多人了,49
2019/8/22,[其他] 8/22 集中市場三大法人買賣超前30名,17
2019/8/22,[新聞] 貿易戰反覆難測，中國內需也忐忑,9
2019/8/22,[其他] 8/22 店頭市場三大法人買賣超前30名,7
2019/8/22,[其他] 108年08月22日信用交易統計,24
2019/8/22,請問流動差的ETF要如何拋售?,10
2019/8/22,"Re: 富邦-建國的高手,每天都賺取數百萬利潤,是大贏家",13
2019/8/22,[新聞] 美國經濟真沒表面上強.. 官方下修每月新,38
2019/8/22,Re: [標的] 中美晶5483 空 拉高都是空,5
2019/8/22,[其他] 衰退又持續虧損的公司為何不早早解散?,30
2019/8/22,[標的] 2454 聯發科 空,14
2019/8/22,[新聞] 三星代工高通5G芯片全部報廢？三星、高通,16
2019/8/22,[新聞] 快訊／南韓宣布撕毀《軍情協定》不續簽,62
2019/8/22,[標的] 3029 零壹 (短空),10
2019/8/22,[標的] 大江8436 空,21
2019/8/22,[新聞] 比三星便宜二成、抵銷關稅衝擊？蘋果傳,40
2019/8/22,Re: [請益] 當沖違約交割的問題,39
2019/8/22,[標的] 8069 元太,30
2019/8/22,Re: [新聞] 處於「存亡關頭」任正非：華為重振需,25
2019/8/22,[其他] 108年08月22日 三大法人買賣金額統計表,67
2019/8/22,[標的] 00677U富邦VIX 準備進場,18
2019/8/22,[新聞] 智慧家庭處於破碎混亂，未來須要統一平台,25
2019/8/22,[閒聊] 2019/08/22 盤後閒聊,18
2019/8/22,[新聞] 今年國內車市 少見出現季季增長,5
2019/8/22,[新聞] 爆理專盜領客戶千萬 永豐銀回應了,35
2019/8/22,Re: [新聞]出大包！傳三星良率出問題 代工高通5G處,7
2019/8/22,Re: [新聞] 處於「存亡關頭」任正非：華為重振需,2
2019/8/22,[新聞] 短短一天又改口！川普：不考慮減稅 美國,43
2019/8/22,[新聞]  大銀微 8/23 起申購,10
2019/8/22,[心得] 美國指數基金分析,-10
2019/8/22,Re: [請益] 有朋友說要幫忙代操,33
2019/8/22,Re: [新聞]玉晶光：不認同,5
2019/8/22,[標的] 2458 義隆 多多多,1
2019/8/22,[標的] 1215 卜蜂 多,26
2019/8/22,Re: [標的] 好樂迪9943,26
2019/8/22,[其他] Line群組收費亂象,37
2019/8/22,[其他] 黃國昌FB,66
2019/8/22,[標的] 嘉晶 3016,6
2019/8/22,[閒聊] 2019/08/22 盤中閒聊,70
2019/8/22,[新聞] 會議紀錄：聯準會盼保持彈性 避免看似必再降息,3
2019/8/22,[新聞] 處於「存亡關頭」任正非：華為重振需三至,30
2019/8/22,[新聞] 統新列入警示股，7月每股盈餘0.48元,6
2019/8/22,[新聞] 氣氣氣氣氣!耿爽：將制裁售台武器的美國,50
2019/8/22,Re: [請益] 有朋友說要幫忙代操,5
2019/8/22,[新聞] 〈金管會與投信座談〉基金通路銷售獎勵1,2
2019/8/22,[標的] 3217 優群 多,7
2019/8/22,Re: [請益] 有朋友說要幫忙代操,8
2019/8/22,[標的] 隆達 3698,4
2019/8/22,Re: [請益] 有朋友說要幫忙代操,4
2019/8/21,[新聞] 曾經的“中國養豬第一股”倒下了 18萬股,22
2019/8/21,[其他] 108年08月21日信用交易統計,10
2019/8/21,Re: [請益] 有朋友說要幫忙代操,3
2019/8/21,Re: [標的] 6141 柏承 多,7
2019/8/21,Re: [新聞]出大包！傳三星良率出問題 代工高通5G處,12
2019/8/21,[請益] 日盛條件單設定,6
2019/8/21,Re: [請益] 有朋友說要幫忙代操,10
2019/8/21,Re: [請益] 有朋友說要幫忙代操,8
2019/8/21,[其他] 8/21 店頭市場三大法人買賣超前30名,3
2019/8/21,Fw: [心得] 新興市場包括那些市場和區塊,5
2019/8/21,[其他] 8/21 集中市場三大法人買賣超前30名,13
2019/8/21,Re: [請益] 有朋友說要幫忙代操,7
2019/8/21,[標的] 6411晶焱 多多,34
2019/8/21,[新聞] 貿易戰延燒 台灣投資中國前7月大減55%,8
2019/8/21,Re: [請益] 有朋友說要幫忙代操,6
2019/8/21,[新聞] 外資觀點：亞系外資重申可成(2474)「減碼,17
2019/8/21,[新聞] 即使誇大其詞，AI新創仍是創投最愛,10
2019/8/21,[請益] 請問所得稅佔稅前淨利比重過大的問題?,2
2019/8/21,Re: [請益] 存股族的迷思？,7
2019/8/21,Re: [請益] 有朋友說要幫忙代操,1
2019/8/21,[新聞] 南韓半導體陷入困境？美國GF出售光罩廠,5
2019/8/21,Re: [請益] 有朋友說要幫忙代操,1
2019/8/21,Re: [標的] 5289 宜鼎 多,5
2019/8/21,Re: [請益] 有朋友說要幫忙代操,2
2019/8/21,Re: [標的] 6125廣運 即將大入帳,22
2019/8/21,Re: [標的] 鼎炫 KY,5
2019/8/21,[新聞] 聯發科攻5G 打入華為鏈,18
2019/8/21,Re: [請益] 外資一直賣在想什麼 ?,10
2019/8/21,[請益] 有朋友說要幫忙代操,58
2019/8/21,[其他] 108年08月21日 三大法人買賣金額統計表,61
2019/8/21,[新聞]出大包！傳三星良率出問題 代工高通5G處,67
2019/8/21,[標的] 好樂迪9943,11
2019/8/21,[新聞] 禁止錢櫃與好樂迪結合,31
2019/8/21,[閒聊] 2019/08/21 盤後閒聊,4
2019/8/21,[心得] 美國股票投資心得,16
2019/8/21,Re: [標的] 智擎 4162 多多多,12
2019/8/21,[新聞] 貿易戰何時了？龐皮歐指明年大選前,5
2019/8/21,[新聞] 貿易戰延燒 台灣投資中國前7月大減55%,8
2019/8/21,[新聞] 漢翔 爭設亞太F16V維修中心,17
2019/8/21,[新聞] 主播朱琦郁向爸爸借20萬股本 滾出300萬大,61
2019/8/21,[新聞] 同業控豬隊友，聯合再生：是領頭羊、毛利,15
2019/8/21,[請益] 過了10546就會直直噴了？,46
2019/8/21,Re: [請益] 存股族的迷思？,30
2019/8/21,[新聞] Q2金融帳流出 趨緩,18
2019/8/21,[閒聊] 2019/08/21 盤中閒聊,100
2019/8/21,[新聞] 伊爾艾朗：深陷內憂困擾 歐洲經濟衰退機,29
2019/8/21,[請益] ETF的估值?,6
2019/8/20,Fw: [宣判] a06030501申訴Stock板板主noldorelf一案,31
2019/8/20,[其他] 108年08月20日 信用交易統計,23
2019/8/20,Re: [標的] 凌巨 8105 多,100
2019/8/20,[標的] EWW-US 墨西哥ETF 多,4
2019/8/20,[其他] 中壽(2823)第2季每股純益EPS1.15元,27
2019/8/20,[其他] 8/20 集中市場三大法人買賣超前30名,6
2019/8/20,[其他] 8/20 店頭市場三大法人買賣超前30名,2
2019/8/20,Re: [請益] 減資是不是對股東來說不是好事,17
2019/8/20,[請益] 減資是不是對股東來說不是好事,29
2019/8/20,[其他] 有人熟悉翁偉捷嗎？,17
2019/8/20,Re: [新聞] 白宮考慮取消對中國加徵的關稅 防止,5
2019/8/20,Re: [新聞] 白宮考慮取消對中國加徵的關稅 防止經濟,0
2019/8/20,[新聞] 科技廠分紅陸續入袋／英業達快開獎、平,18
2019/8/20,[新聞] 國泰美國道瓊正2 8/22掛牌上市,9
2019/8/20,[新聞] 上海商銀增資價打七五折 這麼便宜的原因,41
2019/8/20,Re: [新聞] 白宮考慮取消對中國加徵的關稅 防止經濟,8
2019/8/20,Re: [新聞] 白宮考慮取消對中國加徵的關稅 防止經濟,2
2019/8/20,[新聞] 白宮考慮取消對中國加徵的關稅 防止經濟,50
2019/8/20,[標的] 1560 中砂,9
2019/8/20,Re: [請益] 高鐵財報科目,9
2019/8/20,[新聞] 外銷訂單連9黑 7月外銷訂單年減3%,41
2019/8/20,Re: [心得] 有5G 股市不GG,26
2019/8/20,[新聞] 上海商銀 108年現金增資認股發行價格,34
2019/8/20,[新聞] 6月中國信託成功壓哨　7月台新慘遭玉山,17
2019/8/20,[請益] 外資一直賣在想什麼 ?,36
2019/8/20,Re: [標的] 6508 惠光 存股,8
2019/8/20,[新聞] 群創(3481)決議8/21-10/20買回庫藏股30萬張,47
2019/8/20,Re: [新聞] 「備轉率逾10％」 經部：到2030年都不缺電,30
2019/8/20,[其他] 108年08月20日 三大法人買賣金額統計表,68
2019/8/20,[新聞] 美關稅大刀 可能砍向南韓,33
2019/8/20,[新聞]  SEMI Taiwan「先進封裝技術論壇」聽聽各,5
2019/8/20,Re: [標的] 6192 巨路 無腦多,17
2019/8/20,[新聞] 堅定談話一槌定音 中鋼：Q4鋼價將開平高,3
2019/8/20,Re: [請益] 考慮曲率的幾何布朗運動是否會更貼切??,9
2019/8/20,[閒聊]  2019/08/20 盤後閒聊,17
2019/8/20,[標的] 抄底5227立凱-KY,12
2019/8/20,[請益] 考慮曲率的幾何布朗運動是否會更貼切??,23
2019/8/20,Re: [標的] 3661 世芯 多,6
2019/8/20,[新聞] 「備轉率逾10％」 經部：到2030年都不缺電,29
2019/8/20,[新聞] 〈國泰金經濟調查〉貿易戰翻轉人民幣投,11
2019/8/20,Re: [心得] 有5G 股市不GG,8
2019/8/20,[新聞] 日方釋善意？ 韓媒：日本政府再度許可光,25
2019/8/20,[請益] 關於營業員權限問題,30
2019/8/20,[新聞] 美國對華為貿易禁令再延長90天至11月19日,16
2019/8/20,[新聞] 90天後…華為又被判死！任正非爆老美更危,34
2019/8/20,Re: [請益] 特別股可否取代債券？,9
2019/8/20,[閒聊] 2019/08/20 盤中閒聊,100
2019/8/20,[其他] 8月八大行庫逐日買賣超金額(至8/19),4
2019/8/20,Re: [新聞] 白宮貿易顧問：美股將在2020年持續走強,13
2019/8/20,Re: [請益] 投信0持股的股票,6
2019/8/20,Re: [新聞] 白宮貿易顧問：美股將在2020年持續走強,0
2019/8/20,[請益] 投信0持股的股票,6
2019/8/19,[其他] 108年08月19日 信用交易統計,15
2019/8/19,[請益] 矽創-投信操作,8
2019/8/19,[新聞] 中國據悉計畫新增地方政府專項債額度 以,19
2019/8/19,[新聞] 美中貿易談判再現希望 亞股收高,7
2019/8/19,[新聞] 神預言814慘崩 他又爆下波屠殺時間,47
2019/8/19,[心得] 有5G 股市不GG,27
2019/8/19,Re: [新聞] 超準預測！野村：美股暴跌最早8月底來臨,5
2019/8/19,[其他] 8/19 集中市場三大法人買賣超前30名,6
2019/8/19,Re: [標的] 華泰2329,39
2019/8/19,[新聞] 夏普勞資爭議涉結構問題 戴正吳遺憾不排,3
2019/8/19,[其他] 8/19 店頭市場三大法人買賣超前30名,2
2019/8/19,[新聞] 美國商務部長：延長華為「禁售令」寬限90,40
2019/8/19,[新聞] HTC 預告將於印度推新機，野火機將正式復,14
2019/8/19,[新聞] 台塑河靜鋼廠盤價下跌 中鋼：不影響Q4內,3
2019/8/19,[新聞] 康那香投資17億蓋新廠86歲老董研發布電池,12
2019/8/19,[新聞] 慘崩800點那天…美媒爆川普驚嚇內幕,6
2019/8/19,Re: [請益] 存股族的迷思？,17
2019/8/19,[新聞] 轉投資電池廠 三陽打造電動機車一條龍,6
2019/8/19,Re: [標的] 全台（空到地心）3038,14
2019/8/19,Re: [新聞] 亞獅康一線胃癌新藥二期臨床試驗數據,24
2019/8/19,[標的] 元大金2885 多,20
2019/8/19,[請益] 為何當初鴻海要入主港股,1
2019/8/19,[新聞] 白宮貿易顧問：美股將在2020年持續走強,28
2019/8/19,[其他] 108年08月19日 三大法人買賣金額統計表,63
2019/8/19,[新聞] LG Display以透明OLED強化商用顯示器，搶,5
2019/8/19,Re: [請益] 現在是不是兩邊都只能爽一個晚上？,21
2019/8/19,Re: [請益] 存股族的迷思？,0
2019/8/19,[閒聊]  2019/08/19 盤後閒聊,19
2019/8/19,[請益] 關於散戶影響股價的力量,15
2019/8/19,[新聞] 漢翔 換約續單利多,0
2019/8/19,Re: [請益] 存股族的迷思？,25
2019/8/19,Re: [標的] FH 香港正2 00650L 多,13
2019/8/19,[請益] 高鐵財報科目,36
2019/8/19,[新聞] 星期專訪─前財政部長劉憶如：港金融地,-10
2019/8/19,Re: [標的] 1434 福懋,3
2019/8/19,Re: [標的] 智擎 4162 多多多,32
2019/8/19,Re: [請益] 現在是不是兩邊都只能爽一個晚上？,7
2019/8/19,Re: [請益] 看不懂5G概念股--全新穩懋,5
2019/8/19,[新聞] 美對中新關稅清單 剔除44項產品,17
2019/8/19,[閒聊] 2019/08/19盤中閒聊,100
2019/8/19,[新聞] 延長豁免令？川普潑冷水：認真考慮不跟華,29
2019/8/19,Re: [心得] 不務正業醬料生 Gap1 近期目標達成+書單,4
2019/8/19,Re: [請益] 存股族的迷思？,20
2019/8/19,Re: [請益] 為什麼台積電都外資在買,4
2019/8/19,[新聞] 英相放話 10月底硬脫歐,22
2019/8/19,Re: [心得] 不務正業醬料生 Gap1 近期目標達成+書單,2
2019/8/19,[公告] michrischo mukuro W29920400 警告一次,0
2019/8/19,[公告] mmbappe anthony10605 水桶一個月,0
2019/8/19,[公告] ypeter 水桶10年,0
2019/8/18,[公告] Yulii terryyang214 W29920400 警告一次,0
2019/8/18,[公告] foxconn1080 jongam 水桶一週,0
2019/8/18,[公告] amc5566 liveforhappy FL5566 警告一次,0
2019/8/18,[請益] 營收利益突然大減或大增代表什麼意思呢？,2
2019/8/18,Re: [新聞] 超準預測！野村：美股暴跌最早8月底來臨,4
2019/8/18,[新聞] 川普想對法國紅酒課稅 傳稅率要「100％,34
2019/8/18,[標的] 大盤,61
2019/8/18,Re: [標的] 9924 福興,3
2019/8/18,Re: [請益] 如果用20萬買台積電股票？,2
2019/8/18,[新聞] 解碼台灣50成分股..強勢填息族群 金雞出,10
2019/8/18,[請益] 只有股利收入的人怎麼算稅收?,0
2019/8/18,[新聞] WTO判決美不當徵收17項中國關稅 中國可,56
2019/8/18,[其他] +~老師菜蟲掉滿地的時期,5
2019/8/18,[其他] 請推薦有趣的財經節目,64
2019/8/18,[請益] 證交所/期交所股票,15
2019/8/18,Re: [新聞] 超準預測！野村：美股暴跌最早8月底來臨,15
2019/8/18,Re: [新聞] 超準預測！野村：美股暴跌最早8月底來臨,3
2019/8/18,Re: [新聞] 超準預測！野村：美股暴跌最早8月底來臨,24
2019/8/18,[新聞] 不放棄納智捷，裕隆第二季虧損 11.9 億,11
2019/8/18,Fw: [心得] 威爾夏5000指數與美股數量變化,5
2019/8/18,Re: [請益] 存股族的迷思？,2
2019/8/18,[新聞] 超準預測！野村：美股暴跌最早8月底來臨,43
2019/8/18,Re: [請益] 如果用20萬買台積電股票？,1
2019/8/18,[標的] 9924 福興,9
2019/8/18,Re: [請益] eToro投資美股,13
2019/8/18,[請益]益通下市對英業達的影響？,12
2019/8/18,Re: [請益] 怎麼決定市場最佳的投資組合????,9
2019/8/18,Re: [新聞] WSJ:新關稅將對廣泛的消費品產生衝擊,11
2019/8/18,Re: [請益] 為什麼台積電都外資在買,19
2019/8/18,[新聞] 華為豁免令 美擬延長90天,77
2019/8/18,Re: [新聞] 川普：Apple將會在美國大撒幣,4
2019/8/18,[新聞] 仍藏有黃金！ 對沖大鱷看上這點加碼股神,22
2019/8/18,[新聞] 川普：Apple將會在美國大撒幣,38
2019/8/17,[新聞] 15檔內資鎖碼 反攻先鋒,7
2019/8/17,[新聞] 16檔財報驚艷 法人逆勢搶進,10
2019/8/17,[新聞] 法人鎖碼強勢股 反攻先鋒,12
2019/8/17,Re: [標的] 2014 中鴻 後續追蹤與請益,4
2019/8/17,[新聞] 國銀新南向上半年獲利66億 創歷史同期新,15
2019/8/17,[標的] 2637 慧洋ky 多,23
2019/8/17,Re: [新聞] 傳中國嚴禁黃金進口 為穩定人民幣、防外,6
2019/8/17,Re: [標的] 4173 久裕,12
2019/8/17,Re: [請益] 為什麼台積電都外資在買,6
2019/8/17,[請益] 為什麼台積電都外資在買,52
2019/8/17,Re: [新聞] BDI重回2千點 散裝船下半年可望躺著賺,4
2019/8/17,Re: [新聞] BDI重回2千點 散裝船下半年可望躺著賺,13
2019/8/17,[請益] 存股族的迷思？,17
2019/8/17,[新聞] BDI重回2千點 散裝船下半年可望躺著賺,13
2019/8/17,Re: [請益] 股市那麼難預測是什麼原因??,8
2019/8/17,[請益] 什麼情況配息會高於公司獲利.....?,10
2019/8/17,Re: [請益] 股市那麼難預測是什麼原因??,3
2019/8/17,[標的] 台指期（空,62
2019/8/17,Re: [請益] 認真請益，技術分析or基本分析長期哪個賺,12
2019/8/17,Re: [新聞] 克魯曼：衰退警報也許是虛驚 但川普經濟,12
2019/8/17,[新聞] 川普：很快會與習近平熱線,100
2019/8/17,Re: [請益] 認真請益，技術分析or基本分析長期哪個,3
2019/8/17,Re: [心得]  廣明 主力外資半年績效？,16
2019/8/17,Re: [新聞] 克魯曼：衰退警報也許是虛驚 但川普經濟,0
2019/8/17,Re: [新聞] 克魯曼：衰退警報也許是虛驚 但川普經濟,7
2019/8/17,[新聞] 美股4大指數大漲！道瓊收高306點 費半狂,25
2019/8/17,[新聞] 財部修法4箭…權證交易稅 擬降至千分之1,35
2019/8/17,[新聞] 以色列非侵入性腦部檢測以預防阿茲海默症,5
2019/8/17,Re: [新聞] 克魯曼：衰退警報也許是虛驚 但川普經濟,4
2019/8/17,Re: [新聞] 克魯曼：衰退警報也許是虛驚 但川普經濟,0
2019/8/17,[新聞] 個股：中環(2323)8/13～8/15取得台灣高鐵,28
2019/8/17,[新聞] 克魯曼：衰退警報也許是虛驚 但川普經濟,20
2019/8/16,[新聞] Nvidia盤後大漲7% 電玩、車用晶片助攻營,6
2019/8/16,[請益] 石油正2收費問題,21
2019/8/16,Re: [標的] 佳龍9955 短線已漲100%準備空單,3
2019/8/16,[其他] 108年08月16日 信用交易統計,19
2019/8/16,[其他] 8/16 集中市場三大法人買賣超前30名,15
2019/8/16,[其他] 8/16 店頭市場三大法人買賣超前30名,2
2019/8/16,[標的] 6171 亞銳士 多,53
2019/8/16,[新聞] 中鋼上半年稅後淨利71.80億 年減35.7％,24
2019/8/16,[新聞] 貿易戰轉單效應！7月對美出口首度突破40,68
2019/8/16,[新聞] 台北國際航太暨國防工業展 國內外160家廠,8
2019/8/16,Re: [新聞] 不怕外資狂倒貨，台股大漲背後藏內幕,15
2019/8/16,[新聞] 保2穩了！主計總處大幅上修台GDP至2.46%,37
2019/8/16,Re: [新聞] 中國廠低價壞行情！韓廠傳縮減南韓 LCD 產量，三星或砍,28
2019/8/16,[心得] 大盤&小綠&金融,100
2019/8/16,[新聞] 不怕外資狂倒貨，台股大漲背後藏內幕,78
2019/8/16,[其他] 安馳普通股之公開收購期限屆滿公告,0
2019/8/16,[新聞] 馬多夫案揭發人指控：GE涉及「比恩龍更大,9
2019/8/16,Re: [標的] 岱稜 3303,3
2019/8/16,Re: [新聞] 中國廠低價壞行情！韓廠傳縮減南韓 LCD 產量，三星或砍,9
2019/8/16,[標的] PHP海防港口,4
2019/8/16,[新聞] 中鋼︰與中國冷軋鋼劃清界線,10
2019/8/16,[新聞] 中國廠低價壞行情！韓廠傳縮減南韓 LCD 產量，三星或砍半,22
2019/8/16,"[新聞] 第二波""雷曼式""衝擊月底或來襲超準預言家",47
2019/8/16,[新聞] 機器人2019年重大投資事件，自駕車仍是主,2
2019/8/16,[其他] 108年08月16日 三大法人買賣金額統計表,100
2019/8/16,[請益] 怎麼決定市場最佳的投資組合????,12
2019/8/16,[閒聊] 2019/08/16 盤後閒聊,14
2019/8/16,Fw: [心得] 已開發市場包括哪些市場和區塊？,16
2019/8/16,[標的] 2104 中橡 多,13
2019/8/16,[標的] 6290 良維 多,21
2019/8/16,[標的] 3044 健鼎 多,9
2019/8/16,[新聞] 小英孵勇鷹 國造高教機9月26日亮相,31
2019/8/16,Re: [請益] 816了如果擠兌成功會發生什麼事,35
2019/8/16,Re: [請益] 816了如果擠兌成功會發生什麼事,3
2019/8/16,[新聞] 日本6月成為美國國債最大持有國 大陸退居,50
2019/8/16,Re: [標的] 晶電 散戶螞蟻軋爆借券外資大象,3
2019/8/16,Re: [請益] 816了如果擠兌成功會發生什麼事,11
2019/8/16,[標的] 試分析 精華 1565 超大狙擊槍,4
2019/8/16,[新聞] 宜蘭直鐵擬升級高鐵 林佳龍：打造全台一,37
2019/8/16,[標的] 寶成9904,16
2019/8/16,Re: [標的] 智擎 4162 多多多,16
2019/8/16,[新聞] 景氣警鈴大作！全球前 20 大經濟體中，5,25
2019/8/16,Fw: [新聞] 祖平統發言人譴責南朝鮮當局的對朝妄言,16
2019/8/16,[請益] 可以只買低價股來領股利嗎?,51
2019/8/16,[閒聊] 2019/08/16 盤中閒聊,29
2019/8/16,[請益] 816了如果擠兌成功會發生什麼事,58
2019/8/16,[新聞] 美對陸3000億美元商品加徵關稅 中方將反,26
2019/8/16,Re: [新聞] 問題不在中國！川普再轟聯準會如無頭蒼蠅,4
2019/8/16,Re: [新聞] 問題不在中國！川普再轟聯準會如無頭蒼蠅,4
2019/8/16,Re: [請益] 第一桶金100萬的長期資產配置請益,20
2019/8/15,"[其他] 川普推特 ""美國美國真正強""!!",80
2019/8/15,[新聞] 經濟衰退不遠了？美學者：尚未見其他訊,8
2019/8/15,[新聞] 問題不在中國！川普再轟聯準會如無頭蒼蠅,5
2019/8/15,[請益] etoro的價差合約?,20
2019/8/15,[其他] 108年08月15日 信用交易統計,15
2019/8/15,[標的] 2537 聯上發,28
2019/8/15,[其他] 8/15 集中市場三大法人買賣超前30名,17
2019/8/15,[新聞] 國泰啟動史上第二次現金增資,66
2019/8/15,[其他] 8/15 店頭市場三大法人買賣超前30名,2
2019/8/15,Re: [新聞] 傳中國嚴禁黃金進口 為穩定人民幣、防外,0
2019/8/15,[新聞] 台商回台飆破5484億,33
2019/8/15,[請益] 常常業外虧損的公司,8
2019/8/15,[標的] 加權指數 多,13
2019/8/15,[請益] FED降息的投資方向,13
2019/8/15,[新聞] 鈊象(3293) 8/15法說會,5
2019/8/15,[標的] 凌巨 8105 多,100
2019/8/15,[標的] 6462神盾 多,8
2019/8/15,[新聞] 不管誰當總統 貿易戰明年結束,0
2019/8/15,[其他] 108年08月15日 三大法人買賣金額統計表,64
2019/8/15,[標的] 8210 勤誠,3
2019/8/15,[新聞] 傳中國嚴禁黃金進口 為穩定人民幣、防外,29
2019/8/15,[新聞] 川普對中國進口產品延遲徵收10%關稅,3
2019/8/15,[閒聊] 2019/08/15 盤後閒聊,34
2019/8/15,Re: [標的] 2327 國巨 多,13
2019/8/15,[新聞] 基本工資漲5% 企業恐增250億成本,10
2019/8/15,Re: [標的] 零壹(3029),9
2019/8/15,Re: [標的] 榮成 1909 空好空滿 反彈都給我空起來,1
2019/8/15,[標的] FH 香港正2 00650L 多,9
2019/8/15,[新聞] 獨家》北京對港規劃：取消「一國兩制」,78
2019/8/15,[新聞] 京元電受惠新科技測試需求 港系外資升評,9
2019/8/15,[新聞] 5G獨立組網有望帶動高階交換器需求 PCB台,7
2019/8/15,[新聞] 美國大型企業掀起安裝再生能源當電力的,12
2019/8/15,[新聞] WSJ:Trump提議與習碰面解決香港問題,64
2019/8/15,[標的] 智擎 4162 多多多,19
2019/8/15,[新聞] 不再同步！基本工資時薪月薪脫勾將成常態,47
2019/8/15,[新聞] 避免陷入日式通縮！Fed布拉德：「負利率,26
2019/8/15,[新聞] 日占韓 DRAM 出口比重沒 1%！青瓦台發言人否認列入管制,16
2019/8/15,[閒聊] 2019/08/15 盤中閒聊,99
2019/8/15,Re: [標的] 2492華新科-空,2
2019/8/15,Re: [新聞] 憂全球經濟衰退 美股重挫逾2%道瓊指數跌,-10
2019/8/15,[標的] 台指期(多,7
2019/8/15,[新聞] 憂全球經濟衰退 美股重挫逾2%道瓊指數跌,61
2019/8/15,Re: [標的] 2382 廣達,-10
2019/8/15,Re: [請益] 現在是不是兩邊都只能爽一個晚上？,49
2019/8/15,Re: [請益] 兆豐金 還能存股嗎,20
2019/8/15,[新聞] 大同Q2稅後淨損44.3億元 認列華映、綠能虧損成主因,2
2019/8/14,[其他] 108年08月14日 信用交易統計,0
2019/8/14,Re: [標的] 華泰2329,8
2019/8/14,Re: [其他] 討論一下套利投資可行性？ 理財型房貸分享,17
2019/8/14,Re: [新聞] 反彈只是暫時？野村：美股下週恐「雷曼式」崩跌,13
2019/8/14,Re: [標的] 2633台灣高鐵,13
2019/8/14,Re: [新聞] 反彈只是暫時？野村：美股下週恐「雷曼式」崩跌,24
2019/8/14,[請益] 還原除權息的損益增減券商,3
2019/8/14,[其他] 8/14 集中市場三大法人買賣超前30名,9
2019/8/14,[新聞] 群聯上半年每股賺3.96元 兩年半低點,10
2019/8/14,Re: [新聞] 旺季不旺 友達群創7月營收各創近期新低,14
2019/8/14,Re: [心得] 去一趟中國，真的覺得要使崩潰太難了,6
2019/8/14,Re: [心得] 去一趟中國，真的覺得要使崩潰太難了,19
2019/8/14,1-7月中國外資持續增長,9
2019/8/14,[新聞] 電子商務營運模式正在演進到下一階段,0
2019/8/14,[其他] 8/14 店頭市場三大法人買賣超前30名,2
2019/8/14,[心得] 感覺大陸趁港股暴跌抄底，就可以和平控港,0
2019/8/14,[新聞] 經濟衰退警鐘響 專家:美股恐重演暴殺慘劇,31
2019/8/14,[新聞] 華泰(2329)108年上半年稅後EPS 0.53元,5
2019/8/14,Re: [標的] 中磊5388多,5
2019/8/14,[新聞] 川普批WTO虧待美國 揚言情況沒改善就要退,50
2019/8/14,[新聞] 《類股》冷飲、中元利多失靈，食品股好嘔,14
2019/8/14,[新聞] 緩徵關稅 川普：救耶誕買氣,24
2019/8/14,[請益] 雙重國籍開戶問題,22
2019/8/14,Re: [新聞]基本工資今審議 青年團體29972元一次漲足,20
2019/8/14,[新聞] 太陽能原料廠資金斷炊　政府救不救陷兩難,24
2019/8/14,Re: [標的] (空)1536和大,3
2019/8/14,[請益] 2618長榮航，外資買賣問題,13
2019/8/14,[新聞] 明年基本工資調漲 月薪23800元、時薪158,48
2019/8/14,Re: [心得] 去一趟中國，真的覺得要使崩潰太難了,13
2019/8/14,Re: [心得] 去一趟中國，真的覺得要使崩潰太難了,24
2019/8/14,[新聞]基本工資今審議 青年團體29972元一次漲足,14
2019/8/14,[新聞] 亞泥Q2簡易財報,19
2019/8/14,[新聞] 代工廠外資看法分歧 廣達上調目標價至59,15
2019/8/14,Re: [心得] 去一趟中國，真的覺得要使崩潰太難了,6
2019/8/14,[標的] 環球晶，空，開始南下,21
2019/8/14,[其他] 108年08月14日 三大法人買賣金額統計表,56
2019/8/14,[閒聊] 2019/08/14 盤後閒聊,56
2019/8/14,Re: [標的] 科嘉-KY 5215 多,14
2019/8/14,Re: [心得] 去一趟中國，真的覺得要使崩潰太難了,0
2019/8/14,Re: [標的] 大盤蒼井空,9
2019/8/14,Re: [請益] 不會寫程式的人要怎麼做回測？,14
2019/8/14,Re: [心得] 去一趟中國，真的覺得要使崩潰太難了,22
2019/8/14,Re: [新聞] 川普政府禁止聯邦採購中國5家公司設備及,8
2019/8/14,[請益] 貿易戰的原因,12
2019/8/14,[標的] 力山 1515 空,20
2019/8/14,[新聞] 【太陽能業崩壞1】太陽能原料廠資金斷炊,11
2019/8/14,Re: [請益] 敦南被併購後下市股票怎麼辦?,13
2019/8/14,Re: [新聞] 川普政府禁止聯邦採購中國5家公司設備及,34
2019/8/14,[閒聊] 2019/08/14 盤中閒聊,99
2019/8/14,[新聞] 三星從第三地採購半導體材料合法嗎？ 以,5
2019/8/14,[新聞] 川普政府禁止聯邦採購中國5家公司設備及,21
2019/8/14,Re: [新聞] WSJ:美國人對中國人觀點隨貿易衝突惡化,-10
2019/8/14,Re: [新聞] 美國將手機移出關稅清單,15
2019/8/14,[新聞] 川普：情報單位告知 中國派軍到香港邊境,7
2019/8/14,[其他] 川普表示中國軍隊正在準備進入香港...,36
2019/8/14,[新聞] 香港戒嚴搜捕匯豐三大官閃辭港元大戰醞釀,26
2019/8/14,[請益] 不會寫程式的人要怎麼做回測？,23
2019/8/14,[新聞]中環(2323)108年上半年稅後盈餘,13
2019/8/13,[其他] 108年08月13日 信用交易統計,9
2019/8/13,Re: [新聞] 美國將手機移出關稅清單,21
2019/8/13,[新聞] 貿易戰新進展！美國延緩對中國製手機、筆,51
2019/8/13,[其他] 另一篇AMD Lisa Su專訪 彭博,19
2019/8/13,Re: [新聞] 美國將手機移出關稅清單,8
2019/8/13,[標的] 6166 凌華 多,3
2019/8/13,Re: [請益] 想請問5G的實用性在哪?,10
2019/8/13,Re: [標的] 6456Gis-Ky,13
2019/8/13,[新聞] 台泥營運有壓 淪貼息窘境,40
2019/8/13,[新聞] 國發基金投資如興蒸發6.6億 謝金河：到底,11
2019/8/13,[新聞] 除權：新光金(2888)現增3.4億股普通股暨7500萬股甲種特別股,18
2019/8/13,[請益] 想詢問看看，股市有哪些常見避險方式？,28
2019/8/13,Re: [請益] 想請問5G的實用性在哪?,13
2019/8/13,[新聞] LG電子投資300億韓元助60家韓企建立智慧,6
2019/8/13,[請益] 買主動基金是不是不太好,19
2019/8/13,[請益] 5820在證交所的零股交易行情單找不到,1
2019/8/13,Re: [新聞] 傳香港16日大擠兌 顧立雄：台灣子行,18
2019/8/13,[其他] 108年08月13日 三大法人買賣金額統計表,52
2019/8/13,[標的]5269祥碩,5
2019/8/13,[新聞] 中鋼董事會 通過3.38億元參與彰化29號風,22
2019/8/13,[閒聊] 2019/08/13 盤後閒聊,18
2019/8/13,[新聞] 《彭博》認證：台灣經濟將「完勝」南韓！,10
2019/8/13,[新聞] 韓國以牙還牙 9月把日本自白名單剔除,14
2019/8/13,[新聞] 6月總薪資 驚見負成長,27
2019/8/13,[新聞] 中國太空新創近100家，進入火箭回收競賽,57
2019/8/13,[請益] 金融股炒股是業內還業外?,7
2019/8/13,[新聞] 財報：福懋(1434)108年上半年稅後盈餘26,6
2019/8/13,[請益] 請教關於富邦定期定額etf的問題 !!!,2
2019/8/13,[請益] 敦南被併購後下市股票怎麼辦?,8
2019/8/13,Re: [其他] 金融股派對結束了嗎？,58
2019/8/13,[其他] 金融股派對結束了嗎？,77
2019/8/13,[請益] 放空vix類股問題,7
2019/8/13,[標的] 3682亞太電 樂透多,19
2019/8/13,[新聞] 股價力守30元整數大關 京城銀決再買庫藏,12
2019/8/13,[閒聊] 2019/08/13 盤中閒聊,99
2019/8/13,Re: [請益] 想請問5G的實用性在哪?,50
2019/8/13,[新聞] 美股重挫！ 道瓊大跌391點 費半急挫1.19,28
2019/8/13,Re: [新聞] 傳香港16日大擠兌 顧立雄：台灣子行非首,29
2019/8/13,[新聞] 傳香港16日大擠兌 顧立雄：台灣子行非首,16
2019/8/13,[標的] 統一取消聯合香港聯合法說會,4
2019/8/13,Re: [請益] 想請問5G的實用性在哪?,11
2019/8/13,[請益] 想請問5G的實用性在哪?,30
2019/8/13,Re: [標的] 鐿鈦 4163 多,9
2019/8/13,[新聞] 財報：玉晶光(3406)108年上半年稅後盈餘2,34
2019/8/13,[新聞] 壽險投資台股賠很大？,17
2019/8/12,[其他] 108年08月12日信用交易統計,7
2019/8/12,[新聞] 大陸工程集團提早與台灣高鐵分手 賣股票,37
2019/8/12,Re: [標的] 鐿鈦 4163 多,3
2019/8/12,[標的] 8446 華研 多 估值偏低,11
2019/8/12,[標的] 00666R 多,4
2019/8/12,[新聞] 中國7月汽車銷量同比降5% 連跌13個月,8
2019/8/12,[標的] 相互(6407) 究極多,20
2019/8/12,[標的] 零壹(3029) 多,24
2019/8/12,[新聞] 我企業總稅負 比韓、港高,6
2019/8/12,[標的] (空)1536和大,8
2019/8/12,[新聞] 全球筆電Q2出貨季增12% 宏碁季成長幅度居,13
2019/8/12,[新聞] 晶華上半年賺逾半個股本 擬超額配息6.12,25
2019/8/12,[標的] 小道線仙看法,0
2019/8/12,[新聞] 禁令暫緩將到期 華為擴大對台廠拉貨,22
2019/8/12,[標的] 5278尚凡,19
2019/8/12,[新聞] 大賣空操盤手示警：香港恐成「黑天鵝」,61
2019/8/12,[其他] 108年【7月份金控股】EPS排名 (全已公布),57
2019/8/12,[新聞] 台積電7月營收847.58億元 月減1.3% 8月可,12
2019/8/12,Re: [請益] 買書問題？,7
2019/8/12,Re: [標的] 1437 勤益,3
2019/8/12,Re: [標的] 冠德 2520  多,8
2019/8/12,[新聞] 美時公佈7月營收，年增率連續10個月成長,14
2019/8/12,[新聞]祥碩調降目標價,18
2019/8/12,Re: [新聞] 熱門股—精元股價衝10個月來新高 後續減,2
2019/8/12,Re: [新聞] 基本工資下周審議 估調漲5％！,1
2019/8/12,[其他] 108年08月12日 三大法人買賣金額統計表,39
2019/8/12,Re: [新聞] 基本工資下周審議 估調漲5％！,0
2019/8/12,[閒聊] 2019/08/12 盤後閒聊,39
2019/8/12,[新聞] 三星電子開始量產136層第六代V-NAND SSD,5
2019/8/12,[請益] 3708 上緯投控,8
2019/8/12,[標的] 2618 長榮航 多,41
2019/8/12,[標的] 4971IET-KY,3
2019/8/12,[請益] 請問美股有沒有像財報狗之類的財報網站,9
2019/8/12,請問有沒有推薦英文版的app,5
2019/8/12,[標的] FH香港反1,14
2019/8/12,Re: [新聞] 基本工資下周審議 估調漲5％！,46
2019/8/12,[新聞] 朱士廷專訪／永豐金邁向獲利百億俱樂部,10
2019/8/12,[新聞] 獲得微軟、谷歌與Twitter加持，AMD之ROME,19
2019/8/12,[請益] 日本買美股ETF (附手續費資料整理）,3
2019/8/12,[新聞] 全球「殭屍企業」數量大增 台灣高居亞洲,22
2019/8/12,[標的] 4736泰博，當沖,5
2019/8/12,Re: [標的] 6669 緯穎,5
2019/8/12,Re: [新聞] 基本工資下周審議 估調漲5％！,10
2019/8/12,Re: [標的] 鈊象 3293多,13
2019/8/12,[新聞] 智邦營運屢報喜 股價衝破150元登掛牌新,17
2019/8/12,Re: [新聞] 基本工資下周審議 估調漲5％！,3
2019/8/12,Re: [新聞] 基本工資下周審議 估調漲5％！,4
2019/8/12,[閒聊] 2019/08/12 盤中閒聊,100
2019/8/12,[新聞] 中放手人民幣貶值 中企自嚐苦頭,26
2019/8/12,[新聞] 稱華為過去是「賺點小錢」 任正非：現在,42
2019/8/12,[新聞] 接棒蔣尚義 台積電前處長楊光磊任中芯,40
2019/8/12,Re: [新聞] 基本工資下周審議 估調漲5％！,21
2019/8/12,[標的] 2538 基泰 多,5
2019/8/12,Re: [新聞] 美中貿易協議為何難產？ 日經：中共,8
2019/8/12,Re: [新聞] 基本工資下周審議 估調漲5％！,23
2019/8/12,[公告] yyyyounha 水桶一週,0
2019/8/11,[公告] wnico254 TatsuyaShiba nickcatwang 水桶,0
2019/8/11,[標的] 3443創意(空),22
2019/8/11,Re: [新聞] 基本工資下周審議 估調漲5％！,82
2019/8/11,Fw: [心得] 全球股市指數與相關ETF,17
2019/8/11,Re: [請益] 下一次金融海嘯,14
2019/8/11,Re: [新聞] 華為鴻蒙「開天闢地」登場 不受Android威,14
2019/8/11,Re: [新聞] 基本工資下周審議 估調漲5％！,3
2019/8/11,Re: [新聞] 基本工資下周審議 估調漲5％！,0
2019/8/11,Re: [新聞] 基本工資下周審議 估調漲5％！,0
2019/8/11,Re: [新聞] 反彈只是暫時？野村：美股下週恐「雷曼式」崩跌,30
2019/8/11,Re: [新聞] 反彈只是暫時？野村：美股下週恐「雷曼式」崩跌,24
2019/8/11,[新聞] 7月營收雙增股 11檔列隊,31
2019/8/11,[請益] 下一次金融海嘯,20
2019/8/11,Re: [新聞] 基本工資下周審議 估調漲5％！,23
2019/8/11,Re: [新聞] 基本工資下周審議 估調漲5％！,13
2019/8/11,Re: [新聞] 基本工資下周審議 估調漲5％！,100
2019/8/11,Re: [新聞] 反彈只是暫時？野村：美股下週恐「雷曼式」崩跌,38
2019/8/11,Re: [新聞] 美中貿易協議為何難產？ 日經：中共內部,8
2019/8/11,Re: [心得] 投資就像開車一樣,4
2019/8/11,[新聞] 大立光8月營收看旺 兩天完成填息,6
2019/8/11,[新聞] 美中貿易協議為何難產？ 日經：中共內部,46
2019/8/11,[新聞] 兆元資金匯回 五類股利多,0
2019/8/11,[新聞] 蘋果iPhone終究逃不了貿易戰之關稅風暴？,9
2019/8/11,Re: [新聞] 反彈只是暫時？野村：美股下週恐「雷曼式」崩跌,14
2019/8/11,[新聞] 台中銀砸173億蓋豪奢總部！地下10層建築,41
2019/8/11,[新聞] 中國貶人民幣擋關稅 港媒：小心歐盟、日,16
2019/8/11,Re: [新聞] 基本工資下周審議 估調漲5％！,6
2019/8/11,Re: [新聞] 反彈只是暫時？野村：美股下週恐「雷曼式」崩跌,17
2019/8/11,[心得] 投資就像開車一樣,14
2019/8/11,Re: [新聞] 反彈只是暫時？野村：美股下週恐「雷曼式」崩跌,2
2019/8/11,[新聞] 基本工資下周審議 估調漲5％！,100
2019/8/11,Re: [新聞] 反彈只是暫時？野村：美股下週恐「雷曼式」崩跌,38
2019/8/11,Re: [新聞] 反彈只是暫時？野村：美股下週恐「雷曼式」崩跌,18
2019/8/10,[新聞] 鴻海、大立光剉咧等？人民幣防線退守到8,34
2019/8/10,Re: [新聞] 反彈只是暫時？野村：美股下週恐「雷曼式」崩跌,32
2019/8/10,[新聞] 反彈只是暫時？野村：美股下週恐「雷曼式」崩跌,90
2019/8/10,Re: [新聞] 旺季不旺 友達群創7月營收各創近期新低,12
2019/8/10,Re: [新聞] 欣興董事李嘉彬轉讓持股過半遭解任,0
2019/8/10,Re: [新聞] 華為鴻蒙「開天闢地」登場 不受Android威,32
2019/8/10,Re: [新聞] 旺季不旺 友達群創7月營收各創近期新低,11
2019/8/10,Re: [新聞] 美中關係再惡化！ 川普：不準備與中國達,46
2019/8/10,Re: [新聞] 美中關係再惡化！ 川普：不準備與中國達,15
2019/8/10,[新聞] 南韓政府計劃5年內100項關鍵產品本地化、,60
2019/8/10,Re: [新聞] 美中關係再惡化！ 川普：不準備與中國達,67
2019/8/10,[新聞] 我國5G競標「三共」遊戲規則,18
2019/8/10,Re: [新聞] 誰怕誰？王岐山：中國人吃草可以活一年,81
2019/8/10,Re: [新聞] 美中關係再惡化！ 川普：不準備與中國達,8
2019/8/10,[標的] 1434 福懋,4
2019/8/10,Re: [新聞] 旺季不旺 友達群創7月營收各創近期新低,23
2019/8/10,Re: [新聞] 美中關係再惡化！ 川普：不準備與中國達,21
2019/8/10,[新聞] WSJ:川普對下一輪與中國談判提出懷疑,16
2019/8/10,Re: [新聞] 美中關係再惡化！ 川普：不準備與中國達,30
2019/8/10,Re: [新聞] 美中關係再惡化！ 川普：不準備與中國達,11
2019/8/10,[新聞] 美中關係再惡化！ 川普：不準備與中國達,38
2019/8/10,[其他] 所謂的“拿本金來配息”是如何配的？,13
2019/8/10,[新聞] 華為鴻蒙「開天闢地」登場 不受Android威,48
2019/8/10,[新聞] 市場派襲擊 福懋油變天內幕,9
2019/8/10,Re: [請益] 房地產真的是經濟的火車頭嗎,22
2019/8/09,[標的] 鐿鈦 4163 多,19
2019/8/09,[新聞] 第一金七月自結合併盈餘數,22
2019/8/09,Re: [標的] 1540 喬福,17
2019/8/09,Re: [新聞] 川普：聯準會繼續降息 貿易戰必勝,53
2019/8/09,Re: [標的] 2375 智寶 多,10
2019/8/09,[新聞] 美國暫不發向華為銷售的許可 反制中國停,9
2019/8/09,[新聞] 庫存回沖進補 良維Q2每股純益創新高,2
2019/8/09,Re: [新聞] 欣興董事李嘉彬轉讓持股過半遭解任,3
2019/8/09,Re: [標的] 1256鮮活果汁 多,17
2019/8/09,[新聞] 旺季不旺 友達群創7月營收各創近期新低,28
2019/8/09,Re: [請益] 房地產真的是經濟的火車頭嗎,9
2019/8/09,[公告] cacheee kalaokla 警告一次,0
2019/8/09,"[新聞] 長榮航遭罷工衝擊上季僅賺3,300萬元",74
2019/8/09,[請益] 颱風天除息日,44
2019/8/09,[新聞] 啟碁（6285）108年上半年稅後盈餘6億2713,14
2019/8/09,[新聞] 「帥過頭」遭爆虛擬貨幣割韭菜，誆人投資卻遲不上架！,56
2019/8/09,Re: [請益] 散戶存股的心態詢問,5
2019/8/09,[新聞] 台中銀新董座出手 就把101和帝寶比下去,70
2019/8/09,[請益] Uber ，能上車了嗎？,21
2019/8/09,Re: [請益] 散戶存股的心態詢問,18
2019/8/09,[新聞] 敦南科技被美商Diodes併購 成交價碼4.28,19
2019/8/09,[其他] AMD CEO Lisa Su專訪,40
2019/8/09,[新聞] 受不了油價又崩.. 沙烏地：9月再減產！決,49
2019/8/09,[新聞] 停購農產品的報復？彭博：白宮決定推遲對,16
2019/8/09,[新聞] 華碩筆電泰國銷售傳捷報 新品將挹注下半,20
2019/8/09,[新聞] 白宮正考慮終止美中談判,72
2019/8/09,[標的] 3026禾伸堂 空空,6
2019/8/09,[新聞] 陸廠94億訂單需現金支付！台積7奈米大爆單,100
2019/8/09,[新聞] MSCI季度調整出爐 台股小降符合預期,5
2019/8/09,[閒聊] 2019/08/09 盤中閒聊,49
2019/8/09,[請益] nlog沒在更新了嗎？,2
2019/8/09,Re: [請益] 散戶存股的心態詢問,19
2019/8/09,Re: [請益] 為何跟散戶對作是賺錢的指標,6
2019/8/09,Re: [請益] 散戶存股的心態詢問,9
2019/8/09,Re: [請益] 散戶存股的心態詢問,11
2019/8/09,[新聞] 盈餘：王道銀行(2897)自結1-7月合併稅前,22
2019/8/09,[標的] 4906正文 多,2
2019/8/08,[新聞] 欣興董事李嘉彬轉讓持股過半遭解任,47
2019/8/08,Re: [請益] 散戶存股的心態詢問,25
2019/8/08,[新聞] 受估列負債準備案衝擊 中美晶Q2轉虧,4
2019/8/08,Fw: [心得] 美國S&P系列指數與相關ETF,16
2019/8/08,Re: [新聞] 日本批准對南韓出口高科技材料 7月,33
2019/8/08,[標的] 中美晶5483 空 拉高都是空,18
2019/8/08,Re: [請益] 散戶存股的心態詢問,2
2019/8/08,Re: [請益] 散戶存股的心態詢問,29
2019/8/08,Re: [標的] 長期持有五年以上推薦,19
2019/8/08,[公告] Obiwang asd953114 gametheory 水桶一週,0
2019/8/08,[公告] grotwpig645 yoyoboy1 水桶一個月,0
2019/8/08,[其他] 中壽108年7月自結損益,21
2019/8/08,[新聞] 亞太電備戰5G健全體質 減資逾34%彌補虧損,29
2019/8/08,[新聞] 美國鋼鐵廠裁員 凸顯歐洲鋼鐵業困境,7
2019/8/08,[公告] jis0077 水桶10年,0
2019/8/08,[公告] gethappiness taidaren rochis 警告一次,0
2019/8/08,[心得] 88節台指期心得分享,5
2019/8/08,[新聞] 2882 國泰金 108年7月份自結合併盈餘,17
2019/8/08,[新聞] 再一亞洲央行降息！經濟成長前景弱 菲律,17
2019/8/08,Re: [新聞]衝突降溫？日未增加斷供品、韓白名單暫緩,1
2019/8/08,Re: [新聞] 振樺電(8114)首季雙率創三合一後新高，EP,5
2019/8/08,[新聞] 《科技》研調：第三季DRAM合約價持續看跌,24
2019/8/08,[新聞]衝突降溫？日未增加斷供品、韓白名單暫緩,8
2019/8/08,[新聞] 和碩Q2回溫 上半年EPS 1.84元,11
2019/8/08,[新聞] 2834臺企銀108年7月份自結合併盈餘,39
2019/8/08,[請益] 想請問一下一些操作手法,11
2019/8/08,Re: [標的] 8462 柏文 多,7
2019/8/08,[請益] 有這樣的警示app嗎?,0
2019/8/08,[請益] 為何跟散戶對作是賺錢的指標,14
2019/8/08,[新聞] 日本批准對南韓出口高科技材料 7月收緊,31
2019/8/08,Re: [標的] 5269 祥碩,4
2019/8/08,[其他] 108年08月08日 三大法人買賣金額統計表,73
2019/8/08,[新聞] 【2888 新光金】108年7月份自結合併盈餘,99
2019/8/08,Re: [請益] 散戶存股的心態詢問,15
2019/8/08,[新聞] MSCI個股權重 臻鼎-KY調升最多,11
2019/8/08,[請益] 零股買賣問題,6
2019/8/08,Re: [請益] 散戶存股的心態詢問,3
2019/8/08,[請益]可下觸價單的券商app,15
2019/8/08,Re: [請益] 散戶存股的心態詢問,3
2019/8/08,[新聞] 巴紐債台高築 尋求中國協助,16
2019/8/08,[閒聊] 2019/08/08 盤後閒聊,13
2019/8/08,[標的] 5269 祥碩,4
2019/8/08,Re: [新聞] 熱門股—精元股價衝10個月來新高 後續減,2
2019/8/08,[新聞] 台灣哪家上市上櫃公司薪資最高？,12
2019/8/08,[新聞] 中國7月貿易順差3102.6億元人民幣 同比擴大79%,27
2019/8/08,Re: [新聞] 華為拿偉創力祭旗，要求1億美元賠償,5
2019/8/08,[新聞] 利奇馬轉強颱！ 上午8時30分發布陸上警報,18
2019/8/08,[新聞] 炎夏刺激豆花銷售 中華食品7月營收1.46,6
2019/8/08,[標的] 建準2421,23
2019/8/08,Re: [標的] VIX 與 FED 降息 是否有關,4
2019/8/08,Re: [標的] 3444利機,10
2019/8/08,[新聞] 華為拿偉創力祭旗，要求1億美元賠償,23
2019/8/08,[其他] 徐明天：特朗普的金融戰又頭破血流,8
2019/8/08,[閒聊] 2019/08/08 盤中閒聊,100
2019/8/08,[新聞] 落實禁令 美國頒布臨時規定禁採購華為設,12
2019/8/08,"[新聞] Google, Twitter採用AMD最新伺服器晶片",26
2019/8/08,[新聞] 彩晶Q2稅後純益3.05億元國內唯一獲利面板,15
2019/8/08,[新聞] 群聯7月營收衝破40億元 創33個月高,15
2019/8/08,[新聞] 出口連七黑 六月稍轉正0.5% 七月又黑,21
2019/8/08,Re: [標的] 佳龍9955 短線已漲100%準備空單,3
2019/8/08,Re: [請益] 散戶圖---請問大家覺得目前在哪個階段呢,39
2019/8/07,[新聞] 中國恐對「美國原油」加稅消息發酵,45
2019/8/07,[新聞] 基本工資擬續漲 中小企業總會：真的快活,38
2019/8/07,[新聞] 中鋼員工產銷獎金恐難全發放 翁朝棟：Q4,0
2019/8/07,[其他] 最近幾次的大跌台股的股民反應？,27
2019/8/07,[新聞] 川普：聯準會繼續降息 貿易戰必勝,54
2019/8/07,Re: [標的] 冠德 2520  多,8
2019/8/07,Re: [其他] 元大期/群益期 7月自結,8
2019/8/07,[標的] 2006 東和鋼鐵 空,5
2019/8/07,Re: [請益] 外送平台有可能泡沫化嗎,8
2019/8/07,Re: [新聞] 韓媒：三星將撤換所有日本半導體原材料！,12
2019/8/07,[其他] 人民幣貶值，是傷己深還是傷敵深？,100
2019/8/07,Re: [請益] 台灣資本市場是不是對ic設計族群太好了?,2
2019/8/07,Re: [新聞] 韓媒：三星將撤換所有日本半導體原材料！,10
2019/8/07,[新聞] 鈷價下跌，嘉能可計劃年底關閉位於剛果,0
2019/8/07,[新聞] 解放軍一旦踏上香港街頭 外媒曝3階段災,21
2019/8/07,[新聞] 【2891 中信金】 108年7月份自結合併盈餘,46
2019/8/07,[其他] 元大期/群益期 7月自結,5
2019/8/07,[新聞] 2610華航 第二季-0.13,44
2019/8/07,[新聞] 【2890 永豐金】 108年7月份自結合併盈餘,20
2019/8/07,[新聞] 韓媒：三星將撤換所有日本半導體原材料！,100
2019/8/07,[新聞] 玉晶光7月營收創次高,39
2019/8/07,[新聞] 工具機大老喊話 放手讓台幣貶至33元,-10
2019/8/07,[其他] 兆豐金108年7月自結盈餘,7
2019/8/07,Re: [標的] 6510 精測,1
2019/8/07,[新聞] 明年度預算平衡　蔡總統：22年來首見,100
2019/8/07,[其他] 108年08月07日 三大法人買賣金額統計表,100
2019/8/07,[標的] 2498  宏達電   多,32
2019/8/07,[請益] 台灣資本市場是不是對ic設計族群太好了?,21
2019/8/07,[閒聊] 2019/08/07 盤後閒聊,25
2019/8/07,[其他] 國票金108年7月自結盈餘,9
2019/8/07,[其他] 玉山金108年7月自結盈餘,21
2019/8/07,Re: [新聞] OUT日本正式把南韓踢出白名單本月28日施行,0
2019/8/07,Re: [新聞] OUT日本正式把南韓踢出白名單本月28日施行,5
2019/8/07,[新聞] 台船7月營運好轉出現盈餘 早盤股價漲逾4%,3
2019/8/07,[新聞] WSJ:中國打算跟美國打一場持久的貿易戰,24
2019/8/07,Re: [新聞] OUT日本正式把南韓踢出白名單本月28日施行,4
2019/8/07,Re: [新聞] OUT日本正式把南韓踢出白名單本月28日施行,9
2019/8/07,[標的] 2492華新科-空,10
2019/8/07,[請益] 除權息單可以不要寄到家裡嗎,45
2019/8/07,Re: [請益] 大跌時大家會怎麼處理股票?,17
2019/8/07,Re: [新聞] OUT日本正式把南韓踢出白名單本月28日施行,14
2019/8/07,[新聞] OUT日本正式把南韓踢出白名單本月28日施行,19
2019/8/07,[請益] 買國巨賺股息有沒有搞頭？,44
2019/8/07,[標的] 2357 華碩 多,22
2019/8/07,[請益] 外送平台有可能泡沫化嗎,27
2019/8/07,Re: [其他] 大陸證監會正在統計台灣籍投資者資料,7
2019/8/07,Re: [請益] 大跌時大家會怎麼處理股票?,3
2019/8/07,Re: [請益] 外送平台有可能泡沫化嗎,61
2019/8/07,[新聞] HTC遭控專利侵權 手機在英國全面下架,23
2019/8/07,Re: [請益] 外送平台有可能泡沫化嗎,2
2019/8/07,[閒聊] 2019/08/07 盤中閒聊,85
2019/8/07,[心得] 一定要避險? 其實你是在保險，不是避險,13
2019/8/07,[新聞] 日韓衝突加劇？南韓擬對日本發布旅遊警示,64
2019/8/07,[請益] 群光取得群電股票,0
2019/8/07,Re: [其他] 大陸證監會正在統計台灣籍投資者資料,9
2019/8/07,[標的] 1201味全,6
2019/8/07,[請益] 外送平台有可能泡沫化嗎,87
2019/8/07,[新聞] 中國官方想併阿里巴巴及騰訊 引發業者恐,58
2019/8/06,[請益] 信用開戶問題,7
2019/8/06,[新聞] 個股：國票金(2889)今除息，暫時貼息，上,7
2019/8/06,Re: [新聞] 進口車大軍壓境 國產車促降引擎進口關稅,5
2019/8/06,[請益] 停損要不要把手續費算進去,24
2019/8/06,[請益] 美國景氣怎樣,21
2019/8/06,[新聞] 震撼！傳AMD執行長蘇姿豐或今秋離職前往I,55
2019/8/06,[新聞] 韓國創業板突然暴跌 熔斷制機啟動暫停交,23
2019/8/06,Re: [請益] VIX的問題,8
2019/8/06,[新聞] 進口車大軍壓境 國產車促降引擎進口關稅,14
2019/8/06,Re: [標的] 全台（空到地心）3038,4
2019/8/06,Re: [新聞] 美國對沖基金大佬：人民幣崩盤剛剛開始,13
2019/8/06,[請益] VIX的問題,28
2019/8/06,[新聞] 美國對沖基金大佬：人民幣崩盤剛剛開始,20
2019/8/06,Re: [其他] 別人恐懼我貪婪？,28
2019/8/06,[新聞] Fed官員罕見表態 市場賭降息兩碼,41
2019/8/06,[新聞] 行政命令出爐 川普宣布擴大制裁委內瑞拉,28
2019/8/06,[新聞] 宏達電7月營收4.4億、月減69.85% 創上市,56
2019/8/06,[新聞] SIA：全球晶片 6 月銷售年減 16.8%，連 6,11
2019/8/06,[其他] 108年08月06日 三大法人買賣金額統計表,82
2019/8/06,Re: [新聞] 川普震怒人民幣破7 批中國「這就叫貨幣操,99
2019/8/06,[標的] 鈊象 3293多,17
2019/8/06,[新聞] 文在寅政府考慮廢除GSOMIA,100
2019/8/06,[閒聊] 2019/08/06  盤後閒聊,54
2019/8/06,Re: [標的] 4906 正文 多,9
2019/8/06,Re: [其他] 台積電噴發,23
2019/8/06,Re: [新聞] 富邦VIX飆漲爆出62萬張大量 創紀錄,13
2019/8/06,[心得] 等待是必不可少的,1
2019/8/06,[新聞] iPhone銷售崩跌…民眾不愛買3萬元新手機,22
2019/8/06,Re: [心得] 大盤破底翻 戒慎恐懼,2
2019/8/06,[新聞] 富邦VIX飆漲爆出62萬張大量 創紀錄,20
2019/8/06,[心得] 大盤破底翻 戒慎恐懼,75
2019/8/06,[新聞] 全美AI新創公司集中於三個州佔70%,3
2019/8/06,[新聞] 索尼眾籌穿戴式空調裝置REON POCKET,9
2019/8/06,[其他] 大陸證監會正在統計台灣籍投資者資料,100
2019/8/06,[新聞] 美財政部：中國人行已承認操縱貨幣,41
2019/8/06,[標的] 4938 和碩 多多多,24
2019/8/06,Re: [請益] 大盤一直慢慢漲回來了是不是可以進場,8
2019/8/06,[公告] hate區火爆加開中,56
2019/8/06,Re: [標的] 6180 橘子 空,7
2019/8/06,[心得] 新手發問關於除息,0
2019/8/06,[新聞] FoW on Printing能使列印產業起死回生？,0
2019/8/06,[新聞] 人民幣貶破七…台灣代工廠「鬆口氣」,9
2019/8/06,[請益] 七月營收該在大跌時公布嗎？,0
2019/8/06,[閒聊]2019/08/06 盤中閒聊,100
2019/8/06,[新聞] 反制！中國宣佈停購美國農產品、加徵新關,95
2019/8/06,[新聞] 貿易戰急遽升溫 美股道瓊崩跌767點,51
2019/8/06,[新聞] 美國財政部正式將中國列為貨幣操縱國,56
2019/8/06,[新聞] 川普震怒人民幣破7 批中國「這就叫貨幣操,67
2019/8/06,Re: [新聞] 快訊／陸客來台禁令再加碼！9月1日起小三,15
2019/8/06,[新聞] 全球鋼鐵龍頭Q2獲利腰斬,9
2019/8/06,[公告] aq10203040 警告一次,0
2019/8/06,[公告] Adevil bitlife HaoHao1217 水桶一週,0
2019/8/06,[公告] e741000 gary60419 FFFAAA inyo 警告一次,0
2019/8/06,[公告] goodlike Albim 水桶一個月,0
2019/8/06,[公告] j2708180 kage01 lokchu wow4brian警告一次,0
2019/8/06,[公告] fawangching LucidNow 水桶一週,0
2019/8/06,[公告] a9940597 tacovirus cccccc0125 水桶一週,0
2019/8/05,[請益] 看不懂5G概念股--全新穩懋,17
2019/8/05,[標的] 大盤 空,18
2019/8/05,Re: [請益] 大家放幾成的資產在股市？,22
2019/8/05,[新聞] 〈美祭中新關稅〉郭明錤：蘋果將吸收關稅,24
2019/8/05,Re: [標的] 國泰美國道瓊反1(00669R) 買入,0
2019/8/05,[新聞] 道瓊早盤跌500點 人民幣跌破7元大關,62
2019/8/05,[標的] GIS-KY  多,36
2019/8/05,[標的] 國泰美國道瓊反1(00669R) 買入,10
2019/8/05,[標的] 2484 希華 多,2
2019/8/05,[其他] 可否幫忙解惑：關於美國的庫藏股,6
2019/8/05,[標的] 6125廣運 即將大入帳,24
2019/8/05,[新聞] 晶華 Q4有望逆勢成長,14
2019/8/05,[新聞] 取締非法Uber 台灣大車隊營運看俏,12
2019/8/05,[請益] 這波VIX怎麼停利？,42
2019/8/05,Re: [標的] 8222 寶一,1
2019/8/05,[新聞] 文在寅：兩韓經合 南韓將趕超日本,100
2019/8/05,[新聞] 影／小資族如何靠3萬塊滾出千萬？　過來,4
2019/8/05,Re: [其他] 別人恐懼我貪婪？,20
2019/8/05,Re: [新聞] 快訊／陸客來台禁令再加碼！9月1日起小三,13
2019/8/05,[新聞] 日4家企業涉違公平競爭 韓國開罰92億韓元,39
2019/8/05,[標的] 冠德 2520  多,16
2019/8/05,[其他] 108年08月05日 三大法人買賣金額統計表,73
2019/8/05,[新聞] 群創重訊爆烏龍 超哥可能是無辜的！,42
2019/8/05,[閒聊] 2019/08/05 盤後閒聊,75
2019/8/05,Re: [標的] 1902台紙 多,16
2019/8/05,Re: [新聞] 三罷行動癱瘓香港，香港越亂越好賺?,15
2019/8/05,[新聞] 人民幣兌美元匯率 貶破7大關,28
2019/8/05,[新聞] 日韓貿易戰牽動7奈米競爭 台積狠甩三星,10
2019/8/05,[請益] 哪家證券有移動停損功能?,10
2019/8/05,［標的］5490 同亨 多,0
2019/8/05,[新聞] 穿戴式裝置市場正走入贏者全拿的局面？,8
2019/8/05,Re: [請益] 房地產真的是經濟的火車頭嗎,8
2019/8/05,[新聞] 《匯市》貶破31.5元，新台幣重貶逾1角,22
2019/8/05,Re: [新聞] 外資不挺 友達股價近兩年低點,7
2019/8/05,[新聞] 三罷行動癱瘓香港 港股最多挫逾600點,62
2019/8/05,[新聞] 貿易戰加香港罷工 台股失守10500點,5
2019/8/05,[新聞] 韓國列出百大核心戰略貨品 5年內落實國產,29
2019/8/05,[標的] 6552易華電 空,18
2019/8/05,[新聞] 三星EUV計畫曝光，戰略從7奈米到4奈米,17
2019/8/05,Re: [標的] 6510 精測,8
2019/8/05,[閒聊] 2019/08/05 盤中閒聊,100
2019/8/05,Re: [請益] 房地產真的是經濟的火車頭嗎,19
2019/8/05,[新聞] WSJ:不顧顧問反對，Trump堅持加關稅10%,38
2019/8/05,[新聞] 轉單效應最強 台灣第2季GDP居4小龍之冠,31
2019/8/05,[標的] 漢翔2634 無腦多 送分幫我抬轎,22
2019/8/05,[標的] 中國貨櫃2613,4
2019/8/04,[新聞] 「經濟正值十年來最差」港府呼籲5日切勿,40
2019/8/04,[標的] 4960 誠美材 多,3
2019/8/04,Re: [標的] 電子紙產業請益,2
2019/8/04,[標的] 電子紙產業請益,28
2019/8/04,[新聞] 中國央企銀行承兌票出現逾期 恐引發金融,34
2019/8/04,[新聞] 貿易戰亂世 外資最愛三類股,19
2019/8/04,Re: [其他] 台灣比較需要中國，還是中國需要台灣,5
2019/8/04,Re: [請益] 法說會會不準或唬爛嗎,9
2019/8/04,Re: [新聞] 台汽電今年營收有壓，惟業外挹注獲利看升,8
2019/8/04,Re: [新聞] 股價跳水 群創發「致35萬群創股東書」聲,26
2019/8/04,Re: [請益] 房地產真的是經濟的火車頭嗎,7
2019/8/04,Re: [請益] 法說會會不準或唬爛嗎,6
2019/8/04,[請益] 法說會會不準或唬爛嗎,29
2019/8/04,Fw: [新聞] 南韓除名 日本「半導體零件台灣買就好」,40
2019/8/04,[新聞] 美中貿易戰恐升級 CNN：中國有4招反制,58
2019/8/04,[標的] 大成 1210 空  ..勝率八成吧,23
2019/8/04,Re: [請益] 房地產真的是經濟的火車頭嗎,5
2019/8/04,Re: [其他] 台灣比較需要中國，還是中國需要台灣,4
2019/8/04,[新聞] 政院送大禮 印花稅最快明年廢止,11
2019/8/04,[新聞] 航太展加持 外資、投信力挺 漢翔鈺齊 行,1
2019/8/04,[新聞] 15檔財報黑馬 逆勢衝,17
2019/8/04,[新聞] 外資最愛金融股 出列,37
2019/8/04,[新聞] 群創，轉載自黃國昌臉書,61
2019/8/04,[新聞] 《環球時報》嘲諷韓國,14
2019/8/04,[其他] 台灣比較需要中國，還是中國需要台灣,70
2019/8/04,"[請益] 持股滿倉,且這波沒有在第一時間脫手",71
2019/8/04,Re: [標的] 2897A王道銀甲特 穩贏不輸多,5
2019/8/04,Re: [請益] 為何要停損？,14
2019/8/04,Re: [請益] 為何要停損？,5
2019/8/04,[新聞] 中國輸墨、加 美最大貿易夥伴換人,29
2019/8/04,Re: [新聞] 中國大動作逮捕！12名台分析師遭殃,6
2019/8/04,Re: [請益] 為何要停損？,2
2019/8/04,Re: [請益] 房地產真的是經濟的火車頭嗎,57
2019/8/04,[新聞] 日本分4大類出口國 南韓從A集團降格B集團,31
2019/8/04,[新聞] 通過增資 華新加碼煙台軋鋼廠24億,15
2019/8/04,Re: [標的] 2316 楠梓電 多,93
2019/8/04,Re: [標的] 2897A王道銀甲特 穩贏不輸多,0
2019/8/03,[標的] 1402 遠東新,46
2019/8/03,[新聞] 16檔不怕貿易戰 法人搶買,24
2019/8/03,[新聞] 南韓人持續抵制 Uniqlo在韓銷售額狂跌40,48
2019/8/03,[請益] 記帳app,4
2019/8/03,[其他] 美國總經Weekly Report,10
2019/8/03,[其他] 推倒中共政權的金融危機引信已被悄悄點燃,67
2019/8/03,[標的] 金控股 定期定額 標的推薦,67
2019/8/03,Re: [請益] 房地產真的是經濟的火車頭嗎,25
2019/8/03,[新聞] 川普威脅調整WTO開發中國家名單 南韓農業,42
2019/8/03,[其他] izzax大 2019分享會的好友資格,10
2019/8/03,Re: [心得] 大盤崩壞 個股表現,11
2019/8/03,Re: [請益] 定存股問題,30
2019/8/03,Re: [心得] FED傾向降息是中國的警訊,1
2019/8/03,[標的] 3004 豐達科,4
2019/8/02,Re: [心得] FED傾向降息是中國的警訊,12
2019/8/02,[新聞] 群創董事王志超轉讓持股過半 解任職務,44
2019/8/02,Re: [請益] 為何要停損？,7
2019/8/02,[標的] 不減資的話還看的到三位數的鴻海(2317)嗎,8
2019/8/02,[新聞] 國巨上半年每股賺9.45元 8月26日除息,25
2019/8/02,[新聞] 空服罷工衝擊 長榮航Q2將認列逾8億元,18
2019/8/02,[心得] firstrade掛點套出一堆雜牌散戶~~,5
2019/8/02,[請益] 為何要停利？,13
2019/8/02,[其他] 108年08月02日 信用交易統計,54
2019/8/02,Re: [請益] 房地產真的是經濟的火車頭嗎,12
2019/8/02,[請益] 請問遠東集團怎麼了,20
2019/8/02,Re: [請益] 為何要停損？,21
2019/8/02,[新聞]文在寅：將不再輸給日本 日本也要承受損失,99
2019/8/02,Re: [其他] 大家都有進金Ｘ大的FB股群嗎？,5
2019/8/02,Re: [請益] 為何要停損？,6
2019/8/02,[請益] 為何要停損？,41
2019/8/02,Re: [其他] 別人恐懼我貪婪？,43
2019/8/02,Re: [請益] 停損操作的考量?,1
2019/8/02,Re: [請益] 房地產真的是經濟的火車頭嗎,5
2019/8/02,Re: [其他] 別人恐懼我貪婪？,0
2019/8/02,[新聞] 陸外長回應川普加徵關稅：絕不是正確方法,27
2019/8/02,[新聞] 宏捷科上半年EPS 0.6元，下半年營運正向,9
2019/8/02,[其他] 別人恐懼我貪婪？,24
2019/8/02,[新聞] 併入智寶，凱美擬定9月30日下櫃,3
2019/8/02,Re: [請益] 房地產真的是經濟的火車頭嗎,10
2019/8/02,[新聞] 美中貿易戰再起 鴻海：專案小組24小時關,15
2019/8/02,[新聞] 晶采Q2毛利率27.66%，EPS 0.63元,6
2019/8/02,[標的] 6510 精測,6
2019/8/02,[新聞] 互相傷害！南韓也宣布出口白名單剔除日本,100
2019/8/02,[標的]  3083網龍 短空長多,10
2019/8/02,Re: [請益] 停損操作的考量?,1
2019/8/02,Re: [請益] 停損操作的考量?,7
2019/8/02,[請益] 停損操作的考量?,31
2019/8/02,[其他] 108年08月02日 三大法人買賣金額統計表,99
2019/8/02,[新聞] 郭台銘兌現承諾！鴻海威州廠6月啟動灌漿,18
2019/8/02,[請益] 大盤下殺 各位大大都找哪條線當支撐,66
2019/8/02,[新聞] 川普3000億加稅話音剛落 人民幣開盤暴跌4,21
2019/8/02,[閒聊] 2019/08/02 盤後閒聊,23
2019/8/02,[公告] stasis Timba a06030501 willko b0364864,0
2019/8/02,[新聞] 路透：鴻海傳打算以2759億 出售廣州面板,72
2019/8/02,Re: [請益] 技術分析派會把除權息、減資考慮進去嗎？,3
2019/8/02,[標的] 2301 光寶科 多,8
2019/8/02,[標的] 9955佳龍 短多,8
2019/8/02,[新聞] 蔡英文︰台灣第2季經濟成長率 4小龍之首,28
2019/8/02,"[新聞] 3,000億關稅開砲 台股震落半年線",5
2019/8/02,[新聞] 日韓問題的真相，移出「白名單國家」對,26
2019/8/02,Re: [新聞] 日本政府決定把南韓剔除出白名單國家,9
2019/8/02,[公告] 川皇一怒震天威 維尼不出誰與爭鋒黑特區,-10
2019/8/02,[新聞] 充滿想像PCB新應用藍海商機,7
2019/8/02,[心得] 大盤崩壞 個股表現,100
2019/8/02,[新聞] 川普：9月1日對華3000億商品加稅10%,37
2019/8/02,[新聞] 手機買氣差 行動式DRAM恐跌逾1成,14
2019/8/02,Re: [請益] 房地產真的是經濟的火車頭嗎,7
2019/8/02,[新聞] 日本政府決定把南韓剔除出白名單國家,100
2019/8/02,[請益] 股票除息兩次是正常的嗎？,73
2019/8/02,[新聞] 中壽獨家開發16種動物性格特質選才 募員,20
2019/8/02,[閒聊] 2019/08/02 盤中閒聊,99
2019/8/02,Re: [標的] 美國道瓊(*UDU9),15
2019/8/02,[新聞] 日韓談判失敗收場 韓晶片業走進死胡同,48
2019/8/02,[標的] 5876 上海商銀,8
2019/8/02,Re: [請益] 富邦VIX會倒多少人Part6,19
2019/8/02,Re: 美股盤中變盤,18
2019/8/02,[請益] 加稅為何石油會跳水,19
2019/8/02,Re: [請益] 0050台積電權重過高的問題,0
2019/8/02,[新聞] 川普宣布：9/1起其餘3千億中製商品加稅,99
2019/8/02,[新聞] 以朝射彈為由 韓議員團赴日吃閉門羹,24
2019/8/02,[新聞] 中裕迎轉機 瑞信喊進,10
2019/8/02,Re: [請益] 房地產真的是經濟的火車頭嗎,16
2019/8/02,[請益] 技術分析派會把除權息、減資考慮進去嗎？,7
2019/8/02,[標的] 1216 統一 (空),6
2019/8/02,[公告] carolgilbert WATER4U 水桶一個月,0
2019/8/02,[公告] manhow2016 水桶一週,0
2019/8/02,[公告] HALA0623 qngu86 ccps0711 警告一次,0
2019/8/02,[請益] 房地產真的是經濟的火車頭嗎,31
2019/8/01,Re: [請益] 如何下定決心選定一支個股深入研究？,4
2019/8/01,［新聞］協商無共識南韓緊急應對,13
2019/8/01,[標的] 3587閎康Q2毛利怎那麼低?,7
2019/8/01,[標的] 國票金2889(銀行牌照效應),12
2019/8/01,[其他] 108年08月01日 信用交易統計,28
2019/8/01,[請益] 幾個看盤軟體的功能及數據疑點,7
2019/8/01,[心得] 償債能力分析：利息保障倍數,5
2019/8/01,"[請益] 哪裡查詢""三大法人個股買賣金額排行"" ？",7
2019/8/01,Re: [請益] 0050台積電權重過高的問題,40
2019/8/01,[新聞] 華映解散危機9家銀行呆帳未解,6
2019/8/01,[新聞] 中鋼運通增新運力 台船將交付1艘20.8萬,4
2019/8/01,[新聞] 【禁聞】中國外儲嚴重縮減 一帶一路前景,23
2019/8/01,[新聞] 勞退+勞保基金持股揭曉 五檔個股最受青睞,17
2019/8/01,[新聞] 台達電：第3季營運還可以 電動車不如預期,32
2019/8/01,Re: [請益] 雄獅的交易量怎麼這麼低？,89
2019/8/01,[新聞] 《電子零件》致伸法說後噴漲，聲學產品,15
2019/8/01,[新聞] u-blox收購Rigado的藍牙模組業務,0
2019/8/01,Re: [新聞] 董娘賣股逾千張 奇鋐：僅屬個人理財規劃,1
2019/8/01,"[新聞] 法人：Q4 台股挑戰11,500高點",55
2019/8/01,[請益] 有人玩過盈幣寶嗎,28
2019/8/01,Re: [請益] 0050台積電權重過高的問題,5
2019/8/01,[其他] 108年08月01日 三大法人買賣金額統計表,98
2019/8/01,Re: [新聞] 熱門股—精元股價衝10個月來新高 後續減,8
2019/8/01,[閒聊] 2019/08/01 盤後閒聊,36
2019/8/01,Re: [請益] 0050台積電權重過高的問題,13
2019/8/01,[心得] 航空股,74
2019/8/01,Re: [請益] 0050台積電權重過高的問題,5
2019/8/01,[心得] 上市公司第二季營收數據與資產負債,2
2019/8/01,[新聞] 董娘賣股逾千張 奇鋐：僅屬個人理財規劃,53
2019/8/01,Re: [新聞] 七大工商團體籲：凍漲基本工資,28
2019/8/01,Re: [新聞] 〈財報〉Q3財測遜於市場預期 AMD盤後股,52
2019/8/01,Re: [新聞] 〈財報〉Q3財測遜於市場預期 AMD盤後股,2
2019/8/01,[新聞] 七大工商團體籲：凍漲基本工資,36
2019/8/01,Re: [新聞] 〈財報〉Q3財測遜於市場預期 AMD盤後股,4
2019/8/01,[新聞] 聯發科2019Q2毛利率41.9%、電競手機處理,9
2019/8/01,Re: [心得] 00677U 股權分散表研究紀錄,9
2019/8/01,Re: [請益] 像館長那種賺很慢但不會虧本的股東會喜,0
2019/8/01,Re: [標的] 元大50反 00632R 多,12
2019/8/01,Re: [請益] 館長那種賺很慢但不會虧本的方式,33
2019/8/01,[閒聊] 2019/08/01 盤中閒聊,100
2019/8/01,[新聞] 日斷供！三星：面臨嚴峻挑戰 擬延後返還,42
2019/8/01,[請益] 館長那種賺很慢但不會虧本的方式,48
2019/8/01,[標的] 台指期08 開盤空,35
2019/8/01,Re: [標的] 多 全台 3038,6
2019/8/01,[新聞] FED 降息一碼,42
2019/7/31,[標的] 4736泰博 空,4
2019/7/31,[新聞] 三星成長戰略遭重擊  Q2半導體減益7成,17
2019/7/31,[新聞] WSJ:中國貿易談判新戰略是等待,20
2019/7/31,[新聞] 群聯董座遭起訴 股價逼近跌停,20
2019/7/31,[新聞] 台達電併購泰達電挹注 Q2 EPS 3.67元登峰,1
2019/7/31,[新聞] 華碩、和碩 滙豐喊減碼,22
2019/7/31,[標的] 1402 遠東新 空,48
2019/7/31,[新聞] 日韓貿易戰 三星電子陷入困境,32
2019/7/31,[標的] 台積電2330股價請益，A字頭與下影線,29
2019/7/31,[其他] 總體經濟雜談,10
2019/7/31,[新聞] 致伸108年度第二季合併自結損益稅後每股,27
2019/7/31,[新聞]2367燿華上半年純益年增3.87倍 EPS 1.14元,82
2019/7/31,Re: [請益] 看盤銀幕建議,3
2019/7/31,Re: [新聞] 反制日本禁令 韓國或終止情報協定,15
2019/7/31,Re: [新聞] 美國出面、要求與韓簽「中止協定」？日本,0
2019/7/31,Re: [請益] 有一千萬要走定存股路線 該怎麼分配?,7
2019/7/31,[新聞] 中國指控美方談判態度反復,21
2019/7/31,[新聞] 美國出面、要求與韓簽「中止協定」？日本,18
2019/7/31,[新聞] 3重因素夾擊 亞洲鋼鐵多到快吃不消,16
2019/7/31,[新聞] 美中第12輪貿易談判提前結束 美方離開上,33
2019/7/31,[新聞] 反制日本禁令 韓國或終止情報協定,28
2019/7/31,[新聞] 好消息！主計總處大幅上修第2季GDP至2.41,61
2019/7/31,[新聞] 上緯與Stonepeak簽約 出售上緯新能源股權,6
2019/7/31,[新聞] 川普政府擴大施壓 要求越南降低對美貿易,13
2019/7/31,[請益] 看盤銀幕建議,13
2019/7/31,Re: [標的] 大盤蒼井空,6
2019/7/31,[其他] 108年07月31日 三大法人買賣金額統計表,44
2019/7/31,[標的] 4906 正文 多,12
2019/7/31,[閒聊] 2019/07/31 盤後閒聊,16
2019/7/31,[請益] 為何券商APP不做的更好用一點啊?,52
2019/7/31,[請益] 何謂ETF內扣費用,0
2019/7/31,[新聞] 《生醫股》美時：借新還舊，債務並無暴增,15
2019/7/31,Re: [請益] 有一千萬要走定存股路線 該怎麼分配?,22
2019/7/31,[新聞] 奇聞!豬價漲養豬大王卻要退市 18萬人巨,10
2019/7/31,[新聞] 理專挪用客戶資金 金管會重罰7銀行4500萬,22
2019/7/31,Re: [新聞] 〈財報〉Q3財測遜於市場預期 AMD盤後股,7
2019/7/31,[新聞] 群聯董座涉違反證交法起訴 潘健成表遺憾,57
2019/7/31,[新聞] 北韓射數枚不明發射體 未進入日專屬經濟區,7
2019/7/31,[新聞] 〈財報〉Q3財測遜於市場預期 AMD盤後股,6
2019/7/31,Re: [標的] 愛之味 1217,12
2019/7/31,[新聞] 新光三越爆奪權！找日本人搶百貨龍頭,5
2019/7/31,Re: [標的] 2912 統一超 多,2
2019/7/31,[新聞] 銷量大減 全球汽車工業進入寒冬,15
2019/7/31,[新聞] 蘋果史上最佳Q3財報,19
2019/7/31,[標的] 今日財報整理,12
2019/7/31,[新聞] 華映重整提抗告 桃園地方法院裁定駁回,2
2019/7/31,[閒聊] 2019/07/31 盤中閒聊,100
2019/7/31,Re: [請益] 有一千萬要走定存股路線 該怎麼分配?,2
2019/7/31,[新聞] 躺中槍！日韓吵翻天 陸這大計畫恐遭拖累,17
2019/7/31,[心得] 鄉民總經觀察 -- 台、美、歐未來展望,27
2019/7/31,Re: [新聞] 【快訊】將來銀行、LINE、樂天三家有獎,12
2019/7/31,[新聞] 七家銀行遭金管裁罰,13
2019/7/31,[標的] 宏碁 2353,14
2019/7/30,[請益] 有一千萬要走定存股路線 該怎麼分配?,73
2019/7/30,[新聞] 個股：中環(2323)7/5～7/26取得台灣高鐵(,39
2019/7/30,[標的] 3105穩懋。短空,9
2019/7/30,[標的] FSLY,5
2019/7/30,Re: [標的] 2337 旺宏 多,18
2019/7/30,Re: [請益] 被動收入24萬/年有人達到過嗎,84
2019/7/30,[其他] 交際股vip專案,9
2019/7/30,[標的] 2327 國巨 多,36
2019/7/30,[新聞] 瀚宇博德入股嘉聯益 成為最大股東,31
2019/7/30,Re: [請益] 各位有在用集保e存摺嗎？,30
2019/7/30,[新聞] 群創第2季每股損失0.3元 第3季需求回溫,15
2019/7/30,[新聞] 台汽電今年營收有壓，惟業外挹注獲利看升,3
2019/7/30,[新聞] 【快訊】將來銀行、LINE、樂天三家有獎,53
2019/7/30,Re: [請益] 股市多頭十年大家笑呵呵，而誰在輸錢？,2
2019/7/30,[新聞] 蔡茂禎請辭聯茂董座 穩懋董座陳進財接任,8
2019/7/30,[閒聊]純網銀公布記者會 16:30 live,77
2019/7/30,法人：穩懋Q3營收季增上看3成,22
2019/7/30,[其他] 108年07月30日 三大法人買賣金額統計表,100
2019/7/30,[新聞] WSJ:中國網路安全新規定，美業者不寒而栗,26
2019/7/30,[請益]  如何幫家人找到服務的劵商,6
2019/7/30,[標的] 6176瑞儀,0
2019/7/30,[標的] 9940信義,12
2019/7/30,[閒聊] 2019/07/30 盤後閒聊,20
2019/7/30,[標的] 全台（空到地心）3038,17
2019/7/30,[新聞] 又一老婆賣股 奇鋐申報董娘擬出清千餘張,37
2019/7/30,[標的] 1795美時 空,23
2019/7/30,[新聞] 美媒對「日韓貿易戰」關注不高，川普會是,18
2019/7/30,Re: [新聞] 貿易談判移師上海 背後有深意,8
2019/7/30,[新聞] 台新除權息基準日,16
2019/7/30,Re: R: [請益] 無人商店近期是不是搞不起來？,1
2019/7/30,[請益] 3049 和鑫增資疑問,13
2019/7/30,[標的] 美時 1795,35
2019/7/30,Re: [新聞] 美時跌停衝擊生技股 外資4分析,5
2019/7/30,Re: [新聞] 美時跌停衝擊生技股 外資4分析,9
2019/7/30,[新聞] 美時跌停衝擊生技股 外資4分析,23
2019/7/30,[新聞] 貿易談判移師上海 背後有深意,12
2019/7/30,[新聞] 日本相機公司尋求於智慧型手機時代復活,11
2019/7/30,[心得] 美時 進出感受,100
2019/7/30,Re: [請益] 台灣投資人是否比較容易自我設限呢？,5
2019/7/30,Re: [標的] 3483 力致 (超級多),100
2019/7/30,[新聞] 日韓貿易戰延燒至半導體設備 族群樂,1
2019/7/30,[新聞] 最大學名藥廠誕生 輝瑞非專利藥部門與米,21
2019/7/30,[標的] 2809京城銀 穩健多,46
2019/7/30,Re: [標的] 8210 勤誠 (資料中心概念股) 大家怎麼看,5
2019/7/30,[閒聊] 2019/07/30 盤中閒聊,100
2019/7/30,[請益] 換卷商 完全線上開戶,23
2019/7/30,[新聞] 經部揪日半導體業 投資台灣,29
2019/7/30,[新聞] 雙利空重擊 韓股淪亞洲病夫,32
2019/7/30,[標的] 2884玉山金,43
2019/7/30,[標的] VIX 與 FED 降息 是否有關,22
2019/7/30,[標的] 8210 勤誠 (資料中心概念股) 大家怎麼看,20
2019/7/29,[新聞] 旺季恐不旺 美律Q3營收持平,21
2019/7/29,[公告] paul1009 elynn889 警告一次,0
2019/7/29,[新聞] 傳年中績效獎金沒消息 華碩：31日發放,17
2019/7/29,[新聞] 〈美律法說〉旺季不旺+訂單能見度低 下半,8
2019/7/29,[公告] chucklian drgon 水桶一個月,0
2019/7/29,Re: [請益] 被動收入24萬/年有人達到過嗎,4
2019/7/29,[公告] dvidtung 水桶一週,0
2019/7/29,[公告] fddr shrjie945 ad2006 d995511 警告一次,0
2019/7/29,[請益] 這時機點新手能做什麼,100
2019/7/29,R: [請益] 無人商店近期是不是搞不起來？,1
2019/7/29,[新聞] 東風裕隆拚轉型，首批納智捷 U5 EV 已出,9
2019/7/29,Re: [請益] 無人商店近期是不是搞不起來？,5
2019/7/29,[新聞] 董座涉違證交法！如興跌停鎖死逾3千張,20
2019/7/29,Re: [新聞] 藥華藥6月營收,8
2019/7/29,[標的] 華新 1605 多,16
2019/7/29,[請益] 如何篩選每日成交值夠大，不要太大的股票,5
2019/7/29,Re: [請益] 無人商店近期是不是搞不起來？,4
2019/7/29,[標的] 請益台哥大3045的正確持有方法,21
2019/7/29,Re: [請益] 被動收入24萬/年有人達到過嗎,10
2019/7/29,Re: [新聞] 藥華藥6月營收,3
2019/7/29,[新聞] 嘉聯益、瀚宇博同步公告 30日暫停交易,67
2019/7/29,[新聞] 元大投信ETF論壇／抓住商機 永續ETF下月,8
2019/7/29,Re: [新聞] 川普：中港澳星韓 躲WTO保護傘享優待,0
2019/7/29,[新聞] 陸5大會計事務所之一「瑞華」爆醜聞 A股,21
2019/7/29,[新聞] 三星9月如期在日本辦論壇 表明出口限制不,12
2019/7/29,[請益] 股市多頭十年大家笑呵呵，而誰在輸錢？,41
2019/7/29,[其他] 108年07月29日 三大法人買賣金額統計表,37
2019/7/29,Re: [請益] 無人商店近期是不是搞不起來？,40
2019/7/29,[閒聊] 2019/07/29 盤後閒聊,23
2019/7/29,Re: [請益] 無人商店近期是不是搞不起來？,24
2019/7/29,Re: [新聞] 川普：中港澳星韓 躲WTO保護傘享優待,0
2019/7/29,[新聞] 521億商機！台電離岸風場國產化招標,17
2019/7/29,Re: [請益] 台灣夠資格出書演講的投資人有幾個？,1
2019/7/29,[新聞] T-Mobile與Sprint合併過關，美國電信版,5
2019/7/29,[標的] 4438廣越,12
2019/7/29,Re: [新聞] 日本第二波管制令來了！,-10
2019/7/29,[新聞] WSJ:美國稅局寄警告信給加密貨幣持有者,12
2019/7/29,Re: [請益] 無人商店近期是不是搞不起來？,32
2019/7/29,Re: [新聞] 小公務員挖到冷門股　34歲勇辭公職當奶爸,43
2019/7/29,[新聞] 創紀錄！宏達電5部原創VR入圍威尼斯影展,6
2019/7/29,[閒聊] 2019/07/29 盤中閒聊,78
2019/7/29,Re: [請益] 無人商店近期是不是搞不起來？,6
2019/7/29,[新聞] 阿里發布自主晶片「玄鐵910」採RISC-V架,27
2019/7/29,[標的] 持股健檢(含肉鬆分析),-10
2019/7/28,[請益] 無人商店近期是不是搞不起來？,25
2019/7/28,Re: [新聞] 子彈耗盡 明年起電價恐年年漲,25
2019/7/28,[新聞］最旺Q2 美律每股賺3.8元,16
2019/7/28,Re: [新聞] 子彈耗盡 明年起電價恐年年漲,28
2019/7/28,[請益] 投資分潤的模式,0
2019/7/28,Re: [新聞] 子彈耗盡 明年起電價恐年年漲,2
2019/7/28,Re: [請益] 被動收入24萬/年有人達到過嗎,13
2019/7/28,Re: [請益] 當基本面與技術面有衝突時,3
2019/7/28,[新聞] 玉山卡刷645萬買菸　「疑放水」董座躲、,2
2019/7/28,Re: [請益] 被動收入24萬/年有人達到過嗎,47
2019/7/28,Re: [請益] 當由下而上與由上而下衝突，應該怎麼做,0
2019/7/28,Re: [其他] 討論一下套利投資可行性？ 理財型房貸分享,5
2019/7/28,Re: [新聞] 日本第二波管制令來了！,-10
2019/7/28,Re: [新聞] 子彈耗盡 明年起電價恐年年漲,24
2019/7/28,[請益] 被動收入24萬/年有人達到過嗎,68
2019/7/28,[新聞] 一定要分！ 英國擬備395億元用來「硬脫歐,5
2019/7/28,[標的] 3264-欣銓,9
2019/7/28,[請益] 當基本面與技術面有衝突時,21
2019/7/28,[新聞] 子彈耗盡 明年起電價恐年年漲,12
2019/7/28,[新聞] 川普：中港澳星韓 躲WTO保護傘享優待,73
2019/7/28,Re: [其他] 討論一下套利投資可行性？ 理財型房,22
2019/7/28,[標的] 2317鴻海,43
2019/7/28,Re: [新聞] 小公務員挖到冷門股　34歲勇辭公職當奶爸,36
2019/7/28,Re: [請益] 10萬塊 該年後進場買台表科 還是下注勇士,11
2019/7/28,[標的] 艾美特KY  1626,11
2019/7/28,Re: [其他] 討論一下套利投資可行性？ 理財型房貸分享,25
2019/7/28,[請益] Google 開盤漲10%，需要多大的買單啊？,23
2019/7/28,[新聞] 大同條款發威 虹冠電(3257)變天,2
2019/7/28,[新聞] 裕隆爆萬張大量攻高 開盤1小時填息,9
2019/7/28,Re: [其他] 討論一下套利投資可行性？ 理財型房貸分享,9
2019/7/28,[道歉] 道歉文,24
2019/7/28,Re: [新聞] 小公務員挖到冷門股　34歲勇辭公職當奶爸,10
2019/7/28,Re: [新聞] 小公務員挖到冷門股　34歲勇辭公職當奶爸,-10
2019/7/28,Re: [其他] 討論一下套利投資可行性？ 理財型房貸分享,23
2019/7/28,Re: [新聞] 小公務員挖到冷門股　34歲勇辭公職當奶爸,8
2019/7/28,[新聞] 南韓取消加入CPTPP談判,24
2019/7/28,Re: [其他] 討論一下套利投資可行性？ 理財型房貸分享,7
2019/7/27,Re: [新聞] 小公務員挖到冷門股　34歲勇辭公職當奶爸,22
2019/7/27,Re: [新聞]開發金：明年底前100%併購中壽目標不變,13
2019/7/27,Re: [新聞] 小公務員挖到冷門股　34歲勇辭公職當奶爸,18
2019/7/27,[新聞]開發金：明年底前100%併購中壽目標不變,22
2019/7/27,[標的] 明泰3380(做多),14
2019/7/27,Re: [新聞] 小公務員挖到冷門股　34歲勇辭公職當奶爸,8
2019/7/27,[標的] 3105 穩懋,34
2019/7/27,Re: [其他] 討論一下套利投資可行性？ 理財型房貸分享,6
2019/7/27,Re: [其他] 討論一下套利投資可行性？ 理財型房,2
2019/7/27,Re: [標的] 2316 楠梓電 多,1
2019/7/27,Re: [新聞] 小公務員挖到冷門股　34歲勇辭公職當奶爸,13
2019/7/27,Re: [其他] 討論一下套利投資可行性？ 理財型房貸分享,4
2019/7/27,[心得] 00677U 股權分散表研究紀錄,5
2019/7/27,Re: [標的] 2316 楠梓電 多,91
2019/7/27,Re: [其他] 討論一下套利投資可行性？ 理財型房貸分享,32
2019/7/27,[標的] 2392 正葳 多,12
2019/7/27,Re: [其他] 討論一下套利投資可行性？ 理財型房貸分享,2
2019/7/27,[新聞] 如興紡織疑涉中資 年仔褲大王陳仕修訊後5,5
2019/7/27,Re: [其他] 討論一下套利投資可行性？ 理財型房貸分享,4
2019/7/27,Re: [其他] 討論一下套利投資可行性？ 理財型房貸分享,19
2019/7/27,Re: [其他] 討論一下套利投資可行性？ 理財型房貸分享,2
2019/7/27,Re: [其他] 討論一下套利投資可行性？ 理財型房貸分享,7
2019/7/27,[標的] 3289宜特,18
2019/7/27,Re: [其他] 討論一下套利投資可行性？ 理財型房貸分享,3
2019/7/27,[新聞] 入選系統性銀行 金控戰戰兢兢,30
2019/7/27,[新聞] 惠譽：DSIBs新規嚴 金控整併不易,5
2019/7/27,Re: [其他] 討論一下套利投資可行性？ 理財型房貸分享,41
2019/7/27,[新聞] 台泥股東的意外驚喜!配股配息率調高,38
2019/7/27,[新聞] 陸韓鋼品打低價戰，貿調會決議應續課反,0
2019/7/27,[新聞] 中鋼首邀屏東泰武國小合唱團表演,3
2019/7/27,Re: [新聞] 川普威脅 不再承認中國在WTO特殊地位,3
2019/7/27,[新聞] 川普威脅 不再承認中國在WTO特殊地位,44
2019/7/27,Re: [新聞] 小公務員挖到冷門股　34歲勇辭公職當奶爸,20
2019/7/27,Re: [新聞] 不是貿易戰！全球投資人最怕這件事,13
2019/7/27,[新聞] 日若將韓踢出白名單 衝擊千種進口商品、,41
2019/7/27,Re: [新聞] 小公務員挖到冷門股　34歲勇辭公職當奶爸,26
2019/7/27,Re: [新聞] 小公務員挖到冷門股　34歲勇辭公職當奶爸,100
2019/7/27,Re: [標的] 和碩 多,16
2019/7/27,[標的] 2239 英利-KY 超激多,27
2019/7/27,Re: [新聞] 小公務員挖到冷門股　34歲勇辭公職當奶爸,11
2019/7/26,Re: [新聞] 小公務員挖到冷門股　34歲勇辭公職當奶爸,37
2019/7/26,[新聞] 中裕歐盟藥證聽牌 最快第4季上市,9
2019/7/26,[其他] 108年07月26日信用交易統計,22
2019/7/26,[新聞] 特斯拉二號人物 J. B. Straubel 離職,7
2019/7/26,[標的] 阿宅經濟標的股 橘子 多,0
2019/7/26,Re: [新聞] 小公務員挖到冷門股　34歲勇辭公職當奶爸,100
2019/7/26,Re: [標的] 和碩 多,4
2019/7/26,[新聞] 石英元件登新漲價概念股 晶技夯,13
2019/7/26,Re: [新聞] 小公務員挖到冷門股　34歲勇辭公職當奶爸,32
2019/7/26,[標的] 2637 慧洋KY 空,14
2019/7/26,[其他] 討論一下套利投資可行性？,50
2019/7/26,Re: [新聞] 小公務員挖到冷門股　34歲勇辭公職當奶爸,-10
2019/7/26,[新聞] 華碩手機大翻身？ROG Phone 2 預購量破 2,14
2019/7/26,Re: [新聞] 小公務員挖到冷門股　34歲勇辭公職當奶爸,4
2019/7/26,[新聞] 友達加碼407億 台商回流累計逼近5000億,13
2019/7/26,Re: [新聞] 小公務員挖到冷門股　34歲勇辭公職當奶爸,-10
2019/7/26,[新聞] 吳宗憲一張卡刷645萬 玉山銀曾通報金管會,30
2019/7/26,Re: [新聞] 小公務員挖到冷門股　34歲勇辭公職當奶爸,-10
2019/7/26,"[新聞] 挑戰百萬年薪！台積電擴大徵才 招募逾3,000名員工",35
2019/7/26,[新聞] 日本第二波管制令來了！,100
2019/7/26,[其他] 108年07月26日 三大法人買賣金額統計表,50
2019/7/26,[新聞] 個股：天鉞電積極轉型，擴大布局智能家居,4
2019/7/26,[新聞] 超高頻板用玻纖布牽動台燿6274表現,9
2019/7/26,[閒聊] 2019/07/26 盤後閒聊,34
2019/7/26,[新聞] SK海力士將於2019第四季減產DRAM,14
2019/7/26,[請益] 集保e存摺股息顯示,8
2019/7/26,[請益] 請問哪個網站可以看記憶體現貨價走勢?,16
2019/7/26,[請益] 停損單大~成交量小股票不應該設嗎,24
2019/7/26,[新聞] INTEL盤後大漲6.6% Q2財報優異且證實出售,16
2019/7/26,[新聞] 美時董座：後續營運樂觀不排除上櫃轉上市,55
2019/7/26,Re: [標的] 3444利機,5
2019/7/26,[標的] GIS-KY 6456 多,25
2019/7/26,[新聞] 喬山明起買回庫藏股60萬股，區間價70~100,4
2019/7/26,[新聞] 日本下一個報復目標可能是南韓半導體和,31
2019/7/26,[閒聊] 2019/07/26 盤中閒聊,100
2019/7/26,[新聞] 南韓Q2經濟 擺脫衰退厄運,17
2019/7/26,[新聞] 富智康擴產 迎華為訂單,14
2019/7/26,Re: [新聞] 小公務員挖到冷門股　34歲勇辭公職當奶爸,-10
2019/7/25,[其他] 108年07月25日信用交易統計,27
2019/7/25,Re: [新聞]上市櫃個股 明年H2開放盤中零股交易,10
2019/7/25,[新聞]上市櫃個股 明年H2開放盤中零股交易,11
2019/7/25,[新聞] 喬山健康明起買回庫藏股60萬股,21
2019/7/25,[請益] 三大法人和主力對做,19
2019/7/25,[請益] 除權息 是要多繳稅還是會節稅?,12
2019/7/25,[新聞] 〈旺宏法說〉Q2毛利率落底回穩達27% 純益,42
2019/7/25,[新聞] 蔡英文：生醫將成為下個兆元產業,53
2019/7/25,[新聞] 美六大產業協會聯名敦促日本放開半導體,25
2019/7/25,[新聞] 不是溢繳！國安人員「預繳」刷卡645萬買,95
2019/7/25,[新聞] 小公務員挖到冷門股　34歲勇辭公職當奶爸,90
2019/7/25,[新聞] 阿里首踏自主晶片！平頭哥發布「玄鐵910,15
2019/7/25,[新聞] 南韓『智慧工廠』可能遇亂流-----日本出,9
2019/7/25,[請益] 730中美談判／降息的影響？,24
2019/7/25,【賣得好因為真的好】,5
2019/7/25,[其他] 108年07月25日 三大法人買賣金額統計表,29
2019/7/25,Re: [標的] 中磊5388,4
2019/7/25,Re: [標的] 楠梓電,25
2019/7/25,[新聞] 玉山卡刷645萬買菸 「疑放水」董座躲,34
2019/7/25,[閒聊] 2019/07/25 盤後閒聊,0
2019/7/25,[新聞] 中國加速「去美化」 智原、晶心科進補,10
2019/7/25,[新聞] 弘帆、特力 助大陸供應鏈越南蓋新廠,5
2019/7/25,Re: [標的] 中磊5388 天仁1233 太子2511,8
2019/7/25,[新聞] 私菸案華航提「超輕懲處」3人記過 交通部,19
2019/7/25,5269 祥碩 空,1
2019/7/25,[新聞] 中鋼除息行情熱絡　盤中最高來到24.25元,10
2019/7/25,[請益] 請教違約交割的問題,17
2019/7/25,[新聞] SK海力士Q2營業利潤大跌89% Q4起砍DRAM,20
2019/7/25,[標的] 2610華航 多,18
2019/7/25,[新聞] 日韓貿易戰延燒到WTO 唇槍舌劍互不相讓,33
2019/7/25,[標的] 力成 6239 多,15
2019/7/25,[標的] 網家 8044 多多,22
2019/7/25,[標的] 3527聚積 Mini LED量產,9
2019/7/25,[新聞] 聯電下半年業績恐成長有限 股價開平走低,13
2019/7/25,Re: [新聞] 歷來單季最大 波音Q2虧損29億美元,3
2019/7/25,[新聞] 樂金將投資南韓廠3兆韓元OLED面板擴產,11
2019/7/25,[新聞] 玉山銀勇奪三個第一,34
2019/7/25,[新聞] 歷來單季最大 波音Q2虧損29億美元,3
2019/7/25,[閒聊] 2019/07/25 盤中閒聊,100
2019/7/25,Re: [新聞] 北韓今晨發射2不明飛行物 朝日本海飛行430,20
2019/7/25,[新聞] 騰訊正式宣佈引進任天堂Switch,19
2019/7/25,[新聞] 北韓今晨發射2不明飛行物 朝日本海飛行430,41
2019/7/25,Re: [標的] 燿華 2367 多,33
2019/7/25,[標的] 2377微星 多,12
2019/7/25,[其他]108年07月24日信用交易統計,10
2019/7/24,[其他] 實在看不出日韓貿易戰最終如何解?,82
2019/7/24,[標的] 台嘉碩 3221,7
2019/7/24,Re: [標的] 聯電 多,10
2019/7/24,[標的] 2367燿華  2337旺宏 多,8
2019/7/24,Re: [新聞] 《業績-半導體》鑫龍騰4月營收為0.83億,0
2019/7/24,Re: [請益] 請教年化報酬率6%的由來?,10
2019/7/24,[標的] 5903 全家,40
2019/7/24,[標的] 1225福懋油,6
2019/7/24,[請益] 1507 永大,2
2019/7/24,[新聞] 大立光現金股利將發放 分析師：拉回即為,6
2019/7/24,[新聞] 鴻海強化三核心 衝高毛利,20
2019/7/24,[請益] 請教如何查詢配股日期?!,10
2019/7/24,[請益] 關於投資這件事情,51
2019/7/24,Re: [標的] 3144 新揚科 多,7
2019/7/24,Re: [標的] 燿華 2367 多,69
2019/7/24,Re: [請益] 買盤強，為什麼股價還是跌？,2
2019/7/24,Re: [請益] 證券戶沒營業員會怎樣？,10
2019/7/24,[新聞] 在地怒吼：中鋼敢做不敢當，繼續危害環,0
2019/7/24,[新聞] 南韓向日本轉交意見書 譴責對韓限貿措施,73
2019/7/24,Re: [新聞] 韓智庫：日本下一波出口限制將鎖定半導體,30
2019/7/24,[標的] 6508 惠光,20
2019/7/24,[其他] 108年07月24日 三大法人買賣金額統計表,28
2019/7/24,Re: [標的] 燿華 2367 多,34
2019/7/24,[新聞] 協益(5356)傳獲Apple大單營運大補丸,23
2019/7/24,[請益] 有沒有人投印度股市？容易嗎？,25
2019/7/24,[閒聊] 2019/07/24 盤後閒聊,2
2019/7/24,Re: [請益] 請教年化報酬率6%的由來?,12
2019/7/24,[新聞] 世界500強企業中國占逾百 盈利水準仍待加,27
2019/7/24,[標的] 裕民,11
2019/7/24,Re: [標的] 6669 緯穎,9
2019/7/24,Re: [標的] 1256鮮活果汁 多,33
2019/7/24,[標的] 3661 世芯 多,4
2019/7/24,Re: [新聞] 韓智庫：日本下一波出口限制將鎖定半導體,41
2019/7/24,[標的] 華通2313,0
2019/7/24,[新聞] WSJ:美中下週將在上海進行貿易談判,13
2019/7/24,[新聞] 組百人團隊 玉山銀強攻億元客群,26
2019/7/24,[閒聊] 2019/07/24 盤中閒聊,80
2019/7/24,[新聞] 韓智庫：日本下一波出口限制將鎖定半導體,43
2019/7/24,Re: [標的] 6180 橘子 空,14
2019/7/24,Re: [請益] 買盤強，為什麼股價還是跌？,26
2019/7/24,[請益] 買盤強，為什麼股價還是跌？,15
2019/7/24,[其他]  108年07月23日信用交易統計,9
2019/7/23,[標的] 6170 統振,2
2019/7/23,[公告] xung86 Geeek 水桶一週 airyankee警告一次,0
2019/7/23,[新聞] 內存兩週漲價23% 三星要在韓國建氟化氫工,39
2019/7/23,[公告] LucidNow NightStick brian0211 警告一次,0
2019/7/23,[新聞] 比台北101還多5成！台中銀173億總部曝光,60
2019/7/23,Re: [請益] 請教年化報酬率6%的由來?,9
2019/7/23,[新聞] 黃國昌批華航高層公然說謊要求董事長下台,25
2019/7/23,[請益] 遠傳EPS跟股利的問題,20
2019/7/23,[標的] 6669 緯穎,13
2019/7/23,[請益] 南染請益,6
2019/7/23,Re: [標的] 2455  全新,3
2019/7/23,[新聞] 裕隆除息 股價緩步走高,5
2019/7/23,[標的] 2455  全新,5
2019/7/23,[請益] 證券戶沒營業員會怎樣？,12
2019/7/23,Re: [請益] 3105 穩懋,12
2019/7/23,[請益] 請教年化報酬率6%的由來?,38
2019/7/23,[新聞] WSJ:中國與美國的食物戰爭向後倒退一步,11
2019/7/23,[請益] EPS是正的，但是營業利益率是負,20
2019/7/23,[新聞] 三菱重工南韓資產 遭申請變賣,86
2019/7/23,[新聞] 總太斥資38億 標下台中市區段徵收配餘地,36
2019/7/23,[新聞] 「金飯碗」年輕人hold不住？銀行離職率,33
2019/7/23,[新聞] 玉山跳舞熊鞏固第3名　U Bear端出20%搶灘,25
2019/7/23,[新聞] 聯電『喊停』和艦中國上市申請,11
2019/7/23,[其他] 108年07月23日 三大法人買賣金額統計表,29
2019/7/23,[新聞] 杜絕中國廠商「洗產地」、越南政府著手,10
2019/7/23,[閒聊] 2019/07/23 盤後閒聊,1
2019/7/23,[新聞] 《金融》黃男州：2020年數位身分證上路，,25
2019/7/23,[標的] 6180 橘子 空,21
2019/7/23,[標的] 2337 旺宏 多,29
2019/7/23,[新聞] 台商回流再添4案 投資衝破4520億,34
2019/7/23,[標的] 大盤外太空,0
2019/7/23,Re: [標的] 3227 原相 空,5
2019/7/23,[新聞] 純網銀三搶二！ 月底拍板揭曉,32
2019/7/23,Re: [標的] 大盤 多,0
2019/7/23,[標的] 3541西柏,3
2019/7/23,Re: [標的] 3483 力致 (超級多),50
2019/7/23,[閒聊] 2019/07/23 盤中閒聊,-10
2019/7/23,[新聞] 太空市場吸引每月100家太空新創尋求融資,7
2019/7/23,[新聞] 50個月來最樂觀，25.6%民眾估台股下半年,96
2019/7/23,[標的] 2478 大毅 空,8
2019/7/23,[請益] 為什麼融券餘額不能大於融資餘額,10
2019/7/22,[其他] 測驗你的病態賭博嚴重指數,62
2019/7/22,[其他] 108年07月22日信用交易統計,13
2019/7/22,Re: [新聞] 遭控侵權利空　家登宣布買回庫藏股3000,0
2019/7/22,[標的] 科嘉-KY 5215 多,14
2019/7/22,[請益]配偶幫我網路下單,20
2019/7/22,[標的] 2330 台積電 多,13
2019/7/22,Re: [請益] 看空者看空台股的理由是不是很奇怪,6
2019/7/22,[新聞] 美Fed唱鴿 達人汰弱留強,6
2019/7/22,[標的] 杏一 4175,12
2019/7/22,[新聞] 安倍勝選 南韓憂將追加經濟制裁,81
2019/7/22,[新聞] 大展將至 法人挑生技成長小金雞,24
2019/7/22,[新聞] 蘋果暫放棄AR眼鏡，改從建立AR生態體系,7
2019/7/22,Re: [請益] 看空者看空台股的理由是不是很奇怪,9
2019/7/22,Re: [標的] 3444利機,2
2019/7/22,[新聞] 郭芷嫣「加料說」引美國運輸部發函關注！,30
2019/7/22,[新聞] 玉山U Bear信用卡 看電影享20%回饋,21
2019/7/22,[其他] 108年07月22日 三大法人買賣金額統計表,19
2019/7/22,[新聞] 管制令影響韓廠中國半導體生產？日製氟化,11
2019/7/22,[其他] 發行量加權股價報酬指數首度破2萬點,23
2019/7/22,[閒聊] 2019/07/22 盤後閒聊,4
2019/7/22,Re: [標的] 2442 新美齊,2
2019/7/22,[標的] 2442新美齊,12
2019/7/22,[新聞] 日韓貿易戰在傷及全球價值鏈之前，最好適,17
2019/7/22,Re: [標的] 4971 IET-KY,9
2019/7/22,Re: [標的] 3105 穩懋,33
2019/7/22,Re: [標的] 2330 台積電,67
2019/7/22,[新聞] BDI指數一個月大漲88% 散裝航運股下半年,23
2019/7/22,[閒聊] 2019/07/22 盤中閒聊,100
2019/7/22,Re: [標的] 1905 華紙 空,4
2019/7/21,[標的] 旭富 4119,34
2019/7/21,[標的] 2331精英,0
2019/7/21,[新聞] 入主捅出大簍子 7年級餐飲小開變券商董座,19
2019/7/21,[標的] 2637 慧洋-KY 超級多 肉鬆哥概念股,5
2019/7/21,[標的] 2330 台積電 必勝多,0
2019/7/21,Re: [其他] 籌碼到底有沒有參考價值,5
2019/7/21,[新聞] 中連貨運收攤 裁98％員工,50
2019/7/21,[請益] 為什麼xx證券可以隨便喊價沒事？,36
2019/7/21,[新聞] 財經觀測站》大同公司派爽死了！,44
2019/7/21,[公告] sgw888 tai0913 Wagyu 水桶一週,0
2019/7/21,[請益] AMD靠股市累積資本得比本業多是常態嗎？,-10
2019/7/21,[新聞] 日韓貿易戰升溫 北韓批日本破壞朝鮮半島,40
2019/7/21,Re: [其他] 籌碼到底有沒有參考價值,4
2019/7/20,[新聞] 高通掠奪性定價違法 歐盟第二次開罰2.42,28
2019/7/20,[標的] 美國道瓊指數，反指標心得,34
2019/7/20,Re: [其他] 籌碼到底有沒有參考價值,18
2019/7/20,Re: [其他] 籌碼到底有沒有參考價值,18
2019/7/20,[新聞] 英國油輪遭伊朗扣押 川普放話：美英將合,20
2019/7/20,[新聞] 日韓貿易戰升溫 川普表態：若日韓需要 他,50
2019/7/20,[公告] chucklian 水桶一週,0
2019/7/20,[公告] AllBlack modelduck21 petrla 警告一次,0
2019/7/20,[新聞] 必應創造宣布 主標取得2020台北跨年晚會,19
2019/7/20,[新聞] 華爾街日報:聯準會官員們暗示7月降息一碼,37
2019/7/20,Re: [標的] 華泰2329,4
2019/7/20,[新聞] 裕隆集團三大車廠市值大增228億元 |,27
2019/7/20,Re: [請益] “長期價值” 是要怎麼看？,23
2019/7/20,[請益] 融資自負擔成數請益,10
2019/7/20,[其他] 108年07月19日信用交易統計,16
2019/7/20,[心得]  廣明 主力外資半年績效？,25
2019/7/20,[新聞] 美中貿戰何時了？專家：企業沒在等 正把,21
2019/7/19,[其他] 7/19市場當沖排行,11
2019/7/19,[標的] 3092 鴻碩,1
2019/7/19,[新聞] 微軟最新財報：雲端運算收入超越Windows,19
2019/7/19,Re: [標的] 華泰2329,24
2019/7/19,[標的] 聚積(3527),13
2019/7/19,Re: [新聞] 台灣消失30年的密碼　謝金河：台股重回12,5
2019/7/19,[新聞] 台積電法說後 外資喊上325元,60
2019/7/19,Re: [標的] 華泰2329,7
2019/7/19,[請益] ETF&各國市場本益比查詢,1
2019/7/19,[標的] 3338 泰碩 空 (停損),23
2019/7/19,[標的] 岱稜 3303 多,7
2019/7/19,[其他] 分享看報告的筆記,76
2019/7/19,[其他] 108年07月19日 三大法人買賣金額統計表,61
2019/7/19,Re: [新聞]美歐日和大陸公司加快從中國出走 中共,5
2019/7/19,[新聞] 台積電預估2019年全球半導體業衰退3%、,24
2019/7/19,[閒聊] 2019/07/19 盤後閒聊,45
2019/7/19,[新聞] 切中市場需求 國產車衝出佳績,18
2019/7/19,[標的] 愛之味 1217,20
2019/7/19,[新聞] 駿日公司公開收購安馳普通股條件均已成就,0
2019/7/19,Re: [新聞] 南韓朝野發聯合聲明：日本應立刻撤銷制裁,27
2019/7/19,[請益] 2375智寶合併凱美,4
2019/7/19,Re: [請益] “長期價值” 是要怎麼看？,3
2019/7/19,[新聞] 新創公司Neuralink發表可連接人腦與電腦,36
2019/7/19,Re: [新聞]美歐日和大陸公司加快從中國出走 中共急了,6
2019/7/19,[新聞] 散裝航運族群 逆勢前行,28
2019/7/19,[新聞]美歐日和大陸公司加快從中國出走 中共急了,19
2019/7/19,[新聞] 營運動能暢旺，京元電上攻15月新高,8
2019/7/19,[新聞] 台灣消失30年的密碼　謝金河：台股重回12,13
2019/7/19,Re: [新聞] 南韓朝野發聯合聲明：日本應立刻撤銷制裁,61
2019/7/19,Re: [新聞] 南韓朝野發聯合聲明：日本應立刻撤銷制裁,7
2019/7/19,[閒聊] 2019/07/19 盤中閒聊,88
2019/7/19,Re: [新聞] 南韓朝野發聯合聲明：日本應立刻撤銷,62
2019/7/19,[新聞] 越南智慧城市發展ICT參考框架,4
2019/7/19,[新聞] 韓方將拒絕就原勞工訴訟問題召開仲裁委員,24
2019/7/18,[新聞] 南韓朝野發聯合聲明：日本應立刻撤銷制裁,100
2019/7/18,[請益]集保戶股數突然增加!,3
2019/7/18,[標的] 5258 虹堡 多,9
2019/7/18,[其他] 108年07月18日信用交易統計,23
2019/7/18,[請益] 股票帳戶分流問題,17
2019/7/18,[標的] 3105 穩懋 空,21
2019/7/18,[公告] nero71701 水桶10年,0
2019/7/18,[公告] forrester chucklian 警告一次,0
2019/7/18,[公告] HBO10383 gn01874474 OZND 水桶一週,0
2019/7/18,[公告] fickleness kaiming7955 水桶一個月,0
2019/7/18,[公告] love38381 kameshita twallenmo 警告一次,0
2019/7/18,[新聞] 個股：台積電(2330)稱Q4會比Q3更好，在,17
2019/7/18,[公告] joyca oldlakerfan biolive30 警告一次,0
2019/7/18,[新聞] 金融市場密布地雷 中共加緊讓外資接盤,9
2019/7/18,[新聞] 富邦VIX溢價大 7月22日起全額交割,47
2019/7/18,Re: [標的] 6290良維 多,10
2019/7/18,[標的] 1558 伸興,16
2019/7/18,Re: [標的] 01810小米集團(筍,4
2019/7/18,[新聞] 不確定性增加 南韓央行調降基準利率至1.5,48
2019/7/18,[新聞] 亞馬遜調整家庭機器人研發策略往高階走,0
2019/7/18,[其他] 108年07月18日 三大法人買賣金額統計表,37
2019/7/18,Re: [請益] 如何下定決心選定一支個股深入研究？,50
2019/7/18,[標的] 2397 友通 多,5
2019/7/18,[其他] 台積電法說會2019第二季直播,87
2019/7/18,[閒聊] 2019/07/18 盤後閒聊,6
2019/7/18,"[新聞] BDI站穩2,000點 散裝船族群大漲",17
2019/7/18,[新聞] 剛果伊波拉病毒大爆發 世衛列國際公衛緊,12
2019/7/18,[新聞] 韓流概念股PK小英概念股,0
2019/7/18,Re: [心得] 告別式,27
2019/7/18,[新聞] 台電大虧297億 上半年唯一虧損國營事業,46
2019/7/18,Re: [新聞] Re: [新聞] 聯詠(3034)Q1每股賺3.23元，擬配發8.8元,24
2019/7/18,[請益] “長期價值” 是要怎麼看？,23
2019/7/18,[新聞] 違約恐爆表 一天4家中企43億債券違約,15
2019/7/18,Re: [標的] 01810小米集團(筍,3
2019/7/18,[標的] 2912 統一超 多,13
2019/7/18,[新聞] 華爾街日報:美中貿易談判卡在華為,13
2019/7/18,[標的] 3704合勤控 多,16
2019/7/18,[新聞] AMD 新 CPU 熱銷，日韓市占超車英特爾,16
2019/7/18,[新聞] 3D列印進入太空市場、美國NASA計劃2022年,8
2019/7/18,Re: [新聞] 震撼！ 大立光退出車用鏡頭,64
2019/7/18,[新聞] 〈BDI飆5年半高〉中航淡季不淡 Q4旺季,8
2019/7/18,Re: [請益] 如何下定決心選定一支個股深入研究？,11
2019/7/18,[閒聊] 2019/07/18 盤中閒聊,53
2019/7/18,[標的] 台指期,10
2019/7/18,Re: [請益] 為什麼外資不能長久持有台股,3
2019/7/17,[標的] 立積 多更多,25
2019/7/17,Re: [請益] 如何下定決心選定一支個股深入研究？,99
2019/7/17,[其他] 108年07月17日信用交易統計,16
2019/7/17,[標的] 1526 日馳,21
2019/7/17,Re: [標的] 佳龍9955 短線已漲100%準備空單,13
2019/7/17,[新聞] 中信銀發聲明 處分不動產皆參考鑑價公司,11
2019/7/17,[其他] 7/17 台灣集中市場外資買賣超前30名,1
2019/7/17,[標的] 1905 華紙 空,43
2019/7/17,Re: [標的] 3105 穩懋,11
2019/7/17,[其他] 7/17 台灣店頭市場三大法人買賣超前20名,0
2019/7/17,[新聞] 三商壽H1 EPS 0.72元，持續提升保障投資,12
2019/7/17,[新聞] 地表火力最強海巡艦在旗津製造　台灣造,3
2019/7/17,[新聞] 日本電產對超眾持股攀升至52.14％,7
2019/7/17,[新聞] 玉山Pi拍錢包信用卡 擴展P幣生態圈,33
2019/7/17,"[新聞] 台積電法說會前夕 外資轉賣超8,125張",15
2019/7/17,[請益] 中美貿易戰暫緩適合進場權證嗎,2
2019/7/17,[新聞] 8924大田5~6月EPS1.75,3
2019/7/17,Re: [請益] 6114久威今天賺了一根7趴紅棒該先停利一半嗎,31
2019/7/17,Re: [請益] 如何下定決心選定一隻個股深入研究？,4
2019/7/17,[標的] 群創 多,15
2019/7/17,[請益] 如何下定決心選定一支個股深入研究？,67
2019/7/17,[標的]  2330 台積電,50
2019/7/17,[標的] 3707 漢磊 多,19
2019/7/17,[新聞]美國會推出立法 禁止將華為從實體清單除名,13
2019/7/17,[其他] 108年07月17日 三大法人買賣金額統計表,35
2019/7/17,Re: [標的] 南亞科 多,10
2019/7/17,[標的] 2059 川湖多,6
2019/7/17,[請益] 利率x財報x通膨的幾個問題,8
2019/7/17,[新聞] 熱門股－超眾 長線成長動能充足,10
2019/7/17,[閒聊] 2019/07/17 盤後閒聊,36
2019/7/17,[標的] 南亞科 多,6
2019/7/17,Re: [新聞] WTO裁決：美國2012年對中國課反補貼關稅,24
2019/7/17,[標的] 聯電 多,15
2019/7/17,[新聞] 價格一樣貴果粉會買嗎？外媒預估新 iPhon,12
2019/7/17,[新聞] 中元普渡 食品飲料股喊衝,20
2019/7/17,[標的] 6235 華孚 多,16
2019/7/17,Re: [標的] 立積 多,8
2019/7/17,Re: [標的] 4915 致伸 多,31
2019/7/17,[新聞] 中國科技公司風險投資暴跌77% 有何內幕,7
2019/7/17,[新聞] Google 涉「叛國」私通中共，美國應嚴加,18
2019/7/17,Re: [新聞] WSJ:Powell表示需更注意全球經濟發展,3
2019/7/17,[新聞] 印度5G發展的困境與未來,7
2019/7/17,[請益] 為什麼台灣股市規定一大堆？,17
2019/7/17,[閒聊] 2019/07/17 盤中閒聊,-10
2019/7/17,[新聞] 綠能解散受害者... 京城銀月底打呆 一次,22
2019/7/17,[新聞] 震撼！ 大立光退出車用鏡頭,64
2019/7/17,[請益] 關於紀律,12
2019/7/17,[標的] 美股 XBI 空,0
2019/7/16,[新聞] 上市公司女董事長遭起訴 更多金融機構踩,0
2019/7/16,[新聞] 小股民看過來！新光金要對外現金增資 籌,16
2019/7/16,[請益] 1101台泥 籌碼面,14
2019/7/16,[標的] 3705 永信 多,5
2019/7/16,[標的] 1532 勤美 空,5
2019/7/16,[新聞] 正隆：蘇州正隆紙業擬合併其100%持有之昆,5
2019/7/16,Re: [新聞] 羅傑斯警告：市場忽視危機跡象 「一生最P,5
2019/7/16,[其他] 108年07月16日信用交易統計,18
2019/7/16,[新聞] 羅傑斯警告：市場忽視危機跡象 「一生最P,29
2019/7/16,[請益] 請問有人研究金屬遮罩嗎？,4
2019/7/16,[新聞] 六國銀踩雷 綠能授信恐損失14.54億元！,23
2019/7/16,[新聞] 台灣之光！ 霹靂布袋戲拿下Netflix 熱搜,28
2019/7/16,[請益] 請問現金增資洽特定人的問題？,11
2019/7/16,[新聞] 來自AI與物聯網帶動的第四次工業革命正在,7
2019/7/16,[新聞]日韓貿易戰延燒 中國高科技供應鏈恐受波及,0
2019/7/16,[新聞] 中鋼構喊撤9月退出大陸 昆山廠全面停產,14
2019/7/16,[新聞] 超微新品熱賣 台積7奈米吃定心丸、法說前,34
2019/7/16,[請益] 生技股打電話來問認股,16
2019/7/16,[其他] 108年07月16日 三大法人買賣金額統計表,44
2019/7/16,Re: [請益] 富邦VIX會倒多少人Part6,39
2019/7/16,[新聞] 高雄廠傳裁員360人 國巨否認：進行正常人,35
2019/7/16,[閒聊] 2019/07/16 盤後閒聊,0
2019/7/16,[新聞] 台灣加權股價報酬指數達19844點 創歷史新,5
2019/7/16,[新聞] 首度攻克美系新機後鏡頭，玉晶光H2業績,4
2019/7/16,[新聞] 談了等於沒談，日方對南韓立場仍強硬,25
2019/7/16,[標的] 3227 原相 空,12
2019/7/16,[新聞] 《電腦設備》華碩第二代電競手機，7月23,4
2019/7/16,[標的] GIS-KY 6456,0
2019/7/16,[請益] 美股有那些籌碼面的指標?,3
2019/7/16,[新聞]川普：用史上最嚴厲行動 對抗中共不公貿易,32
2019/7/16,[新聞] 兩岸指紋識別IC專利戰：匯頂控告神盾、,5
2019/7/16,[標的] 群創3481多 之前台苯停損,12
2019/7/16,有人會用遠期選擇權轉移財產嗎？,6
2019/7/16,"[新聞] 群創要花1,546億餘元買回庫藏股？原來是計算公式惹禍",15
2019/7/16,[新聞] 明年度總預算歲出上看 2.1 兆,27
2019/7/16,Re: [標的] 到現在多軍只有我套牢？持股請益,12
2019/7/16,[標的] R: 京城銀2809,8
2019/7/16,[閒聊] 2019/07/16 盤中閒聊,89
2019/7/16,Re: [標的] 6456Gis-Ky,0
2019/7/16,[標的] 3531先益,7
2019/7/16,[標的] 6278 台表科 空,24
2019/7/16,[請益] 為什麼亞股今天開盤都跌一段才起來,43
2019/7/15,Re: [標的] AMD (多),24
2019/7/15,Re: [新聞] 台船布局離岸風電版圖新里程碑 大型駁船,8
2019/7/15,[公告] fatfree manlike 水桶一週,0
2019/7/15,[公告] postmaster00 警告一次,0
2019/7/15,[新聞] 台積電撿到槍！日韓幹架 三星災難在後頭,17
2019/7/15,Re: [標的] 到現在多軍只有我套牢？持股請益,6
2019/7/15,[公告] ghostory pttmans 水桶一週,0
2019/7/15,Re: [標的] 到現在多軍只有我套牢？持股請益,5
2019/7/15,[新聞] 韓國瑜勝出 台股跟著黑翻紅 表現勝過亞股,-10
2019/7/15,[其他] 7/15 台灣集中市場外資買賣超前30名,1
2019/7/15,[新聞] 連8個月加碼 郭台銘上月再增持鴻海550張,5
2019/7/15,[其他] 108年07月15日信用交易統計,16
2019/7/15,[標的] 放空旺宏,22
2019/7/15,[其他] 7/15 台灣店頭市場三大法人買賣超前20名,0
2019/7/15,[新聞] 中信金再爆弊案,47
2019/7/15,[請益] 請問K線圖可以從頭翻到尾的分析軟體？？,4
2019/7/15,[新聞] 繼德國、荷蘭、日本等市場之後 AMD處理,5
2019/7/15,Re: [標的] 到現在多軍只有我套牢？持股請益,14
2019/7/15,[新聞] 不堪虧損　大同旗下太陽能公司綠能擬解,10
2019/7/15,[新聞] 台船布局離岸風電版圖新里程碑 大型駁船,8
2019/7/15,[新聞] 15檔面面俱到股 蓄勢攻堅,18
2019/7/15,[其他] 今日警示股(4935.3338),5
2019/7/15,[新聞] 遭匯頂告光學指紋辨識侵權，神盾：不回應,13
2019/7/15,[新聞] 群創擬買回8萬張庫藏股 每股5.08~11元,37
2019/7/15,Re: [新聞] 房價又飆到新高？專家道破2大盲點,1
2019/7/15,[新聞]「離開就不會回頭」 更多美公司從中國出走,10
2019/7/15,Re: [請益] 加權報酬指數創新高,0
2019/7/15,[新聞] 一輛自動駕駛車搭載IC半導體成本有多少？,6
2019/7/15,[請益] 加權報酬指數創新高,12
2019/7/15,[其他] 108年07月15日 三大法人買賣金額統計表,39
2019/7/15,[標的] 正隆(1904)多,11
2019/7/15,[閒聊] 2019/07/15 盤後閒聊,20
2019/7/15,Re: [標的] 1437 勤益,10
2019/7/15,[請益] 綠悅盤後的籌碼資料請益,6
2019/7/15,Re: [標的] 3535晶彩科 空,1
2019/7/15,Re: [新聞] 房價又飆到新高？專家道破2大盲點,22
2019/7/15,Re: [新聞] 房價又飆到新高？專家道破2大盲點,10
2019/7/15,[標的] 好德3114 多,31
2019/7/15,[新聞] 經濟溜滑梯 中國Q2 GDP年增6.2% 不如預期,27
2019/7/15,[新聞] HTC 野火燒不盡？傳俄羅斯零售商透露推出,9
2019/7/15,[請益] 大家都怎樣幫股價估價？,28
2019/7/15,[標的] 中天 韓國瑜概念股,38
2019/7/15,[新聞] IBM提出折疊式穿戴裝置可於手機與平板的,3
2019/7/15,[標的] 3483 力致 (超級多),100
2019/7/15,[新聞] 華爾街日報:美製造商將供應鏈撤出中國,14
2019/7/15,Re: [請益] 公司的品格2案例六三陽股票質押問題？,20
2019/7/15,[閒聊] 2019/07/15 盤中閒聊,99
2019/7/15,[新聞] 台積7奈米夯 下半年滿載,39
2019/7/15,[新聞] 七壽險股息收入 衝千億新高,0
2019/7/15,[新聞] 玉山金上半年EPS0.94元 新高,32
2019/7/15,[新聞] 房價又飆到新高？專家道破2大盲點,21
2019/7/15,3226 至寶電 多,7
2019/7/14,[請益] 隔日沖券商怎麼知道有哪些?,10
2019/7/14,Re: [請益] 有技術、業績、量兼具但大跌的股票嗎,5
2019/7/14,Re: [請益] 雄獅的交易量怎麼這麼低？,31
2019/7/14,[標的] 2367 耀華 超級多,0
2019/7/14,[標的] 2337 旺宏 超級多,7
2019/7/14,[標的]  1514 亞力,5
2019/7/14,[新聞] 利多風險並存 台塑越南鋼鐵廠擴建陷兩難,14
2019/7/14,[新聞] 黃國昌爆: 楊世光的中國老闆是股市騙子,81
2019/7/14,[新聞] 美軍火商與陸無往來 北京無從制裁,19
2019/7/14,[新聞] 華為在美國研發公司擬大裁員 傳員工已獲解聘通知,11
2019/7/14,[新聞] 從賣果汁變高科企業 中企或面臨在美退市,3
2019/7/14,[公告] ilovetaida fantazy0007 AIIT 水桶一週,0
2019/7/14,Re: [新聞] 台灣面板業成南柯一夢 謝金河：4大慘業悲,28
2019/7/14,Re: [新聞] 台籍分析師上海被捕 楊世光要黃國昌負責,45
2019/7/14,[新聞]蘋概股沒「錢」景？ 這檔蘋概股..2367燿華,54
2019/7/14,[請益] 雄獅的交易量怎麼這麼低？,39
2019/7/14,Re: [新聞] 台灣面板業成南柯一夢 謝金河：4大慘業悲,7
2019/7/14,[新聞] 玉山金 股價挑戰前高,25
2019/7/14,[標的] 8478東哥遊艇,14
2019/7/14,[新聞] 旺季效應發酵 營運添柴火 味全漢翔 利多,9
2019/7/14,Re: [新聞] 台灣面板業成南柯一夢 謝金河：4大慘業悲,20
2019/7/14,[新聞] 台灣面板業成南柯一夢 謝金河：4大慘業悲,23
2019/7/13,[新聞] Indivior控侵權案 美時與艾威群二審勝訴,11
2019/7/13,[標的] 興農(1712)、臺鹽(1737),22
2019/7/13,[心得] 00795B中信美債20年,16
2019/7/13,Re: [請益] 一直放都不賣的觀念,12
2019/7/13,Re: [標的] 8422可寧衛 冒險多,6
2019/7/13,Re: [標的] 1722台肥 多,0
2019/7/13,Re: [標的] 00637L 元大滬深300正2 超級多,6
2019/7/13,[新聞] 中國揚言制裁對台軍售美企 美議員：愚蠢,100
2019/7/13,Re: [請益] 是否有專業網站或軟體，有各國個股資訊提供下載？,6
2019/7/13,[新聞] 國產混凝土賣贏台泥，關鍵手段是「管司機,15
2019/7/13,[標的] 亞泥 1102 多,5
2019/7/13,[新聞] 台籍分析師上海被捕 楊世光要黃國昌負責,14
2019/7/13,[新聞] 中國大動作逮捕！12名台分析師遭殃,80
2019/7/13,[請益] 請問做空的心法和歷史做空的高手?,24
2019/7/13,[標的] 2330台積電,24
2019/7/13,[新聞] 逆天了！美股暴漲1000點 驚揭背後大魔手,44
2019/7/13,[新聞] 日韓歷史糾葛難解 貿易戰衝擊全球電子產業,10
2019/7/13,[請益] 台灣投資人是否比較容易自我設限呢？,12
2019/7/13,Fw: [爆卦] 上海逮捕12名分析師（含新黨楊世光）,76
2019/7/13,[標的] 大塜3570(台商資金回流受惠股）,6
2019/7/13,Re: [標的] 8422可寧衛 冒險多,14
2019/7/13,[請益] 有技術、業績、量兼具但大跌的股票嗎,43
2019/7/13,[新聞] 華碩消費性筆電稱霸印尼 連續21季市占奪,9
2019/7/13,[新聞] 希捷推SSD新品 群聯搶大單,7
2019/7/13,[新聞] 日韓貿易戰效應 群聯：NAND價有望再漲30%,14
2019/7/12,[請益] 公司的品格2案例六三陽股票質押問題？,13
2019/7/12,[新聞] 大陸產經：中原證券踩雷，2.4億元人民幣,6
2019/7/12,Re: [標的] 2404 漢唐,10
2019/7/12,[新聞] WSJ:Google承認其利用數位助理監聽,40
2019/7/12,[其他] 108年07月12日信用交易統計,22
2019/7/12,[請益] 是否有專業網站或軟體，有各國個股資訊提供下載？,8
2019/7/12,[其他] 7/12 台灣集中市場外資買賣超前30名,16
2019/7/12,[請益] 新光 富貴角10號 IOS 離線成交推播通知問題,6
2019/7/12,[其他] 7/12 台灣店頭市場三大法人買賣超前20名,1
2019/7/12,Re: [新聞] 中：將對售台武器的美國企業經濟制裁,27
2019/7/12,[新聞] 電競火車頭啟動 宏碁本季營運堆柴火,9
2019/7/12,[新聞] 中：將對售台武器的美國企業經濟制裁,63
2019/7/12,[新聞] 區塊鏈大聯盟成立 政府帶頭衝數位轉型商,10
2019/7/12,[新聞] 新城礦區展延判撤銷 亞泥:全力以赴上訴,16
2019/7/12,Re: [新聞] 北京再反悔？川普確認中方尚未購買農產品,14
2019/7/12,[新聞] 奇美認賠大賣群創19.6萬張,46
2019/7/12,Re: [其他] 中國六月進出口貿易帳,28
2019/7/12,Re: [新聞] 北京再反悔？川普確認中方尚未購買農產品,0
2019/7/12,[其他] 中國六月進出口貿易帳,12
2019/7/12,[其他] 108年07月12日 三大法人買賣金額統計表,40
2019/7/12,[新聞] 超狂！台積電自種綠電 估規模達核電廠等,94
2019/7/12,[新聞] 台積電計畫自己興建太陽能電廠,21
2019/7/12,[新聞] 華爾街日報:中國車市現況引發全球風險,19
2019/7/12,[新聞] 10顆雞蛋換不到1碗陽春麵　彰化蛋價大崩2,57
2019/7/12,[閒聊] 2019/07/12 盤後閒聊,24
2019/7/12,[新聞] 維珍銀河拚一年內飛向太空旅遊,15
2019/7/12,[標的] 3406 玉晶光 多,26
2019/7/12,[新聞] 群創6營收213億元 月增1.5%,20
2019/7/12,[新聞] 北京再反悔？川普確認中方尚未購買農產品,57
2019/7/12,[標的] 8422可寧衛 冒險多,31
2019/7/12,[其他] 富邦金甲/乙特(2881A/B) 擬配息重訊公告,11
2019/7/12,[標的] 台苯1310,16
2019/7/12,[新聞] PPI顯示中國或陷入通縮 加劇製造業困境,0
2019/7/12,[其他] 富邦期貨點點系統,0
2019/7/12,[閒聊] 2019/07/12 盤中閒聊,100
2019/7/12,[新聞] 思科藉收購Acacia Communications擴大5G,5
2019/7/12,[請益] 裸視3D,13
2019/7/12,[心得] 真正的股市作手，最偉大投機家。,16
2019/7/12,[轉錄] 台灣超越南韓成全球最大半導體設備市場,36
2019/7/12,Re: [標的] 2439美律 空 小心嘎,6
2019/7/11,[新聞] 台塑德州廠擬加碼12億防污,19
2019/7/11,Fw: [宣判] lovewenhui申訴Stock板板主noldorelf一案,0
2019/7/11,Re: [請益] 股市贏家跟輸家最大差異在哪裡?,14
2019/7/11,Re: [標的] 2330  台積電  多,43
2019/7/11,[心得] Fed是否降息 一些資料整理,14
2019/7/11,[標的] 1216統一,28
2019/7/11,[標的] 3483 力致 (多),0
2019/7/11,[請益] 2514龍邦,3
2019/7/11,[新聞] S&P 500不到5年飆升千點　輝達、超微狂,9
2019/7/11,Re: [標的] 佳龍9955 短線已漲100%準備空單,4
2019/7/11,[其他] 108年07月11日信用交易統計,16
2019/7/11,[請益] 長期持有 Google 股票如何？,20
2019/7/11,[其他] 黃金交叉,0
2019/7/11,[新聞] 富邦金(2881)6月營收75.99億 年增-69.5%,26
2019/7/11,[新聞] 藥華藥6月營收,10
2019/7/11,[新聞] 中國政府擬入股《華爾街見聞》直接掌控,2
2019/7/11,[新聞] 受惠新車出貨增 裕隆6月營收逆勢成長4.04,9
2019/7/11,Re: [標的] 元大50反 00632R 多,8
2019/7/11,[標的] 6290良維 多,21
2019/7/11,Re: [標的] 9946三發,13
2019/7/11,[新聞] 挖礦潮復活？傳比特大陸向台積電下 7 奈,58
2019/7/11,Fw: [新聞] 鴻海攜手夏普助攻t.Studio 全台首座4K+8K,7
2019/7/11,[標的] 4915 致伸 多,26
2019/7/11,Re: [心得] 散戶有越來越精明的趨勢?,15
2019/7/11,[其他] 108年07月11日 三大法人買賣金額統計表,41
2019/7/11,[閒聊] 2019/07/11 盤後閒聊,34
2019/7/11,[新聞] 日限制令！傳韓廠趁機清庫存、三星NAND,22
2019/7/11,Re: [標的] 6192 巨路 無腦多,24
2019/7/11,[新聞] 南韓半導體廠投資材料公司支持本地化,12
2019/7/11,Re: [標的] 6192 巨路 無腦多,0
2019/7/11,[新聞] 中信建投股價盤中巨震！背後原因大起底,1
2019/7/11,Re: [標的] 3535晶彩科 空,2
2019/7/11,[心得] 散戶有越來越精明的趨勢?,10
2019/7/11,[新聞] 台船修船報佳音 搶環保改裝商機,9
2019/7/11,Re: [請益] 現股怎麼賣出,14
2019/7/11,[標的] 長榮航 2618多,42
2019/7/11,Re: [請益] 現股怎麼賣出,6
2019/7/11,[請益] 現股怎麼賣出,54
2019/7/11,[新聞] 美聯儲主席： 美國經濟增長前景穩健,7
2019/7/11,[新聞] 每股對價40元 綠悅-KY擬私有化下市,26
2019/7/11,Re: [標的] 4958 臻鼎-ky 多,3
2019/7/11,[新聞] 【2884 玉山金】除權除息基準日,32
2019/7/11,[請益] 賣出成交收入與預想的出入,11
2019/7/11,[標的] 元大50反 00632R 多,26
2019/7/11,Re: [標的] 3035 智原 多,18
2019/7/11,[請益] 4426利勤 停損,19
2019/7/11,[新聞] 日韓貿易戰 直接影響韓半導體及汽車行業,22
2019/7/11,[標的] 6182 合晶 空,17
2019/7/11,[請益] 外資賣超，持股張數卻增加,6
2019/7/11,[閒聊] 2019/07/11 盤中閒聊,100
2019/7/11,Re: [請益] 有誰看過投顧老師道歉認錯嗎？,7
2019/7/11,[新聞] 美法也來貿易戰？美為法科技徵稅啟動301,10
2019/7/11,[新聞] 亞洲300強出爐 南亞科意外超車大立光,9
2019/7/11,[新聞] hTC手機市占狂摔 外媒揭「死因」關鍵,37
2019/7/11,Re: [請益] 台塑四寶H1獲利,19
2019/7/10,[新聞] 上市櫃公司6月營收出爐 上半年三天王及,5
2019/7/10,[新聞] 大宇資訊 2019年6月合併營收2708.2萬元,13
2019/7/10,[標的] 台指期 多,30
2019/7/10,[新聞] 富士康威州投資恐再跳票，州長稱達不到就,14
2019/7/10,[標的] 3711 日月光投控,8
2019/7/10,[請益] 若有鴻海，郭董出線否算利益攸關嗎,5
2019/7/10,[新聞] 中美停火衝擊仍在 陸企債務違約潮止不住,4
2019/7/10,[其他] 108年07月10日信用交易統計,10
2019/7/10,[請益] 解除競業競爭限制,1
2019/7/10,[標的] 群聯 8299 超級多,54
2019/7/10,[心得] 6150 撼訊,21
2019/7/10,[新聞] 商業間諜竊機密 半導體廠損失百億,20
2019/7/10,[標的] 1522 堤維西,13
2019/7/10,[新聞] 台積電成大贏家？日韓貿易戰 傳三星7奈,100
2019/7/10,[新聞] 大戶散戶都回來！Q2大戶人數重返千人以上,21
2019/7/10,[新聞] 南韓喊話撤銷電子原料出口限制 日：完全,43
2019/7/10,[請益] 個股三大法人合計與成交量關係,4
2019/7/10,[新聞] 台塑四寶Q3拚回溫，樂待現金股利入袋,13
2019/7/10,[請益] 能夠利用換手炒高股價嗎？,8
2019/7/10,[新聞] 閎康營運報喜 樣品分析晶片獲藥廠賽諾菲採用,5
2019/7/10,[標的] 3105 穩懋,24
2019/7/10,[其他] 永豐金108年6月合併盈餘,13
2019/7/10,[其他] 108年【6月份金控股】EPS排名 (全已公布),44
2019/7/10,[請益] 台塑四寶H1獲利,22
2019/7/10,[標的] 1580 新麥,32
2019/7/10,[其他] 108年07月10日 三大法人買賣金額統計表,50
2019/7/10,[其他] 開發金108年6月合併盈餘,13
2019/7/10,[新聞] 台積電6月營收858.68億今年新高 月增6.8%、年增21.9%,43
2019/7/10,[新聞] 【公告】慧洋-KY調整以資本公積發放現金,10
2019/7/10,[閒聊] 2019/07/10 盤後閒聊,30
2019/7/10,[新聞] 台積電營收公布前外資連六賣 法人估Q2營,7
2019/7/10,[請益] 有多少人30年化報酬率可以贏過3%?,49
2019/7/10,[標的] 9907統一實 多,6
2019/7/10,Re: [標的] 2392 正崴 多 漲停！,30
2019/7/10,[標的] 3483 力致,2
2019/7/10,Re: [標的] 5234 達興材料,5
2019/7/10,[新聞] 南亞科法說前外資連4買 市場聚焦5大議題,20
2019/7/10,[新聞] 網家 今年有望重返獲利軌道,7
2019/7/10,Re: [標的] 6176 瑞儀 多,7
2019/7/10,[新聞] 美國宣布對中墨鋼材加徵反補貼關稅,4
2019/7/10,[新聞] 解禁！美宣布免除110陸商品關稅1年,21
2019/7/10,Re: [標的] 3008大立光 多. 已出,17
2019/7/10,[請益] 分散投資或集中投資？,13
2019/7/10,[標的] 6224 聚鼎,11
2019/7/10,[標的] 3017 奇鋐,6
2019/7/10,Re: [請益] 紙吸管概念股,17
2019/7/10,[請益] 證交所個股日成交資訊,2
2019/7/10,Re: [標的] 6176 瑞儀 多,7
2019/7/10,[請益] 紙吸管概念股,55
2019/7/10,[新聞] 日對韓管制半導體關鍵原料 意外揭露台積,3
2019/7/10,[閒聊] 2019/07/10 盤中閒聊,96
2019/7/10,[新聞] 日韓貿易戰延燒 三星、海力士購料 傳跨海,8
2019/7/10,[新聞] 美國政府將豁免 110 項中輸美產品的高額,4
2019/7/10,[新聞] 禾聯碩(5283)6月營收月增25.67%，年增9.0,11
2019/7/10,[新聞] IC Insights：中國IC半導體具競爭力還須1,9
2019/7/10,[請益] 外資到底在想什麼?,3
2019/7/09,[標的] 1476儒鴻 空,12
2019/7/09,[公告] ytrytyt 水桶10年,0
2019/7/09,[新聞] 蘋果前景打問號 喊賣券商增至22年最高,17
2019/7/09,[公告] benjon suzzy 水桶一週,0
2019/7/09,[新聞] 大陸業者：加徵25%關稅 美國訂單幾乎消失,18
2019/7/09,[其他] 108年07月09日信用交易統計,23
2019/7/09,[標的] 玉晶光 空,10
2019/7/09,[新聞] 債市投資人好樂…央行沒降息 10年公債殖,23
2019/7/09,[標的] 3406 玉晶光 加碼多,23
2019/7/09,Re: [新聞] 友達群創提建言 籲科技預算8%補助顯示器,4
2019/7/09,[新聞] 【2888 新光金】108年6月份自結合併盈餘,36
2019/7/09,[標的] 3035 智原 多,10
2019/7/09,[新聞] 《通信網路》5G競標挑戰在即，台灣大貼息,-10
2019/7/09,Fw: [公告] 8/3 停機公告,4
2019/7/09,[新聞] 台積電Q1配息2元，9月19日除息,29
2019/7/09,[新聞] 翻轉虧損創淨利8年新高 陳俊聖：打到對手,13
2019/7/09,"[新聞] 兩岸貿易額 去年逆勢創高 突破2,200億美",5
2019/7/09,Re: [新聞] 友達群創提建言 籲科技預算8%補助顯示器,17
2019/7/09,[請益] 執行背景螢幕的app,6
2019/7/09,Re: [新聞] 友達群創提建言 籲科技預算8%補助顯示器,0
2019/7/09,Re: [新聞] 友達群創提建言 籲科技預算8%補助顯,1
2019/7/09,Re: [新聞] 友達群創提建言 籲科技預算8%補助顯示器,3
2019/7/09,[標的] 3661世芯-KY,0
2019/7/09,Re: [新聞] 友達群創提建言 籲科技預算8%補助顯示器,16
2019/7/09,Re: [新聞] 台中最大社宅不蓋了 萬坪土地賣34億元,20
2019/7/09,[請益] 投資標普500是不是比0050好,22
2019/7/09,[新聞] 友達群創提建言 籲科技預算8%補助顯示器,19
2019/7/09,Re: [新聞] 國巨基本面惡化 美系外資維持減碼評等,7
2019/7/09,[其他] 108年07月09日 三大法人買賣金額統計表,34
2019/7/09,[新聞] 國巨基本面惡化 美系外資維持減碼評等,49
2019/7/09,[閒聊] 2019/07/09 盤後閒聊,27
2019/7/09,[新聞] 唱衰者遭打臉... 環球晶營收又報喜,4
2019/7/09,[新聞] 長榮將向勞工求償林佳龍：情義相待法置後,6
2019/7/09,[新聞] 〈分析〉降息真是經濟萬靈丹？美國可能1,21
2019/7/09,[新聞] WSJ:美、中可能在本週重啟貿易談判,20
2019/7/09,[請益] 我想問一個關於殖利率的新手問題@@,0
2019/7/09,Re: [標的] 5483 中美晶 多,8
2019/7/09,Re: [請益] 新手交割問題,8
2019/7/09,[其他] 台股早期資料（6）,1
2019/7/09,[新聞] 越南加工製造業佔總外資58.4％、韓日新台,5
2019/7/09,[標的] AMD,25
2019/7/09,[新聞] 應華三合一併購月底完成，大啖日系電動,3
2019/7/09,[新聞] 惟恐美中貿易戰再開打 任天堂將鴻海代工S,8
2019/7/09,Re: [標的] 4943 康控 多,6
2019/7/09,Re: [標的] 6456Gis-Ky,11
2019/7/09,[新聞] 貿易戰影響 中國第二季GDP或達27年最低,7
2019/7/09,[新聞] 5G通訊推升需求，穩懋、宏捷科、環宇-KY可望受惠,6
2019/7/09,[閒聊] 2019/07/09 盤中閒聊,100
2019/7/09,[請益] 4105 東洋,6
2019/7/09,[新聞] SEMI：TSMC及Intel先進3D IC封裝技術,5
2019/7/09,Re: [請益] 新手交割問題,4
2019/7/09,[請益] 週三的波動度,5
2019/7/09,[新聞] 台中最大社宅不蓋了 萬坪土地賣34億元,42
2019/7/08,[其他] 108年07月08日信用交易統計,11
2019/7/08,[標的] 2439美律 空,13
2019/7/08,[新聞] 製造業出走中國 布局印債掌契機,6
2019/7/08,Fw: [宣判] CLV518申訴Stock板板主eyespot一案,28
2019/7/08,Re: [心得] 計算純股利收入到底多少以內不用繳稅,7
2019/7/08,[新聞] 軍公教調薪案 周三審議,45
2019/7/08,[請益] 年減和月增，該看那一個？,22
2019/7/08,[新聞] NAND Flash 跌價疑慮消除，SSD 裝機容量,14
2019/7/08,[其他] 7/8 台灣集中市場外資買賣超前30名,2
2019/7/08,[新聞] 度假完再批Fed 川普：如果不是他們 道瓊,21
2019/7/08,[其他] 7/8 台灣店頭市場三大法人買賣超前20名,5
2019/7/08,[標的] 3501維熹 多,0
2019/7/08,[標的] 1709和益 多,4
2019/7/08,[新聞] 感測業務發威 矽創6月營收創新高,2
2019/7/08,[新聞] 素還真登上Netflix! 霹靂布袋戲強勢上架,22
2019/7/08,[新聞] 燿華6月營收19.14億 創歷年同期新高,36
2019/7/08,[請益] 新手成交相關問題,6
2019/7/08,[新聞] 【2884 玉山金】108年6月份自結合併盈餘,71
2019/7/08,[新聞] 資通與電子產品拉抬 6月出口終止連七黑,6
2019/7/08,[新聞] 元大期貨108年6月份營運概況,7
2019/7/08,[新聞] 新唐6月營收9億1679萬元，月增率3.89%,2
2019/7/08,[新聞] 易華電 2019年6月合併營收2.73億元 年增1,11
2019/7/08,[標的] 中磊5388 天仁1233 太子2511,10
2019/7/08,[新聞] 玉晶光6月營收8.58億元 月增22.06%,45
2019/7/08,[新聞] 108年6月海關進出口貿易初步統計,10
2019/7/08,[新聞] 中興通訊投入100億人幣研發5奈米晶片,22
2019/7/08,Re: [心得] 計算純股利收入到底多少以內不用繳稅,13
2019/7/08,[心得] 計算純股利收入到底多少以內不用繳稅,40
2019/7/08,Re: [請益] 新手交割問題,8
2019/7/08,[其他] 108年07月08日 三大法人買賣金額統計表,58
2019/7/08,[請益] 新手交割問題,13
2019/7/08,[標的] 4943 康控 多,12
2019/7/08,[新聞] 《業績-電子通路》弘憶國際6月營收為9.50,2
2019/7/08,[閒聊] 2019/07/08 盤後閒聊,78
2019/7/08,[新聞] 台塑德州廠遭認定排放污染：美國法官直,42
2019/7/08,Re: [標的] 佳龍9955 短線已漲100%準備空單,4
2019/7/08,Fw: [新聞] 德意志銀行大改造 將裁員1.8萬人,7
2019/7/08,[新聞] 谷月涵：貿易戰 台商反得利,4
2019/7/08,[新聞] 特朗普：對中國加徵關稅讓美國受益,8
2019/7/08,[請益] 營業員忘記還券怎辦?,25
2019/7/08,Re: [標的] 5483 中美晶 多,10
2019/7/08,[新聞] 超微Ryzen開賣 概念股大吃補,22
2019/7/08,Re: [新聞] 台積電仍是 NVIDIA 7 奈米合作對象，打臉,6
2019/7/08,[請益] 個股和大盤日K線並列同步顯示,1
2019/7/08,[新聞] 罷工落幕 長榮航清理戰場,61
2019/7/08,Re: [新聞] 台積電仍是 NVIDIA 7 奈米合作對象，打臉,5
2019/7/08,[新聞] iPhone第一季度印度销量暴跌42%,40
2019/7/08,[閒聊] 2019/07/08 盤中閒聊,99
2019/7/08,[新聞] SEMI：2019-2020全球主要晶圓廠設備支出,8
2019/7/08,[新聞] 台積電仍是 NVIDIA 7 奈米合作對象，打臉,26
2019/7/08,[標的] 2456奇力新 多,6
2019/7/07,[新聞] 空運史上最大癱瘓 長榮空服罷工落幕各界,34
2019/7/07,[請益] 散戶是不是根本不適合買個股？,37
2019/7/07,"[新聞] 宏致斥資7,157萬元 取得廣迎84.06%股權",8
2019/7/07,[標的] 3406 玉晶光 超級多,5
2019/7/07,Re: [標的] 6171 亞銳士 多,3
2019/7/07,Re: [標的] 6456Gis-Ky,0
2019/7/07,[新聞] 輝達：下一代GPU仍由台積電生產,82
2019/7/07,Re: [新聞] 獨力炒股！ 8旬翁2個月賺600萬遭訴,14
2019/7/07,Re: [新聞] 獨力炒股！ 8旬翁2個月賺600萬遭訴,9
2019/7/07,Re: [新聞] 獨力炒股！ 8旬翁2個月賺600萬遭訴,33
2019/7/07,[新聞] 獨力炒股！ 8旬翁2個月賺600萬遭訴,95
2019/7/07,Re: [請益] 關於0056做價差這件事,5
2019/7/07,[新聞] 美伊緊張 傳伊朗宣布提升濃縮鈾純度至5%,35
2019/7/07,[新聞] 電視面板價 跌幅超預期,24
2019/7/07,Re: [新聞] 川普擬頒行政命令 將美國藥價砍到世界最,3
2019/7/07,[標的] 大盤,31
2019/7/07,Re: [請益] 股市贏家跟輸家最大差異在哪裡?,24
2019/7/07,Re: [請益] 股市贏家跟輸家最大差異在哪裡?,5
2019/7/07,Re: [請益] 股市贏家跟輸家最大差異在哪裡?,10
2019/7/07,[標的] 以十年來看現在的00692有被低估嗎？！,21
2019/7/07,[新聞] 拉貨動能強 神盾Q3業績喊衝,14
2019/7/07,[新聞] 外資6月回頭 累計今年淨匯入約3645億,14
2019/7/07,[新聞] 遠東新黃金交叉 股價帶勁,26
2019/7/07,Re: [請益] 股市贏家跟輸家最大差異在哪裡?,0
2019/7/07,Re: [請益] 股市贏家跟輸家最大差異在哪裡?,93
2019/7/06,Re: [請益] 股市贏家跟輸家最大差異在哪裡?,0
2019/7/06,Re: [請益] 股市贏家跟輸家最大差異在哪裡?,19
2019/7/06,[其他] 致伸科技六月份合併營收66.3億元 年增28%,5
2019/7/06,Re: [請益] 股市贏家跟輸家最大差異在哪裡?,5
2019/7/06,[新聞] 日本限制令衝擊，傳三星晶圓代工憂慮難如,50
2019/7/06,Re: [請益] 股市贏家跟輸家最大差異在哪裡?,1
2019/7/06,[新聞] 金管會終於講清楚法規！黃國昌：究辦陽信,43
2019/7/06,[請益] ETF該用銀行戶還是證卷戶買？,7
2019/7/06,[心得] 川普真的很看重美國隊長,1
2019/7/06,Re: [請益] 股市贏家跟輸家最大差異在哪裡?,2
2019/7/06,[新聞] 大立光上月營收 重摔19%,7
2019/7/06,Re: [請益] 股市贏家跟輸家最大差異在哪裡?,5
2019/7/06,Re: [請益] 股市贏家跟輸家最大差異在哪裡?,0
2019/7/06,Re: [標的] 非擔任主管職務之全時員工薪資,6
2019/7/06,[標的] 2603 長榮海 多,32
2019/7/06,Re: [新聞] 川普擬頒行政命令 將美國藥價砍到世界最,10
2019/7/06,[請益] 複委託和海外券商選擇,5
2019/7/06,Re: [請益] 股市贏家跟輸家最大差異在哪裡?,3
2019/7/06,Re: [請益] 股市贏家跟輸家最大差異在哪裡?,4
2019/7/06,[新聞] 〈非農遠優預期〉降息2碼已成幻覺？經濟,8
2019/7/06,Re: [請益] 股市贏家跟輸家最大差異在哪裡?,29
2019/7/06,Re: [請益] 定存股問題,6
2019/7/06,[新聞] 川普擬頒行政命令 將美國藥價砍到世界最,68
2019/7/06,[請益] 定存股問題,42
2019/7/06,[新聞] 宏達電6月營收14.6億月增94%,7
2019/7/06,Re: [請益] 股市贏家跟輸家最大差異在哪裡?,3
2019/7/06,[新聞] 聯合再生能源上半年營收達百億，年增86.7,5
2019/7/06,Re: [請益] 股市贏家跟輸家最大差異在哪裡?,2
2019/7/06,Re: [請益] 股市贏家跟輸家最大差異在哪裡?,3
2019/7/06,Re: [請益] 股市贏家跟輸家最大差異在哪裡?,9
2019/7/06,[新聞] 就業報告意外大好！川普重申Fed 降息 經,24
2019/7/06,[新聞] 美中安排會晤 白宮顧問重申貿易談判底線,0
2019/7/06,Re: [請益] 股市贏家跟輸家最大差異在哪裡?,14
2019/7/06,Re: [請益] 股市贏家跟輸家最大差異在哪裡?,15
2019/7/06,Re: [請益] 股市贏家跟輸家最大差異在哪裡?,1
2019/7/06,[新聞] 《熱門族群》波若威亮燈，光通訊股閃耀,8
2019/7/06,[公告] Geeek rc0801 orange543 qw5526259警告一次,0
2019/7/06,Re: [請益] 股市贏家跟輸家最大差異在哪裡?,1
2019/7/06,[公告] kuoXXX truthloser88 水桶一週,0
2019/7/06,Re: [請益] 股市贏家跟輸家最大差異在哪裡?,8
2019/7/06,[新聞] 公債次級市場 爆另類罷工,11
2019/7/06,[請益] 股市贏家跟輸家最大差異在哪裡?,53
2019/7/06,[請益] 買/賣股票的掛單,5
2019/7/06,[心得] 部位管理,14
2019/7/06,[請益］請問 台企銀 稅前、稅後問題,3
2019/7/06,[新聞] 鴻海6月和第2季營收創同期高 第3季為旺季,31
2019/7/06,Re: [標的] 2408 南亞科,9
2019/7/06,Re: [標的] 1722台肥 多,4
2019/7/06,[新聞] 高僑2019年6月合併營收2.83億元 年增292%,17
2019/7/06,Re: [標的] 8462 柏文 多,4
2019/7/06,[標的]群創買7.53...2xx張有救嗎?,26
2019/7/06,[新聞] 兩大關鍵時間.融券暴增 放空長榮航 藏鏡,5
2019/7/06,[請益] 2867三商人壽,6
2019/7/06,[新聞] 主力不好當…本周買大立光 兩天賠千萬,12
2019/7/06,[新聞] 0206大屠殺未結案 受害者長期包圍證期局,15
2019/7/06,[新聞] 財務操作貢獻兆豐金前6月獲利回溫 每股EP,2
2019/7/05,[請益] 富邦VIX會倒多少人Part6,42
2019/7/05,[請益] 銀行不是很好賺嗎？純銀行的個股怎表現不,18
2019/7/05,[新聞] 韓專家：日本制裁對韓國影響不大 有助於,11
2019/7/05,Re: [新聞] 降息希望淡化？美國6月就業人數大增22.4,6
2019/7/05,[標的] 鴻海買在137元還有救嗎?,62
2019/7/05,[新聞] 穩經濟！中國再撒錢砸基建,6
2019/7/05,[新聞] 勞團將呼籲政府撤回長榮所有持股,11
2019/7/05,[其他] 108年07月05日信用交易統計,20
2019/7/05,[新聞] 降息希望淡化？美國6月就業人數大增22.4,28
2019/7/05,[心得] 進入股市一年半心得,58
2019/7/05,Re: [新聞] 標普下修台灣GDP預計至2％ 並列四小龍尾,7
2019/7/05,[新聞] 貿易戰壞事 韓GDP下修至7年新低,12
2019/7/05,[請益] 營收變少，EPS卻增加？,17
2019/7/05,[新聞] 宏達電中階新機助攻 6月營收月增逾93%,27
2019/7/05,[標的] 2408 南亞科,20
2019/7/05,[新聞] 銀行存款及資產遭扣押 威盛：業務無重大,5
2019/7/05,[新聞] 尾盤買單敲進台積電 台股終場翻紅,13
2019/7/05,[其他] 台新金6月自結,30
2019/7/05,[新聞] 太空網路賽 提前開打,13
2019/7/05,[新聞] 日本限制令衝擊，傳三星晶圓代工憂慮難,74
2019/7/05,[其他] 福衛七號衛星發射成功 台灣搶衛星零組件,6
2019/7/05,[新聞] 林佳龍怒了！祭這招要長榮儘快處理罷工,3
2019/7/05,[標的] 3008大立光 多,28
2019/7/05,[新聞] 大立光6月營收40.76億元 月減19%,27
2019/7/05,[新聞] 《業績-金融》兆豐金H1每股賺1.13元,22
2019/7/05,[其他] 108年07月05日 三大法人買賣金額統計表,24
2019/7/05,[標的] 加權指數 多 中繼加碼點浮現,21
2019/7/05,[閒聊] 2019/07/05 盤後閒聊,29
2019/7/05,[新聞] 熱門股－柏文 業績加持股價創高,18
2019/7/05,[心得] 你的持股跟他的20ma -EP2,5
2019/7/05,[請益] 7/3期貨多單是否被強制砍倉？,20
2019/7/05,[新聞] 標普下修台灣GDP預計至2％ 並列四小龍尾,37
2019/7/05,[其他] 東帝汶建立廢棄塑料循環經濟,7
2019/7/05,[標的] 01003T 兆豐新光R1,10
2019/7/05,[新聞] 華為NB是否復活2週內分曉　供應鏈樂觀,11
2019/7/05,[閒聊] 2019/07/05 盤中閒聊,99
2019/7/05,[新聞] 閎康增3.8% 今日除息,8
2019/7/05,Re: [新聞] 全球股市大漲下的隱憂 漲勢僅由77家公司,18
2019/7/05,Re: [標的] 非擔任主管職務之全時員工薪資,5
2019/7/05,[標的] 非擔任主管職務之全時員工薪資,38
2019/7/05,[新聞] 傳奇、鈊象6月營收攀峰,1
2019/7/04,[新聞] 全球股市大漲下的隱憂 漲勢僅由77家公司,8
2019/7/04,[新聞] 《美國經濟》初領失業救濟金22.1萬人優於,8
2019/7/04,[新聞]慧洋上半年稅前盈餘翻倍,24
2019/7/04,[標的] 3105 穩懋,38
2019/7/04,[新聞] 虧大了！潤寅案13家債權銀行估有一半的,29
2019/7/04,[新聞] CNN揭貿易戰4大贏家 台灣對美出口增23%,14
2019/7/04,[標的] 華航 多,4
2019/7/04,[新聞] 羽田等全國7機場 外籍人士出境將啟用「臉,16
2019/7/04,[新聞] 韓財長痛斥日經濟報復 揚言採取措施回擊,36
2019/7/04,[新聞] 原相6月營收4.88億元年減3.75% 1—6月達23.36億元,17
2019/7/04,[其他] 108年07月04日信用交易統計,20
2019/7/04,[新聞] HP/Dell傳最高三成筆電產能遷出中國或移,5
2019/7/04,[標的] 2 376技嘉 多,29
2019/7/04,[請益] 值得推薦的美股交易平台?,24
2019/7/04,[新聞] 至今耐用！ 外媒稱讚 HTC 老旗艦手機,49
2019/7/04,[請益] 請問有哪個網站可以設自選股看營收?,34
2019/7/04,Re: [新聞] 川普未再追殺，中國的經濟警報解除了嗎？,9
2019/7/04,[新聞] 高溫商機！鮮活6月營收再創高 年增11.6%,10
2019/7/04,[標的] 3444利機,6
2019/7/04,[標的] 閎康 3587,3
2019/7/04,[新聞] 伊朗自爆濃縮鈾存量超標　恐製成核子彈,13
2019/7/04,[標的] 台開(台灣土地),8
2019/7/04,[新聞] 川普未再追殺，中國的經濟警報解除了嗎？,26
2019/7/04,[新聞] 聯發科、高通搶人大戰開打　薪資待遇傲視,6
2019/7/04,"Re: [新聞] 1,500家企業薪資全公開！誰給最低？誰最",17
2019/7/04,[其他] 108年07月04日 三大法人買賣金額統計表,43
2019/7/04,[標的] 鈊象 3293,5
2019/7/04,Re: [其他] ETF 0050與00692的比較,16
2019/7/04,[閒聊] 2019/07/04 盤後閒聊,22
2019/7/04,[新聞] 美中重啟談判 華爾街日報：中方佔盡優勢,26
2019/7/04,Re: [標的] 4958 臻鼎-ky 多,1
2019/7/04,"[新聞] 1,500家企業薪資全公開！誰給最低？誰最",50
2019/7/04,[新聞] 富達強積金報告：上半年MPF美股表現最佳,0
2019/7/04,[其他] ETF 0050與00692的比較,44
2019/7/04,[新聞] 外資縮手、成交量低迷！陸股短期見高點?,7
2019/7/04,Re: [新聞] 大摩力挺台積電，認為 NVIDIA 7 奈米繪,73
2019/7/04,[標的] 2493揚博 多多,4
2019/7/04,[新聞] 大宇資、鈊象 認購帶勁,6
2019/7/04,[標的] 光阻劑廠 長興 永光,14
2019/7/04,[新聞] 華航小金雞 台灣虎航認購價41元,40
2019/7/04,[標的] 5483 中美晶 多,13
2019/7/04,[新聞] 大小摩：輝達7奈米訂單 台積電穩拿,7
2019/7/04,[新聞] 人民幣續貶 陸人買黃金 官網煽動黨員炒股,8
2019/7/04,[請益] 華爾街見聞的替代品,14
2019/7/04,[閒聊] 2019/07/04 盤中閒聊,-10
2019/7/04,[新聞] NVIDIA從台積電轉單三星　三方各有盤算,7
2019/7/04,[其他] 中國大陸氫能及燃料電池佔比2050年達10%,6
2019/7/04,[新聞] 大摩力挺台積電，認為 NVIDIA 7 奈米繪,21
2019/7/04,[公告] twolight gaoyu5247 prelight glorycity,0
2019/7/04,[新聞] 2019年富邦采吉50、治理100第一次配息,20
2019/7/03,[標的] 3293 鈊象 多,8
2019/7/03,[新聞] 風電8月出貨，世紀鋼今年營收看重回20億,20
2019/7/03,[新聞] 受華為牽連 分析師：三星Q2獲利可能腰斬,2
2019/7/03,[標的] 4987科誠,10
2019/7/03,[新聞] 《觀光股》六角強攻日本珍奶熱，日出茶太,16
2019/7/03,Re: [標的] 富邦vix 00677U 多,22
2019/7/03,Re: [標的] 佳龍9955 短線已漲100%準備空單,2
2019/7/03,[新聞] 美國政府官員說將華為列為黑名單,39
2019/7/03,[其他] 108年07月03日信用交易統計,20
2019/7/03,Re: [新聞] 美國商務部宣佈 對台、韓部分鋼材祭456％,7
2019/7/03,[新聞] 台灣高鐵扮領頭羊 國車國造在邁里程碑,12
2019/7/03,[新聞] 美對台經越南轉口鋼材課456％重稅 將衝,8
2019/7/03,[新聞] 獨／知情人士曝新光金吳欣盈揮棒計劃,45
2019/7/03,Re: [新聞] 台指期開盤秒跌逾500點 疑程式單失誤遭獵,24
2019/7/03,[新聞] 穩懋6月營收17.76億 衝上18個月新高,24
2019/7/03,[請益] 問2330台積電的問題,16
2019/7/03,[新聞] 上緯與MHI Vestas簽約,7
2019/7/03,[標的] 5203 訊連,18
2019/7/03,[其他] 逐筆交易集點送速食餐券,4
2019/7/03,[其他] 南韓或台灣製造運到越南”洗產地”加工,6
2019/7/03,[新聞] 韓國擬每年投1萬億韓元研發半導體材料,14
2019/7/03,[新聞] 4大招防「洗產地」 經濟部祭300萬重罰,22
2019/7/03,Re: [新聞] 美國商務部宣佈 對台、韓部分鋼材祭456％,17
2019/7/03,[請益] 自營商買賣資訊,1
2019/7/03,[新聞] 三星奧步搶台積電單　業界憂5奈米也砍價,68
2019/7/03,Re: [標的] 00632r 元大台灣五十反,1
2019/7/03,[其他] 108年07月03日 三大法人買賣金額統計表,51
2019/7/03,Re: [新聞] 台指期開盤秒跌逾500點 疑程式單失誤遭獵,15
2019/7/03,[新聞] 美國商務部宣佈 對台、韓部分鋼材祭456％,57
2019/7/03,[心得] 科技島鏈的一段話,12
2019/7/03,[閒聊]  2019/07/03 盤後閒聊,24
2019/7/03,Re: [標的] 靠股利支付房租錢這個想法可行嗎,9
2019/7/03,Re: [新聞] 台指期開盤秒跌逾500點 疑程式單失誤遭獵,19
2019/7/03,[心得] 狂飆美股年中回顧 +76.6% 創紀錄的半年,20
2019/7/03,[新聞] 桃猿傳出轉賣新光　下午記者會說分,62
2019/7/03,Re: [標的] 靠股利支付房租錢這個想法可行嗎,12
2019/7/03,[新聞] 台指期開盤秒跌逾500點 疑程式單失誤遭獵,17
2019/7/03,[新聞] 瑞儀(6176)背光模組出貨目標1.25億片,8
2019/7/03,Re: [新聞] 台積電、聯發科等逾50家大廠力拱　AI晶片,13
2019/7/03,Re: [標的] 靠股利支付房租錢這個想法可行嗎,9
2019/7/03,[新聞] 麥肯錫警告：數位金融恐重創亞洲銀行業,8
2019/7/03,[標的] 靠股利支付房租錢這個想法可行嗎,51
2019/7/03,[閒聊] 2019/07/03 盤中閒聊,100
2019/7/03,[新聞] 踩雷潤寅12.35億元，台企銀分2季提呆,15
2019/7/03,[新聞] 潤寅 疑詐貸13銀行近80億,16
2019/7/03,[新聞] 台積電、聯發科等逾50家大廠力拱　AI晶片,8
2019/7/03,[新聞] 7奈米肥單真的沒了 台積電激戰三星敗走,74
2019/7/03,[其他] 紫光籌組DRAM事業群 拚自主研發,2
2019/7/03,Fw: [情報] Tesla Q2 的交車量大幅超出各界預期,20
2019/7/03,[標的] 台指期 多,12
2019/7/03,[標的] 3105 穩懋 多,0
2019/7/02,Fw: [新聞] 日本對韓半導體輸出規制  4日發動,31
2019/7/02,Re: [標的] 富邦vix 00677U 多,19
2019/7/02,[新聞] 川習會後 中方或從美國進口四大類農產品,5
2019/7/02,[標的] 3105 穩懋 空,31
2019/7/02,[請益] 3711日月光投控,9
2019/7/02,[新聞] 《債務風險》巨型國企天津物產疑債務爆煲,2
2019/7/02,3673 TPK-KY 多,4
2019/7/02,[標的] 興農、互盛電  長多！,6
2019/7/02,[其他] 108年07月02日信用交易統計,25
2019/7/02,[新聞] 台灣顧客滿意度調查，納智捷奪下榜首,16
2019/7/02,[其他] 7/2 台灣集中市場外資買賣超前30名,5
2019/7/02,[新聞] 新鉅科 現增價82.8元 籌資20.7億,4
2019/7/02,[其他] 7/2 台灣店頭市場三大法人買賣超前20名,0
2019/7/02,[新聞] 13家受害銀行名單曝光 金管會證實詐貸79.,92
2019/7/02,[新聞] 2834臺企銀108年6月份自結合併盈餘,28
2019/7/02,[新聞] 週刊爆老牌貿易商詐貸66億 13家銀行中槍,15
2019/7/02,[新聞] 盈餘：王道銀行(2897)自結1-6月合併稅前,41
2019/7/02,[標的] 6456Gis-Ky,15
2019/7/02,[標的] 6111 大宇資 多,16
2019/7/02,[標的] 富強鑫 6603,3
2019/7/02,[新聞] 日韓也要貿易戰？ 韓外長嗆反制日經濟制,71
2019/7/02,Re: [新聞] 進軍全球三十載 珍珠奶茶成「台灣發大財,0
2019/7/02,[新聞] 潤寅詐貸案　台企銀損失金額為12.35億元,74
2019/7/02,[其他] 108年07月02日 三大法人買賣金額統計表,38
2019/7/02,[標的] 3227 原相 短空,1
2019/7/02,[新聞] 日本加強管制原料出口南韓 台記憶體廠有,36
2019/7/02,[標的] 2633 高鐵,30
2019/7/02,[閒聊] 2019/07/02 盤後閒聊,12
2019/7/02,Re: [新聞] 【銀行真好騙1】13家銀行中招,26
2019/7/02,[新聞] 益通光能續虧損 公司通報大量解僱計畫,6
2019/7/02,Re: [新聞] 【銀行真好騙1】13家銀行中招,36
2019/7/02,[請益] 個資未審核 營業員通知限制賣出？,15
2019/7/02,[標的] 瑞儀 6176 多,9
2019/7/02,"[新聞] TrendForce,友達,群創",6
2019/7/02,[標的] 01810小米集團(筍,0
2019/7/02,[新聞] 微軟正重新定位PC的角色,6
2019/7/02,[標的] 6558 興能高 多,9
2019/7/02,Re: [請益] 操作手法是否被甩下車？,57
2019/7/02,[新聞] 【銀行真好騙1】13家銀行中招,95
2019/7/02,[新聞] 《2903》百貨暑假旺，遠百領頭向前衝,15
2019/7/02,[其他] 長榮勞資協商開始,1
2019/7/02,[閒聊] 2019/07/02 盤中閒聊,100
2019/7/02,[新聞] 台積電財務長兼發言人何麗梅轉歐亞區業務,34
2019/7/02,[新聞] 美政府為空巴補貼爭議 擬對40億美元歐盟,14
2019/7/01,[公告] tipsofwarren 水桶一週,0
2019/7/01,[公告] foxconn1080 pshuang darkstar07 警告一次,0
2019/7/01,[公告] davidwu10001 goodpoint strekm 警告一次,0
2019/7/01,[新聞] 鴻海除息日揭曉！郭台銘配息進帳53.5億,-10
2019/7/01,[標的] 美吉吉-KY (8466),0
2019/7/01,[標的] 5434崇越,5
2019/7/01,[其他] 108年07月01日信用交易統計,47
2019/7/01,[標的] 2385 群光 多 (全聯集點概念股),4
2019/7/01,[Live] 郭董正在談對鴻海跟投資大環境的看法,16
2019/7/01,[請益] 這算川普全面認輸嗎,64
2019/7/01,Re: [標的] 佳龍9955 短線已漲100%準備空單,9
2019/7/01,[標的] 台塑 空,6
2019/7/01,[新聞] 阿瘦用一套數位體驗之旅，逆轉 65 年首虧損,4
2019/7/01,[新聞] 太空概念股 想像空間大,15
2019/7/01,[標的] 3049 和鑫,12
2019/7/01,[請益] 拼湊整股登記?,5
2019/7/01,Re: [請益] 聯詠3034 哪個價賣出較好 ?,6
2019/7/01,[新聞] 〈中壽法說會〉去年EV唯一逆勢成長 淨值,20
2019/7/01,[新聞] 禁售令解除！華為概念股揚眉吐氣 台股漲1,8
2019/7/01,Re: [其他] 108年07月01日 三大法人買賣金額統計表,35
2019/7/01,Re: [標的] 上銀2049,0
2019/7/01,Re: [請益] 聯詠3034 哪個價賣出較好 ?,24
2019/7/01,Re: [請益] 操作手法是否被甩下車？,5
2019/7/01,[其他] 108年07月01日 三大法人買賣金額統計表,57
2019/7/01,[請益] 操作手法是否被甩下車？,9
2019/7/01,[閒聊] 2019/07/01 盤後閒聊,20
2019/7/01,Re: [標的] 2330 台積電 多,10
2019/7/01,Re: [標的] 多 全台 3038,10
2019/7/01,[新聞] 隨著Johy Ive年底離開蘋果，正式宣告蘋果,4
2019/7/01,[標的] 卜蜂 多,39
2019/7/01,[標的] 3535晶彩科 空,5
2019/7/01,[新聞] 亞泥(1102)大陸市場樂觀,4
2019/7/01,Re: [標的] 4958 臻鼎-ky 多,10
2019/7/01,[標的] 3266昇陽建設,13
2019/7/01,Re: [其他] G20以後的股市看法？,8
2019/7/01,[新聞] 金融除息大秀 國泰打頭陣,15
2019/7/01,[新聞] 為何長榮越踩越硬？王浩宇揭驚人真相,0
2019/7/01,[標的] 1783和康生,23
2019/7/01,Re: [標的] 佳龍9955多準備複製9958去年飆漲勢,16
2019/7/01,Re: [其他] G20以後的股市看法？,11
2019/7/01,[請益] 法人大賣 股價不跌的原因？,3
2019/7/01,Re: [標的] 2449京元電,19
2019/7/01,[閒聊] 2019/07/01 盤中閒聊,100
2019/7/01,[新聞] 5G手機售價明年降8成？　零組件業者仍有,8
2019/7/01,"[新聞] 日本考慮限制對南韓出口半導體,OLED 材料",21
2019/7/01,Re: [新聞] 儲蓄保單不下架　富邦人壽要降宣告利,22
2019/7/01,Re: [新聞] 進軍全球三十載 珍珠奶茶成「台灣發大財,9
2019/7/01,Re: [新聞] 川普：將准許華為向美國供應商採購設備,24
2019/6/30,Re: [新聞] 進軍全球三十載 珍珠奶茶成「台灣發大財,19
2019/6/30,[心得] 2019年上半年對帳單分享,29
2019/6/30,[新聞] 《百貨股》大數據助陣，阿瘦攻足健康商機,7
2019/6/30,[標的] 3630 新鉅科,19
2019/6/30,[新聞] 看好美中談和？傳蘋果新Mac Pro移往中國,10
2019/6/30,[新聞]上緯延長風電股權處分期限 仍看好風電未來,22
2019/6/30,[標的] 本週股票多空表,9
2019/6/30,[新聞] 進軍全球三十載 珍珠奶茶成「台灣發大財,41
2019/6/30,Re: [心得] 再簡單說一下比特幣,0
2019/6/30,Re: [標的] 富邦vix 00677U 多,25
2019/6/30,Re: [心得] 再簡單說一下比特幣,6
2019/6/30,[新聞] 世界先進董事長方略 收購操盤手就要快狠準,6
2019/6/30,[心得] 菸酒生比特幣報告,3
2019/6/30,Re: [新聞] 川普：將准許華為向美國供應商採購設備,8
2019/6/30,[心得] 2019上半年損益+下半年展望,82
2019/6/30,[新聞] 華為解禁 台供應鏈嗨 川普讓步意外利多 台積大立光看漲,41
2019/6/30,[新聞] 敲定！川普今在板門店會金正恩,37
2019/6/30,Re: [新聞] 川普：將准許華為向美國供應商採購設備,11
2019/6/30,[請益] G20 川習會後的可能台灣輸家,14
2019/6/30,[公告] lovewenhui homura456 joseph841020水桶,0
2019/6/30,[公告] OoShiunoO roxiang 水桶刪文,0
2019/6/30,[公告] DareJ kenbbc12321 raymondhsu moonth66,0
2019/6/30,Re: [新聞] 川普：將准許華為向美國供應商採購設備,34
2019/6/30,Re: [新聞] 川普：將准許華為向美國供應商採購設備,16
2019/6/30,Re: [標的] 到現在多軍只有我套牢？持股請益,31
2019/6/30,[心得] 騙子再離譜果然還是有人願意相信,94
2019/6/30,Re: [心得] 再簡單說一下比特幣,1
2019/6/29,Re: [新聞] 川普：將准許華為向美國供應商採購設備,31
2019/6/29,Re: [標的] 富邦vix 00677U 多,29
2019/6/29,[新聞] 上市公司非主管員工均薪 聯發科270萬居冠,11
2019/6/29,Re: [心得] 再簡單說一下比特幣,12
2019/6/29,[標的] 佳龍9955 短線已漲100%準備空單,21
2019/6/29,[請益] EPS相關資訊,1
2019/6/29,[心得] 再簡單說一下比特幣,43
2019/6/29,Re: [新聞] 郭台銘：美中貿易戰將在G20前後畫下休止,50
2019/6/29,[標的] 富邦vix 00677U 多,21
2019/6/29,[新聞] 長榮航為何不退？關鍵密碼藏在華航財報,30
2019/6/29,[心得] 簡單科普一下黃金在現代社會的定位,7
2019/6/29,Re: [新聞] 川普：將准許華為向美國供應商採購設備,11
2019/6/29,Re: [新聞] 長榮空服投票揭曉：同意停止罷工,4
2019/6/29,[新聞] 長榮空服投票揭曉：同意停止罷工,27
2019/6/29,Re: [新聞] 習近平G20公佈的5大措施,0
2019/6/29,[新聞] 頂新受大統長基混油波及案！3主管改判無7,10
2019/6/29,Re: [標的] 1210大成  1215卜蜂,12
2019/6/29,Re: [Live] 大阪G20峰會 川普舉行會後記者會,15
2019/6/29,[新聞] 台中銀 衝股東權益報酬,17
2019/6/29,[標的] 1210大成  1215卜蜂,28
2019/6/29,[新聞] 川普會登場…習：合則立鬥則傷 川：期待,12
2019/6/29,[其他] 美國商務部對臺灣鐵釘進行反傾銷調查,9
2019/6/29,[Live] 大阪G20峰會 川普舉行會後記者會,64
2019/6/29,[新聞] 川習會落幕　川普停止加徵新關稅、雙方괭,9
2019/6/29,[新聞] 比陸更會占便宜！川普關稅大刀已指向這國,18
2019/6/29,Re: [新聞] 美方表示不再對中國出口產品加徵新的關稅,13
2019/6/29,[新聞] 美方表示不再對中國出口產品加徵新的關稅,100
2019/6/29,[標的] 6176 瑞儀 多,2
2019/6/29,Re: [請益] 請問營業員到底賺多少,27
2019/6/29,[請益] 走馬看花以及越做越短的困擾,9
2019/6/29,Re: [新聞] 中國繼續進口伊朗原油 不顧美國禁令！,3
2019/6/29,Re: [請益] 今年有沒有可能是最接近12682的一年,2
2019/6/29,[公告] tsukimiyu crooked amaranth5566 a176893,0
2019/6/29,[公告] cloud1030 skycfa0912 kl015013 evaal水,0
2019/6/29,[公告] durdurmo Chilloutt mecca steward135水,0
2019/6/29,[標的] 2316 楠梓電 多,70
2019/6/29,[新聞] 台灣專利王！台積電全球專利數逾3.4萬件,0
2019/6/29,[新聞] 興櫃初登場 亞洲藏壽司直攻百元關卡,55
2019/6/29,Re: [新聞] 習近平G20公佈的5大措施,21
2019/6/28,Re: [新聞] 習近平G20公佈的5大措施,4
2019/6/28,[其他] 可轉債與每季發現金股利相關事宜調整,3
2019/6/28,[其他] 108年06月28日信用交易統計,31
2019/6/28,Re: [請益] 除權息就是不合理吧，錢都給政府就好了,15
2019/6/28,[新聞] 空姐要回家了？長榮航平均薪資打敗中華電,18
2019/6/28,[新聞] 福衛七號升空 點亮台灣的太空產業供應鏈,9
2019/6/28,Re: [標的] 3630 新鉅科 多,13
2019/6/28,Re: [新聞] 習近平G20公佈的5大措施,26
2019/6/28,Re: [新聞] 習近平G20公佈的5大措施,9
2019/6/28,[新聞] 臉書幣計畫分析：徹底改變你對支付的想像,5
2019/6/28,[請益] 股利的二代健保,9
2019/6/28,[新聞] 徐旭東為股價抱屈 「每股合理淨值超過55,29
2019/6/28,[新聞] 〈遠東新股東會〉徐旭東為股價抱屈 「每股合理淨值超過55元,10
2019/6/28,Re: [新聞] 習近平G20公佈的5大措施,15
2019/6/28,Re: [新聞] 習近平G20公佈的5大措施,15
2019/6/28,[新聞] 《盤後解析》貿易戰中挺住，台股H1漲逾千,9
2019/6/28,[其他] 108年06月28日 三大法人買賣金額統計表,41
2019/6/28,Re: [新聞] 習近平G20公佈的5大措施,13
2019/6/28,Re: [新聞] 習近平G20公佈的5大措施,11
2019/6/28,Re: [新聞] 習近平G20公佈的5大措施,2
2019/6/28,[心得] 生涯報酬率(滿四年),46
2019/6/28,[新聞] 習近平G20公佈的5大措施,50
2019/6/28,[閒聊] 2019/06/28 盤後閒聊,14
2019/6/28,Re: [請益] 股票的基本觀念,0
2019/6/28,[心得] 市值、淨值與除權息,45
2019/6/28,[新聞] 人民銀行：貨幣政策要鬆緊適度,5
2019/6/28,Re: [請益] 股票的基本觀念,0
2019/6/28,[標的] 2449京元電,27
2019/6/28,[新聞] 長榮航啟示錄 投資航空業…不如定存,64
2019/6/28,Re: [標的] 力山（1515）,93
2019/6/28,[標的] 6589台康生技,71
2019/6/28,Re: [新聞] WSJ：習近平開出貿易休戰先決條件 – 解h,91
2019/6/28,[新聞] 高通強化在台5G布局 測試夥伴京元電(2449,6
2019/6/28,Re: [請益] 股票的基本觀念,0
2019/6/28,[心得] 加權報酬率指數5.3日早已創新高超越去年,4
2019/6/28,Re: [請益] 除權息就是不合理吧，錢都給政府就好了,13
2019/6/28,Re: [新聞] WSJ：習近平開出貿易休戰先決條件 – 解h,6
2019/6/28,[閒聊] 2019/06/28 盤中閒聊,87
2019/6/28,[新聞] 三星5G手機晶片爭取陸廠採用　Oppo、Vivo,1
2019/6/28,[請益] 交互持股的會計處理,4
2019/6/28,Re: [標的] 仁寶-多,11
2019/6/28,[新聞] WSJ：習近平開出貿易休戰先決條件 – 解h,34
2019/6/28,[新聞] 華為最新晶片麒麟 810 完勝高通驍龍，背,0
2019/6/28,Re: [請益] 股票的基本觀念,0
2019/6/28,Re: [新聞] 日商收購 安馳啟動查證,0
2019/6/28,Re: [請益] 股票的基本觀念,2
2019/6/28,Re: [請益] 股票的基本觀念,1
2019/6/28,Re: [請益] 股票的基本觀念,5
2019/6/28,[請益] 股票不是零和 那賺的錢哪裡來?,0
2019/6/28,Re: [請益] 股票的基本觀念,1
2019/6/28,Re: [請益] 股票的基本觀念,24
2019/6/28,Re: [請益] 股票的基本觀念,3
2019/6/28,[新聞] 波音737Max新的潛在風險 需解決才能復飛,4
2019/6/28,Re: [請益] 股票的基本觀念,1
2019/6/27,Re: [請益] 股票的基本觀念,8
2019/6/27,[請益] 股票的基本觀念,44
2019/6/27,[新聞] 沙特王儲訪韓承諾進行83億美元規模經濟合,9
2019/6/27,[標的] 燿華 2367 多,54
2019/6/27,[其他] 6/27 台灣集中市場外資買賣超前30名,10
2019/6/27,[請益] 股票除息,16
2019/6/27,Re: [心得] 新台幣貶值的利弊,6
2019/6/27,Re: [標的] 和碩 多,10
2019/6/27,[其他] 108年06月27日信用交易統計,46
2019/6/27,[新聞] 金融業公平待客評比出爐 7銀行、6證券及,9
2019/6/27,[新聞] 川普B計劃：對中國剩余商品再加10％關稅 大家絕對能負擔！,43
2019/6/27,[標的] 台指期近月(空),18
2019/6/27,Re: [請益] 這盤該怎麼跌?,7
2019/6/27,[新聞] 蔡英文推綠能有成 台灣將增兆元投資,-10
2019/6/27,[其他] 台股早期資料（5）,7
2019/6/27,[請益]請問下單軟體會有這種功能嗎?,7
2019/6/27,[其他] 請問選股有沒有什麼工具呢？,40
2019/6/27,[其他] 108年06月27日 三大法人買賣金額統計表,74
2019/6/27,[新聞] 壽險股發威 金融指數創21年新高,28
2019/6/27,Fw: [新聞]高通竹科測試中心今動土 兌現與公平會和解,15
2019/6/27,[閒聊] 2019/06/27 盤後閒聊,28
2019/6/27,[新聞] 挖礦概念股強勁 技嘉一度大漲8% 微星也創,16
2019/6/27,[新聞] 貿易戰下個目標！川普嗆越南「不比中國好,53
2019/6/27,[新聞] 京元電第3季業績可望續創新高 5G晶片測,9
2019/6/27,[請益] 興櫃手續費折扣數高的卷商？,0
2019/6/27,Re: [標的] 9943好樂迪 壓寶多,50
2019/6/27,[閒聊] 2019/06/27 盤中閒聊,100
2019/6/27,[新聞] 聯發科發佈智慧手機晶片Helio P65，搶攻,5
2019/6/27,[標的] 台指期 多,10
2019/6/27,[新聞] 蔣尚義轉任武漢弘芯CEO 再催生中國半導體,18
2019/6/27,[請益] 除權息前的股票配置,66
2019/6/27,[標的] 6218 豪勉 多,9
2019/6/26,[公告] komica tooth9 mayingnine警告及水桶,0
2019/6/26,[請益] 股利超過多少要課稅?,31
2019/6/26,[公告] press play相關討論串刪除,0
2019/6/26,[標的] 2330 台積電 空空空,84
2019/6/26,[標的] 3705 永信,16
2019/6/26,Re: [請益] 成交量少的公司值得買嗎?,2
2019/6/26,[標的] 佳龍9955多準備複製9958去年飆漲勢,13
2019/6/26,[新聞] 包商事件打破銀行融資信仰 中國「城投債,1
2019/6/26,[新聞] 藍鵲教練機起落架系統已交貨,5
2019/6/26,[請益] 成交量少的公司值得買嗎?,36
2019/6/26,[其他] 108年06月26日信用交易統計,12
2019/6/26,[其他] 6/26 台灣集中市場外資買賣超前30名,4
2019/6/26,[其他] 6/26 台灣店頭市場三大法人買賣超前20名,1
2019/6/26,Re: [標的] 1232大統益是在漲什麼東西？,0
2019/6/26,Re: [標的] 到現在多軍只有我套牢？持股請益,53
2019/6/26,Re: [請益]請問有人定存股為台積電的嗎,1
2019/6/26,[新聞] 股東會掌聲如雷 嚴陳莉蓮布下3棋局讓裕,7
2019/6/26,[新聞] 繞過華為禁令！不只美光、傳高通/Intel均恢復部份供貨,16
2019/6/26,Re: [請益]請問有人定存股為台積電的嗎,22
2019/6/26,[新聞] 蔣尚義赴武漢弘芯任CEO　希望與台積電是,18
2019/6/26,[心得] 2618 長榮航 股權分散變化,18
2019/6/26,[新聞] 股東會：卜蜂(1215)通過每股配息3元，AI,30
2019/6/26,[新聞] 美財長：美中貿易協議已完成90%,82
2019/6/26,Re: [請益]請問有人定存股為台積電的嗎,14
2019/6/26,[新聞] 長榮陷罷工 華航：我們勞資很融洽,20
2019/6/26,[請益] 除權之後會有零股 大家怎麼處理?,24
2019/6/26,Re: [標的] 力山（1515）,0
2019/6/26,[其他] 108年06月26日 三大法人買賣金額統計表,49
2019/6/26,Re: [標的] AMD超微 Intel英特爾 MU美光,10
2019/6/26,[請益] 請問比特幣即時報價...,30
2019/6/26,[閒聊] 2019/06/26盤後閒聊,16
2019/6/26,[新聞] 首度突破100層　SK海力士宣布128層NAND,8
2019/6/26,[標的] 加權指數 多,30
2019/6/26,[新聞] 大同行使歸入權 要違法陸資吐出全部獲利,0
2019/6/26,[新聞] 味全股漲 重返滅頂前水準,31
2019/6/26,[新聞] 貼鴻海股價走勢狠打臉！汪浩嗆郭台銘：你.,23
2019/6/26,[標的] 2903遠百最近在飆什麼?,39
2019/6/26,[新聞] 金價創近六年新高 台銀黃金存摺續爆回售,17
2019/6/26,[其他] 台股早期資料（4）,5
2019/6/26,[新聞] AI新創公司Habana Labs挑戰英偉達訓練晶,0
2019/6/26,[新聞] 玉晶光決配息3.5元，Q2獲利向上,18
2019/6/26,[標的] 3481 群創,33
2019/6/26,[新聞] 金融戰開打？美媒:浦發銀行或因違禁被拒,2
2019/6/26,[新聞] 〈財報〉美光Q3財報打敗預期 重啟向華為,5
2019/6/26,[閒聊]2019/06/26 盤中閒聊,100
2019/6/26,[新聞] 矽晶圓訂單縮、現貨價崩　半導體產業下半,20
2019/6/26,[公告] Arjuju99 moomoo91426 Chrkamp gyman7788,0
2019/6/26,[公告] danie10424 hillgill Baumgartner水桶,0
2019/6/26,[公告] a11780922 STAV72 gemini2010水桶,0
2019/6/26,[公告] EririSawamur Fleee yoyohkhk水桶及警告,0
2019/6/26,[新聞] 矽晶圓現貨 跌價壓力大了,22
2019/6/26,[心得] 從股版最近發文數量得知,15
2019/6/25,[標的] 4174 浩鼎,0
2019/6/25,"[請益]""突破高點買進""or""突破高點拉回不破低買?""",28
2019/6/25,Re: [標的] 5283 禾聯碩 多  (出場提示),5
2019/6/25,[標的] 1201 味全 認錯多,12
2019/6/25,[標的] 1218 泰山 多,7
2019/6/25,[新聞] 建大代重要子公司建大環宇（中國）投資-,0
2019/6/25,[標的] 2385 群光 必勝空,6
2019/6/25,[標的] 9955 賺標借費 最高一天5%,2
2019/6/25,[標的] 群光 外資忘記除權息?,5
2019/6/25,[其他] 108年06月25日信用交易統計,21
2019/6/25,[新聞] 〈三星減LCD產能〉調整產線+下游廠重新備貨 面板價最慢Q,4
2019/6/25,Fw: [問題] 如何管理多個投資帳戶...?,10
2019/6/25,Re: [標的] 3005 神基,4
2019/6/25,[標的] 神盾6462還有救嗎？,5
2019/6/25,Re: [請益] 請問日盛月成交2000手續費折扣可以怎麼談,5
2019/6/25,Re: [標的] 環球晶還有救嗎？,1
2019/6/25,[請益] 請問日盛月成交2000手續費折扣可以怎麼談,13
2019/6/25,[請益] 手機看盤軟體哪一家有90分線？,1
2019/6/25,[其他] 哪家看盤軟體有DMI的ADXR?,1
2019/6/25,[其他] 108年06月25日 三大法人買賣金額統計表,40
2019/6/25,[其他] 6月八大行庫逐日買賣超金額(至6/24),3
2019/6/25,[閒聊] 2019/06/25 盤後閒聊,34
2019/6/25,[其他] 台股早期資料（3）,13
2019/6/25,Re: [心得] 這一波漲勢大家賺多少,49
2019/6/25,Re: [標的] 環球晶還有救嗎？,16
2019/6/25,[標的] 4958 臻鼎-ky 多,7
2019/6/25,Re: [標的] 2014 中鴻 損出@10.5,34
2019/6/25,[標的] 多 全台 3038,9
2019/6/25,[新聞] 家樂福大舉出售中國業務 或全面退出大陸,38
2019/6/25,[標的] 1402 遠東新世紀,15
2019/6/25,[閒聊] 2019/06/25 盤中閒聊,100
2019/6/25,[新聞] 美國管制的“實體名單”增加5家中國超級,7
2019/6/25,[新聞] 比特幣再飆高　台供應鏈不敢輕舉妄動,16
2019/6/25,[新聞] 川普再簽行政命令 最新制裁劍指伊朗最高,10
2019/6/25,[請益] 為何臺指期與台股脫鉤了近150點？,9
2019/6/24,[新聞] 台積電不畏中美貿易戰 今年研發上看千億,16
2019/6/24,[請益] 台灣的EMBA負面教材？,42
2019/6/24,[新聞] 【罷工露曙光】穿梭長榮勞資止血 交部：,30
2019/6/24,[其他] 108年06月24日信用交易統計,19
2019/6/24,Re: [新聞] 長榮空服罷工！股東會50分鐘結束 總經理,49
2019/6/24,[標的] 慧洋-KY 2637,53
2019/6/24,[標的] 大盤 多,8
2019/6/24,[心得] 當沖操作 手續費高低有差別嗎?,62
2019/6/24,[新聞] 台積電除息遭外資自營商反手賣超 填息率,25
2019/6/24,[標的] 「標的」9955佳龍,18
2019/6/24,[新聞] 比特幣一路衝 觸1.1萬美元,41
2019/6/24,[新聞] 台積電秀自研 4 核心晶片，7 奈米製程最高時脈達 4GHz,35
2019/6/24,Re: [新聞] 上緯退出風電市場 股價一度觸及跌停,42
2019/6/24,[其他] 108年06月24日 三大法人買賣金額統計表,45
2019/6/24,[新聞] 再撐1周無口蹄疫 台豬肉可望返國際,37
2019/6/24,[新聞] Q2、Q3手機面板出貨 下滑,11
2019/6/24,[閒聊] 2019/06/24 盤後閒聊,56
2019/6/24,[新聞] 長榮空服罷工！股東會50分鐘結束 總經理,61
2019/6/24,[請益] 偉盟墓園賠償,20
2019/6/24,[新聞] 政院定調：空服員罷工不是不可抗力 長榮,54
2019/6/24,Re: [新聞] 為什麼英特爾量產 10 奈米不久後，台積電就能量產全球首,20
2019/6/24,[新聞] 中美貿易戰升級 三星帶動知名韓企撤離大,8
2019/6/24,[新聞] 【金管會認證】18家公司去年薪資250萬以,9
2019/6/24,[新聞] 抵制罷工出狠招 長榮：要招新空服員,100
2019/6/24,[新聞] 長榮航股東會進行順暢，通過股利0.8元,66
2019/6/24,[其他] 6月八大行庫逐日買賣超金額(至6/21),5
2019/6/24,[閒聊] 2019/06/24 盤中閒聊,78
2019/6/24,[新聞] 為什麼英特爾量產 10 奈米不久後，台積電就能量產全球首個 5,0
2019/6/24,[標的] 2633台灣高鐵,54
2019/6/23,[公告] thinboy543 andrewkey hcwang1126 水桶,0
2019/6/23,[公告] JBourne hbj1941 ruln zalora dreamdds,0
2019/6/23,[標的] 3443 創意,6
2019/6/23,[公告] liddle magicawei beagle2001 Georgemerr,0
2019/6/23,Re: [新聞] 首談華為禁令 孫正義：安謀未終止合作但,3
2019/6/23,Re: [新聞] 川普：周一對伊朗祭重大新制裁,9
2019/6/23,[其他] 台股早期資料（2）,6
2019/6/23,[標的] 大盤,49
2019/6/23,[新聞] 長榮航罷工四天 營收損失近6億,82
2019/6/23,[新聞] 味全本周股東會 台灣與中國營運規模提升,16
2019/6/23,[新聞] 漢翔 勇奪7億元肥單,14
2019/6/23,[新聞] 川普：周一對伊朗祭重大新制裁,49
2019/6/23,[新聞] 全球GDP三分天下,0
2019/6/23,[新聞] 分析師：市場預計未來1年降息4次 聯準會,12
2019/6/23,[新聞] 加密幣重新吸引買盤 創意力旺世芯領漲,14
2019/6/23,[標的] 台積電,45
2019/6/23,Re: [新聞] 蔡佩君示警 越南已無便宜工資了,22
2019/6/23,[新聞] 首談華為禁令 孫正義：安謀未終止合作但,8
2019/6/23,[標的] 本週股票多空表,20
2019/6/23,[新聞] 台鹽攻綠電 將挹注獲利,-10
2019/6/23,Re: [標的] 3691 碩禾,4
2019/6/22,[標的] 3691 碩禾,10
2019/6/22,[公告] Taihochuu aska13 skysucker gm79227922,1
2019/6/22,[公告] OfficeGL deternan msk127 Km612tw 水桶,0
2019/6/22,[公告] hune peggyping 警告一次,0
2019/6/22,Re: [新聞] 反制空服員罷工！長榮確定不發年終,77
2019/6/22,Re: [標的] 6171 亞銳士 多,1
2019/6/22,[新聞] PTT創世神杜奕瑾當選中華電信獨董,19
2019/6/22,Re: [請益]  美股新IPO該怎麼操作獲利?,12
2019/6/22,[其他] (Live) 郭董跟孫正義的世紀對談,10
2019/6/22,Re: [新聞] 反制空服員罷工！長榮確定不發年終,99
2019/6/22,[請益] Yahoo奇摩股市投資組合,10
2019/6/22,[新聞] 遭貿易戰波及！ 台塑河靜鋼廠高爐增設計,19
2019/6/22,[新聞] 央行黃金準備市值突破5200億元,65
2019/6/21,[公告] gotta yuiop0929 square水桶一週,0
2019/6/21,[公告] MatsuiHideki cowardlyman qaz12453水桶,0
2019/6/21,[新聞] 中美貿易戰：中國持美債降至兩年新低，「,4
2019/6/21,[公告] Beef vivian168s jack0216 水桶一週,0
2019/6/21,[公告] zxc0312 tsitned join183club 警告一次,0
2019/6/21,[新聞] 資通信產品獨撐大局，5 月外銷訂單減幅優,3
2019/6/21,[請益] 線上開戶完成後收到營業員的信,5
2019/6/21,[其他] 108年06月21日信用交易統計,26
2019/6/21,[其他] 6/21 台灣集中市場外資買賣超前30名,2
2019/6/21,[其他] 6/21 台灣店頭市場三大法人買賣超前20名,0
2019/6/21,[新聞] 易華電列入警示股，5月每股盈餘0.55元,12
2019/6/21,Re: [新聞] 蔡佩君示警 越南已無便宜工資了,6
2019/6/21,Re: [新聞] 蔡佩君示警 越南已無便宜工資了,0
2019/6/21,[新聞] 奇美實業認賠處分群創 持股比降至4.45％,11
2019/6/21,[新聞] 【裕隆股東會】首次主持股東會　嚴陳莉,8
2019/6/21,[標的] 1455 集盛 多,5
2019/6/21,Re: [新聞] 蔡佩君示警 越南已無便宜工資了,11
2019/6/21,[新聞] 蔡佩君示警 越南已無便宜工資了,23
2019/6/21,[新聞] 中國擬降息提振經濟 人民幣、房產恐雙殺,0
2019/6/21,[新聞] 聯準會暗示將降息 外資示警留意資產泡沫,5
2019/6/21,Re: [心得] 新台幣貶值的利弊,15
2019/6/21,Re: [請益] 最後一盤狂殺6%是啥狀況,15
2019/6/21,[標的] 2106 建大 多,13
2019/6/21,[其他] 108年06月21日 三大法人買賣金額統計表,79
2019/6/21,[請益] 請問1330時的收盤交易,27
2019/6/21,[新聞] 南韓電信商與軍方合作建立反無人機系統,0
2019/6/21,[新聞] 台灣權王－買盤加持 奇鋐台光電權證威風,0
2019/6/21,[標的] 5305敦南科技 尾盤急殺,23
2019/6/21,[閒聊] 2019/06/21 盤後閒聊,15
2019/6/21,[請益] 抽檢理財節目之異常推薦股票,7
2019/6/21,[標的] 2618 長榮航 多,48
2019/6/21,[新聞] 郭台銘告別鴻海全文  我轉的換跑道將是台...,11
2019/6/21,[其他] 瞭解2891中信金的大大可否解說呢？,19
2019/6/21,[新聞] 元太Q2本業 重返獲利,3
2019/6/21,[新聞] 上緯退出風電市場 股價一度觸及跌停,25
2019/6/21,[標的] 2618 無腦空,42
2019/6/21,Re: [標的] 6449 鈺邦 多 (賣出通知),6
2019/6/21,Re: [標的] 3661 世芯-KY 多,17
2019/6/21,Re: [標的] 2330 台積電,30
2019/6/21,Re: [標的] 2637慧洋,68
2019/6/21,[請益] 個股除權息日自動通知??,8
2019/6/21,[新聞] 信貸平穩復甦 陸股長線看好,0
2019/6/21,[其他] 6月八大行庫逐日買賣超金額(至6/20),9
2019/6/21,[新聞] 上緯投控出售上緯新能源全數股權,34
2019/6/21,[閒聊] 2019/06/21 盤中閒聊,99
2019/6/21,[新聞] 英特爾啟動價格戰還擊超微　DT處理器降幅,6
2019/6/21,[標的] 1319東陽,6
2019/6/21,Re: [新聞] 鴻海股東會明天登場聚焦4大議題　郭,15
2019/6/21,Re: [請益] 請問內建吸血的ETF有那些？,7
2019/6/20,[心得] 衡量FED利率政策的一些觀點分享,8
2019/6/20,[公告] mafuone5566 promptly DowJones警告一次,0
2019/6/20,[請益] 請問內建吸血的ETF有那些？,35
2019/6/20,[標的] 9943好樂迪 壓寶多,17
2019/6/20,[標的] 1305 華夏 多,4
2019/6/20,[公告] pondmeila jj782995 水桶一週,0
2019/6/20,Re: [標的] 8074鉅橡,2
2019/6/20,[請益] 現在適合賣掉嗎？,6
2019/6/20,[公告] 關於推發文的字詞,0
2019/6/20,Re: [新聞] 川普發推特...,5
2019/6/20,[標的] 1589 永冠-KY 多,19
2019/6/20,[新聞]資本市場看好美國降息？李鎮宇:三歲智商!,15
2019/6/20,[其他] 6/20 台灣集中市場外資買賣超前30名,5
2019/6/20,[請益] 有關競業禁止解除,6
2019/6/20,[新聞] 陸港觀盤－寬鬆預期增強，以盤代跌、擇股,0
2019/6/20,[其他] 6/20 台灣店頭市場三大法人買賣超前20名,1
2019/6/20,Re: [標的] 6171 亞銳士 多,5
2019/6/20,[其他] 108年06月20日信用交易統計,50
2019/6/20,Re: [請益] 如何計算年化報酬率？,10
2019/6/20,[新聞] 貿易戰傷台商 銀行控管風險,5
2019/6/20,[標的] 3017 奇鋐,28
2019/6/20,[公告] kusomanfcu rick8889 a963 水桶一週,0
2019/6/20,[公告]edwardhsu biochemistry highmangogo水桶1週,0
2019/6/20,[公告] cchysw3021 tello mirce joanne1452水桶一週,0
2019/6/20,[新聞] 美經濟衰退止不住？ 一場股市風暴成形,55
2019/6/20,[公告] Tw411001 seiko2023 水桶一週,0
2019/6/20,[公告] aJan5566 sole772pk37 terry61302水桶1週,0
2019/6/20,[請益] 如何計算年化報酬率？,12
2019/6/20,[公告] Jasonco gk1329 inif Kingisland 水桶一週,0
2019/6/20,[標的] 3630 新鉅科 多,2
2019/6/20,[新聞] 反制空服員罷工！長榮確定不發年終,99
2019/6/20,[新聞]【壽險業冰風暴7】壽險龍頭衝擊最大？國泰金總座用一句話反駁,13
2019/6/20,[公告] stev200406 yata4547 callme5f水桶一個月,0
2019/6/20,[公告] a0808996 水桶一週,0
2019/6/20,[公告] dskdlkj qqq5890003 Timba 水桶一週,0
2019/6/20,[請益] 台積電今年除息應該參加嗎 ?,12
2019/6/20,[公告] DaringDo usoppp oplk ironkyoater水桶一週,0
2019/6/20,[標的] 6207雷科。  多,3
2019/6/20,[公告] peace1way kobe7785075 ggoso4501水桶1週,0
2019/6/20,[新聞] 央行：經濟下行風險加大 今年經濟成長率,6
2019/6/20,[新聞] 長榮罷工八大爭議一次看,21
2019/6/20,[新聞] 任正非：華為海外市場回溫，今年營收仍將,20
2019/6/20,[心得] 這一波漲勢大家賺多少,74
2019/6/20,Fw: [新聞] 5月外銷訂單年減5.8％ 較去年同期下滑23.9億美元,8
2019/6/20,[公告] 板規修正,0
2019/6/20,[新聞] 蘋果考慮15%到30%產能遷出中國，首選印,11
2019/6/20,[新聞] 《航運股》工會罷工，長榮航：盡全力協助,17
2019/6/20,[新聞] 浩鼎內線案 21日宣判,10
2019/6/20,[新聞] 鴻海股東會明天登場聚焦4大議題　郭台銘交棒談話...,23
2019/6/20,Re: [標的] 2637慧洋,12
2019/6/20,[其他] 108年06月20日 三大法人買賣金額統計表,80
2019/6/20,[新聞] 中美貿易戰恐再升級》筆電、平板也要加徵,20
2019/6/20,[新聞] 藥華藥延遲發重訊 挨罰50萬,4
2019/6/20,[閒聊] 2019/06/20 盤後閒聊,11
2019/6/20,[標的] 2392 正崴 多,18
2019/6/20,Re: [請益] (預期)聯準會降息與公債殖利率/價格的關,10
2019/6/20,[請益] 為何媒體常用敲來形容成交呢,61
2019/6/20,[新聞] 美國在全球IC市場實力依舊勇冠三軍,12
2019/6/20,[標的] 5457 宣德 多,7
2019/6/20,[公告] tingover ggttoo gn1384181 水桶一週,0
2019/6/20,[公告] jason885200 kami0857 bryant780417水桶一週,0
2019/6/20,[公告] justin037666 sony2008 peter080808水桶一週,0
2019/6/20,[公告] Timberlake Realite eas06u4 水桶一週,0
2019/6/20,[公告] zsquarez OAVAYAVAO ljmk1246 水桶一週,0
2019/6/20,[其他] 6月八大行庫逐日買賣超金額(至6/19),3
2019/6/20,[公告] fox141 rodney92 水桶一個月,0
2019/6/20,[其他] 運氣 個性 是不是其實很重要?,32
2019/6/20,Re: [請益] (預期)聯準會降息與公債殖利率/價格的關,2
2019/6/20,[其他]富櫃200指數有獎徵答! 即將結束~請把握!,1
2019/6/20,Re: [標的] 富邦vix 00677U 買好買滿,21
2019/6/20,[請益] (預期)聯準會降息與公債殖利率/價格的關,7
2019/6/20,[標的] 6449 鈺邦 多,24
2019/6/20,Re: [標的] 太子 2511 多,20
2019/6/20,[請益] 結算後價差可以這樣鎖獲利嗎,5
2019/6/20,[新聞] Fed暗示下半年降息 台股可望持續走強,14
2019/6/20,[新聞] 政院核定公股高層人事 鄭永春接華南永昌,5
2019/6/20,[閒聊] 2019/06/20 盤中閒聊,100
2019/6/20,[新聞] 學界超高速網通晶片打進局端市場　科技部,5
2019/6/20,Re: [新聞] 日商收購 安馳啟動查證,0
2019/6/20,[請益] 台中銀融資大增,16
2019/6/20,[新聞] 貿易戰打得火熱 川普又想挑起貨幣戰,23
2019/6/20,[公告] Umaibou 水桶一週,0
2019/6/20,[公告] Csz IMBA5566 q111175 DJJERRY 水桶一週,0
2019/6/19,[公告] Afe529 MONKEY119 水桶一個月及一週,0
2019/6/19,[公告] luck1 kuoalan0819 hljjun 警告一次,0
2019/6/19,Re: [標的] 3406玉晶光,12
2019/6/19,[公告] nicefl2001水桶一週,0
2019/6/19,[新聞] 【壽險業冰風暴5】半年賣超500億 外資對,23
2019/6/19,[公告] ssw0929 attorney1023 DustToDust水桶一週,0
2019/6/19,[公告] zaiter CLV518 水桶一個月,0
2019/6/19,Re: [標的] 2633高鐵 1216統一 多,3
2019/6/19,[公告] zxc24522 soyghcg gsinin inponda水桶一週,0
2019/6/19,[其他] 108年06月19日信用交易統計,24
2019/6/19,[其他] 大同是不是產品太耐用了才會不賺錢？,48
2019/6/19,[公告] MRFROG williamw joy2105feh 水桶一週,0
2019/6/19,[標的] 3105穩懋 放空被嘎,19
2019/6/19,[公告] KA qsef5 striving psqq sha3098 水桶一週,0
2019/6/19,[標的] 1201 味全 必勝空,0
2019/6/19,[新聞] 最搶手紀念品遭嗆已退燒！中鋼董座：仍發,7
2019/6/19,[新聞] 台商回流助內需 台股殖利率全球第五,5
2019/6/19,[其他] 有人被嘎爆的嗎?,36
2019/6/19,[標的] 2027大成鋼,15
2019/6/19,[新聞] 裕隆集團進軍中古車賣場　讓消費者一站,14
2019/6/19,Re: [新聞] 華碩裁撤機器人部門　研發團隊轉投AIoT,4
2019/6/19,[請益] 為什麼今天很多外資都不亮牌?,16
2019/6/19,Re: [請益] 願意花多少錢提前二天得到川普推特發,6
2019/6/19,[新聞] 蘋果傳要求供應商評估成本 考慮將15%-30%,18
2019/6/19,[新聞] 〈分析〉中國不買了 但1兆美元新發行美債被誰買走了？,34
2019/6/19,[新聞] 川普：週三美中重啟談判 中方想達協議,8
2019/6/19,[其他] 108年06月19日 三大法人買賣金額統計表,100
2019/6/19,Fw: [新聞] 力麒通過配息增至0.4元，董座看好港客增,4
2019/6/19,[新聞] 〈遠東銀股東會〉總資產10年成長74%,5
2019/6/19,[新聞] 川普正式宣布 競選連任美國總統,80
2019/6/19,[閒聊] 2019/06/19 盤後閒聊,54
2019/6/19,"[新聞] 川習會釋利多 台股強勢大漲208點收10,775",32
2019/6/19,Re: [標的] 4142國光生 請益,16
2019/6/19,[新聞] 歐盟報告：中共設置的貿易投資障礙最多,11
2019/6/19,[其他] 台股早期資料（1）,11
2019/6/19,Re: [標的] 雙鴻 3324 超級多,41
2019/6/19,[心得] 放空台指權證停損啦,100
2019/6/19,Re: [新聞] 貿戰改變供應鏈 巨大集團：中國製造結束,6
2019/6/19,[標的] 1795 美時 多,19
2019/6/19,[新聞] 貿戰改變供應鏈 巨大集團：中國製造結束,11
2019/6/19,[新聞] 中環砸10億 取得日品牌 Verbatim,19
2019/6/19,[標的] 2942 京站 多,3
2019/6/19,[其他] 6月八大行庫逐日買賣超金額(至6/18),1
2019/6/19,[新聞] 【壽險業冰風暴1】2大國際信評示警　台灣壽險業財務黑洞,15
2019/6/19,[新聞]庫德洛：川習會結果無保證 協議需強制執行,15
2019/6/19,[閒聊] 2019/06/19 盤中閒聊,100
2019/6/19,[新聞] 華碩裁撤機器人部門　研發團隊轉投AIoT,31
2019/6/19,[新聞] 美國參議員提NDAA修正案，禁止華為在美,17
2019/6/19,[標的] 能穩賺股利又不會吃本金的是電信金融股嗎,28
2019/6/19,[心得] 探討債務股本比、現金股利和回購、增減資,33
2019/6/19,[其他] 公司發的股息比賺的多很多算掏空嗎？,16
2019/6/19,[其他] 如何看待保留盈餘比股本多出數倍的公司,7
2019/6/19,[新聞] 數字會說話：中國經濟惡化 貿易戰衝擊大,0
2019/6/18,[其他] 108年6月18日信用交易統計,14
2019/6/18,[標的] 4142國光生 請益,12
2019/6/18,[公告] PoloHuang jj314257 vanadiu 水桶一週,0
2019/6/18,[公告] subpop book2381 GYGY5566 AInnor水桶一週,0
2019/6/18,[公告] for767 pinraychen ptolemy2006 警告一次,0
2019/6/18,[請益] 大盤除權息點數,1
2019/6/18,[新聞] 國衛院技轉微流體晶片 為國家生技開創契機,5
2019/6/18,[心得] 川普跟習近平通電話了，要見面！,100
2019/6/18,[標的] AMD (多),9
2019/6/18,[新聞] 鴻海員工抱怨沒拿到加班費 郭台銘：去申訴,8
2019/6/18,Re: [新聞] IEEE最新聲明：解除華為員工編輯和審稿,1
2019/6/18,Re: [標的] BYND(空),3
2019/6/18,[新聞] 郭台銘「群創光電爭議」是超越政治的大事,7
2019/6/18,[標的] 5283 禾聯碩 當沖空,0
2019/6/18,[新聞] 斗六黑煙直衝天際 古河銅箔公司火災,8
2019/6/18,[新聞] 為何選擇三星電子代工？台積電代工跌破50,35
2019/6/18,Re: [新聞] 因華為禁令風險 傳英特爾捨台積電找三星代工,8
2019/6/18,[請益] 股票交易日誌/交易投資操作筆記  的問題,1
2019/6/18,[新聞] 刺激買氣 台塑越南廠調降熱軋,5
2019/6/18,[標的] 長榮航(2618)、台航(2617),14
2019/6/18,[請益] 華為事件這段時間適合買權證嗎,9
2019/6/18,[新聞] 歐洲央行總裁德拉基：若通膨沒起色會推更,23
2019/6/18,[新聞] 美列貿易黑名單 華為智慧型手機海外銷售驟降4成,6
2019/6/18,[新聞] 大摩稱，Navi繪圖晶片價格高於預期，AMD,14
2019/6/18,[標的] 矽創，子公司對母公司的影響？,2
2019/6/18,[請益] 挑選效率前緣上的股票做投資??,12
2019/6/18,[新聞] 市場預期Fed轉向寬鬆政策 科技股領軍拉抬美股,5
2019/6/18,[新聞] 因華為禁令風險 傳英特爾捨台積電找三星代工,28
2019/6/18,[其他] 108年06月18日 三大法人買賣金額統計表,49
2019/6/18,[新聞] 聯電收購富士通12吋廠預計10月拍板定案,14
2019/6/18,[閒聊] 2019/06/18 盤後閒聊,100
2019/6/18,[新聞] 貿戰前景不明 英特爾擬移出中國,13
2019/6/18,[新聞] 中美貿易戰：美國手段震驚華為，任正非再,11
2019/6/18,Re: [新聞] 瓦城無畏貿易戰衝擊 成資金避風港,15
2019/6/18,[新聞] HTC 這款兩年舊旗艦太強！網評：ZenFone,9
2019/6/18,[新聞] 美企：中國生產優勢無法匹敵,6
2019/6/18,[請益] 定存股的選擇考量？,47
2019/6/18,Re: [標的] 中磊5388多,2
2019/6/18,Re: [新聞] 儲蓄保單不下架　富邦人壽要降宣告利,0
2019/6/18,Re: [新聞] 殺手鐧？投資人：川普或下令拋售陸股,8
2019/6/18,[標的] 1582 信錦,6
2019/6/18,[新聞] 美國參議員魯比奧提出法案 擬防止華為在,22
2019/6/18,Re: [心得] 新手散戶的一點投資心得,9
2019/6/18,[新聞] 殺手鐧？投資人：川普或下令拋售陸股,17
2019/6/18,Re: [標的] 3005 神基,8
2019/6/18,[新聞] 華為禁令及關稅公聽會 恐衝擊台灣供應鏈,9
2019/6/18,[新聞] JDI財務困境迫在眉睫　力謀金主6月底出線,6
2019/6/18,[新聞] 在WTO申訴中國市場經濟地位 北京撤訴,5
2019/6/18,[新聞] 行政院：預計2020年初5G釋照邁向智慧台灣,6
2019/6/18,[其他] 6月八大行庫逐日買賣超金額(至6/17),7
2019/6/18,[閒聊] 2019/06/18 盤中閒聊,-10
2019/6/18,[新聞] 宸鴻退出後 富邦蔡家也確定放棄JDI案,10
2019/6/18,[新聞] 2代ROG Phone發表日期確定　售價2萬有找,7
2019/6/18,[新聞] JDI困惑的再建政策  台中3社聯盟崩壞,7
2019/6/18,[標的] 台指 短空,16
2019/6/18,[新聞] 鋼鐵族群 成本壓力大,2
2019/6/17,[公告]NinaQueen警告一次,3
2019/6/17,[公告]fredfred690 csgod1325 behati水桶&警告,0
2019/6/17,[公告]a1234a123499 水桶十年+退文,25
2019/6/17,[公告]zxc445567 水桶10年+退文,26
2019/6/17,Re: [請益] 該用儲蓄險存錢嗎？,37
2019/6/17,[標的] 5283 禾聯碩 多,16
2019/6/17,[心得] 新手散戶的一點投資心得,79
2019/6/17,[新聞]富士康駁斥撤資!強調「扎根大陸、深耕發展,10
2019/6/17,[新聞] 今年上半年營收將破百億全年可望達200億,3
2019/6/17,[其他] 108年06月17日信用交易統計,7
2019/6/17,[新聞] 徐旭東讚裕民 最好航運公司 昨股東會通過,12
2019/6/17,[新聞] 投行：中共降息救經濟恐致貨幣房產受重挫,16
2019/6/17,[其他] 6/17 台灣集中市場外資買賣超前30名,6
2019/6/17,[其他] 6/17 台灣店頭市場三大法人買賣超前20名,0
2019/6/17,Re: [新聞] 羅斯：中美若無協議 川普樂於再加稅,1
2019/6/17,Re: [新聞]蓬佩奧：美不想和伊朗開戰 但必要時會出手,6
2019/6/17,[新聞] 羅斯：中美若無協議 川普樂於再加稅,0
2019/6/17,Re: [新聞] 工業4.0成為美中貿易戰下，東南亞的成功,41
2019/6/17,[請益] 朋友line上面一堆call訊怎辦？,14
2019/6/17,[標的] 6191 精成科 多,9
2019/6/17,[新聞] 穩懋緊握高通博通兩大客戶 5G PA大贏家,17
2019/6/17,[心得] 推薦一個投資紀錄的試算表,0
2019/6/17,[新聞] 工業4.0成為美中貿易戰下，東南亞的成功,8
2019/6/17,[請益] 南山人壽特定人認股,12
2019/6/17,[其他] 108年06月17日 三大法人買賣金額統計表,56
2019/6/17,[閒聊] 2019/06/17 盤後閒聊,16
2019/6/17,[新聞] 郭台銘連7個月增持股票 鴻海早盤小漲,11
2019/6/17,[新聞]蓬佩奧：美不想和伊朗開戰 但必要時會出手,7
2019/6/17,[新聞]  群創傳奪歐美車用大單,9
2019/6/17,Re: [標的] 2317 鴻海 多,19
2019/6/17,[新聞] 傳華為海外智慧型手機銷售目標下調40~60%,4
2019/6/17,[新聞] 台積電繳稅逾350億元蟬聯冠軍 鴻海第二名,6
2019/6/17,[新聞] 全武行！大同股東會爆肢體衝突　股東掀桌,74
2019/6/17,[新聞] 台積電與三星爭奪晶圓代工的主導權,15
2019/6/17,[標的] 3176 基亞 多,6
2019/6/17,[請益] 勝率超過六成的KD心法,23
2019/6/17,[標的] 1702 南僑  6187 萬潤,5
2019/6/17,[新聞] 貿易戰加華為禁令 專家：北京已亂了陣腳,15
2019/6/17,[新聞] 比特幣一度漲破9300美元，創13月新高,20
2019/6/17,Re: [標的] 鴻海，空,10
2019/6/17,Re: [新聞] 自行車雙雄11月營收 巨大增但美利達減,6
2019/6/17,[新聞] 傳華為估今年海外手機銷量大減4～6成,8
2019/6/17,[標的] 1519 華城,0
2019/6/17,[心得] 現下市場生存法則,14
2019/6/17,[其他] 6月八大行庫逐日買賣超金額(至6/14),1
2019/6/17,Re: [新聞] 生氣了！英國開通5G服務　BBC直播大讚華,5
2019/6/17,[閒聊] 2019/06/17 盤中閒聊,100
2019/6/17,[新聞] 電競螢幕市場恐成紅海　雙A今年估出貨大,21
2019/6/17,[心得] 送中條例 & 中美貿易戰,22
2019/6/17,[公告]新版主有話要說,100
2019/6/17,[新聞] 星展：預防性降息 將為亞洲股市帶來支撐,5
2019/6/17,Re: [其他] 美中貿易戰 專家都認為美國會贏?,9
2019/6/16,[請益] 股市菜雞一問，關於買賣超原理,11
2019/6/16,[新聞] 利率盤低…公司債八連發,6
2019/6/16,[公告]samgreco警告一次,0
2019/6/16,[公告]anti87 遭板主砍文三篇 水桶一個月+退文,53
2019/6/16,[公告]Jerome18 iamten 警告一次,0
2019/6/16,[公告]kaiming7955 水桶一週,21
2019/6/16,[心得] 償債能力分析：速動比率分析,9
2019/6/16,[公告]amego2017 水桶一週,1
2019/6/16,[公告]TommyLXT 警告一次,2
2019/6/16,[標的] 2812 台中銀 空,16
2019/6/16,Re: [其他] 美中貿易戰 專家都認為美國會贏?,10
2019/6/16,[新聞] 財經媒體被指崇美貶中　「華爾街見聞」被,5
2019/6/16,Re: [其他] 美中貿易戰 專家都認為美國會贏?,36
2019/6/16,[其他] 美中貿易戰 專家都認為美國會贏?,13
2019/6/16,Re: [新聞] 港生爆料中銀已限大額提款,7
2019/6/16,Re: [新聞] 港生爆料中銀已限大額提款,10
2019/6/16,Re: [新聞] 港生爆料中銀已限大額提款,15
2019/6/16,[新聞] 估值過高 華爾街無人推薦買進Beyond Meat,7
2019/6/16,Re: [新聞] 生氣了！英國開通5G服務　BBC直播大讚華,24
2019/6/16,Re: [新聞] 【環評過關】台積電兩奈米技術落腳竹科,19
2019/6/16,[公告] bluebugi horo nbarepeat cdplay000警告一次,0
2019/6/16,[新聞] 台股股王大立光 三大致勝密碼,7
2019/6/16,[標的] 本週股票多空表,20
2019/6/16,Re: [新聞] 川普又打恐嚇牌 警告「我沒連任美股會史,14
2019/6/16,[公告] eebear thbrfm 水桶一週,0
2019/6/16,[新聞] 川普又打恐嚇牌 警告「我沒連任美股會史,48
2019/6/16,[新聞] 美印關稅戰開打！印度即日起向 28 項美商,21
2019/6/16,[新聞] 港生爆料中銀已限大額提款,82
2019/6/16,[新聞] 股民非懂不可 10大台灣股票之最,19
2019/6/16,[新聞] 中華電信攜手 HTC 簽署 2019 備忘錄MOU,6
2019/6/16,[請益] 集保e存褶的電子投票問題,2
2019/6/16,Re: [請益] 程式交易是最強王道?(最遵守紀律),0
2019/6/16,Re: [請益] 程式交易是最強王道?(最遵守紀律),12
2019/6/16,Re: [請益] 程式交易是最強王道?(最遵守紀律),16
2019/6/15,Re: [新聞] 大陸汽車經銷巨頭「龐大集團」宣布破產,7
2019/6/15,Re: [請益]  美股新IPO該怎麼操作獲利?,8
2019/6/15,[標的] 6173信昌電,21
2019/6/15,Re: [新聞] 【環評過關】台積電兩奈米技術落腳竹科,-10
2019/6/15,[新聞] 朱國榮炒股案　北檢再約談鄭光育等１０人,7
2019/6/15,[新聞] 大陸汽車經銷巨頭「龐大集團」宣布破產,28
2019/6/15,Re: [新聞] 川普：習近平去不去G20都沒差 中國遲早要達成協議,8
2019/6/15,[新聞] 自研DRAM晶片 中國長鑫存儲傳年底量產,12
2019/6/15,[新聞] 西班牙不甩美國華為封殺令 成為歐洲首個使用5G國家,43
2019/6/15,Re: [請益] 程式交易是最強王道?(最遵守紀律),0
2019/6/15,Re: [請益] 為什麼台灣人都不敢賭新藥?,0
2019/6/15,Re: [請益] 程式交易是最強王道?(最遵守紀律),2
2019/6/15,[新聞] 知名食品股 炒作,16
2019/6/15,[新聞] 新高！證交所配息3元　完成董監改選,14
2019/6/15,[請益] 證券交割專戶  出入金,5
2019/6/15,[新聞] 金融股利多 牽動除息行情,3
2019/6/15,[新聞] 國泰金蔡宏圖：把握時機投資,1
2019/6/15,[新聞] 上海商銀通過現增案 發行普通股3.8億股,14
2019/6/15,[新聞] 美5月零售額增0.5% 第二季GDP或增長2.1%,2
2019/6/15,Re: [新聞] 川普：習近平去不去G20都沒差 中國遲早要達成協議,0
2019/6/15,Re: [新聞] 惡法若通過 專家：港金融將崩潰 富人大逃,87
2019/6/15,Re: [請益]  美股新IPO該怎麼操作獲利?,1
2019/6/15,Re: [新聞] 美國這雙手扼殺過日本TRON系統　這次貿,10
2019/6/15,[新聞] 股東獻花打氣 望華南金股價衝破50元,18
2019/6/15,[新聞] 川普：習近平去不去G20都沒差 中國遲早要達成協議,32
2019/6/15,[新聞] USTR發布3000億中國商品關稅聽證會日期,9
2019/6/15,[新聞] 中美貿易戰》郭台銘：我要帶電子五哥去美國設廠,10
2019/6/15,[新聞] 非洲豬瘟肆虐 越南籲推動其他養殖業發展,4
2019/6/15,Fw: [申請] Stock板新增板主,5
2019/6/15,[新聞] 秋行軍蟲隨西南氣流散播全台 農業縣市僅,12
2019/6/15,[新聞] 關稅豁免無望！特斯拉產品涉《中國製造 2,11
2019/6/15,Re: [新聞] 儲蓄保單不下架　富邦人壽要降宣告利,33
2019/6/15,Re: [新聞] 生氣了！英國開通5G服務　BBC直播大讚華,23
2019/6/15,[標的] 2880+2884 請益,10
2019/6/15,Re: [請益] 新手 不知道賣點 停利點,10
2019/6/15,Re: [新聞] 遠雄新莊建案滯銷 金管會罰百萬,27
2019/6/14,[新聞] 逾600美企聯合發函 要求川普終結美中貿,1
2019/6/14,[新聞] 川普：習近平是否去G20並不重要　荷莫茲,21
2019/6/14,[新聞] 華為訂單減少 大摩下修台積電目標價至219,22
2019/6/14,Re: [標的] 味全 1201 多,45
2019/6/14,[其他] 6/14 台灣集中市場外資買賣超前30名,3
2019/6/14,[其他] 6/14 台灣店頭市場三大法人買賣超前20名,1
2019/6/14,[其他] 108年06月14日信用交易統計,9
2019/6/14,[請益] 股票基金、定期定額哪個好？,35
2019/6/14,Re: [新聞] 遠雄新莊建案滯銷 金管會罰百萬,16
2019/6/14,Fw: [新聞] 5月中國工業產出增長率為17年低點,2
2019/6/14,[新聞] TrendForce：受到需求下滑及庫存偏高影響,1
2019/6/14,[新聞] 豐興：貿易戰影響機械工具機 波及棒線產,1
2019/6/14,[新聞] 遠雄新莊建案滯銷 金管會罰百萬,40
2019/6/14,[標的] 美國道瓊(*UDM9),100
2019/6/14,[新聞] 十銓科技5月營收6.67億元 電競/工控營收,3
2019/6/14,Re: [新聞] 惡法若通過 專家：港金融將崩潰 富人大逃,34
2019/6/14,[新聞] 大疆DJI 推教育機器人RoboMaster S1可編程對戰 寓學習於娛樂,1
2019/6/14,[新聞] 新光金最快8月16日發放股利　董座吳東進,31
2019/6/14,[新聞] 台塑砸40億美元 全球大擴廠,9
2019/6/14,Re: [新聞] 惡法若通過 專家：港金融將崩潰 富人大逃,28
2019/6/14,[新聞] 惡法若通過 專家：港金融將崩潰 富人大逃,12
2019/6/14,[新聞] 博通受害華為禁令 年收益將減逾6百億,6
2019/6/14,Re: [標的] 台指C波起跌啟動,5
2019/6/14,[請益] 長期持有操作心態,29
2019/6/14,[請益] 新手 不知道賣點 停利點,23
2019/6/14,Re: [請益] 台股什麼時候會跌到8000,8
2019/6/14,[新聞] 美半導體股盤後挫！博通警告需求「廣泛趨,31
2019/6/14,[新聞] 中對外貿易研究所所長：美中G20可能達成,31
2019/6/14,[新聞] 台商回流再添4家 累計投資逾3750億台幣,15
2019/6/14,[標的] 欣興 請益,25
2019/6/14,[其他] 108年06月14日 三大法人買賣金額統計表,33
2019/6/14,[新聞] Taisei和SoftBank合作開發無人駕駛挖土機,4
2019/6/14,[新聞] 聯發科強化5G優勢 蔡力行：居業界領先群,12
2019/6/14,Re: [新聞] 生氣了！英國開通5G服務　BBC直播大讚華,11
2019/6/14,[閒聊] 2019/06/14 盤後閒聊,23
2019/6/14,Re: [新聞] 生氣了！英國開通5G服務　BBC直播大讚華,14
2019/6/14,[新聞] 寶佳要擴增永豐金董事席次 股東會未通過,2
2019/6/14,Re: [請益] 為什麼台灣人都不敢賭新藥?,12
2019/6/14,[新聞] 台灣等亞洲經濟體遭伊鎖定？專家：中油油輪遇襲非巧合,25
2019/6/14,Re: [新聞] 生氣了！英國開通5G服務　BBC直播大讚華,14
2019/6/14,[新聞] 2020獨步領先！傳iPhone XII 將採5nm SoC工藝,10
2019/6/14,[新聞] 三星獲得WIPO專利：可捲動的柔性顯示器,1
2019/6/14,Re: [請益] XQ操盤高手將不提供台股即時報價,0
2019/6/14,[新聞]  Ink 元太科技宣布策略投資 Plastic Logi,9
2019/6/14,[新聞]油輪阿曼灣遇襲 蓬佩奧：伊朗應對襲擊負責,16
2019/6/14,Re: [新聞] 兩艘油輪於阿曼灣遇襲 油價大漲逾4%,6
2019/6/14,[新聞] 摩根大通專家：美國價值股今夏可漲2至3成,7
2019/6/14,Re: [新聞] 兩艘油輪於阿曼灣遇襲 油價大漲逾4%,-10
2019/6/14,[其他] 6月八大行庫逐日買賣超金額(至6/13),1
2019/6/14,[新聞] 郭台銘重申：我已淡出鴻海,6
2019/6/14,Re: [新聞] 郭台銘：美中貿易戰將在G20前後畫下休止,3
2019/6/14,Re: [新聞] 兩艘油輪於阿曼灣遇襲 油價大漲逾4%,12
2019/6/14,[閒聊] 2019/06/14 盤中閒聊,62
2019/6/14,Re: [新聞] 國會聽證會：美國能切斷一帶一路資金來源,2
2019/6/14,[新聞] iPhone今年升級Type-C有望　但沒打算一次,3
2019/6/14,[新聞] 兩艘油輪於阿曼灣遇襲 油價大漲逾4%,25
2019/6/14,Re: [新聞] 【環評過關】台積電兩奈米技術落腳竹科,35
2019/6/14,[標的] 利勤 4426多,28
2019/6/14,[標的] 美國道瓊反指標參考,6
2019/6/14,Re: [請益] 台股什麼時候會跌到8000,20
2019/6/13,Re: [請益] 為什麼台灣人都不敢賭新藥?,12
2019/6/13,[新聞] 國會聽證會：美國能切斷一帶一路資金來源,9
2019/6/13,[新聞] 《各報要聞》台商資金回流補貼方案，行庫,17
2019/6/13,[新聞] CNN打臉川普：對中國的陳述錯誤連篇,0
2019/6/13,Fw: [新聞] UBS經濟學家為使用「中國豬」一詞道歉,24
2019/6/13,[新聞] 看貿易戰 徐旭東：大陸或許該謝川普,4
2019/6/13,[請益] 高手95%利潤來自於多少%的交易?,11
2019/6/13,[新聞] 貿易戰負面顯現 中國通膨升溫、製造業受,10
2019/6/13,[新聞] 歐盟將徵中國進口自行車反傾銷稅延長5年,2
2019/6/13,[請益] 台股什麼時候會跌到8000,29
2019/6/13,[請益] 為什麼台灣人都不敢賭新藥?,35
2019/6/13,[新聞] 郭台銘：美中貿易戰將在G20前後畫下休止,45
2019/6/13,Re: [新聞] 生氣了！英國開通5G服務　BBC直播大讚華,100
2019/6/13,Re: [請益] XQ操盤高手將不提供台股即時報價,0
2019/6/13,[其他] 威強電(3022) 108年股東常會重要決議事項,3
2019/6/13,[其他] 108年06月13日信用交易統計,21
2019/6/13,[標的] 2884 玉山金 超級多,6
2019/6/13,[新聞] 川普堅信貿易戰必贏的背後邏輯,3
2019/6/13,[新聞] 世界金融中心地位 恐朝不保夕,11
2019/6/13,[心得] 在現下動盪市場中的生存原則-控制風險,3
2019/6/13,[心得] 新台幣貶值的利弊,87
2019/6/13,[新聞] 前5月我國實際利用外資同比增長6.8%,-10
2019/6/13,[標的] 美國道瓊(*UDM9),100
2019/6/13,[新聞] 股東會：泰山廠2.3萬坪土地出售案未過,21
2019/6/13,[標的] 元大s&p原油正2,31
2019/6/13,[新聞] 中油油輪伊朗外海疑遭魚雷攻擊 船員獲救,58
2019/6/13,[新聞] 【環評過關】台積電兩奈米技術落腳竹科,28
2019/6/13,[標的] 統一 1216,9
2019/6/13,Re: [請益] 指數型基金要怎麼避過系統性風險??,16
2019/6/13,[新聞]中國商品假冒越南製造 專家：台灣也要警惕,4
2019/6/13,[新聞] 外資首批報告出爐 兩家挺鴻海上百元,29
2019/6/13,Re: [心得] 108年06月13日 期權籌碼與盤後閒聊,5
2019/6/13,[新聞] 中鋼-7.5%,9
2019/6/13,[請益] XQ操盤高手將不提供台股即時報價,11
2019/6/13,[心得] 108年06月13日 期權籌碼與盤後閒聊,4
2019/6/13,[新聞] 貿易戰下 富士康擴大在美工廠生產範圍,13
2019/6/13,[標的] 6579研揚,5
2019/6/13,[其他] 108年06月13日 三大法人買賣金額統計表,53
2019/6/13,[閒聊] 2019/06/13 盤後閒聊,54
2019/6/13,[其他] 6月八大行庫逐日買賣超金額(至6/12),9
2019/6/13,[標的] 大山 1615 多,7
2019/6/13,[請益] 指數型基金要怎麼避過系統性風險??,30
2019/6/13,[新聞] 英飛凌合併賽普拉斯後，市佔率將升至11.9,3
2019/6/13,[新聞] 台泥：貿易戰不影響需求,16
2019/6/13,Re: [請益] 請問台幣貶值問題,13
2019/6/13,Re: [請益] 請問台幣貶值問題,8
2019/6/13,[請益] 請問台幣貶值問題,13
2019/6/13,[新聞] 訂單掉40% 機械業轟央行狀況外,42
2019/6/13,[新聞] 台商資金回流補貼方案 行庫含淚賠本演出,20
2019/6/13,[新聞] 有線電視競爭加劇 凱擘北市4公司全虧,44
2019/6/13,[標的] 1902 台紙 多,7
2019/6/13,[新聞] 中磊搶進物聯網，辦私募競爭力UP,0
2019/6/13,[新聞] 電動車推升IGBT，2021年總值估逾52億美元,1
2019/6/13,[標的] 5347世界/2382廣達/1101台泥/5519隆大,2
2019/6/13,[標的] 聯發科 2454,15
2019/6/13,[新聞] Google硬體製造 移出大陸,2
2019/6/13,[新聞] 美國總統川普簽署行政命令：簡化農業生,8
2019/6/13,[閒聊] 2019/06/13 盤中閒聊,100
2019/6/13,[新聞] 危機中現轉機　台三五族廠VCSEL、Wi-Fi 6,8
2019/6/13,[新聞] 何時對陸祭出剩餘商品關稅？ 川普指著頭,7
2019/6/13,[新聞] 聯發科5月營收跌破200億元 創3個月低,9
2019/6/12,[標的] 2888 新光金 空,7
2019/6/12,[新聞] 出手了？ 證交所：鴻海違反重訊規定 處3,75
2019/6/12,[標的] BYND(空),7
2019/6/12,Re: [標的] 3034聯詠 超級多,18
2019/6/12,Re: [標的] 1605 華新,2
2019/6/12,Re: [標的] AYX (空),2
2019/6/12,[標的] 6171 亞銳士 多,3
2019/6/12,[新聞] 川普：關稅工具促成談判 創造收入及投資,13
2019/6/12,[其他] 108年06月12日信用交易統計,24
2019/6/12,[新聞] 川普禁令太痛！華為取消新型筆電發佈計畫,16
2019/6/12,[請益] 有能編譯程式的手機看盤軟體嗎？,0
2019/6/12,[標的] 2382 廣達,-10
2019/6/12,[新聞] 陸港觀盤－中國股市估值已修正至合理水位,1
2019/6/12,[新聞]股息加碼 總太地產通過每股配發1.5元股息,8
2019/6/12,[新聞] 美眾議長：若港強修法 國會將檢討美、港,54
2019/6/12,[新聞] 看人臉6秒就可測心跳血壓 交大研發獲聯發,13
2019/6/12,[新聞]新加坡銀行業密切留意 香港通過逃犯條例,15
2019/6/12,[新聞] 台積環評過關 2奈米留台灣,35
2019/6/12,Re: [心得] 6/12 散戶持續看空放空，融資再減,11
2019/6/12,[新聞] 谷歌硬體不想中國製造 彭博：首選目的地台灣！,6
2019/6/12,[心得] 6/12 散戶持續看空放空，融資再減,11
2019/6/12,Re: [新聞] 川習會若喬不定 彭博社爆鴻海已有撤離中國Plan B,8
2019/6/12,[新聞] 若台積電考慮在美收購，誰是首要目標？,15
2019/6/12,[新聞] 川習會若喬不定 彭博社爆鴻海已有撤離中國Plan B,45
2019/6/12,[其他] 108年06月12日 三大法人買賣金額統計表,40
2019/6/12,[新聞] 庫德洛：無美中協議 美經濟增長也可達3%,9
2019/6/12,Re: [新聞]全家打敗小七 台鐵據點大洗牌,8
2019/6/12,[新聞] 緯創董座林憲銘：應對貿易戰 擬赴美設廠,1
2019/6/12,[閒聊] 2019/06/12 盤後閒聊,10
2019/6/12,[標的] SSI西貢證券 長期多,21
2019/6/12,[心得] 你的持股跟他的20ma,22
2019/6/12,[新聞] 北極星藥業-KY決議向金融監督管理委員會,5
2019/6/12,[新聞]全家打敗小七 台鐵據點大洗牌,41
2019/6/12,[新聞] 宏達電雙機攻中階 5G手機明年登場,5
2019/6/12,Re: [新聞] 韓媒：三星搶台積7奈米單,61
2019/6/12,[標的] 玉山金 多,99
2019/6/12,[新聞] 燙手山芋沒人敢接 京城銀今拍賣綠能債權,13
2019/6/12,Re: [新聞] 韓媒：三星搶台積7奈米單,10
2019/6/12,Re: [請益] 定存股該不該賣,23
2019/6/12,[新聞] 中共推引渡惡法 美政府:危及香港特殊地位,13
2019/6/12,[新聞] 中國大陸2019.6.6提前一年5G釋照,12
2019/6/12,[新聞] 韓媒：三星搶台積7奈米單,31
2019/6/12,[標的] 3535 來賺標借費喔!!,9
2019/6/12,Re: [標的] 玉山金 2884 空,20
2019/6/12,[新聞]富士康：中國境外生產iPhone 可達蘋果需求,6
2019/6/12,[新聞] 零組件廠因應貿易戰分兩派　滿足客戶分散,2
2019/6/12,[問卷]對理財機器人使用意願之風險認知與信任,8
2019/6/12,[閒聊] 2019/06/12 盤中閒聊,100
2019/6/12,[新聞] 智慧手機降價搶市 驅動IC恐殺價搶單,11
2019/6/12,[新聞] G20美中協議有望？川普：除非恢復早前條,25
2019/6/12,[新聞] 香港「反送中」恐波及經濟 我國金融業在,32
2019/6/12,[標的] 9938 百和,25
2019/6/12,Re: [標的] 道瓊 空,3
2019/6/12,[請益] 現金減資後的成本算法?,8
2019/6/12,Re: [請益] 媽媽古早的股票怎麼處理,16
2019/6/12,Re: [標的] 美國道瓊(*UDM9),10
2019/6/12,[新聞] 大摩揮刀砍聯詠、頎邦、世界目標價,22
2019/6/11,[新聞] 美中貿易戰，越南誓言打擊中國洗產地商品,11
2019/6/11,[公告] dundus 警告一次,0
2019/6/11,[新聞] 東京威力科創停止向美黑名單上的中企供貨,3
2019/6/11,[公告] ltjboy panpan 水桶一個月,0
2019/6/11,Re: [標的] 3034聯詠 超級多,7
2019/6/11,[新聞] 不只鴻海 郭台銘：我當總統要讓台灣企業全面加薪,0
2019/6/11,[標的] AYX (空),5
2019/6/11,[其他] 不只穩懋，台積電、聯詠、美光也遭鎖定,17
2019/6/11,[標的] 富邦VIX  00677U all in 定存空,18
2019/6/11,"Re: [請益] 面對損出,如何思考才能平靜",19
2019/6/11,[標的] 3673 tpk-ky 請益走勢,12
2019/6/11,[其他] 108年06月11日信用交易統計,29
2019/6/11,[標的] 2308 台達電,10
2019/6/11,[其他] 6/11 台灣集中市場外資買賣超前30名,15
2019/6/11,[其他] 6/11 台灣店頭市場三大法人買賣超前20名,4
2019/6/11,[新聞] 台塑越鋼污染近7900人跨海求償1.4億元 台,16
2019/6/11,[標的] 美國道瓊(*UDM9),8
2019/6/11,[新聞] 蘋果若轉移生產線 鴻海：有能力因應,8
2019/6/11,Re: [心得] 額外賺到標借費,6
2019/6/11,[新聞] 畢業生看過來！法人不藏私教戰　社會新鮮,19
2019/6/11,[新聞]  群創瞄準AI，搶進下一個千億美元商機,26
2019/6/11,[心得] 個人交易策略分享,19
2019/6/11,[新聞] 中企掛牌籌資拒被審計 美提嚴厲法案反制,6
2019/6/11,Re: 進入股市的師父,1
2019/6/11,"Re: [請益] 面對損出,如何思考才能平靜",20
2019/6/11,[新聞] 瑞信推配對交易 降評和碩、升評仁寶,17
2019/6/11,[請益] 媽媽古早的股票怎麼處理,7
2019/6/11,[心得] 108年06月11日 盤後期權籌碼分析日報,6
2019/6/11,[其他] 108年06月11日 三大法人買賣金額統計表,49
2019/6/11,[新聞]美在台協會讚台灣明智 批中共大量補貼華為,4
2019/6/11,[閒聊] 2019/06/11 盤後閒聊,40
2019/6/11,[新聞] 華為又挨一刀 威騰中止策略合作及出貨,24
2019/6/11,[標的] 力山（1515）,2
2019/6/11,[標的] 2104 中橡 多,21
2019/6/11,Re: [新聞] 台股藏風險 下半年波動恐更劇烈,5
2019/6/11,[新聞] 鴻海全面調薪「6月起平均調幅7%」,55
2019/6/11,[新聞] 港媒稱川習G20共進晚餐談判 中國官方未證實,14
2019/6/11,[新聞] 台股藏風險 下半年波動恐更劇烈,10
2019/6/11,[新聞]中共推送中惡法 美政府：危及香港特殊地位,18
2019/6/11,[新聞] 三星大力進軍邏輯晶片，可能的機會與挑戰,9
2019/6/11,[心得] 你的金融存股如何下車??,42
2019/6/11,[新聞]台灣50季度調整 這檔股票從3月漲到現,3
2019/6/11,[新聞] 數據會說話：中國經濟增長和貨幣前景黯淡,1
2019/6/11,Re: [標的] 雙鴻 3324 超級多,7
2019/6/11,[新聞] 彰銀前5月EPS 0.52元,9
2019/6/11,[新聞] 林鄭月娥強勢續修逃犯條例 港人612罷工,29
2019/6/11,[新聞] 資料中心伺服器　下半年恢復成長動能,1
2019/6/11,[閒聊] 2019/06/11 盤中閒聊,100
2019/6/11,[新聞] AMD要發16核銳龍？Intel揚言不服：敢不敢比真實遊戲性能,32
2019/6/11,Re: [新聞] G20川習會？ 川普：習近平若缺席 即刻對,17
2019/6/11,"[新聞] 金控前五月飽賺逾1,500億",6
2019/6/11,[新聞] 電信三雄前5月EPS 台灣大居冠,14
2019/6/11,[新聞] 外資降評國巨 目標價600元砍到230元,41
2019/6/11,[請益] 哪家券商的api有範例且可下模擬單?,3
2019/6/11,[標的] 2107 厚生,5
2019/6/11,[新聞] G20川習會？ 川普：習近平若缺席 即刻對,95
2019/6/11,Re: [標的] 台指 短多,9
2019/6/10,[請益] 關於銀行股長存?!,33
2019/6/10,[新聞] 秋行軍蟲危害擴大 中國撥款23億防治,12
2019/6/10,[標的] 道瓊 空,8
2019/6/10,[請益] 請問即時財經數據APP,4
2019/6/10,[標的] 道瓊 空軍總司令在此宣布,25
2019/6/10,[新聞] 豐華(6553)獲公開收購@45元,3
2019/6/10,[其他] 6/10 台灣集中市場外資買賣超前30名,9
2019/6/10,[新聞] 馬雲等三大股東減持 阿里股價大跌,10
2019/6/10,[其他] 6/10 台灣店頭市場三大法人買賣超前20名,0
2019/6/10,[標的] 9925新保請益,8
2019/6/10,[其他] 108年06月10日信用交易統計,29
2019/6/10,[新聞] 【2097王道銀行】5月自結合併盈餘,30
2019/6/10,Re: [標的] 2881 富邦金,9
2019/6/10,Fw: [新聞] FT：為什麼鴻海面臨歷來最大、攸關存續的,7
2019/6/10,[其他] 108年【5月份金控股】EPS排名 (全已公布),49
2019/6/10,[新聞] ALTIS 帶動國內轎車購車潮,2
2019/6/10,[新聞] 2801 彰化銀行108年5月份合併自結盈餘,7
2019/6/10,[新聞] 姆欽：美國經濟是全球亮點 無衰退跡象,6
2019/6/10,Re: [心得]改變選股策略後 大幅提高了報酬率(對帳單),15
2019/6/10,[心得] 童話賞析：阿拉丁,-10
2019/6/10,進入股市的師父,36
2019/6/10,[新聞] 5月出口連7黑 但對美、日出口齊創新高,10
2019/6/10,[其他] 6月八大行庫逐日買賣超金額(至6/6),9
2019/6/10,[新聞] 台積電5月營收804.37億元 創今年新高,21
2019/6/10,[新聞] 疑風向關係 中國秋行軍蟲證實首度入侵台,28
2019/6/10,[新聞] 藥華藥(6446)5月營收6906萬元 年增7856%,19
2019/6/10,[請益] 台新跟政府搶彰銀誰贏面大?,12
2019/6/10,[心得] 6/10 大盤應該有機會翻多了,33
2019/6/10,[新聞] 【2892 第一金】108年5月份自結合併盈餘,10
2019/6/10,[其他] 108年06月10日 三大法人買賣金額統計表,57
2019/6/10,[新聞] 股市強勁 美國家庭淨值一季度漲4.5%,8
2019/6/10,[閒聊] 2019/06/10 盤後閒聊,41
2019/6/10,[標的] 9930中聯資源 穩健多,6
2019/6/10,[新聞] 不當放行30多間企業IPO！港交所爆醜聞,11
2019/6/10,[新聞] 高通Snapdragon 865肥單　傳三星7奈米EUV,21
2019/6/10,[新聞] 北京想「聯俄抗美」？ 普京：坐觀虎鬥,20
2019/6/10,[新聞] 人民幣重貶 台幣恐下探32元,19
2019/6/10,Re: [標的] 6488 環球晶 多單進場,10
2019/6/10,[新聞] 蔡英文概念股表現亮眼 檔檔創新高,0
2019/6/10,[標的]5269祥碩,4
2019/6/10,[新聞] 台商真的有回台 Q1固定投資成長創8年新高,12
2019/6/10,[新聞] 中國前5月貿易順差擴大近9成達2791億人民,9
2019/6/10,[新聞] 姆欽：川習會若無果 川普將樂意繼續加稅,7
2019/6/10,Re: [標的] 6234 高僑 多,13
2019/6/10,[新聞] 彰銀 短多力道強勁,11
2019/6/10,[閒聊] 2019/06/10 盤中閒聊,100
2019/6/10,[新聞] Google Android尋求川普禁令除外條款,18
2019/6/10,[新聞] 在陸台商爆逃命潮 資金匯出卻困難重重,31
2019/6/10,[新聞] 歐洲風電投資夯,3
2019/6/10,[新聞] 小S公公許慶祥回來了 登浩鼎第五大股東,16
2019/6/10,[請益] 挑穩定股票是否就不會賠錢？,26
2019/6/09,[標的] 雙鴻 3324 超級多,31
2019/6/09,[新聞] 歐洲多國向中國示好 協助擴大金融影響力,-10
2019/6/09,[心得] 週一盤勢的一些個人觀點,21
2019/6/09,[新聞] 怕了 中共威脅美英韓科技公司,5
2019/6/09,[標的] 和碩 多,0
2019/6/09,[標的] 3034聯詠 超級多,20
2019/6/09,[標的] 1201 味全 超級多,0
2019/6/09,[新聞] 《食品股》味全1201旺季動能點火,45
2019/6/09,[新聞]川習會前兵勢推演 一文看懂美中貿易戰走向,4
2019/6/09,Re: [心得] 說GOOGLE遊說川普政府解除華為禁令這件事,-10
2019/6/09,[請益] 怎麼做空港股?,21
2019/6/09,[新聞] 批長榮航空 工會：不排除6/24以前發動罷工,31
2019/6/09,[新聞] 美價值股估值為30年最便宜,12
2019/6/09,Fw: [宣判] CLV518申訴Stock板板主eyespot一案,7
2019/6/09,[新聞] 台商資金匯出 遭中國強索巨額手續費,38
2019/6/09,[新聞] 產經解析－中國經濟展復甦跡象 但幅度偏,0
2019/6/09,Re: [請益] vix為什麼禮拜五美股大漲時還會漲？,3
2019/6/09,[標的] 1210 大成 大力空,4
2019/6/09,Re: [心得] 說GOOGLE遊說川普政府解除華為禁令這件事,8
2019/6/09,Re: [心得] FED傾向降息是中國的警訊,0
2019/6/09,[標的] 大盤,63
2019/6/09,[心得] FED傾向降息是中國的警訊,0
2019/6/09,Re: [心得] 說GOOGLE遊說川普政府解除華為禁令這件事,3
2019/6/09,Re: [心得] 說GOOGLE遊說川普政府解除華為禁令這件事,23
2019/6/09,[請益] 程式交易是最強王道?(最遵守紀律),28
2019/6/09,Re: [其他] 關於美國與中國的貿易戰,1
2019/6/09,[請益] 高雄登革熱大失控受惠的股票？,21
2019/6/09,[心得]改變選股策略後 大幅提高了報酬率(對帳單),37
2019/6/09,[請益] vix為什麼禮拜五美股大漲時還會漲？,14
2019/6/09,Fw: [爆卦] 美國或決定把中國企業，從美股踢出,25
2019/6/09,[心得] 說GOOGLE遊說川普政府解除華為禁令這件事,-10
2019/6/09,[新聞] 瓦城無畏貿易戰衝擊 成資金避風港,16
2019/6/09,[標的] 投資石油好標的,18
2019/6/09,[新聞] 陸客來台人數創新高！5月入境成長81.9%,31
2019/6/09,[新聞] 禁關鍵科技輸出美國？中國將建「國家技術,42
2019/6/09,[新聞] 對中國鬆口？ 川普：將與中國達成貿易協,17
2019/6/08,Fw: [新聞] 微軟股價創新高 助市值突破1兆美元大關,6
2019/6/08,Re: [新聞] 易綱暗示人民幣匯率無紅線 人民幣大跌400,1
2019/6/08,Re: [新聞] 易綱暗示人民幣匯率無紅線 人民幣大跌400,11
2019/6/08,Re: [請益] 大家有經歷過2009金融海嘯嗎??,7
2019/6/08,Re: [新聞] 易綱暗示人民幣匯率無紅線 人民幣大跌400,1
2019/6/08,Re: [新聞] 易綱暗示人民幣匯率無紅線 人民幣大跌400,3
2019/6/08,[新聞] 移民署採購弊案 神通少東苗華斌等6人訊,16
2019/6/08,[標的] 台灣美股適合對沖&避險的工具?,3
2019/6/08,[新聞] 易綱暗示人民幣匯率無紅線 人民幣大跌400,28
2019/6/08,[新聞] 蘋果3D感測供應商參數遭竊 穩懋險損失240,25
2019/6/08,[標的] 請問台灣散戶要怎麼做空道瓊?,22
2019/6/08,[新聞] 若Fed降息該如何投資？這些ETF值得參考,12
2019/6/08,[新聞] 大摩對看空評價罕見認錯！ AMD樂漲逾7%,34
2019/6/08,[新聞] 穿戴式裝置在耳戴式機種帶動下，於2019年,3
2019/6/08,Re: [新聞] 最新！美墨達成協議 無限暫停祭墨關稅,38
2019/6/08,[新聞] 16檔營收猛 不怕貿易戰,20
2019/6/08,Re: [請益] 大家有經歷過2009金融海嘯嗎??,1
2019/6/08,Re: [新聞] 盛松成：目前人民幣匯率破「7」弊大於利,2
2019/6/08,[新聞] SoftBank提供GNSS服務給自動駕駛車、農業,1
2019/6/08,Re: [請益] 大家有經歷過2009金融海嘯嗎??,11
2019/6/08,[新聞] 習近平：中國願同各國分享5G技術成果,-10
2019/6/08,[新聞] 選前3～6個月啟動行情,26
2019/6/08,Re: [請益] 大家有經歷過2009金融海嘯嗎??,3
2019/6/08,[請益] 滿手美股多單該怎麼辦？,34
2019/6/08,Re: [心得] 分享一些期權部位建立的破綻,3
2019/6/08,[標的] 聯詠 3034 超級多,12
2019/6/08,[新聞] 最新！美墨達成協議 無限暫停祭墨關稅,100
2019/6/08,Re: [請益] 大家有經歷過2009金融海嘯嗎??,6
2019/6/08,Re: [心得] 希望下次公投能推出假日電子盤交易,7
2019/6/08,[新聞] 風動臺灣創新能源 離岸風電開啟產業經濟,4
2019/6/08,[心得] 分享一些期權部位建立的破綻,0
2019/6/08,Re: [請益] 大家有經歷過2009金融海嘯嗎??,-10
2019/6/08,Re: [請益] 大家有經歷過2009金融海嘯嗎??,0
2019/6/08,[請益] 個人持股上限,6
2019/6/08,Re: [請益] 大家有經歷過2009金融海嘯嗎??,7
2019/6/07,Re: [請益] 大家有經歷過2009金融海嘯嗎??,11
2019/6/07,Re: [請益] 大家有經歷過2009金融海嘯嗎??,1
2019/6/07,[新聞] 貿易戰打不停 外資5月淨匯出640億元 一,10
2019/6/07,[新聞] 美禁令發酵 臉書禁止華為手機預裝其App,15
2019/6/07,Re: [標的] 6186 新潤興業,3
2019/6/07,Re: [請益] 大家有經歷過2009金融海嘯嗎??,31
2019/6/07,[請益] 大家有經歷過2009金融海嘯嗎??,88
2019/6/07,Re: [新聞] 經濟部盼鬆綁7休1 勞動部下周三討論,24
2019/6/07,[新聞] VLSI技術及電路研討會　台積電發布新興記,12
2019/6/07,[新聞] 中俄強化「全面戰略協作」美國擔憂：中俄,26
2019/6/07,[心得] 希望下次公投能推出假日電子盤交易,-10
2019/6/07,Re: [新聞] 經濟部盼鬆綁7休1 勞動部下周三討論,15
2019/6/07,[新聞] 中國重整鋼鐵業 寶武將與馬鋼合併 產量,15
2019/6/07,[新聞] 經濟部盼鬆綁7休1 勞動部下周三討論,18
2019/6/07,Re: [標的] 1909榮成 空 反彈拉紅都是空點必勝,9
2019/6/07,[新聞] 開票結果超過雙門檻！長榮空服取得罷工權,66
2019/6/07,Re: [新聞] 陸俄簽2聯合聲明 攜手抗美,-10
2019/6/07,[新聞] 郭台銘：鴻海營收創新高　賴清德轉行做財,44
2019/6/07,[新聞] 八家金控公布獲利 這家壽險型金控遙遙領,4
2019/6/07,Re: [新聞] 殖利率曲線正大響警報 需當心經濟衰退風,1
2019/6/07,[新聞] 川普：美中肯定會達成協議,41
2019/6/07,[新聞] 晶采(8049)5月營收1億9143萬元，月,8
2019/6/07,[新聞] 郭文貴：香港恐迎來金融大崩潰,8
2019/6/07,[新聞] 《金融》金控獲利逐月增,2
2019/6/07,Re: [新聞] 美股空歡喜 白宮駁斥假新聞：如期對墨西,2
2019/6/07,[新聞] 陸俄簽2聯合聲明 攜手抗美,21
2019/6/07,Re: [請益] 0050現在進場可以嗎,-10
2019/6/07,Re: [請益] 施昇輝的方式，用在哪一檔ETF比較好,15
2019/6/07,Re: [新聞] 群創5月營收 刷今年次高,5
2019/6/07,[新聞] 不受增資影響 禾聯碩股利維持9元,24
2019/6/07,[新聞] 陸廠準備好了 5G手機將上市,5
2019/6/07,[請益] 0050現在進場可以嗎,27
2019/6/07,[新聞] 美推動取消中國在WTO的發展中國家地位,57
2019/6/07,[新聞] 美股空歡喜 白宮駁斥假新聞：如期對墨西,21
2019/6/07,[請益] 施昇輝的方式，用在哪一檔ETF比較好,4
2019/6/07,[新聞] 諾基亞哭哭！華為強勢回歸 全球 5G 訂單,-10
2019/6/07,[新聞]69天內 貿易戰終結中國年內第一個牛市,12
2019/6/07,[新聞] 英飛凌以94億美元收購Cypress，搶攻車用,2
2019/6/07,[新聞] 空軍添購F-16V戰機　漢翔：爭取在台組裝,19
2019/6/07,[新聞] 祭關稅逼Fed降息為連任鋪路 經濟學家：川,21
2019/6/07,[新聞] 川普：20國峰會後決定是否對中國續增稅,30
2019/6/07,Re: [標的] 1809 中釉 短空長多,3
2019/6/06,[新聞] 群創5月營收 刷今年次高,30
2019/6/06,[新聞] 誰敲開大立光跌停板？法人提四種神秘買盤,25
2019/6/06,[新聞] 宏達電5G產品出貨激勵 5月營收回溫月增26,14
2019/6/06,[新聞] 5月20日起全拋售 外資逃殺清倉台灣50,23
2019/6/06,[新聞] 台積電考慮赴美投資 經濟部長說話了,28
2019/6/06,[新聞] 三大股指下跌 滬指連跌6日 5G板塊重挫,2
2019/6/06,[新聞] 法興大空頭：我沒獲選為冠軍顧問 就是牛,10
2019/6/06,Re: [新聞] 台積電前進美國？ 劉德音：考慮收購半導,22
2019/6/06,[新聞]美提議案 在美上市中企需服從監管否則除牌,7
2019/6/06,Re: [新聞] 營運惡化超預期！台中聯盟傳要求 JDI 找追加出資者,3
2019/6/06,Re: [新聞] 台積電前進美國？ 劉德音：考慮收購半導,1
2019/6/06,[標的] 2618 長榮航,21
2019/6/06,Re: [新聞] 繫好安全帶！油金走勢分歧　是股市的凶兆,0
2019/6/06,[其他] 和碩(4938)5月營收(單位:千元),6
2019/6/06,[請益] 現在台股融資水位還有參考價值嗎?,22
2019/6/06,Re: [新聞] 美中對撞新加坡受重傷 4月電子產品出口暴,24
2019/6/06,[其他] 【2888新光金】108年5月自結合併盈餘,21
2019/6/06,Fw: [新聞] 台積電前進美國？ 劉德音：考慮收購半導,14
2019/6/06,[其他] 108年06月06日信用交易統計,23
2019/6/06,[新聞] ECB再延後可能升息時機 宣布新寬鬆措施內,13
2019/6/06,[標的] 1227佳格,18
2019/6/06,[新聞] 【2882 國泰金】108年5月份自結合併盈餘,45
2019/6/06,[新聞] 亞馬遜積極投資自動駕駛與電動車領域,5
2019/6/06,[新聞] 元大期貨108年5月份營運概況,2
2019/6/06,[新聞] 【2885 元大金】108年5月份自結合併盈餘,14
2019/6/06,[其他] 6/6台灣集中市場三大法人買賣超前30名,7
2019/6/06,[其他] 6/6台灣店頭市場三大法人買賣超前20名,1
2019/6/06,[新聞] 美中對撞新加坡受重傷 4月電子產品出口暴,26
2019/6/06,Re: [新聞] 美國擬大規模軍售台灣 含M1A2戰車與大,5
2019/6/06,[新聞] 5G及VR新品出貨挹注 宏達電5月營收7.5億、月增27%,5
2019/6/06,[新聞] 貿易戰緩解？傳波音和中航空公司談判規模9千億飛機訂單,3
2019/6/06,[新聞] 【2884 玉山金】108年5月份自結合併盈餘,29
2019/6/06,[新聞] 〈華為風暴〉影響擴大！華為向供應商砍單或取消訂單,24
2019/6/06,[標的] 8222 寶一,7
2019/6/06,"Re: [其他] 血飲:中國拒絕購買美債,貿然降息QE死更快",6
2019/6/06,"[新聞] 川普又撂狠話! 還可對中國3,000億美元產",22
2019/6/06,[新聞] 受美中貿易戰影響 卜睿哲：台商需選邊站,10
2019/6/06,[標的] 2330 台積電,25
2019/6/06,Re: [其他] 108年06月06日 三大法人買賣金額統計表,0
2019/6/06,[心得] 最近美股少碰 誠心建議,30
2019/6/06,Re: [請益] 現在來看新南向是不是根本準到可怕?,12
2019/6/06,[其他] 108年06月06日 三大法人買賣金額統計表,38
2019/6/06,[請益] 現在來看新南向是不是根本準到可怕?,14
2019/6/06,[新聞] 2834 臺企銀108年5月份自結合併盈餘,42
2019/6/06,[閒聊] 2019/06/06 盤後閒聊,40
2019/6/06,[新聞] 殖利率曲線正大響警報 需當心經濟衰退風,5
2019/6/06,[新聞] 繫好安全帶！油金走勢分歧　是股市的凶兆,17
2019/6/06,[新聞] 東南亞企業來台上櫃意願高,7
2019/6/06,[新聞] 美國擬大規模軍售台灣 含M1A2戰車與大,60
2019/6/06,[標的]5269祥碩,5
2019/6/06,[標的] 3005 神基,5
2019/6/06,[新聞] 5外資看台積電 4家喊買1家重申「中立,27
2019/6/06,Re: [請益] 定存股該不該賣,1
2019/6/06,[標的] 2206 三陽,5
2019/6/06,Re: [請益] 定存股該不該賣,3
2019/6/06,[新聞] 益航2601：拚每年配股1.5元,5
2019/6/06,[新聞] 民企資本逃離中國 利潤劇降或現崩潰局面,12
2019/6/06,[新聞] 吳東亮的彰銀夢要靠他？千億博士坐擁,17
2019/6/06,Re: [標的] 想詢問金融股的漲跌該如何做功課？,37
2019/6/06,[標的] 想詢問金融股的漲跌該如何做功課？,38
2019/6/06,"Re: [其他] 血飲:中國拒絕購買美債,貿然降息QE死更快",-10
2019/6/06,Re: [新聞] Re: [新聞] 聯詠(3034)Q1每股賺3.23元，擬配發8.8元,51
2019/6/06,[新聞] 外資5月淨匯出640億元,10
2019/6/06,[新聞] 台泥108年度第一次無擔保普通公司債,6
2019/6/06,"Re: [其他] 血飲:中國拒絕購買美債,貿然降息QE死更快",7
2019/6/06,"Re: [其他] 血飲:中國拒絕購買美債,貿然降息QE死更快",0
2019/6/06,[其他] 6月八大行庫逐日買賣超金額(至6/5),5
2019/6/06,[閒聊] 2019/06/06 盤中閒聊,100
2019/6/06,[新聞] 台積電下半能否彈升　端看蘋果、超微有多,7
2019/6/06,[請益] 請問上市跟上櫃有關監理的寬鬆度差別？,5
2019/6/06,[新聞] 川普梅伊會談後 未要求英國封殺華為,10
2019/6/06,"Re: [其他] 血飲:中國拒絕購買美債,貿然降息QE死更快",10
2019/6/06,[新聞] 中美若打金融戰... 專家：炒家恐狙擊香港,8
2019/6/06,[新聞] 離岸風電里程碑》 海洋科技產創專區動工,8
2019/6/06,Re: [標的] 富邦vix 00677U 買好買滿,0
2019/6/05,[標的] 2884 玉山金 超級多,-10
2019/6/05,[新聞] 三子公司下市 王光祥：大同我一定要拿下,19
2019/6/05,[其他] 6/5台灣集中市場三大法人買賣超前30名,2
2019/6/05,[其他] 6/5台灣店頭市場三大法人買賣超前20名,0
2019/6/05,[新聞] 美商務部發布確保關鍵礦產報告 釋何信號,10
2019/6/05,[新聞] 中國地方政府舉債達8.89兆新台幣 比去年,8
2019/6/05,[公告] zweihander85 lynos 水桶一周,0
2019/6/05,[新聞] 中國罰長安福特2360萬美元,23
2019/6/05,[公告] MRFROG 警告一次,0
2019/6/05,[公告] liveonce gametheory robertshih警告一次,0
2019/6/05,[公告] z0953781935 GDstyle jackyHUA 警告一次,0
2019/6/05,[其他] 6/05外資集中市場買賣超股票前10名,9
2019/6/05,[新聞] 電子股最壞情況是什麼？兩大外資算給你看,29
2019/6/05,[新聞] 貿易戰衝擊 國安基金必要時採取措施,18
2019/6/05,[新聞] 水泥業唯一 亞泥蟬聯綠色領導獎,15
2019/6/05,"Re: [其他] 血飲:中國拒絕購買美債,貿然降息QE死更快",6
2019/6/05,[新聞] 南韓經濟又一惡兆 保持七年的經常帳順差,13
2019/6/05,[新聞] 《水泥股》山水水泥變身小金雞，亞泥笑,5
2019/6/05,[其他] 108年06月05日信用交易統計,17
2019/6/05,[新聞] 泰晤士報：英國首相梅伊將拒絕「美國禁,6
2019/6/05,[新聞] 鴻海5月營收3842.17億元 歷年同期新高,56
2019/6/05,[新聞] 貿易戰下 大陸股市外國資金外流創新高,3
2019/6/05,[新聞] 印度GDP同比增長5.8%，增速創5年新低,6
2019/6/05,"Re: [其他] 血飲:中國拒絕購買美債,貿然降息QE死更快",27
2019/6/05,Re: [新聞] 5G訂單超越華為！禁令風暴Nokia鹹魚翻身,8
2019/6/05,[新聞] 貿易戰陰影 外資大規模撤出中國股市,11
2019/6/05,Re: [請益] 請問公積跟留盈多會影響你對公司評價嗎？,10
2019/6/05,"Re: [其他] 血飲:中國拒絕購買美債,貿然降息QE死更快",-10
2019/6/05,[標的] 美國道瓊(*UDM9),100
2019/6/05,Re: [請益]有人靠買賣股票賺股利的嗎,8
2019/6/05,[請益] 請問公積跟留盈多會影響你對公司評價嗎？,6
2019/6/05,[新聞] 三星證實縮減中國生產手機規模 啟動自願,17
2019/6/05,[新聞] 劉坤錫：全球掀起降息潮 美Fed降息機率升,10
2019/6/05,[新聞] 劉德音：此次貿易戰與金融海嘯相比 衝擊,42
2019/6/05,[新聞] 劉德音證實 台積電來自華為訂單減少,27
2019/6/05,[新聞]中美貿易戰 轉單贏家排行：越南第一、台灣,15
2019/6/05,[其他] 108年06月05日 三大法人買賣金額統計表,60
2019/6/05,Re: [請益]有人靠買賣股票賺股利的嗎,11
2019/6/05,Re: [請益]有人靠買賣股票賺股利的嗎,21
2019/6/05,[新聞] 國發基金注資台企銀 黃博怡：等行政院點,33
2019/6/05,2019/06/05盤後閒聊,28
2019/6/05,[新聞] 日本全面封殺華為！ 樂天移動選擇NEC打造,27
2019/6/05,[新聞]涉賄賂中共官員 西門子、飛利浦等遭美調查,14
2019/6/05,Re: [請益] 定存股該不該賣,57
2019/6/05,Re: [標的] 4927泰鼎,5
2019/6/05,[請益] 股票融券放空沒有券可放？,9
2019/6/05,[新聞] 怎麼看被動元件景氣？國巨陳泰銘只說這7,39
2019/6/05,[新聞] 肉品需求增 大成、卜蜂連袂揚,5
2019/6/05,[標的] 1437 勤益控股 短線不做多,12
2019/6/05,[標的] 1402 遠東新,27
2019/6/05,[新聞] 2838 聯邦銀 前五月每股稅後盈餘0.25元,12
2019/6/05,[標的] 2330 台積電,21
2019/6/05,[心得] 心態賞析：執念,10
2019/6/05,[新聞] 回應中方白皮書 美國聲明全文翻譯,22
2019/6/05,[新聞] 〈台積電股東會〉劉德音：中長期是很好的,18
2019/6/05,[新聞] 5G訂單超越華為！禁令風暴Nokia鹹魚翻身,8
2019/6/05,Re: [請益] 定存股該不該賣,18
2019/6/05,[新聞] 台積電股東會發10元股利！劉德音：朝3方向發展,9
2019/6/05,[標的] 4109 穆拉德加捷 多多多,27
2019/6/05,Re: [心得] 十年前的文,26
2019/6/05,Re: [請益] 定存股該不該賣,2
2019/6/05,[新聞] 美勞動部證實！威州廠承諾尚未達成 郭董,41
2019/6/05,Re: [請益] 定存股該不該賣,29
2019/6/05,Re: [請益] 定存股該不該賣,25
2019/6/05,Re: [新聞] 美股大漲！Fed暗示有望降息 道瓊飆漲,15
2019/6/05,Re: [新聞] 拜美禁令所賜！諾基亞5G訂單超越華為,0
2019/6/05,[公告] 請提供板主投票異常之資訊,0
2019/6/05,[新聞] 玉山金 號召全台淨灘,6
2019/6/05,[閒聊] 2019/06/05 盤中閒聊,100
2019/6/05,[新聞] 三星代工報價低廉呼喚 NVIDIA下世代7奈米,11
2019/6/05,[其他] 6月八大行庫逐日買賣超金額(至6/4),2
2019/6/05,[新聞] 美股大漲！Fed暗示有望降息 道瓊飆漲512,31
2019/6/05,[新聞] 彰銀明年董監改選　公股、台新金買股動起,4
2019/6/05,[新聞] 鮑爾露口風 不排除降息,14
2019/6/05,[新聞] 台灣太陽能前景看俏 國內外業者紛搶進,0
2019/6/04,[心得] FED放出降息之後的一些 觀點分享,53
2019/6/04,[請益] 請問台股怎麼掛長期單？,9
2019/6/04,Re: [新聞] 台灣壽險業者恐成美債市場的一大威脅，甚,40
2019/6/04,Re: [新聞] 拜美禁令所賜！諾基亞5G訂單超越華為,0
2019/6/04,[新聞] 拜美禁令所賜！諾基亞5G訂單超越華為,41
2019/6/04,[其他] 6/4 台灣集中市場外資買賣超前30名,9
2019/6/04,Re: [請益] 貿易戰 深耕台灣的台廠機械業是否利多 ?,13
2019/6/04,[其他] 108年06月潤3日信用交易統計,23
2019/6/04,[其他] 6/4 台灣店頭市場三大法人買賣超前20名,4
2019/6/04,[標的] 華碩 2357 空,0
2019/6/04,[標的] 富邦vix 00677U 買好買滿,100
2019/6/04,[新聞] 台積明股東會 先駁假新聞,12
2019/6/04,[新聞] 市場預測 Fed最快7月降息,41
2019/6/04,[新聞] 第五屆公司治理評鑑 77家新進前5%,13
2019/6/04,[請益] ETF如果交易量低/規模太小是不是也是風險,16
2019/6/04,[新聞] 中墨先後面臨關稅威脅 全球電視市場發展,12
2019/6/04,Re: [新聞] 永豐金吹哨者告白 正義的煎熬為何遙遙無期？,0
2019/6/04,[新聞] 旺季效應！鮮活5月合併營收刷新單月紀錄,6
2019/6/04,Re: [請益] 貿易戰 深耕台灣的台廠機械業是否利多 ?,16
2019/6/04,Re: [新聞] 美中互祭關稅箝制 瑞銀：台韓電子業可收,7
2019/6/04,[新聞] 雲豹30機砲車通過兩千公里路跑車測 軍備局綜判合格,0
2019/6/04,Re: [心得] 關於端午變盤的一點計算,0
2019/6/04,"[新聞] 外資下修台股指數至10,400點 首選10檔買",30
2019/6/04,[新聞] 星展：越南將在10年內超越新加坡,73
2019/6/04,[心得] 關於端午變盤的一點計算,12
2019/6/04,[新聞] 全民權證／台灣高鐵 押價平,10
2019/6/04,[其他] 108年06月04日 盤勢觀點與盤後籌碼分析,5
2019/6/04,[新聞] 美中互祭關稅箝制 瑞銀：台韓電子業可收,8
2019/6/04,[新聞] 穩懋(3105)5月營收13億9383萬元,25
2019/6/04,[新聞] 台灣壽險業者恐成美債市場的一大威脅，甚,49
2019/6/04,[其他] 108年06月04日 三大法人買賣金額統計表,75
2019/6/04,Re: [標的] 大盤,2
2019/6/04,[新聞] COF產業面臨結構性轉變 郭明錤示警頎邦、,15
2019/6/04,[閒聊] 2019/06/04  盤後閒聊,54
2019/6/04,Re: [標的] 富邦VIX  00677U  長多,5
2019/6/04,[新聞] 台積電處分中芯9437張持股 處分收益約1.2,24
2019/6/04,[新聞] 公股銀200億元尚未上膛 操盤手因應貿易,7
2019/6/04,Re: [新聞] 郭台銘才好傻好天真？徐嶔煌：國際認知,0
2019/6/04,Re: [請益] 貿易戰 深耕台灣的台廠機械業是否利多 ?,54
2019/6/04,Re: [請益] 貿易戰 深耕台灣的台廠機械業是否利多 ?,4
2019/6/04,[新聞] 《熱門族群》台灣高鐵等九檔市值寫新高,7
2019/6/04,[新聞] 穩懋有望獲陸轉單，股價開高挑戰月線,17
2019/6/04,[新聞] 躲貿易戰瘋狗浪？華為擬出售海底電纜合,2
2019/6/04,Re: [標的] 2881B 富邦乙特 (請益),9
2019/6/04,[請益] 有人在用群益策略王模擬平台嗎?,0
2019/6/04,[新聞] 蘋概股沒跌完「現在不適合抄底,40
2019/6/04,[新聞] 郭台銘才好傻好天真？徐嶔煌：國際認知,81
2019/6/04,[請益] 可以設定股票買入價及賣出價的網站或軟體,2
2019/6/04,Re: [新聞] 生氣了！英國開通5G服務　BBC直播大讚華,18
2019/6/04,Re: [請益] 貿易戰 深耕台灣的台廠機械業是否利多 ?,12
2019/6/04,[新聞] 華新科(2492)搶日單 奏效,2
2019/6/04,[請益] 往後10年會是社會重新洗牌的契機嗎??,1
2019/6/04,Re: [標的] 6234 高僑 多,28
2019/6/04,[新聞] 〈反壟斷風暴〉蘋果也遭司法部調查 股價,8
2019/6/04,[請益] 貿易戰 深耕台灣的台廠機械業是否利多 ?,17
2019/6/04,[閒聊] 2019/06/04 盤中閒聊,100
2019/6/04,[其他] 6月八大行庫逐日買賣超金額(至6/3),5
2019/6/04,[新聞] 華為分神　Oppo、Vivo伺機搶COF產能,14
2019/6/04,[新聞] 美國ITC：Neodron對聯想、亞馬遜、戴爾,0
2019/6/04,[新聞] AMD牽手三星！授權繪圖晶片技術於手機,11
2019/6/04,[新聞] 貿易戰大轉單 野村：台灣將獲佔GDP逾2％,38
2019/6/04,[新聞] 華為海洋遭美國媒體點名為「安全漏洞」,19
2019/6/04,Re: [新聞] 生氣了！英國開通5G服務　BBC直播大讚華,44
2019/6/04,[標的] 2838 聯邦銀 多,16
2019/6/03,[新聞] 寶成轉型 擴大東南亞布局,12
2019/6/03,[新聞] 沒有張忠謀的股東會 台積電股東聚焦5問題,2
2019/6/03,[新聞] HTC宏達電VR 攜HBO推冰與火之歌,7
2019/6/03,Re: [請益] 統ㄧ投顧全委託代操,8
2019/6/03,[標的] 6579研揚,0
2019/6/03,[請益] 6442光聖,0
2019/6/03,Re: [標的] 1809 中釉 短空長多,4
2019/6/03,[請益] 美股買到即將被收購的公司,11
2019/6/03,[其他] 6/3 台灣集中市場外資買賣超前30名,10
2019/6/03,[其他] 6/03外資集中市場買賣超股票前10名,7
2019/6/03,[新聞] 中國「殭屍鋼鐵廠」復活 恐擾亂全球鋼鐵,10
2019/6/03,[其他] 6/3 台灣店頭市場三大法人買賣超前20名,0
2019/6/03,Fw: [新聞] 德商英飛凌斥資90億歐元併購賽普拉斯,5
2019/6/03,[其他] 108年06月04日信用交易統計,30
2019/6/03,[新聞] 中環:本公司取得牧德普通股股票之公告,24
2019/6/03,[標的] 1813寶利徠,7
2019/6/03,[新聞] 惠譽：大陸今年企業債違約或創新高,9
2019/6/03,[標的] 1712 興農  美農跌倒，興農吃飽,2
2019/6/03,[心得] 關於川普的call訊,16
2019/6/03,[新聞] 美中貿易戰升溫 外資拋售中國股票先跑先,10
2019/6/03,Re: [新聞] 郭台銘示警將有更大金融海嘯 顧立雄10字,4
2019/6/03,[新聞] 個股：桃空職工明上街頭，法人首評長榮,18
2019/6/03,[新聞] 郭台銘示警將有更大金融海嘯 顧立雄10字,79
2019/6/03,[其他] 1723 中碳股東會紀念品,12
2019/6/03,[新聞] 郭台銘批蔡英文用台商回流麻醉大眾,-10
2019/6/03,[新聞] Fed報告：台灣入列貿易戰真正的贏家,48
2019/6/03,[新聞] 美國二大政府機關要對Google與Amazon啟.,36
2019/6/03,Re: [標的] 1909榮成 空 反彈拉紅都是空點必勝,10
2019/6/03,[其他] 108年06月03日 三大法人買賣金額統計表,100
2019/6/03,[標的] 6234 高僑 多,37
2019/6/03,Re: [標的] 達威 5432 多,4
2019/6/03,[閒聊] 2019/06/03   盤後閒聊,25
2019/6/03,[標的] 6414 樺漢 空,18
2019/6/03,[標的] 3661 世芯-KY 多,5
2019/6/03,[標的] 3293鋅象,21
2019/6/03,[新聞] 貿易戰亂炸股市 外資點名這企業勝台積電,-10
2019/6/03,[新聞] 夏日輕衫活動 新光金落實節電,4
2019/6/03,Re: [新聞] 比特幣創今年來新高 挖礦股聯歡,6
2019/6/03,[新聞] 美國是否會施壓台積電？郭明錤列11點Q＆A,15
2019/6/03,[新聞] 電信管理法三讀 5G開放共網共建,13
2019/6/03,[新聞] 焦點股：中手遊人民幣1.2億元入帳，大宇,8
2019/6/03,[標的] 緯創3231,13
2019/6/03,[新聞] IEEE最新聲明：解除華為員工編輯和審稿,7
2019/6/03,[新聞] 新光金 三大法人敲進,17
2019/6/03,[請益] 大同條款影響,2
2019/6/03,[其他] 八大行庫與外資逐月買賣超金額(1至5月),8
2019/6/03,[新聞] 彰銀 海外積極布局,0
2019/6/03,[新聞] 華為禁令讓台積電躺著也中槍　業界憂：,20
2019/6/03,[標的] 3406玉晶光,27
2019/6/03,[閒聊] 2019/06/03 盤中閒聊,100
2019/6/03,[新聞] 中國大陸主機板出貨恐跌3成　業者憂6月漲,0
2019/6/03,[其他] 5月八大行庫逐日買賣超金額(至5/31),6
2019/6/03,[新聞] 台積出貨華為 美無可奈何,33
2019/6/03,[新聞] 美墨協商有譜？ 墨總統稱美有意對話,16
2019/6/03,[新聞] 美中貿易戰波及 港媒：富士康已停止華為,12
2019/6/03,Re: [新聞] 生氣了！英國開通5G服務　BBC直播大讚華,24
2019/6/03,Re: [新聞] 生氣了！英國開通5G服務　BBC直播大讚華,5
2019/6/02,[新聞] 台股作帳行情 將啟動,25
2019/6/02,[心得] 美國相關經濟數據 週整理,41
2019/6/02,Re: [新聞] 生氣了！英國開通5G服務　BBC直播大讚華,0
2019/6/02,[新聞] 日經：中國疑繞道台灣洗產地規避美國關稅,16
2019/6/02,[其他] 近三月大盤權重,8
2019/6/02,Re: [新聞] 生氣了！英國開通5G服務　BBC直播大讚華,54
2019/6/02,Re: [新聞] 郭台銘示警政府：比金融海嘯更大的海嘯即將來臨,-10
2019/6/02,Re: [新聞] 郭台銘示警政府：比金融海嘯更大的海嘯即將來臨,3
2019/6/02,[心得] 中美角力──慎防景氣循環提前進入衰退！,54
2019/6/02,Re: [新聞] 郭台銘示警政府：比金融海嘯更大的海嘯即將來臨,18
2019/6/02,Re: [新聞] 華為手機減單！鴻海傳多條產線停工,4
2019/6/02,Re: [新聞] 郭台銘示警政府：比金融海嘯更大的海嘯即,4
2019/6/02,[新聞] 華為手機減單！鴻海傳多條產線停工,59
2019/6/02,[新聞] 《金融股》玉山金業務穩健成長,22
2019/6/02,Re: [新聞] 郭台銘示警政府：比金融海嘯更大的海嘯即,17
2019/6/02,Fw: [新聞] Computex規模、買家 雙創新高,9
2019/6/02,[新聞] 10家銀行編不出財報,22
2019/6/02,[標的] 0053元大電子,3
2019/6/02,[新聞] 挺華為恐變不挺！老美戳中台積電3大要害,11
2019/6/02,[標的] 2838 聯邦銀 空,0
2019/6/02,Re: [新聞] 郭台銘示警政府：比金融海嘯更大的海嘯即,6
2019/6/02,[新聞] 軍方投入1368億餘元 2029年造71新艦,10
2019/6/02,[標的] 3044健鼎,12
2019/6/02,[新聞] 中國貿易戰白皮書：竊取智財權指控無中生,8
2019/6/02,Re: [新聞] 不爽搞死華為！陸黑名單 獵殺哪些美企,4
2019/6/02,Re: [新聞] 郭台銘示警政府：比金融海嘯更大的海嘯即,0
2019/6/02,Re: [新聞] 郭台銘示警政府：比金融海嘯更大的海嘯即,3
2019/6/02,Re: [新聞] 郭台銘示警政府：比金融海嘯更大的海嘯即,14
2019/6/02,Re: [新聞] 生氣了！英國開通5G服務　BBC直播大讚華,27
2019/6/02,Re: [新聞] 郭台銘示警政府：比金融海嘯更大的海嘯即,7
2019/6/02,Re: [新聞] 郭台銘示警政府：比金融海嘯更大的海嘯即,11
2019/6/02,[新聞] 郭台銘示警政府：比金融海嘯更大的海嘯即,69
2019/6/02,Re: [新聞] 「成也星巴克，敗也星巴克」統一集團被,21
2019/6/02,Re: [新聞] 中共發表8千字白皮書 轟美多次出爾反爾殃,23
2019/6/02,Re: [新聞] 中共發表8千字白皮書 轟美多次出爾反爾殃,15
2019/6/02,[新聞] 獲利跌很大！國銀中國分行 4月獲利衰退30,8
2019/6/02,[其他] 強勢的子公司討論,22
2019/6/02,[新聞] 中共發表8千字白皮書 轟美多次出爾反爾殃,49
2019/6/02,Re: [新聞] 不爽搞死華為！陸黑名單 獵殺哪些美企,27
2019/6/02,Re: [新聞] 不爽搞死華為！陸黑名單 獵殺哪些美企,6
2019/6/02,Re: [新聞] 不爽搞死華為！陸黑名單 獵殺哪些美企,-10
2019/6/02,Re: [新聞] 不爽搞死華為！陸黑名單 獵殺哪些美企,70
2019/6/02,Re: [新聞] 不爽搞死華為！陸黑名單 獵殺哪些美企,53
2019/6/02,[新聞] 不爽搞死華為！陸黑名單 獵殺哪些美企,61
2019/6/02,[心得] 美國對中國25%關稅 原文公告,31
2019/6/02,[新聞] FedEx遭控助美審查華為 中國：將展開調查,16
2019/6/02,[請益] 會計學書籍推薦?,33
2019/6/02,Re: [新聞] 川普關稅戰美企與消費者成苦主 德銀：美,0
2019/6/02,Fw: [花邊] 少詹皇差很大? 全美總冠軍賽收視率十年新低,8
2019/6/02,Re: [新聞] 川普關稅戰美企與消費者成苦主 德銀：美,18
2019/6/02,[請益] 可設定自動停損停利的券商軟體?,23
2019/6/01,[新聞] 川普關稅戰美企與消費者成苦主 德銀：美,23
2019/6/01,[公告] mmbappe hancke 水桶一週,0
2019/6/01,[公告] ycm0926 czqs2000 xcom cijkean水桶一週,0
2019/6/01,[請益] 有人用過財經m平方嗎?,19
2019/6/01,"[新聞] 5.5億債券違約:中泰證券""已盡責"" 冠石資",0
2019/6/01,[新聞] 貿易戰延燒！川普：5日終止印度貿易優惠,19
2019/6/01,[請益] 關於看盤軟體提供個股研究報告,1
2019/6/01,[請益] 新手適合的下單軟體,9
2019/6/01,[請益] 近期那麼亂還把錢放股市的484都是賭徒?,40
2019/6/01,[新聞] 全球經濟溫和成長 拉回即買點,38
2019/6/01,Re: [請益] 定存股該不該賣,15
2019/6/01,[請益] 定存股該不該賣,73
2019/6/01,Re: [心得] 對台股還是沒信心,3
2019/6/01,[新聞]《文創股》必應今年營運逐季增溫，目標更,5
2019/6/01,[新聞] 香港再現非洲豬瘟 須銷毀4700隻活豬,16
2019/6/01,[新聞] 上市櫃薪資排行 鴻準員工年領近600萬居,18
2019/6/01,[請益] 好的投資報酬率記帳軟體？,10
2019/6/01,[新聞] 英電信商 EE 開通 5G 服務，稱華為設備,6
2019/6/01,[心得] 期交所為何不推出周六周日電子盤呢？,6
2019/6/01,[新聞]聲援教團「反護盤」 藍委:年金能改的通通改回來,0
2019/6/01,[請益] 盈餘分配率相關問題,3
2019/6/01,[新聞] 小摩挺金融 首選富邦金,33
2019/6/01,[請益] 這幾年的恐怖飆股,72
2019/6/01,[標的] 6558 興能高,12
2019/6/01,[新聞] 從搬出中國到滾出中國　聯想改名聯想中國,34
2019/6/01,[心得] 情境賞析：似曾相識,8
2019/6/01,Re: [請益] 讓世界各大企業開始封殺華為的契機是,1
2019/6/01,Re: [標的] 如果公司的品格會出第三集,6
2019/6/01,[新聞] 貿易戰衝擊美國製造業，重塑全球經濟,2
2019/6/01,Re: [心得] 對台股還是沒信心,6
2019/6/01,[標的] 6-27-5 元本(x)山,3
2019/6/01,Re: [標的] 6488 環球晶 多單進場,10
2019/6/01,Re: [新聞] 〈美祭墨關稅〉與美國簽協議的意義何在？,0
2019/6/01,[心得] 要注意的是中小型股的走法,7
2019/6/01,Re: [新聞] 〈美祭墨關稅〉與美國簽協議的意義何在？,0
2019/6/01,[新聞] 美副總統彭斯爆料：華為是共產黨全資子,46
2019/6/01,Re: [請益] 讓世界各大企業開始封殺華為的契機是,0
2019/6/01,Re: [請益] 讓世界各大企業開始封殺華為的契機是什,16
2019/6/01,[新聞] 景碩科技投資165億 台商回流累積逾3300億,14
2019/6/01,[請益] 讓世界各大企業開始封殺華為的契機是什,16
2019/6/01,[心得] 對台股還是沒信心,43
2019/6/01,Re: [新聞] 生氣了！英國開通5G服務　BBC直播大讚華,0
2019/6/01,[新聞] 〈美祭墨關稅〉與美國簽協議的意義何在？,8
2019/6/01,Re: [新聞] 挺華為還能撐多久？郭文貴爆：過兩天就,14
2019/6/01,[新聞] 美印關稅戰線開打？川普宣布 6 月 5 日起,38
2019/6/01,Re: [新聞] 生氣了！英國開通5G服務　BBC直播大讚華,9
2019/6/01,[新聞] 快訊-川普停止印度發展中國家普惠制待遇,24
2019/6/01,[新聞] 13檔低檔轉運股 領彈,4
2019/6/01,[新聞] 華為反擊美 將限制員工與美國人互動,3
2019/6/01,[新聞] 美光出聲明：停止為華為直接或間接供應記,15
2019/6/01,[新聞] 華為年報自揭受政府補助 10年拿504億元,26
2019/6/01,Re: [新聞] 傳華為限制內部與美交往 遣送美國員工,21
2019/6/01,Re: [新聞] 生氣了！英國開通5G服務　BBC直播大讚華,20
2019/6/01,[標的] 2881 富邦金,16
2019/6/01,Re: [新聞] 生氣了！英國開通5G服務　BBC直播大讚華,44
2019/5/31,[Stock] 看板 選情報導,0
2019/5/31,[其他] 5/31外資集中市場買賣超股票前10名,8
2019/5/31,Re: [新聞] 華為傳無法取得新思晶片軟體更新 半導體,0
2019/5/31,[新聞] 中國5月官方製造業PMI 49.4跌回萎縮區間,8
2019/5/31,Re: [新聞] 生氣了！英國開通5G服務　BBC直播大讚華,39
2019/5/31,[新聞] 電信法通過有利5G釋照 NCC：最快12月競標,0
2019/5/31,[標的] 台指 短多,6
2019/5/31,[新聞] 退休基金護盤挨轟蘇揆:幫每位勞工賺了1萬,0
2019/5/31,[標的] 2107 厚生 多,6
2019/5/31,[新聞] 華為事件後，全球電信設備市場版圖出現,11
2019/5/31,[其他] 108年05月31日信用交易統計,25
2019/5/31,[新聞] 生氣了！英國開通5G服務　BBC直播大讚華,10
2019/5/31,Re: [新聞] 中國反擊！宣布將建立「不可靠實體清單玖,8
2019/5/31,Re: [心得] 畢業了,2
2019/5/31,[新聞] 漢翔胡開宏:47家國內廠商進入高教機供應,3
2019/5/31,[新聞] 華為傳無法取得新思晶片軟體更新 半導體,49
2019/5/31,Re: [心得] 畢業了,26
2019/5/31,[新聞] 中國反擊！宣布將建立「不可靠實體清單玖,78
2019/5/31,[新聞] 傳華為限制內部與美交往 遣送美國員工,18
2019/5/31,[新聞] 不介入彰銀股權之爭 彰銀股權盯金金分離,6
2019/5/31,[新聞] 日本最低工資擬調高逾3% 最快6月前拍板,0
2019/5/31,[新聞] 歷年6月全球股市表現 印度、東協亮眼,4
2019/5/31,[請益] 康和新金鑽平台,7
2019/5/31,[新聞] 商務部：中國將建立不可靠實體清單制度,43
2019/5/31,[標的] 下週這個大盤應該有機會翻多了,45
2019/5/31,Re: [標的] 2823中壽 (空),3
2019/5/31,[請益] 低波高股息ETF,9
2019/5/31,[新聞] 力晶12吋昨併給力積電 擬增資4.5億股,11
2019/5/31,[新聞] 全球鋼產過剩 中鋼憂衝擊行情,13
2019/5/31,[新聞] 行動支付夯 調查：逾9成網友都用過 最常,17
2019/5/31,"[新聞] 南山半年苦吞1,680萬罰金",4
2019/5/31,[新聞] 新壽加碼台股 大買電信三雄,22
2019/5/31,[其他] 股版有哪些讓你覺得好笑的詞彙,70
2019/5/31,[標的] 4966譜瑞-KY權證,2
2019/5/31,[新聞] 台西文蛤暴斃殼積如山 漁民要求查禍源,16
2019/5/31,[其他] 108年05月31日 三大法人買賣金額統計表,95
2019/5/31,[標的]3363上詮 打底 底部進,5
2019/5/31,[標的] 6488 環球晶 多單進場,22
2019/5/31,[閒聊] 2019/05/31 盤後閒聊,58
2019/5/31,Re: [標的] 欣興 空,14
2019/5/31,[新聞] 華為風暴 日軟銀5G選定北歐業者 NTT等可,13
2019/5/31,[新聞] 「歡迎臺商回臺投資行動方案」第19次聯審,13
2019/5/31,[新聞] 終止印度貿易優惠待遇 美官員：木已成舟,34
2019/5/31,[標的] 台指空 (獲利了結 結案),100
2019/5/31,Re: [標的] 聲寶 1604 多,6
2019/5/31,Re: [標的] 台指多,0
2019/5/31,[新聞] 貿易戰造成企業回流，配合政策為何？,12
2019/5/31,[新聞] 新光金獲利亮眼 2大外資加碼逾11萬張,4
2019/5/31,[新聞] 新光金去年每股隱含價值20.1元；今年銀行放款估增6%,17
2019/5/31,[新聞] 貿戰擊倒多家大陸銀行 官方速刪陸媒報導,25
2019/5/31,[其他] 5月八大行庫逐日買賣超金額(至5/30),2
2019/5/31,[新聞] 玉山金控連5年得獎金控公司唯一,18
2019/5/31,[新聞] 勞退210億 本周大買股,20
2019/5/31,[標的] 2897A王道銀甲特 穩贏不輸多,25
2019/5/31,[標的] 美琪瑪 多,11
2019/5/31,[新聞] Fed報告：貿易戰真正的贏家有台灣、韓國,22
2019/5/31,[新聞] 華為拱陸記憶體「快步跑」　長江存儲提前,15
2019/5/31,[新聞] 5G不必押華為 經長：台與歐盟5G合作10月,17
2019/5/31,[閒聊] 2019/05/31 盤中閒聊,100
2019/5/31,Re: [心得] 老川要對墨西哥加稅啦！,18
2019/5/31,[心得] 老川要對墨西哥加稅啦！,79
2019/5/31,[新聞] 中國稱非洲豬瘟140例 農委會：數據不可信,40
2019/5/31,[新聞] 野村談持股策略 三星優於台積電,17
2019/5/30,Fw: [爆卦] 昨天(5/29)綠能產出約16萬桶瓦斯的電能!,-10
2019/5/30,[請益] 隆大5519 怎麼看,17
2019/5/30,[新聞] 美國商會白皮書 憂供電不穩,19
2019/5/30,[新聞] 公司治理評鑑／玉山金誠信經營 連續五年,17
2019/5/30,[新聞] 繼 SD 協會之後，華為重回 JEDEC 協會、,0
2019/5/30,[新聞] 釋信號試水溫？ 余永定稱人民幣破7可接受,19
2019/5/30,[新聞] 破天荒！鴻海6/11將自辦法說會 5位董事候,9
2019/5/30,[新聞] 大的在後頭？中國短期石油恐有斷供風險,76
2019/5/30,Re: [心得] 心態賞析：accept,9
2019/5/30,[公告] as90092tw 水桶一週 gn01874474 警告一次,0
2019/5/30,[公告] GigiBuffon sambala zithromax 警告一次,0
2019/5/30,[標的] 1101台泥 多,17
2019/5/30,[新聞] 聯發科5G晶片 創五個第一,6
2019/5/30,[新聞] 團結力量大！宏達電VIVEPORT支援所有主流,7
2019/5/30,[其他] 108年05月30日信用交易統計,43
2019/5/30,[新聞] 高雄210億投資案全喊卡 林義守：真的太痛,21
2019/5/30,[新聞] 5月期權交易爆量 前五個月期選交易量突破,3
2019/5/30,[請益] 為什麼平均單價會不一樣?,9
2019/5/30,[新聞] 「襪鄉」彰化社頭滅鎮？老店、連鎖店接連,12
2019/5/30,[標的] 上銀2049,16
2019/5/30,[新聞] 圍堵伊朗無用？香港不甩美國制裁令,51
2019/5/30,[新聞] 因應貿易戰，微星(2377)擬擴大筆電在台,16
2019/5/30,[新聞] 華為擬於首爾 開設全球首座5G研發中心,37
2019/5/30,[新聞] 中鋼股東會紀念品，發放開跑,16
2019/5/30,[新聞] 台積電都跌到230元了 法人坦言：買點仍1,75
2019/5/30,[請益] 董事是不是一張股票都沒有比較方便,6
2019/5/30,[新聞] 掏空大同 前老董林蔚山確定要坐牢了,22
2019/5/30,[請益] 買股要往人多地方去??,11
2019/5/30,Re: [標的] 2317 鴻海 多,16
2019/5/30,[新聞] 陸半導體新貴：台積電若不幫華為　就沒,33
2019/5/30,[請益] 請問獨董是要選的還是可以直接聘的？,10
2019/5/30,Re: [新聞] 美抵制華為 專家:台積電等大廠快撤出中國,6
2019/5/30,[新聞] 中美貿易戰不停　北越成電子業新基地！,13
2019/5/30,[其他] 福盈科被公開收購案，條件均已成就,0
2019/5/30,[新聞] 貿易戰美中兩敗俱傷 報告列台灣南韓為真,10
2019/5/30,[其他] 108年05月30日 三大法人買賣金額統計表,100
2019/5/30,[新聞] 15檔技術面強 法人敲進,20
2019/5/30,[新聞] 美抵制華為 專家:台積電等大廠快撤出中國,0
2019/5/30,[新聞] 科技股投資別問巴菲特！這位高人傳授6心法,3
2019/5/30,[閒聊] 2019/05/30 盤後閒聊,32
2019/5/30,Re: [其他] 別人恐懼我貪婪是幹話嗎,17
2019/5/30,Re: [心得] 到底是不是國家隊護盤,21
2019/5/30,[新聞] 更新軟件突然死機 華為香港客服擠滿用戶,14
2019/5/30,[其他] 5月八大行庫逐日買賣超金額(至5/29),6
2019/5/30,Re: [新聞] 王道銀首季獲利大增164%,23
2019/5/30,[新聞] 大陸建設再賣9858張高鐵股票 全數出脫完,22
2019/5/30,[新聞] 4月製造業燈號終結連5藍 台商回流內需有,8
2019/5/30,[新聞] 永豐金吹哨者告白 正義的煎熬為何遙遙無期？,40
2019/5/30,Re: [其他] 別人恐懼我貪婪是幹話嗎,8
2019/5/30,[新聞] 玉山金獲利亮眼 股價穩步走揚,52
2019/5/30,[新聞] 包商銀遭接管 流動性縮！央媽難題 釋資,15
2019/5/30,[請益] 凌嘉科,2
2019/5/30,Re: [標的] 台指多,1
2019/5/30,Re: [請益] 日盛APP移動鎖利的功能,0
2019/5/30,[新聞] 貿易戰正在改變中國！班農：川普不會退縮,10
2019/5/30,[其他] 看幾個數據猜一家公司,33
2019/5/30,[新聞] WiFi聯盟、藍牙聯盟、JEDEC協會已恢復華,34
2019/5/30,[閒聊] 2019/05/30 盤中閒聊,100
2019/5/30,[新聞]  汪浩觀點：郭董當總統，鴻海250！,42
2019/5/30,[心得] 心態賞析：心之所向,10
2019/5/30,[新聞] 超微晶片組委外效益顯　英特爾考慮跟進合,12
2019/5/30,[新聞] 高通違反市場壟斷，需重議專利授權金,7
2019/5/30,Re: [其他] 別人恐懼我貪婪是幹話嗎,9
2019/5/30,Re: [新聞] 專家眼中最佳致富捷徑 多數年輕人竟,11
2019/5/30,[新聞] 中美貿易戰下個戰場是啥？專家：美國股市,5
2019/5/30,[新聞] 台積電單月跌勢創10年最差 投資人2字感嘆,36
2019/5/30,[新聞] 群創車用顯示技術獲美通用汽車供應商創新,5
2019/5/30,[新聞] 大股東不玩了？大飲董事會決議規劃下市,24
2019/5/30,[新聞] 錢櫃併好樂迪 公平會延長審查,9
2019/5/29,[公告] prosaic aocboy AIIT jirry901 警告一次,0
2019/5/29,[公告] ipipwrong 水桶一週,0
2019/5/29,[公告] oil01 impopeye plsmaop 水桶一週,0
2019/5/29,[公告] sangola TWofPRC 水桶10年,0
2019/5/29,[公告] wcontact gn01948540 ksvs0406 警告一次,0
2019/5/29,[公告] cchbrian bp4u4ap6 tensionship 水桶一週,0
2019/5/29,[公告] JasperChang 水桶一個月,0
2019/5/29,[公告] silver5566 zh9070 gauss5566 警告一次,0
2019/5/29,[新聞] 可成面臨結構性風險 外資目標價下探160元,24
2019/5/29,[新聞] 債市警鈴大作！美股早盤大跌逾200點 油價,18
2019/5/29,[標的] 道瓊（空）,9
2019/5/29,[新聞] 股價3年飆2倍！老謝嗆：誰說高鐵是廢鐵,29
2019/5/29,Re: [新聞] 貿易戰升溫 3億雙襪子訂單，找上人口,21
2019/5/29,Re: [新聞] 專家：中國房地產已出現日本泡沫經濟跡象,6
2019/5/29,Re: [新聞] 林蔚山掏空案 高院更審重判8年,10
2019/5/29,[新聞] 被華為反超！首季蘋果手機市佔跌至11.9％,14
2019/5/29,[新聞]談判破局內幕曝光 傳美要求中共開放互聯網,23
2019/5/29,[新聞] 大師論壇／張忠謀：組國家隊 不妥且無效,19
2019/5/29,[標的] 玉山金 2884 空,56
2019/5/29,[其他] 108年05月29日信用交易統計,24
2019/5/29,[新聞] 任正非真成「獨狼」？傳4萬海外員工拒絕,43
2019/5/29,[標的] GIS KY (代號6456）多,15
2019/5/29,[新聞] 台商回台熱挹注 經濟部:民間消費動能穩,9
2019/5/29,Re: [請益] 政府主導但最後失敗的產業政策？,5
2019/5/29,Re: [其他] 別人恐懼我貪婪是幹話嗎,5
2019/5/29,Re: [其他] 別人恐懼我貪婪是幹話嗎,3
2019/5/29,[標的] 台指多,50
2019/5/29,Re: [其他] 別人恐懼我貪婪是幹話嗎,10
2019/5/29,[請益] 放空00655L如何使用中國A50期貨鎖住獲利,1
2019/5/29,[標的] 緯軟多,7
2019/5/29,[新聞] 美財政部匯率報告 中國仍在觀察名單台灣,13
2019/5/29,[心得] 5/29日 外資陸資不含自營商 買賣超排序,15
2019/5/29,[新聞] 林蔚山掏空案 高院更審重判8年,14
2019/5/29,Re: [請益] 政府主導但最後失敗的產業政策？,46
2019/5/29,Re: [其他] 別人恐懼我貪婪是幹話嗎,0
2019/5/29,Re: [其他] 別人恐懼我貪婪是幹話嗎,1
2019/5/29,[標的] 3515華擎（請益）,8
2019/5/29,[請益] 政府主導但最後失敗的產業政策？,17
2019/5/29,Re: [其他] 別人恐懼我貪婪是幹話嗎,4
2019/5/29,[新聞] 10奈米對決超微7奈米年底開戰　英特爾要,15
2019/5/29,Re: [其他] 別人恐懼我貪婪是幹話嗎,8
2019/5/29,[新聞] 避中美貿易戰 中國富豪移居英國增五成,20
2019/5/29,[標的] 2405浩鑫 (多),8
2019/5/29,[新聞] 貿易戰升溫 3億雙襪子訂單，找上人口只有,36
2019/5/29,[其他] 108年05月29日 三大法人買賣金額統計表,75
2019/5/29,[新聞] DRAM供應商庫存續增 Q2價格跌幅逼近25%,24
2019/5/29,[其他] 5月八大行庫逐日買賣超金額(至5/28),5
2019/5/29,[新聞] 新加坡政府棄中回台加碼我國6大金控　看,3
2019/5/29,Re: [其他] 別人恐懼我貪婪是幹話嗎,8
2019/5/29,[請益] 日盛APP移動鎖利的功能,3
2019/5/29,[閒聊] 2019/05/29 盤後閒聊,16
2019/5/29,Re: [其他] 別人恐懼我貪婪是幹話嗎,4
2019/5/29,[新聞] 反「暴政」！華為向美申請封殺令違憲,51
2019/5/29,[請益] 想賣庫存變成當沖?,-10
2019/5/29,[新聞] 新光金Q1淨值創6年新高 法說會有三大看點,17
2019/5/29,[新聞] 反韓反日不見反美貨，中國對待敵手軟硬有別,16
2019/5/29,[新聞] 華為禁制令影響 大立光遭外資降評下修目標價,6
2019/5/29,[新聞] Gartner：華為智慧手機若無法使用 Google,5
2019/5/29,[新聞] 陸媒狠批李嘉誠：大舉拋售房產 蛀蝕中國,92
2019/5/29,Re: [標的] 1806冠軍(多),1
2019/5/29,[新聞] 25% 技術門檻，華為保住台積電繼續供貨，,36
2019/5/29,[新聞] 印尼工業部副部長：和碩將在印尼投資10億,32
2019/5/29,[新聞] 買0050不用上萬元「國民ETF」連結基金,40
2019/5/29,Re: [新聞] 王道銀首季獲利大增164%,7
2019/5/29,[新聞] 貿易戰延長會衝擊美國經濟嗎？,1
2019/5/29,Re: [新聞] 挺華為還能撐多久？郭文貴爆：過兩天就,52
2019/5/29,Re: [請益] 有人還沒收到股東會通知書的嗎?,1
2019/5/29,[新聞] 《業績-金融》新光金Q1 EPS 0.45元,5
2019/5/29,[閒聊] 2019/05/29 盤中閒聊,99
2019/5/29,[新聞] 10奈米對決超微7奈米年底開戰　英特爾要,42
2019/5/29,[新聞]  鴻海股價大跌 21%！郭台銘喊話止血：鴻海已進入備戰狀態,31
2019/5/29,[新聞] 供應商頻斷貨 華為遭爆向三星等韓企求援,31
2019/5/29,Re: [新聞] 專家：中國房地產已出現日本泡沫經濟跡象,18
2019/5/29,[新聞] 創新高 中國去年對上市企業補貼220億美元,14
2019/5/29,Re: [新聞] 專家：中國房地產已出現日本泡沫經濟跡象,70
2019/5/29,Re: [新聞] 市場恐慌是撿便宜貨的好時機　這10檔優,4
2019/5/29,Re: [請益] 這一波怎麼都沒有畢業文？,2
2019/5/29,[新聞] 華航蟬聯 公司治理評鑑前5%殊榮,6
2019/5/29,[請益] 有人還沒收到股東會通知書的嗎?,9
2019/5/29,[請益] 這一波怎麼都沒有畢業文？,44
2019/5/29,Re: [其他] 別人恐懼我貪婪是幹話嗎,8
2019/5/29,[標的] 3321同泰 多,5
2019/5/29,Re: [新聞] 市場恐慌是撿便宜貨的好時機　這10檔優,4
2019/5/29,[新聞] 貿易戰延燒 夏普筆電擬移往台灣越南,4
2019/5/28,[新聞] 專家：中國房地產已出現日本泡沫經濟跡象,9
2019/5/28,[新聞] 3年砸18億！計程車汰舊換新補助方案出爐,5
2019/5/28,Re: [新聞] 挺華為能撐多久？驚爆台積電3大危險,6
2019/5/28,Re: [新聞] 市場恐慌是撿便宜貨的好時機　這10檔優,6
2019/5/28,[標的] 1806冠軍(多),7
2019/5/28,[其他] 別人恐懼我貪婪是幹話嗎,44
2019/5/28,[心得] 如何利用google sheet來製作分鐘走勢圖,15
2019/5/28,[新聞] 如興重編107年度財報 提列11億元商譽減損,6
2019/5/28,[新聞] 台積雙憂 外資看淡聲四起,52
2019/5/28,[新聞] 關稅、科技戰雙管齊下 經濟學家：美國想,12
2019/5/28,[新聞] 物流落後掣肘東南亞接棒“中國製造”,10
2019/5/28,[其他] 5/28 台灣集中市場外資買賣超前30名,7
2019/5/28,[其他] 5/28 台灣店頭市場三大法人買賣超前20名,0
2019/5/28,[新聞] 市場恐慌是撿便宜貨的好時機　這10檔優,42
2019/5/28,Re: [標的] 2207 和泰車,8
2019/5/28,[其他] 108年05月28日信用交易統計,16
2019/5/28,[標的] 1809 來賺標借費!,13
2019/5/28,[新聞] 傳產成金飯碗 紡織業祭百萬年薪搶科技人,7
2019/5/28,Re: [新聞] MSCI盤後生效 尾盤恐大震,32
2019/5/28,[新聞] 中國伺服器CPU研發受阻 超微：無再授權新,21
2019/5/28,[請益] 為啥即將下市的股票有人買？,51
2019/5/28,Re: [請益] 有人從資訊理論來理解股市崩盤嗎??,1
2019/5/28,Re: [請益] 有人從資訊理論來理解股市崩盤嗎??,6
2019/5/28,[新聞] 高通+中華電+宏達電+諾基亞，齊拱台,18
2019/5/28,[新聞] 逸達前列腺癌新藥藥證申請 美FDA要求補件,5
2019/5/28,[新聞] 有志大位者 請把自己的管區照顧好！老謝,9
2019/5/28,[請益] 有人從資訊理論來理解股市崩盤嗎??,7
2019/5/28,[新聞]中共把世界拒之門外 美以其人之道還治其身,21
2019/5/28,Re: [請益] 大陸有可能取消面板補貼嗎?,0
2019/5/28,[其他] 5月八大行庫逐日買賣超金額(至5/27),13
2019/5/28,Re: [其他] 陳嘉偉分析師最近怎麼都在重播??,22
2019/5/28,[新聞] 日本國安考量、將限制外資持股！,6
2019/5/28,[其他] 108年05月28日 三大法人買賣金額統計表,78
2019/5/28,[新聞] 港媒：中國芯片領域研究又有新突破！,54
2019/5/28,[閒聊] 2019/05/28 盤後閒聊,47
2019/5/28,[新聞] 美打壓有先例！任正非靠這本書 了解法版,7
2019/5/28,[新聞] 張忠謀：貿易戰讓全球科技創新放緩 也影5,49
2019/5/28,Re: [標的] 山林水 短多,4
2019/5/28,[新聞] 國際認證！亞泥再度榮獲2019 AREA亞洲企,6
2019/5/28,[新聞] MSCI盤後生效 尾盤恐大震,59
2019/5/28,Re: [心得] 送給各位投資人,6
2019/5/28,[請益] 大陸有可能取消面板補貼嗎?,26
2019/5/28,Re: [標的] 上證指數 短多,24
2019/5/28,[新聞] 臉書預計於2020年推出加密貨幣支付系統,8
2019/5/28,[新聞] 避科技戰？美芯片大廠停止技術轉讓給中企,11
2019/5/28,[新聞] 儲蓄保單不下架　富邦人壽要降宣告利率「,61
2019/5/28,[標的] 2009 第一銅,4
2019/5/28,[新聞] 健身概念股 頭好壯壯,25
2019/5/28,[新聞] 傳今年手機出貨下修三成 華為供應鏈 緊繃,45
2019/5/28,[閒聊] 2019/05/28 盤中閒聊,99
2019/5/28,[新聞] 超微7奈米大軍3Q全面放量　台積電下半年,8
2019/5/28,[新聞] 川普改口再嗆中國 美還沒要簽協議,17
2019/5/28,[新聞]  只領1塊錢！ 郭台銘若當選49萬薪霸氣全捐了,-10
2019/5/28,[新聞] 任正非表態 陸抵制蘋果 我第一個反對,0
2019/5/28,Re: [新聞] 台灣金融業機會來了 西進中國買銀行,0
2019/5/28,[新聞] 貿易戰避險投資術，日圓、黃金還能漲多少？,1
2019/5/28,[新聞] 美國商務部制裁黑名單 8間台灣公司上榜,15
2019/5/28,[新聞] 北京去年補貼中企增14% 或致貿易戰升級,5
2019/5/28,Re: [標的] 1722台肥 多,17
2019/5/27,[新聞] 中國國債期現貨大跌 包商銀行事件料加劇,5
2019/5/27,[新聞] 三星正準備接收華為海外市場份額,29
2019/5/27,[新聞] 台美25年來信任感 成台灣吸引投資關鍵,8
2019/5/27,Re: [其他] 陳嘉偉分析師最近怎麼都在重播??,15
2019/5/27,[新聞] 中國中產階級對貿易戰愈來愈心慌，傳部份,11
2019/5/27,[心得] 期貨履約日 時段漲跌整理,17
2019/5/27,[其他] 5/27 台灣集中市場外資買賣超前30名,6
2019/5/27,[心得] 股市格言,10
2019/5/27,Re: [標的] 5340 建榮 多,2
2019/5/27,[其他] 5/27 台灣店頭市場三大法人買賣超前20名,1
2019/5/27,[標的] 1227佳格請益,18
2019/5/27,[標的] 2823中壽 (空),16
2019/5/27,[心得] 送給各位投資人,100
2019/5/27,Re: [標的] 5519 隆大 多,4
2019/5/27,[其他] 108年05月27日信用交易統計,15
2019/5/27,[其他] 中壽擬現增4.5億股、每股20.6元,56
2019/5/27,[新聞] 群創大勝利！中國惠科起訴群創5專利侵權,21
2019/5/27,[新聞] 任正非組建「敢死隊」？華為內部人心惶惶,36
2019/5/27,Re: [新聞] 外資示警台積電恐降下半年財測  聯詠、匯,0
2019/5/27,[新聞] 鴻海兌現投資高雄承諾 買1.2萬坪土地,25
2019/5/27,[新聞] 閃貿易戰！和碩砸95億投資印尼新廠6月營,27
2019/5/27,[新聞] 半導體大咖集合 鎖定4大趨勢,3
2019/5/27,[新聞] 美出狠招！華為二手機雪崩式跌價90％ 只,68
2019/5/27,Re: [請益] 公務員理財規劃~~,3
2019/5/27,Re: [新聞] 川普：美中很有機會達成貿易協議,17
2019/5/27,Fw: [新聞] 台積迎超微大單 下半年營運動能強,30
2019/5/27,[新聞] 台北電腦展暖身！AMD總裁宣布攜手台積電7,13
2019/5/27,[新聞] 鋼鐵族群 營運壓力大,6
2019/5/27,[新聞] 川普：美中很有機會達成貿易協議,30
2019/5/27,[新聞] 六輕氣爆仍談不攏 受災鄉民拿死魚、死鴨,2
2019/5/27,Re: [其他] 陳嘉偉分析師最近怎麼都在重播??,18
2019/5/27,Re: [新聞] 挺華為能撐多久？驚爆台積電3大危險,1
2019/5/27,[新聞] 川普再開嗆：美國還沒準備好與中國達成貿,33
2019/5/27,[新聞] 比特幣創今年來新高 挖礦股聯歡,22
2019/5/27,[新聞] 一場華為風暴，讓台積電市值縮水兆元！,2
2019/5/27,[新聞] 外資示警台積電恐降下半年財測  聯詠、匯,29
2019/5/27,[其他] 陳嘉偉分析師最近怎麼都在重播??,25
2019/5/27,[新聞] 挺華為還能撐多久？郭文貴爆：過兩天就,42
2019/5/27,[其他] 108年05月27日 三大法人買賣金額統計表,67
2019/5/27,[新聞] 房市緩回升電子資金避險 營建股大漲,47
2019/5/27,[新聞] 金融業首家 玉山外幣ATM全面提供人民幣、,14
2019/5/27,[新聞] 超商、家樂福也可領外幣 三家銀行打通路,6
2019/5/27,[新聞] 台廠軟硬體整合優勢 健身概念股出線,6
2019/5/27,[閒聊] 2019/05/27 盤後閒聊,47
2019/5/27,Re: [新聞] 4月份中國工業企業利潤同比下降3.7%,4
2019/5/27,[請益] 公務員理財規劃~~,9
2019/5/27,[標的] 十銓 4967 多,15
2019/5/27,Re: [新聞] 挺華為能撐多久？驚爆台積電3大危險,6
2019/5/27,[新聞] 台積迎超微大單 下半年營運動能強,64
2019/5/27,[新聞] 貿易戰將讓中美兩國科技供應鏈分離,10
2019/5/27,[標的] 1608 華榮 多,9
2019/5/27,Fw: [新聞] 4月份中國工業企業利潤同比下降3.7%,4
2019/5/27,Re: [新聞] 挺華為能撐多久？驚爆台積電3大危險,44
2019/5/27,Re: [標的] 富邦金(2881)、正隆(1904)、中裕(4147),8
2019/5/27,[請益] 中國中產階級會抵制美國嗎,8
2019/5/27,Re: [新聞] 稀土，中國的貿易戰反擊「王牌」？,28
2019/5/27,[標的] 台指 多,8
2019/5/27,Re: [心得] 額外賺到標借費,0
2019/5/27,[新聞] 盤點19個被中共封鎖的美科技公司,16
2019/5/27,[請益] 官股買賣超進出資訊來源,4
2019/5/27,[標的] 凌華 6166,2
2019/5/27,[請益] 關於散戶出借股票利率(台積電),8
2019/5/27,[心得] 有下車的，記得盯台積電,33
2019/5/27,Re: [新聞] 鴻海 45 年最大難關：股價未達 200,47
2019/5/27,Re: [新聞] 挺華為能撐多久？驚爆台積電3大危險,0
2019/5/27,Re: [標的] 3176 基亞 多,7
2019/5/27,[新聞] 稀土，中國的貿易戰反擊「王牌」？,10
2019/5/27,Re: [新聞]掐住科技軍事咽喉 中國如何用稀土擊敗美國,25
2019/5/27,[新聞] 昇陽半新廠地點排除大陸　苗栗、菲律賓二,9
2019/5/27,[閒聊] 2019/05/27 盤中閒聊,100
2019/5/27,[新聞] 華為風暴 任正非：已做兩萬枚不死金牌獎,5
2019/5/27,Re: [新聞] 挺華為能撐多久？驚爆台積電3大危險,10
2019/5/27,[心得] 古文賞析：論語-為政-股三百,27
2019/5/27,[新聞] 車子加水就能跑  青年汽車老闆出面回應,40
2019/5/27,[新聞] 標準制定組織接連除名 華為宣稱：不受影,11
2019/5/27,[心得] 台灣股市所有指數以及大盤資訊 整理,6
2019/5/27,Re: [新聞]掐住科技軍事咽喉 中國如何用稀土擊敗美國,7
2019/5/27,[新聞] 陸對美報復關稅　6月1日生效,7
2019/5/27,Re: [新聞]掐住科技軍事咽喉 中國如何用稀土擊敗美國,-10
2019/5/27,Re: [新聞] 美中貿易戰詭譎多變 法人：台股最怕的是,5
2019/5/27,[新聞] 8成美公司計劃撤離中國 英媒:川普已發最,16
2019/5/27,Re: [新聞] 挺華為能撐多久？驚爆台積電3大危險,16
2019/5/27,Re: [新聞] 挺華為能撐多久？驚爆台積電3大危險,15
2019/5/26,[新聞] 美中貿易戰詭譎多變 法人：台股最怕的是,13
2019/5/26,[新聞] 美中貿易戰延燒重創股價！鴻海首度發重訊,46
2019/5/26,[新聞] 美加徵關稅 中國工信部稱「影響總體可控,37
2019/5/26,[新聞] 鴻海 45 年最大難關：股價未達 200 元，,46
2019/5/26,[新聞] 川普的推文 逼出台商遷徙潮,14
2019/5/26,[標的] 9943好樂迪,30
2019/5/26,Re: [新聞] 台灣不挺華為？ 學者：大陸制裁 台受的了,16
2019/5/26,[新聞] 富邦金、新光金法說 台股焦點,6
2019/5/26,[標的] 2812台中銀,80
2019/5/26,Re: [新聞] 挺華為能撐多久？驚爆台積電3大危險,80
2019/5/26,Re: [新聞] 挺華為能撐多久？驚爆台積電3大危險,6
2019/5/26,Re: [新聞] 挺華為能撐多久？驚爆台積電3大危險,5
2019/5/26,[新聞] 國際油價挫逾2.6% 美國原油跌破60美元,20
2019/5/26,[標的] 本週股票多空表,10
2019/5/26,Re: [新聞] 挺華為能撐多久？驚爆台積電3大危險,16
2019/5/26,Re: [新聞] 挺華為能撐多久？驚爆台積電3大危險,63
2019/5/26,[新聞] 柳鋼防城港鋼鐵基地項目建設加快推進,0
2019/5/26,Re: [新聞] 台灣不挺華為？ 學者：大陸制裁 台受的了,29
2019/5/26,Re: [新聞] 挺華為能撐多久？驚爆台積電3大危險,0
2019/5/26,Re: [請益] 貿易戰返鄉的台商帶回的是投資還是風險?,2
2019/5/26,Re: [新聞] 挺華為能撐多久？驚爆台積電3大危險,31
2019/5/26,[新聞] 4風向球偵測 鋼價Q3遇亂流,0
2019/5/26,[新聞] 經濟學家：應與美國一起對付華為,18
2019/5/26,[新聞] 郭樹清：投機做空人民幣 必遭巨損,27
2019/5/26,[標的] 4915致伸,12
2019/5/26,[請益] 貿易戰返鄉的台商帶回的是投資還是風險?,29
2019/5/26,[新聞] 台股本周力守萬點 聚焦中美貿易戰局勢,3
2019/5/26,[新聞] 台灣不挺華為？ 學者：大陸制裁 台受的了,-10
2019/5/26,[新聞] 華為如何走到這步 偷竊與不道德行為大曝光,49
2019/5/26,[新聞] 14檔避風港 現金大方送,18
2019/5/26,[新聞] 華為屢陷抄襲竊密風波 美媒揭不擇手段企,100
2019/5/26,"Re: [其他] 所以,貿易戰,美國真的想達成協議嗎?",27
2019/5/26,[新聞] 川普抵日會晤商界領袖 強調協議公平互惠,20
2019/5/26,[新聞] 美日高峰會談週末登場！川普今晚抵日 先,4
2019/5/26,Re: [請益] ETF 0050、00692折溢價、規模變動,3
2019/5/26,[新聞] 董座護盤奏效 群創股價暫止血,10
2019/5/26,[請益] ETF 0050、00692折溢價、規模變動,3
2019/5/26,[新聞] 挺華為能撐多久？驚爆台積電3大危險,11
2019/5/26,Re: [請益]  美股新IPO該怎麼操作獲利?,8
2019/5/26,[標的] 大盤,49
2019/5/26,[新聞] 受貿易戰影響 人民幣兌美元空倉6個月最高,10
2019/5/26,Re: [心得] 不是畢業文,40
2019/5/26,Re: [請益]  美股新IPO該怎麼操作獲利?,2
2019/5/26,Re: [新聞] 華為事件並非首例，你還記得美國封殺,-10
2019/5/25,Re: [心得] 不是畢業文,1
2019/5/25,[新聞] 英國人也怕！華為手機在二手網站暴增540%,29
2019/5/25,Re: [心得] 不是畢業文,100
2019/5/25,[標的] 台股盤後一週分享,5
2019/5/25,[新聞] 〈分析〉印度選後的贏家與輸家,0
2019/5/25,[請益] 公司股數會誤算嗎?,6
2019/5/25,Re: [請益]  美股新IPO該怎麼操作獲利?,3
2019/5/25,[新聞] 華為事件並非首例，你還記得美國封殺日,-10
2019/5/25,[新聞] 朝令夕改！Panasonic、東芝恢復出貨華為,0
2019/5/25,[標的] 2409友達，股價已低於淨值一半請益,80
2019/5/25,[請益] 參加股東會疑問,5
2019/5/25,[新聞] 力挽殘局 華為下周拜會五大電信商,58
2019/5/25,[新聞] 5大趨勢正夯，15檔超吸金,5
2019/5/25,[新聞] 華為：美國封殺草率開危險先例,0
2019/5/25,[新聞] 《台北股市》13檔法人點將，逆轉勝,0
2019/5/25,[新聞] 坐等美國大選翻盤？德媒：中共誤判結局,41
2019/5/25,Re: [標的] 信邦3023 多,1
2019/5/25,[請益] 集保e存摺的電子投票問題,6
2019/5/25,[新聞] 華為被SD卡與WiFi組織拒之門外,31
2019/5/25,Re: [其他] 血飲：美國威脅入侵伊朗後斷供華為,48
2019/5/25,Re: [標的] 5876 上海商銀 長多,11
2019/5/25,Re: [請益] 有沒有比較客觀中立的貿易戰分析討論?,0
2019/5/25,[請益]  美股新IPO該怎麼操作獲利?,6
2019/5/25,[標的] 2303 聯電 多,37
2019/5/25,Re: [新聞] 快訊／「我已竭盡所能」　英相梅伊宣布6,3
2019/5/25,[請益] 小散戶的電子投票要投嗎？,6
2019/5/25,[新聞] 中鋼Q3開跌盤／改月盤、產業升級 刻不容,8
2019/5/25,Re: [心得] 不是畢業文,40
2019/5/25,"Re: [其他] 所以,貿易戰,美國真的想達成協議嗎?",100
2019/5/25,Re: [新聞] 郭台銘擘畫台灣經濟發展國家隊 帶台灣東,0
2019/5/25,[心得] 不是畢業文,100
2019/5/25,"Re: [其他] 所以,貿易戰,美國真的想達成協議嗎?",9
2019/5/25,[分享] 轉-A股入富名單,6
2019/5/25,"Re: [其他] 所以,貿易戰,美國真的想達成協議嗎?",6
2019/5/25,[新聞] 郭台銘擘畫台灣經濟發展國家隊 帶台灣東,-10
2019/5/25,[新聞] 「砍斷腿又送拐杖」貿易戰逼瘋這群人！120億美元補貼變80億.,-10
2019/5/25,[新聞] 大田總座:消息面偏多，高爾夫產業將重返,10
2019/5/25,[請益] google試算表是否不能抓台灣大盤指數?,2
2019/5/25,[新聞] 美中貿易戰衝擊全球 巴西卻從中獲利,11
2019/5/25,[新聞] 貿易戰的本質問題是什麼？網文被刪,91
2019/5/25,Re: [新聞] 快訊／「我已竭盡所能」　英相梅伊宣布6,20
2019/5/25,"Re: [其他] 所以,貿易戰,美國真的想達成協議嗎?",0
2019/5/25,[心得] 心態賞析：accept,18
2019/5/25,"Re: [其他] 所以,貿易戰,美國真的想達成協議嗎?",1
2019/5/25,[新聞] 宏碁躍上國際舞台 秀廢棄物回收成果,19
2019/5/25,[新聞] 15檔投信買超、跌深績優股 代操基金最愛,5
2019/5/25,[新聞] 關稅不夠看 川普要拿出口管制當貿易戰武,1
2019/5/25,[新聞] 15檔強出頭 挺過中美風暴,0
2019/5/25,[新聞] 中國當心！美歐日確認將在出口管制方面進,47
2019/5/25,[請益] 請問哪裡可以看到各股的討論呢,16
2019/5/25,[新聞] 出現嚴重信用風險 陸銀保監接管包商銀行,15
2019/5/24,[新聞] 華為衝擊下三不變 台積電自信的三大原因,24
2019/5/24,[請益] 一天當沖能賠400萬的人為何不存股?,54
2019/5/24,"Re: [其他] 所以,貿易戰,美國真的想達成協議嗎?",39
2019/5/24,Re: [請益] 3406玉晶光 發生什麼事,5
2019/5/24,[新聞] 夏普和京瓷擬將打印機生產線移出中國,3
2019/5/24,[標的] 鉅邁 8435,8
2019/5/24,"Re: [其他] 所以,貿易戰,美國真的想達成協議嗎?",35
2019/5/24,[新聞] 3千億商品關稅如利刃架頸 貿戰走向不樂觀,12
2019/5/24,[新聞] 曝光！蘋果今年iPhone新機將有11個機型,24
2019/5/24,[請益] 美股與台股,17
2019/5/24,[新聞] 美中貿易談判陷僵局 重啟談判路有多遠？,30
2019/5/24,[新聞] 主計總處三度下修經濟成長率 降至2.19%,34
2019/5/24,[其他] 108年05月24日信用交易統計,22
2019/5/24,[新聞] 中芯國際申請退市 股價盤前重挫逾4％,30
2019/5/24,[其他] 108年05月24日 外資累計10日買賣超排行,17
2019/5/24,[請益] 《指數投資末日》這本書,0
2019/5/24,[新聞] 大陸經濟下行 社科院：商業樓房空置率攀,16
2019/5/24,Re: [新聞] 川普政府再出新招 擬對「貨幣低估」國家,2
2019/5/24,[新聞] 生活中挑飆股 這14檔概念股年漲幅18%起跳,27
2019/5/24,Re: [標的] 宏盛,4
2019/5/24,[新聞] 罷工協商 長榮航空等不到桃空職工會員,9
2019/5/24,[新聞] 快訊／「我已竭盡所能」　英相梅伊宣布6,99
2019/5/24,[標的] 1522 堤維西 多,6
2019/5/24,[新聞] 中國茅台前董座双開隔天即遭逮捕,42
2019/5/24,Re: [其他] 108年05月24日 三大法人買賣金額統計表,22
2019/5/24,[新聞] 中鋼Q3內銷盤價開低，全面降價,13
2019/5/24,[新聞] HTC攜手美澳電信商 5G HUB海外先開賣,9
2019/5/24,[新聞] 要健身還是要美食？柏文挑戰瓦城觀光股,8
2019/5/24,Re: [新聞] 川普政府再出新招 擬對「貨幣低估」國家,7
2019/5/24,[心得] 匯市 人民幣的一點想法分享,8
2019/5/24,Re: [新聞] 川普政府再出新招 擬對「貨幣低估」國家,34
2019/5/24,Re: [新聞] 川普政府再出新招 擬對「貨幣低估」國家,6
2019/5/24,Re: [請益] 3406玉晶光 發生什麼事,5
2019/5/24,[新聞] 貿易戰火四起，化工生技股越挫越勇,8
2019/5/24,[其他] 108年05月24日 三大法人買賣金額統計表,90
2019/5/24,Re: [新聞] 護盤急急如律令！新制勞退基金傳撥款210,17
2019/5/24,[新聞] 南韓規劃生物健康戰略，目標全球市占從1.,8
2019/5/24,[新聞] 川普政府再出新招 擬對「貨幣低估」國家,18
2019/5/24,Re: [請益] 3406玉晶光 發生什麼事,42
2019/5/24,[閒聊] 2019/05/24 盤後閒聊,68
2019/5/24,[新聞] 市場需求旺，陸Q1太陽能出口量年增77%,12
2019/5/24,Re: [標的] 5876 上海商銀 長多,30
2019/5/24,[新聞] 美禁令重拳連發！彭博：又有5家中國企業,19
2019/5/24,[新聞] 中國科學家創制了非洲豬瘟候選疫苗,0
2019/5/24,[新聞]民調：美國人對經濟有信心 逾四成歸功川普,10
2019/5/24,[新聞] 能源盤後—WTI觸發止損點 原油跌至2個月,5
2019/5/24,[請益] 5371這個線形該怎樣設停利停損呢,35
2019/5/24,[新聞] 最高院發回更審 彰銀經營權之爭 重回原點,28
2019/5/24,[新聞] 護盤急急如律令！新制勞退基金傳撥款210,26
2019/5/24,Re: [新聞] 台積電不甩華為禁令 這神秘數字驚揭,2
2019/5/24,[請益] 袋鼠尾巴,14
2019/5/24,[新聞] 中國恐又被調高關稅！ 美國擬嚴懲貨幣貶,55
2019/5/24,Re: [請益] 股市中肯圖 現在位階在哪？,-10
2019/5/24,[請益] 面板雙雄的差異,25
2019/5/24,Re: [新聞] 川普：美中貿易戰很快會落幕,3
2019/5/24,[新聞] 川普：美中貿易戰很快會落幕,60
2019/5/24,[標的] 上證指數 短多,19
2019/5/24,Re: [標的] 2330  台積電  多,12
2019/5/24,[新聞] 台積電不甩華為禁令 這神秘數字驚揭真相,26
2019/5/24,[新聞] 華為影響3Q訂單能見度　台積電產能預購祭,16
2019/5/24,[新聞] 魏哲家承諾：台積電將在台灣繼續投資,5
2019/5/24,[閒聊] 2019/05/24 盤中閒聊,65
2019/5/24,[新聞]台商回台今年達5500億 下半年還有破紀錄,60
2019/5/24,"Re: [其他] 所以,貿易戰,美國真的想達成協議嗎?",29
2019/5/24,[標的] 聲寶 1604 多,7
2019/5/24,[新聞] 美中貿易戰若加劇 法人：別碰蘋果供應鏈,11
2019/5/24,"Re: [其他] 所以,貿易戰,美國真的想達成協議嗎?",4
2019/5/24,[心得] 台股各時段漲跌統計,16
2019/5/24,[標的] 信邦3023 多,6
2019/5/24,"Re: [其他] 所以,貿易戰,美國真的想達成協議嗎?",78
2019/5/24,[其他] 樂活大叔幹嘛不買台積電就好,6
2019/5/24,"Re: [其他] 所以,貿易戰,美國真的想達成協議嗎?",15
2019/5/24,"Re: [其他] 所以,貿易戰,美國真的想達成協議嗎?",6
2019/5/24,Re: [新聞] 台積電南科傳氮氣外洩 2工人無呼吸心,2
2019/5/24,"Re: [其他] 所以,貿易戰,美國真的想達成協議嗎?",3
2019/5/24,"Re: [其他] 所以,貿易戰,美國真的想達成協議嗎?",7
2019/5/24,"Re: [其他] 所以,貿易戰,美國真的想達成協議嗎?",10
2019/5/24,Re: [新聞] SD協會名單上…華為消失了,-10
2019/5/23,"Re: [其他] 所以,貿易戰,美國真的想達成協議嗎?",17
2019/5/23,Re: [新聞] 佛系金融企業 永豐金控 2018獲利末段班 員工薪資仍破百,2
2019/5/23,"[其他] 所以,貿易戰,美國真的想達成協議嗎?",46
2019/5/23,"Re: [新聞] 蔡英文：台商回台投資逾1,200億元 帶來1",1
2019/5/23,[新聞] 為期2年！ 美再公布制裁名單 禁向「13陸,11
2019/5/23,Re: [新聞] 台積電南科傳氮氣外洩 2工人無呼吸心跳,10
2019/5/23,Re: [標的] 3227 原相 短空,14
2019/5/23,[新聞] 華為戰火蔓延 道瓊一度狂瀉逾400點,29
2019/5/23,Re: [請益] 感覺空頭會來潛力性的股票在會賣嗎,3
2019/5/23,[新聞] 長榮勞資明協商 公司控全程直播遭拒 工會,14
2019/5/23,[其他] PTT Stock 文章上的一些數據,29
2019/5/23,[標的] 華碩 2357  空,13
2019/5/23,Re: [新聞] 松下日本總部：已通知停止向華為提供某,13
2019/5/23,[標的] 8433弘帆 存股多,18
2019/5/23,Re: [請益] 感覺空頭會來潛力性的股票在會賣嗎,2
2019/5/23,[新聞] SD協會名單上…華為消失了,24
2019/5/23,[新聞] 美國制裁13個中國實體和個人,6
2019/5/23,[其他] 108年05月23日信用交易統計,31
2019/5/23,[新聞] 任正非反對民粹主義　不喜歡就不要用華為,3
2019/5/23,[其他] 108年5月23日 外資買賣超個股排行,13
2019/5/23,[新聞] 年線保衛戰失利 外資續賣台,23
2019/5/23,[新聞] 郭台銘批蔡不了解華為禁令 「沒剩幾個月,-10
2019/5/23,[新聞] 安謀分手華為 衝擊台積接單,8
2019/5/23,[新聞] 電子股恐慌殺盤出籠 可成慘破200元大關,12
2019/5/23,[新聞] 陸外長痛批，美國打壓華為是典型經濟霸凌,34
2019/5/23,[新聞] 中環:本公司取得大同普通股股票之公告,11
2019/5/23,[新聞] 外資台股殺很大!短短13天吐出今年7成買超,13
2019/5/23,[新聞] 專注氣體發生器 元翎分割工業部門給元翊,4
2019/5/23,Fw: [新聞] 股價跳水 群創發「致35萬群創股東書」聲,41
2019/5/23,Re: [新聞] Panasonic中國官網否認斷供華為 總公司：正查證聲明真實,-10
2019/5/23,[新聞] 台積電南科傳氮氣外洩 2工人無呼吸心跳,51
2019/5/23,Re: [請益] 台積電超跌了吧?,20
2019/5/23,[新聞] 印度總理莫迪可望連任 股市創歷史新高,5
2019/5/23,[新聞] 13法人買超低本益比、高殖利率股 好避風,22
2019/5/23,[標的] 潤隆1808,6
2019/5/23,[新聞] 松下日本總部：已通知停止向華為提供某,48
2019/5/23,[新聞] 跟進Panasonic 東芝暫停供貨華為,15
2019/5/23,[標的] 2838聯邦銀,69
2019/5/23,[新聞] 減股增債是主軸、第三季市場風向底定 貿,6
2019/5/23,Re: [其他] 108年05月23日 三大法人買賣金額統計表,17
2019/5/23,[新聞] 【中美貿易戰】滬指收跌1.4% 外資出逃41,10
2019/5/23,Re: [新聞] 川普向中國喊話：我會贏得連任 到時給的,8
2019/5/23,Re: [其他] 108年05月23日 三大法人買賣金額統計表,21
2019/5/23,[新聞] Panasonic中國官網否認斷供華為 總公司：正查證聲明真實性,42
2019/5/23,[新聞] 英國鋼鐵公司每年被收取2千萬英鎊的費用,1
2019/5/23,Re: [新聞] ARM中止授權 華為芯片水平倒退4代面臨倒閉,0
2019/5/23,[其他] 108年05月23日 三大法人買賣金額統計表,90
2019/5/23,[新聞] 台積電:下半年強勁成長 全年成長目標不變,34
2019/5/23,[新聞] 英國第2大鋼鐵公司「英國鋼鐵」倒閉 影響,14
2019/5/23,[新聞] 京城銀公開標售綠能債權 底價21.6億約打,4
2019/5/23,[閒聊] 2019/05/23 盤後閒聊,33
2019/5/23,Re: [新聞] ARM中止授權 華為芯片水平倒退4代面臨倒閉,8
2019/5/23,[請益] 股票「股東原留印鑑」是？,3
2019/5/23,Re: [請益] 台積電超跌了吧?,24
2019/5/23,[新聞] 喬山4月獲利年增1.4倍，H2更旺,5
2019/5/23,Re: [新聞] Re: [新聞] 聯詠(3034)Q1每股賺3.23元，擬配發8.8元,17
2019/5/23,[請益]  股票大跌 台幣沒重貶反升  原因在哪,17
2019/5/23,Re: [爆卦] 日本參戰！Panasonic中止與華為交易,2
2019/5/23,Re: [新聞] 股民開心 股利94萬元以下可免稅或退,27
2019/5/23,Re: [請益] 如何判斷大戶是在出貨還是吃貨,31
2019/5/23,[標的] 4927泰鼎,5
2019/5/23,Re: [新聞] ARM中止授權 華為芯片水平倒退4代面臨倒閉,-10
2019/5/23,[標的] 台泥 1101 多,7
2019/5/23,[標的] 8069元太,17
2019/5/23,[新聞] 台積電：對華為出貨不變 第2季財測目標不,73
2019/5/23,[請益] 因爲外資多單而不敢放空，我是傻B?,8
2019/5/23,Re: [請益] 台積電超跌了吧?,0
2019/5/23,[請益] 股市中肯圖 現在位階在哪？,74
2019/5/23,Re: [新聞] 中國無人超商泡沫化 181億投資盡成灰,6
2019/5/23,[標的] 中航2612  散裝萬綠叢中一點紅,2
2019/5/23,Re: [請益] 台燿6274多空問題,9
2019/5/23,Re: [請益] 如何判斷大戶是在出貨還是吃貨,2
2019/5/23,[標的] 1722台肥 多,8
2019/5/23,[新聞] 政府基金護盤，「金」放心,9
2019/5/23,Re: [標的] 2330台積電 三尊頭or真突破,4
2019/5/23,Re: [標的] 滬電股份的爸爸 (今日回補),4
2019/5/23,[新聞] 跟進封殺！英國2大通訊商停賣華為5G新機,14
2019/5/23,Re: [請益] 現在應該真的是末升段了吧?,0
2019/5/23,[請益] 如何判斷大戶是在出貨還是吃貨,15
2019/5/23,Re: [標的] 2027大成鋼 多倫多,24
2019/5/23,[請益] 有多少存股族趁這波歐硬?,38
2019/5/23,Re: [新聞] 華為急單湧進 供應鏈狂喜,7
2019/5/23,[新聞] ARM中止授權 華為芯片水平倒退4代面臨倒閉,33
2019/5/23,[標的] 3176 基亞 多,4
2019/5/23,[新聞] 沈榮津：華為遭制裁 台廠將受惠轉單效應,9
2019/5/23,Re: [標的] 欣興 空,5
2019/5/23,[請益] 現在應該真的是末升段了吧?,21
2019/5/23,[請益] 股市新手想買美股,18
2019/5/23,Re: [新聞] 華為急單湧進 供應鏈狂喜,7
2019/5/23,[新聞] 抗外資賣超 政府護盤有功,0
2019/5/23,[新聞] 為什麼台積電可繼續出貨給華為？揭開中,38
2019/5/23,[閒聊] 2019/05/23 盤中閒聊,100
2019/5/23,[心得] 美對華為禁售令暴露中對美高科技的依賴,2
2019/5/23,[新聞] 打包退場傳言再起 GlobalFoundries急滅火,1
2019/5/23,[新聞] 抗議大選不公質變 排華再起,8
2019/5/23,[新聞] 若引中國報復 蘋果全年獲利恐崩跌29%,39
2019/5/23,[新聞]台商回台投資已2795億 年度目標翻到5千億,6
2019/5/23,[新聞] 晶片事業重傷！ 安謀加入封殺華為,38
2019/5/23,[新聞] 美寬限華為禁令90天 參院民主黨領袖籲政,26
2019/5/23,Fw: [爆卦] 日本參戰！Panasonic中止與華為交易,29
2019/5/23,[新聞] 華為急單湧進 供應鏈狂喜,35
2019/5/22,[其他] 大同上門找人,16
2019/5/22,Re: [新聞]華為危機 BBC：英晶片商ARM加入封殺 暫停,90
2019/5/22,Re: [新聞] 中環:本公司處分國巨普通股股票之公告,7
2019/5/22,[新聞] 盛松成：目前人民幣匯率破「7」弊大於利,19
2019/5/22,[新聞] 貿易戰打趴美汽車大廠 全球狠裁7000人,9
2019/5/22,[新聞]顧立雄召見壽險老董直指3大問題,85
2019/5/22,面板廠的未來,33
2019/5/22,Re: [請益] 有沒有比較客觀中立的貿易戰分析討論?,16
2019/5/22,[標的] 1762中化生 1733五鼎 1304台聚,18
2019/5/22,[新聞] Re: [新聞] 聯詠(3034)Q1每股賺3.23元，擬配發8.8元,23
2019/5/22,[其他] 108年05月22日信用交易統計,22
2019/5/22,[新聞] 華為危機 BBC：英晶片商ARM加入封殺 暫停,100
2019/5/22,[標的] 晶睿3454,4
2019/5/22,[新聞] 川普傷害美經濟! 鞋業巨頭率173美企怒吼,0
2019/5/22,[新聞] 科技戰升溫 這些廠商今天都跟華為說拜拜,18
2019/5/22,[標的] 4142國光生，明日撥券請益,3
2019/5/22,[標的] 1809 中釉 短空長多,1
2019/5/22,[新聞] 《汽車股》LUXGEN攜手新北市政府，新車,4
2019/5/22,[請益] 關於0056做價差這件事,16
2019/5/22,[新聞]外資再賣超111億元 本月台股提款突破千億,16
2019/5/22,[其他] 108年5月22日外資買賣超排行(個股),5
2019/5/22,Re: [請益] 有沒有比較客觀中立的貿易戰分析討論?,8
2019/5/22,Fw: [新聞] 英國最大營運商暫停發售華為5G手機,29
2019/5/22,[標的] 1215卜蜂 多,19
2019/5/22,[新聞] 美國禁令發酵！中華電信暫停販售華為新手機,79
2019/5/22,[新聞] 喬山(1736)遭警示，自結4月本期淨利5443.,8
2019/5/22,[標的] 1593祺驊,4
2019/5/22,[新聞] 奇力新併美磊、國巨併君耀驚爆內部人內線,11
2019/5/22,[標的] 2027 大成鋼 多,9
2019/5/22,[新聞] 個股：傳華為因應寬限期下急單，穩懋(310,15
2019/5/22,Re: [新聞] 聯詠(3034)Q1每股賺3.23元，擬配發8.8元,12
2019/5/22,[新聞] 突圍Google封殺！爆華為與葡萄牙Aptoid談,90
2019/5/22,[新聞] 華為禁令展延 Google：90天內提供軟體更,20
2019/5/22,[新聞] 蘋果供應商董座涉內線交易 檢調搜索約談7,22
2019/5/22,[新聞] 扮多頭先鋒 14檔創下千日高價,14
2019/5/22,Re: [其他] 108年05月22日 三大法人買賣金額統計表,34
2019/5/22,[新聞] 大媽停徵電路設計跟軟體產業產業所得稅25%,100
2019/5/22,Re: [新聞] 台船連虧12季 能靠六百億的國艦及風力發,11
2019/5/22,[其他] 108年05月22日 三大法人買賣金額統計表,100
2019/5/22,Re: [新聞] 海康威視一度跌停！傳美考慮將陸監控設,1
2019/5/22,Re: [新聞] 海康威視一度跌停！傳美考慮將陸監控設,35
2019/5/22,Fw: [新聞] 俄羅斯向中國出口「髒」石油,26
2019/5/22,[新聞] 外資看好穩懋明年雙引擎成長 調高評等及,23
2019/5/22,[閒聊] 2019/05/22 盤後閒聊,81
2019/5/22,[新聞] MSCI最新表態：A股近期動盪......,2
2019/5/22,[心得] 額外賺到標借費,13
2019/5/22,Re: [標的] 欣興 空,6
2019/5/22,Re: [請益] 金融海嘯是不是傳說?,54
2019/5/22,[新聞] 【華為遭殃7】經長樂觀　對台代工廠有利,8
2019/5/22,[新聞] 美制裁衝擊！華為美元債暴跌，10 年債單,12
2019/5/22,Re: [標的] 滬電股份的爸爸 (今日回補),13
2019/5/22,[新聞] Marvell 砸6.5億美元 收購格芯全資子公司,23
2019/5/22,[新聞] 谷歌仍看好折疊式手機的未來,16
2019/5/22,Re: [新聞] 華為Android替代方案Project Z尚未準備就,76
2019/5/22,[新聞] 攜手Altiostar、高通、日本樂天，中磊推,0
2019/5/22,[新聞] 新光金剪報心得賽 頒獎,11
2019/5/22,[新聞] 台船連虧12季 能靠六百億的國艦及風力發,12
2019/5/22,[新聞] 華為Android替代方案Project Z尚未準備就,43
2019/5/22,[新聞] 海康威視一度跌停！傳美考慮將陸監控設,25
2019/5/22,Re: [新聞] 貿易戰僵持 亞洲鋼鐵市場飽和,2
2019/5/22,[新聞] 華為風暴襲台 政府基金出手護盤,29
2019/5/22,[新聞] 台船建造「中鋼自由輪」舉行命名暨交船,3
2019/5/22,[請益] 哪些券商軟體有復盤功能?,0
2019/5/22,[標的] 3105 穩懋 空,46
2019/5/22,Re: [標的] 1103 嘉泥,7
2019/5/22,[標的] 山林水 短多,10
2019/5/22,[新聞] 中環:本公司處分國巨普通股股票之公告,27
2019/5/22,Re: [新聞] 貿易戰僵持 亞洲鋼鐵市場飽和,3
2019/5/22,[新聞] 福特使用AI與機器學習成為一家更具競爭力,1
2019/5/22,[閒聊] 2019/05/22 盤中閒聊,100
2019/5/22,[新聞] 中美5G前哨戰駁火　華為海思毫米波布局,2
2019/5/22,[新聞] 國票投顧：今年高點已過 模擬未來發展三,6
2019/5/22,Re: [請益] 有沒有比較中立的貿易戰分析討論?,7
2019/5/22,[新聞] 華為禁令寬限90天、科技股鬆口氣，費半彈,11
2019/5/22,Re: [請益] 有沒有比較客觀中立的貿易戰分析討論?,7
2019/5/22,[新聞] 《電腦設備》緯穎成貿易戰受惠股，外資,4
2019/5/22,Re: [請益] 有沒有比較客觀中立的貿易戰分析討論?,29
2019/5/22,[心得] 這盤應該不會跌了,62
2019/5/22,[標的] 3535 晶彩科,13
2019/5/22,Re: [請益] 有沒有比較客觀中立的貿易戰分析討論?,0
2019/5/21,Re: [請益] 有沒有比較客觀中立的貿易戰分析討論?,14
2019/5/21,[標的] 2610 華航,20
2019/5/21,Re: [請益] 有沒有比較客觀中立的貿易戰分析討論?,46
2019/5/21,[新聞]台股盤中逐筆撮合擬真平台 逾2.79萬人註冊,15
2019/5/21,[其他] 據說Apple在2013年時要以$240收購Tesla,12
2019/5/21,[標的] 1201 味全,8
2019/5/21,Re: [請益] 金融海嘯是不是傳說?,7
2019/5/21,[標的] 2633高鐵 1216統一 多,19
2019/5/21,[其他] 108年05月21日 外資買賣超個股排行,19
2019/5/21,[標的] 3416融程電,14
2019/5/21,[其他] 108年05月21日信用交易統計,17
2019/5/21,Re: [標的] 到現在多軍只有我套牢？持股請益,69
2019/5/21,[公告] 本板新增板主之選舉公報,0
2019/5/21,[請益] 關於如何領股票?,7
2019/5/21,[新聞] 華為生存關鍵 中國媒體點名台積電,43
2019/5/21,[新聞] 霸氣！任正非：華為不需要美90天寬限期,71
2019/5/21,[新聞] 台積電等16檔 自營撿便宜,26
2019/5/21,Re: [請益] 金融海嘯是不是傳說?,0
2019/5/21,[新聞] 華為事件寒蟬效應起 OPPO、小米增加對聯,18
2019/5/21,Re: [請益] 關於八卦板爆料的群創內幕,6
2019/5/21,Re: [請益] 金融海嘯是不是傳說?,9
2019/5/21,Re: [新聞] 華為風暴壟罩 資金轉向金融避難 8檔金融,2
2019/5/21,[請益] 華迅全球,6
2019/5/21,Fw: [新聞] 鴻海投資高雄生變？ 韓國瑜：我不敢說…,5
2019/5/21,[新聞] 索尼企圖為VR頭戴式裝置找出一條光明大道,11
2019/5/21,[新聞] 華為風暴壟罩 資金轉向金融避難 8檔金融,26
2019/5/21,[公告] daviddheng patentstm opkung 警告一次,0
2019/5/21,[公告] Reewalker amego2017 rtwodtwo警告一次,0
2019/5/21,[公告] callme5f水桶1週 a06030501 水桶1個月,0
2019/5/21,[其他] 108年05月21日 三大法人買賣金額統計表,99
2019/5/21,[標的] 大盤 多,16
2019/5/21,[新聞] 中港股市》當前最重要投資策略—遠離香,14
2019/5/21,[閒聊] 2019/05/21 盤後閒聊,23
2019/5/21,[新聞] 喬山(1736)Q2淡季不淡，全年EPS拚5年新,11
2019/5/21,[新聞] 華為事件+DDI價滑，外資砍聯詠目標價至「,11
2019/5/21,[新聞] 神秘地王敲進金控 傳為子鋪路,26
2019/5/21,Re: [請益] 金融海嘯是不是傳說?,4
2019/5/21,[標的] 1515力山,4
2019/5/21,[新聞] 穩懋:澄清媒體報導,12
2019/5/21,Re: [請益] 金融海嘯是不是傳說?,18
2019/5/21,Re: [新聞] 聯詠(3034)Q1每股賺3.23元，擬配發8.8元,30
2019/5/21,[請益] 關於八卦板爆料的群創內幕,29
2019/5/21,[請益] 金融海嘯是不是傳說?,50
2019/5/21,[新聞] 《金融股》IFRS 17魔咒暫停，國泰金彈升,7
2019/5/21,[新聞] 營運惡化超預期！台中聯盟傳要求 JDI 找追加出資者,11
2019/5/21,[新聞] 前金管會副主委之子內線交易　認罪繳回,30
2019/5/21,[標的] 1437 勤益,5
2019/5/21,[新聞] 貿易戰僵持 亞洲鋼鐵市場飽和,3
2019/5/21,Re: [標的] 00632r 元大台灣五十反,8
2019/5/21,[新聞] 衛星網路掀起新太空競賽，未來強者僅兩家,11
2019/5/21,[新聞] 玉山銀ATM進駐家樂福 領外幣也OK,24
2019/5/21,Re: [新聞] 給緩衝 美國延後制裁華為90天,32
2019/5/21,[新聞] 手機版圖變動 經長稱台廠得利,6
2019/5/21,[新聞] 華為Google風暴 朱成志：沒人用那麼賤的,0
2019/5/21,[閒聊] 2019/05/21 盤中閒聊,100
2019/5/21,[新聞] 美封殺華為火力全開　台積電全年跌幅恐超,51
2019/5/21,[新聞] 給緩衝 美國延後制裁華為90天,51
2019/5/21,[新聞] 非洲豬瘟肆虐 全球豬肉價格飆升,13
2019/5/21,[新聞] 傳暫停供貨華為 英飛凌反駁報導,12
2019/5/21,[標的] 5234 達興材料,18
2019/5/21,Re: [新聞] 美國祭禁令 台積電：初估後繼續出貨華為,19
2019/5/21,[新聞] 大結局！《冰與火》恐讓美企損失33億美元,9
2019/5/20,Re: [請益] 有沒有比較客觀中立的貿易戰分析討論?,14
2019/5/20,Re: [請益] 台幣31.5應該不會跌破吧?,16
2019/5/20,[新聞] 南方7省暴雨釀4死47萬人受災　逾3400房,6
2019/5/20,[新聞] 郭台銘:鴻海今年業績不會衰退 獲利還是會,44
2019/5/20,[新聞] PTT創世神杜奕瑾 將進入中華電信當獨董,22
2019/5/20,Re: [新聞] 路透：Google暫停與華為合作 華為手機將,14
2019/5/20,Re: [請益] 台幣31.5應該不會跌破吧?,7
2019/5/20,[心得] 動漫賞析：七龍珠—悟空之死,85
2019/5/20,[新聞] 德媒：思科比華為更不安全 籲歐洲不要盲,20
2019/5/20,[其他] 108年05月20日信用交易統計,21
2019/5/20,[標的] 2838聯邦銀 空,-10
2019/5/20,[新聞]日媒：德國芯片商停止向華為供貨 或引效仿,15
2019/5/20,Re: [請益] 台幣31.5應該不會跌破吧?,8
2019/5/20,[新聞] 英業達獨吞華碩頂級電競NB訂單,18
2019/5/20,Re: [新聞]國際評級機構:貿易戰升級或令大陸評級下調,3
2019/5/20,[新聞] 多元成長契機 宏碁帶量走強,6
2019/5/20,[新聞] 中美貿易戰開打　國泰金積極布局貿易戰,1
2019/5/20,[新聞] 裕隆爆量大漲 法說利多可期,9
2019/5/20,Re: [新聞] 川普:樂於貿易戰 中國別想當頭號經濟強國,0
2019/5/20,[新聞] 台積電總裁魏哲家 週四將跟台灣客戶信心,10
2019/5/20,[新聞] 德媒:華為設備「後門」沒找到　美國思科,9
2019/5/20,[新聞] 川普想搞死華為！台積電究竟挺誰？,8
2019/5/20,[新聞] 德國半導體大廠英飛凌 加入對華為停止供,29
2019/5/20,Re: [新聞] 川普:樂於貿易戰 中國別想當頭號經濟強國,74
2019/5/20,[心得] 如果中國反擊 封殺蘋果 會有哪些肉可吃,22
2019/5/20,1527 鑽全,13
2019/5/20,[新聞] 川普:樂於貿易戰 中國別想當頭號經濟強國,61
2019/5/20,[請益] 中信金股東紀念品一插電就燒毀冒煙,45
2019/5/20,Re: [請益] 有沒有比較客觀中立的貿易戰分析討論?,4
2019/5/20,Re: [新聞] 路透：Google暫停與華為合作 華為手機將,47
2019/5/20,Re: [標的] 6192 巨路 無腦多,6
2019/5/20,Re: [標的] 敦泰3545請益,0
2019/5/20,[新聞] 金融股扮520行情反彈先鋒,13
2019/5/20,[新聞] 台鋼集團獲利靚，春雨、榮剛等5家創高,6
2019/5/20,[新聞] 美下禁售令 一張圖看華為亞洲鏈叫苦,64
2019/5/20,Re: [標的] 1215卜蜂,36
2019/5/20,[其他] 108年05月20日 三大法人買賣金額統計表,49
2019/5/20,[新聞] 華為訂單爆量，義隆今年營運有靠山,17
2019/5/20,[新聞] 川普絕不簽五五均勢貿易協定 須更有利美國,42
2019/5/20,[標的] 2454 聯發科 空,17
2019/5/20,[新聞] 黑白劉士余:主動投案或涉8隻江蘇銀行股,4
2019/5/20,[新聞] 打金融大老虎…中共前證監會主席劉士餘落馬,5
2019/5/20,[閒聊] 2019/05/20 盤後閒聊,39
2019/5/20,[新聞] 大家都誤會了！蘋果公司並沒有停止創新！,22
2019/5/20,Re: [請益] 有沒有比較客觀中立的貿易戰分析討論?,27
2019/5/20,Re: [請益] 有沒有比較客觀中立的貿易戰分析討論?,11
2019/5/20,[新聞] 形同斷絕生路！美國多家科技業者陸續切斷,16
2019/5/20,[新聞] 英特爾、高通將暫停為華為供貨,45
2019/5/20,[請益] 有沒有比較客觀中立的貿易戰分析討論?,43
2019/5/20,[標的] 6186 新潤興業,9
2019/5/20,Re: [標的]空2368 金像電,2
2019/5/20,[請益] 如何避免買在當日高價？,4
2019/5/20,[新聞] 目標中國？日本擬管制次世代技術出口,16
2019/5/20,[標的] 滬電股份 空,18
2019/5/20,[新聞] 彰銀創投 強攻企金客戶,4
2019/5/20,[新聞] 螺絲螺帽業盼中鋼線材盤元降價,12
2019/5/20,[新聞] 特朗普：伊朗襲美將是其終結之日,35
2019/5/20,[新聞] 她肯定蔡政績 「股市上萬點最持久」,55
2019/5/20,Re: [新聞] 路透：Google暫停與華為合作 華為手機將,71
2019/5/20,[新聞] 美中貿易、MSCI權重調整,7
2019/5/20,[新聞] 導入新料源，凱美Q3毛利率看升,2
2019/5/20,[新聞] 翁朝棟怒嗆台鋼「大家井水不犯河水」,2
2019/5/20,[新聞] 3月國泰世華刷卡3連霸 4月開Turbo狠衝503,11
2019/5/20,[閒聊] 2019/05/20 盤中閒聊,100
2019/5/20,[新聞] 路透：Google暫停與華為合作 華為手機將,55
2019/5/20,Re: [新聞] 威脅華為 川普還能來軟的,4
2019/5/20,Re: [新聞] 本週美股最怕：中國擴大報復美國,8
2019/5/20,[新聞] 海思訂單不減　台IC供應鏈產能保障傳簽至,3
2019/5/20,[新聞] 更新 中美貿易戰停火止戰證實為1年舊稿,12
2019/5/20,快訊／不打了？美中貿易戰驚傳停火　新華社：雙,22
2019/5/20,[新聞] 本週美股最怕：中國擴大報復美國,29
2019/5/20,[新聞] 威脅華為 川普還能來軟的,6
2019/5/20,Re: [新聞] 智能手機市場大震撼傳谷歌中止華為用安卓,13
2019/5/20,[新聞] 智能手機市場大震撼傳谷歌中止華為用安卓,40
2019/5/20,[新聞] 深超：與鴻海、群創是客戶關係,3
2019/5/20,[新聞] 大陸前證監會主席劉士餘 涉案遭調查,15
2019/5/20,[其他] 分享一些東西希望有幫助,21
2019/5/19,[新聞] 核心技術外流中國 南韓半導體業界建議修,12
2019/5/19,[請益] 股東會委託書可以填寫嗎?,4
2019/5/19,[標的] 欣興短多,7
2019/5/19,[其他]  賣完股票 大家遇過最多是漲多少倍的,28
2019/5/19,[心得] 所有上市公司 2019以來外資買賣超 整理,17
2019/5/19,[新聞] 港府可沒收嫌疑犯在港資產　恐爆香港資,100
2019/5/19,[新聞]國際評級機構:貿易戰升級或令大陸評級下調,4
2019/5/19,[新聞] 12檔台商回流股 發大財,1
2019/5/19,[參選] Albim參選版主,12
2019/5/19,[標的] 2707 你的晶華，多到滿出來,39
2019/5/19,[新聞] 中美貿易戰》川普打壓沒在怕，台積電：繼,41
2019/5/19,[參選] anti87 買飆股，住豪宅，股友發大財,-10
2019/5/19,[參選]  k29571159 參選版主讓股版再次偉大,13
2019/5/19,[標的] 3563牧德,7
2019/5/19,[參選] j2708180參選,14
2019/5/19,Re: [新聞] 遭美方指「威脅國安」 豐田罕見發聲明反,7
2019/5/19,Re: [新聞] 股息縮水增資壓力 壽險金控遭外資大舉倒,8
2019/5/19,[參選] ESunBoy 參選版主,100
2019/5/19,Re: [其他] 一堆支那人跑來鬧，不用處理嗎？,7
2019/5/19,[標的] 1103 嘉泥,13
2019/5/19,[新聞] 納智捷新車搶市 接單已逾百輛,32
2019/5/19,[新聞] 美中貿易戰升溫 人民幣保7北京陷兩難,17
2019/5/19,Re: [請益] 風險是不是能夠轉嫁給別人?,1
2019/5/19,Re: [新聞] 中國無人超商泡沫化 181億投資盡成灰,6
2019/5/19,[新聞] 貿易戰讓中國產能移出 亞洲鄰國最受惠,8
2019/5/19,[新聞] 貿易戰升級 大陸400萬大學畢業生將失業,33
2019/5/19,[新聞] 中國無人超商泡沫化 181億投資盡成灰,35
2019/5/19,[新聞] 股息縮水增資壓力 壽險金控遭外資大舉倒,36
2019/5/19,Re: [其他] 一堆支那人跑來鬧，不用處理嗎？,0
2019/5/19,[新聞] 貿易戰警訊！A股5月外資流出破紀錄,12
2019/5/19,Re: [標的] 富邦金(2881)、正隆(1904)、中裕(4147),3
2019/5/19,[公告] ntcbsinica 水桶一週,0
2019/5/19,[參選] loveuu5566 參選版主,46
2019/5/19,[公告] anti87 警告一次,0
2019/5/19,Re: [其他] 一堆支那人跑來鬧，不用處理嗎？,3
2019/5/19,[標的] 富邦金(2881)、正隆(1904)、中裕(4147),23
2019/5/19,Re: [其他] 一堆支那人跑來鬧，不用處理嗎？,12
2019/5/19,[其他] 一堆支那人跑來鬧，不用處理嗎？,100
2019/5/19,[新聞] 蘇貞昌：台灣經濟重回「亞洲四小龍」之首,7
2019/5/19,[新聞] 蔡總統臉書宣布：台灣離岸風電場「今天開,23
2019/5/19,[新聞] 由田處分5000張晶彩科 副總也同步申讓9成,7
2019/5/19,Re: [心得] T50反1攻略-續,4
2019/5/19,Re: [請益] AI在股票投資進展速度太快了吧?,5
2019/5/19,Re: [新聞] 被貿易戰逼瘋！美國農民自殺率創歷史新高,5
2019/5/19,"[請益] 請問""正確的波段加碼方式""?",18
2019/5/19,Re: [其他] 美國經濟今年會出大問題,30
2019/5/19,[新聞] 中國經濟又遭重擊！ 俄羅斯突調高石油出,44
2019/5/19,[新聞] 喬山 首季營運轉盈,8
2019/5/19,[新聞] 存股族淘金 配股型優選,41
2019/5/19,[標的] 本週股票多空表,9
2019/5/19,Re: [其他] 戍天九思：中歐聯手將把美國擠出5G市場,6
2019/5/19,[心得] 所有上市公司信用額度總量管制餘額表,1
2019/5/19,Re: [新聞] 華郵：美與加墨達成協議 撤銷鋼鋁進口關,3
2019/5/19,[標的] 4144康聯-KY,1
2019/5/19,Re: [新聞] 華為恐起死回生！ 美國擬縮減對華為貿易,-10
2019/5/19,Re: [心得] T50反1攻略-續,8
2019/5/19,Re: [請益] 風險是不是能夠轉嫁給別人?,13
2019/5/19,[請益] 風險是不是能夠轉嫁給別人?,13
2019/5/19,Re: [新聞] 華為恐起死回生！ 美國擬縮減對華為貿易,26
2019/5/18,[心得] Excel如何設計函數公式整理財報資料,23
2019/5/18,[新聞] 川普賣權係金吔！,18
2019/5/18,Re: [新聞] 遭美方指「威脅國安」 豐田罕見發聲明反,4
2019/5/18,[心得] T50反1攻略-續,6
2019/5/18,Re: [新聞] 壽險業寒冬未了，今年得靠老本吃飯,14
2019/5/18,[新聞] 美國消費者信心指數創15年最高,26
2019/5/18,[新聞] 中國邊境禁緬甸稀土礦入關 業界憂衝擊供,4
2019/5/18,Re: [標的] 味全 1201 多,45
2019/5/18,Re: [標的] 2382廣達,10
2019/5/18,[新聞] 遭美方指「威脅國安」 豐田罕見發聲明反,49
2019/5/18,[新聞] 15檔三強股 與贏零距離,15
2019/5/18,[其他] 如何看待董監質押股票大幅增加？,0
2019/5/18,[新聞] 彭博周刊封面故事 談「此貨來自台灣」,16
2019/5/18,[新聞] 台灣金融業機會來了 西進中國買銀行,-10
2019/5/18,[新聞] 關稅施壓中國 股神巴菲特與前高盛CEO挺川,31
2019/5/18,Re: [標的] 2382廣達,100
2019/5/18,[新聞] 資金避風港 鎖定3大族群,33
2019/5/18,[新聞] 高鐵股價破40元但官股不能賣 原因是這樣,24
2019/5/18,[新聞] 耐震潛力股 內外資同步看多,17
2019/5/18,[新聞] 揮別淡季，啟碁挑戰二位數增長,3
2019/5/18,[公告] rockon15 水桶10年,0
2019/5/18,Re: [新聞] 華郵：美與加墨達成協議 撤銷鋼鋁進口關,1
2019/5/18,[公告] rodney92 Lowpapa zaiter 水桶一週,0
2019/5/18,Re: [新聞] 華郵：美與加墨達成協議 撤銷鋼鋁進口關,6
2019/5/18,【招募】台大智活誠徵受訪者（1000元/1小時）,4
2019/5/18,[公告] whitedeath jjjjjjs 水桶一週,0
2019/5/18,[公告] tangolosss slutboy104 ckw19 水桶10年,0
2019/5/18,[新聞] 華郵：美與加墨達成協議 撤銷鋼鋁進口關,33
2019/5/18,[新聞] U.S. Lifts Steel and Aluminum Tariffs,2
2019/5/18,Re: [新聞] 「此貨來自台灣」貿易戰掀MIT浪潮,13
2019/5/18,Re: [標的] 2382廣達,28
2019/5/18,[公告] qadc fanlongs 水桶一個月,0
2019/5/18,[新聞] 「此貨來自台灣」貿易戰掀MIT浪潮,49
2019/5/18,Re: [新聞] 港媒：若美堅持禁華為 全球成輸家,-10
2019/5/18,[公告] qk123 momolo2000 警告一次,0
2019/5/18,[公告] bettytao 警告一次,0
2019/5/18,[新聞] 港媒：若美堅持禁華為 全球成輸家,0
2019/5/18,[公告] goodbyestar andersyuan 水桶一週,0
2019/5/18,[公告] nicexd markkkkk aaa013008 keif警告一次,0
2019/5/18,Re: [新聞] 中國3月大賣逾百億美債 持有量減至2年低,15
2019/5/18,[公告] aa474747 水桶一週,0
2019/5/18,[新聞] 華為恐起死回生！ 美國擬縮減對華為貿易,28
2019/5/18,[新聞]美國禁售令立即生效 雙向圍堵下華為的命運,7
2019/5/18,[新聞] 德媒：儘管美國威脅愈演愈烈 歐洲國家仍,1
2019/5/18,[新聞] 不甩川普華為禁令！馬克宏警告爆發「科,21
2019/5/18,[新聞] 摩根大通：人民幣兌美元第三季將跌至6.9,5
2019/5/18,Re: [新聞] 中國3月大賣逾百億美債 持有量減至2年低,7
2019/5/18,Re: [新聞] 貿易戰升溫》談也白談？北京取消3247噸,5
2019/5/18,Re: [標的] 3481群創 現在可以抄底嗎,9
2019/5/18,[標的] 2337旺宏,8
2019/5/18,Re: [新聞] 貿易戰升溫》談也白談？北京取消3247噸,20
2019/5/18,Re: [新聞] 中國3月大賣逾百億美債 持有量減至2年低,31
2019/5/18,[新聞] 被貿易戰逼瘋！美國農民自殺率創歷史新高,24
2019/5/18,[標的] 3481群創 現在可以抄底嗎,38
2019/5/18,[新聞] 陸反制美 3247噸美豬大單飛了,0
2019/5/18,[新聞] 貿易戰升溫》談也白談？北京取消3247噸,21
2019/5/18,[新聞] 鴻海犧牲群創護航深超？證交所要查,34
2019/5/18,[新聞] 台商用AI養豬 還能讓母豬坐月子,15
2019/5/18,[新聞] 川普凶狠屠殺華為！日媒爆2大台廠最危險,23
2019/5/18,[新聞] 14檔高息低價股 法人搶,15
2019/5/18,[新聞] 海思：備胎晶片轉正應戰,33
2019/5/18,[新聞] 美國再出狠招：高通、Intel、ARM等收到郵,46
2019/5/18,[新聞] 中國3月大賣逾百億美債 持有量減至2年低,21
2019/5/18,[標的] 彩晶6116 多,3
2019/5/17,Re: [新聞] 撐住！川普安撫美農民 稱貿易戰快贏了,29
2019/5/17,Re: [請益] 指數投資,5
2019/5/17,[標的] 大盤 多,19
2019/5/17,[新聞] 撐住！川普安撫美農民 稱貿易戰快贏了,22
2019/5/17,[其他] 5/17 台灣集中市場外資買賣超前30名,2
2019/5/17,[其他] 5/17 台灣店頭市場三大法人買賣超前20名,5
2019/5/17,[新聞] 【獨家】遠雄再爆掏空弊案 趙藤雄父子遭,35
2019/5/17,[新聞] 慧洋-KY(2637)通過每股配發1.5元現金股利,12
2019/5/17,[新聞] 台股就瘋TWS題材！原相開盤2分鐘亮燈漲停,21
2019/5/17,[標的] 3293 鈊象 多,11
2019/5/17,[請益] 指數投資,12
2019/5/17,[其他] 108年05月17日信用交易統計,27
2019/5/17,[新聞] 貿易衝突惡化！中國上週取消約3200噸美,42
2019/5/17,[標的] 8436大江,15
2019/5/17,Re: [心得] 感受,-10
2019/5/17,[新聞] 美國祭禁令 台積電：初估後繼續出貨華為,24
2019/5/17,[請益] 群創為何不告週刊???,31
2019/5/17,[新聞] 堅持交班 郭台銘：還是會很關心鴻海發展,5
2019/5/17,Re: [新聞] 貶破6.9大關！人民幣匯率今創近6個月新低,4
2019/5/17,[新聞] 台股週線跌3.07% 上市股票總市值31.36兆,6
2019/5/17,[新聞] 誰是華為概念股？外資點名這37家台廠,49
2019/5/17,[新聞] 美祭華為禁令 台積電：謹慎分析評估相關,23
2019/5/17,[新聞] 警訊！全球15大半導體廠 海思超前聯發科,17
2019/5/17,Re: [心得] 感受,9
2019/5/17,[新聞] 貶破6.9大關！人民幣匯率今創近6個月新低,39
2019/5/17,[心得] 開發金 股東紀念品,62
2019/5/17,[標的] 6月選擇權價外call 多,9
2019/5/17,[新聞] 10年低點不稀奇 非洲豬瘟將顛覆大豆市場,24
2019/5/17,Re: [新聞] 美若徵下波關稅 台GDP成長恐腰斬,0
2019/5/17,Re: [心得] 致肉鬆哥,33
2019/5/17,[新聞] 壽險業寒冬未了，今年得靠老本吃飯,18
2019/5/17,[新聞] 超過半數歐盟民眾認為「歐盟將在20年內解,7
2019/5/17,[新聞] 中美紛爭短期難了，注意資產和高殖利率股,3
2019/5/17,Re: [新聞] 日本「令和」年號在中國被搶註商標,8
2019/5/17,[新聞] 美若徵下波關稅 台GDP成長恐腰斬,0
2019/5/17,[新聞] 輝達打氣 電競、板卡族抗退,6
2019/5/17,[新聞] 中美貿易戰「三大分歧」 金燦榮透露談判,31
2019/5/17,[心得] 致肉鬆哥,30
2019/5/17,[標的] 美國道瓊(*UDM9) (獲利出場),100
2019/5/17,[其他] 華南金股東紀念品,63
2019/5/17,[標的] 神盾 6462多,11
2019/5/17,Re: [請益] 同婚概念股？,8
2019/5/17,Fw: [爆卦] 華為中國供應商大漲，美國供應商股票大跌,-10
2019/5/17,[其他] 108年05月17日 三大法人買賣金額統計表,96
2019/5/17,Re: [心得] 感受,11
2019/5/17,[新聞] 日本「令和」年號在中國被搶註商標,4
2019/5/17,Re: [新聞] 川普宣布國家緊急狀態 全面封鎖華為,19
2019/5/17,[其他] 華為2018核心供應商名單,36
2019/5/17,永豐金 股東會紀念品,29
2019/5/17,[新聞] 李嘉誠擬售上海普陀區地產「高尚領域」,13
2019/5/17,[心得] 感受,100
2019/5/17,[閒聊] 2019/05/17 盤後閒聊,62
2019/5/17,Re: [標的] 欣興 空,1
2019/5/17,Re: [標的] 如果公司的品格會出第三集,41
2019/5/17,[新聞] 一國際郵輪疑違反美制裁伊朗禁令在中國舟山卸載伊朗燃油,2
2019/5/17,Re: [新聞] 美禁華為 穩懋︰不受影響,23
2019/5/17,[新聞] 美財長擬赴中談判 北京暗放話：來了也白`,26
2019/5/17,[新聞] 我跟進美國禁用華為？ 政院評估中,11
2019/5/17,[新聞] 日媒：鴻海 FII 佔華為採購額比重最高，,2
2019/5/17,Re: [新聞] 美禁華為 穩懋︰不受影響,3
2019/5/17,[新聞] 蔡英文：勞動部不要太為難企業,-10
2019/5/17,[新聞] 美禁華為 穩懋︰不受影響,23
2019/5/17,Re: [新聞] 外資出走 台幣貶到二年新低,5
2019/5/17,Re: [請益] 盤後分析用的電腦,2
2019/5/17,[新聞] China Not Interested in Talking With U,20
2019/5/17,[請益] 慧洋股東會很熱烈,11
2019/5/17,Re: [新聞] 川普宣布國家緊急狀態 全面封鎖華為,28
2019/5/17,[請益] 盤後分析用的電腦,9
2019/5/17,[新聞] 台商投資印度 一年抵65年,24
2019/5/17,[新聞] 各家廠商因應美中貿易戰策略,5
2019/5/17,[新聞] 台商回台投資再添3筆 突破2800億元,6
2019/5/17,Re: [標的] 4173 久裕,1
2019/5/17,[新聞] 外資出走 台幣貶到二年新低,24
2019/5/17,[新聞] 淨值資產比指標 壽險業首季全過關,6
2019/5/17,[新聞] 美中貿易戰 謝金河：台灣製造業重生契機,16
2019/5/17,Re: [新聞] 迎戰美國！ 中國推大豆振興計畫,0
2019/5/17,[新聞] 美國禁華為　經長沈榮津：台灣會有轉單,4
2019/5/17,[新聞] 穿戴式AI市場於2025年之後呈現爆炸性成長,12
2019/5/17,Re: [標的] 6533 晶心科,12
2019/5/17,[新聞] 五大華為概念股全倒 市值蒸發632億,20
2019/5/17,[閒聊] 2019/05/17 盤中閒聊,100
2019/5/17,[新聞] 寶成(9904)Q1內外皆美，獲利年增逾四成，,0
2019/5/17,[新聞] 觸控產業洗牌中　宸鴻JDI投資最遲年底定,3
2019/5/17,[新聞] 川普宣布國家緊急狀態 全面封鎖華為,43
2019/5/17,[新聞] 日經爆：鴻海不少訂單處於虧損狀態,16
2019/5/17,[新聞] 美商務部長：對華為出口管制17日生效,28
2019/5/17,[標的] 台肥1722,24
2019/5/17,[新聞] ZenFone打前鋒、ROG Phone隨其後 華碩手,14
2019/5/17,[新聞] 中鋼成本墊高 壓縮獲利,6
2019/5/17,[標的] 如果公司的品格會出第三集,9
2019/5/16,[新聞] IHS最新預測：台灣經濟成長率 躍亞洲四小,34
2019/5/16,[標的] 1813 寶利徠,10
2019/5/16,Re: [請益] 股利扣除額,9
2019/5/16,[新聞] 外資降評下修目標價 鴻海股價臨逆風,34
2019/5/16,[新聞] 中國正式逮捕前外交官等2人 加拿大強烈,30
2019/5/16,[標的] 大盤 多,36
2019/5/16,Fw: [新聞] 刺激政策效力減弱 中國增長放緩,4
2019/5/16,Re: [新聞] 迎戰美國！ 中國推大豆振興計畫,5
2019/5/16,[標的] 6533 晶心科,7
2019/5/16,[其他] 券商比較(台銀証和凱基),7
2019/5/16,[新聞] 一國際郵輪疑違反美制裁伊朗禁令在中國,8
2019/5/16,[其他] 108年05月16日信用交易統計,20
2019/5/16,Re: [新聞] 美財長稱近期來華磋商 商務部：中方不掌,5
2019/5/16,[請益] 存股大師 行為好像投顧？,22
2019/5/16,[新聞] 元大「特股高息」 ETN 銷售破萬張,25
2019/5/16,[新聞] 人民幣不值錢？比特幣大漲竟是中國投資人,37
2019/5/16,[新聞] 習近平認了？ 坦言中國經濟「臃腫虛胖」,30
2019/5/16,[新聞] 國泰金破底導火線？ 這家外資砍目標價到3,72
2019/5/16,Re: [新聞] 美財長稱近期來華磋商 商務部：中方,4
2019/5/16,[新聞] (00771) 元大US高息特別股 今上市,5
2019/5/16,[新聞] 公股護盤 多買超金融、高股息,3
2019/5/16,信邦 股東紀念品 藍芽耳機,9
2019/5/16,Re: [新聞] PChome詹宏志動怒 批蟑螂政客喬事情,22
2019/5/16,[新聞] 美財長稱近期來華磋商 商務部：中方不掌,0
2019/5/16,[標的] 大盤空0050相關各股,3
2019/5/16,[請益] 租賃業一問？,16
2019/5/16,[其他] 108年05月16日 三大法人買賣金額統計表,70
2019/5/16,Re: [其他] 請問MSCI,22
2019/5/16,[新聞]台通過「貿易法」修正 遏阻陸貨「洗產地」,28
2019/5/16,[其他] 請問MSCI,28
2019/5/16,[閒聊] 2019/05/16 盤後閒聊,37
2019/5/16,Re: [新聞] 迎戰美國！ 中國推大豆振興計畫,6
2019/5/16,[新聞] 力挺「辣台妹」小英綠能政策 歐商會：台,0
2019/5/16,[新聞] 佛系金融企業 永豐金控 2018獲利末段班 員工薪資仍破百,16
2019/5/16,[新聞] 面板寒冬 群創主管砍薪水,37
2019/5/16,[新聞] 憂中國傾銷鋼材 印度業者要求課稅25％,17
2019/5/16,Re: [標的] 欣興 空,14
2019/5/16,[新聞] 台灣鋼鐵集團欲入主中鋼一席董事　正尋找異業合作機會,7
2019/5/16,Re: [新聞] 迎戰美國！ 中國推大豆振興計畫,32
2019/5/16,[新聞] 林百里：廣達淨利率只剩1.41% 怎麼吸收25,29
2019/5/16,Re: [新聞] 中國2億頭豬死於非洲豬瘟 近美歐豬隻,9
2019/5/16,Re: [新聞] 迎戰美國！ 中國推大豆振興計畫,44
2019/5/16,Re: [標的] 1540 喬福,2
2019/5/16,Re: [請益] 沒鄉民想要這樣玩嗎,9
2019/5/16,[新聞] 傳蘋果自主5G基頻晶片至2025年方能開發,5
2019/5/16,[新聞] 宏碁追求多元成長 放眼PC以外新市場,26
2019/5/16,[新聞] 宸鴻奈米銀產品Q4量產，大客戶認證中,6
2019/5/16,[其他] 美國會用台積電打中美貿易嗎,11
2019/5/16,Re: [新聞] 迎戰美國！ 中國推大豆振興計畫,23
2019/5/16,[新聞] 《電腦設備》英業達Q1靚，外資目標價喊28,9
2019/5/16,Re: [請益] 沒鄉民想要這樣玩嗎,4
2019/5/16,Re: [新聞] 迎戰美國！ 中國推大豆振興計畫,6
2019/5/16,[新聞] 寶佳加碼華票 持股近兩成,13
2019/5/16,[新聞] BBC剖析貿易戰贏家輸家 最大受害者是....,13
2019/5/16,[新聞] 中國2億頭豬死於非洲豬瘟 近美歐豬隻總和,45
2019/5/16,[新聞] 涉違反國安 美商務部：華為列出口管制黑,48
2019/5/16,[請益] 沒鄉民想要這樣玩嗎,23
2019/5/16,Re: [標的] 華孚   6235  超長期  多,5
2019/5/16,"Re: [新聞] 蔡英文：台商回台投資逾1,200億元 帶來1",5
2019/5/16,[新聞] 美國最高法院：同意消費者向法院提蘋果Ap,2
2019/5/16,[標的] 2356英業達,100
2019/5/16,[新聞] 壽險股走勢 多空論戰,12
2019/5/16,[閒聊] 2019/05/16 盤中閒聊,100
2019/5/16,Re: [其他] 英業達2019 Q1財報,24
2019/5/16,[請益] 問個小問題,15
2019/5/16,[標的] 3227 原相 短空,26
2019/5/16,[新聞] 阿里巴巴平頭哥AI晶片下單創意、台積電,8
2019/5/16,[標的] 國建 2501 空頭降臨~~~~~~,3
2019/5/16,"Re: [新聞] 蔡英文：台商回台投資逾1,200億元 帶來1",8
2019/5/16,[新聞] 5G網路建設掀波瀾 華為願與各國簽無間諜,15
2019/5/16,[新聞] IC設計每股獲利排名洗牌 聯詠瑞昱大中進,0
2019/5/16,[新聞] PChome詹宏志動怒 批蟑螂政客喬事情,42
2019/5/16,[新聞] PChome終結7季度虧損，Q1重返獲利,12
2019/5/16,[請益] 上班族投資請益,29
2019/5/16,[新聞] 迎戰美國！ 中國推大豆振興計畫,84
2019/5/15,[新聞] 資金回台專法急闖關 立委質疑是引資炒股,15
2019/5/15,[新聞] 賣地貢獻太驚人！大同第1季轉虧為盈,12
2019/5/15,[新聞] 海外台商：美中貿易戰「是台灣的機會」,9
2019/5/15,Roc,8
2019/5/15,[新聞] 郭明錤點名神盾 2019年中與Q4開始出貨Viv,13
2019/5/15,[新聞] 投資人當心！每股淨值低於5元股票要注意,8
2019/5/15,[新聞] 川普：感覺談判會成功,100
2019/5/15,[新聞] 郭董4月再買1790張鴻海股票 全住套房,34
2019/5/15,[其他] 108年05月15日信用交易統計,36
2019/5/15,[新聞] 李克強：穩定及擴大就業 防止失業潮,17
2019/5/15,[新聞] 美國務院下令 撤離駐伊拉克使領館非緊急,38
2019/5/15,Re: [新聞] 川普擬簽署行政令 部署全面封殺華為,0
2019/5/15,[標的] 2371大同短多,16
2019/5/15,[新聞] 川普擬簽署行政令 部署全面封殺華為,30
2019/5/15,[其他] 英業達2019 Q1財報,60
2019/5/15,[新聞]台航(2617)董事會決議，擬每股配息1.3元,2
2019/5/15,[其他] 108年05月15日 三大法人買賣金額統計表,100
2019/5/15,Re: [標的] 2474可成 多,17
2019/5/15,[討論] 廣達 貿易戰影響,38
2019/5/15,[新聞] 兩地物流趨頻繁　學者憂鼠患跨境襲港,5
2019/5/15,[閒聊] 2019/05/15 盤後閒聊,99
2019/5/15,[新聞] 三星擬於2021年推新晶片製造技術GAA 提高,10
2019/5/15,[新聞] 豐田與松下合資進攻電動車與聯網家庭服務,3
2019/5/15,[新聞] 買手機像買飲料　小米推首台智慧型手機,16
2019/5/15,[新聞] 首季三率三降創低點 鴻海早盤市值失守1.1,21
2019/5/15,[新聞] 外資觀點：鴻海(2317)首季財報出爐，外,23
2019/5/15,Re: [新聞] 【群創被犧牲1】關鍵會議紀錄曝光　群創,7
2019/5/15,Re: [新聞] 中國怎麼打貿易戰?人民日報公布9個字表態,13
2019/5/15,[新聞] 兩大富豪搶豪宅 國巨陳泰銘買進第8戶,52
2019/5/15,[新聞] 中美貿易戰之際 川普支持率達51%創紀錄,17
2019/5/15,[請益] 川普如果是空軍有多賺??,20
2019/5/15,[新聞] 外資大砍國泰、富邦、開發金 壽險金控「存糧」過寒冬…,22
2019/5/15,[標的] 1902台紙 多,11
2019/5/15,[新聞] 全球96層3D NAND產量將自2019第二季開始,12
2019/5/15,[標的] 2317鴻海 多(5/16已損出),33
2019/5/15,[新聞] 【群創被犧牲1】關鍵會議紀錄曝光　群創,65
2019/5/15,[新聞] 中共對台灣統戰升級 為美中貿易持久戰布局,8
2019/5/15,[新聞]官媒鼓吹全面對抗 基金公司政治挂帥禁做空,40
2019/5/15,[閒聊] 2019/05/15 盤中閒聊,100
2019/5/15,[新聞] 「殯葬大亨」龍巖賣樓大進補 貢獻EPS估,24
2019/5/15,[新聞] 貿易戰開打大陸需求急凍　全球DIY市況跌,6
2019/5/15,Re: [新聞] 中國怎麼打貿易戰?人民日報公布9個字表態,15
2019/5/15,[標的] 冠德 2520短多長空,10
2019/5/15,[心得] 誰才是膽小鬼？,32
2019/5/15,[心得] 古文賞析：孫子兵法—謀攻,38
2019/5/15,[標的] 台股的投資級債卷穩賺嗎？,0
2019/5/15,[心得] 利用古典貨幣數量論 來看台積電量價,4
2019/5/15,[新聞] 官股大護盤  指數神龍擺尾,19
2019/5/15,[新聞] MSCI個股權重調整 台積電升幅最多,9
2019/5/15,[新聞] 蝦米！MSCI調整權重 竟與台股漲跌無絕對,3
2019/5/15,Re: [新聞] 林百里：淨利率剩1.41% 怎麼吸收25%關稅,20
2019/5/15,[新聞] 為了躲關稅..10艘美貨輪正向中國極速狂飆,30
2019/5/15,[新聞] 林百里：淨利率剩1.41% 怎麼吸收25%關稅,48
2019/5/15,[請益] 股利扣除額,10
2019/5/14,[標的] 裕隆,10
2019/5/14,Re: [新聞] 川普：我還沒決定全面對中國貨加徵關稅,0
2019/5/14,[新聞] 味全Ｑ1認列業外收益獲利吃大補丸 年增856.6%,21
2019/5/14,[標的] 6177 達麗,7
2019/5/14,Re: [新聞] 川普推文：「時機到了」就會和中國談成貿,19
2019/5/14,[新聞] 被迫反制貿易戰？川普看破習近平手腳！！,15
2019/5/14,Re: [新聞] 川普推文：「時機到了」就會和中國談成貿,15
2019/5/14,[請益] 富邦VIX會倒多少人Part5,13
2019/5/14,[新聞] 川普推文：「時機到了」就會和中國談成貿,63
2019/5/14,Re: [標的] 2537 聯上發 多,5
2019/5/14,[請益] 同事一個月可以靠股票賺五萬,17
2019/5/14,[其他] 108年05月14日信用交易統計,20
2019/5/14,[新聞]貿易戰引發通脹？ 北京發糧油價格調控預案,18
2019/5/14,[新聞] 中國怎麼打貿易戰?人民日報公布9個字表態,47
2019/5/14,Re: [標的] 2382廣達,60
2019/5/14,[請益] 第一季稅後盈餘公佈時間,4
2019/5/14,[新聞] 陸出手報復逼死誰？川普也剉…狂砸4600,0
2019/5/14,[新聞] 貿易戰燒 美股血流成河 道瓊跌617點 全球,17
2019/5/14,[新聞] 〈MSCI調整〉貿易戰也阻止不了！ A股權,0
2019/5/14,[新聞] 看好擁有世界人口20% 巴菲特：中國潛能,6
2019/5/14,[新聞] 中華郵政百億物流中心它全包？ 老總：過,9
2019/5/14,[新聞] 巴菲特：中國是個大市場　我們喜歡大市場,18
2019/5/14,[新聞] MSCI台股成分股新增聯邦銀、奇鋐、神盾,7
2019/5/14,Re: [標的] 2382廣達,100
2019/5/14,[新聞] 微星首季EPS 1.55元，季增近倍，優於預期,11
2019/5/14,[新聞] 不怕CPU缺貨　廣達Q1獲利、營收優於去年,9
2019/5/14,[其他] 鴻海Q1三率三降，EPS 1.43元,42
2019/5/14,[新聞] 2913農林苗栗兩開發案 完成用地變更,2
2019/5/14,Re: [請益] 怎麼鄉民的話跟別人的話都不一樣,11
2019/5/14,Re: [新聞] 大陸居民負債率暴漲 成經濟發展未爆炸彈,18
2019/5/14,[請益] KD收盤後會再變化嗎？,49
2019/5/14,[新聞] 金融類股淪重災區，國泰金、開發金慘成箭,44
2019/5/14,Re: [其他] 108年05月14日 三大法人買賣金額統計表,35
2019/5/14,Re: [其他] 108年05月14日 三大法人買賣金額統計表,9
2019/5/14,[新聞] 大陸居民負債率暴漲 成經濟發展未爆炸彈,14
2019/5/14,[標的] 欣興 空,19
2019/5/14,[其他] 108年05月14日 三大法人買賣金額統計表,100
2019/5/14,[其他] 廣達Q1財報,100
2019/5/14,[新聞] 美最高法院判決iPhone用戶有權提告蘋果,4
2019/5/14,Re: [心得] 不買VIX 會倒多少人 part 1,17
2019/5/14,[新聞] 蔡政府上任3年 每位台灣股民平均賺進一台,9
2019/5/14,[標的] 鴻海 空,16
2019/5/14,[新聞] 寶佳大降永豐金持股,6
2019/5/14,Re: [標的] 2382廣達 空,5
2019/5/14,[新聞] 鋼市混沌 中鋼Q3盤價聚焦,3
2019/5/14,Re: [新聞] 川普：我還沒決定全面對中國貨加徵關稅,22
2019/5/14,[新聞] 群創居工控面板三冠王,10
2019/5/14,Re: [標的] 2382廣達 空,61
2019/5/14,[閒聊] 2019/05/14 盤後閒聊,32
2019/5/14,[新聞] MSCI狂降權重！鴻海殺破80元 郭董身價掉3,31
2019/5/14,[新聞] 南韓前十大公司三分之二總銷售額來自海外,5
2019/5/14,Re: [新聞] 危機是轉機？國泰金、富邦金股民暴增一成,19
2019/5/14,[標的] 2382廣達 空,82
2019/5/14,Re: [標的] 鴻海,8
2019/5/14,[請益] 香港10年和2年殖利率倒掛？,5
2019/5/14,[新聞] 政策護盤！台股急拉逾百點 年線失而復得,1
2019/5/14,[新聞] 謝裕民寫鋼鐵三國演義,1
2019/5/14,[新聞] 川普：若與中談判成功 最快3週就會揭曉！,30
2019/5/14,[新聞] 蔡英文：透過台美合作，讓台灣的「國防,6
2019/5/14,Re: [新聞] 川普：我還沒決定全面對中國貨加徵關稅,10
2019/5/14,Re: [新聞] 看了大陸的報復清單 還以為美國是個農業,47
2019/5/14,Re: [標的] 4938和碩,100
2019/5/14,Re: [新聞] 川普：我還沒決定全面對中國貨加徵關稅,4
2019/5/14,[新聞] 加稅600億還不夠 環時：還有下一波,39
2019/5/14,Re: [新聞] 川普：我還沒決定全面對中國貨加徵關稅,6
2019/5/14,Re: [新聞] 川普：我還沒決定全面對中國貨加徵關稅,22
2019/5/14,Re: [新聞] 川普：我還沒決定全面對中國貨加徵關稅,12
2019/5/14,[新聞] 川普:沒理由支付關稅 不買中國商品能避開,27
2019/5/14,[新聞] 川普：我還沒決定全面對中國貨加徵關稅,99
2019/5/14,[請益] 停利價格怎麼定出來的,18
2019/5/14,[情報] vix 教育訓練講座,12
2019/5/14,[新聞] 〈MSCI調整〉台股三大權重全數調降 台積,10
2019/5/14,[新聞] Apple下一代處理器A13將由TSMC進入量產,11
2019/5/14,Re: [心得] 不買VIX 會倒多少人 part 1,0
2019/5/14,"Re: [心得] 借花獻佛, 遇強即屈",5
2019/5/14,[新聞] 美公布對中剩餘3000億美元關稅清單 共380,56
2019/5/14,[心得] 不買VIX 會倒多少人 part 1,0
2019/5/14,[閒聊] 2019/05/14 盤中閒聊,100
2019/5/14,Re: [新聞] 貿易戰 川普：中共若報復 將付出更大代價,9
2019/5/14,[新聞] 郭董交棒　鴻海半導體版圖擴張受關注,6
2019/5/14,[新聞] 川普：G20日本峰會見習近平,24
2019/5/14,Re: [新聞] 看了大陸的報復清單 還以為美國是個農業,9
2019/5/14,[新聞] 南韓近期最大宗出口品：應屆畢業生 三分,12
2019/5/14,[新聞] 大逃殺！中國對美報復性關稅 道瓊狂洩逾6,41
2019/5/14,Re: [轉錄] 金燦榮：中國有三張王牌打贏貿易戰,0
2019/5/14,[心得] 心態賞析：獲利魔咒,13
2019/5/14,[新聞] 看了大陸的報復清單 還以為美國是個農業,55
2019/5/14,[新聞] 中國反擊 6/1起對美600億美元商品加徵關,11
2019/5/14,[新聞] 美商務部出招 6中國科技公司納出口管制,17
2019/5/14,[心得] 所有上市公司集保戶股權分散表 整理,13
2019/5/14,Re: [新聞] 貿易戰 川普：中共若報復 將付出更大代價,18
2019/5/14,[新聞] 美中貿易戰再升級 蔡英文：對台影響有限,21
2019/5/14,[新聞] 貿易戰 川普：中共若報復 將付出更大代價,20
2019/5/14,[新聞] 郭明錤重申：貿易戰下屏下指紋最具防禦,17
2019/5/14,Re: [新聞] 大陸報復美國 宣布對美國進口商品加徵關,0
2019/5/14,Re: [新聞] 供電吃緊 4月用電創同期新高 環團:不缺,5
2019/5/14,[公告] koil 水桶10年,0
2019/5/14,[公告] ytrytyt 水桶一個月,0
2019/5/14,[公告] adamsong worshipyou jimlexus 警告一次,0
2019/5/14,[公告] gR7P4zXH luo954 水桶一週,0
2019/5/14,[公告] GoodElephant nodgdi 警告一次,0
2019/5/13,Re: [標的] 美國道瓊指數,3
2019/5/13,[請益]  有沒有人跟我ㄧ樣,34
2019/5/13,[請益] 全額交割怎麼買賣,8
2019/5/13,[公告] vickalex joshnash teemo0330 警告一次,0
2019/5/13,[公告] boy830527 gy206578 nora1736 水桶一週,0
2019/5/13,[公告] lovebabyqqq s11qs4 水桶一週,0
2019/5/13,[公告] sodabing robin7795 sim2347 水桶一個月,0
2019/5/13,[新聞] 蔡英文：用高品質的台灣製造 取代中國製,11
2019/5/13,Re: [新聞] 大陸報復美國 宣布對美國進口商品加徵關,45
2019/5/13,[新聞] 康得新大股東轉走公司122億資金 實控人被,6
2019/5/13,Re: [新聞] 大陸報復美國 宣布對美國進口商品加徵關,5
2019/5/13,[新聞] 福特將公布英國裁員計畫 傳550人被裁,1
2019/5/13,[新聞] 穩定的物價讓川普強硬有理！日媒：貿易戰,9
2019/5/13,[其他] 108年05月13日信用交易統計,27
2019/5/13,[心得] 自我矛盾的邏輯,15
2019/5/13,Re: [新聞] 大陸報復美國 宣布對美國進口商品加徵關,28
2019/5/13,Re: [請益] 美國怎麼了,4
2019/5/13,[其他] 5/13 台灣集中市場外資買賣超前30名,4
2019/5/13,[新聞] 中美貿易戰 川普：美方正處於想要的形勢,8
2019/5/13,[新聞] 大陸報復美國 宣布對美國進口商品加徵關,100
2019/5/13,[其他] 5/13 台灣店頭市場三大法人買賣超前20名,0
2019/5/13,[新聞] 業績獲利優不怕貿易戰 食品股逆勢大漲,4
2019/5/13,[新聞] 貿易戰 陸媒嗆美:19世紀大腦當中國軟柿子,32
2019/5/13,[新聞] 成霖企業宣布新任總經理Todd Talbot,2
2019/5/13,[標的] 8081致新,6
2019/5/13,[新聞] 《FF7：重製版》將拆多部分販賣　玩家全,11
2019/5/13,[新聞] 外資大逃殺 新台幣重貶1.24角創7個月新低,17
2019/5/13,Re: [請益] 楠梓電 2316,20
2019/5/13,[新聞] 東元董事會通過辦理庫藏股註銷減資1.75%5,6
2019/5/13,Re: [標的] 國建 2501 空翻多羅拳,2
2019/5/13,[新聞] 貿易戰未達協議 中共繼續忽悠民眾,18
2019/5/13,Re: [新聞] 中國官媒：美國加徵關稅 中方只負擔一成,6
2019/5/13,Re: [其他] 台股五窮六絕你得信！,5
2019/5/13,[新聞]中方更倚重「一帶一路」、談判立場「更強,16
2019/5/13,[新聞] 兆豐銀推安養信託，滿55歲女性可申請,13
2019/5/13,Re: [新聞] 川普：產品買家可在美國製造、也可向未徵,4
2019/5/13,[新聞] 川普：產品買家可在美國製造、也可向未徵,31
2019/5/13,Re: [新聞] 營收：大成鋼(2027)4月營收70億6943萬元-,10
2019/5/13,Re: [新聞] 中國官媒：美國加徵關稅 中方只負擔一成,67
2019/5/13,[請益] 各位會希望台幣貶值嗎?,38
2019/5/13,Re: [新聞] 中國官媒：美國加徵關稅 中方只負擔一成,3
2019/5/13,[新聞] 玉山銀行ATM全面進駐家樂福，提款購物好,4
2019/5/13,Re: [標的] 橘子 先短多後長空,7
2019/5/13,[新聞] 中鋼績增3% 業外大進補,4
2019/5/13,[新聞] 危機是轉機？國泰金、富邦金股民暴增一成,33
2019/5/13,[新聞] 貿易戰持續升溫！美國將採取第四波加稅行,10
2019/5/13,[新聞] 傳台積電開始量產蘋果A13晶片 惟中美貿易,7
2019/5/13,Re: [新聞] 中國官媒：美國加徵關稅 中方只負擔一成,3
2019/5/13,[新聞] 旺季到、新廠啟用，中磊營運動能佳,0
2019/5/13,[新聞] 華碩、宏碁出招，搶攻輕薄筆電,1
2019/5/13,[新聞] 投信：陸股殺低 逢低加碼,6
2019/5/13,[新聞] 宏達電Q1毛利率14.7% 每股虧損2.98元,12
2019/5/13,Re: [新聞] 中國官媒：美國加徵關稅 中方只負擔一成,1
2019/5/13,[新聞] 日本3月實質薪資創近四年最大跌幅,15
2019/5/13,[新聞] 中國官媒：美國加徵關稅 中方只負擔一成,25
2019/5/13,Re: [新聞] 高盛補刀：關稅成本完全轉嫁到了美國企業,0
2019/5/13,Re: [新聞] 高盛補刀：關稅成本完全轉嫁到了美國,13
2019/5/13,Re: [新聞] 高盛補刀：關稅成本完全轉嫁到了美國企業和家庭頭上,7
2019/5/13,[其他] 108年05月13日 三大法人買賣金額統計表,91
2019/5/13,Re: [其他] 台股五窮六絕你得信！,8
2019/5/13,Re: [其他] 台股五窮六絕你得信！,8
2019/5/13,Re: [新聞] 與川普說法不同 白宮顧問坦承支付關稅的,53
2019/5/13,Re: [新聞] 高盛補刀：關稅成本完全轉嫁到了美國企業和家庭頭上,27
2019/5/13,[閒聊] 2019/05/13 盤後閒聊,40
2019/5/13,[新聞] 預估2019年半導體晶片銷售額跌勢比預期大,5
2019/5/13,[新聞] 2025年6GHz以下頻段將佔據5G市場的三分之,8
2019/5/13,[新聞] 美中貿易戰台灣扣件業也中槍,2
2019/5/13,[新聞] 高盛補刀：關稅成本完全轉嫁到了美國企業,-10
2019/5/13,[新聞] 加國祭鋼品防衛關稅 中鋼、華新麗華：影,2
2019/5/13,[新聞] 外媒：劉揚偉接替郭台銘 將任鴻海董事長,21
2019/5/13,Re: [其他] 台股五窮六絕你得信！,28
2019/5/13,[新聞] 台鋼集團傳插旗中鋼經營 中鋼：有耳聞,9
2019/5/13,[新聞] 《金融》兆豐金股東，台壽擠進第六,5
2019/5/13,[新聞] 美對中課高關稅 蔡英文：台灣股匯穩定有,5
2019/5/13,Re: [新聞] 選總統鴻海市值蒸發？郭董：政府無能，非鴻海一家問題,7
2019/5/13,[新聞] 台3大造紙廠市值慘跌4百億 揭背後元兇,13
2019/5/13,Re: [新聞] 與川普說法不同 白宮顧問坦承支付關稅的,11
2019/5/13,[新聞] 更多美國企業家支持川普對華貿易政策,0
2019/5/13,Re: [新聞] 與川普說法不同 白宮顧問坦承支付關稅的,19
2019/5/13,[新聞] 新光金4月獲利大增92% 淨值創六年來新高,13
2019/5/13,[新聞] 5大電子代工廠 加速撤離中國！！！,57
2019/5/13,[心得] 小隊長開低有利於臺灣人的美股,0
2019/5/13,Re: [新聞] 與川普說法不同 白宮顧問坦承支付關稅的,0
2019/5/13,[新聞]美加徵關稅為何不見中方反制 官媒兩種態度,16
2019/5/13,Re: [新聞] 藥華藥 108年4月營收5萬、年減60.99%,7
2019/5/13,Re: [新聞] 與川普說法不同 白宮顧問坦承支付關稅的是美國自己,0
2019/5/13,[新聞] 台積電 4 月營收創 2019 年次低紀錄，後,13
2019/5/13,Re: [標的] 2474可成 多,19
2019/5/13,Re: [新聞] 與川普說法不同 白宮顧問坦承支付關稅的,36
2019/5/13,[新聞] 營收：大成鋼(2027)4月營收70億6943萬元-,4
2019/5/13,[新聞] 與川普說法不同 白宮顧問坦承支付關稅的,-10
2019/5/13,Re: [新聞] 貿易戰大陸必勝 陸學者：北京握有3王牌,9
2019/5/13,[閒聊] 2019/05/13 盤中閒聊,100
2019/5/13,Re: [新聞] 貿易戰大陸必勝 陸學者：北京握有3王牌,1
2019/5/13,[新聞] 伺服器網通加速遷移　東南亞供應商勢力崛,10
2019/5/13,[新聞] 選總統鴻海市值蒸發？郭董：政府無能，非鴻海一家問題,-10
2019/5/13,[新聞] 美若全面課稅 iPhone XS漲160美元,29
2019/5/13,[新聞] 川普為何提高中國關稅？專家推爆這則解釋,1
2019/5/13,Re: [新聞] 《大陸經濟》陸4月車市跌18％，本土,13
2019/5/13,Re: [新聞] 貿易戰大陸必勝 陸學者：北京握有3王牌,26
2019/5/13,Re: [請益] 有沒有哪一本會計書能夠很快上手入股海？,3
2019/5/12,[新聞] 全球經濟成長靠中國？渣打銀行：東南亞和,15
2019/5/12,[新聞] 貿易戰大陸必勝 陸學者：北京握有3王牌,0
2019/5/12,[新聞] 多份數據出爐 加稅影響正向美零售商和消,2
2019/5/12,[新聞] 好市多回應！義美鮮乳要退貨看這裡！,38
2019/5/12,[新聞] 分析：誰在為特朗普的關稅買單？,36
2019/5/12,Re: [請益] 加關稅=民眾被迫加稅？,18
2019/5/12,[標的]2103台橡,20
2019/5/12,[新聞] 中科院參加伊斯坦堡國防工業展 外商頻問,18
2019/5/12,[請益] 公司如果沒有在美中設廠,3
2019/5/12,[請益] 加關稅=民眾被迫加稅？,8
2019/5/12,Re: [心得] 中國在貿易戰上無法戰勝美國的原因,11
2019/5/12,[新聞] 加國不願做中美貿易戰犧牲品　對中國示好喊合作,18
2019/5/12,[新聞] 英國歐洲議會選舉 脫歐黨民調領先,0
2019/5/12,Re: [新聞] 川普向中國喊話：我會贏得連任 到時給的,15
2019/5/12,[新聞] 不甘被犧牲！加公開打臉美 邀陸合作,6
2019/5/12,Re: [轉錄] 金燦榮：中國有三張王牌打贏貿易戰,15
2019/5/12,Re: [新聞] 中美第 11 輪經貿磋商落幕，劉鶴提出 3 關切,14
2019/5/12,[新聞] 中美第 11 輪經貿磋商落幕，劉鶴提出 3 關切,47
2019/5/12,Re: [新聞] 川普向中國喊話：我會贏得連任 到時給的,3
2019/5/12,[請益] 有沒有哪一本會計書能夠很快上手入股海？,43
2019/5/12,Re: [新聞] 郭台銘：股價沒有200元不退休 鴻海董事加,15
2019/5/12,[其他] 害人家減資很了不起嗎？大家評評理 ...,8
2019/5/12,[新聞] 郭台銘：年輕人若還拿那麼多薪水，台灣經,39
2019/5/12,Re: [心得] 中國在貿易戰上無法戰勝美國的原因,5
2019/5/12,Re: [新聞] 川普向中國喊話：我會贏得連任 到時給的,3
2019/5/12,Re: [轉錄] 金燦榮：中國有三張王牌打贏貿易戰,18
2019/5/12,Fw: [轉錄] 金燦榮：中國有三張王牌打贏貿易戰,54
2019/5/12,Re: [心得] 中國在貿易戰上無法戰勝美國的原因,4
2019/5/12,[新聞] 鴻海接班人 郭台銘：不是盧松青戴正吳,13
2019/5/12,[新聞] 蘋果為什麼敢只對台灣果粉課稅10％ 還有,17
2019/5/12,[新聞] 中國農民哭泣！「無敵蟲災」快速擴散11省,58
2019/5/12,Re: [新聞] 川普向中國喊話：我會贏得連任 到時給的,1
2019/5/12,Re: [請益] 怎麼鄉民的話跟別人的話都不一樣,24
2019/5/12,Re: [請益] 怎麼鄉民的話跟別人的話都不一樣,1
2019/5/12,Re: [請益] 散戶圖---請問大家覺得目前在哪個階段呢,13
2019/5/12,[新聞] 誰為加徵關稅買單？專家稱中共有一點不變,2
2019/5/12,Re: [請益] 怎麼鄉民的話跟別人的話都不一樣,13
2019/5/12,Re: [心得] 準備全力買進蘋概股,2
2019/5/12,Re: [新聞] 川普向中國喊話：我會贏得連任 到時給的,41
2019/5/12,Re: [心得] 中國在貿易戰上無法戰勝美國的原因,8
2019/5/12,[請益] 不顧川普反對，中國明天還會狂拉嗎?,35
2019/5/12,[新聞] 川普向中國喊話：我會贏得連任 到時給的,100
2019/5/12,Fw: [爆卦] 傳聞中的中國半導體產能,50
2019/5/12,Re: [新聞] 貿易戰升溫 國安基金緊盯,15
2019/5/12,Re: [心得] 中國在貿易戰上無法戰勝美國的原因,6
2019/5/12,[心得] 所有上市公司 四月營收整理,54
2019/5/12,[請益] 0050當沖賺零用錢錢,9
2019/5/12,Re: [心得] 中國在貿易戰上無法戰勝美國的原因,4
2019/5/12,[新聞] 15檔財務體質躍進 勇,0
2019/5/12,[新聞] 11猛將賺逾半個股本,10
2019/5/12,[請益] 怎麼鄉民的話跟別人的話都不一樣,14
2019/5/12,Re: [心得] 中國在貿易戰上無法戰勝美國的原因,9
2019/5/12,[新聞] 康友首季EPS3.26元 年增11%,6
2019/5/12,[新聞] 貿易戰升溫 國安基金緊盯,31
2019/5/12,[新聞] 《大陸經濟》陸4月車市跌18％，本土牌倒,7
2019/5/12,Re: [心得] 中國在貿易戰上無法戰勝美國的原因,7
2019/5/12,Re: [心得] 中國在貿易戰上無法戰勝美國的原因,3
2019/5/12,Re: [新聞] 錢進台灣！美中貿易戰港商受害「一定,3
2019/5/12,Re: [心得] 中國在貿易戰上無法戰勝美國的原因,22
2019/5/12,[心得] 關於美中貿易戰,0
2019/5/12,Re: [心得] 中國在貿易戰上無法戰勝美國的原因,3
2019/5/12,[新聞] 中美北京再戰 美嗆全面徵稅25％,21
2019/5/12,Re: [心得] 中國在貿易戰上無法戰勝美國的原因,0
2019/5/12,[新聞] 《業績-金融》台中銀前4月每股賺0.39元,9
2019/5/12,Re: [心得] 中國在貿易戰上無法戰勝美國的原因,0
2019/5/12,Re: [心得] 中國在貿易戰上無法戰勝美國的原因,23
2019/5/12,Re: [新聞] 誰怕誰！反擊川普…陸還有3大毀滅性武器,4
2019/5/12,Re: [新聞] 誰怕誰！反擊川普…陸還有3大毀滅性武器,8
2019/5/11,Re: [新聞] 誰怕誰！反擊川普…陸還有3大毀滅性武器,3
2019/5/11,Re: [心得] 中國在貿易戰上無法戰勝美國的原因,78
2019/5/11,Re: [新聞] 誰怕誰！反擊川普…陸還有3大毀滅性武器,0
2019/5/11,Re: [爆卦] 川普開示了!,24
2019/5/11,[新聞] 25％關稅大刀撐不住！中國紡織廠掀逃命潮,11
2019/5/11,Re: [心得] 中國在貿易戰上無法戰勝美國的原因,20
2019/5/11,Fw: [爆卦] 川普開示了!,66
2019/5/11,Re: [新聞] 誰怕誰！反擊川普…陸還有3大毀滅性武器,12
2019/5/11,[心得] 美中貿易戰後果最權威深入分析,0
2019/5/11,[心得] 準備全力買進蘋概股,27
2019/5/11,Re: [新聞] 誰怕誰！反擊川普…陸還有3大毀滅性武器,7
2019/5/11,Re: [新聞] 誰怕誰！反擊川普…陸還有3大毀滅性武器,24
2019/5/11,[新聞] 錢進台灣！美中貿易戰港商受害「一定要搬,10
2019/5/11,Re: [新聞] 誰怕誰！反擊川普…陸還有3大毀滅性武器,5
2019/5/11,Re: [新聞] 誰怕誰！反擊川普…陸還有3大毀滅性武器,23
2019/5/11,Re: [新聞] 誰怕誰！反擊川普…陸還有3大毀滅性武器,16
2019/5/11,[心得] 投資的第一步,17
2019/5/11,Re: [新聞] 川普：若一個月內無法達成協議 中國所有,7
2019/5/11,[新聞] 川普25％殺招出手！老謝驚揭最慘台廠....,33
2019/5/11,Re: [新聞] 誰怕誰！反擊川普…陸還有3大毀滅性武器,-10
2019/5/11,[新聞] 誰怕誰！反擊川普…陸還有3大毀滅性武器,50
2019/5/11,[標的] 一張不賣奇蹟自來適用鴻海(2317)嗎,13
2019/5/11,[新聞] 台積電營收月減6.3%、年減8.8%,27
2019/5/11,[標的] 1605華新,13
2019/5/11,"Re: [請益] 股市贏家都以""""基本分析""or""技術分析為主",9
2019/5/11,[新聞] 川普再揚言徵稅 劉鶴撇「談判破裂」臭名,19
2019/5/11,"[請益] 股市贏家都以""""基本分析""or""技術分析為主",24
2019/5/11,[新聞] 1周10大驚奇：丁蟹效應發威　真係死梗？,4
2019/5/11,[新聞] 4月營收／宏碁減40％ 探三年低點,12
2019/5/11,[新聞] 德意志挺鴻海 目標價87元,33
2019/5/11,[新聞] 4月營收「雙增」股 12檔尖兵列隊,4
2019/5/11,Re: [心得] 遷廠沒想像中容易的原因,11
2019/5/11,[心得] 中國在貿易戰上無法戰勝美國的原因,100
2019/5/11,Re: [新聞] 川普：若一個月內無法達成協議 中國所有,8
2019/5/11,Re: [新聞] 川普下令將對其餘中國商品加徵關稅,7
2019/5/11,Re: [新聞] 川普下令將對其餘中國商品加徵關稅,50
2019/5/11,[標的] 4968 立積,5
2019/5/11,Re: [新聞] 川普：若一個月內無法達成協議 中國,31
2019/5/11,[新聞] 川普指示啟動3千億美元中國產品徵稅流程!,7
2019/5/11,Re: [新聞] 川普：若一個月內無法達成協議 中國所有,0
2019/5/11,Re: [心得] 遷廠沒想像中容易的原因,17
2019/5/11,Re: [新聞] 川普：若一個月內無法達成協議 中國所有,3
2019/5/11,Re: [新聞] 川普下令將對其餘中國商品加徵關稅,4
2019/5/11,[其他] 分批進場的迷思,8
2019/5/11,[新聞] 川普：若一個月內無法達成協議 中國所有,21
2019/5/11,Re: [新聞] 貿易戰延長賽 台商受害最大,-10
2019/5/11,Re: [新聞] 川普下令將對其餘中國商品加徵關稅,8
2019/5/11,Re: [新聞] 〈美中談判無果〉川普將對陸貨全面加,5
2019/5/11,Re: [新聞] 川普下令將對其餘中國商品加徵關稅,8
2019/5/11,[新聞] 〈美中談判無果〉川普將對陸貨全面加稅？,15
2019/5/11,[新聞] 川普：談判將繼續  關稅可能取消,42
2019/5/11,[新聞] 貿易戰延長賽 台商受害最大,-10
2019/5/11,Re: [心得] 遷廠沒想像中容易的原因,1
2019/5/11,[心得] 遷廠沒想像中容易的原因,72
2019/5/11,Re: [新聞] 川普下令將對其餘中國商品加徵關稅,12
2019/5/11,Re: [新聞] 川普下令將對其餘中國商品加徵關稅,27
2019/5/11,Re: [新聞] 美中談判週五繼續 川普發推算了一筆明帳,6
2019/5/11,Re: [新聞] 川普下令將對其餘中國商品加徵關稅,24
2019/5/11,Re: [新聞] 川普下令將對其餘中國商品加徵關稅,32
2019/5/11,Re: [新聞] 川普下令將對其餘中國商品加徵關稅,2
2019/5/11,[標的] 本週股票多空表,3
2019/5/11,[請益] 請問有遷廠概念股嗎?,14
2019/5/11,[新聞] 因應伊朗威脅 美宣布在中東部署攻擊艦與,6
2019/5/11,Re: [新聞] 川普下令將對其餘中國商品加徵關稅,17
2019/5/11,Re: [新聞] 川普下令將對其餘中國商品加徵關稅,1
2019/5/11,Re: [標的] 6285 啟碁 請益,4
2019/5/11,Re: [新聞] 川普下令將對其餘中國商品加徵關稅,57
2019/5/11,Re: [新聞] 川普下令將對其餘中國商品加徵關稅,19
2019/5/11,Re: [新聞] 川普下令將對其餘中國商品加徵關稅,-10
2019/5/11,[新聞] 貿易大戰》美課稅25％生效 經部證實：台,29
2019/5/11,[新聞] 新 iPhone 即將上市 台積電傳最早 5 月量,25
2019/5/11,[新聞] 川普下令將對其餘中國商品加徵關稅,51
2019/5/11,[新聞] HTC退出中國市場？天貓、京東旗艦店竟已,21
2019/5/11,[新聞] 非洲豬瘟襲香港 6千頭豬隻將全數銷毀,6
2019/5/11,[新聞] 反逃犯條例 美擬檢討香港關係法,39
2019/5/11,Re: [新聞] 美中談判週五繼續 川普發推算了一筆明帳,15
2019/5/11,[請益] 美股是聽到甚麼消息 指數全部翻正,38
2019/5/11,[新聞] 罷工兩個月後 華航4月營收恢復正成長,8
2019/5/11,Re: [新聞] 美中談判週五繼續 川普發推算了一筆明帳,-10
2019/5/11,Re: [新聞] 美中談判週五繼續 川普發推算了一筆明帳,22
2019/5/11,[心得] 台灣外銷中國佔出口40%,16
2019/5/11,[新聞] 劉鶴首日談判90分鐘 坦言自己 無能為力..,49
2019/5/11,[新聞] 16檔三強護體 抗震,17
2019/5/11,[新聞] 美中貿易戰 自行車2大龍頭生產線搬師回台,23
2019/5/11,[請益] 請問哪裡找得到(calvo)卡爾沃定價的資料,2
2019/5/11,[心得] 以技術指標RSI 分析大盤走勢,11
2019/5/10,[新聞] 買了千萬新房住不進去　40戶聯手告建商,23
2019/5/10,[請益] 開戶行員跟外開人員的業績? (台新 新光),12
2019/5/10,[新聞]美中貿易戰升級風險嚴峻 蔡英文召開國安會,13
2019/5/10,[新聞] 尚志第1季每股淨值轉負 將自台股下市,4
2019/5/10,Re: [請益] 3704 合勤控,10
2019/5/10,Re: [新聞] 美中談判週五繼續 川普發推算了一筆明帳,15
2019/5/10,[新聞] 【公告】台泥董事會決議買回庫藏股,9
2019/5/10,[其他] 台股上市櫃公司股息殖利率排行(5/10),4
2019/5/10,[新聞] Dyson攻電動車 公布超長軸距、座椅傾斜,8
2019/5/10,[新聞] 台商投資可望回流5000億？郭董：我來拚經,-10
2019/5/10,[標的] 台指期  空,9
2019/5/10,[新聞] 美中談判週五繼續 川普發推算了一筆明帳,21
2019/5/10,[心得] 中美膽小鬼賽局,100
2019/5/10,[新聞] 香港失守！中國豬瘟傳入香港 6千隻肉豬將,14
2019/5/10,Re: [新聞] 美對華關稅加碼落地 中國國家隊據悉入市,0
2019/5/10,[標的] 4764雙鍵 空,4
2019/5/10,[請益] 3704 合勤控,7
2019/5/10,[新聞] 貿易談判週五持續進行 指數期貨溫和走低,9
2019/5/10,[標的] 雙鴻 空空空,6
2019/5/10,[新聞] 川普調關稅 代工廠、伺服器估影響不大,11
2019/5/10,[新聞] 大陸民生必需品成長 永裕再加碼華東新廠,1
2019/5/10,[其他] 108年05月10日信用交易統計,17
2019/5/10,[新聞] 鴻海擬配發現金股利每股4元 總額554.52億,43
2019/5/10,[新聞]台商回流2800億台幣 蔡英文調整目標5000億,10
2019/5/10,[新聞] 藥華藥 108年4月營收5萬、年減60.99%,11
2019/5/10,Re: [新聞] 川普又發推文：和中國的貿易談判「不用急,17
2019/5/10,[新聞] 川普又發推文：和中國的貿易談判「不用急,44
2019/5/10,[標的] 6285 啟碁 請益,29
2019/5/10,Re: [新聞] 郭文貴又爆了：川普下一步瞄準香港自貿區,8
2019/5/10,[請益] 請問指數期貨有買賣日報表嗎?,0
2019/5/10,[新聞] 可成 【公告】自行自結數,4
2019/5/10,[新聞] 鴻海4月營收同期新高 第2季觀察貿易戰,2
2019/5/10,Re: [心得] 中美貿易戰正式開打？,2
2019/5/10,[新聞] 川普下1波對中課稅 10大品項含手機、筆電,23
2019/5/10,[新聞] 玉晶光首季EPS0.05元 年減97%,73
2019/5/10,[新聞] 郭文貴又爆了：川普下一步瞄準香港自貿區,42
2019/5/10,[請益] 新手存股有哪些撇步,43
2019/5/10,[其他] 優沛國際收購福盈科 延長時間,0
2019/5/10,[新聞]讚蔡英文選對邊 王浩宇：台灣真的要發大財,-10
2019/5/10,[請益] 請問有選股邏輯程式化的軟體嗎?,5
2019/5/10,[新聞] 劉鶴救援失敗 美對中25％關稅今午生效 北,50
2019/5/10,Re: [新聞] 美對華關稅加碼落地 中國國家隊據悉入市,17
2019/5/10,[新聞]運錩董事會決議盈餘分配案,6
2019/5/10,[新聞] 美對華關稅加碼落地 中國國家隊據悉入市,41
2019/5/10,[新聞] 尚志每股淨值轉負 最快6月下市,12
2019/5/10,Re: [心得]川普的關稅會讓美國消費者一年多付800鎂,17
2019/5/10,Re: [新聞] 中美談判確定進入「延長賽」！川普之怒,12
2019/5/10,[新聞] 日商收購 安馳啟動查證,0
2019/5/10,Re: [轉錄]  [問卦] 中國股市瘋狂上漲？,11
2019/5/10,[新聞] 華映從領先業界到財務危機 最後交易日漲,17
2019/5/10,Re: [標的] 大盤 空,5
2019/5/10,[轉錄]  [問卦] 中國股市瘋狂上漲？,55
2019/5/10,[其他] 2382廣達 4月營業收入資訊,79
2019/5/10,Re: [新聞] 郭台銘：中美產業鏈正在重構，對台衝擊大,6
2019/5/10,[新聞] 振樺電(8114)首季雙率創三合一後新高，EP,0
2019/5/10,[新聞] 25％關稅大刀砍下去！10大產業中彈倒地！,30
2019/5/10,Re: [心得] 請問高手，避險是為了什麼,1
2019/5/10,[其他] 108年05月10日 三大法人買賣金額統計表,45
2019/5/10,[新聞] 又1子公司停牌 大同4月營收不樂觀,8
2019/5/10,[新聞] 富邦勇士封王，台灣大網路、實體門市同賀,3
2019/5/10,[新聞] 25％關稅大刀若落下 台商：三成會收掉！,48
2019/5/10,Re: [新聞] 中美談判確定進入「延長賽」！川普之怒,1
2019/5/10,[新聞] 金管會叮嚀銀行 適當整併,20
2019/5/10,[標的] 2538 基泰 多,4
2019/5/10,[新聞] 美今起對華加徵關稅 港商紛撤離大陸,0
2019/5/10,[新聞] 專為創作者設計，微星P75 Creator強勢登,6
2019/5/10,[閒聊] 2019/05/10 盤後閒聊,97
2019/5/10,[其他] 台積電公司2019年4月營收報告,12
2019/5/10,[標的] 1513 中興電,0
2019/5/10,[新聞] 金管會推Bank3.0 民營銀行積極度勝公股,1
2019/5/10,[標的] 2888 新光金 色即是空,8
2019/5/10,[標的] 上證指數 多,16
2019/5/10,[新聞] 陸反壟斷調查愛立信IP授權模式,6
2019/5/10,[標的] 2464 盟立 多,0
2019/5/10,[新聞] 美正式上調對陸關稅至25% 中國：深表遺憾,65
2019/5/10,[新聞] 郭台銘：中美產業鏈正在重構，對台衝擊大,19
2019/5/10,[標的] 3105穩懋,13
2019/5/10,[心得]川普的關稅會讓美國消費者一年多付800鎂,46
2019/5/10,Re: [新聞] 中美談判確定進入「延長賽」！川普之怒,11
2019/5/10,[請益] 為什麼政府需要護盤？,28
2019/5/10,[新聞] 中美談判確定進入「延長賽」！川普之怒,78
2019/5/10,[新聞] 劉鶴與賴海哲共進晚餐 將見川普力挽狂瀾!,32
2019/5/10,[新聞] 5G毫米波AiP天線模組封裝　三星緊咬高通,2
2019/5/10,Re: [心得] 請問高手，避險是為了什麼,3
2019/5/10,Re: [標的] 大盤 空 10680停利,12
2019/5/10,Re: [心得] 請問高手，避險是為了什麼,1
2019/5/10,[快報] 美中第一天貿易談判結束 25%關稅漲定了,62
2019/5/10,Re: [新聞] 中環108年度第一季合併財務報告,3
2019/5/10,[新聞] 陸媒籲早點達成協議！環時：華盛頓不該逼,72
2019/5/10,[新聞] 中環108年度第一季合併財務報告,10
2019/5/10,Re: [心得] 請問高手，避險是為了什麼,5
2019/5/10,Re: [心得] 請問高手，避險是為了什麼,10
2019/5/10,[新聞] 全球工業機器人銷售量2018年僅1%成長,8
2019/5/10,[新聞] 對逾3千億中國貨加稅 川普：開始文書工作,41
2019/5/10,[新聞] 談判決戰時刻寫信給川普 習近平說了啥,23
2019/5/10,Re: [標的] 大盤 空,15
2019/5/10,[新聞] 15家金控年衰3成 新光金翻身進步王,2
2019/5/10,[新聞] 美中貿易戰仍有變數 當沖戶突破4.4萬,12
2019/5/10,[閒聊] 2019/05/10 盤中閒聊,100
2019/5/10,[新聞] 宏達電(2498)董事會決議，擬每股配息0.38,34
2019/5/10,Re: [心得] 中美貿易戰正式開打？,0
2019/5/10,[新聞] 早跟韓國瑜講好！生產線回高雄　郭董喊：大學起薪5萬,27
2019/5/10,[新聞] 說好台商回流買豪宅？建商怯戰慘兮兮,12
2019/5/10,[心得] 中美貿易戰正式開打？,25
2019/5/10,[新聞] 川普：劉鶴是好人 但他們毀壞協議,34
2019/5/10,Re: [新聞] 習近平致信川普 川普稱：美中貿易協議有,16
2019/5/10,[新聞] 川普:收到習「美好」來信 3250億關稅已在,16
2019/5/10,Re: [新聞] 習近平致信川普 川普稱：美中貿易協議有,17
2019/5/10,[新聞] 美中貿易談判 習近平致函川普 川習可能通,17
2019/5/10,[新聞] 美國聯邦公報證實了！　10日起中國商品,5
2019/5/10,[新聞] 習近平致信川普 川普稱：美中貿易協議有,33
2019/5/10,[新聞] 加稅前幾小時 劉鶴將與美國協商 共進晚餐,66
2019/5/09,[標的] 大盤 空,18
2019/5/09,[新聞] 美股大跌了！中國股民痛快：「要死一起死,41
2019/5/09,Re: [新聞] 中國貿易立場為何強硬？受到川普談話鼓舞,17
2019/5/09,[新聞] 美國加稅前夕！歐美股重挫 道瓊狂瀉逾400,12
2019/5/09,Re: [新聞] 中國貿易立場為何強硬？受到川普談話鼓舞,10
2019/5/09,[新聞] 【全文】史上最殺299吃到飽 徐旭東出招搏,0
2019/5/09,[新聞] 八大公股行庫買超加持 這幾檔個股最耀眼,6
2019/5/09,Re: [新聞] 富邦VIX溢價大 成首檔「被警示」ETF,11
2019/5/09,[標的] 今日財報(越X越X),10
2019/5/09,Re: [新聞] 中國貿易立場為何強硬？受到川普談話鼓舞,62
2019/5/09,[心得] 25%課下去 放空那些股票有肉肉吃呢??,29
2019/5/09,Re: [標的] 2474可成 空,4
2019/5/09,[新聞] 佛系AI走紅後 宏碁再賣智慧天主珠,7
2019/5/09,[新聞] 貿易談判若破局 謝金河：全球市場爆4大,15
2019/5/09,Re: [其他] 108年【4月份金控股】EPS排名 (全已公布),18
2019/5/09,[新聞] 台灣首艘自製潛艦代號「1168」規格曝光！,9
2019/5/09,[標的] 正新,30
2019/5/09,[新聞]鮮活果汁-KY第1季每股賺2.96元 創同期新高,7
2019/5/09,[新聞] 中國貿易立場為何強硬？受到川普談話鼓舞,12
2019/5/09,Re: [標的] 2330  台積電  多,5
2019/5/09,[新聞] 大陸A股繼續集體下跌 外資淨流出近54億,6
2019/5/09,[其他] 108年05月09日信用交易統計,30
2019/5/09,[其他] 台股五窮六絕你得信！,27
2019/5/09,[其他] 108年【4月份金控股】EPS排名 (全已公布),24
2019/5/09,Re: [新聞] 陸商務部揚言 敢調高關稅 中國將反制,51
2019/5/09,Re: [標的] 2330  台積電  多,22
2019/5/09,[新聞] 貿易戰全面開戰 人民幣最慘逼近8字頭！,24
2019/5/09,[新聞] 中國扶持半導體業 延續稅收優惠,1
2019/5/09,[標的] 台指期6月期(長多),16
2019/5/09,[心得] ENDGAME!!!! 中美的終局之戰,18
2019/5/09,[新聞] 美中關鍵貿易談判將登場 亞股倒成一片,3
2019/5/09,[新聞] 【2881 富邦金】108年4月份自結合併盈餘,24
2019/5/09,[新聞] 蔡英文 「今年台商投資金額會達5千億」,9
2019/5/09,[新聞] 陸商務部揚言 敢調高關稅 中國將反制,25
2019/5/09,Re: [新聞] 橋頭科學園區來了！ 蔡英文：答應高,12
2019/5/09,[新聞] 橋頭科學園區來了！ 蔡英文：答應高雄的,32
2019/5/09,Re: [請益] 婆婆想幫孫女買股票,9
2019/5/09,[請益] 課3000億會是什麼樣的過程?,15
2019/5/09,[請益] 鎧勝-ky的4月財報要怎麼看,15
2019/5/09,[新聞] 川普：貿易談判 是中方破壞了這筆交易,25
2019/5/09,[請益] 婆婆想幫孫女買股票,39
2019/5/09,[新聞] 貿易談判中方態度轉硬 美媒：因誤以為美,21
2019/5/09,[其他] 美聯邦公報：兩千億陸貨上調關稅至25%,100
2019/5/09,[新聞] 將跌至歷史新低價 集邦看衰SSD合約價,16
2019/5/09,[新聞] 快訊／南韓軍方：北韓再射不明飛行物,27
2019/5/09,Re: [心得] 千萬不要當沖,4
2019/5/09,Re: [請益] 為何這次沒想像中的崩盤,24
2019/5/09,[新聞] 精誠資訊4月營收19.04億元年增32.7% 1—4,6
2019/5/09,[標的] 鼎炫 KY,3
2019/5/09,Fw: [新聞] 中國嗆要打就打 白宮：他們私訊盼達協議,40
2019/5/09,[新聞] 【5880 合庫金】108年4月份自結合併盈餘,20
2019/5/09,[其他] 競猜，5/10號 中美貿易戰談判結果。,100
2019/5/09,[其他] 108年05月09日 三大法人買賣金額統計表,99
2019/5/09,Re: [請益] 富邦VIX會倒多少人Part4,15
2019/5/09,[新聞] 沃爾瑪以人工智慧實驗IRL不同於Amazon Go,1
2019/5/09,[新聞] 潛艦國造邁步走》X型尾舵國造潛艦 首度,25
2019/5/09,[新聞] 台股開低走低 大跌190.04點,22
2019/5/09,[閒聊] 2019/05/09 盤後閒聊,57
2019/5/09,Re: [新聞] 罷工若衝擊營運 長榮航：停年終 不加薪,41
2019/5/09,[新聞] 川普飆高對中關稅至25% 別慌！貿易戰其,21
2019/5/09,[新聞] 《類股》人民幣貶勢再起，中概內需股荷包,26
2019/5/09,Re: [新聞] 罷工若衝擊營運 長榮航：停年終 不加薪,23
2019/5/09,[請益] 根據股市寶典圖來看，現在在哪個部位？,70
2019/5/09,[標的] 1540 喬福,6
2019/5/09,[新聞] 貿易戰最後關鍵24小時 謝金河提四大觀察,20
2019/5/09,[新聞] 1台廠加速撤中國 台達電3年投資台灣132億,31
2019/5/09,[新聞] 預防糧荒？發改委通告曝中共貿戰軟肋....,66
2019/5/09,[標的] 2851 中再保,10
2019/5/09,Re: [請益] 一張不賣奇蹟自來的策略 是不是錯了?,7
2019/5/09,[新聞] 川普1則推特 美國這支水餃股暴漲逾200％,31
2019/5/09,Re: [標的] 台指期 空,7
2019/5/09,Re: [新聞] 罷工若衝擊營運 長榮航：停年終 不加薪,15
2019/5/09,Re: [標的] 大盤 空,8
2019/5/09,[新聞] 亞馬遜與微軟陸續推出雲端區塊鏈服務,2
2019/5/09,Re: [請益] 為何這次沒想像中的崩盤,5
2019/5/09,[新聞] 永豐金10大股東 永豐餘重返榜首、寶佳緊追在後,6
2019/5/09,Re: [請益] 富邦VIX會倒多少人Part4,14
2019/5/09,[新聞] 金控獲利 兆豐暫奪雙冠,3
2019/5/09,[新聞] 三星電子倚賴MILA AI實驗室開發AI系統晶,0
2019/5/09,[閒聊] 2019/05/09 盤中閒聊,100
2019/5/09,[新聞] 高盛5G報告 喊買台積電，目標價310元,44
2019/5/09,[新聞] 人造素肉掀狂潮 A股10家飆漲停,25
2019/5/09,[新聞] 英特爾首波Project Athena NB下半年面市,4
2019/5/09,[標的] 新鉅科3630,0
2019/5/09,[新聞] 【2891 中信金】108年4月份自結合併盈餘,15
2019/5/09,[請益] 為何這次沒想像中的崩盤,87
2019/5/09,[請益] 有關銷戶與股利發放,1
2019/5/09,[新聞] 談判前夕川普推文下馬威 中媒：中國已為,93
2019/5/09,[標的] 台指期 空,9
2019/5/09,Re: [新聞] 劉鶴正赴美「敲定協議」 川普推文讓美股,17
2019/5/09,Re: [心得] 從景氣月刊、各國總經、貿易戰看未來(下),10
2019/5/09,[標的] 1762 中化生,3
2019/5/09,[心得] 從景氣月刊、各國總經、貿易戰看未來(下),19
2019/5/09,[心得] 從景氣月刊、各國總經、貿易戰看未來(上),24
2019/5/09,Re: [新聞] 劉鶴正赴美「敲定協議」 川普推文讓美股,25
2019/5/09,[新聞] 郭明錤：估今年螢幕指紋手機出貨年增「90,16
2019/5/09,[其他] 中國商務部對美國提高關稅聲明,29
2019/5/08,[新聞] 中國民族主義抬頭貿易談判習近平不再讓步,24
2019/5/08,[新聞] 郭台銘跟韓國瑜說好了 鴻海深圳天津部份產線移到高雄,27
2019/5/08,Re: [新聞] 中國民族主義抬頭 美中貿易談判習近平「不再讓步」,18
2019/5/08,[新聞] 罷工若衝擊營運 長榮航：停年終 不加薪,61
2019/5/08,[新聞] 劉鶴正赴美「敲定協議」 川普推文讓美股,38
2019/5/08,Re: [請益] 價量關係請益,0
2019/5/08,[新聞] 打經濟牌 蔡英文預告：今年是投資大爆發,18
2019/5/08,Re: [新聞] 美國報關行發出通知：暫停所有5月10日,30
2019/5/08,[新聞] 昇達科 108年4月營收1.96億、年增32.10%,12
2019/5/08,[新聞] 【公告】綠意董事會決議股利分派。,16
2019/5/08,[新聞] 台中成廉航機場對不起中部人？ 業界批盧,0
2019/5/08,[新聞] 美國報關行發出通知：暫停所有5月10日,61
2019/5/08,[標的] 今日財報(越X越X股),44
2019/5/08,[其他] 匯僑(2904)108年股東常會公告,6
2019/5/08,Re: [新聞] 貿易談判破局！美要求中國修法規 北京認,5
2019/5/08,Re: [心得] 請問高手，避險是為了什麼,15
2019/5/08,[新聞] 川普包圍德黑蘭 美伊敵意直逼臨界點,7
2019/5/08,[其他] 每日信用交易統計可不可以扣除VIX啊,-10
2019/5/08,Re: [標的] 2637慧洋,36
2019/5/08,[其他] 108年05月08日信用交易統計,22
2019/5/08,[新聞] 群光首季每股賺 2.39元 衝上歷史新高,7
2019/5/08,[其他] 請益有關金融電影,27
2019/5/08,[請益] Re: [新聞] 新光金本公司暨主要子公司108年4月份自結,13
2019/5/08,Re: [新聞] 貿易談判破局！美要求中國修法規 北京認,21
2019/5/08,[其他] 永豐金108年4月自結損益,11
2019/5/08,Re: [新聞] 貿易談判破局！美要求中國修法規 北京認,9
2019/5/08,[新聞] 《食品股》外資助攻，統一高飛,6
2019/5/08,[請益] 為什麼大家不放空？,31
2019/5/08,[標的] 6214 精誠 多,4
2019/5/08,[新聞] 貿易戰郭董樂觀 學者憂：恐拖垮台灣經濟,4
2019/5/08,"[心得] 借花獻佛, 遇強即屈",18
2019/5/08,[新聞] 華南銀襄理勾結外鬼盜領上億,21
2019/5/08,[新聞] 【地王金融大撤退6】幫外甥解套進入壽險,6
2019/5/08,[新聞] 貿易談判破局！美要求中國修法規 北京認,36
2019/5/08,[新聞] 【公告】台新金控暨主要子公司108年4月,14
2019/5/08,[新聞] 路透爆美中談判急轉直下祕辛 原來是此事,21
2019/5/08,[新聞] 新光金本公司暨主要子公司108年4月份自結,25
2019/5/08,[新聞] 中國民族主義抬頭 美中貿易談判習近平「不再讓步」,59
2019/5/08,[其他] 文曄現金股利:2.36元,11
2019/5/08,[心得] 中美貿易戰加速中國經濟泡沫化,4
2019/5/08,Re: [新聞] 劉鶴忍氣訪美內幕：貿談一旦崩盤難以修復,0
2019/5/08,[新聞] 玉山金今法說 首季獲利再創歷年同期新高,17
2019/5/08,Re: [新聞] 劉鶴忍氣訪美內幕：貿談一旦崩盤難以修復,25
2019/5/08,[新聞] 首季獲利有轉機 太陽能股「漲」聲響起,8
2019/5/08,[新聞] 美國新開職缺增4.7% 企業招工面臨挑戰,8
2019/5/08,[新聞] 〈財報〉TOYOTA 日企首見 年度銷售額突,2
2019/5/08,[新聞] 和碩Q1本業逼近損平 營益率難回1%以上,30
2019/5/08,[新聞] 中國60吋以上LCD面板出貨量2019Q1爆增11,24
2019/5/08,[新聞] 貿易戰 經長：加速台商回台 財部：5千億,16
2019/5/08,[其他] 108年05月08日 三大法人買賣金額統計表,49
2019/5/08,[請益] 公司不管股價會怎樣?,38
2019/5/08,[標的] 2441超豐,9
2019/5/08,[閒聊] 2019/05/08 盤後閒聊,63
2019/5/08,[爆卦] 虛擬貨幣交易所幣安遭盜12億台幣之比特幣,12
2019/5/08,[新聞] 劉鶴將赴美談判 傳美要求列出需修改的法,21
2019/5/08,Re: [新聞] 劉鶴忍氣訪美內幕：貿談一旦崩盤難以修復,31
2019/5/08,[新聞] 前4個月中國對美貿易順差5701.9億元，擴,23
2019/5/08,[其他] 中國兩年來每月汽車銷售數據,11
2019/5/08,[新聞] 劉鶴忍氣訪美內幕：貿談一旦崩盤難以修復,75
2019/5/08,Re: [請益] 富邦VIX會倒多少人Part4,7
2019/5/08,[新聞] 陸股翻紅 台股盤中跌幅收斂,14
2019/5/08,Re: [請益] 富邦VIX會倒多少人Part4,4
2019/5/08,[新聞] 美中貿易戰輾壓股市 周五沒協議更慘.....,39
2019/5/08,[新聞] 臉書正秘密研發加密貨幣支付網路,4
2019/5/08,[新聞] 高關稅空襲 日企加速逃離中國,10
2019/5/08,[新聞] 美眾院無異議通過台灣保證法 倡對台軍售1,100
2019/5/08,[標的] 1215卜蜂,35
2019/5/08,Re: [心得] 川普兩千億課稅整理,0
2019/5/08,Re: [請益] 富邦VIX會倒多少人Part4,16
2019/5/08,[新聞] VR軟硬體市場規模於2022年可攀升至163億,9
2019/5/08,"[新聞] 美對2,000億商品加稅 哪些中國行業受重創",11
2019/5/08,[新聞]貿易談判中共為何變臉 其一是不願公布條款,11
2019/5/08,[新聞] 美股殺紅眼！道瓊狂瀉逾 470 點 創 1 月,25
2019/5/08,[心得] 川普兩千億課稅整理,49
2019/5/08,[新聞] 王道銀首季獲利大增164%,17
2019/5/08,Re: [請益] 富邦VIX會倒多少人Part4,0
2019/5/08,[閒聊] 2019/05/08 盤中閒聊,100
2019/5/08,Re: [請益] 富邦VIX會倒多少人Part4,13
2019/5/08,Re: [新聞] 加徵關稅似成定局 道瓊創今年初來最大跌,16
2019/5/08,[新聞] TDDI扮火車頭、OLED、8K接棒　驅動IC封測,11
2019/5/08,[新聞] 加徵關稅似成定局 道瓊創今年初來最大跌,29
2019/5/08,Re: [新聞] 川普嗆加徵關稅衝擊中國股市 官媒、網媒,55
2019/5/08,[標的] 台股盤後一週分享,6
2019/5/07,Re: [新聞] 反對自經區 蔡總統：不能讓台灣貨中國貨,23
2019/5/07,Re: [新聞] 川普嗆加徵關稅衝擊中國股市 官媒、網媒,100
2019/5/07,[新聞] 反對自經區 蔡總統：不能讓台灣貨中國貨,23
2019/5/07,Re: [新聞] 台灣對中國出口連6黑 對美出口連31月,16
2019/5/07,"[新聞] 陸出口商：川普是""殺手""！難承受高關稅！",86
2019/5/07,Re: [新聞] 2886兆豐金,7
2019/5/07,[心得] 上市銀行金控保險證券類 數據整理,6
2019/5/07,[公告] tipsofwarren 警告一次,0
2019/5/07,[請益] 和碩Q1毛利率的新聞的資料來源是哪?,1
2019/5/07,Re: [新聞] 台灣對中國出口連6黑 對美出口連31月,6
2019/5/07,[其他] 108年05月07日信用交易統計,28
2019/5/07,"Re: [請益] 填息原理,公司賺錢與漲跌原理",8
2019/5/07,[公告] su27 dieyoung Csir 水桶一週,0
2019/5/07,[公告] JasperChang 水桶一週,0
2019/5/07,[公告] wangkaikai iiPhone7 水桶10年,0
2019/5/07,[新聞] 全球5G專利誰最多？台灣居第10,13
2019/5/07,[公告] cat886688 水桶一個月,0
2019/5/07,[公告] nocday tomford roiop710 警告一次,0
2019/5/07,[新聞] 原相4月營收4.28億元年增8.65%,19
2019/5/07,[公告] mikumywife z1231002 backham5566 警告一次,0
2019/5/07,[新聞] 【遠傳299搶客1】499之戰重傷　徐旭東下,-10
2019/5/07,[新聞] 4月出口年減3.3% 連6個月負成長最,7
2019/5/07,[公告] carolgilbert jR922522 bear5566 水桶一週,0
2019/5/07,[標的] 玉山金,18
2019/5/07,[新聞] 日本黃金周來台大爆發 中山北路沿線五星,13
2019/5/07,[新聞] 台灣對中國出口連6黑 對美出口連31月成長,33
2019/5/07,[新聞] 【2885 元大金】108年4月份自結合併盈餘,13
2019/5/07,[新聞] 【公告】M31董事會通過108年第1季合併財務報表,11
2019/5/07,[新聞] 川普嗆加徵關稅衝擊中國股市 官媒、網媒,17
2019/5/07,Re: [請益] 洋基 6691,14
2019/5/07,[新聞] 通泰賣不動產每股貢獻1.26元 大股東持股,1
2019/5/07,[請益] 請問三洋電處份泰山廠的問題？,5
2019/5/07,[請益] 股利所得,6
2019/5/07,[新聞] 【公告】玉山金控暨子公司108年04月自結,16
2019/5/07,[新聞] 中國緊急止血！上證50ETF今日起暫停開倉,10
2019/5/07,[新聞] 宏達電  創掛牌新低價,8
2019/5/07,Re: [新聞] 談判生變 陸官媒回嗆美「準備好承擔相應,21
2019/5/07,[新聞] 新唐MCU 躋無線藍牙耳機鏈,8
2019/5/07,[新聞] 談判生變 陸官媒回嗆美「準備好承擔相應,47
2019/5/07,Fw: [新聞] 自經區開放中國管制農產品名單曝光 香蕉,-10
2019/5/07,[新聞] 聯詠(3034)Q1每股賺3.23元，擬配發8.8元,19
2019/5/07,"[請益] 填息原理,公司賺錢與漲跌原理",21
2019/5/07,[新聞] 被美國嚇到語無倫次?中國:川普嚇不倒北韓,16
2019/5/07,[新聞] 和碩Q1毛利率降至2.3％，EPS 0.51元,24
2019/5/07,[新聞] 環球晶首季獲利創新高 每股盈餘8.88元,21
2019/5/07,[新聞] 投資人極度恐慌 富邦VIX權證買盤創史上次,8
2019/5/07,[新聞] 台新金首季淨利年增雙位數 估今年放款穩,10
2019/5/07,[新聞] 2886兆豐金,16
2019/5/07,[新聞] 金融業首家　玉山銀行「外幣ATM」進駐家,4
2019/5/07,[新聞] 劉鶴本周四赴美進行經貿磋商,75
2019/5/07,[新聞] 獨／用吃的仙草蜜！泰山破格推出聯名爆,13
2019/5/07,[其他] 108年05月07日 三大法人買賣金額統計表,94
2019/5/07,[標的] 台新msci中國 多,11
2019/5/07,[新聞] 旺宏 108年4月營收20.85億、年減28.14%,14
2019/5/07,[閒聊] 2019/05/07 盤後閒聊,49
2019/5/07,Re: [標的] 2382廣達,100
2019/5/07,[新聞] 機器人Anki倒閉，衝擊消費性機器人市場,4
2019/5/07,[新聞] 川普揚言上調關稅 美方：因中國做出重大,44
2019/5/07,[新聞] 新光金 獲利走出陰霾,22
2019/5/07,[問卷] 影響理財機器人持續使用之因素,41
2019/5/07,[標的] 廣越 4438,5
2019/5/07,Re: [新聞] 三洋電擬售泰山廠 每股貢獻上看52元,8
2019/5/07,[心得] 散戶心得,41
2019/5/07,Re: [標的] 2430 燦坤,5
2019/5/07,Re: [標的] 2404 漢唐,15
2019/5/07,Re: [新聞] 中國宣布限制期貨了,-10
2019/5/07,[新聞] 中國封鎖川普加稅新聞 股民死得好冤,8
2019/5/07,Re: [標的] 5340 建榮 多空問題請教,1
2019/5/07,[新聞] 台企銀挺「3農」，採購8公噸芭樂,10
2019/5/07,[請益] 有甚麼爆衝的美股,10
2019/5/07,[新聞] 爆美擴大關稅內幕 中國出爾反爾激怒川普!,67
2019/5/07,[新聞] 華為與高通和解談判，每年支付5億美元專,3
2019/5/07,[心得] 半導體相關營收/財報/股利政策  統整,22
2019/5/07,[新聞] 台股嚇跌 勞退700億備戰,46
2019/5/07,[閒聊] 2019/05/07 盤中閒聊,100
2019/5/07,Re: [標的] 2049上銀 準備大噴發,25
2019/5/07,[請益] 去年8/31光纖斷網券商(EX:群益)怎麼處理?,5
2019/5/07,[新聞]川普發文數百億蒸發 網友:買下推特關他帳號,18
2019/5/07,[新聞] 聲援韓國瑜 朱立倫：全台灣就是自經區,-10
2019/5/07,[新聞] 美中貿易談判近尾聲 協議執行力夠不夠是,3
2019/5/07,[請益] 主力拉抬華固的用意是？,6
2019/5/07,Re: [新聞] 北京威脅把鴻海中國廠關掉 郭台銘:我不會,28
2019/5/07,Re: [新聞] 中國宣布限制期貨了,13
2019/5/06,[新聞] 蘋果王朝不再？ 顧客忠誠度成關鍵,22
2019/5/06,[新聞] 川普突加徵關稅！港媒：劉鶴計畫延後3天,55
2019/5/06,[標的] 富邦VIX,18
2019/5/06,[新聞] 人民幣8月換裝 防偽大升級,29
2019/5/06,[新聞] 八大公股吃貨 台股520行情造勢,0
2019/5/06,[新聞] 美股盤後期貨重挫  富邦VIX大漲逾7%,12
2019/5/06,[新聞] 三洋電擬售泰山廠 每股貢獻上看52元,13
2019/5/06,Re: [新聞] 中國宣布限制期貨了,-10
2019/5/06,[新聞] 華固建設首季獲利達1.01億元 每股純益0.3,8
2019/5/06,Re: [標的] 美國道瓊(*UDM9),17
2019/5/06,[新聞] 北京威脅把鴻海中國廠關掉 郭台銘:我不會,65
2019/5/06,[請益] ETN的買賣,8
2019/5/06,[標的] 今日財報(更新版),6
2019/5/06,[新聞] 別對中國市場有迷思！謝金河：台商去了,9
2019/5/06,Re: [新聞] 中國宣布限制期貨了,0
2019/5/06,[新聞] 中國人來台求醫史上最多 衛福部：去年13,39
2019/5/06,[新聞] 中美談判若搞砸 傳習近平自承負完全責任,72
2019/5/06,Fw: [申請] 多重帳號查詢 (Stock 2019/01/15),22
2019/5/06,[新聞] 川普重啟貿易戰  美今派驅逐艦南海施壓!!,6
2019/5/06,[標的] 嘉澤 3533 空,8
2019/5/06,Re: [新聞] 韓國瑜力推自貿區 解決3300億負債,25
2019/5/06,[新聞] 美中貿易戰再起 郭台銘:雙方博弈精彩一刻,1
2019/5/06,[新聞] 中鋼首季EPS 0.23元 憂貿易戰擾亂鋼市,6
2019/5/06,[新聞] 韓國瑜力推自貿區 解決3300億負債,-10
2019/5/06,[新聞] 板卡廠無懼 微星、技嘉備戰,6
2019/5/06,[新聞] 宏碁(2353)加拿大Chromebook銷售穩居龍頭,4
2019/5/06,[標的] 大盤  空,3
2019/5/06,[新聞] 道指跌幅擴大！WSJ：中國考慮取消本週與,6
2019/5/06,[新聞]星國家投資機構淡馬錫 擬大手增持美國市場,5
2019/5/06,[新聞] 馬英九批小英阻礙經濟發展！她怒轟：就你,99
2019/5/06,Re: [新聞]川普加關稅重創陸股市 她：自經區還是,11
2019/5/06,[新聞] 大陸股市暴跌 民眾熱議川普兩條推特,10
2019/5/06,Re: [新聞]貿易戰讓中國股市跌27％ 川普爽喊:效果超好,12
2019/5/06,[其他] 卜蜂現金股利:3元,19
2019/5/06,[新聞] 五一收假了 專家喊漲A股,35
2019/5/06,Re: [心得] 中國股民還有一堆人不曉得今天在跌甚麼?,8
2019/5/06,Re: [標的] 富邦VIX 00677U (多 TRIPLE BUY),11
2019/5/06,[新聞]川普加關稅重創陸股市 她：自經區還是自殺,20
2019/5/06,Re: [新聞] 意外！人行定向降準釋放2800億人民幣,6
2019/5/06,[新聞] 川普重啟貿易戰 美今派驅逐艦南海施壓,18
2019/5/06,[其他] 櫃買 富櫃200指數有獎徵答!,6
2019/5/06,[請益] 資訊封閉還會受到外界消息影響嗎,12
2019/5/06,[請益] 方法大家都知道就失效？,15
2019/5/06,Re: [心得] 中國股民還有一堆人不曉得今天在跌甚麼?,8
2019/5/06,[標的] 2637慧洋,57
2019/5/06,[新聞] 貿易談判再起波瀾 美股格局短空長多無礙,15
2019/5/06,[新聞] 營收：宏達電(2498)4月營收5億9264萬元,19
2019/5/06,Re: [心得] 中國股民還有一堆人不曉得今天在跌甚麼?,36
2019/5/06,Re: [心得] 中國股民還有一堆人不曉得今天在跌甚麼?,29
2019/5/06,"Re: [新聞] 川普：對2,000億美元陸貨加徵稅率 周",1
2019/5/06,[其他] 108年05月06日 三大法人買賣金額統計表,72
2019/5/06,"Re: [新聞] 川普：對2,000億美元陸貨加徵稅率 周五起",8
2019/5/06,[新聞] 折騰22年…口蹄疫「拔針」6月可望成功！,39
2019/5/06,[心得] 中國股民還有一堆人不曉得今天在跌甚麼?,54
2019/5/06,[標的] 今日財報(晚點更新),14
2019/5/06,"Re: [新聞] 川普：對2,000億美元陸貨加徵稅率 周五起",36
2019/5/06,[心得] 股票大跌真正原因,7
2019/5/06,[閒聊] 2019/05/06 盤後閒聊,99
2019/5/06,"Re: [新聞] 川普：對2,000億美元陸貨加徵稅率 周五起",5
2019/5/06,[新聞] 意外！人行定向降準釋放2800億人民幣,49
2019/5/06,Re: [新聞] 自經區鬧得沸沸揚揚 朱立倫：早就應該做,43
2019/5/06,[新聞] 自經區鬧得沸沸揚揚 朱立倫：早就應該做,-10
2019/5/06,[請益] 大家究竟是真技術派嗎？,32
2019/5/06,[新聞] 中信金特別股 5月6日上市,11
2019/5/06,Re: [標的] 大盤 空,10
2019/5/06,Re: [請益] 你的股市啟蒙老師是哪位?,7
2019/5/06,"Re: [新聞] 川普：對2,000億美元陸貨加徵稅率 周五起",40
2019/5/06,[請益] 請問土增稅準備跟市價的關係，謝謝。,4
2019/5/06,[新聞] 郭台銘傳交棒黃秋蓮 投顧：保守看待,1
2019/5/06,[標的] 大盤 空,0
2019/5/06,Re: [標的] 2027大成鋼 多倫多,4
2019/5/06,[新聞] 川普升稅、大盤嚇挫，績優生撐場,1
2019/5/06,"Re: [新聞] 川普：對2,000億美元陸貨加徵稅率 周五起",8
2019/5/06,[請益] 第三方交易是不是能規避25%？,12
2019/5/06,Re: [標的] 2382廣達,-10
2019/5/06,"Re: [新聞] 川普：對2,000億美元陸貨加徵稅率 周五起",4
2019/5/06,Re: [標的] 富邦vix,23
2019/5/06,[新聞] 特斯拉自信因自動駕駛系統而成為5000億美,11
2019/5/06,"Re: [新聞] 川普：對2,000億美元陸貨加徵稅率 周",8
2019/5/06,[新聞] 傳財務重臣接班鴻海董事長 「錢媽媽」45,16
2019/5/06,[新聞] 蘋果在中國大陸遇到的問題比起iPhone衰退,5
2019/5/06,"Re: [新聞] 川普：對2,000億美元陸貨加徵稅率 周五起",36
2019/5/06,[新聞] 華爾街日報：中國考慮取消本週貿易談判,43
2019/5/06,[標的] 6283淳安,4
2019/5/06,[新聞] (8415)大國鋼-公告本公司最近一年累積取,5
2019/5/06,[新聞] 美中貿易戰愈演愈烈 沈榮津:好給台灣機會,22
2019/5/06,"Re: [新聞] 川普：對2,000億美元陸貨加徵稅率 周五起",18
2019/5/06,[請益] 元大滬深正2股價怎麼那麼高?,4
2019/5/06,[標的] 富邦vix,17
2019/5/06,Re: [新聞] 美媒：消息人士指中國考慮取消中美貿易,87
2019/5/06,[新聞] 川普要對華加關稅 傳北京或取消劉鶴訪美,13
2019/5/06,Re: [標的] 2014 中鴻 提醒各位嚴守停損位,24
2019/5/06,[新聞] 美調高陸貨關稅 台股跳水早盤跌逾180點,12
2019/5/06,[新聞] 中國特斯拉慘賠790億，公司前景蒙上陰影,20
2019/5/06,Re: [心得] 與股市相關的經濟指標,4
2019/5/06,Re: [新聞] 美失業率降至半世紀來最低 證實經濟體質,23
2019/5/06,[新聞] 風雲突變 川普宣布對中國2千億美元商品課,10
2019/5/06,[新聞] 美媒：消息人士指中國考慮取消中美貿易,63
2019/5/06,[閒聊] 2019/05/06 盤中閒聊,99
2019/5/06,Re: [心得] 外資這波可能會有點痛,13
2019/5/06,[新聞] 中美3大分歧未解 劉鶴下周赴美尋求「最,18
2019/5/06,[心得] 外資這波可能會有點痛,13
2019/5/06,[新聞] 川普：中方試圖重新談判 絕無可能,19
2019/5/06,[新聞] 特斯拉電動車「大腦」是中國製 美拒絕豁,47
2019/5/06,[新聞] 美失業率降至半世紀來最低 證實經濟體質,9
2019/5/06,"Re: [新聞] 川普：對2,000億美元陸貨加徵稅率 周五起",7
2019/5/06,"Re: [新聞] 川普：對2,000億美元陸貨加徵稅率 周五起",12
2019/5/06,"Re: [新聞] 川普：對2,000億美元陸貨加徵稅率 周五起",21
2019/5/06,[心得] 與股市相關的經濟指標,14
2019/5/06,"Re: [新聞] 川普：對2,000億美元陸貨加徵稅率 周五起提高至25%",19
2019/5/06,"Re: [新聞] 川普：對2,000億美元陸貨加徵稅率 周五起",34
2019/5/06,[標的] 本週股票多空表,18
2019/5/06,"Re: [新聞] 川普：對2,000億美元陸貨加徵稅率 周五起",0
2019/5/06,"Re: [新聞] 川普：對2,000億美元陸貨加徵稅率 周五起",5
2019/5/06,[新聞] 川普揚言　周五起關稅增至25%,50
2019/5/06,[新聞] 股神巴菲特：別對我這種投資專家言聽計從,8
2019/5/06,"[新聞] 川普：對2,000億美元陸貨加徵稅率 周五起",100
2019/5/06,Re: [新聞] 大彰化離岸風場估創1.2萬個職缺　沃,-10
2019/5/05,[新聞] 味全開源節流 錢景看俏,9
2019/5/05,Re: [新聞] 大彰化離岸風場估創1.2萬個職缺　沃旭允,1
2019/5/05,[新聞] 《各報要聞》魏應充：用善念化開誤解,5
2019/5/05,"[新聞]台灣經濟成長回溫 馬英九:是蔡總統""運氣好",-10
2019/5/05,[請益] 00762元大全球人工智慧ETF基金,3
2019/5/05,[新聞] 蒙古爆發黑死病至少2死　封鎖巴彥烏列蓋,18
2019/5/05,Re: [請益] 你的股市啟蒙老師是哪位?,13
2019/5/05,Re: [其他] 跟營業員聊天,4
2019/5/05,[心得] 定閱心得,0
2019/5/05,[新聞] 今年股市薪資成長 蔡英文：下半年台灣有,51
2019/5/05,[其他] 跟營業員聊天,18
2019/5/05,[問卷] 台灣散戶對巴菲特投資法的意識研究 (50P),62
2019/5/05,[新聞] 大彰化離岸風場估創1.2萬個職缺　沃旭允,33
2019/5/05,Re: [其他] 政客/神棍/投顧老師哪個比較賺錢,0
2019/5/05,[新聞] 韓國瑜直播準備齊全應戰！小抄與大批資料,-10
2019/5/05,Re: [請益] 定存族 為何非要存股 不存基金？,19
2019/5/05,Re: [標的] 9934 成霖,8
2019/5/05,Re: [標的] 元大S&P原油正2 空,4
2019/5/05,[請益] 定存族 為何非要存股 不存基金？,22
2019/5/05,[請益] 定存股標的請益,42
2019/5/05,[請益] 法人無買賣超.持股總量卻明顯增減,10
2019/5/05,[請益] 富邦E點靈 股票程式 會自動除權息降成本,23
2019/5/05,[標的] 太子 2511 多,10
2019/5/05,Re: [標的] mini  NQ  3月小那指  多,0
2019/5/05,[請益] 你的股市啟蒙老師是哪位?,100
2019/5/05,[新聞] 勞動基金大賺 勞團：只是帳面數字,0
2019/5/05,Re: [新聞] 史上最佳！挪威主權財富基金狠賺840億美,8
2019/5/05,[新聞] 大立光4月營收超預期　增28%飛越50億元大,35
2019/5/05,Re: [標的] 美國道瓊(*UDM9),4
2019/5/05,Re: [其他] 政客/神棍/投顧老師哪個比較賺錢,6
2019/5/05,[新聞] 負債人民幣5.2兆 中鐵總：不是「灰犀牛」,17
2019/5/05,Re: [請益] 老魯宅潛心研究股票真能翻身年新百萬嗎?,59
2019/5/05,Re: [其他] 政客/神棍/投顧老師哪個比較賺錢,6
2019/5/05,Re: [心得] 麥克風 vs 月風 兼論運氣,0
2019/5/05,[其他] 台股上市櫃公司股息殖利率排行(5/4),5
2019/5/05,Re: [心得] 麥克風 vs 月風 兼論運氣,8
2019/5/05,[新聞] 史上最佳！挪威主權財富基金狠賺840億美,23
2019/5/04,[新聞] 台積電貴爆還能買?他狠開1槍 驚揭3大盲點,10
2019/5/04,Re: [心得] 麥克風 vs 月風 兼論運氣,7
2019/5/04,Re: [心得] 麥克風 vs 月風 兼論運氣,35
2019/5/04,[新聞] 香港首季GDP增速僅0.5%，為近10年最差表,5
2019/5/04,[新聞] 《其他股》宏全吞空污大罰單，遭重罰1.25,13
2019/5/04,[其他] 2019波克夏股東會直播,9
2019/5/04,[其他] 政客/神棍/投顧老師哪個比較賺錢,39
2019/5/04,[請益] 一檔股票可以發行多少融資？！,6
2019/5/04,Re: [請益] 老魯宅潛心研究股票真能翻身年新百萬嗎?,10
2019/5/04,"[請益] 請教高手波段操作的最佳""加碼點"" ??",23
2019/5/04,[新聞] 5G白牌基地台產業，即將起飛,11
2019/5/04,[請益] 如何尋找2008-2010三大法人買賣超資料,8
2019/5/04,[新聞] 大陸五一吃飯有多難？小龍蝦店排隊7千桌,-10
2019/5/04,[新聞] 大家都在找綠電！蘋果供應鏈要求、用電大,20
2019/5/04,[新聞] 蘋果漲安卓也跟進！網：當台灣人好騙,37
2019/5/04,[新聞] 失業潮擋不住 陸家庭養債狂飆2成,48
2019/5/04,[標的] 5904 寶雅 (長多）,37
2019/5/04,Re: [新聞] 蘇揆：勞動基金獲利 勞工退休金每人增萬元,6
2019/5/04,[新聞] 股海指南針／優質中小股 將脫穎而出,10
2019/5/04,Re: [請益] 老魯宅潛心研究股票真能翻身年新百萬嗎?,9
2019/5/04,[標的] 道瓊指數 多,3
2019/5/04,[請益] 中國經濟能越過中等收入陷阱?,56
2019/5/04,[請益] 老魯宅潛心研究股票真能翻身年新百萬嗎?,61
2019/5/04,[心得] 麥克風 vs 富豪居 月風 懶人包,100
2019/5/04,[新聞] 美一架波音737降落發生意外 衝出跑道掉入,14
2019/5/04,[新聞] 金控雙雄 股息配發率僅四成,10
2019/5/04,Re: [新聞] 菲利浦曲線已死？巴菲特：沒有教科書,22
2019/5/04,Re: [新聞] 菲利浦曲線已死？巴菲特：沒有教科書能預,5
2019/5/04,[新聞]八檔金控股配息甜 殖利率達定存四倍,15
2019/5/04,[新聞] 直批郭台銘 蔡英文：台灣要走出低毛利的,-10
2019/5/04,[新聞] 韓國瑜跳針回自經區「發大財」 女議員聽,100
2019/5/04,[新聞] 蘋果西打總經理「痔瘡恐流血」想交保 高院駁回,22
2019/5/04,[新聞] 快訊/川金會破局 北韓發射短程飛彈,45
2019/5/04,[新聞] 菲利浦曲線已死？巴菲特：沒有教科書能預,41
2019/5/04,[新聞] 韓聯社快訊報導 北韓射短程飛彈,17
2019/5/04,Re: [心得] 老一輩認為  放空是不道德的,13
2019/5/04,[新聞] 16檔財測調高 內外資挺,14
2019/5/04,[新聞] 中科前瞻巨額標案,8
2019/5/04,[新聞] 法人鎖碼股 攻堅要角,1
2019/5/04,Re: [心得] 老一輩認為  放空是不道德的,5
2019/5/04,[心得] 這次美國的非農就業數據,14
2019/5/04,Re: [新聞] 蘇揆：勞動基金獲利 勞工退休金每人增萬元,24
2019/5/04,Re: [心得] 老一輩認為  放空是不道德的,0
2019/5/04,[其他]108年05月03日 信用交易統計,15
2019/5/04,[新聞] 研華首季EPS 2.31元 歷史同期新高,4
2019/5/04,[請益] 關於股票現金股利報稅的問題,5
2019/5/03,Re: [心得] 如果老師績效是真的,4
2019/5/03,[新聞] 蘇揆：勞動基金獲利 勞工退休金每人增萬元,14
2019/5/03,[心得] 老一輩認為  放空是不道德的,49
2019/5/03,Re: [標的] 5340 建榮 多,7
2019/5/03,Re: [新聞] 愛滋病可望絕跡！抗病毒療法證實可阻止HI,37
2019/5/03,[其他] 5/3 台灣集中市場外資買賣超前30名,4
2019/5/03,[新聞] 華邦電Q1雙率寫逾2年低點 純益創5年新低,34
2019/5/03,[其他] 5/3 台灣店頭市場三大法人買賣超前20名,6
2019/5/03,[新聞] 體恤農民 台肥每包肥料降20元,20
2019/5/03,[新聞] 宸鴻首季獲利減 每股淨利0.06元,18
2019/5/03,Re: [心得] 如果老師績效是真的,14
2019/5/03,[新聞] 國泰金每股擬配發1.5元 現金殖利率約3.3%,17
2019/5/03,[請益] excel突然無法匯入外部資料,4
2019/5/03,[新聞] 美媒：中美磋商最快5/10達成協議　劉鶴將,11
2019/5/03,[新聞] 依舊強！富邦金、國泰金今年合計配發股利,37
2019/5/03,[其他] 憑證報稅股利問題請教,5
2019/5/03,[請益] 委託單順序,4
2019/5/03,[新聞] 郭台銘宣布參加總統初選後 解質鴻海股票,44
2019/5/03,Re: [其他] 轉 王派宏老師跑路了,67
2019/5/03,[標的] 大盤  （多空未定）,26
2019/5/03,Re: [其他] 轉 王派宏老師跑路了,5
2019/5/03,[標的] 今日財報,34
2019/5/03,[新聞] 三星摺疊機傳災情 友達沒在怕,18
2019/5/03,[標的] 南茂8150（多）,15
2019/5/03,[標的] 神盾 6462,18
2019/5/03,Re: [心得] 如果老師績效是真的,5
2019/5/03,Re: [請益] 日馳1526,2
2019/5/03,[新聞] 沃旭簽約台電 每度售價5.516元,46
2019/5/03,[新聞] 個股：富邦金(2881)擬每股配現金2元，特,16
2019/5/03,Re: [心得] 當沖畢業了無助又徬徨,9
2019/5/03,[新聞] 郭明錤：新iPhone軟板大改 臻鼎台郡受惠、嘉聯益為主要輸家,14
2019/5/03,Re: [新聞] 台積電急找綠電卻因台電卡位買不到　經,7
2019/5/03,Re: [心得] 當沖畢業了無助又徬徨,3
2019/5/03,[新聞] 川普沒說支持郭台銘選總統 而是問威州投資,7
2019/5/03,[新聞] 南韓首個5G智慧城市——仁川自由經濟區,0
2019/5/03,[其他] 108年05月03日 三大法人買賣金額統計表,51
2019/5/03,[新聞] 老闆賺很大 員工領低薪 國巨 寶雅 瓦城,25
2019/5/03,Re: [心得] 當沖畢業了無助又徬徨,9
2019/5/03,[閒聊] 2019/05/03 盤後閒聊,30
2019/5/03,[新聞] 財報：立積(4968)Q1合併營業虧損1385萬元,13
2019/5/03,Re: [心得] 絕對不會被軋空的方法。,0
2019/5/03,Re: [請益] 上漲過程中，如何不被洗掉?,45
2019/5/03,[新聞] 南韓SK Telecom與延世醫學中心合作5G智慧,0
2019/5/03,[新聞] 台企銀強化多元支付，新增跨境掃碼付款,15
2019/5/03,Re: [請益] 上漲過程中，如何不被洗掉?,13
2019/5/03,Re: [請益] 上漲過程中，如何不被洗掉?,7
2019/5/03,Re: [請益] 投資理財的正確觀念,9
2019/5/03,[請益] 上漲過程中，如何不被洗掉?,35
2019/5/03,Re: [新聞] 中國科技業瘋可轉債，發行速度空前,1
2019/5/03,Re: [心得] 當沖畢業了無助又徬徨,24
2019/5/03,Re: [標的] 國建 2501 空翻多羅拳,1
2019/5/03,[標的] 3144 新揚科 多,5
2019/5/03,Re: [請益] 投資理財的正確觀念,8
2019/5/03,Re: [其他] 轉 王派宏老師跑路了,36
2019/5/03,[心得] 當沖畢業了無助又徬徨,3
2019/5/03,Re: [新聞] 勞動基金首季獲利高　蘇貞昌報喜：政府,0
2019/5/03,[新聞] 川普讓步 對網路竊盜妥協,7
2019/5/03,[請益] 請問大陸建設處份高鐵為何不會產生損益？,2
2019/5/03,[新聞] 勞動基金首季獲利高　蘇貞昌報喜：政府,24
2019/5/03,[標的] 9946三發,6
2019/5/03,Re: [標的] 2049上銀 準備大噴發,9
2019/5/03,[新聞] 富邦金首季EPS 1.22元，擬配息2元,13
2019/5/03,[新聞] 華為緊盯台廠COF基板良率　5月起供需缺口,5
2019/5/03,[閒聊] 2019/05/03 盤中閒聊,100
2019/5/03,[新聞] HTC 美空軍採宏達電VR培訓戰機飛行員 英皇家空軍也將加入,14
2019/5/03,[標的]富邦金 2881,39
2019/5/03,[新聞] 嘉聯益首季每股賺0.09元 擬辦私募,11
2019/5/03,[新聞] 即將轉換跑道？郭台銘：事業交棒中,18
2019/5/03,[新聞] 中裕108年4月營收4170萬 累計營收1.70億,9
2019/5/03,[請益] 股東會 董事提名？,3
2019/5/02,[標的] 5371 中光電 (空),15
2019/5/02,Re: [請益] 投資理財的正確觀念,31
2019/5/02,[新聞] 證交所連五年掛保證 26家台股資優生出列,21
2019/5/02,Re: [心得] BCI海岬型散裝指數破新低惹,18
2019/5/02,Re: [請益] 投資理財的正確觀念,5
2019/5/02,[新聞] 中國科技業瘋可轉債，發行速度空前,6
2019/5/02,[新聞] 國泰金發債200億,10
2019/5/02,[新聞] 做假帳1376億！中國康美藥業面臨下市 22,44
2019/5/02,[標的] 東陽 1319,18
2019/5/02,[標的] 6477 安集,2
2019/5/02,Re: [請益] 投資理財的正確觀念,20
2019/5/02,[新聞] 特朗普核心立場軟化,20
2019/5/02,[其他] 108年05月02日信用交易統計,22
2019/5/02,Re: [請益] 投資理財的正確觀念,3
2019/5/02,[新聞] 終於搞定！,16
2019/5/02,Re: [新聞] 力晶12吋廠讓與子公司 2021年以「力積電,16
2019/5/02,[標的] 3045台灣大,9
2019/5/02,[請益] 投資理財的正確觀念,80
2019/5/02,Re: [標的] 2014 中鴻 Q1 EPS 0.05,18
2019/5/02,Re: [標的] 國建 2501 空翻多羅拳,5
2019/5/02,[標的] 今日財報(更新),41
2019/5/02,[新聞] 粗鋼產能大增 鋼廠憂心,7
2019/5/02,[新聞] 南韓KTC撤銷對Apple-KAIST專利糾紛及不公,3
2019/5/02,[其他] 108年05月02日 三大法人買賣金額統計表,48
2019/5/02,[新聞] 報稅愁錢 銀行信貸當靠山,8
2019/5/02,[新聞] 《產業》中鼎綠能、循環經濟，大躍進,9
2019/5/02,[閒聊] 2019/05/02 盤後閒聊,24
2019/5/02,[新聞] 做大、求快竟害股王退場　太陽能業虧千,39
2019/5/02,[新聞] 中國大陸正主導區塊鏈領域，美國能趕上,0
2019/5/02,[新聞] 郭台銘戴國旗帽見川普 鴻海近10天市值縮,15
2019/5/02,[新聞] 《傳產》4月房市風向球緩升，連二月亮黃藍燈,12
2019/5/02,Re: [標的] 1215卜蜂,13
2019/5/02,[新聞] 微星(2377)決配息5元，創11年新高，Q2新,2
2019/5/02,[新聞] 沃旭說明1600億投資 風機組裝廠確定留台,10
2019/5/02,[新聞] 中國利用美國衛星織了一張軍警天網,10
2019/5/02,[新聞] 南韓KOGAS將投資4.7兆韓元以催熟氫能產業,25
2019/5/02,[新聞] 4月台灣製造業PMI創7個月來高點 也是半年,17
2019/5/02,[新聞] 搶食行動支付大餅：與中信別苗頭 玉山推,21
2019/5/02,[標的] 1215卜蜂,45
2019/5/02,[標的] 2317 鴻海,28
2019/5/02,[新聞] 太陽能業將走出谷底,32
2019/5/02,[新聞] 總統恕我攔轎！他趁遊行淚訴：蔡英文害我們慘賠上億家破人亡,0
2019/5/02,Re: [標的] 大盤 空,21
2019/5/02,Re: [標的] 達威 5432 多,7
2019/5/02,[新聞] 波音醜聞太不堪，老闆親上火線解釋也沒-,8
2019/5/02,[新聞] 金融股撐盤 中信金、國泰金交投熱,25
2019/5/02,[新聞] 晶圓代工2Q平淡　5G布建將是下一波成長,6
2019/5/02,[閒聊] 2019/05/02 盤中閒聊,100
2019/5/02,[新聞] 表揚績優金融機構，台企銀獲5獎肯定,12
2019/5/02,[新聞] 富士康威州投資 傳縮手,29
2019/5/02,[新聞] Fed維持利率水準不變 鮑爾：經濟穩健增,1
2019/5/02,[心得] 美國道瓊成份股 財報與重大訊息來源整理,20
2019/5/02,[請益] 波段交易，當日沖銷，高頻交易,5
2019/5/02,Re: [新聞] 郭董兼總座、缺女性董事 鴻海公司治理,0
2019/5/02,[標的] 5227 立凱-KY,8
2019/5/01,[新聞] 《電子零件》立凱-KY迎新客戶，今年營運,3
2019/5/01,[新聞] 美中貿易談判結束 美財長姆欽：富有成效,2
2019/5/01,Re: [其他] 很推的訪談：JG vs Mr.羅,3
2019/5/01,[新聞] 隱形戰機塗料台灣製造 國軍二代機科技部,16
2019/5/01,Re: [其他] 轉 王派宏老師跑路了,29
2019/5/01,Re: [其他] 很推的訪談：JG vs Mr.羅,4
2019/5/01,Re: [其他] 很推的訪談：JG vs Mr.羅,2
2019/5/01,[新聞] 暗諷郭？韓國瑜：媽媽只給我500元,-10
2019/5/01,Re: [其他] 轉 王派宏老師跑路了,31
2019/5/01,[請益] 0056股利可抵減稅額,4
2019/5/01,Re: [新聞] 台積電急找綠電卻因台電卡位買不到　經,0
2019/5/01,[標的] 大盤 空,19
2019/5/01,[新聞] 台股基金頂尖經理人 擬減碼科技股,8
2019/5/01,[新聞] 郭董兼總座、缺女性董事 鴻海公司治理,16
2019/5/01,[新聞] 差4％！華為危及三星全球智慧手機霸主寶,53
2019/5/01,Re: [新聞] 台積電急找綠電卻因台電卡位買不到　經,14
2019/5/01,[標的] 國建 2501 空翻多羅拳,10
2019/5/01,[新聞] 這三大族群 今年股市漲幅超過20%,18
2019/5/01,[新聞] 三星：下半年可望回溫,5
2019/5/01,[請益] 股息都會列入所得嗎?,42
2019/5/01,Re: [新聞] ETF分割制 市場新議題,3
2019/5/01,[新聞] AMD Q1財報略優於市場預期！下季營收更,17
2019/5/01,[新聞] 台股攻高 外資最愛布局金融類股,6
2019/5/01,[請益] 統ㄧ投顧全委託代操,23
2019/5/01,Re: [其他] 很推的訪談：JG vs Mr.羅,13
2019/5/01,[新聞] 兩萬億改善基建計劃 川普和民主黨達共識,26
2019/5/01,[新聞] 微軟將秀新Xbox 台廠樂,16
2019/5/01,[新聞] 台達電攻電競 吃補丸,15
2019/5/01,[新聞] 超大方！台灣大每股配5.6元現金股利 盈餘,14
2019/5/01,[新聞] 微星配息5元 殖利率5.8%,17
2019/5/01,[新聞] 首季財報成長股 法人青睞15檔,16
2019/5/01,[請益] 8358金居,7
2019/5/01,[心得] 長期持有的感情,35
2019/5/01,[新聞] 台立委公布錄音檔 控智崴引陸資炒股,14
2019/5/01,[新聞] 中國4月PMI回跌 經濟再現疲態,5
2019/5/01,[新聞]川普籲美聯儲降息1% 讓經濟如火箭噴發,14
2019/5/01,[新聞] 白宮：美中談判若不理想 川普會隨時離場,6
2019/5/01,[新聞] ETF分割制 市場新議題,14
2019/5/01,[其他] 很推的訪談：JG vs Mr.羅,28
2019/5/01,[請益] 請問融券回補問題,14
2019/5/01,[新聞] 〈蘋果財報優〉蘋果上季獲利、財測展望均,31
2019/5/01,[新聞] 貿戰台灣受惠 外媒：或迎史上最大投資,22
2019/5/01,Re: [新聞] 台積電急找綠電卻因台電卡位買不到　經,35
2019/5/01,[新聞] 沃旭宣布投資大彰化離岸風場　陸上工程5,51
2019/5/01,Re: [新聞] 供電吃緊 4月用電創同期新高 環團:不缺,3
2019/5/01,[其他] 轉 王派宏老師跑路了,45
2019/5/01,Re: [新聞] 供電吃緊 4月用電創同期新高 環團:不缺,10
2019/5/01,[新聞] 近4個月股價強彈44%　Apple市值暴增逾9兆,21
2019/4/30,Re: [心得] 千萬不要當沖,5
2019/4/30,[新聞]市場變化大2020年全數併購中壽恐有變數,6
2019/4/30,[新聞] 睽違3年半！ 聯發科首季毛利率重返40％大,17
2019/4/30,[新聞] 原相 第一季合併財務報告,28
2019/4/30,[其他] 台股上市櫃公司股息殖利率排行(4/30),14
2019/4/30,[新聞] 新普：持續積極經營大陸市場,16
2019/4/30,Re: [新聞] 供電吃緊 4月用電創同期新高 環團:不缺,-10
2019/4/30,[請益] 專人到府送紀念品收委託書,7
2019/4/30,[其他] 台灣大現金股利：5.6元 第一季EPS 1.13,7
2019/4/30,[新聞] 不懼強勢美元威脅 標普指數今年大漲17.4%,3
2019/4/30,[標的] 美國道瓊(*UDM9) (獲利出場),100
2019/4/30,[其他] 聯發科現金股利：9元,16
2019/4/30,[新聞] 致伸首季EPS估1元,7
2019/4/30,[心得] 日本天皇退位 一個時代的完結,19
2019/4/30,[新聞] 大聯大現金股利2.7元,15
2019/4/30,[新聞] 寶成股利1.5元,12
2019/4/30,Re: [新聞] 台積電急找綠電卻因台電卡位買不到　經,18
2019/4/30,[新聞] 理財從小學 瑞興銀陪小寶貝成長,6
2019/4/30,Re: [新聞] 台積電急找綠電卻因台電卡位買不到　經,5
2019/4/30,Re: [新聞] 台積電急找綠電卻因台電卡位買不到　經,5
2019/4/30,[標的] 2464 盟立,1
2019/4/30,[新聞] 鼎翰(3611)-全台最大條碼印表機廠商,7
2019/4/30,[新聞] 川普挑起貿易戰 美國農民Q1收入創近3年最,18
2019/4/30,[新聞] 中信金首季獲利年減1成 聚焦3大發展策略,9
2019/4/30,Re: [新聞] 台積電急找綠電卻因台電卡位買不到　經,9
2019/4/30,[標的] 今日財報,36
2019/4/30,[新聞] AMD 不妙 海納國際：市場已定價很多好消,11
2019/4/30,Re: [新聞]新加坡若無政府投資收入 早需增稅應付開支,0
2019/4/30,[新聞] 繳稅神卡換人當 玉山Pi卡端1％回饋,29
2019/4/30,Re: [新聞]新加坡若無政府投資收入 早需增稅應付開支,3
2019/4/30,[新聞] 台積電急找綠電卻因台電卡位買不到　經,60
2019/4/30,Re: [新聞]新加坡若無政府投資收入 早需增稅應付開支,3
2019/4/30,[其他] 108年04月30日 三大法人買賣金額統計表,32
2019/4/30,Re: [標的] 2474可成 多,34
2019/4/30,[新聞] 聯亞(3081)108年第一季稅後盈餘790,13
2019/4/30,[閒聊] 2019/04/30 盤後閒聊,35
2019/4/30,[新聞]新加坡若無政府投資收入 早需增稅應付開支,40
2019/4/30,[新聞] 元富證ETN上市，投資陸市新選擇,3
2019/4/30,[新聞] 技嘉攜手AMD，推出50週年紀念主機板,5
2019/4/30,[新聞] 談貿易戰機遇挑戰，郭台銘：要創造3贏目,0
2019/4/30,[新聞] 2019年是獨角獸上市熱潮，預計超過100家I,3
2019/4/30,[標的] 統一 1216,13
2019/4/30,[標的] 3363 上詮 多,13
2019/4/30,[新聞] 川普：牌都在我們手上 不達成協議更好,34
2019/4/30,[新聞] 太陽能產業捷報第一槍 元晶首季轉虧為盈,9
2019/4/30,[其他] 郭台銘FB,0
2019/4/30,[新聞] Google Wing獲得美國FAA批准第一家無人,6
2019/4/30,[請益] 3227原相,30
2019/4/30,[新聞] 貿易戰台灣受惠 或迎史上最大投資,17
2019/4/30,[新聞] 為中鋼解渴 鳳山再生水廠二期拚今年8月通,7
2019/4/30,[新聞] 中鋼Q1獲利年減1成 稅前EPS 0.33元 Q2展望保守,8
2019/4/30,[新聞] 中環:本公司取得華新科普通股股票之公告,12
2019/4/30,[新聞] 華南金擬配現金、股票股利各0.545元 殖利,21
2019/4/30,[新聞] 13檔外資鎖碼 大盤焦點,9
2019/4/30,[新聞] 中國非洲豬瘟太嚴重 恐致全球豬價上漲,27
2019/4/30,[閒聊] 2019/04/30 盤中閒聊,100
2019/4/30,[其他] [好享退]方案其實只是手續費優惠的定期定,9
2019/4/30,[新聞] Supermicro增加自製比重　台伺服器廠受影,8
2019/4/30,[新聞] 開放券商查詢股民銀行負面資料,8
2019/4/30,[新聞] 傳習近平最早6月赴美 與川普簽貿易協議,23
2019/4/29,Re: [新聞] 供電吃緊 4月用電創同期新高 環團:不缺,100
2019/4/29,[請益] 富邦VIX會倒多少人Part4,47
2019/4/29,[新聞] 韓經濟萎縮 海嘯來最慘,17
2019/4/29,[標的] 國建 2501 空,2
2019/4/29,[標的] 2027大成鋼 多倫多,26
2019/4/29,[新聞] 彭雪芬：5/1起辭新光金董事、兒子也會辭,7
2019/4/29,[請益] 5檔報價問題,3
2019/4/29,[標的] 2534 宏盛 多,19
2019/4/29,[新聞] 景碩Q1每股虧損1.67元,15
2019/4/29,[標的] AMD 多,20
2019/4/29,[標的] 6158 禾昌 空,14
2019/4/29,[其他] 108年04月29日信用交易統計,34
2019/4/29,[請益]不限用途借貸及雙向借券券商選擇,7
2019/4/29,[新聞] 《金融股》彰銀擬派利0.84元，規畫發行,14
2019/4/29,Re: [其他] 希望股股雞可以給大家一點歡樂,24
2019/4/29,[新聞] 蘋果軟板廠台郡首季產能利用率跳水 單季,24
2019/4/29,[新聞] 【公告】華南金董事會決議股利分派。,20
2019/4/29,[新聞] 華南金配息1.09,35
2019/4/29,Re: [心得] ETN,12
2019/4/29,[新聞] 消息人士：不合中國意 中國將拒絕再和特朗普談判,14
2019/4/29,[請益] 接下來的策略,27
2019/4/29,Re: [新聞] 供電吃緊 4月用電創同期新高 環團:不,10
2019/4/29,[新聞] 可成Q1僅賺2.2元 獲利創28季低點,26
2019/4/29,[其他]開發金控公告董事會決議107年度股利,27
2019/4/29,Re: [新聞] 合理風險，國銀才可能積極參與離岸風電,0
2019/4/29,[新聞] 踩金金分離紅線 台新董娘彭雪芬提前請辭,13
2019/4/29,Re: [新聞] 供電吃緊 4月用電創同期新高 環團:不缺,0
2019/4/29,[新聞] 合理風險，國銀才可能積極參與離岸風電,6
2019/4/29,Re: [新聞] 供電吃緊 4月用電創同期新高 環團:不缺,0
2019/4/29,[心得] ETN,13
2019/4/29,Re: [新聞] 供電吃緊 4月用電創同期新高 環團:不缺,2
2019/4/29,[新聞] 中裕與愛爾蘭商簽約，將賣到中東及北非,7
2019/4/29,[其他] 鎧勝-KY 現金股利:1元,11
2019/4/29,Re: [標的] 2207 和泰車,16
2019/4/29,[新聞] 《金融》凱基臺灣500報酬指數ETN，明上市,13
2019/4/29,[標的] 今日財報(已更新),39
2019/4/29,[標的] 5月價外put,8
2019/4/29,[其他] 108年04月29日 三大法人買賣金額統計表,52
2019/4/29,Re: [標的] 中環2323,4
2019/4/29,[閒聊] 2019/04/29 盤後閒聊,42
2019/4/29,[新聞] 盤勢偏弱震盪 散熱期待解凍(老王),34
2019/4/29,[新聞] 台股高檔回測金融股扛撐盤重任 13檔股價,22
2019/4/29,[新聞] 華為在智慧型手機晶片能力趕上蘋果與高通,9
2019/4/29,[新聞] 英特爾想賣掉5G數據機業務，蘋果成為潛在,2
2019/4/29,[心得] 台股和老師們,22
2019/4/29,[新聞] 還沒除權息 13檔金融股先飆10%,63
2019/4/29,Re: [新聞] 供電吃緊 4月用電創同期新高 環團:不缺,15
2019/4/29,"[請益] 請問推薦""籌碼分析""的書?",16
2019/4/29,[新聞] MLCC降溫 雙雄延後擴產,20
2019/4/29,[閒聊] 2019/04/29 盤中閒聊,99
2019/4/29,[新聞] 市場好樂觀！VIX淨空單創歷史新高,25
2019/4/29,[新聞] NAND Flash價格震盪　光寶分拆透露出售,8
2019/4/29,[公告] cycukyo blizzaro 水桶一週,0
2019/4/29,[公告] a111111 wwdd44577 警告一次,0
2019/4/29,[公告] icooldiao TalkMuch thumbd000 警告一次,0
2019/4/29,[公告] iimk0918 raccoon1234 koibido 水桶一週,0
2019/4/29,[公告] Winterboy JEWH 警告一次,0
2019/4/28,[公告] qwxr hfish1126 水桶一個月,0
2019/4/28,Re: [新聞] 供電吃緊 4月用電創同期新高 環團:不缺,5
2019/4/28,[新聞] F-16戰機後勤維修市場 漢翔成為廠級維修,12
2019/4/28,[新聞] 大陸一季度規模以上工業企業利潤下滑3.3%,2
2019/4/28,Re: [新聞] 供電吃緊 4月用電創同期新高 環團:不缺,44
2019/4/28,[新聞] 華孚子公司漢鼎停工 合併營收估降逾5成,10
2019/4/28,Re: [新聞] 供電吃緊 4月用電創同期新高 環團:不缺,23
2019/4/28,[新聞] 轉投資印度 數百家美商考慮自中國遷廠,30
2019/4/28,Re: [閒聊] 請問一下大家是如何克服內心的困難做決策？,29
2019/4/28,[標的] 2316 楠梓電 籌碼分析 多,100
2019/4/28,[請益] XQ回測問題,6
2019/4/28,[其他] 臉書鼓吹疑似老鼠會的投資，怎麼檢舉？,18
2019/4/28,Re: [標的] 3169 亞信 多,5
2019/4/28,Re: [閒聊] 請問一下大家是如何克服內心的困難做決策？,4
2019/4/28,Re: [閒聊] 請問一下大家是如何克服內心的困難做決策？,7
2019/4/28,[新聞] 滬深市場調整 外資急出走,20
2019/4/28,[新聞]台商回流投資逾2000億 蘇貞昌：歡迎鴻海加,37
2019/4/28,[新聞] 玉山金 子公司貢獻大,26
2019/4/28,[新聞] 金融存股術 累積第一桶金,28
2019/4/28,[請益] 股利 / 投資獲益 計算方式?,18
2019/4/28,[請益] 手遊（極速領域是哪間代理公司）,16
2019/4/28,[新聞] Uber將上市 被趕下台的CEO獲1639億,4
2019/4/28,[新聞]樂透開獎-華新科配息16.3元，低於預期,30
2019/4/27,[新聞] 供電吃緊 4月用電創同期新高 環團:不缺,0
2019/4/27,[其他] 配股 vs 配息：以2018年的台中銀為例,6
2019/4/27,[新聞] FBI局長：為經濟 中共動員全社會去偷,33
2019/4/27,[新聞] 境界之亂延燒 南山還有苦頭吃,48
2019/4/27,Re: [新聞] 涉勾結中國普天詐貸 盛達電被搜索,3
2019/4/27,[新聞] 臉書稱「投資股票可轉大筆的！」 台商險,10
2019/4/27,Re: [新聞] 川普預告習訪美 北京暗示服軟？,4
2019/4/27,[請益] 為什麼美股的股價要延遲20分鐘,32
2019/4/27,[新聞] 川普預告習訪美 北京暗示服軟？,0
2019/4/27,[心得] 投資應該有的心理建設,19
2019/4/27,[新聞] 林百里：訂單進的來貨出的去 廣達發大財,24
2019/4/27,[其他] 上市櫃公司現金股息殖利率排行榜(4/26),29
2019/4/27,Re: [心得] Sell in May and go away,18
2019/4/27,[新聞] 嫌美股貴 巴菲特寧買自家股,23
2019/4/27,Re: [心得] 是否該自動畢業？,24
2019/4/27,[新聞] 16檔超抗震 金鐘罩護身,21
2019/4/27,[標的] 友達 空,28
2019/4/27,[新聞] 法人鎖碼「三優」股 多頭要角,6
2019/4/27,[新聞] 中信金配息1元 殖利率4.9%,13
2019/4/27,[新聞] 中國首季經濟數據雖佳 學者指仍有8大隱憂,6
2019/4/27,"Re: [請益] 請問""突破""是否一定要""帶量""才有意義?",5
2019/4/27,[請益] 洋基 6691,39
2019/4/27,Fw: [新聞] 台灣少子化 助長毛小孩經濟,12
2019/4/27,[請益] 高點應如何調整存股,14
2019/4/27,[標的] 3535晶彩科,9
2019/4/27,[其他] 希望股股雞可以給大家一點歡樂,100
2019/4/27,[標的] 4533協益機,13
2019/4/27,"[請益] 請問""突破""是否一定要""帶量""才有意義?",34
2019/4/27,[新聞] 比照去年 高銀今年擬發0.5元股利,5
2019/4/27,[新聞] 美國Q1實質GDP季增年率3.2%！但消費、企,14
2019/4/27,Re: [請益] 為什麼散戶總是殺最低，賣在起漲點？,5
2019/4/27,[新聞] 美國GDP  3.2 表現非常強勁!,10
2019/4/27,Re: [請益] 為什麼散戶總是殺最低，賣在起漲點？,5
2019/4/27,Re: [請益] 為什麼散戶總是殺最低，賣在起漲點？,13
2019/4/27,Re: [請益] 為什麼散戶總是殺最低，賣在起漲點？,18
2019/4/26,[新聞] 荷蘭蟬聯最大外國投資國 去年投資台灣破,42
2019/4/26,[標的] 美國道瓊(*UDM9) (獲利出場),50
2019/4/26,[請益] 為什麼散戶總是殺最低，賣在起漲點？,37
2019/4/26,[標的] 2501 國建 偏空,1
2019/4/26,[其他] 上市櫃公司配股且配息殖利率排行(4/26),8
2019/4/26,[請益] 今天夜盤的波形很詭異,15
2019/4/26,Re: [請益] 3704合勤控為何本來很強勢今天卻,14
2019/4/26,[標的] 2330台積電 空,39
2019/4/26,[心得] Sell in May and go away,43
2019/4/26,[標的] 黃金 長期多 目標:1500美元,7
2019/4/26,[標的] 美元指數 長期空,6
2019/4/26,Re: [心得] 真正的投資者根本不停損,35
2019/4/26,[其他] 108年04月26日信用交易統計,21
2019/4/26,Re: [新聞] 華新科2018年大賺40.75元,6
2019/4/26,[新聞] 英特爾看衰前景，盤後股價重挫 7%,14
2019/4/26,Re: [請益] 財報狗真的必須買嗎？,0
2019/4/26,[新聞] 韓國瑜吸台商回高雄發財 擬專案供低利1.5,0
2019/4/26,Re: [心得] 真正的投資者根本不停損,9
2019/4/26,[閒聊] 請問一下大家是如何克服內心的困難做決策？,26
2019/4/26,[新聞] 2891 中信金 本公司董事會決議普通股股利,77
2019/4/26,Re: [標的] 1402 遠東新,18
2019/4/26,Re: [標的] 2382廣達,18
2019/4/26,Re: [請益] 3704合勤控為何本來很強勢今天卻,5
2019/4/26,Re: [心得] 真正的投資者根本不停損,14
2019/4/26,[請益] 黃金交叉一問,9
2019/4/26,[標的] 味全 1201 多,69
2019/4/26,Re: [心得] 真正的投資者根本不停損,6
2019/4/26,[其他] 4/26 台灣集中市場三大法人買賣超前二十,11
2019/4/26,[標的] 2474可成 多,15
2019/4/26,Re: [新聞] 《店頭市場》乾杯申請上興櫃,6
2019/4/26,Re: [心得] 真正的投資者根本不停損,1
2019/4/26,[新聞] 郭台銘談年改「要把餅做大」 首重開拓財,61
2019/4/26,[其他] 108年04月26日 三大法人買賣金額統計表,56
2019/4/26,Re: [心得] BCI海岬型散裝指數破新低惹,33
2019/4/26,[新聞] 誠美材董事改選 公司派大勝拿下6席,14
2019/4/26,[新聞] 燿華自結Q1稅後賺2.04億元 創歷年同期新,27
2019/4/26,[請益] 財報狗真的必須買嗎？,26
2019/4/26,Re: [標的] 2382廣達,100
2019/4/26,Re: [心得] 真正的投資者根本不停損,4
2019/4/26,Re: [新聞] 台商回流最大咖將現身了！一口氣投資500,0
2019/4/26,[閒聊] 2019/04/26  盤後閒聊,22
2019/4/26,[標的] 正新2105（多）,21
2019/4/26,[心得] 全年經濟數據日曆 整理,10
2019/4/26,[請益] 停損真的有必要嗎?,51
2019/4/26,[新聞] 台商回流最大咖將現身了！一口氣投資500,37
2019/4/26,Re: [新聞] 傻眼中鋼今年送這個 網友：還我雨傘,0
2019/4/26,[標的] 2640 大車隊,24
2019/4/26,Re: [標的] 4953 緯軟 - 空,12
2019/4/26,[新聞] 宏達電跨足影視 首部VR長片上架,4
2019/4/26,[標的] 2430 燦坤,10
2019/4/26,[請益] 富邦雙向證券借出股票,3
2019/4/26,[標的] 9951 皇田,7
2019/4/26,[新聞] 臉書秘密開發語音助理，將應用於AR/VR產,4
2019/4/26,[新聞] 全球股市在一片唱衰中逆勢上漲　謝金河：行情總在絕望中誕生,35
2019/4/26,[閒聊] 2019/04/26 盤中閒聊,100
2019/4/26,[新聞] 國喬300億跨界大投資,21
2019/4/26,[新聞] 散戶信心回溫 3月證券劃撥帳戶存款1.82兆,41
2019/4/26,[新聞] 神盾陸韓大單入袋 下半年出貨爆發,16
2019/4/26,[新聞] 味全秀轉機 挾量奔4年新高,-10
2019/4/26,[心得] 【說股市】蘋果西打出大事！財報早知道,-10
2019/4/26,[新聞] 講英語嘛ㄟ通 金管會先推16家銀行分行,20
2019/4/26,[新聞] 美國公布特別301報告 台灣未列其中,13
2019/4/26,Re: [轉錄] 紡織業為什麼會沒落,7
2019/4/25,Re: [轉錄] 紡織業為什麼會沒落,1
2019/4/25,Re: [心得] 是否該自動畢業？,0
2019/4/25,[轉錄] 紡織業為什麼會沒落,16
2019/4/25,[新聞] 投信說台股還有攀高空間可期,31
2019/4/25,[新聞] 虧大了！陸7檔地方債跌破面值,8
2019/4/25,[新聞] 第一金董事會通過配息1元　殖利率4.6%,22
2019/4/25,Re: [新聞] 中裕Q1每股虧0.36元,4
2019/4/25,[新聞] 穩定成長且營運資金充足 光磊宣布減資,2
2019/4/25,Re: [請益] 2337 旺宏分析,1
2019/4/25,[新聞] 台灣遊戲產值580億元 蔡英文：創7年新高,0
2019/4/25,[新聞] 美國鎖定中國鋼製輪轂 徵收高額關稅5年,7
2019/4/25,[新聞] 國建2501盈餘分配,8
2019/4/25,Re: [新聞] 中裕Q1每股虧0.36元,11
2019/4/25,[新聞] 涉勾結中國普天詐貸 盛達電被搜索,6
2019/4/25,[其他] 108年04月25日信用交易統計,21
2019/4/25,[新聞] 6年多頭結束面板價跌 友達首季轉虧,29
2019/4/25,[新聞]美元指數創22月高峰 凸顯美國經濟相對優勢,8
2019/4/25,Re: [新聞] 日盛金 公告董事會決議107年度盈餘分,0
2019/4/25,[新聞] 富邦VIX溢價大 成首檔「被警示」ETF,34
2019/4/25,[新聞] 美高官：“五眼聯盟”將禁止華為參與敏感網絡,0
2019/4/25,[其他]中壽於董事會提報108年第一季財務報告,7
2019/4/25,Re: [標的] 京城銀2809,8
2019/4/25,[新聞] 宏盛減資2成退還股東2元 Q2起陸續入帳高,27
2019/4/25,[新聞] 台新金 本公司董事會決議分派普通股股利,100
2019/4/25,[新聞] 穩懋Q1毛利率寫新低EPS 0.41元,42
2019/4/25,[新聞] 國喬決議107年度普通股股利分派,33
2019/4/25,[新聞] 格芯強調不會整體打包出售，未來將專注,9
2019/4/25,[新聞] 歐洲商會訪高雄失望　韓市府招商誘因不強,10
2019/4/25,[新聞] 韓流加持！陸客團增逾8成 業者笑呵呵,-10
2019/4/25,[標的] 乙盛-KY (5243),25
2019/4/25,Re: [請益] 請益2337旺宏,15
2019/4/25,[標的] 今日財報 (更新完畢),30
2019/4/25,[新聞] 仁寶智慧音箱 拚首年出貨10萬台,22
2019/4/25,[新聞] 傻眼中鋼今年送這個 網友：還我雨傘,14
2019/4/25,[新聞] 台灣第一公鏈平台　DEXON主網今正式上線,3
2019/4/25,[其他] 108年04月25日 三大法人買賣金額統計表,29
2019/4/25,[新聞] 2892 第一金 董事會決議股利分派,46
2019/4/25,Re: [心得] 是否該自動畢業？,13
2019/4/25,[閒聊] 2019/04/25 盤後閒聊,71
2019/4/25,[新聞] 日盛金 公告董事會決議107年度盈餘分配案,27
2019/4/25,[新聞] 找Q2電子業績潛力股(散熱),13
2019/4/25,Re: [心得] 是否該自動畢業？,12
2019/4/25,[新聞] 電動車買家流失 特斯拉Q1大虧218億,18
2019/4/25,[新聞] 華映(2475)出脫大同持股5.96萬張，擬籌資,14
2019/4/25,[新聞] 費城半導體ETF台灣首發 5/3掛牌,26
2019/4/25,Re: [心得] 是否該自動畢業？,44
2019/4/25,[請益] EPS簡單小問題請教,6
2019/4/25,[新聞] 中國電動車坐享南韓市場，南韓政府補貼是,15
2019/4/25,[標的] 1227佳格，做基礎功課有問題想請益,14
2019/4/25,[新聞] Tesla自駕車自主晶片現身，計畫2020年上,14
2019/4/25,[閒聊] 2019/04/25 盤中閒聊,100
2019/4/25,Re: [標的] 00632r 元大台灣五十反,4
2019/4/25,Re: [心得] 是否該自動畢業？,48
2019/4/25,[請益] 存股跟定存股的差別是什麼？,8
2019/4/25,[心得] 是否該自動畢業？,100
2019/4/25,[心得] 美國2019全年財經日曆 整理,13
2019/4/25,Re: [請益] all in緯創/仁寶/英業達/廣達  這樣勝率高不高,-10
2019/4/24,"Re: [心得] 會覺得說要""放著領股利""很蠢嗎？",25
2019/4/24,Re: [新聞] 台新金併新光金　吳東亮最怕當打工仔,12
2019/4/24,Re: [請益] 台灣50反一,2
2019/4/24,[請益] 台灣50反一,14
2019/4/24,"[心得] 會覺得說要""放著領股利""很蠢嗎？",19
2019/4/24,[新聞] 《金融》陸資不釋出大同股票，金管會：將,32
2019/4/24,[新聞] 晶采(8049)獲利增近5成 EPS 2.52元 創高,10
2019/4/24,[新聞] 聯電第1季每股賺0.1元 擬買20萬張庫藏股,33
2019/4/24,Re: [標的] 8210 勤誠 (多),26
2019/4/24,[標的] 達威 5432 多,15
2019/4/24,[新聞] 台新金併新光金　吳東亮最怕當打工仔,18
2019/4/24,[新聞] 國巨首季EPS6.11元 Q2部分客戶續調庫存但跌價趨勢漸緩,24
2019/4/24,[新聞] 優異企業財報推動 標普和納指同創新高,5
2019/4/24,[其他] 國巨Q1營運成果,23
2019/4/24,[新聞] 報廢10萬片晶圓虧169億！台積電撤高層後,28
2019/4/24,[新聞] 近十家銀行理專騙客戶借錢,49
2019/4/24,[新聞] 燿華華通融券大增 證交所：若異常依規定,33
2019/4/24,Re: [標的] 5340 建榮 多,5
2019/4/24,[新聞] 中鋼就是夯　新灣區大樓單月過戶破300戶,18
2019/4/24,Re: [新聞] 最懂台積電分析師 喊目標價196元,3
2019/4/24,[新聞] 小北百貨衝500店 規劃上市櫃,45
2019/4/24,[新聞] 最夯股東會紀念品 中鋼送「儲卡鋁盒」,24
2019/4/24,[其他] 108年04月24日 三大法人買賣金額統計表,37
2019/4/24,[請益] 數學問題：如何計算一輩子的收入,15
2019/4/24,[新聞] 廖燦昌在寶佳、合庫關鍵角色　金管會承諾2星期內查完,13
2019/4/24,[閒聊] 2019/04/24 盤後閒聊,30
2019/4/24,[新聞] 南山再爆黑函　保險局急約談,13
2019/4/24,[新聞] 格芯再出售資產，4.3億美金售紐約州12,8
2019/4/24,[新聞] 郭台銘選總統前大買鴻海股票　綠委質疑,-10
2019/4/24,[新聞] 超低調開賣了！蘋果新款 AirPods 無線耳,25
2019/4/24,[新聞] 三星電子將投資30兆韓元於非記憶體領域,4
2019/4/24,[心得] 台股萬點或許沒你想的那麼貴，那麼高,83
2019/4/24,[新聞]白宮：制裁伊朗不會衝擊油價 美國大量供油,19
2019/4/24,Re: [新聞] 郭明錤：Q4蘋果將發表新AirPods 變更設計,2
2019/4/24,Re: [新聞] 郭明錤：Q4蘋果將發表新AirPods 變更設計,15
2019/4/24,[新聞] 中市要求中火機組半數退場 經長：恐影響,25
2019/4/24,[新聞] 「最美董娘」出征！三大家族支持　接掌台新金家族控股,38
2019/4/24,[新聞] 微軟收購Express Logic拓展物聯網商機,0
2019/4/24,[標的] 2617台航,4
2019/4/24,[新聞] 郭明錤：Q4蘋果將發表新AirPods 變更設計,29
2019/4/24,[新聞] 富邦證存股雙十等權重報酬指數,0
2019/4/24,[閒聊] 2019/04/24 盤中閒聊,100
2019/4/24,[新聞] 非洲豬瘟中國殺百萬頭豬 外媒指真實疫情,34
2019/4/24,[心得] 多頭時人人都是股神,19
2019/4/24,[新聞] 第三代AirPods增抗噪功能　趕年底聖誕節,15
2019/4/24,[新聞] 外資看大選 2020選舉行情 提前起跑,6
2019/4/24,[新聞] 股票交易密約曝光　蘇震清涉掏空誠美材,27
2019/4/24,[心得] 房地產會大跌,16
2019/4/24,Re: [心得] 千萬不要當沖,35
2019/4/24,[請益] 關於除權息,8
2019/4/24,[心得] 交易手法，心態調整以及資金控管 (補充),15
2019/4/24,[心得] 所有上市公司2019股東會日曆,5
2019/4/24,Re: [心得] 千萬不要當沖,7
2019/4/24,[標的] 嘉澤 3533,10
2019/4/24,Re: [心得] 千萬不要當沖,18
2019/4/24,[心得] 最近的一些訪談,72
2019/4/23,[標的] QCOM,11
2019/4/23,Re: [標的] 6188廣明多,3
2019/4/23,[其他] 0.093%的手續費算是高還是低呢？,10
2019/4/23,Re: [心得] 千萬不要當沖,0
2019/4/23,Re: [心得] 高點低點的定義,5
2019/4/23,[新聞] 達運(6120)108年度第一季淨損1億6676萬,17
2019/4/23,Re: [標的] 6188廣明多,4
2019/4/23,[新聞] 山雨欲來 中國民企巨無霸們接連觸雷,2
2019/4/23,[心得] 珍惜生命 謹慎投資,4
2019/4/23,Re: [標的] 5340 建榮 多,45
2019/4/23,[心得] 高點低點的定義,8
2019/4/23,[其他] 4/23 台灣集中市場外資買賣超前30名,2
2019/4/23,[請益] 台股高檔避險,20
2019/4/23,Re: [標的] 到現在多軍只有我套牢？持股請益,3
2019/4/23,Re: [心得] 千萬不要當沖,19
2019/4/23,[請益] 股票跌到0.10元之後還會往下跌嗎?,18
2019/4/23,[其他] 4/23 台灣店頭市場三大法人買賣超前20名,0
2019/4/23,Re: [標的] 到現在多軍只有我套牢？持股請益,9
2019/4/23,[標的] 元大S&P原油正2 空,24
2019/4/23,[新聞] 日立收購永大合計持股39.7% 將成第一大股,1
2019/4/23,[新聞] 韓國瑜選2020？台股5度戰萬一  經濟日報,-10
2019/4/23,Re: [心得] 千萬不要當沖,4
2019/4/23,Re: [心得] 千萬不要當沖,4
2019/4/23,[新聞] 中國聯通5G試驗 陸7城市開通,15
2019/4/23,[新聞] 兆豐金現金股息殖利率6% 居金控股之冠,41
2019/4/23,[新聞]中國旺旺領中共補助 台陸委會：企業宜說明,13
2019/4/23,[新聞] 韓國瑜不參加初選 鴻海股價瞬間翻紅,17
2019/4/23,[新聞] 郭董威州投資恐跳票 美媒建議祭5招反制,7
2019/4/23,[新聞] 韓國瑜不參加黨內初選 鴻海股價急拉翻紅,0
2019/4/23,Re: [心得] 千萬不要當沖,8
2019/4/23,[新聞] 一銀採購1萬公斤芭樂，挺農民兼做社福,9
2019/4/23,Re: [心得] 千萬不要當沖,17
2019/4/23,Re: [標的] 2702華園 多,2
2019/4/23,"Re: [請益] 請問""內外盤比""和""五檔買賣""的參考~",4
2019/4/23,[新聞] 英特爾可能與三星電子合作開發高性能顯,5
2019/4/23,Re: [心得] 千萬不要當沖,22
2019/4/23,[其他] 108年04月23日 三大法人買賣金額統計表,45
2019/4/23,[心得] 所有上市公司股利分派 整理,50
2019/4/23,Re: [其他] 可以不要再有政治文嗎?,3
2019/4/23,Re: [心得] 當外資看錯時,11
2019/4/23,[新聞] 【海航危機】海航系CWT離奇債務違約 資,2
2019/4/23,[閒聊] 2019/04/23 盤後閒聊,53
2019/4/23,Re: [心得] 千萬不要當沖,59
2019/4/23,[新聞] 韓國瑜聲明留想像空間 台股動起來,-10
2019/4/23,Re: [心得] 千萬不要當沖,0
2019/4/23,Re: [心得] 千萬不要當沖,100
2019/4/23,Re: [心得] 千萬不要當沖,13
2019/4/23,Re: [心得] 千萬不要當沖,100
2019/4/23,[新聞]美終止進口伊朗石油的豁免 中國何去何從？,7
2019/4/23,Re: [標的] 2327國巨 照見五蘊皆空,2
2019/4/23,Re: [標的] 2344華邦電,11
2019/4/23,[新聞] 傳因高通退出、中國伺服器晶片廠華芯通將,6
2019/4/23,Re: [心得] 當外資看錯時,4
2019/4/23,[心得] 當外資看錯時,20
2019/4/23,[閒聊] 2019/04/23 盤中閒聊,100
2019/4/23,Re: [請益] 2337 旺宏分析,8
2019/4/23,[新聞] 郭台銘選總統 金融時報：破壞之王投身政,23
2019/4/23,[心得] 所有上市公司 資產負債,26
2019/4/23,Re: [請益] 2337 旺宏分析,26
2019/4/23,[新聞] 全球最大電商 亞馬遜7/18退出中國,22
2019/4/23,[請益] 如果只配股不配息變成趨勢,2
2019/4/23,Re: [標的] 到現在多軍只有我套牢？持股請益,12
2019/4/23,[請益] A50期貨新手尋找入門書籍,9
2019/4/22,[請益] 大毅(2478)減資問題,10
2019/4/22,[標的] 3519綠能 套利,16
2019/4/22,[新聞] 中國補貼釀災 大尺寸面板價崩,25
2019/4/22,[新聞]不堪長期虧損 益通降停止太陽能業務,13
2019/4/22,Re: [標的] 5353 台林,4
2019/4/22,[新聞] 3月失業率降至3.68%,18
2019/4/22,[請益] 台銀證券已實現損益的算法？,9
2019/4/22,[新聞] 台灣緊隨美國 對大陸科技公司產品說不,9
2019/4/22,[其他] 108年04月22日信用交易統計,44
2019/4/22,[標的] 3483 力致,13
2019/4/22,[公告] postmaster00 annie06045 警告一次,0
2019/4/22,[請益] 單季損益表彙整抓取問題,2
2019/4/22,[公告] Fujiwarano 水桶10年,0
2019/4/22,Re: [標的] 到現在多軍只有我套牢？持股請益,26
2019/4/22,[公告] niceshine zeem galaxy13 wya0108水桶一週,0
2019/4/22,Re: [新聞] 郭台銘選總統 外資：鴻海將效法台積、台,0
2019/4/22,Re: [心得] 台股就這樣而已之操作手法,2
2019/4/22,[標的] 6219 富旺,2
2019/4/22,[新聞] 郭台銘選總統 外資：鴻海將效法台積、台,3
2019/4/22,[新聞] 鴻海連跌3日市值蒸發554億 外資憂選舉不,42
2019/4/22,Re: [新聞] 3406 玉晶光2月自結-0.28 (多),23
2019/4/22,[請益] 為什麼選總統跟股市有關？,21
2019/4/22,[新聞] 若郭董當選 日媒：夏普最壞情況「陷入解,14
2019/4/22,Re: [心得] 為什麼外資不鎖跌停,6
2019/4/22,[請益] 手機看盤軟體,2
2019/4/22,[新聞] 軟銀又加碼優步，鎖定運輸服務市場,7
2019/4/22,[新聞] 回嗆蔡英文後，郭一早到鴻海固本業,28
2019/4/22,[新聞] 境外資金 台財長估1年最高匯回8900億,15
2019/4/22,[其他] 108年04月22日 三大法人買賣金額統計表,40
2019/4/22,[新聞] 調解破局 長榮航陷罷工危機,30
2019/4/22,[其他] 大立光現金股利:68元,4
2019/4/22,[閒聊] 2019/04/22 盤後閒聊,31
2019/4/22,[新聞] 興櫃七好漢 強勢衝高,3
2019/4/22,[標的] 台泥1101,29
2019/4/22,Re: [心得] 台股就這樣而已之操作手法,4
2019/4/22,[新聞] 信邦獲利優於預期 外資調高目標價,12
2019/4/22,[請益] 關於籌碼集中問題,8
2019/4/22,[標的] 中磊5388多,37
2019/4/22,[新聞] 美國將不再延長五國進口伊朗石油豁免,34
2019/4/22,[新聞] 和解後，蘋果每部iPhone須付專利費8至9美,17
2019/4/22,[新聞] 大陸首季就業景氣指數創5年新低,11
2019/4/22,[新聞] 債券實現利益空間受壓縮，壽險業未來獲利,12
2019/4/22,Re: [標的] 2014 中鴻 先上車再說@12.1*2,30
2019/4/22,[新聞] 壽險金控增資+股利縮水雙壓力夾擊 成外資砍殺標的,15
2019/4/22,[閒聊] 2019/04/22 盤中閒聊,100
2019/4/22,[新聞] 冠德四大案加持 全年營收戰新高,9
2019/4/22,[標的] 鴻海 多,24
2019/4/22,[心得] 所有上市公司 營收數據整理,67
2019/4/22,[心得] 交易手法，心態調整以及資金控管 (三),36
2019/4/22,Re: [請益] 版上有多少小資族領股息退休的?,25
2019/4/21,Re: [標的]2603長榮海 多,20
2019/4/21,[標的] 台股盤後一週分享,6
2019/4/21,Re: [其他] 技術分析之純看指標找買點，你看得準嗎？,16
2019/4/21,Re: [新聞] 搶市占王 刷卡繳稅 五大銀手續費全免,4
2019/4/21,[心得] 台股就這樣而已之操作手法,14
2019/4/21,Re: [請益] 朋友說要幫我代操台股,2
2019/4/21,Re: [請益] 版上有多少小資族領股息退休的?,54
2019/4/21,[請益] 300498.SZ 溫氏股份 估值,0
2019/4/21,Re: [標的] 6188廣明多,5
2019/4/21,[心得] 交易手法，心態調整以及資金控管 (二),23
2019/4/21,[心得] 交易手法，心態調整以及資金控管 (一),15
2019/4/21,Re: [請益] 版上有多少小資族領股息退休的?,14
2019/4/21,[心得] 台灣進出口貿易資料的整理,9
2019/4/21,[標的] 2340光磊,16
2019/4/21,Re: [請益] 版上有多少小資族領股息退休的?,53
2019/4/21,Re: [標的]  2316 楠梓電,100
2019/4/21,Re: [其他] 如何找到波段高點,5
2019/4/21,[請益] 2337 旺宏分析,48
2019/4/21,[標的] 5269祥碩,22
2019/4/21,[請益] 證券營業員看得到我證券系統全部資料？,30
2019/4/21,[新聞] 大陸股民南向越南,4
2019/4/21,"[新聞] 遭外資降評!鴻海失守""媽祖防線""收跌2.9%",22
2019/4/21,[其他] 跟消息面反著走的個股,1
2019/4/21,Re: [其他] 技術分析之純看指標找買點，你看得準嗎？,0
2019/4/21,Re: [請益] 版上有多少小資族領股息退休的?,100
2019/4/21,[標的] 精測 6510 空,8
2019/4/21,Re: [新聞] 真的託夢給郭台銘？他擲筊向媽祖求證,6
2019/4/21,[心得] 為什麼外資不鎖跌停,8
2019/4/21,Re: [標的] EWW-US 墨西哥ETF 多,1
2019/4/21,Re: [標的] GIS-US 多,11
2019/4/21,Re: [請益] 版上有多少小資族領股息退休的?,9
2019/4/21,Re: [請益] 版上有多少小資族領股息退休的?,13
2019/4/21,[新聞] 搶市占王 刷卡繳稅 五大銀手續費全免,6
2019/4/21,[標的] 仁寶-多,30
2019/4/21,[其他] 技術分析之純看指標找買點，你看得準嗎？,13
2019/4/21,[請益] 版上有多少小資族領股息退休的?,63
2019/4/21,[心得] 小資族0056懶人投資術,9
2019/4/21,[新聞] WTO初裁 中國未獲市場經濟地位,12
2019/4/21,[新聞] 歐美重大勝利 傳WTO裁決中國未獲市場經,18
2019/4/20,[新聞] 富邦VIX今年來跌逾4成 反彈觀察標普500指,21
2019/4/20,Re: [心得] 李佛摩之市場沒有新鮮事,8
2019/4/20,[新聞] 《各報要聞》15檔多頭三重奏，唱升調,20
2019/4/20,[新聞] 法人鎖碼飆股 出列,20
2019/4/20,[請益] 有人投資是直接all in再all in嗎？,32
2019/4/20,[新聞] 繼日本後 澳洲成為我第二個CRS資訊交換國,5
2019/4/20,[新聞] 壽險搶買 公債利率溜滑梯,8
2019/4/20,[心得] 投機,11
2019/4/20,[新聞] 最悲慘經濟體 委內瑞拉通膨率或達800萬%,26
2019/4/20,Re: [心得] 李佛摩之市場沒有新鮮事,11
2019/4/20,[標的]2603長榮海 多,31
2019/4/20,[心得] 勞保基金與勞退基金 的一些統計,5
2019/4/20,[新聞] 台積目標價 六外資喊上3字頭,100
2019/4/20,[其他] 資金避風港跟單純做多的差異,7
2019/4/20,Fw: [爆卦] 網民評論【中國房市開始崩跌】圖多,16
2019/4/20,Re: [心得] 我的股票投資心得,12
2019/4/20,Re: [心得] 我的股票投資心得,2
2019/4/20,[新聞] 外資圈美女翻版 台新金總座女秘書捲內線交易,26
2019/4/20,Re: [標的] 6188廣明多,7
2019/4/20,[標的] 3588通嘉,4
2019/4/20,[其他] 如何找到波段高點,28
2019/4/20,[新聞] 海南爆發非洲豬瘟疫情 中國全面淪陷,36
2019/4/20,Re: [心得] 李佛摩之市場沒有新鮮事,6
2019/4/20,"請益  除了長投的書外,短線的書有推的嗎",0
2019/4/20,Re: [心得] 我的股票投資心得,9
2019/4/20,[請益] 請問台股高CP手續費便宜的券商?,6
2019/4/20,Re: [心得] 台股會崩盤嗎?,23
2019/4/20,Re: [心得] 我的股票投資心得,23
2019/4/20,[新聞] 擺脫去年陰霾 三商壽Q1轉盈賺0.2億,15
2019/4/20,[心得] 李佛摩之市場沒有新鮮事,13
2019/4/20,[新聞] 台商回台再增5家 累計投資逾1370億台幣,14
2019/4/20,[新聞] WTO裁定中國農產品關稅不公 萊席爾：美國,8
2019/4/20,Re: [心得] 我的股票投資心得,0
2019/4/20,[新聞] 質疑華為手機拍照功能作假 陸科技測試平,30
2019/4/20,[其他] 台塑六輕賠償居民協商最新進度,32
2019/4/20,[標的] 5457 宣德 空,11
2019/4/20,[心得] 一些上市金融保險類股  整理,22
2019/4/20,[新聞] 專家：富士康就算沒中共黨委 郭台銘仍利,28
2019/4/20,[新聞] 郭台銘選總統 外資降評鴻海,25
2019/4/20,[標的] 4953 緯軟 - 空,8
2019/4/20,Re: [標的] 6188廣明多,24
2019/4/20,Re: [請益] 有人覺得今年的漲勢不尋常嗎?,14
2019/4/20,[標的] 1802台玻 (已出場),5
2019/4/20,[公告] houbuz brian0857 toptalent 水桶一週,0
2019/4/20,[公告] s106667 水桶一個月,0
2019/4/20,[公告] torrest yyy123456789 pudin2008 警告一次,0
2019/4/20,[公告] lineage30678 isaac24 jacky0470 水桶一週,0
2019/4/20,Re: [請益] 有人覺得今年的漲勢不尋常嗎?,1
2019/4/19,[新聞] 各國憂一帶一路風險 美：小心被中共殖民,0
2019/4/19,[請益] 當營業員是不是有必勝法,3
2019/4/19,[新聞]大陸賣地收入減少9.5% 將增地方債櫃檯發售,6
2019/4/19,[新聞] 安成藥通過與加陳國際股份轉換案,5
2019/4/19,Fw: [宣判] cofepupu申訴Stock板板主eyespot一案,21
2019/4/19,[其他] 4/19 台灣集中市場外資買賣超前30名,3
2019/4/19,[其他] 4/19 台灣店頭市場三大法人買賣超前20名,1
2019/4/19,[標的] 2344華邦電,31
2019/4/19,[請益] 有人覺得今年的漲勢不尋常嗎?,81
2019/4/19,[心得] 台股會崩盤嗎?,39
2019/4/19,[其他] 108年04月19日信用交易統計,34
2019/4/19,[新聞] 郭台銘選總統 鴻海本週漲2.7%市值增332億,20
2019/4/19,Re: [心得] 我的股票投資心得,17
2019/4/19,[新聞] 彌補虧損 中環宣布減資32.858％,22
2019/4/19,[新聞] 三星關廠 友達、群創迎轉單,17
2019/4/19,[標的] 9938 百和 多,17
2019/4/19,[其他] 紀念品偷改有權利救濟嗎？,42
2019/4/19,Re: [新聞] 金融股還能存嗎？這檔殖利率高、股價今,2
2019/4/19,[標的] 8436 大江 多,27
2019/4/19,[新聞] 金融股還能存嗎？這檔殖利率高、股價今,48
2019/4/19,Re: [其他] 全世界最會做股票的人是不是都在台灣?,17
2019/4/19,[其他] 全世界最會做股票的人是不是都在台灣?,74
2019/4/19,[其他] 108年04月19日 三大法人買賣金額統計表,100
2019/4/19,[新聞] 太陽能產業進入長周期衰退,32
2019/4/19,[閒聊] 2019/04/19 盤後閒聊,15
2019/4/19,[標的] 8064 東捷 多,12
2019/4/19,[標的] 4107 邦特 多,24
2019/4/19,[請益] 群益&日盛看盤軟體比較,10
2019/4/19,[新聞] 郭台銘開除「戰將」 鴻海要賠150萬資遣費,79
2019/4/19,[新聞] 馬雲推996工作制,33
2019/4/19,[新聞] 德國法院判決認定 HTC 侵害日亞化 YAG 專,7
2019/4/19,[新聞]難達就業目標?富士康在威州投資優惠或生變,5
2019/4/19,[新聞] 鴻海被降評,63
2019/4/19,[新聞] LG Display軟性OLED正面臨京東方挑戰,11
2019/4/19,[新聞] 36歲擁3間房！竹科新貴靠6字訣買股大賺,40
2019/4/19,[新聞] 正式推出市場前兆？波士頓動力機器犬,24
2019/4/19,[閒聊] 2019/04/19 盤中閒聊,100
2019/4/19,[請益] 操作不順的時候,31
2019/4/19,Re: [請益] 突破高點買進有用沒用,29
2019/4/19,[心得] 由VIX來看宏觀經濟,8
2019/4/19,[新聞] 中國經濟數據作假難除 吉林4縣區遭通報,6
2019/4/19,[新聞] 新浪遭網信辦約談 股價震盪,2
2019/4/19,[新聞] 法說會報喜 花旗喊台積電目標價305元 美,51
2019/4/19,Re: [標的] 鴻海,14
2019/4/19,Re: [請益] 突破高點買進有用沒用,7
2019/4/19,[其他] 金錢與遊戲的權力-連環計中計,11
2019/4/19,Re: [標的] 3535 晶彩科,2
2019/4/18,[請益] 突破高點買進有用沒用,15
2019/4/18,[請益] 外資是不是都認識,31
2019/4/18,[新聞] 中國經濟企穩，一季度GDP增長6.4%,9
2019/4/18,[新聞] 葉美麗是誰？曾被譽為股市「4大金釵」,18
2019/4/18,[請益] 查詢某檔股票開盤委買委賣的資料,1
2019/4/18,[新聞] 亞馬遜7月中退出中國電商市場,5
2019/4/18,[請益] 如果國泰明除息 今天會有賣壓嗎,8
2019/4/18,[新聞] 美國2月貿易逆差意外縮小 經濟學家對第1,5
2019/4/18,Re: [請益] 富邦VIX會倒多少人Part3,7
2019/4/18,[標的] 3535 晶彩科,16
2019/4/18,[新聞] 台積電明年起季季配息，全年股利不低於今年，至少10元起跳,41
2019/4/18,[標的] 3105穩懋 空,27
2019/4/18,Re: [標的] 2207 和泰車,10
2019/4/18,Fw: [新聞] 宏達電扶植區塊鏈新創 投入創投基金,4
2019/4/18,[標的] 大盤（多）,1
2019/4/18,[心得] 我的股票投資心得,100
2019/4/18,[請益] 今日外資買超鴻海18K張,36
2019/4/18,[標的] 除了營建股 哪些是放寬/開放中資類股？,0
2019/4/18,[新聞] 台企銀3方針拚成長，擬引進國發基金注資,11
2019/4/18,[新聞] 郭董選總統激勵鴻家軍股漲 彭博：投機狂熱,5
2019/4/18,[標的] 道瓊指數 空,33
2019/4/18,[新聞] 台積電：第1季是谷底　毛利率一季會比一,35
2019/4/18,"[請益] 何謂putwrite, buywrite?",0
2019/4/18,Re: [心得] 千萬不要當沖,23
2019/4/18,[新聞] 日本拚2020年5G全國商轉，全國劃分4500,10
2019/4/18,[新聞] 大陸一季度GDP增長6.4% 業界釋因,7
2019/4/18,[新聞] 【A股收市】郭台銘旗下工業富聯無懼滬深,7
2019/4/18,[新聞] 中壽入選「台灣永續指數」 ，壽險業唯一,14
2019/4/18,[其他] 108年04月18日 三大法人買賣金額統計表,67
2019/4/18,[請益] 有相關的地震概念股嗎～～,32
2019/4/18,[新聞] 外資說選總統無礙專業營運，鴻海衝97.2元,11
2019/4/18,[新聞] 壽險業小心 2019年Q1金管會開出13張罰單 10張是壽險公司,6
2019/4/18,Re: [新聞] 台積電首季每股賺2.37元　季減38.6%,20
2019/4/18,Re: [新聞] 台積電首季每股賺2.37元　季減38.6%,5
2019/4/18,[閒聊] 2019/04/18 盤後閒聊,54
2019/4/18,[標的] 2327國巨 照見五蘊皆空,8
2019/4/18,[標的] 2317鴻海 空,29
2019/4/18,[新聞] 朝媒報導金正恩觀摩“新型制導武器”試,1
2019/4/18,Re: [請益] 富邦VIX會倒多少人Part3,2
2019/4/18,Re: [標的] 郭選總統為什麼對鴻海是利多?,1
2019/4/18,[請益] 蘋果、高通晶片請三星代工會被抄襲嗎?,3
2019/4/18,Re: [標的] 郭選總統為什麼對鴻海是利多?,5
2019/4/18,[標的] 2330台積電 三尊頭or真突破,15
2019/4/18,[標的] 2207 和泰車,17
2019/4/18,[新聞] 美中最後協議未定 贏家是誰？,8
2019/4/18,[新聞] 外資：壽險主體金控股利將下滑,29
2019/4/18,[新聞] 試用記者爆：三星6萬元折疊手機兩天就掛,19
2019/4/18,Re: [請益] 富邦VIX會倒多少人Part3,13
2019/4/18,[請益] 個股外資進出,1
2019/4/18,[新聞] 威斯康辛州長想與鴻海重談投資協議,10
2019/4/18,[新聞] 看好越南股市 逾3千陸人開戶,7
2019/4/18,Re: [標的] 8163達方 多,17
2019/4/18,[新聞] 利用區塊鏈達悟幣 100億助蘭嶼永續發展,11
2019/4/18,[請益] 台積電法說會應有中文的同步翻譯,10
2019/4/18,Re: [標的] 嘉聯益 6153 多,19
2019/4/18,[新聞] 掏空子公司 誠美材副董遭約談,3
2019/4/18,[新聞] 台積7奈米 至少領先對手一年,10
2019/4/18,[標的] 台股 多,6
2019/4/18,[閒聊] 2019/04/18 盤中閒聊,99
2019/4/18,Re: [請益] 富邦VIX會倒多少人Part3,0
2019/4/18,Re: [心得] 全球化不是共榮共長,4
2019/4/18,[新聞] 高通、蘋果復合 5G晶片大單台積電廝殺三,5
2019/4/18,Re: [心得] 千萬不要當沖,0
2019/4/18,[標的] 郭選總統為什麼對鴻海是利多?,23
2019/4/18,[心得] 全球化不是共榮共長,0
2019/4/18,[新聞] 五大爭議擺不平 長榮空姐釀罷工,30
2019/4/18,[新聞] 郭明錤：新款iPhone相機升級 玉晶光受益,22
2019/4/18,Re: [請益] 富邦VIX會倒多少人Part3,12
2019/4/18,[心得] FED利率政策公布時的影響,2
2019/4/18,[標的] 道瓊 多,6
2019/4/18,[新聞] 日經：郭台銘若因參選卸任 鴻海經營恐陷,21
2019/4/17,[新聞] 淡水河谷將重啟Brucutu礦場,2
2019/4/17,Re: [心得] 千萬不要當沖,6
2019/4/17,[新聞] 路透：蘋果CEO庫克打電話給郭董 關心選總,17
2019/4/17,[心得] 郭台銘當上總統就去作多和碩、廣達、仁寶,0
2019/4/17,[新聞] 元富、統一證ETN 30日掛牌,5
2019/4/17,[請益] 上市櫃公司公布財報時間,10
2019/4/17,[新聞] 海航旗下CWT公司 爆63億債務違約,4
2019/4/17,Re: [其他] 108年04月17日信用交易統計,-10
2019/4/17,Re: [新聞] 郭台銘考慮選總統 分析師：鴻海接班受關,0
2019/4/17,[請益] 富邦VIX會倒多少人Part3,57
2019/4/17,[請益] 現金部位不足，持股上漲應修改條件單還是依循交易紀律？,9
2019/4/17,[其他] Re: [心得] 千萬不要當沖,4
2019/4/17,[新聞] 《半導體》蘋果、高通和解＋3外資升目標,13
2019/4/17,Re: [心得] 千萬不要當沖,4
2019/4/17,[新聞] 中國房價反彈 分析：提振經濟放鬆調控,5
2019/4/17,[標的] 中環2323,18
2019/4/17,[標的] Vix富邦 00677 多,24
2019/4/17,Re: [心得] 千萬不要當沖,4
2019/4/17,[新聞] 川普：無論中美是否達成協議 美都贏,17
2019/4/17,[標的] 鴻海 多到底,6
2019/4/17,[新聞] 郭台銘考慮選總統 分析師：鴻海接班受關,11
2019/4/17,Re: [心得] 千萬不要當沖,2
2019/4/17,[標的] 鴻海相關集團相關股價爆漲 現在來得及嗎,38
2019/4/17,[請益] 鴻海是否比照川普模式,18
2019/4/17,[標的] 郭董選總統那鴻海(2317)該怎麼辦,41
2019/4/17,Re: [心得] 千萬不要當沖,8
2019/4/17,Re: [標的] 台指04,4
2019/4/17,[新聞] 日立公開收購永大　公平會核准,6
2019/4/17,[標的] 6411 晶焱,17
2019/4/17,[新聞] 郭台銘宣布了！參加2020總統初選,78
2019/4/17,[新聞] 郭台銘正式宣布：投入國民黨2020總統初選,38
2019/4/17,[新聞] 諾獎學者：川普若連任 美股牛市可持續,7
2019/4/17,Re: [心得] 千萬不要當沖,4
2019/4/17,[新聞] 《Ａ股焦點》工業富聯漲停，郭台銘正面回,7
2019/4/17,Re: [心得] 千萬不要當沖,0
2019/4/17,[其他] 108年04月17日 三大法人買賣金額統計表,53
2019/4/17,[標的] VIX富邦 多,27
2019/4/17,Re: [心得] 千萬不要當沖,1
2019/4/17,Re: [心得] 千萬不要當沖,7
2019/4/17,Fw: [新聞] 人民幣500億！A股爆大股東減持潮,2
2019/4/17,Re: [心得] 千萬不要當沖,2
2019/4/17,Re: [心得] 千萬不要當沖,32
2019/4/17,[新聞] 美股、郭董利多助攻 台股漲近70點逼近萬,2
2019/4/17,[標的] 2338 光罩 多,14
2019/4/17,[標的] 【3062 建漢】無腦多,9
2019/4/17,[標的] 大盤 高檔 爆量 長紅,17
2019/4/17,[閒聊] 2019/04/17盤後閒聊,48
2019/4/17,Re: [心得] 千萬不要當沖,15
2019/4/17,[心得] 千萬不要當沖,98
2019/4/17,[新聞] 華為全球簽5G商業合約 獨缺中國大陸,13
2019/4/17,[新聞] 《基金》科技題材一波波，法人最看好5G,1
2019/4/17,[新聞] 蘋果與高通和解收場　英特爾旋即宣告退出,16
2019/4/17,Re: [請益] 有人注意過太景(4157)的財報嗎？,3
2019/4/17,[標的] 鴻海 超級多,57
2019/4/17,[請益] 有人注意過太景(4157)的財報嗎？,1
2019/4/17,[新聞] 郭台銘若選上總統 國內上市櫃股票須全信託,9
2019/4/17,[新聞] 美國追求領先全球的5G頻譜釋放計畫、10年,6
2019/4/17,Re: [新聞] 外資示警寒冬還沒完 下修和碩目標價至45,9
2019/4/17,[其他] 貼息=領了股利賠了股價，前輩你確定嗎？？,15
2019/4/17,Re: [標的] 2382廣達,100
2019/4/17,[新聞] 半年來首見衰退，壽險3月新契約保費年減1.8％,2
2019/4/17,Re: [新聞] 德國政府投資10億美元於電池技術開發，以,9
2019/4/17,[新聞]郭董為何參拜關公、媽祖？　是否參選總統,16
2019/4/17,[標的] 6217 中探針 多,16
2019/4/17,[新聞] 德國政府投資10億美元於電池技術開發，以,7
2019/4/17,[閒聊] 2019/04/17 盤中閒聊,100
2019/4/17,[標的] 2888 新光金,39
2019/4/17,[新聞] 罕見回擊三星　台積電推6奈米製程明年首,11
2019/4/17,Re: [標的] 大盤 空,12
2019/4/17,[標的]  牧德，空，3563,9
2019/4/17,[新聞] 最懂鴻海的前外資分析師：若郭台銘參選總,6
2019/4/17,[新聞] 蘋果和高通達成世紀和解,33
2019/4/17,Re: [心得] 做功課的方法,75
2019/4/17,[新聞] 台化氣爆影響 國喬、台苯可望受惠,7
2019/4/16,[新聞] 郭董選總統行情  點亮鴻家軍,23
2019/4/16,[新聞] 愈禁愈熱 華為已取得全球半數5G訂單,9
2019/4/16,[新聞] 爭議聲中走馬上任 第一金新任董座廖燦昌,1
2019/4/16,[新聞] 郭董宣布參選總統 對鴻海集團有哪些影響,17
2019/4/16,"[請益] 逐筆交易後, 何時要用到IOC或FOK?",5
2019/4/16,[其他] 4/16 台灣集中市場外資買賣超前30名,0
2019/4/16,[其他] 4/16外資連續買超天數排行榜,3
2019/4/16,[其他] 4/16 台灣店頭市場三大法人買賣超前20名,5
2019/4/16,[新聞] 陸廠三安光電遭美斷料 台LED廠受惠大漲,11
2019/4/16,Re: [其他] 108年04月16日信用交易統計,0
2019/4/16,[新聞] P2P爆雷 戳破中共「剛性兌付」騙局,9
2019/4/16,[標的] 空！！2408南亞科,21
2019/4/16,Re: [標的] 6197 佳必琪 多,8
2019/4/16,[新聞] 聯合再生成功開發氫能機車 Gogoro剉咧等,65
2019/4/16,[新聞] 焦點轉向中國GDP 亞股先跌後收高,0
2019/4/16,[心得] 主力與大盤的想法,90
2019/4/16,[新聞] 台積電宣佈推出6奈米製程,39
2019/4/16,[新聞]中連貨運退出市場 轉型不動產租售公司,20
2019/4/16,[請益] 欸 訂閱個股新聞 卻都寄來一堆垃圾,5
2019/4/16,[標的] 6153 嘉聯益,32
2019/4/16,Re: [標的] 大盤 盤整 4/16看法修正,13
2019/4/16,[標的］2317 鴻海 北斗七星多,99
2019/4/16,[新聞] 三星宣布完成5奈米EUV製程開發,26
2019/4/16,[新聞] 多頭格局未變 電子景氣觸底反彈,20
2019/4/16,[其他] 108年04月16日 三大法人買賣金額統計表,40
2019/4/16,[心得] 收益曲線倒掛前後的觀察,14
2019/4/16,Fw: [情報] Disney+是蘋果最需要的產品 蘋果可能出,7
2019/4/16,[閒聊] 2019/04/16 盤後閒聊,57
2019/4/16,[新聞] 郭台銘：淡化在鴻海個人色彩 交棒年輕人,35
2019/4/16,[新聞] 應材不支援三安光電？外資點名晶電,15
2019/4/16,Re: [標的] 台指04,4
2019/4/16,[請益] 鴻海減資價格怎麼算,29
2019/4/16,Re: [新聞] 外資示警寒冬還沒完 下修和碩目標價至45,23
2019/4/16,[新聞] 郭台銘考慮參選總統　阿土伯喊助選「郭總,60
2019/4/16,[請益] 老闆從政對公司的影響？,38
2019/4/16,[新聞] 美中談判 川普：無論結果如何 美國必贏,20
2019/4/16,[新聞] 壽險增資潮來了 全年估千億,11
2019/4/16,[請益] 鴻海價位多少合理,27
2019/4/16,[新聞] 長江存儲暗示2019年底大規模量產64層3D N,24
2019/4/16,郭台銘選總統，股友們會力挺嗎？,23
2019/4/16,[新聞] 是否參選總統？郭台銘：這幾天做決定,24
2019/4/16,[新聞] 國巨回台投資 獲經部同意貸款165億,43
2019/4/16,[閒聊] 2019/04/16 盤中閒聊,100
2019/4/16,[新聞] 國巨董事酬金超肥！平均1.14億奪冠!!,10
2019/4/16,[新聞] 昆山廠經營權 誠美材26日董事改選見分曉,5
2019/4/16,[新聞] PS5攜超微　7奈米主晶片2020年3Q問世,9
2019/4/16,[新聞] 郭台銘強調不炒股只帶頭示範 鴻海市值增,15
2019/4/16,Re: [心得] 淺談工具機族群現況,6
2019/4/16,Re: [請益] 請問自組ETF操作法要停損成分股嗎?,4
2019/4/16,Re: [請益] 外資拉高價格給散戶解套的理由？,5
2019/4/16,[其他] 郭董選總統心動了？,44
2019/4/15,Re: [標的] 3491昇達科,13
2019/4/15,Re: [標的] 元晶6443 多,3
2019/4/15,[標的] 2059 川湖,10
2019/4/15,[請益] 外資拉高價格給散戶解套的理由？,22
2019/4/15,[請益] 中美貿易戰何時會結束呢？,33
2019/4/15,[標的] 1307 三芳,14
2019/4/15,[公告] Xaymaca 水桶10年,0
2019/4/15,Re: [請益] 請問自組ETF操作法要停損成分股嗎?,20
2019/4/15,[新聞]美財長稱美中談判收尾 暗示中願受違約懲罰,8
2019/4/15,[公告] beans0202 agau187 警告一次,0
2019/4/15,[公告] raugeon fox141 F16V 水桶一週,0
2019/4/15,[公告] Biohecun hfish1126 水桶一週,0
2019/4/15,[公告] brian0857 PrettyOdd viagra5566 警告一次,0
2019/4/15,[新聞] 淨值比過低 13壽險準備「喝咖啡」,20
2019/4/15,[新聞] 中壽第一季獲利亮眼 稅後盈餘28.06億元,14
2019/4/15,[請益] 當沖一定沖的掉?,21
2019/4/15,[新聞] 鴻海再買美國房產，威州好多富士康廣場,3
2019/4/15,[新聞] 豆價暴跌 庫存量增 豆農苦撐 盼貿易戰快結束,2
2019/4/15,Re: [標的] 8016 矽創,9
2019/4/15,[標的] 2888新光金,34
2019/4/15,[新聞] 路透：美國或軟化要求中國減少產業補貼條件,0
2019/4/15,[標的] 8016 矽創,19
2019/4/15,[請益] 泰碩、泰鼎、泰厲害了,37
2019/4/15,[新聞] 川普再轟Fed 如沒攪局美股有望多漲萬點,20
2019/4/15,[標的] 3169 亞信 多,6
2019/4/15,Re: [新聞] 港中聯辦：維護國家安全 只有一國沒有兩制,10
2019/4/15,Re: [心得] 美隊好強~~~小秀一下 @@,5
2019/4/15,Re: [標的] 6188廣明多,15
2019/4/15,[請益] 單支股票跟大盤有沒有關係?,14
2019/4/15,[新聞] 港中聯辦：維護國家安全 只有一國沒有兩制,22
2019/4/15,[請益] 免抽籤就可買即將上市的股票？,36
2019/4/15,Re: [請益] 漲了1400點還賠錢的人有嗎？,9
2019/4/15,[新聞] 自結財報搞烏龍、EPS差10倍… 這檔股價一夕漲停變跌停,25
2019/4/15,Re: [標的] 大盤 盤整,4
2019/4/15,[新聞] 索尼申請多項專利，將VR商機延伸至電子競,11
2019/4/15,[請益] 希臘公債2年 的報價?,11
2019/4/15,[標的] 1536 和大,20
2019/4/15,[其他] 108年04月15日 三大法人買賣金額統計表,55
2019/4/15,[請益] 請問自組ETF操作法要停損成分股嗎?,14
2019/4/15,[新聞] 2023年出貨量可達5.25億支5G手機,0
2019/4/15,[標的] 2537 聯上發 多,26
2019/4/15,[閒聊] 2019/04/15 盤後閒聊,68
2019/4/15,[請益] 看盤軟體適用CDP,3
2019/4/15,Re: [心得] 擦鞋童要來了嗎？？,25
2019/4/15,Re: [請益] 郭台銘表示他的辭職需董事會通過,7
2019/4/15,[請益] 券商軟體的成交明細問題,2
2019/4/15,Re: [心得]純粹的心得分享(一)也許不會有(二):P,0
2019/4/15,Re: [標的] 2499東貝 多,2
2019/4/15,[新聞] 台泥、亞泥 Q1業績俏,9
2019/4/15,[新聞] 南山人壽興櫃案遭保險局退件,10
2019/4/15,[請益] 股價0.09會發生什麼事,21
2019/4/15,[新聞] 台企銀現增，國發基金將全包,16
2019/4/15,[新聞] 郭台銘為股價抱屈 鴻海有這麼便宜嗎？,21
2019/4/15,[心得] 擦鞋童要來了嗎？？,47
2019/4/15,Re: [標的] 鴻海,17
2019/4/15,Re: [標的] 2317鴻海 多,5
2019/4/15,[標的] 9951 皇田,6
2019/4/15,[新聞] 空盪大樓、800 畝空地，美國媒體再直擊富,19
2019/4/15,[閒聊] 2019/04/15 盤中閒聊,100
2019/4/15,[新聞] 誠美材風暴 丟了昆山廠主權,15
2019/4/15,[心得] 一些半導體封裝測試廠商 整理,17
2019/4/15,Re: [新聞] 房產達人 月風 炒股失利持槍擄人百萬,22
2019/4/15,[新聞]HTC今年首款新機終現身!搭高通S710處理器,12
2019/4/15,[新聞] 印媒：鴻海7月在印度生產iPhone X,4
2019/4/15,[標的] 台股盤後一週分享,1
2019/4/14,Re: [請益] JG的課值得上嗎?,19
2019/4/14,[新聞] 全球5G市場開戰 川普：美國將制霸,13
2019/4/14,Re: [請益] 漲了1400點還賠錢的人有嗎？,0
2019/4/14,"Re: [新聞] 淨值爆發 六大壽險首季增3,500億",1
2019/4/14,"Re: [新聞] 淨值爆發 六大壽險首季增3,500億",0
2019/4/14,[心得] 基本面-財報數字與股票價值｜第四集,0
2019/4/14,[心得] 靠加班與否買賣股票,42
2019/4/14,"Re: [新聞] 蔡英文：台商回台投資逾1,200億元 帶來1",0
2019/4/14,[新聞] 美國祭殺手鐧 應材停止對中國LED晶片大廠,12
2019/4/14,[新聞] 全球大當機！臉書、IG晚間起不明原因斷線,23
2019/4/14,[新聞] 中國在南中國海打出第一口深海油氣井,5
2019/4/14,[新聞] 錦江集團出手 誠美材恐失昆山廠控制權,42
2019/4/14,"Re: [新聞] 蔡英文：台商回台投資逾1,200億元 帶來1",5
2019/4/14,[新聞] 中美貿易磋商接近尾聲 協議文本共有7章節,8
2019/4/14,[新聞] 大飲高層異動 王鎮民任董事長兼總經理,10
2019/4/14,[其他] 史托克真那麼神嗎？,21
2019/4/14,Re: [請益] 若知道股價會漲，玩什麼比較賺？,12
2019/4/14,Re: [請益] 漲了1400點還賠錢的人有嗎？,29
2019/4/14,Re: [請益] 漲了1400點還賠錢的人有嗎？,3
2019/4/14,[新聞]中美磋商新進展 對北京操縱匯率設懲罰機制,11
2019/4/14,[新聞] 美股近高點 VIX重挫至6個月低點 但可能捲,36
2019/4/14,[新聞] 撤離中國？富士康7月在印度生產iPhone X,28
2019/4/14,[新聞] 停產+貨物稅修正案 國產小車遭逢打擊,11
2019/4/14,[新聞] 美中農業貿易談判 竟讓中國官員「氣到發,28
2019/4/14,"Re: [新聞] 淨值爆發 六大壽險首季增3,500億",70
2019/4/14,Re: [新聞] 慘…晚5個月！A股納入MSCI延至今年底,5
2019/4/14,[新聞] 15年前掏空案後下市 太電獲利大復活,28
2019/4/13,[心得] 檢方應扣8.62億且將蘋果西打高層全部境管,13
2019/4/13,[標的] 台指04,3
2019/4/13,Re: [請益] 漲了1400點還賠錢的人有嗎？,25
2019/4/13,Re: [新聞] 陸3月出口超預期 成長14％,10
2019/4/13,[新聞] 中美談判幕后：北京官員發怒 強硬拒絕美提議,47
2019/4/13,Re: [請益] 漲了1400點還賠錢的人有嗎？,7
2019/4/13,[新聞] 名醫吳思遠詐欺案 承業醫董座侄遭約談,17
2019/4/13,[新聞] 慘…晚5個月！A股納入MSCI延至今年底,24
2019/4/13,[新聞] 金控員工年薪比一比！兆豐金每人領148萬,46
2019/4/13,Re: [新聞] 台商回流再添6案 累計投資總金額破千億,13
2019/4/13,[新聞] 台商回流再添6案 累計投資總金額破千億,25
2019/4/13,Re: [標的] 請益「砍掉虧損讓獲利奔跑」2105+2317,14
2019/4/13,[新聞] 陸3月出口超預期 成長14％,20
2019/4/13,[新聞] 大飲公司爆掏空 總經理遭羈押禁見,38
2019/4/13,[新聞]摩根大通財報暗示經濟無礙 道指大漲274點,17
2019/4/13,[請益]借券餘額增減對多空的判斷,8
2019/4/13,Re: [標的] 請益「砍掉虧損讓獲利奔跑」2105+2317,6
2019/4/13,[標的] 請益「砍掉虧損讓獲利奔跑」2105+2317,63
2019/4/13,Re: [新聞] 夏普電視銷陸不利 郭董的?廠 去年虧80億,12
2019/4/13,[請益] 比特幣群組,30
2019/4/13,Re: [新聞] 夏普電視銷陸不利 郭董的?廠 去年虧80億,6
2019/4/13,[新聞] 全民退休投資專案1萬名額 不到1天額滿,30
2019/4/13,[新聞] 執法之外 美中貿易協議瞄準中共貨幣操縱,0
2019/4/13,[新聞] 財報季開局強勁！ 道瓊大漲269點、標普逼,51
2019/4/13,[新聞] 夏普電視銷陸不利 郭董的?廠 去年虧80億,8
2019/4/13,[新聞] 鴻海深耕5G和8K專利 5G布局躋身全球前7,13
2019/4/13,[新聞] 亞洲第一 凌越開發非洲豬瘟快速診斷試劑,6
2019/4/13,[標的] 1340勝悅-KY,5
2019/4/12,[新聞] 會做馬桶更會做外掛複合裝甲 和成公司獲,30
2019/4/12,[轉錄] Trading Economics 台灣總經數據,2
2019/4/12,Re: [標的] 2104中橡 財報討論,7
2019/4/12,[新聞] 全球債務過多 新任世行行長：中共是主因,14
2019/4/12,Re: [標的] 道瓊指數 多 末班車 4/13 Update,14
2019/4/12,"[新聞] 3046建碁Q1EPS0.05, 不是昨天說的0.55",25
2019/4/12,[新聞]蔡英文接見美副助卿 盼台美簽雙邊貿易協定,35
2019/4/12,Re: [心得]就投資觀點， 除權息根本不合理吧,14
2019/4/12,[標的] 南染1410（多）,18
2019/4/12,[新聞] 國發基金拍賣晶心科 每股均價111.5元,8
2019/4/12,Re: [心得]就投資觀點， 除權息根本不合理吧,9
2019/4/12,股息查詢方法,4
2019/4/12,[新聞] 日立公開收購永大 投審會准了！,4
2019/4/12,[新聞] 中鋼領軍 鋼鐵業拚美國製造,15
2019/4/12,Re: [心得]就投資觀點， 除權息根本不合理吧,6
2019/4/12,[標的] 大盤 盤整,0
2019/4/12,[新聞] 宸鴻確定斥資2.3億美元 取得JDI 49.82%股,34
2019/4/12,[請益] 原先設定是做價差  但跌了之改變策略,59
2019/4/12,[新聞] 第二家外資喊衝百元！摩根大通升鴻海目標價至105元,48
2019/4/12,Re: [心得]就投資觀點， 除權息根本不合理吧,4
2019/4/12,Re: [投顧] 嘉偉老師 vs 陳龍老師,10
2019/4/12,[標的] 6147頎邦 空,9
2019/4/12,Re: [投顧] 嘉偉老師 vs 陳龍老師,8
2019/4/12,Re: [心得]就投資觀點， 除權息根本不合理吧,8
2019/4/12,Re: [投顧] 嘉偉老師 vs 陳龍老師,30
2019/4/12,[請益] 2371大同今日期貨逆差真大,12
2019/4/12,[其他] 108年04月12日 三大法人買賣金額統計表,24
2019/4/12,Re: [心得]就投資觀點， 除權息根本不合理吧,7
2019/4/12,[新聞] 經濟學家向松祚再發聲 剖析中國經濟現狀,27
2019/4/12,[新聞] 中環2/21~4/11取得台灣高鐵924.3萬股，計,20
2019/4/12,Re: [心得] 關於現金股利與股票股利,5
2019/4/12,Re: [心得]就投資觀點， 除權息根本不合理吧,14
2019/4/12,[標的] 3338泰碩在漲什麼,31
2019/4/12,[新聞] 齊柏林揭發日月光偷排廢水案 廠務處長4人緩刑定讞,14
2019/4/12,[閒聊] 2019/04/12 盤後閒聊,49
2019/4/12,[請益] 有人知道1504東元在漲甚麼嗎?,33
2019/4/12,[新聞] 合勤控連2日股價飆漲　創4年半來新高,1
2019/4/12,[新聞] 不怕調查！ 美代防長批F-35性能差買了是,3
2019/4/12,[新聞] 庫德洛：或許在我有生之年 再也見不到Fed,16
2019/4/12,Fw: [新聞] 視覺中國胡亂標註黑洞照版權 遭網信辦深,17
2019/4/12,[請益] 權證標的投資類型,14
2019/4/12,[標的] 2107厚生,7
2019/4/12,Re: [心得]就投資觀點， 除權息根本不合理吧,13
2019/4/12,Re: [心得]就投資觀點， 除權息根本不合理吧,2
2019/4/12,Re: [心得]就投資觀點， 除權息根本不合理吧,6
2019/4/12,Re: [心得]就投資觀點， 除權息根本不合理吧,4
2019/4/12,[新聞]分析：歐盟向美國看齊 要與北京談個好交易,6
2019/4/12,Re: 3535晶彩科公告董事轉讓持股,3
2019/4/12,[標的] 3227 原相,27
2019/4/12,[新聞] 永彰4/10起列為處置股,2
2019/4/12,[新聞] 川普貿戰奏效 美企業棄陸轉從台越韓進口,12
2019/4/12,[新聞] 高通發展cloud-to-edge人工智慧推理晶片,2
2019/4/12,[標的] 2221 大甲,29
2019/4/12,[新聞] 透過擴增實境購物將是未來購買的新模式,4
2019/4/12,[新聞] 737 Max墜機後續效應 波音股東集體提告,10
2019/4/12,[新聞] 北極星藥業-KY:本公司於美國癌症研究協會,5
2019/4/12,Re: [心得] 關於現金股利與股票股利,36
2019/4/12,[閒聊] 2019/04/12盤中閒聊,100
2019/4/12,[新聞] 台廠衝刺折疊手機市場　面板、圓偏光片,6
2019/4/12,[新聞] 青年起薪僅增半杯珍奶？主計長：至少7杯,44
2019/4/12,[心得] 一些半導體封測基板與導線架廠商 整理,15
2019/4/12,Re: [心得] 十年前的文,18
2019/4/12,[請益] 股票股利 跟 不配息的差別?,18
2019/4/12,Re: [心得] 關於現金股利與股票股利,0
2019/4/12,Re: [心得]純粹的心得分享(一)也許不會有(二):P,1
2019/4/12,Re: [請益] JG的課值得上嗎?,7
2019/4/12,Re: [心得]純粹的心得分享(一)也許不會有(二):P,3
2019/4/12,[心得]純粹的心得分享(一)也許不會有(二):P,2
2019/4/12,Re: [請益] JG的課值得上嗎?,11
2019/4/12,Re: [請益] JG的課值得上嗎?,21
2019/4/11,Re: [標的]空2368 金像電,4
2019/4/11,Re: [請益] JG的課值得上嗎?,0
2019/4/11,[請益] 少賺的感覺是不是比賠錢難受？,40
2019/4/11,Re: [心得] 十年前的文,23
2019/4/11,Re: [請益] JG的課值得上嗎?,8
2019/4/11,Re: [請益] JG的課值得上嗎?,1
2019/4/11,Re: [請益] JG的課值得上嗎?,8
2019/4/11,[請益] JG的課值得上嗎?,19
2019/4/11,[新聞] 台股Q1大漲大戶卻落跑 5億以上大戶跌破千,15
2019/4/11,[心得] 關於現金股利與股票股利,61
2019/4/11,[新聞] 富邦金稱霸Q1每股獲利王 新光金退步最多,4
2019/4/11,[新聞] 彭斯：美國抱有希望，但也不惜加倍徵稅,4
2019/4/11,[新聞] 獨家／鴻海5月分拆子公司香港上市　員工,9
2019/4/11,[新聞] 因應江蘇多起爆炸 大亞旗下昆山恒亞暫停工,2
2019/4/11,"Re: [新聞] 大同集團負債 高達1,854億",0
2019/4/11,[新聞] 國光生技現增價18.2元 將籌資22.75億元,10
2019/4/11,Re: [請益] 散戶出借股票,6
2019/4/11,[標的] 晟德 4123,5
2019/4/11,[新聞] 漢翔：高教機案、F-16構改案 如期如質完,8
2019/4/11,[標的] 道瓊指數 多 末班車,23
2019/4/11,[標的] 元晶6443 多,4
2019/4/11,[新聞] 三大股指齊跌 滬指破3200點 外資加快流出,6
2019/4/11,[新聞] 謝金河：在興櫃市場找奇兵,9
2019/4/11,[新聞] 台積Q1優預期 外資估Q2營收季增可望逾5%,22
2019/4/11,[新聞] 公股行庫新潮流化 藍委批：金融圈最黑暗,15
2019/4/11,[新聞] 財報揭露不實 顧立雄將華映、大同正式移,18
2019/4/11,[新聞] IMF上調2019年中國經濟增長預期,4
2019/4/11,[新聞] 蘋果西打製造商大飲爆掏空弊案 檢調今搜索約談董座,35
2019/4/11,[新聞] 中國互聯網企業紛傳裁員,10
2019/4/11,"[新聞] 淨值爆發 六大壽險首季增3,500億",17
2019/4/11,[新聞] 艾司摩爾機密被竊 中國籍員工幹的,19
2019/4/11,[新聞] 台股登萬點 Q1大戶暴跌至千人之下,21
2019/4/11,Re: [新聞] 房產達人 月風 炒股失利持槍擄人百萬,32
2019/4/11,[標的] 3176 基亞 多多,20
2019/4/11,[請益] 不限款項質借利率？,15
2019/4/11,[新聞] 台灣先生新任務 讓國際看向中小型股,8
2019/4/11,Re: [標的] 正德海運  2641,6
2019/4/11,[其他] 108年04月11日 三大法人買賣金額統計表,76
2019/4/11,[新聞] 寶佳金融布局 劍指永豐金,22
2019/4/11,[其他] ASML技術機密遭員工竊給中國政府,27
2019/4/11,[新聞] AR比起VR在行動領域更具有發展潛力,4
2019/4/11,[閒聊] 2019/04/11 盤後閒聊,35
2019/4/11,[新聞] SK海力士無錫新DRAM廠全面運作，月產18萬,15
2019/4/11,[標的] 2330 台積電 多,66
2019/4/11,[新聞] 慘！中國去年13家車企總負債高達4兆 上汽,11
2019/4/11,[其他] 這時候買華映的操作手法是...？,32
2019/4/11,[新聞] 股價狂飆！阿里死空頭慘賠58億美元 驚嚇,21
2019/4/11,[標的]空2368 金像電,9
2019/4/11,[新聞] 誠美材首季營收40.24億元 年增61％,7
2019/4/11,[新聞] 大陸13車企負債8656億元 上汽集團占58%,7
2019/4/11,"Re: [其他] 請問港股的""沽""是什麼意思",27
2019/4/11,[請益] 股票質押的問題,17
2019/4/11,[新聞] 中方再讓步？姆欽：設執法辦公室監督履約,9
2019/4/11,Re: [標的] 2492華新科  樂透短多,5
2019/4/11,Re: [標的] 上證2X 中國A50正2 青眼白龍空。,29
2019/4/11,"Re: [請益] 高手的技術分析絕招,若被公開會失效嗎？",1
2019/4/11,[請益] 請問那個證券APP可看減資後的投報率？,12
2019/4/11,[閒聊] 2019/04/11 盤中閒聊,100
2019/4/11,[心得] 一些半導體封測設備與材料廠商的整理,22
2019/4/11,[新聞] 蘋果Mini LED新品訂單變數多　31.6吋iMac,21
2019/4/11,"Re: [請益] 高手的技術分析絕招,若被公開會失效嗎？",7
2019/4/11,[新聞] 恐有違法之虞！華碩 ZenFone Max Pro M2,10
2019/4/11,[新聞] 美國協審合約 助破解一帶一路財務陷阱,8
2019/4/11,[新聞] 追隨川普？歐盟祭高壓手段 北京讓步允停,10
2019/4/11,[標的] 8210 勤誠 (多),8
2019/4/10,[其他] 108年04月10日信用交易統計,22
2019/4/10,[標的] 6223 旺矽 空,10
2019/4/10,[標的] 2442 新美齊,20
2019/4/10,Re: [新聞]兩岸條例修正案三讀 中資違法最高罰2500萬,8
2019/4/10,[新聞] 罕見把台北賣掉 中信金20億樓求售,20
2019/4/10,"[其他] 請問港股的""沽""是什麼意思",19
2019/4/10,[新聞] 陸小銀行壞帳飆、河南部分業者不良債權率,9
2019/4/10,[標的] 大盤 空,61
2019/4/10,[新聞] 上市來狂飆逾15000%　投資人喊進中國第1,7
2019/4/10,[新聞] 代工廠3月營收回溫／廣達月增16%,56
2019/4/10,[新聞] 開發金首季賺36.1億　年增13%,5
2019/4/10,[新聞] 鴻海3月與Q1營收 皆創歷年同期新高,14
2019/4/10,[其他] 108年【3月份金控股】EPS排名 (全已公布),65
2019/4/10,[新聞] HTC敗訴！德法院認定HTC多款手機涉侵犯,55
2019/4/10,[標的] 1710 東聯,12
2019/4/10,2456 奇力新 多,21
2019/4/10,[新聞] 瓦城3月與首季營收兩位數成長 雙創歷史新,23
2019/4/10,[新聞] 工作天數恢復，台塑四寶3月營收齊升,7
2019/4/10,[其他] 永豐金108年3月合併營收,24
2019/4/10,Re: [標的] 1540 喬福,6
2019/4/10,[新聞] 台積電首季營收年衰退 11.8%，符合調降財,29
2019/4/10,[請益] 量小的股票有技術分析的意義嗎？,25
2019/4/10,[其他] 108年04月10日 三大法人買賣金額統計表,55
2019/4/10,[新聞] 【2892 第一金】108年3月份自結合併盈餘,22
2019/4/10,[新聞]兩岸條例修正案三讀 中資違法最高罰2500萬,20
2019/4/10,[請益] 私募參考價計算,4
2019/4/10,[新聞] 半日沽空53.77億 (港股),12
2019/4/10,[其他] 台積電108年3月營收報告,63
2019/4/10,[閒聊] 2019/04/10 盤後閒聊,34
2019/4/10,[新聞] PayPal投資劍橋區塊鏈，對區塊鏈產業帶,4
2019/4/10,Re: [標的]  義隆 2458 誠心多,1
2019/4/10,Re: [其他] 至興現金股利：1.15元,4
2019/4/10,[標的] 9938 百和（多）,22
2019/4/10,[請益] 購買ETF證券行選擇,7
2019/4/10,[標的] 台半,16
2019/4/10,[標的] 1702 南僑 無腦多,18
2019/4/10,[新聞] 台銀員工跟單政府基金 獨董控訴,30
2019/4/10,[心得] 美國2月份的就業數據 看起來比較疲軟,4
2019/4/10,[新聞] 股東會旺季 金控股紀念品最感心,18
2019/4/10,[新聞] 李克強訪歐讓步 歐盟「美國化」,7
2019/4/10,Re: [請益] 要有年薪百萬的股息 至少要多少資本?,26
2019/4/10,[新聞] 工控與系統業務建功　十銓Q1營收逆勢攀高,2
2019/4/10,[新聞] 物聯網成為晶片廠商驅動半導體營收的首,1
2019/4/10,[新聞] 鴻海股東會紀念品　萬頂國旗帽大放送,27
2019/4/10,[新聞] 金控Q1獲利 中信暫領先,6
2019/4/10,[閒聊] 2019/04/10 盤中閒聊,99
2019/4/10,[新聞] 虛擬貨幣挖礦 大陸列淘汰產業,26
2019/4/10,[新聞] 台積電7奈米+、5奈米進程領先　大聯盟營,7
2019/4/10,[新聞] 康健、合庫人壽沒送件　今年壽險業恐「,4
2019/4/10,Re: [新聞] 徹底變壁紙！樂陞將撤銷股票公開發行,2
2019/4/10,[請益] 定期定額ETF選擇,27
2019/4/10,[心得] 必勝價差買法,0
2019/4/10,Re: [標的] 3037 欣興 多,24
2019/4/09,[新聞] 台股續攻衝半年新高 官股券商逢高落跑,24
2019/4/09,[請益] 金融股存股請益,78
2019/4/09,Re: [請益] 要有年薪百萬的股息 至少要多少資本?,27
2019/4/09,[新聞] 新光金體質轉佳 3月底每股淨值回升至14.2,7
2019/4/09,[新聞] 高銀董座想接華南金？韓國瑜：慶富案報告,31
2019/4/09,[新聞]美擬對百億歐盟產品加關稅 川普發推說緣由,12
2019/4/09,[新聞] 美國列關稅清單 歐盟開始準備報復,11
2019/4/09,[新聞] 華為同意破例賣5G晶片 但買家僅限「蘋果,35
2019/4/09,[新聞] 川普宣布 對110億美元歐盟商品加徵關稅,20
2019/4/09,[心得] The Day是不是要來了,32
2019/4/09,[標的] 1309 台達化 歡迎大家來做公益..,4
2019/4/09,[新聞] 大摩：獲利負成長恐不止第1季 今年可能出,12
2019/4/09,Fw: [閒聊] 免費期貨選擇權課程,1
2019/4/09,[心得] 蘋果西打還是喝得到，檢察官應查扣8.62億,-10
2019/4/09,[請益] 要有年薪百萬的股息 至少要多少資本?,24
2019/4/09,[其他] 4/9 台灣集中市場外資買賣超前30名,0
2019/4/09,[其他] 4/9 台灣店頭市場三大法人買賣超前20名,2
2019/4/09,[新聞]歐美聯手對抗中共 專家：歐盟態度越來越硬,8
2019/4/09,[請益] 華新科明天還會續噴嗎?,39
2019/4/09,[請益] 如果要出國一陣子要持股還空手？,36
2019/4/09,[新聞] 貿易戰反帶動庫存　外資：台積電Q2 7奈,8
2019/4/09,[新聞] 【2891 中信金】108年3月份自結合併盈餘,7
2019/4/09,[公告] robin7795 水桶一週,0
2019/4/09,[新聞] 2888新光金三月自結,29
2019/4/09,[公告] bp4u4ap6 警告一次,0
2019/4/09,[新聞] 友達、群創3月營收回升逾1成　Q1營收創新,13
2019/4/09,[新聞] 徹底變壁紙！樂陞將撤銷股票公開發行,31
2019/4/09,[新聞] 外媒：中國經濟擴大內需面臨三大難關,9
2019/4/09,[新聞] 3406 玉晶光2月自結-0.28 (多),41
2019/4/09,[其他] 和鑫二月自結數,6
2019/4/09,[其他] 108年04月09日 三大法人買賣金額統計表,53
2019/4/09,[標的] 致茂2360（多）,14
2019/4/09,[請益] 有用「股價找股票」的軟體嗎？,14
2019/4/09,[標的] 4971 IET-KY,7
2019/4/09,[新聞] 創意Q1營收近8季新低 AI、5G為成長動能,10
2019/4/09,[新聞] 第一季大賣金融股超過百萬張 外資為何大賣新光金,19
2019/4/09,[請益] 有24小時的證券交易所嗎？,12
2019/4/09,[閒聊] 2019/04/09 盤後閒聊,19
2019/4/09,[心得] 已自我了斷在13:45,100
2019/4/09,[公告] a06030501 Kunoichi 水桶一週,0
2019/4/09,Re: [新聞] 台化爆 影響EPS0.17元 國喬、遠東新受惠,18
2019/4/09,"Re: [新聞] 郭董又出手護盤 砸逾1億元加碼鴻海1,500",0
2019/4/09,[新聞] 六成美大型跨國公司開始轉移在華供應鏈,7
2019/4/09,Re: [新聞] 勢在必得 日立加碼併永大 提高到65元,1
2019/4/09,[新聞] 首檔ETF連結基金來了！可定期定額小額投,39
2019/4/09,[新聞]A股季報預告：698公司超4成業績下滑或續虧,11
2019/4/09,[公告] WaKao5566 水桶10年,0
2019/4/09,Re: [標的] 8069元太,21
2019/4/09,[公告] RPG0306 rokman14 警告一次,0
2019/4/09,[新聞] 谷歌重啟機器人計畫，期望將機器學習帶入,7
2019/4/09,Re: [請益] 元大投資先生app問題,22
2019/4/09,[新聞] 華碩5G概念手機曝光 配備無瀏海全螢幕,12
2019/4/09,[請益] 富邦vix近兩次低點,39
2019/4/09,[新聞] 群光首季營收創同期新高 年增近一成,0
2019/4/09,[新聞] 南電Q1營收年增1.68%　全年追求營業利益,5
2019/4/09,[請益] 新手問KD大於80的問題,35
2019/4/09,[閒聊] 2019/04/09 盤中閒聊,100
2019/4/09,[新聞] 最新調查：華爾街人士 逾7成看好川普連任,23
2019/4/09,[標的] 台灣加權 (多),31
2019/4/09,[新聞] 中美貿易談判趨樂觀 美國半導體類股飆漲,0
2019/4/09,[新聞] 殖利率今夏反彈？費半創歷史高 暗示製造,3
2019/4/09,[新聞]【5G版iPhone有譜】明年擬採高通、英特爾,11
2019/4/09,Re: [新聞] 房產達人 月風 炒股失利持槍擄人百萬,29
2019/4/08,Re: [心得] CPU缺貨 v.s 散熱,13
2019/4/08,"Re: [請益] 高手的技術分析絕招,若被公開會失效嗎？",14
2019/4/08,Re: [標的]  義隆 2458 誠心多,22
2019/4/08,[心得] 蘋果西打本來可以硬拗，可惜記者會亂開,69
2019/4/08,[新聞] 泰山八寶粥公司涉詐貸逾10億元 檢調約談,26
2019/4/08,[請益] 聯傑國際,6
2019/4/08,[標的] 新光金,31
2019/4/08,Re: [新聞] 華晶科深耕影像解決方案 搭上微軟亞馬遜,12
2019/4/08,Re: [新聞] 最後一家日本的顯示器公司消失了,4
2019/4/08,[請益] 帳面收入會變負的嗎？,9
2019/4/08,[新聞] 神車Rav4接單破萬 和泰車股價觸22個月高點,14
2019/4/08,[標的] 玉晶光 短空,27
2019/4/08,[新聞] 元大期貨108年3月份營運概況,3
2019/4/08,[新聞] 台海外資金匯回 存專戶5年不得領出,18
2019/4/08,[新聞] 玉晶光 2019年3月合併營收4.66,25
2019/4/08,[請益] 股市大盤與各股連動性,19
2019/4/08,Re: [新聞] 西藏爆非洲豬瘟疫情 全中國僅剩海南未感,1
2019/4/08,[新聞] 【2885 元大金】108年3月份自結合併盈餘,18
2019/4/08,[新聞] 美國決定向中國光伏產品發起調查 本周中,3
2019/4/08,[新聞] 今年Q1對美出口占14% 創13年新高,16
2019/4/08,[新聞] 證交所：台新證接受委託於4/12進行晶心,1
2019/4/08,[新聞] 台灣史上最大筆！基亞攜手Oncolys創500,15
2019/4/08,[標的] 3036 文曄,21
2019/4/08,[請益] 含印度+越南+印尼的基金,5
2019/4/08,[新聞] 【2884 玉山金】108年3月份自結合併盈餘,14
2019/4/08,[新聞] 最後一家日本的顯示器公司消失了,7
2019/4/08,[新聞] 美中談判跨二大障礙 庫德洛：更接近協議,14
2019/4/08,[標的] 2916 滿心,5
2019/4/08,[新聞] 泰山第三代公司爆詐貸逾10億　欽泰老闆,24
2019/4/08,[請益] 台灣企業有無類似龐氏的例子？近期,36
2019/4/08,Fw: [新聞] 經濟數據錯綜 美元好日子不多了!,0
2019/4/08,[新聞] 兆豐金3月自結,17
2019/4/08,[新聞] 六輕氣爆 台塑道歉願賠償,12
2019/4/08,[請益]李長榮股票下市後,32
2019/4/08,[新聞] 台化爆 影響EPS0.17元 國喬、遠東新受惠,9
2019/4/08,[新聞] 南茂完成處分易華電910萬股，獲利約9.82,4
2019/4/08,[其他] 108年04月08日 三大法人買賣金額統計表,39
2019/4/08,"[新聞] 5G iPhone延遲至2021，對蘋果是好壞參半,",8
2019/4/08,[新聞] 經營權大戰一觸即發，誠美材漲,9
2019/4/08,[新聞] 西藏爆非洲豬瘟疫情 全中國僅剩海南未感,22
2019/4/08,[閒聊] 2019/04/08 盤後閒聊,20
2019/4/08,[新聞] 2834 臺企銀 108年3月份自結合併盈餘,26
2019/4/08,"Re: [請益] 高手的技術分析絕招,若被公開會失效嗎？",2
2019/4/08,"Re: [請益] 高手的技術分析絕招,若被公開會失效嗎？",26
2019/4/08,[標的] 1540 喬福,12
2019/4/08,"Re: [請益] 高手的技術分析絕招,若被公開會失效嗎？",28
2019/4/08,Re: [心得] 蘋果西打一定會倒，他實際上已經破產了,58
2019/4/08,Re: [心得] 蘋果西打一定會倒，他實際上已經破產了,7
2019/4/08,"Re: [請益] 高手的技術分析絕招,若被公開會失效嗎？",4
2019/4/08,[新聞] 元晶3月營收攀近一年高點 本業獲利有望,6
2019/4/08,[新聞] 創舉！玉山行動銀行App支援Siri服務,3
2019/4/08,[新聞] 中國增持黃金，對抗不穩定,4
2019/4/08,[新聞] 工業電腦商機…鴻海、佳世達 不缺席,5
2019/4/08,[新聞] 大立光Q2營收 估雙位數成長,1
2019/4/08,[新聞] 六輕氣爆　台化早盤走黑四寶最弱,19
2019/4/08,[新聞] 中華電養金雞 壯大艦隊,4
2019/4/08,[標的] 上證2X 中國A50正2 短空。,15
2019/4/08,Re: [心得] 蘋果西打一定會倒，他實際上已經破產了,6
2019/4/08,"Re: [請益] 高手的技術分析絕招,若被公開會失效嗎？",0
2019/4/08,[新聞] 台積、日月光 接單旺,4
2019/4/08,[閒聊] 2019/04/08 盤中閒聊,100
2019/4/08,[新聞] 宏碁搶攻商用PC　新品牌Concept D將亮相,7
2019/4/08,Re: [心得] 蘋果西打一定會倒，他實際上已經破產了,15
2019/4/08,[請益] 富邦VIX會倒多少人Part2,48
2019/4/08,"Re: [請益] 高手的技術分析絕招,若被公開會失效嗎？",7
2019/4/08,[心得] 蘋果西打一定會倒，他實際上已經破產了,39
2019/4/08,[公告] YenFuOne 水桶10年,0
2019/4/08,"Re: [請益] 高手的技術分析絕招,若被公開會失效嗎？",10
2019/4/07,Re: [請益] 投資股票&租房好? 還是直接買房好?,17
2019/4/07,Re: [請益] 投資股票&租房好? 還是直接買房好?,6
2019/4/07,[公告] supermanrs OptionWinner lovewenhui水桶一週,0
2019/4/07,[標的] 5340 建榮 多,8
2019/4/07,"Re: [請益] 高手的技術分析絕招,若被公開會失效嗎？",9
2019/4/07,Re: [心得] 蘋果西打掏空公司會後悔嗎?有用嗎?會倒嗎,18
2019/4/07,[標的] 1102亞泥,4
2019/4/07,[標的] 台股盤後一週分享,5
2019/4/07,[心得] CPU缺貨 v.s 散熱,39
2019/4/07,台新金增資一問,4
2019/4/07,[標的] 4173 久裕,19
2019/4/07,[新聞] 5G用戶體驗報告出爐,11
2019/4/07,[新聞] 台塑斥資百億換管線　未料爆的是LPG管,19
2019/4/07,"Re: [請益] 高手的技術分析絕招,若被公開會失效嗎？",5
2019/4/07,[新聞]美中下週繼續視像談判 川普：無協議免峰會,7
2019/4/07,"Re: [請益] 高手的技術分析絕招,若被公開會失效嗎？",5
2019/4/07,Re: [新聞] 晶圓代工3月業績將止跌回升　台積下周法,1
2019/4/07,[心得] 以 Google Trends 搜尋趨勢來看散戶,29
2019/4/07,Re: [標的] 1326 台化 空,23
2019/4/07,[新聞] 晶圓代工3月業績將止跌回升　台積下周法,18
2019/4/07,[標的] 美國道瓊指數,37
2019/4/07,"[請益] 高手的技術分析絕招,若被公開會失效嗎？",34
2019/4/07,Re: [請益] 投資股票&租房好? 還是直接買房好?,20
2019/4/07,Re: [新聞] 轟！麥寮六輕爆炸 烈焰沖天民嚇壞,29
2019/4/07,Re: [標的] 伊利股份 (600887 CH) 長多,2
2019/4/07,[新聞] 轟！麥寮六輕爆炸 烈焰沖天民嚇壞,68
2019/4/07,Re: [心得] 關於抽籤的一些統計分析,6
2019/4/07,[新聞] 「靠胸的女人大腦很差」E奶直播主怒告股,22
2019/4/07,[請益] 投資股票&租房好? 還是直接買房好?,60
2019/4/07,[請益] 如何杜絕地下期貨推銷？,8
2019/4/07,[新聞] 陸官媒：陸美談判離最終定稿很近,7
2019/4/07,[請益] 看大股東持股比例增加去買妥當嗎?,16
2019/4/07,[新聞] 廖燦昌慶富案下台接第一金董座 黃國昌：,55
2019/4/07,[請益] 台股篩選技術分析好用的網站?,22
2019/4/07,Re: [請益] 為什麼股票操作很容易被特別放大,9
2019/4/07,Re: [新聞] 國產車品牌 吹反攻號角,15
2019/4/07,[新聞] Apple 5G時程落後　高通鬆口願意提供支援,16
2019/4/07,[新聞] 美中貿易戰尚未歇 川普已獲一重大勝利,9
2019/4/07,[請益] 為何投信持股只能佔10%？,47
2019/4/07,[心得] 蘋果西打掏空公司會後悔嗎?有用嗎?會倒嗎,26
2019/4/07,Re: [新聞] 東莞P2P團貸網玩完！借貸總餘額145億,24
2019/4/06,[新聞] 3利空 三星上季營利暴減6成,14
2019/4/06,[心得] 台灣加權與各項籌碼迴歸分析,10
2019/4/06,[新聞] 第九輪中美經貿談判結束 新華社稱取得新進展,12
2019/4/06,Re: [請益] 股票界有在拜師傅的嗎？,6
2019/4/06,[新聞] 東莞P2P團貸網玩完！借貸總餘額145億,10
2019/4/06,[新聞] 國產車品牌 吹反攻號角,13
2019/4/06,慧洋KY2637，Q1獲利年增逾90%　看好Q2,6
2019/4/06,[新聞] 道指連漲七天 距歷史高峰僅差1.65%,28
2019/4/06,[請益] 為什麼股票操作很容易被特別放大,9
2019/4/06,[新聞] A股重要股東套現526億 業界提醒新股民小,17
2019/4/06,[新聞] 12檔快速填息常勝軍，Q2明燈,14
2019/4/06,[新聞] 16檔超值銅板股 外資愛,31
2019/4/06,[新聞] 外資天天買 17檔閃金光,24
2019/4/06,[心得] 關於抽籤的一些統計分析,26
2019/4/06,[請益] 股票界有在拜師傅的嗎？,32
2019/4/06,[新聞] 波音737MAX客機 每月將減產2成,19
2019/4/06,[標的] 本週股票多空表,23
2019/4/06,Re: [標的] 台股不會崩盤理論 (代PO),13
2019/4/06,Re: [標的] 台股不會崩盤理論 (代PO),71
2019/4/06,[新聞] 川普對鮑爾抱怨「我想我被你套牢了」,42
2019/4/06,[新聞] 川普再轟Fed籲降息稱經濟會像「火箭起飛,17
2019/4/06,[新聞] 證交所辦「智慧製造」業績發表　4/22起8,2
2019/4/06,[標的] 台股不會崩盤理論 (代PO),1
2019/4/06,[新聞] 工總投資高雄1598億…都是陳菊任內啟動,25
2019/4/06,[新聞] 川普要好協議 中方急於求成 川習會再等等,13
2019/4/06,"[新聞] 5G開通,韓稱全球第一 與美僅差約一小時",27
2019/4/06,[心得] Fed 的使命、目標、手段，與決策背後緣由,15
2019/4/05,[心得] 多軍看到今天的道瓊 有沒有怕怕的?,57
2019/4/05,Re: [請益] 3支各賺9%跟1支賺30%,9
2019/4/05,[標的] 美國道瓊指數,23
2019/4/05,[新聞] 投資人鬆口氣　美國3月就業強彈增19.6萬,27
2019/4/05,[新聞] 《股利-百貨》三商去年EPS降至0.43元，,12
2019/4/05,[新聞] 華為鏈、高息股 吸睛,0
2019/4/05,Re: [請益] 朋友說要幫我代操台股,38
2019/4/05,[公告] hito21 水桶一週,0
2019/4/05,[公告] cofepupu 水桶10年,0
2019/4/05,[公告] slutboy104 水桶一個月,0
2019/4/05,[新聞] 波音證實：MAX機種再現新問題！對飛行安,14
2019/4/05,[新聞] 梅伊推遲到6月底　傳歐盟擬延期1年,5
2019/4/05,[請益] 期貨為什最後破產的很多?,46
2019/4/05,[新聞] 2020年參選總統？郭台銘回應了！,26
2019/4/05,[新聞] 風力發電噪音致癌？川普被譏腦殘,18
2019/4/05,Re: [請益] 3支各賺9%跟1支賺30%,0
2019/4/05,[新聞] 《各報要聞》零股照樣送紀念品，佛心公司,44
2019/4/05,[新聞] 華為再遭打擊 麻省理工等國際名校齊封殺,28
2019/4/05,[新聞] 法官給馬斯克和SEC兩週時間解決分歧駁回,5
2019/4/05,Re: [請益] 3支各賺9%跟1支賺30%,10
2019/4/05,[新聞] 見劉鶴前 川普：談判順利 只接受好協議,5
2019/4/05,[標的] 正崴2392（多）,24
2019/4/05,[新聞] 【震驚】慶富案下台老董廖燦昌　竟轉任第,18
2019/4/05,"""30週線突破買進""是好方法否?",24
2019/4/05,[新聞] 谷月涵退休後更忙，智擎邀出任獨董,15
2019/4/05,[標的] 華通2313（多）,26
2019/4/05,[新聞] 證交所兩度赴香港招商　此行陣容超堅強,0
2019/4/05,[新聞]美勞力市場強勁 申請失業金人數創49年新低,12
2019/4/05,[新聞] 謝金河：競爭集中化 績優股時代來臨,0
2019/4/05,Re: [請益] 年報酬率才5%是不是乾脆存股比較好,0
2019/4/05,[心得] 投資新手的心得分享,64
2019/4/04,Re: [新聞]富邦VIX大跌 期貨業者：因為美股一路漲,10
2019/4/04,[其他] 長期投資績效試算PK(2011-2019年回顧),6
2019/4/04,[心得] BCI海岬型散裝指數破新低惹,46
2019/4/04,[請益] 3支各賺9%跟1支賺30%,17
2019/4/04,[標的] 2515 中工,17
2019/4/04,[請益] 那時可以存股？,42
2019/4/04,[新聞] 中小型金融股 配息超誘人,17
2019/4/04,[新聞] 彭博：美中協議或含2025為北京履行承諾期限,4
2019/4/04,Re: [標的] 1504東元,7
2019/4/04,Re: [心得] 金融股 預估殖利率 試算,18
2019/4/04,Re: [請益] 年報酬率才5%是不是乾脆存股比較好,68
2019/4/04,[新聞] 去年我出口排名維持第18名 居亞洲四小龍,17
2019/4/04,[新聞]美中幾近達成協議 北京在哪些領域做出讓步,9
2019/4/04,[新聞] 衣航空難初步調查出爐 飛行員反覆執行波,17
2019/4/04,[新聞] 非洲豬瘟進入新疆 中國只剩西藏海南未感,10
2019/4/04,[請益] 定存股配的股票要留還是要賣?,21
2019/4/04,[新聞] 鴻海子公司拚轉型　富智康傳縮減智慧手機事業,7
2019/4/04,[新聞] 中鋼將砸400億 加強環保工程,24
2019/4/04,[新聞]  群益期自行結算108年03月份獲利情形,8
2019/4/04,[新聞] WTO經濟學家：川普汽車關稅　絕對比中美,3
2019/4/04,[新聞] 美中貿易戰若升級 IMF警告：中美大型行業,9
2019/4/04,[標的] 4540全球傳動,28
2019/4/04,[新聞] 美祭單向懲罰 貿易戰添變數！,14
2019/4/04,[標的] 第一金,15
2019/4/04,[新聞]北京訂購法國300架空客？路透披露數字誇大,11
2019/4/04,[請益] 賺到大錢的人很多嗎？,40
2019/4/04,[新聞] 三星拒絕為蘋果提供晶片　iPhone升級5G,23
2019/4/04,[新聞] 新潮流系力挺 公股金融高層換血,27
2019/4/04,[新聞] 陸刺激經濟 學者：恐帶來更大風險,11
2019/4/04,Fw: [宣判] cat886688申訴Stock板板主eyespot一案,15
2019/4/04,[新聞] 美中談判何以獲突破 庫德洛：北京首認錯,8
2019/4/04,[新聞] 兆豐證爆營業員替客戶代操　慘賠500萬元,27
2019/4/04,[請益] 0050變壁紙的可能,10
2019/4/04,[新聞] 父母雙亡遭驟變　股市操盤手轉職當青農,13
2019/4/04,[新聞] 自由現金流量不足　鴻海要配發高股息難度高,19
2019/4/04,[新聞] 外資愛台灣！連3月淨匯入達近2500億元,17
2019/4/04,[新聞] 美國科技股齊揚　納指「黃金交叉」費半,7
2019/4/04,Re: [請益] 年報酬率才5%是不是乾脆存股比較好,6
2019/4/04,[請益] 關於台股twse 的api,1
2019/4/04,[新聞] 蘇揆拍板 公股行庫 人事狂震,7
2019/4/04,[新聞] 狠甩三星 　台積電推出5奈米開放創新平台,23
2019/4/04,[其他] 2019年度股息殖利率排行榜(4月3號),23
2019/4/04,[參選] zeroxod 參選版主,0
2019/4/04,[標的]2823 中壽,20
2019/4/04,[新聞]富邦VIX大跌 期貨業者：因為美股一路漲,34
2019/4/04,[請益] 有設定賺多少錢停手嗎?,23
2019/4/03,[請益] 富邦VIX會倒多少人,60
2019/4/03,[心得] 就當我好心洩漏天機,23
2019/4/03,[其他] 2019年度現金殖利率排行榜(4月3號),16
2019/4/03,[其他] 108年04月03日信用交易統計,12
2019/4/03,Re: [請益] 怎麼避免買到久津？,1
2019/4/03,[新聞] 國有銀行欠租跑路 引發民眾擔憂,10
2019/4/03,[新聞] 2439美律 3月營收 年增146.33%,21
2019/4/03,Re: [標的] 8109 博大,6
2019/4/03,[標的] 美股道瓊(多),25
2019/4/03,[新聞] 公股高層人事風暴》昨晚這些董事長、總經,17
2019/4/03,[請益] 請問為何連假期貨不開盤？,16
2019/4/03,[新聞]中共舉辦一帶一路峰會 美不派高級官員出席,3
2019/4/03,[標的] 6197 佳必琪 多,18
2019/4/03,[新聞] 宏達電 108年3月營收13.13億、年減52.64%,30
2019/4/03,[新聞] 路透：JDI將供應OLED面板給Apple Watch,10
2019/4/03,[新聞] 中國銀行員工薪資比台灣狂　這家均薪竟逾,16
2019/4/03,[新聞] 蘋果西打連兩天跌停 台灣兩大老牌碳酸飲,43
2019/4/03,[心得] 中國經濟的一些觀點,17
2019/4/03,[新聞] 《電子零件》車用佔比拚破10％，康控-KY,25
2019/4/03,[請益] ETN討論,4
2019/4/03,"Re: [新聞] 大同集團負債 高達1,854億",3
2019/4/03,[標的] 2499東貝 多,13
2019/4/03,[新聞] 公股行庫傳人事地震,9
2019/4/03,[新聞] KIPO：南韓可能失去Micro LED市場領導地,1
2019/4/03,[新聞] VR新品帶動　宏達電3月營收倍增至13.1億元,25
2019/4/03,Re: [標的] 3231緯創 多,22
2019/4/03,[請益] 年報酬率才5%是不是乾脆存股比較好,39
2019/4/03,[新聞] 緯穎優化產品線，全面升級旗下產品支援第,11
2019/4/03,[新聞] 消息：美中接近達貿易協議 仍存兩大分歧,20
2019/4/03,[其他] 108年04月03日 三大法人買賣金額統計表,41
2019/4/03,[閒聊] 2019/4/3 盤後閒聊,44
2019/4/03,[標的] 4113聯上,5
2019/4/03,[新聞] 三星電子如何擺脫『華為效應』？,3
2019/4/03,Re: [新聞] 【全球首個】6G峯會開幕,1
2019/4/03,[標的] 5434 崇越,9
2019/4/03,Re: [標的] 2492華新科  樂透短多,4
2019/4/03,[請益] 怎麼避免買到久津？,26
2019/4/03,[新聞] 華映5月13日下市　已達成大量解雇協議,12
2019/4/03,[新聞] 美智庫：呼籲美台洽簽自由貿易協定,53
2019/4/03,[新聞] 鴻海股東會 富連網夏普產品再送高雄鳳梨!,15
2019/4/03,Re: [新聞] 彰銀東莞回扣案 財長三點說明,0
2019/4/03,[標的]  義隆 2458 誠心多,27
2019/4/03,Re: [新聞] 華孚昆山子公司爆炸影響產能　恐衝擊4月,5
2019/4/03,[新聞] 退休理財心訣，群益吳政澤分享3要1不要！,7
2019/4/03,[其他] 2498宏達電 股東紀念品,21
2019/4/03,[新聞] 蘋果西打公司道歉了！外界質疑掏空　股,59
2019/4/03,[新聞] 北京2期待落空 劉鶴提前赴美示好,16
2019/4/03,[標的] 京城銀2809,8
2019/4/03,"[新聞] 林之晨創新,台灣大衝刺「超5G」",26
2019/4/03,Re: [新聞] 誠美材(4960)接獲證交所通知打入全額交割股,22
2019/4/03,[新聞] 去年上市公司獲利衰退347億　光電業最慘,8
2019/4/03,[閒聊] 2019/04/03 盤中閒聊,75
2019/4/03,[新聞] iPhone新機訂單難見成長　半導體下半年回,14
2019/4/03,Re: [新聞] 【全球首個】6G峯會開幕,21
2019/4/03,Re: [請益] 關於多空,0
2019/4/03,Re: [新聞] 【全球首個】6G峯會開幕,3
2019/4/03,[標的] 2547 日勝生,9
2019/4/03,"Re: [新聞] 大同集團負債 高達1,854億",30
2019/4/03,[新聞] 鐵礦砂今年供應吃緊 鋼價有撐,5
2019/4/02,Re: [請益] 關於多空,7
2019/4/02,[請益] 關於多空,5
2019/4/02,Re: [其他] 108年04月02日信用交易統計,2
2019/4/02,[新聞] 誠美材(4960)接獲證交所通知打入全額交割股,54
2019/4/02,Re: [請益] 領股息是不是比收房租好?,9
2019/4/02,[標的] 3231緯創 多,35
2019/4/02,[請益] 有關逐筆交易的撮合,0
2019/4/02,[新聞] 嚇死人! 壽險去年綜合損益虧5千億,31
2019/4/02,Re: [討論］生技股空，已轉科技金融,6
2019/4/02,[新聞] 南茂處分易華電910萬股 處分利益估10.91,8
2019/4/02,[新聞] 華電財報難產 竟然是因為這個...,12
2019/4/02,[新聞] 法財長：英國正走向無協議脫歐,20
2019/4/02,[請益] 第一季對帳單，一賣就漲怎調適自信與邏輯呢？,18
2019/4/02,[請益] 不賠錢贏八成，是哪來的數據？,17
2019/4/02,[新聞] 中裕108年3月營收6633萬 累計營收1.28億,9
2019/4/02,[新聞]首例！大飲重訊記者會說不清楚 被證交所要,60
2019/4/02,[新聞] 營收：上緯投控(3708)3月營收6億6898萬,8
2019/4/02,[新聞] 鴻海印度組裝iX系列近了　外媒爆數周內,20
2019/4/02,Re: [請益] 敦陽科長紅跌破出場時機,34
2019/4/02,[其他] 108年04月02日 三大法人買賣金額統計表,62
2019/4/02,Re: [請益] 領股息是不是比收房租好?,3
2019/4/02,[請益] 台積電年報 出爐,10
2019/4/02,[公告] raugeon aspirepark 警告一次,0
2019/4/02,[公告] abduraff 水桶一週,0
2019/4/02,Re: [請益] 敦陽科長紅跌破出場時機,1
2019/4/02,[公告] koil 水桶一個月,0
2019/4/02,[新聞] 高通推出智慧音箱專屬晶片QCS400,0
2019/4/02,[新聞] 【全球首個】6G峯會開幕,13
2019/4/02,[請益] 新聞中法人看法，都不寫哪一家法人？,6
2019/4/02,[請益] 敦陽科長紅跌破出場時機,12
2019/4/02,[閒聊] 2019/04/02 盤後閒聊,7
2019/4/02,[標的] 道瓊指數空,22
2019/4/02,"[新聞] 大同集團負債 高達1,854億",65
2019/4/02,[新聞] 南韓對非記憶體晶片市場的挑戰,5
2019/4/02,[新聞] JDI募資案盼4月5日前談妥　台灣共3業者入,7
2019/4/02,[其他] 成霖 (9934) 現金股利 1.3,4
2019/4/02,[標的] 5206坤悅,9
2019/4/02,[新聞] 李紀珠：新壽沉在水底的股票已趁機出脫,27
2019/4/02,[新聞] 南韓晶片出口額跌1成，中國製造業進口連,13
2019/4/02,3535晶彩科公告董事轉讓持股,4
2019/4/02,Re: [其他] 請問現在股票下市還有壁紙嗎?,8
2019/4/02,[新聞] 財報出不來？　蘋果西打公司早盤股價大跌,97
2019/4/02,[新聞] 七大跡象 新光金體質持續好轉,0
2019/4/02,[新聞] 殖利率日漲點創3個月高、倒掛連兩日解除,6
2019/4/02,[新聞] Apple也慘輸　地表最賺公司1年吸金6.9兆,17
2019/4/02,[新聞] 電信業盼5G釋照勿倉促行事,14
2019/4/02,[新聞] 北極星藥業-KY:公告本公司董事會決議現油,6
2019/4/02,[新聞] 一季度成交9191億同比增31%，外資大舉進,2
2019/4/02,Re: [標的] 大盤（多）,4
2019/4/02,[閒聊] 2019/04/02 盤中閒聊,98
2019/4/02,[請益] 華碩每年現金股利問題,32
2019/4/02,[標的] 大盤（多）,0
2019/4/02,"[新聞] 2,050億 政府基金 前2月賺破紀錄",60
2019/4/02,[新聞] 明年3款iPhone尺寸大變動　LCD面板確定出,31
2019/4/02,[新聞] 美ISM製造業PMI勝預期，新出口訂單創新低,6
2019/4/02,Re: [請益] 最穩健，高成長的投資工具？,30
2019/4/02,Re: [請益] 這年頭不會程式交易就不能夠操作期貨？,12
2019/4/02,[請益] 這年頭不會程式交易就不能夠操作期貨？,3
2019/4/01,[標的] 2423 固緯,3
2019/4/01,Re: [新聞] 保險業「大魔王」來了 壽險業財報風險,2
2019/4/01,[標的] 6123上奇,5
2019/4/01,[新聞] 華映去年財報淨值轉負 確定5/13下市,6
2019/4/01,Re: [標的] 中裕 4147,7
2019/4/01,[新聞] 保險業「大魔王」來了 壽險業財報風險,49
2019/4/01,Re: [心得] 108年壽險到底虧了多少?,7
2019/4/01,Re: [心得] 108年壽險到底虧了多少?,2
2019/4/01,"[請益] 請問""內外盤比""和""五檔買賣""的參考~",14
2019/4/01,[心得] 108年壽險到底虧了多少?,12
2019/4/01,[新聞] 鴻海爆量攻漲停登市值二哥　歸功3大外資!,32
2019/4/01,[新聞] 滬深盤後 - 陸股再創波段新高 兩市成交額,4
2019/4/01,[新聞] 中國大減稅今生效 這些產品迎來降價潮！,9
2019/4/01,Re: [其他] 程式交易合作,8
2019/4/01,[標的] 道瓊指數 面臨關鍵點!,17
2019/4/01,[新聞] 機師罷工咎責...華航董何煖軒確定下台！,33
2019/4/01,[標的] 台灣加權(多),32
2019/4/01,[新聞] 2019年DRAM銷售額預計將下跌22%，衝擊半,27
2019/4/01,[其他] 108年04月01日 三大法人買賣金額統計表,100
2019/4/01,Re: [請益] 我現在這樣算拿到程式交易的入場劵了嗎?,9
2019/4/01,[閒聊] 2019/04/01 盤後閒聊,46
2019/4/01,[新聞] 折疊式顯示器面臨生產與成本的挑戰,5
2019/4/01,[新聞] VR實境秀搶聲量,2
2019/4/01,[請益] 覺得被營業員洗臉,92
2019/4/01,[標的] 2492華新科  樂透短多,17
2019/4/01,[新聞] 鴻海Q4獲利大驚奇！外資喊上看9字頭！,29
2019/4/01,Re: [標的] 2317鴻海 空，可能引發破底危機！,10
2019/4/01,[新聞] 郭董被拱選總統　鴻海飆漲停市值破1.12兆,15
2019/4/01,[標的] 2317鴻海 多,36
2019/4/01,[其他] 實證樂活大叔0050的KD無腦投資法,51
2019/4/01,Re: [標的] 2317 鴻海,12
2019/4/01,[標的] 玉晶光期05 必勝 還能買!!,11
2019/4/01,[新聞] 彰銀東莞回扣案 財長三點說明,10
2019/4/01,[新聞] 居易董事會決議股利分派,9
2019/4/01,Re: [新聞] 中國3月製造業PMI重回榮枯線上方，創5個,29
2019/4/01,[心得] 從領先指標(不含趨勢指數)看台股,18
2019/4/01,Re: [標的] 2317鴻海 肉多多,100
2019/4/01,[新聞] 華孚昆山子公司爆炸影響產能　恐衝擊4月,14
2019/4/01,[閒聊] 2019/04/01,100
2019/4/01,[新聞] 非蘋陣營大衝刺　真無線藍牙耳機量能2Q逆,5
2019/4/01,[新聞] 明基醫與馬來西亞LKL集團簽約　本月開始,7
2019/4/01,Re: [標的] 富邦VIX 00677U (多 TRIPLE BUY),22
2019/4/01,[心得] 算命買股法,5
2019/4/01,[其他] 奇美材會計師出具保留意見加繼續經營有關,40
2019/4/01,[標的] 本週股票多空表,19
2019/4/01,[心得] 基本面-油價漲跌與淡旺季循環｜第三集,2
2019/4/01,Fw: [新聞] 期貨達人自豪射精達10秒 竟是痙攣恐不舉,6
2019/4/01,Re: [請益] 領股息是不是比收房租好?,0
2019/4/01,[公告] Astone fanlongs 水桶一週,0
2019/4/01,[公告] manlike robin7795 警告一次,0
2019/4/01,[公告] gaoyu5247 leeze kaminomi wangmeng水桶一週,0
2019/4/01,[公告] axnppoor ckw19 水桶一個月,0
2019/4/01,Re: [請益] 請問板友們對於股市長期萬點的見解,11
2019/3/31,[請益] 指數問題請教,5
2019/3/31,[標的] 台股盤後一週分享,3
2019/3/31,[標的] 2739寒舍 多,11
2019/3/31,[新聞] 蔡英文:台灣已與世界接軌經濟不要只靠,35
2019/3/31,[新聞] 《各報要聞》14檔績優生，土洋法人追捧,40
2019/3/31,[標的] 5213亞昕 多,6
2019/3/31,Re: [請益] 請問先出一半是什麼概念?,13
2019/3/31,Re: [請益] T50反 vs 期貨小台,3
2019/3/31,Re: [請益] 台灣投資值得認真去學習的榜樣?,13
2019/3/31,Re: [標的] 6188廣明多,4
2019/3/31,[請益] 看盤軟體的股票產業分類怎麼更新,7
2019/3/31,[新聞] 雞蛋水餃股強制退場 明年4月上路,36
2019/3/31,Re: [請益] T50反 vs 期貨小台,28
2019/3/31,Re: [請益] 朋友說要幫我代操台股,24
2019/3/31,[新聞] 中國3月製造業PMI重回榮枯線上方，創5個,18
2019/3/31,Re: [其他] 食品股是不是穩贏,17
2019/3/31,[其他] 食品股是不是穩贏,51
2019/3/31,[新聞] 美中貿易談判　牽動台商回台速度,15
2019/3/31,[標的] 1103嘉泥 多,15
2019/3/31,Re: [請益] T50反 vs 期貨小台,15
2019/3/31,[新聞] 二林環評又被退 柯拔希：不排除終止開發,29
2019/3/31,Re: [請益] 朋友說要幫我代操台股,0
2019/3/31,Re: [標的] 6188廣明多,13
2019/3/30,[新聞] 股神：蘋果能承受一兩個錯誤,16
2019/3/30,Re: [請益] 朋友說要幫我代操台股,8
2019/3/30,[新聞] 台商回台再添6家 投資額達340億元,13
2019/3/30,Re: [標的] 6188廣明多,6
2019/3/30,[新聞] 鞋王轉型遇 4 大亂流，淨利衰退 17％,14
2019/3/30,Re: [請益] 朋友說要幫我代操台股,4
2019/3/30,Re: [請益] 台灣投資值得認真去學習的榜樣?,9
2019/3/30,[新聞] 德3月失業率降至4.9% 兩德統一以來最低,13
2019/3/30,Re: [請益] 朋友說要幫我代操台股,1
2019/3/30,[新聞] 陳建仁盼台商引介外資 再創經濟高峰,7
2019/3/30,[新聞] 再度砲轟Fed升息 川普希望「降息2碼」,38
2019/3/30,[新聞] AirPower取消上市 業者憂衝擊無線充電市,47
2019/3/30,[標的] 群翊 6664,7
2019/3/30,[請益] 台灣投資值得認真去學習的榜樣?,63
2019/3/30,[心得] VBA取得財務報表,23
2019/3/30,[其他] 2019年度只配現金股利殖利率排行表(3/30),23
2019/3/30,[其他] 2019年度配股配息殖利率排行表更新(3/30),24
2019/3/30,[新聞] 蘋果宣布：AirPower「計畫已死」取消上市,40
2019/3/30,[新聞] iPhone處理器開發主管驚傳離職　A7到A12X,20
2019/3/30,[新聞] 看好美國經濟 Fed副主席：未來可能有必要,36
2019/3/30,[標的] 6234,4
2019/3/30,[新聞] 索尼生產線遷泰國 本月底關北京手機廠,10
2019/3/30,[請益] 朋友說要幫我代操台股,100
2019/3/30,Re: [新聞] 利多連環炸！陸股超狂 飆漲逾3％,16
2019/3/30,[新聞] 第一季重磅布局 12大法人認養股 台積電居,11
2019/3/30,[新聞] 經濟部再通過六廠商回台投資案 投資金額3,15
2019/3/30,[新聞] 利多連環炸！陸股超狂 飆漲逾3％,8
2019/3/30,[新聞] 內外資狂掃 陸股ETF法人籌碼破百萬張,6
2019/3/30,[其他] 說畢業的版友真的不碰了嗎,35
2019/3/30,[新聞] 脫歐協議遭否決 英國4/12恐硬脫歐,18
2019/3/30,[新聞] 比特幣好光景僅1年　礦工墜入死亡遊戲的,23
2019/3/30,[新聞] 白宮經濟顧問Kudlow：Fed應立刻降息2碼,7
2019/3/30,Re: [標的] 美國道瓊(*UDM9),1
2019/3/30,[新聞] 華映的黑洞有多大？「會計師柯南」揭露,31
2019/3/30,[標的] 1560 中砂,7
2019/3/30,Re: [其他] 對所謂“長期持有”開始有些新的看法,0
2019/3/30,[標的] 新纖 1409,17
2019/3/30,[公告] QooQ 警告一次,0
2019/3/30,[公告] plprly123 google56 水桶一週,0
2019/3/30,Re: [新聞] 貿易談判大進展！白宮：可能取消部分對,12
2019/3/30,[標的] 亞光 多,21
2019/3/30,[公告] cat886688 Albim gordanh qadc 水桶一週,0
2019/3/30,[公告] a0956997566 rookie Illyacow 警告一次,0
2019/3/29,[標的] 6176瑞儀,8
2019/3/29,[新聞] 3711 日月光投控 董事會決議股利分派,6
2019/3/29,Re: [標的] 4960 誠美材 空,9
2019/3/29,[新聞] 鴻海富士康工業互聯網股份有限公司 股利,2
2019/3/29,[新聞] 兩岸股王股價拚漲 貴州茅台盤中寫下新天,5
2019/3/29,[新聞] 財報：亞泥(1102)107年全年稅後盈餘111,10
2019/3/29,[新聞] 來台追債！中國華映要求大同承擔88億連帶,30
2019/3/29,[新聞] 元大金每股配發現金0.9元　創近8年新高,9
2019/3/29,Re: [請益] 6414 樺漢,0
2019/3/29,[新聞] 鴻海財報出爐　去年賺近1300億創近5年新低,21
2019/3/29,[新聞] 貿易談判大進展！白宮：可能取消部分對,35
2019/3/29,[其他] 群益證(6005)現金股利：0.4,8
2019/3/29,Re: [新聞] 鴻海去年淨利1290.65億元 每股賺8.03元,0
2019/3/29,[新聞] 2637 慧洋-KY董事會決議股利分派,5
2019/3/29,[新聞] 鴻海去年淨利1290.65億元 每股賺8.03元,79
2019/3/29,[其他] 信大 董事會決議現金股利分派,3
2019/3/29,[新聞] 陸股噴發！上證強彈3.2%　Q1漲勢冠全球,11
2019/3/29,[其他] 對所謂“長期持有”開始有些新的看法,1
2019/3/29,[其他] 匯僑(2904) 6/27召開股東常會,9
2019/3/29,[新聞] 南韓政府要求給汽車零件生產商更多銀行融,5
2019/3/29,[新聞] 潛艦國造4月公告後台船開工 打造8艘單價降,23
2019/3/29,[閒聊] 華爾街表情包-Peter Tuchman,10
2019/3/29,[標的] 花仙子1730,19
2019/3/29,Re: [新聞] 拼復飛 波音首秀737 MAX廠,3
2019/3/29,[新聞] 想在股市中穩定獲利？就從這三件事開始,22
2019/3/29,[其他] 108年03月29日 三大法人買賣金額統計表,54
2019/3/29,[請益] 融資還款卻沒券？？,22
2019/3/29,Re: [新聞] 勢在必得 日立加碼併永大 提高到65元,0
2019/3/29,Re: [標的] 2382廣達,100
2019/3/29,[新聞] 不擔心衰退預兆 巴菲特重申「美國最佳論」,10
2019/3/29,[新聞] 鴻海將公布去年財報 盤中走堅市值破兆元,24
2019/3/29,[新聞] 龍潭映象交響詩，施振榮吹響家鄉創作風氣,3
2019/3/29,[新聞] 微星推3款特效電競滑鼠墊,7
2019/3/29,[新聞] IAD、STB扮出貨雙引擎，智易Q1不淡、毛利,0
2019/3/29,[新聞] 8大官股搶便宜貨，本周連4天吃貨,17
2019/3/29,[新聞] 拼復飛 波音首秀737 MAX廠,6
2019/3/29,[閒聊] 2019/03/29 盤後閒聊,45
2019/3/29,[新聞] 索尼減成本 北京手機工廠關門,13
2019/3/29,[其他] 潤泰全&潤泰新 股利,7
2019/3/29,[新聞] MOU只有13億 韓國瑜 : 至少有38億貨真,6
2019/3/29,[標的] 2317 鴻海,69
2019/3/29,[新聞] 美國DMV公布2018年自動駕駛脫離報告，Way,2
2019/3/29,[標的] 2355 敬鵬,14
2019/3/29,Re: [討論］生技股空，已轉科技金融,12
2019/3/29,[新聞] 永豐餘獲利衰退10%　配0.6元現金股息殖利,8
2019/3/29,[標的] 中信金丙特,34
2019/3/29,[新聞] 維持解職永豐金董事處分 何壽川五年不得,13
2019/3/29,[其他] 東森董事會決議股利分配,11
2019/3/29,[心得] 台積電等半導體中游廠商 整理,15
2019/3/29,"[新聞] 智慧城市開展,商機爆發!!!!!!!!!!",2
2019/3/29,[閒聊] 2019/03/29 盤中閒聊,100
2019/3/29,[新聞] NB電池模組跨界資料中心　與電源供應器廠,4
2019/3/29,[新聞] 不只谷歌！傳美股市值五大巨擘都要來,41
2019/3/29,[心得] 從殖利率倒掛、利率、油價等指標看美台股,100
2019/3/29,Re: [新聞] 4月利率降定了，顧立雄：台灣宣告利率太,34
2019/3/29,Re: [請益] 沒有填息成功 定存股有什麼用？！,4
2019/3/29,Re: [標的] 2382廣達,-10
2019/3/28,[新聞] 4月利率降定了，顧立雄：台灣宣告利率太,100
2019/3/28,Re: [請益] 沒有填息成功 定存股有什麼用？！,14
2019/3/28,[其他] 3/28 台灣集中市場外資買賣超前30名,6
2019/3/28,[新聞] 中國工業獲利萎縮幅度 創2011年以來最大,4
2019/3/28,Re: [請益] 沒有填息成功 定存股有什麼用？！,4
2019/3/28,[其他] 3/28 台灣店頭市場三大法人買賣超前20名,1
2019/3/28,[新聞] 美國上周初領失業救濟人數 意外下滑,7
2019/3/28,Re: [標的] 2702華園 多,0
2019/3/28,[新聞]【股價跌停】華映、綠能將下市 30萬小股東,20
2019/3/28,[新聞] 大成長城(1210)擬配息1.5元、配股0.5元,10
2019/3/28,[新聞] 新光人壽去年底帳上未實現損失逾千億,45
2019/3/28,[新聞] IFRS17對保險業衝擊 金管會：現在不能說,9
2019/3/28,Re: [請益] 沒有填息成功 定存股有什麼用？！,19
2019/3/28,Re: [新聞]9945潤泰新董事會決議股利分派,18
2019/3/28,[新聞] 全球傳動股利：現金3.6元,0
2019/3/28,[新聞] 英國脫歐：梅首相面臨辭職壓力 倫敦百萬,14
2019/3/28,Re: [新聞] 波音公布737 MAX軟體更新　誓言竭盡所能,2
2019/3/28,Re: [標的] 1402  遠東新,0
2019/3/28,Re: [標的] 1909榮成 空 反彈拉紅都是空點必勝,9
2019/3/28,Re: [標的]  2727 王品 看法請益,10
2019/3/28,[新聞] 台肥發放現金股利2.2元,33
2019/3/28,[新聞] 李紀珠:新光金體質轉佳,47
2019/3/28,[新聞] 聯華實業公告本公司董事會決議股利分派,26
2019/3/28,Re: [新聞] 遠東銀股利：0.45+0.265,22
2019/3/28,[新聞] 中國晶圓製造能力2019進入28-14奈米就看,18
2019/3/28,Re: [標的] 2382廣達,100
2019/3/28,[新聞] 廣達股利：現金3.55元,45
2019/3/28,[其他] 請問現在股票下市還有壁紙嗎?,36
2019/3/28,[標的] 富邦VIX 00677U (多 TRIPLE BUY),17
2019/3/28,[其他] 108年03月28日 三大法人買賣金額統計表,43
2019/3/28,Re: [標的] 8163 達方 多,12
2019/3/28,[新聞] 波音公布737 MAX軟體更新　誓言竭盡所能,13
2019/3/28,[新聞] 潛艦國造今完成建造審核 2024年首艘潛艦,5
2019/3/28,[閒聊] 2019/03/28 盤後閒聊,53
2019/3/28,[新聞] 金融股連日走跌 法人點出二原因,25
2019/3/28,[新聞] 誠美材經營權之爭 再掀戰火,18
2019/3/28,[心得] 壽險股空單獲利了結,28
2019/3/28,[新聞] 聯發科技發佈Autus R10超短距毫米波雷達,10
2019/3/28,[心得] 半導體供應商2019年的一些動態,8
2019/3/28,[新聞] 國安基金護盤保留四大基金額度　財部表態,7
2019/3/28,[新聞] 2023年遊戲產業軟硬體總值將超越2000億,7
2019/3/28,Re: [標的] 6414 樺漢 空,-10
2019/3/28,Re: [標的] 6414 樺漢 空,1
2019/3/28,Re: [新聞] 「嫁妝股」裕隆、嘉裕資產豐厚 股價遭低,9
2019/3/28,Re: [新聞] 新普董事長︰我從不做中國生意,12
2019/3/28,[新聞] 「嫁妝股」裕隆、嘉裕資產豐厚 股價遭低,14
2019/3/28,[閒聊] 2019/03/28 盤中閒聊,97
2019/3/28,[新聞] Q1運費暴跌90%！全球航運市場現危機,18
2019/3/28,[新聞] 市場派批林蔚山家族亂搞　明起加碼大同股,10
2019/3/28,[標的] 1709 和益,7
2019/3/28,[新聞] 日本黃金周十連休　估將增加GDP逾千億,15
2019/3/28,[新聞] 美股道瓊早盤一度跌逾200點 經濟前景疑慮,9
2019/3/28,Re: [新聞] 華映財報淨值為負 證交所估5月8日下市,19
2019/3/28,"[新聞] 經濟解析／壽險業匯損2,323億元 央行及金",18
2019/3/28,[新聞] 葉倫：債市警訊應在暗示Fed須降息、而非,17
2019/3/27,[新聞] 中國工業利潤創2011年來最大跌幅、汽車業,4
2019/3/27,[新聞] 和泰神車Altis再降價　預接單破1500張,17
2019/3/27,[新聞] 中華車宣布減資83.04億元　加計股息今年,20
2019/3/27,[請益] 暫停交易可以跟大家說沒事嗎？,15
2019/3/27,[公告] beta0907 stev200406 水桶一週,0
2019/3/27,[新聞] 麵粉大廠聯華實業明暫停交易,48
2019/3/27,Re: [標的] 9904 寶成 空,7
2019/3/27,[新聞] 投資壽險股注意了！立委批財報失真,43
2019/3/27,Re: [新聞] 市場派批林蔚山家族亂搞　明起加碼大同股,4
2019/3/27,Re: [請益]  亞光 3019,8
2019/3/27,Re: [新聞] 市場派批林蔚山家族亂搞　明起加碼大同股,4
2019/3/27,[新聞] 向高雄求救？ 華映董事長林蔚山遞密函給,5
2019/3/27,[新聞] 債券ETF兩新兵 今上櫃,7
2019/3/27,Re: [新聞] 華映財報淨值為負 證交所估5月8日下,17
2019/3/27,[新聞] 「大到不能倒」？中國恆大爆逾5000億債,36
2019/3/27,[請益]  亞光 3019,32
2019/3/27,Re: [其他] 2356 英業達   開獎,11
2019/3/27,[新聞] 川普心腹 摩爾：Fed應降息2碼,14
2019/3/27,[新聞] 市場派批林蔚山家族亂搞　明起加碼大同股,16
2019/3/27,[新聞] 認列華映、綠能虧損高達99億 大同去年大虧332.93億元,26
2019/3/27,[其他] 大同記者會重點,9
2019/3/27,[新聞] 【公告】群益期貨董事會通過每股3.4元現,9
2019/3/27,[標的] 9904 寶成 空,19
2019/3/27,[新聞] 統一1216現金股利2.5元,18
2019/3/27,Re: [新聞] 大同集團危機最新進展：華映每股淨值負0.,0
2019/3/27,[標的] 嘉聯益 6153 多,27
2019/3/27,[其他] 2356 英業達   開獎,-10
2019/3/27,Re: [其他]開發金決議參與認購中壽保現金增資普通股,3
2019/3/27,[新聞] 2月景氣燈號亮「黃藍燈」 領先和同時指標,4
2019/3/27,[其他] 典範轉移？王立第二戰研所,4
2019/3/27,[新聞] 大同晚間20時15分發重訊 說明轉投資虧損,55
2019/3/27,[其他] 除息時股利超過股價會發生什麼事,10
2019/3/27,[新聞] 華為潛望鏡頭P30系列登場　大立光獨拿鏡,34
2019/3/27,[其他] 108年03月27日 三大法人買賣金額統計表,52
2019/3/27,[閒聊] 2019/03/27 盤後閒聊,48
2019/3/27,[新聞] 美國行動營運商紛紛宣布5G服務收費方案,12
2019/3/27,[新聞] 股息風暴擴大！顧立雄電話被打爆 這檔金,100
2019/3/27,Re: [標的] 大盤多,14
2019/3/27,[新聞] 光聯、全台轉型效應浮現 去年獲利倍增 盤,20
2019/3/27,[新聞] 掉漆！泛公股金控ROE經營績效差,37
2019/3/27,Re: [其他]開發金決議參與認購中壽保現金增資普通股,11
2019/3/27,[心得] 記憶體族群廠商 整理,39
2019/3/27,Re: [標的] 中裕 4147,19
2019/3/27,[新聞] 預測2025年智慧運輸系統（ITS）市場趨勢,1
2019/3/27,[新聞] 臺灣企銀董事會決議辦理私募普通股增資案,40
2019/3/27,[新聞] 中華電信不玩亞洲矽谷了!!!,59
2019/3/27,[新聞] 半導體專利戰再起！ITC啟動337調查台積電,10
2019/3/27,Re: [標的] 6533 晶心科,13
2019/3/27,[新聞] 美法官裁定Apple侵高通專利　建議禁部份,11
2019/3/27,[公告] CLV518 水桶一週,0
2019/3/27,[閒聊] 2019/03/27 盤中閒聊,68
2019/3/27,[新聞] 股東會融券回補潮 鳴槍,15
2019/3/27,[請益] 現股買賣變當沖？,1
2019/3/27,[新聞] 高通、聯發科搶人才　家眷福利也比拚,2
2019/3/27,[新聞] 宏達電轉虧為盈 法人大買,31
2019/3/27,"[其他] 請問有""不要怕，這是技術性調整""的片段嗎",48
2019/3/27,[其他] 特力(2908)現金股利：1.28,7
2019/3/26,[標的] 道瓊指數 短期多 25690 請上車,12
2019/3/26,[新聞] 新一輪貿易談判登場前 傳中國擬加碼購買,14
2019/3/26,[其他] 3/26 台灣集中市場外資買賣超前30名,3
2019/3/26,[標的] 加權指數 短期多 明天最後上車機會!,16
2019/3/26,[新聞] 英特爾 14 奈米 CPU 缺很大，仁寶：第二,6
2019/3/26,[其他] 3/26 台灣店頭市場三大法人買賣超前20名,0
2019/3/26,[請益] 要選配息好還是配股好,35
2019/3/26,[新聞] 最牛一輪／國泰道瓊反1熱 統一87俏,0
2019/3/26,[其他]開發金決議參與認購中壽保現金增資普通股,3
2019/3/26,[新聞] 大同及旗下華映27日皆暫停交易 市場傳是這件事,27
2019/3/26,[新聞] 去年博鰲論壇中國承諾什麼？彭博盤點5項,6
2019/3/26,[其他] 108年03月26日信用交易統計,26
2019/3/26,[新聞] 大陸常用藥價大幅上漲 最高漲幅達900%,11
2019/3/26,[新聞] 2834台企銀股利分派,66
2019/3/26,Re: [標的] 6414 樺漢 空,4
2019/3/26,[新聞] 比特幣雪崩　礦機3巨頭上市全軍覆沒,22
2019/3/26,[新聞] 遠東銀股利：0.45+0.265,24
2019/3/26,[新聞] 伺服器遭駭客入侵 華碩︰已聯繫用戶解決,6
2019/3/26,[新聞] 2027大成鋼股利3元,14
2019/3/26,[新聞] 涉嫌賣自家股票給客戶 香港花旗證券裁掉,16
2019/3/26,[新聞] 華映：有重大訊息公布 27日暫停交易,46
2019/3/26,[新聞] Tesla指控前員工竊密給Zoox及小鵬汽車,7
2019/3/26,[新聞] 聯發科車用毫米波雷達平台來了！ 今年上,7
2019/3/26,[新聞] 蘋果服務陣容豪華 股價卻收跌的原因是...,20
2019/3/26,[新聞] 惠光股利：現金1.5塊,15
2019/3/26,[其他] 108年03月26日 三大法人買賣金額統計表,77
2019/3/26,[新聞] 響應透明化 吳東亮及關係人申報持股台新,31
2019/3/26,[新聞] 達欣工股利:現金1.7353元,17
2019/3/26,[閒聊] 2019/03/26 盤後閒聊,40
2019/3/26,[新聞] 個股：中華電(2412)擬配4.479元現金股利,32
2019/3/26,[其他] 中華電（2412） 開獎,27
2019/3/26,[標的] 大盤多,41
2019/3/26,[新聞] 台商回台投資 經濟部：總投資額達近千億,10
2019/3/26,[標的] 8349 恒耀 多,9
2019/3/26,[其他] 華南金100週年 108年股東紀念品,100
2019/3/26,[新聞] 擺脫通俄門陰影 川普放手推動貿易談判,3
2019/3/26,[新聞] 國動集團傳來港上市籌23.4億,100
2019/3/26,[新聞] 震撼彈！三星發財報預警 Q1獲利恐不如預,9
2019/3/26,[新聞] 5G時代即將來臨　引領AiP封裝新技術,9
2019/3/26,Re: [新聞] 美國直擊／蘋果推出Apple Card　10大功,15
2019/3/26,[閒聊] 2019/03/26 盤中閒聊,100
2019/3/26,[新聞] 鴻海半導體版圖大陸續擴張　產業鏈大整合,4
2019/3/26,Re: [心得] 資本家靠不停循環得通貨膨脹和緊縮來自利,2
2019/3/26,[新聞] 習近平與法簽15項商業協議 撒1兆買300架,7
2019/3/26,[新聞] 產線驗證遭蘋果刁難 揭嘉聯益大量裁員內,24
2019/3/26,[新聞] 美國直擊／蘋果推出Apple Card　10大功,61
2019/3/26,[標的] 3037 欣興 多,33
2019/3/26,Re: [新聞] 美債殖利率曲線倒掛 葉倫：可能是「需要,2
2019/3/26,[新聞]凱美董事會決議，擬每股配息4元,4
2019/3/26,Re: [新聞] 安成藥將下櫃，董事長以每股72元收購,2
2019/3/26,[標的] 4960 誠美材 空,18
2019/3/26,Re: [新聞] 美債殖利率曲線倒掛 葉倫：可能是「需要,12
2019/3/26,[參選]noldorelf參選版主,41
2019/3/26,[請益] 4960 誠美材,5
2019/3/25,[新聞] 美債殖利率曲線倒掛 葉倫：可能是「需要,21
2019/3/25,[新聞] 不擔憂 4.5 代廠遭拍賣，華映：留 6 代廠,6
2019/3/25,[標的] (空)美股,13
2019/3/25,Re: [標的] 優群科技(3217) 多,3
2019/3/25,Re: [新聞] 安成藥將下櫃，董事長以每股72元收購,5
2019/3/25,[請益] 犇亞證券寄來的 自我證明 要回傳嗎,20
2019/3/25,[請益] 房貸增貸投資金融股可行嗎？,73
2019/3/25,[其他] 2609 陽明   開獎,-10
2019/3/25,[其他] 大車隊 裕國冷凍 股利,9
2019/3/25,Re: [其他] 何謂洗籌碼?,5
2019/3/25,[新聞]  國票金  公告董事會決議107年度股利分派,5
2019/3/25,[新聞] 元大金控 公告董事會決議107年度股利,22
2019/3/25,[其他] 2002 中鋼 股利 1元現金,31
2019/3/25,[心得] 半導體上游廠商-整理,57
2019/3/25,[新聞]「限古令」嚴打宮鬥劇 閱文首當其衝曾挫5%,26
2019/3/25,Re: [標的] 2404 漢唐,11
2019/3/25,[其他] 緯創現金股利:1.5元,24
2019/3/25,[新聞] 合庫金 公告董事會決議107年度股利分派,30
2019/3/25,[新聞] 楠梓電擬現金減資 下午4時證交所說明,11
2019/3/25,Re: [請益] 理財入門的youtuber?,23
2019/3/25,[標的] 尖點8021（多）,10
2019/3/25,[請益] 逐筆交易擬真活動,19
2019/3/25,[新聞] 好羨慕！中鋼宣布下個月起加薪3.5%,8
2019/3/25,[新聞] 韓市長請信守承諾，中鋼煉焦爐立即停爐,0
2019/3/25,[新聞] 美軍艦穿越台灣海峽 今年第三次,13
2019/3/25,[請益] 理財入門的youtuber?,42
2019/3/25,[其他] 108年03月25日 三大法人買賣金額統計表,75
2019/3/25,[新聞] 伊爾艾朗：當心勿因誤解殖利率曲線倒掛 反讓衰退應驗,9
2019/3/25,[閒聊] 2019/03/25 盤後閒聊,58
2019/3/25,Re: [標的] 2327 國巨,25
2019/3/25,[請益] 分批買進賣出的操作（心理面）,8
2019/3/25,[標的] 3325旭品,16
2019/3/25,Re: [新聞] 谷月涵：台股有殖利率優勢,32
2019/3/25,[新聞] 台股重挫逾150點 顧立雄：不因美股大跌就,59
2019/3/25,[標的] 3038全台,38
2019/3/25,[新聞] 友達挾三利多，Q2重拾獲利動能,16
2019/3/25,[新聞] 市場波動大 金管會：希望金融業少發現金,39
2019/3/25,[新聞] 資金湧入 陸股牛氣沖天,7
2019/3/25,[新聞] 交通部2020年5G第一波商用頻譜釋照,3
2019/3/25,[新聞] 黑五大屠殺只是前菜？美股慘劇還在後頭…,32
2019/3/25,[新聞] 谷歌2019推出Stadia雲端串流遊戲，但仍,0
2019/3/25,[新聞] 聯發科整合晨星首推AI電視新晶片　8K晶,10
2019/3/25,Re: [標的] 1711 永光,10
2019/3/25,Re: [標的] 5519 隆大 多,6
2019/3/25,[新聞] 中國經濟問題 美學者：關鍵在政府失信,2
2019/3/25,[新聞] 美將領呼籲主導5G以排除安全問題,2
2019/3/25,[新聞] 穆勒報告：未發現川普及其團隊通俄證據,10
2019/3/25,Re: [標的] 6533 晶心科,9
2019/3/25,[標的] 力旺3529 多（暫時獲利出清）,4
2019/3/25,[閒聊] 2019/03/25 盤中閒聊,100
2019/3/25,[新聞] 遭控侵權利空　家登宣布買回庫藏股3000,10
2019/3/25,[新聞] 巨路去年每股大賺6.95元　創歷史新高,11
2019/3/25,[新聞] 英特爾缺貨延續　PC廠第2季缺口最大,1
2019/3/25,[標的] NG1999．3056總太地產．20193月案件追蹤,11
2019/3/25,[標的] NG1999．3056總太地產．2019近況與展望,2
2019/3/25,[標的] NG1999．3056總太地產．2019基本分析,19
2019/3/25,Re: [心得] 這次應該真的是要崩了,20
2019/3/25,[新聞] 亞光 躍華為概念股,12
2019/3/25,[新聞] 又見黑色星期五 全球股市全軍覆沒,23
2019/3/25,[公告] qize1428 警告一次,0
2019/3/25,Re: [其他] 何謂洗籌碼?,5
2019/3/24,[標的] 6549 景凱 多,19
2019/3/24,[新聞] 美國務院：中共干預導致香港商業環境惡化,18
2019/3/24,Re: [其他] 何謂洗籌碼?,3
2019/3/24,Re: [其他] 何謂洗籌碼?,23
2019/3/24,[其他] 何謂洗籌碼?,7
2019/3/24,Re: [標的] 2376 技嘉 拉布拉多,15
2019/3/24,[公告] deternan danieldaydd iines 警告一次,0
2019/3/24,[公告] Hazer airwaves0612 slutboy104 水桶一週,0
2019/3/24,[標的] 6409旭隼,3
2019/3/24,[標的] 3491昇達科,5
2019/3/24,[公告] s5869157 水桶10年,0
2019/3/24,[新聞] 公務員聽名牌總賺錢 最後押身家賠光晚年!,25
2019/3/24,[公告] MrKing strekm j42683 Kimmy 警告一次,0
2019/3/24,[公告] c98765432c dildochen smcdlink水桶一個月,0
2019/3/24,[公告] 股票板板主徵選公告,8
2019/3/24,[標的] 台股盤後一週分享,11
2019/3/24,Re: [新聞] 14檔外資欽點 一路發,8
2019/3/24,[新聞] 歷史為證！殖利率曲線倒掛 別急著賣出股,53
2019/3/24,[新聞] 暗諷美國保護主義 中方將進一步降低關稅!,11
2019/3/24,[新聞] 日皇禪位連放10天假　金融業竟大喊不妙,20
2019/3/24,[心得] 這次應該真的是要崩了,99
2019/3/24,[其他] 年績效怎樣算及格,9
2019/3/24,"Re: [心得] q1w2e3r4t5著作""會計師低價存股術""",12
2019/3/24,Re: [新聞] 統一超XSTORE無人商店 展店將喊卡,1
2019/3/24,[新聞] 第一金每股可望配超過1元 現金殖利率近5%,14
2019/3/24,Re: [新聞] 聯邦銀擬配發股票股利0.7元,2
2019/3/24,[請益] 奧運概念股進場時機？,25
2019/3/24,[新聞] 國內外ETF管理費差很大 金管會將檢討投信,49
2019/3/24,Re: [新聞] 統一超XSTORE無人商店 展店將喊卡,4
2019/3/24,[新聞] 股利新高生技股 領頭衝,3
2019/3/24,[其他] 2019年度已公告股息殖利率前30名,15
2019/3/24,[新聞] 永豐金派息0.636元 中租股利4.5元,23
2019/3/24,Re: [新聞] 統一超XSTORE無人商店 展店將喊卡,10
2019/3/24,[新聞] 勢在必得 日立加碼併永大 提高到65元,0
2019/3/24,[新聞] 家登精密遭美商控告侵權　判賠近10億,8
2019/3/24,[新聞] 證交所直攻香港辦投資說明會　盼突破引,7
2019/3/24,[新聞] 統一超XSTORE無人商店 展店將喊卡,26
2019/3/24,[請益] 銀行股金控股是看本益比還是股價淨值比,16
2019/3/24,[新聞] 國泰、新光金法說 市場焦點,0
2019/3/24,[新聞] 高房價難解 學者嘆：想致富要學會怎麼躺,16
2019/3/24,[新聞] 黑五大屠殺只是前菜？美股慘劇還在後頭…,34
2019/3/24,[新聞] 美國要求封殺華為　歐盟明確表態：成員,0
2019/3/24,[新聞] 再生-KY(1337)全年EPS-7.02,9
2019/3/24,[新聞] 殖利率曲線倒掛 知名對沖基金：標普500,9
2019/3/24,Re: [請益] 領股息是不是比收房租好?,16
2019/3/24,Re: [請益] 領股息是不是比收房租好?,7
2019/3/24,Re: [請益] 領股息是不是比收房租好?,6
2019/3/24,[請益] 有沒有上半年股神下半年衰神的情況,17
2019/3/24,Re: [請益] 領股息是不是比收房租好?,8
2019/3/24,[標的] 本週股票多空表,55
2019/3/24,Re: [請益] 存股和蘇松泙那套操作 誰強？,5
2019/3/24,"[心得] q1w2e3r4t5著作""會計師低價存股術""",16
2019/3/24,[新聞] 歐盟達成華為方針，評估5G風險但不封殺,5
2019/3/24,Re: [請益] 領股息是不是比收房租好?,4
2019/3/23,Re: [請益] 領股息是不是比收房租好?,21
2019/3/23,[新聞] 資金行情熱16檔，外資連敲價量齊揚,4
2019/3/23,[新聞] 美股崩跌 分析師：台股波段恐大跌500點,70
2019/3/23,[新聞] 玉山、台新銀流通卡數 躍增,17
2019/3/23,[新聞] 中壽、三商美邦今年「零股利」　新光金配,14
2019/3/23,[請益] 存股和蘇松泙那套操作 誰強？,13
2019/3/23,[新聞] 國泰金107年第4季獲利會計師下修12.1億,8
2019/3/23,[新聞] 上海商銀(5876)董事會決議股利分派,19
2019/3/23,[新聞] 1314 中石化股利,31
2019/3/23,[新聞] 進一步退兩步 美官員：貿易談判北京轉強硬,0
2019/3/23,[新聞] 5G、AI應用 劉德音：半導體大有可為,10
2019/3/23,Re: [心得] 我不缺錢，缺的是心,28
2019/3/23,[新聞]歐洲對華態度轉硬 習近平訪意簽約難有轉機,14
2019/3/23,Re: [請益] 領股息是不是比收房租好?,100
2019/3/23,Re: [請益] 請問小哥破產三次又能重新站起來的原因,18
2019/3/23,Re: [標的] 新光金,25
2019/3/23,[新聞] 南京建工28.4億信託違約，民營企業遭難誰,5
2019/3/23,[新聞] 特朗普希望推動與中國達成更強硬貿易協議,3
2019/3/23,[新聞] 美中貿易戰中國經濟下行 大陸台商返鄉,43
2019/3/23,Re: [新聞] 川普將提名鐵粉摩爾入Fed 批鮑爾升息 拉,3
2019/3/23,[新聞] 誠美材遭銀行凍結額度營運現危機 將啟動,14
2019/3/23,[新聞]友達董事會決議股利分派0.5元,29
2019/3/23,Re: [心得] 我不缺錢，缺的是心,28
2019/3/23,[新聞] 14檔外資欽點 一路發,15
2019/3/23,[請益] 請問小哥破產三次又能重新站起來的原因,15
2019/3/23,[新聞] 川普將提名鐵粉摩爾入Fed 批鮑爾升息 拉,3
2019/3/23,[新聞] 高雄大社工業區降編 衝擊11廠,29
2019/3/23,[新聞] 全球經濟惡化 　道瓊嚇跌逾400點,70
2019/3/23,[標的] 2104中橡 畢業心得檢討,10
2019/3/23,"[新聞] 蘋果5G落後,代價知多少",9
2019/3/23,[心得] 我不缺錢，缺的是心,38
2019/3/23,[其他] 1316上曜股利配發1.89,6
2019/3/23,Re: [其他] 台泥宣布現金股利3.3 股票股利0.7,17
2019/3/23,[其他] 3703 欣陸股利分配,5
2019/3/22,[新聞] 停飛持續重創波音 印尼鷹航取消49架波音7,1
2019/3/22,[新聞] 華為P30新機來勢洶洶 郭明錤點名2大受惠,0
2019/3/22,[標的] 3380 明泰,1
2019/3/22,[新聞] 金正恩準備跟南韓撕破臉？,21
2019/3/22,[新聞] 內洩上億用戶密碼 臉書或遭罰10億美元,2
2019/3/22,[新聞] 新光金控 前二月EPS0.29元,9
2019/3/22,[其他] 108年03月22日信用交易統計,27
2019/3/22,[新聞] 豐泰超大方 股利7.7元,18
2019/3/22,Re: [標的] 8069元太,4
2019/3/22,[新聞] 川普：美中貿易協議將可能發生,5
2019/3/22,Re: [標的] 8069元太,1
2019/3/22,[新聞] 日立宣布提高永大收購價至65元　多砸4.4,3
2019/3/22,[其他] 台泥宣布現金股利3.3 股票股利0.7,100
2019/3/22,Re: [請益] 領股息是不是比收房租好?,5
2019/3/22,[新聞] 聯電子公司和艦芯片遞交A股上市文件,6
2019/3/22,[新聞] 特斯拉起訴華裔員工盜自動駕駛源碼,24
2019/3/22,[新聞] 不只保留關稅！貿易談判川普獅子開口！！,13
2019/3/22,Re: [請益] 領股息是不是比收房租好?,15
2019/3/22,[其他] 競國實業董事會決議股利分派,5
2019/3/22,Re: [標的] 8069元太,9
2019/3/22,[新聞] 日商愛普生撤離中國 深圳廠裁員1700人！,4
2019/3/22,[新聞] 台股攻上10600點 8大官股急著下車,27
2019/3/22,[標的] 1909榮成 空 反彈拉紅都是空點必勝,12
2019/3/22,[其他] 國際中橡股利,5
2019/3/22,[標的] 之前喊過的標的追蹤,34
2019/3/22,[其他] 2324仁寶決議股利分配,21
2019/3/22,[其他] 股利分配(興農 鼎翰),16
2019/3/22,[標的] 美國道瓊(*UDM9) (損出),100
2019/3/22,[新聞] 元大期股利：現金2.8元,7
2019/3/22,[其他] 1402 遠東新 股利1.8元現金,49
2019/3/22,Fw: [新聞] Nokia 部分手機驚傳漏洞！用戶個資數據,4
2019/3/22,Re: [請益] 領股息是不是比收房租好?,15
2019/3/22,[新聞] 產業：記憶體有救了！美光DRAM和NAND減產,16
2019/3/22,[新聞] 瑞智精密董事會決議股利分派,16
2019/3/22,Re: [請益] 想誠心請問凹單,15
2019/3/22,Re: [標的] 優群科技(3217) 多,11
2019/3/22,Re: [新聞] 永豐金(2890)拼今年手續費淨收益再創高，,15
2019/3/22,[其他] 永豐金107年度股利分配,55
2019/3/22,[請益] 領股息是不是比收房租好?,36
2019/3/22,[請益] 想誠心請問凹單,38
2019/3/22,[其他] KY-康控一競拍結果,18
2019/3/22,Re: [請益] 最近的台股在漲什麼,15
2019/3/22,[新聞] 三商美邦通過虧損撥補案，無發放股利,29
2019/3/22,[新聞] 《業績-金融》富邦金去年EPS達4.52元，,18
2019/3/22,Re: [標的] 00632r 元大台灣五十反,11
2019/3/22,[其他] 108年03月22日 三大法人買賣金額統計表,30
2019/3/22,Re: [請益] 最近的台股在漲什麼,6
2019/3/22,[請益] 最近的台股在漲什麼,55
2019/3/22,[新聞] 三星電子開發出第三代10奈米級DRAM,5
2019/3/22,[其他] 2019/03/22 盤後閒聊,13
2019/3/22,[新聞] 電動車之無線充電準備開始推向市場了,13
2019/3/22,Re: [心得] 雜誌選股法,1
2019/3/22,[新聞] 永豐金：東南亞新設據點、下半年設數位帳戶迎戰純網銀,23
2019/3/22,Re: [標的] 2376技嘉,7
2019/3/22,Re: [心得] 雜誌選股法,6
2019/3/22,[新聞] 矽力-KY：今年營收恐難有大成長,7
2019/3/22,[新聞] 李嘉誠長子 李澤鉅首掌舵,9
2019/3/22,[新聞] 暫無一個歐洲國家禁用華為 歐洲空前團結打臉美國,8
2019/3/22,Re: [標的] 4999鑫禾,2
2019/3/22,[新聞] 粉塵空汙使南韓經濟損失4兆韓圜,7
2019/3/22,[標的] 新日興 多,8
2019/3/22,[新聞] 安成藥將下櫃，董事長以每股72元收購,23
2019/3/22,[新聞] 美光減產5% 記憶體股樂 南亞科華邦電威,9
2019/3/22,[新聞] 永豐金衝獲利 三路出擊,10
2019/3/22,[新聞] 川普拒撤關稅 北京急公布談判表,5
2019/3/22,"Re: [標的] 上證50,上證50正2,滬深300正2 不追多",2
2019/3/22,Re: [標的] 8213 志超（多）,21
2019/3/22,[新聞] 志超 去年每股稅後純益4.38元,12
2019/3/22,Re: [標的] 6180橘子空空空,10
2019/3/22,[新聞] 正新股利，現金1.1元,18
2019/3/22,[新聞] 江蘇鹽城化工廠爆炸 罹難者增至44人,25
2019/3/22,[新聞] 鴻海出售阿里股 處分利益52億元,10
2019/3/22,[新聞] 智邦獲利創高 配息4元,6
2019/3/22,Re: [心得] 畢業了 奉勸大家別碰期貨,35
2019/3/22,[閒聊] 2019/03/22 盤中閒聊,100
2019/3/22,[新聞] Apple Car有影？傳台積電鎖定意法、蘋果,4
2019/3/22,[標的] 台指期開盤買進 穩贏part2,17
2019/3/22,[心得] 雜誌選股法,45
2019/3/22,Re: [新聞] 振樺電去年EPS 8.52元 配息6.2元,5
2019/3/22,[請益] 股市新手放空請益,10
2019/3/22,[新聞] 脫歐將至！企業狂囤600噸廁紙　怕英國人,25
2019/3/22,Re: [心得] 畢業了 奉勸大家別碰期貨,20
2019/3/22,[標的] 優群科技(3217) 多,32
2019/3/22,[請益] 請問哪家期貨商可以設定停損的機制,5
2019/3/21,[請益] 主力的持股比例問題,8
2019/3/21,[新聞] 手機市場陷入停滯期　三星今年日子難過了,8
2019/3/21,[新聞] 股票年買8.4萬　我小孩18歲贏別人500萬！,38
2019/3/21,[新聞] 壽險業狂掃債券ETF 包檔大戶曝光,8
2019/3/21,[新聞] 美中貿易戰突圍 鴻海伺服器回台生產,2
2019/3/21,[請益] 綠角 & 財報狗,27
2019/3/21,[新聞] 南山、中壽合計現增超過350億,9
2019/3/21,[請益] 存股有可能除權息前再買進嗎?,58
2019/3/21,[新聞] 法人：定期定額加碼陸股,0
2019/3/21,Re: [心得] 8446事件交易感想,8
2019/3/21,[請益] 新手請問合約簽署,3
2019/3/21,Re: [心得] 畢業了 奉勸大家別碰期貨,0
2019/3/21,[標的] 富邦深100,0
2019/3/21,[新聞] 中國憂步日本後塵「廣場協定」向日取經！,14
2019/3/21,Re: [心得] 8446事件交易感想,7
2019/3/21,[新聞] 三星海力士大漲 美光:記憶體最壞時期已過,7
2019/3/21,Re: [標的] 橘子 6180 多,17
2019/3/21,Re: [心得] 8446事件交易感想,29
2019/3/21,[其他] 3/21台灣集中市場三大法人買賣超前二十名,1
2019/3/21,[其他] 3/21 台灣集中市場外資買賣超前30名,10
2019/3/21,Re: [新聞] 中壽配股利0元,16
2019/3/21,[新聞] 振樺電去年EPS 8.52元 配息6.2元,4
2019/3/21,[其他] 3/21 台灣店頭市場三大法人買賣超前20名,0
2019/3/21,[新聞] 群聯去年每股賺21.91元 擬配息13元,10
2019/3/21,[新聞] 中壽配股利0元,74
2019/3/21,Re: [心得] 股海五年浮沉心得分享，文長,18
2019/3/21,Re: [標的] 6414 樺漢 空,5
2019/3/21,Re: [心得] 29年週期土星回歸 歷史重演,43
2019/3/21,[心得] 股海五年浮沉心得分享，文長,80
2019/3/21,Re: [標的] 美股道瓊指數 (空),11
2019/3/21,[新聞] 中環107/12/22~108/3/19處分台灣高鐵938.,17
2019/3/21,[新聞] 問題大了！綠能5月面臨下市　銀行團債權,42
2019/3/21,[心得] 召開股東會注意事項,7
2019/3/21,[新聞] 個股：致新(8081)董事會決議，擬每股配,6
2019/3/21,[新聞] 「金金併」政策推不動　網友：不解決彰銀,25
2019/3/21,[新聞] 距核試場僅1公里 北韓發生規模2.8地震,10
2019/3/21,Re: [其他] 108年03月21日 三大法人買賣金額統計表,19
2019/3/21,[標的] 【3380明泰】無腦多,16
2019/3/21,Re: [標的] 6414 樺漢 空,0
2019/3/21,[其他] 108年03月21日 三大法人買賣金額統計表,47
2019/3/21,Re: [標的] 2330台積電 空,22
2019/3/21,[新聞] 蘋果AirPods熱銷 燿華營收獲利看俏,7
2019/3/21,[請益] 新手請益出場時機??,39
2019/3/21,Re: [新聞] 〈Fed超鴿派〉Fed的下一步怎麼走？ 凱投,8
2019/3/21,[新聞] 彰銀案卡13年　黃達業：嚴重傷害政府威信,31
2019/3/21,Re: [標的] AMD超微 Intel英特爾 MU美光,2
2019/3/21,[新聞] 〈Fed超鴿派〉Fed的下一步怎麼走？ 凱投,7
2019/3/21,Re: [請益] 新手入股市如何選股？,4
2019/3/21,[新聞] 谷月涵：台股有殖利率優勢,38
2019/3/21,[標的] 6257矽格 多,4
2019/3/21,[閒聊] 2019/03/21 盤後閒聊,17
2019/3/21,[新聞] 加州法官裁定：高通無法拿回付給蘋果的10,0
2019/3/21,[新聞] 【鴿派立場】Fed繼續凍結利率　暗示今年,19
2019/3/21,Re: [請益] 請問股票面額修改的影響?,2
2019/3/21,[新聞] 傳混合鏡片有望打入華為供應鏈 亞光強攻漲停,0
2019/3/21,[標的] 3017 奇鋐,26
2019/3/21,Re: [標的] 2633 台灣高鐵,35
2019/3/21,[標的] 1402  遠東新,22
2019/3/21,Re: [標的] 大洋-KY(5907),11
2019/3/21,[請益] 新手入股市如何選股？,64
2019/3/21,[新聞] 3028 增你強分配現金股利1.7元,12
2019/3/21,[請益] 請問股票面額修改的影響?,1
2019/3/21,[新聞] 台灣高鐵董事會決議股利分派1.12,5
2019/3/21,[標的] 2633 台灣高鐵,9
2019/3/21,[新聞] 中國轉向以色列進口英特爾晶片，2018成長,13
2019/3/21,[新聞] 中國網路企業沒錢燒 跳糟薪水倍翻泡沫破,2
2019/3/21,[標的] 台指期作多到一點十分 穩贏,5
2019/3/21,Re: [標的] 3019 亞光 無腦多數錢,14
2019/3/21,[新聞] 川普：對華加關稅將維持很長一段時間,17
2019/3/21,[新聞] 從SXSW展覽看VR/AR未來發展的面貌,0
2019/3/21,Re: [標的] 6192 巨路 無腦多,15
2019/3/21,Re: [標的] 8069元太,15
2019/3/21,[新聞] 大同集團連環爆 綠能將下市,14
2019/3/21,[閒聊] 2019/03/21 盤中閒聊,93
2019/3/21,[新聞] 富邦VIX追加發行5億個單位,30
2019/3/21,[心得] FOMC經濟預測摘要 整理,6
2019/3/21,Re: [新聞] 不是貿易戰！全球投資人最怕這件事,16
2019/3/21,Re: [新聞] 一旦美國落入經濟衰退 信用泡沫就將引爆,9
2019/3/21,[新聞] 新光保全發2元現金股利,10
2019/3/21,[新聞] 不是貿易戰！全球投資人最怕這件事,12
2019/3/21,[新聞] 1591 駿吉KY 股利1元,2
2019/3/21,[新聞] 一旦美國落入經濟衰退 信用泡沫就將引爆,19
2019/3/21,[其他] 太醫 現金股利3.2元,13
2019/3/21,[新聞] 老虎證券登陸納斯達克：開盤后大漲18.5%,14
2019/3/20,Re: [請益] 綠角開課是意謂什麼？,0
2019/3/20,[新聞] 中華電信攜手宏達電、亞旭等 完成5G測試,0
2019/3/20,[新聞] 星宇快速壯大是王子復仇？張國煒：那兩家,29
2019/3/20,[新聞] 焦點股：晶彩科(3535)2月獲利表現搶眼,14
2019/3/20,Re: [請益] 靠投資財務自由的人的方法,23
2019/3/20,[新聞] 富士康創投出售阿里巴巴持股 價值近4億..,20
2019/3/20,[新聞] 丹麥最大電訊集團TDC選愛立信建5G網路 華,2
2019/3/20,[新聞]蓬佩奧公開美中協議三目標 罕見提中共陰招,9
2019/3/20,[新聞] 1710東聯 配息1.75元,10
2019/3/20,[新聞] 茂迪慘賠達能停產 太陽能產業寒風刺骨,25
2019/3/20,[其他] 冠德(2520) 股利1元,6
2019/3/20,[新聞] 陸企在岸債去年違約額暴增4倍，能源、消,4
2019/3/20,[其他] 3/20台灣集中市場三大法人買賣超前二十名,5
2019/3/20,[新聞] 鴻海將投資無人工廠，高雄獵地 7 千坪,14
2019/3/20,Re: [請益] 綠角開課是意謂什麼？,26
2019/3/20,[新聞] 美時與富士製藥交叉投資 私募價訂125.5士,5
2019/3/20,Re: [其他] 至興現金股利：1.15元,2
2019/3/20,[新聞] 美國拒絕中國送來2000億美元晶片採購大單,7
2019/3/20,"[新聞] 波音737MAX新飛控系統, 認證報告出大問題",11
2019/3/20,[標的] 6167 久正,4
2019/3/20,[請益] 只有一張0050能幹嘛?,23
2019/3/20,[新聞] 綠能公告107年淨值為負 證交所：最快5月,17
2019/3/20,[標的] (空)美國道瓊指數,14
2019/3/20,Re: [標的] 6188廣明多,13
2019/3/20,[新聞] ARM霸權江山不保？晶心領軍開源指令集RISV,13
2019/3/20,[其他] 華碩現金股利:15元,20
2019/3/20,[新聞] 永豐金(2890)拼今年手續費淨收益再創高，,17
2019/3/20,[新聞] 揚博擬配息2.5塊,12
2019/3/20,[新聞] 中華電信弊案連環爆！再傳「假投資真掏ꨭ,14
2019/3/20,[新聞] 美國防部提供128億美元 助川普建邊境牆,18
2019/3/20,[新聞] 民眾經濟信心連2月上揚,16
2019/3/20,[新聞] 遊戲界的Netflix？谷歌發表串流遊戲平台,27
2019/3/20,[標的] 美國道瓊(*UDM9) (損出~),100
2019/3/20,[新聞] 歐付寶金融科技 大幅減資99.8%,24
2019/3/20,[請益] [求解惑]配股和配現金的迷思,7
2019/3/20,[請益] 認售權證需要注意什麼,23
2019/3/20,[其他] 108年03月20日 三大法人買賣金額統計表,32
2019/3/20,Re: [請益] 證券交易所的借券資訊,2
2019/3/20,[新聞] 永豐金股利配發率上看75%　粗估約0.63元,38
2019/3/20,[新聞] 宏達電Vive Pro Eye被認可為Nvidia VRS,7
2019/3/20,Re: [新聞] 華映爆在台拿錢貼中國企業　顧立雄：將三,7
2019/3/20,[閒聊] 2019/03/20 盤後閒聊,40
2019/3/20,[新聞] 美E-3型預警機降落南韓基地 示警北韓,7
2019/3/20,[標的] 2317鴻海 肉多多,44
2019/3/20,Re: [請益] 一直放都不賣的觀念,5
2019/3/20,[標的] 2330 台積電 多,23
2019/3/20,[新聞] 中華電信投資愛唱久久爆弊端　檢調今展開,5
2019/3/20,[新聞] 模範定存概念，金融股入列,18
2019/3/20,Re: [標的] 6533 晶心科,2
2019/3/20,Re: [標的] 6533 晶心科,7
2019/3/20,[標的] 6533 晶心科,17
2019/3/20,[新聞]〈金管會立院備詢〉將催生「固定收息」再,7
2019/3/20,Re: [新聞] 保險業「錢」投海外怪低率　央行兩點駁斥,4
2019/3/20,Re: [請益] 一直放都不賣的觀念,7
2019/3/20,[新聞] 華映爆在台拿錢貼中國企業　顧立雄：將三,22
2019/3/20,Re: [新聞] 保險業「錢」投海外怪低率　央行兩點駁斥,3
2019/3/20,Re: [請益] 一直放都不賣的觀念,10
2019/3/20,[新聞] 致新 搶攻英特爾新平台供應鏈,4
2019/3/20,Re: [請益] 綠角開課是意謂什麼？,8
2019/3/20,[新聞] 保險業「錢」投海外怪低率　央行兩點駁斥,14
2019/3/20,[新聞] 臉書正學習微信獲利模式進行轉型計畫,7
2019/3/20,[新聞] 高雄地產升溫 隆大去年獲利倍增 EPS達2.,16
2019/3/20,[請益] 一直放都不賣的觀念,51
2019/3/20,Re: [請益] 綠角開課是意謂什麼？,5
2019/3/20,[標的] 套在260的穩懋還有救嗎,34
2019/3/20,[新聞] 〈2019 GDC〉顛覆遊戲產業！谷歌宣布串流,33
2019/3/20,[新聞] 欣銓併全智科驚傳內線交易 檢調大約談,12
2019/3/20,[閒聊] 2019/03/20 盤中閒聊,100
2019/3/20,[請益] 昨天的外資買超金額,4
2019/3/20,[請益] 營收 盈餘 與 EPS,5
2019/3/20,[新聞] 史上首場「PTT鄉民法說會」　尚凡送出500,0
2019/3/20,[公告] toptalent HGJman qadc aguinas警告一次,0
2019/3/20,[公告] MPSSC msnck1014 水桶一週,0
2019/3/20,[標的] 8042金山電,6
2019/3/20,[公告] foxydog alberchi Wesley995 水桶10年,0
2019/3/19,[請益] 綠角開課是意謂什麼？,50
2019/3/19,[標的] 美債 6%穩穩賺？？,16
2019/3/19,Re: [標的] 2027 大成鋼,9
2019/3/19,[新聞] 經濟學家：貿易順差收窄 中國急需外資,7
2019/3/19,[新聞] 群聯攜手Cigent　推首款網路數據防護NVMe,4
2019/3/19,[新聞] 為何我認為收息股能讓您手持百萬退休！！,30
2019/3/19,[新聞]報告：全球假貨貿易量增加 假貨多來自中國,0
2019/3/19,[新聞] 中國全面調查水泥價格 兩岸水泥股剉咧等!,19
2019/3/19,[請益] 請問關於融券回補的問題,2
2019/3/19,[其他] 3/19台灣集中市場三大法人買賣超前二十,8
2019/3/19,[新聞] 長榮航空配發0.5現金0.3股利,18
2019/3/19,[新聞] 海航控股股權遭凍結 旗下債券兌付逾期,3
2019/3/19,[請益] 靠投資財務自由的人的方法,50
2019/3/19,Re: [標的] 到現在多軍只有我套牢？持股請益,35
2019/3/19,[新聞] 中信證推新APP　目標突破10萬人次下載,8
2019/3/19,[新聞] 威剛去年每股虧0.82元，擬配息0.2元,7
2019/3/19,[標的] PRDSY-US(1913-HK) 穿著Prada的惡魔,4
2019/3/19,[其他] 全新自結2月獲利1839萬元，每股稅後0.10,7
2019/3/19,[新聞]南山人壽淨值比偏低　IPO恐埋變數,7
2019/3/19,[新聞] 歐盟：將在歐中峰會上要中共限期開放市場,2
2019/3/19,[新聞] 德國拍賣5G頻譜 梅克爾：不排除任何公司,0
2019/3/19,[其他] 感謝大家來尚凡法說會玩,100
2019/3/19,[新聞] 《股利-航運》裕民擬配息1.8元,8
2019/3/19,[新聞]七成美國人認為美國經濟好 川普支持率上升,30
2019/3/19,Re: [新聞] 「無人店」太機械冷清要喊卡　小7：大家,2
2019/3/19,[請益] 這是什麼指標,35
2019/3/19,[新聞] 輪胎大廠正新創辦人羅結94歲辭世,21
2019/3/19,[其他] 環球晶現金股利:25元,34
2019/3/19,[其他] 108年03月19日 三大法人買賣金額統計表,22
2019/3/19,[新聞] 兌現競選支票 川普繼續捐出總統薪資,61
2019/3/19,[標的] 1722台肥,43
2019/3/19,Re: [請益] 在台灣看大陸盤,12
2019/3/19,[閒聊] 2019/03/19 盤後閒聊,0
2019/3/19,[新聞] 「無人店」太機械冷清要喊卡　小7：大家,65
2019/3/19,[新聞] Naver、KT及英特爾共組5G機器人聯盟,15
2019/3/19,[新聞] 美林調高國巨評價 目標價升至331元,23
2019/3/19,[新聞] 當前股市與1937超像 分析師：目前市場很,26
2019/3/19,[新聞] 正新創辦人羅結逝世 享壽95,36
2019/3/19,"[新聞] 美中科技戰愈演愈烈,美國啟動6G研發",20
2019/3/19,[新聞] 光阻劑事件…台積高層異動,9
2019/3/19,[新聞] 微星 今年出貨拚增10%,6
2019/3/19,Re: [心得] 還有人手上有巴西股票嗎？,12
2019/3/19,[閒聊] 2019/03/19 盤中閒聊,97
2019/3/19,[新聞] 縱使不能進入美國市場　華為手機仍賣翻,10
2019/3/19,[新聞] 面板驅動IC 關鍵材料大缺貨,28
2019/3/19,[請益] 證券交易所的借券資訊,2
2019/3/19,[新聞] 【醜到見不了人】蘋果自我毀滅？　供應,29
2019/3/19,"[新聞] 東元精電擬辦理現金減資7,377萬元 減資比",2
2019/3/19,Fw: [情報] 新款 iPad Air & iPad mini 售價,22
2019/3/18,[新聞] 大陸4家跨國車企 停產裁員！,10
2019/3/18,[標的] 5015 華祺 多,0
2019/3/18,[心得] 我知道為什麼股市這陣子會漲了,56
2019/3/18,[標的] 6188廣明多,25
2019/3/18,[新聞] 緯創軟體公告相關訊息，以利投資人區別瞭,6
2019/3/18,[新聞] 茂迪去年虧損創歷史新高 每股虧12.61元,7
2019/3/18,[新聞] 特別優匯奏效 玉山銀登外幣老五,3
2019/3/18,[標的] 1256鮮活果汁 多,23
2019/3/18,[新聞] 揚明光公布相關財務業務等重大訊息，以利,11
2019/3/18,[新聞] 宏達電 2018 年獲利轉虧為盈，股價一舉,29
2019/3/18,[標的] 8163 達方 多,29
2019/3/18,[其他] 3/18台灣集中市場三大法人買賣超,10
2019/3/18,[新聞] 盟國不買賬，美國打壓華為行動遇挫,0
2019/3/18,[請益] 左手賣右手是在銃3洨?,17
2019/3/18,[新聞]《金融股》台新銀電子支付再升級，卡得利,31
2019/3/18,[新聞] 中共對美報復性關稅 中國豬肉生產商受創,12
2019/3/18,[新聞] 生技產業 迎接新一波利多,20
2019/3/18,[新聞] A股股王貴州茅台股價創新高 市值突破人民幣1兆元,41
2019/3/18,[新聞] 折疊式手機會顛覆智慧型手機市場嗎？,30
2019/3/18,[新聞] 蘋概三王各擁題材 台積電股價飆近5個月高點,12
2019/3/18,[標的] 2614東森,14
2019/3/18,"[心得] 掌握5G就有話語權,這是屁話",16
2019/3/18,[請益] 富邦建國新一代隔日沖券商?,18
2019/3/18,Re: [新聞] 謝金河呼籲：炒房不如炒股 千萬不要投資,6
2019/3/18,[新聞] 蘋果正處於「擲骰子式」研發過程，如何聚,2
2019/3/18,[新聞] 《類股》玉山金大方派利，金融類股同享福,10
2019/3/18,[新聞] 全球第5瘋 台灣人年花420億買手遊點數,26
2019/3/18,Re: [心得] 富邦VIX 賀溢價10%,43
2019/3/18,[其他] 108年03月18日 三大法人買賣金額統計表,51
2019/3/18,[新聞] 737 Max飛安醜聞：當FAA縱容波音安檢？-,10
2019/3/18,[新聞]遷回台灣 富士康擬轉移部分中國服務器生產,9
2019/3/18,[標的] 研華2395,2
2019/3/18,[心得] 選擇權簡單BS公式 適用google sheets,7
2019/3/18,[閒聊] 2019/03/18 盤後閒聊,36
2019/3/18,[新聞] 電價連二凍！ 經濟部拍板定案4月開始的電,9
2019/3/18,[標的] 大洋-KY(5907),6
2019/3/18,[新聞] 今年股利所得申報不同 存股族報稅有訣竅!,1
2019/3/18,[新聞] 買高市農產品「左手換右手」? 鴻海怒駁,28
2019/3/18,[新聞] 台積電光阻液出包 傳牽動14B廠、品管部,8
2019/3/18,[新聞] 100變97：取現金要付費？(IMF,10
2019/3/18,[新聞] MOSFET跌價 概念股叫苦,8
2019/3/18,Re: [新聞] 南韓延遲5G商業化時程，缺乏5G手機與服務,5
2019/3/18,[標的] 2221大甲,7
2019/3/18,[新聞] 中國影業 票房縮水15億 觀影人次少8千萬,15
2019/3/18,[新聞] 個股：宏達電終止連三年虧損，並積極發展,-10
2019/3/18,[標的] 裕日車 2227 多,0
2019/3/18,[新聞] 美經濟強勢 助眾多CEO月進百萬,9
2019/3/18,[新聞] 玉山金 通過配股1.421元,29
2019/3/18,[標的] 正文4906多 (吃筍 對不起 我是慘戶),20
2019/3/18,[標的] 瑞軒 2489,4
2019/3/18,[請益] 試搓跌停跳漲停,19
2019/3/18,[新聞] 數字科技去年每股大賺14.04元　今年衝香,7
2019/3/18,[閒聊]2019/03/18 盤中閒聊,71
2019/3/18,[新聞] 電競手機正夯　雷蛇未收攤、任天堂傳考慮,6
2019/3/18,去年2018金控股利分配率！,9
2019/3/17,Re: [心得] 加入投顧心得,12
2019/3/17,[新聞]美智庫：退出中導條約 美國將翻轉印太格局,4
2019/3/17,[新聞] 川普施壓！若歐盟不想與美國談判 將祭出,23
2019/3/17,[新聞] 非洲豬瘟肆虐 中國被迫大買美國豬肉2萬噸,15
2019/3/17,[新聞] 金正恩擬中止談判 重啟飛彈試射,18
2019/3/17,[新聞] 尚凡將辦PTT鄉民法說　吸引千名網友報名,32
2019/3/17,[標的] 由田 3455,14
2019/3/17,[新聞] 16年來首次 逾半陸企認為今年經濟會更差,9
2019/3/17,[請益] 資本大於一千億的股票,25
2019/3/17,[新聞] 中國《外商投資法》將為外商帶來嶄新時代,5
2019/3/17,[標的] 台指期  多,40
2019/3/17,[標的] 台指期 空,19
2019/3/17,[新聞] 全球經濟不振 聯準會料停火並下修升息預,14
2019/3/17,[討論] 韓國瑜郭台銘聯手出擊 鴻海記者會(Live),76
2019/3/17,[新聞] 何壽川近1年砸逾16億　敲進永豐金15萬張,10
2019/3/17,[新聞] 台商空手到 風險都由銀行承擔,11
2019/3/17,Re: [請益] 手中存股的股價越來越高該怎麼加碼?,17
2019/3/17,[請益] 智駕車產業鏈為下個黃金十年？,18
2019/3/17,[請益] 在台灣看大陸盤,7
2019/3/17,[新聞]特朗普習近平會面結束貿易戰可能推遲到6月,34
2019/3/17,[新聞] 《各報要聞》13檔多頭排列，人氣爆發,23
2019/3/17,[新聞] 金控偏好發放現金股息 業者沒說出口的隱,9
2019/3/17,Re: [請益] 滿足一年5萬的現金配息投資組合？,5
2019/3/17,[新聞] 郭董退訂聯合報系 臉書徵詢網友意見將送3,31
2019/3/17,[請益] 手中存股的股價越來越高該怎麼加碼?,32
2019/3/17,Re: [心得] 資本家靠不停循環得通貨膨脹和緊縮來自利,0
2019/3/17,[新聞] 大陸經濟下行衝擊科技業 白領親歷裁員潮,14
2019/3/17,[新聞] 富邦金 擬在陸設理財公司,25
2019/3/17,[心得] 資本家靠不停循環得通貨膨脹和緊縮來自利,-10
2019/3/17,[新聞] 戰不停！蘋果遭認定侵權　應償付高通近10,2
2019/3/17,Re: [新聞] 謝金河呼籲：炒房不如炒股 千萬不要,2
2019/3/17,Fw: [宣判] y1896547申訴Stock板板主eyespot一案,39
2019/3/17,[請益] 滿足一年5萬的現金配息投資組合？,39
2019/3/17,[標的] 2027大成鋼,20
2019/3/16,[新聞] 高殖利率題材夯 13檔超風光,16
2019/3/16,[新聞] 日地產商在華合資公司被挪用14億人民幣,11
2019/3/16,[新聞] 韓國瑜直播 預告郭台銘明簽約加碼投資,-10
2019/3/16,Re: [新聞] 謝金河呼籲：炒房不如炒股 千萬不要投資,13
2019/3/16,[新聞] 美1月就業崗位增加10萬多,8
2019/3/16,[情報] 中華民國財政部FB,10
2019/3/16,[新聞] 謝金河呼籲：炒房不如炒股 千萬不要投資,23
2019/3/16,[討論] 鴻海郭台銘明天將跟高雄簽約(韓國瑜剛說),58
2019/3/16,Fw:R: [其他] 一個方法知道自己適不適合交易,4
2019/3/16,[新聞] 美禁華為無人問  陸禁737全球跟,-10
2019/3/16,Re: [標的] 3105 穩懋,27
2019/3/16,[新聞] 群創跨足指紋辨識，想成印度龍頭,19
2019/3/16,Re: [請益] 有沒有實際在操作的訂閱老師,5
2019/3/16,[請益] 復華自創的s型投資法 到 金複合投資法,3
2019/3/16,[新聞] 經濟續下行 中共在房市股市上「走鋼絲」,3
2019/3/16,[請益] 這樣股利會怎麼算,8
2019/3/16,[新聞]2069運錩挑戰高配息，殖利率衝20％,82
2019/3/16,Fw: [心得] 一開始就全下績效會好很多,2
2019/3/16,[新聞] 美媒稱川普已批准我增購F-16戰機案 空軍,0
2019/3/16,[新聞] 金管會將祭壽險預警指標,14
2019/3/16,[新聞]世行行長人選幾成定局 中共擔心的事再發生,3
2019/3/16,[新聞] 到處打貿易戰又碰壁！ 川普鑄大錯害慘美,0
2019/3/16,[新聞] 【金管會盯上】南山人壽投資債券ETF　「6,34
2019/3/16,[請益] vix 的etf會歸零嗎？,33
2019/3/16,[新聞] 海外匯美金繳國內保費　需申報海外所得,7
2019/3/16,[新聞] 2347 聯強 董事會決議股利分派,13
2019/3/16,[請益] 請問股票股利和現金股利所得稅計算,21
2019/3/16,[新聞] 藍牙耳機恐致癌！　250科學家連署提出警,17
2019/3/16,[請益] 台銀證卷開現沖？,9
2019/3/16,[新聞] 中國最富村破產？神話破滅還謊言露餡,18
2019/3/15,[標的] 美國道瓊(*UDM9) (獲利出場感恩~,59
2019/3/15,[新聞] 11行業接急單盼鬆綁7休1 經濟部幫爭取,0
2019/3/15,[心得] 富邦VIX,48
2019/3/15,[新聞] 國際投行：大陸第二季流動性將惡化,0
2019/3/15,[新聞] 陸科技發展超乎想像！ 日媒揭這數據...,11
2019/3/15,[新聞] 愛瘋帶來穩定現金流！外資：蘋果股票看,6
2019/3/15,[其他] 108年03月15日信用交易統計,27
2019/3/15,[新聞] 台苯擬配息2元,15
2019/3/15,[請益] 關廠股票請教,7
2019/3/15,[新聞] 美媒：中國AI論文引用數 正在接近美國,-10
2019/3/15,[其他] 交換看股票書,16
2019/3/15,[標的] 美股道瓊指數 (空),11
2019/3/15,"Re: [新聞] 郭董又出手護盤 砸逾1億元加碼鴻海1,500",21
2019/3/15,[新聞] 勤益控股利：現金0.5元,12
2019/3/15,Re: [新聞] 5大電信前進MWC　台灣大、亞太電展5G應用,10
2019/3/15,[新聞] 玉山金控(2884) 公告董事會決議股利分派,89
2019/3/15,"[新聞] 郭董又出手護盤 砸逾1億元加碼鴻海1,500",30
2019/3/15,[新聞] Google大補丸！宏達電去年終結連3虧、EPS,14
2019/3/15,[新聞] 宏達電去年Q4淨損44億元 每股虧5.31元,24
2019/3/15,[新聞] 何時達成美中貿易協議？川普：未來3-4周,1
2019/3/15,Re: [標的] 橘子 先短多後長空,10
2019/3/15,[新聞] 三星電子投資『重壓』越南並貢獻越南GDP,9
2019/3/15,[新聞]外商投資法增保密規定 傳中共匆忙對美讓步,5
2019/3/15,[其他] 108年03月15日 三大法人買賣金額統計表,40
2019/3/15,[新聞] 嚇死了！遠航降落長灘島偏移跑道 輪胎卡,9
2019/3/15,[新聞] 降價策略奏效!大摩:iPhone中國銷售漸穩定,3
2019/3/15,[新聞] 宏達電VR吃到飽服務 4月2日上線,5
2019/3/15,[閒聊] 2019/03/15 盤後閒聊,30
2019/3/15,[新聞] 代防長痛批F35賣力促銷波音F-15X 美要查,8
2019/3/15,Re: [請益] 為什麼投顧公然詐欺不用罰?,9
2019/3/15,[心得] 分享一些選擇權常用到的公式,16
2019/3/15,[標的] 橘子 先短多後長空,8
2019/3/15,[新聞] 外資示警寒冬還沒完 下修和碩目標價至45,26
2019/3/15,[新聞] IV之LTE專利勝訴，T-Mobile及Ericsson須,0
2019/3/15,[新聞] 川普：美中談判進展快 三到四週內有消息,18
2019/3/15,[新聞] 劉鶴與賴海哲再次通話 美中進一步取得實質性進展,2
2019/3/15,[新聞] 《業績-食品》中華食品去年每股賺3.05元,20
2019/3/15,[新聞] (3402)漢科董事會決議股利分派,6
2019/3/15,[新聞] 南韓企業紛紛加入區塊鏈項目投資,4
2019/3/15,[新聞] 大陸失業率創20年新高 或危及中共政權,13
2019/3/15,[新聞] 趙薇坑殺散戶賺了幾十億才罰款70多萬元！,23
2019/3/15,[請益] 中環是不是被市場盯上了？？,6
2019/3/15,[標的] 2702華園 多,3
2019/3/15,[新聞] 【新神A上市前露餡】新Altis五個等級車,22
2019/3/15,Re: [新聞] 中國失業率創兩年新高 經濟學家：貿易戰,20
2019/3/15,[新聞] 歐盟對中國提出10項具體行動以保歐洲繁榮,4
2019/3/15,[新聞] 13.27％ 國巨拿下台股殖利率王,25
2019/3/15,Re: [新聞] 英國會通過延後脫歐 脫歐延後至少3個月,14
2019/3/15,[閒聊] 2019/03/15 盤中閒聊,94
2019/3/15,[新聞] 華碩手機夾縫求生 攜手高通攻巴西,0
2019/3/15,[新聞] 美聯準會下周開會　外界關注暫緩升息議題,4
2019/3/15,[其他] 20190314錢線百分百,5
2019/3/15,Re: [新聞] 英國會通過延後脫歐 脫歐延後至少3個月,21
2019/3/15,[新聞] 英國會通過延後脫歐 脫歐延後至少3個月,5
2019/3/15,[新聞] 史上首富：盛世王朝的繁榮和衰敗,3
2019/3/15,[請益] 關於尚凡,15
2019/3/15,[新聞] 玉山金股票股利公告,8
2019/3/15,Re: [新聞] 中國毒車延燒！業界爆全車企皆用有毒材料,1
2019/3/15,[標的] 9911櫻花,10
2019/3/14,[其他] 長期佛心的高手？,44
2019/3/14,Re: [標的] 旺宏 2337 短多,17
2019/3/14,[新聞] 不敢搭！波音摔飛機　1.76兆訂單不保,6
2019/3/14,[新聞] 三星電子一家佔越南GDP的28％,8
2019/3/14,[新聞] 中國毒車延燒！業界爆全車企皆用有毒材料,25
2019/3/14,Re: [心得] 加入投顧心得,16
2019/3/14,[新聞] 搭載聯發科處理器 OPPO 子品牌手機印度上,0
2019/3/14,[新聞] 全球首創！ 清大團隊研發出夢幻記憶體,18
2019/3/14,[請益] 房市崩的話，銀行股也會一起崩嗎？,22
2019/3/14,[請益] 四大基金績效為什麼遠輸別國?,14
2019/3/14,[心得] 道瓊成份與納斯達克100成份整理,6
2019/3/14,[新聞] 夏令時間啟動　美股明起晚上9點半開盤,0
2019/3/14,[新聞] 衝個金燒錢　駱錦明：王道銀最慘一年已過,19
2019/3/14,[心得] 加入投顧心得,45
2019/3/14,Re: [新聞] 彭博：川習會延後 最早4月開,0
2019/3/14,Re: [新聞] 洩密助股市主力放空股票　前調查官二審判,2
2019/3/14,[新聞] 貿易戰衝擊 美國因這個損失6千億美元！！,1
2019/3/14,Re: [標的] 旺宏 2337 短多,10
2019/3/14,[新聞] 為黃振彥站台 蔡英文：守護台灣 要風電,12
2019/3/14,[請益] 關於股票申購,14
2019/3/14,[新聞] 高雄亞太風電展 全台首發,4
2019/3/14,[新聞] 彭博：川習會延後 最早4月開,15
2019/3/14,[新聞] 中石化轉投資遭倒帳　怒告執行副總背信,6
2019/3/14,[新聞] 中國失業率創兩年新高 經濟學家：貿易戰,6
2019/3/14,[新聞] 玉山金 再種萬株原生樹苗,10
2019/3/14,[標的] 建大,4
2019/3/14,Re: [新聞] 聯邦銀擬配發股票股利0.7元,5
2019/3/14,Re: [標的] 5483中美晶 空,5
2019/3/14,[新聞] 日本報告：中國轉向生產高附加值產品,0
2019/3/14,[請益] 開發金是不是今年別發股利比較好,12
2019/3/14,Re: [標的] 5234達興材料,10
2019/3/14,[新聞]國巨去年每股大賺80.3元　將配發45元現金,64
2019/3/14,[標的] 旭富4119,8
2019/3/14,[請益] 遠傳跟台灣大借券成交費率,4
2019/3/14,[標的] 別去空錸德,12
2019/3/14,[新聞] 大陸1-2月經濟數據出爐 工業增速17年新低,3
2019/3/14,[其他] 3/14台灣集中市場三大法人買賣超前十名,4
2019/3/14,[其他] 台中銀今年配0.8,46
2019/3/14,Re: [標的] (空)美國道瓊指數,10
2019/3/14,[新聞] 產業缺地有解 工業區立體化方案擴大適用,9
2019/3/14,[其他] 和碩現金股利:3.5元,40
2019/3/14,[新聞] 半導體廠投資2019年預計將下降14％,10
2019/3/14,[標的] 1434 福懋,16
2019/3/14,[新聞] 南韓延遲5G商業化時程，缺乏5G手機與服務,3
2019/3/14,[請益] 明日富時指數調整 往那邊跑,9
2019/3/14,[其他] 108年03月14日 三大法人買賣金額統計表,27
2019/3/14,[新聞] 高盛唱衰特斯拉 指出電動車第一季交車量,13
2019/3/14,[新聞] 美股 今年收漲機率逾9成,8
2019/3/14,[新聞] 和碩去年獲利111.15億元 年減24.3%,38
2019/3/14,[標的] 新鉅科 3630,28
2019/3/14,[閒聊] 2019/03/14 盤後閒聊,39
2019/3/14,Re: [請益] 散戶出借股票,13
2019/3/14,[新聞] Google大當機 錸德冷儲存被喚醒股價飆漲,34
2019/3/14,[新聞] 新潤3月13日配合檢調單位至新潤搜索調查,6
2019/3/14,[新聞] 美律吃蘋果 今年供貨增加,10
2019/3/14,[標的] 利勤4426,30
2019/3/14,[新聞] 衣航空難班機軌跡與獅航空難極像 美國終,17
2019/3/14,[新聞] 2月大陸手機出貨量跌19.9％ 創3年新低,4
2019/3/14,Re: [請益] 資產配置請益,6
2019/3/14,[請益] 資產配置請益,1
2019/3/14,[新聞] 5G手機服務來了！每個月資費要花3245元,33
2019/3/14,[新聞] 郭明錤預測蘋果將推MR頭盔 點名揚明光可,19
2019/3/14,[新聞] 川普：習憂我會離場 我不急於達貿易協議,11
2019/3/14,[新聞] 債券ETF熱銷 去年吸金三千億！！,3
2019/3/14,Re: [新聞] 聯邦銀擬配發股票股利0.7元,24
2019/3/14,[閒聊] 2019/03/14 盤中閒聊,98
2019/3/14,[標的] 祥碩5269--短空,8
2019/3/14,[新聞] 一份合約各自表述 挑起了微軟與鴻海間的,18
2019/3/14,[新聞] 胡亦嘉染指國票華頓投信 顧立雄嗆不會准,32
2019/3/14,[請益] 為何郭董要在意股價？ 張忠謀就不會...,25
2019/3/14,[新聞] 前宜蘭縣代理縣長陳金德傳內定將接任台肥,0
2019/3/14,[新聞] 華映大裁員有用？公司財務仍岌岌可危,16
2019/3/13,Re: [標的] 3529 力旺,3
2019/3/13,[新聞] 聯邦銀擬配發股票股利0.7元,18
2019/3/13,[公告] test168 水桶一週,1
2019/3/13,[公告] safelove 警告一次,0
2019/3/13,[公告] annz 水桶10年,0
2019/3/13,[新聞] 外資愛上合庫金、華南金卻賣了國泰金,5
2019/3/13,[其他] 3月13日台灣集中市場三大法人買賣超前五,6
2019/3/13,[新聞] 韓失業率自9年高點滑落、但新增就業多為,8
2019/3/13,[新聞] 興富發跨界房仲 產銷一條龍,4
2019/3/13,[請益] 4173 久裕，證券商限制APP每日10萬限制?,4
2019/3/13,[新聞] 憂美股 谷月涵：台股相對安全,100
2019/3/13,Re: [標的] 5432 達威,2
2019/3/13,[標的] REITS,8
2019/3/13,[新聞] 朱立倫允諾2020讓台中成為自由經濟示範區,-10
2019/3/13,[新聞] 玉山銀品牌價值 台灣No.1,16
2019/3/13,[新聞] 單一壽險業狂掃債券ETF　顧立雄說要他們,18
2019/3/13,[新聞] 曾放棄美市場 艾默生因貿易戰砸77億返美!,6
2019/3/13,[新聞] 洩密助股市主力放空股票　前調查官二審判,13
2019/3/13,Re: [標的] 2886 兆豐金 多,-10
2019/3/13,[新聞] 達能今17點30分將宣布 晶圓廠停產及讓與,4
2019/3/13,[新聞] 中裕：無鍚廠良率漸穩 已和三星簽生產約,6
2019/3/13,[新聞] 貿易戰還有得拖? 北京承諾恐因豬瘟跳票！,9
2019/3/13,[新聞] 中華電 重登電信EPS王！！,15
2019/3/13,[新聞] 這兩檔ETF近10萬名存股族最愛！！,25
2019/3/13,Re: [標的] 技嘉 2376,11
2019/3/13,[新聞] 智寶合併凱美 1.165股換1股,13
2019/3/13,Re: [標的] 4167展旺,7
2019/3/13,Re: [心得] 股利所得稅試算,7
2019/3/13,Re: [新聞] 應對中共經濟掠奪 歐盟對華改採強硬政策,23
2019/3/13,Re: [標的] 友達 多,16
2019/3/13,[新聞] 智寶、凱美下午4時同步重大訊息 將宣布合併案,16
2019/3/13,[新聞] 推動CSR贏得國際肯定　信義房屋獲「年度,3
2019/3/13,[新聞] 沒有張國煒的長榮再爆內鬨,30
2019/3/13,[其他] 108年03月13日 三大法人買賣金額統計表,30
2019/3/13,Re: [新聞] 亞獅康一線胃癌新藥二期臨床試驗數據未達,2
2019/3/13,[閒聊] 2019/03/13 盤後閒聊,10
2019/3/13,Re: [標的] 台指 10350以上（+35萬出場）,22
2019/3/13,[標的] 1733五鼎 多,12
2019/3/13,Re: [新聞] 緯穎股價大爆發 母公司緯創持股卻減,12
2019/3/13,"[標的] (兩檔空方標的)信邦, 和大",4
2019/3/13,Re: [標的] 5432 達威,3
2019/3/13,[新聞]美中談判 萊特希澤透露進程和協議部分內容,5
2019/3/13,Re: [新聞] 台灣先生谷月涵開講台股　2020選舉行情,0
2019/3/13,Re: [標的] 5234達興材料,18
2019/3/13,[新聞] 迪士尼、福斯確定3月20日合併！,18
2019/3/13,[新聞] 雙鴻(3324)自結EPS 1月0.84  1-2月1.16元,10
2019/3/13,[新聞] 《金融》谷月涵：3優勢，看好台灣中小型,33
2019/3/13,[新聞] 台灣先生谷月涵開講台股　2020選舉行情,29
2019/3/13,[新聞] 應對中共經濟掠奪 歐盟對華改採強硬政策,7
2019/3/13,[新聞]楊智傑／微軟告鴻海：不當索取專利權利金?,21
2019/3/13,[標的] 台指 10350以上 結算,5
2019/3/13,[請益] 漲沒份/跌有份/量縮 代表什麼？,1
2019/3/13,[心得] 競價拍賣緯穎（6669）開標價335.3,5
2019/3/13,[新聞] 旺宏擬配息1.2元，殖利率5.5%,34
2019/3/13,[新聞] Waymo改變策略，賣Lidar感測器給其他行業,2
2019/3/13,[新聞] FB跨入加密貨幣　將可創造5873億元額外,9
2019/3/13,[閒聊] 2019/03/13 盤中閒聊,69
2019/3/13,[新聞] 不滿微軟告鴻海在第一時間以頭版頭報導！郭台銘槓聯合報系,8
2019/3/13,[新聞] 微軟趁火打劫？郭台銘重批欺軟怕硬,33
2019/3/13,[新聞] 391票反對242票支持 梅伊脫歐協議再遭否決,31
2019/3/13,[新聞] 2392 正崴 注意股之一月財報,13
2019/3/13,[新聞] 勝利事件延燒！三大經紀公司股價全大跌,0
2019/3/13,Re: [新聞] 緯穎股價大爆發 母公司緯創持股卻減半,37
2019/3/13,[新聞] 花旗「跳評」喊賣和大 目標價砍掉42%,10
2019/3/12,[新聞]2030全球城市消長 新加坡亞洲稱霸台北褪色,24
2019/3/12,[新聞] 華映裁員 金管會關切員工權益 若重整債權,5
2019/3/12,[新聞] 蘋果發表會效應 法人：蘋概短多,17
2019/3/12,[新聞] 老闆爽買7戶豪宅　卻狠心資遣員工,29
2019/3/12,[新聞] 國內首座！台中港離岸風電碼頭完工 即將,0
2019/3/12,[新聞] 中民投債務問題續惡化,0
2019/3/12,[其他] 3/12 台灣集中市場外資買賣超前30名,0
2019/3/12,[標的] 東元,18
2019/3/12,[新聞] 智寶凱美13日同步停牌 外界推測親上加親,4
2019/3/12,[標的] 請問買在7.82的是什麼人？,2
2019/3/12,[其他] 3/12 台灣店頭市場三大法人買賣超前20名,0
2019/3/12,Re: [其他] 108年03月12日信用交易統計,7
2019/3/12,[新聞] 味全決議減資13.77%，退還股款,10
2019/3/12,[新聞] 這家銀行好佛心！ 員工去年加薪6%、生育,15
2019/3/12,[新聞] 美證管會指控藐視協議 馬斯克提告反擊,9
2019/3/12,Re: [標的] 2886 兆豐金 多,16
2019/3/12,[標的] 之前喊過的標的追蹤,5
2019/3/12,[其他] 台灣集中市場三大法人買賣超前五名,8
2019/3/12,[新聞] 金可-KY每股將配發股息5元 六年來最低,11
2019/3/12,Fw: [心得] 台灣股市的ETF指數投資,8
2019/3/12,[公告] vcooter WuSmaLLnEw 水桶一週,0
2019/3/12,[公告] okada8752886 水桶10年,0
2019/3/12,[公告] bluelight800 thunder220 koon0718警告一次,0
2019/3/12,[公告] wickwolf acblily a0989876 水桶一週,0
2019/3/12,[新聞] 美國準備為研發陸基巡航導彈開始製造零件,20
2019/3/12,[新聞] 郭董槓上微軟　專家：郭董沒有切重要點,18
2019/3/12,[新聞]報告：美2024年取代沙特 成最大石油出口國,26
2019/3/12,[新聞] 南韓手術機器人市場正要起飛,11
2019/3/12,[心得] 最近土洋對做的狀況好像蠻明顯,14
2019/3/12,[其他] 108年03月12日 三大法人買賣金額統計表,45
2019/3/12,[請益] 證券航可單方面調整信用額度嗎？,3
2019/3/12,Re: [標的] 2383 台光電 抄底,6
2019/3/12,[請益] 如何看出該檔股票主力左手賣右手買,22
2019/3/12,[閒聊] 2019/03/12 盤後閒聊,75
2019/3/12,[新聞] 郭董正面迎擊微軟 法人：股價影響有限,9
2019/3/12,[新聞] Nvidia以69億美元收購Mellanox，搶攻HPC,6
2019/3/12,[標的]3332 幸康,8
2019/3/12,Re: [標的] 4953 緯軟 多,40
2019/3/12,Re: [新聞] 郭董反擊！批微軟霸道 11:30親上火線說明,28
2019/3/12,[新聞] 恐怖!中國國產車驚爆含毒 多名車主罹血癌,40
2019/3/12,[新聞] 定存股跌深不可怕！心魔不克服才是投資陷,28
2019/3/12,[新聞] 郭董反擊！批微軟霸道 11:30親上火線說明,18
2019/3/12,[新聞] 東協新面貌！ 中美貿易戰台商重新布局搶,5
2019/3/12,[新聞] 劉鶴與賴海哲通話 貿易文本關鍵問題磋商!,4
2019/3/12,[新聞] 川普新財年預算案 預期未來GDP增長達3％,11
2019/3/12,[新聞] 國巨、環球晶 目標價下修,35
2019/3/12,[新聞] 和碩 2月營收減三成,10
2019/3/12,[新聞] 華映兩個失誤 壓垮營運,9
2019/3/12,Re: [請益] 退休大叔的0050/0056最終疑問,13
2019/3/12,[標的] 鴻海,56
2019/3/12,[新聞] 專利授權合約糾紛，微軟與鴻海對薄公堂,8
2019/3/12,[新聞] 5G電信新契機　中華電前董事長獻3策略轉,0
2019/3/12,[閒聊] 2019/03/12 盤中閒聊,0
2019/3/12,[閒聊] 2019/03/12 盤中閒聊,100
2019/3/12,[新聞] 勝利涉性招待 YG蒸發34億,27
2019/3/12,[心得] 基本面分析-政治與政策面消息｜教學,0
2019/3/12,Re: [請益] 退休大叔的0050/0056最終疑問,9
2019/3/12,[標的] 6005群益證,6
2019/3/11,[標的] 鴻海(2317)套在一百以上的能靠股利回本嗎,52
2019/3/11,[新聞] 台船力拼年內簽訂IDS潛艦合約 避免2020,6
2019/3/11,Re: [新聞] 川習會時間未定 中若不守承諾美重啟關稅!,0
2019/3/11,[新聞] 受陸拖累、亞洲慘！印度獨紅、製造業PMI,0
2019/3/11,[新聞] 日商加碼投資台灣 3大關鍵數據揭軟實力,2
2019/3/11,Re: [請益] 退休大叔的0050/0056最終疑問,8
2019/3/11,[新聞] 中國物價疲！準備金率與歐美相當、人行降,4
2019/3/11,[請益] 暫停信用交易有價證券融資餘額增加?,4
2019/3/11,[新聞] 川習會時間未定 中若不守承諾美重啟關稅!,19
2019/3/11,Re: [新聞] 抖音狂燒錢的代價：大虧12億美元換來全球,11
2019/3/11,Re: [標的] 4728雙美,14
2019/3/11,[新聞] 陸股連漲 北京罕見大篇幅批炒股,12
2019/3/11,[其他] 108年03月11日信用交易統計,38
2019/3/11,Re: [請益] 退休大叔的0050/0056最終疑問,0
2019/3/11,Re: [標的] 2867 三商壽,2
2019/3/11,Re: [其他] 108年【2月份金控股】EPS排名 (全已公布),6
2019/3/11,Re: [請益] 退休大叔的0050/0056最終疑問,11
2019/3/11,[其他] 108年【2月份金控股】EPS排名 (全已公布),39
2019/3/11,[請益] Android上使用雲端控股 APP,0
2019/3/11,[新聞] 庫德洛10日表示美中可望月底結束貿易戰。,13
2019/3/11,[新聞] 樂陞案許金龍喊沒錢 仍籌到2億交保,30
2019/3/11,[其他] 台灣集中市場三大法人買賣超前5名,15
2019/3/11,Re: [標的] (空)美國道瓊指數,5
2019/3/11,[新聞] 中共人大高官自曝地方GDP數據造假,11
2019/3/11,[新聞] 抖音狂燒錢的代價：大虧12億美元換來全球,38
2019/3/11,[標的] 美國道瓊(*UDM9) (和局PASS),100
2019/3/11,[新聞] 旺季+展店雙助攻，瓦城二月營收飆新高,28
2019/3/11,[新聞] 雪上加霜 華映宣布將裁員2500人,35
2019/3/11,[新聞] 彰銀案將宣判？台新金總座：要退要進我,26
2019/3/11,[新聞] 台新金去年EPS為1.09元，今年前2月獲利年,71
2019/3/11,Re: [請益] 退休大叔的0050/0056最終疑問,3
2019/3/11,[新聞] 歐盟促川普取消對歐關稅:我們一起打中共,8
2019/3/11,[新聞] 蘋果AR眼鏡能拯救iPhone嗎？可能2020第二,15
2019/3/11,Re: [請益] 退休大叔的0050/0056最終疑問,6
2019/3/11,[其他] 108年03月11日 三大法人買賣金額統計表,89
2019/3/11,Re: [請益] 退休大叔的0050/0056最終疑問,8
2019/3/11,Re: [標的] 2392 正崴,7
2019/3/11,Re: [標的] 2886 兆豐金 多,3
2019/3/11,[閒聊] 2019/03/11 盤後閒聊,15
2019/3/11,[標的] 2404 漢唐,7
2019/3/11,[標的] 3029零壹 多,5
2019/3/11,[新聞] 創見擬配息5元，殖利率7.3％,9
2019/3/11,Re: [標的] 2392 正崴,14
2019/3/11,[新聞] 記憶體價格大跌，英特爾將重新奪回2019年,4
2019/3/11,[新聞] 庫德洛：美中談判正在解決最後的棘手問題,3
2019/3/11,Re: [請益] 退休大叔的0050/0056最終疑問,21
2019/3/11,[新聞]川普2020財年預算將出爐 五大關注點搶先看,0
2019/3/11,[請益] 退休大叔的0050/0056最終疑問,64
2019/3/11,[新聞] 【超慘】16家金控去年海外投資　帳面狂,22
2019/3/11,[新聞] 崇越電 今年獲利拚新高,0
2019/3/11,[新聞] 盟立在手訂單逾140億,4
2019/3/11,[新聞] 智慧穿戴夯 群光受惠,1
2019/3/11,[新聞] 三大電子零組件 報價急跌,17
2019/3/11,[閒聊] 2019/03/11 盤中閒聊,69
2019/3/11,[請益] 被列為處置股票,3
2019/3/11,[新聞] iPhone砍單、晶圓報廢衝擊　台積電上半年,7
2019/3/11,[標的] 台股盤後一週分享,16
2019/3/10,[新聞] 大陸2月汽車銷量減18.5% 創7年最大跌幅,21
2019/3/10,[新聞] 美經濟學家：中共GDP成長率可能只有一半,23
2019/3/10,[標的] 大盤,79
2019/3/10,[新聞] 不因軍購而中斷 國防部：研製下一代戰機,27
2019/3/10,Re: [新聞] 緯穎股價大爆發 母公司緯創持股卻減半,63
2019/3/10,Re: [新聞] 史上最古老指數 剛創下近50年最長連跌紀,2
2019/3/10,Re: [新聞] 羨慕！韓國大企業新人平均年薪120萬　比,31
2019/3/10,Re: [新聞] 外資大舉買進A股 考驗中國金融自由化,0
2019/3/10,[新聞] 鴻海疑違反專利協議 微軟開告,19
2019/3/10,[新聞] 《股利-百貨》農林擬配息0.3元,0
2019/3/10,Re: [請益] 沒有填息成功 定存股有什麼用？！,8
2019/3/10,[新聞] 史上最古老指數 剛創下近50年最長連跌紀,8
2019/3/10,Re: [新聞] 羨慕！韓國大企業新人平均年薪120萬　比,22
2019/3/10,[心得] 分享一個從匯市看股市的看法,8
2019/3/10,Re: [請益] 沒有填息成功 定存股有什麼用？！,14
2019/3/10,[新聞] 年線遇壓 高殖利率股為首選,11
2019/3/10,[新聞] 苦情中產族 買這些退休餓不死！,7
2019/3/10,Re: [新聞] 羨慕！韓國大企業新人平均年薪120萬　比,17
2019/3/10,[新聞] 美贏了貿易戰？白宮顧問：我們讓陸走投無,2
2019/3/10,"[標的] (幾檔空方標的)中鋼,台達電,頎邦,中工",12
2019/3/10,[新聞] 台股難捉摸 跟著外資買「殖利率題材股」,13
2019/3/10,Re: [請益] 沒有填息成功 定存股有什麼用？！,38
2019/3/10,[公告] dake king9 水桶一週,0
2019/3/10,[新聞] 事業版圖遍及全球 台泥就業機會橫跨歐亞,10
2019/3/10,Re: [請益] 沒有填息成功 定存股有什麼用？！,10
2019/3/10,Re: [標的] 朋程 8255,6
2019/3/10,[標的] 3030德律,5
2019/3/10,[標的] 艾訊 3088 多,3
2019/3/10,[標的] 朋程 8255,8
2019/3/10,Re: [請益] 沒有填息成功 定存股有什麼用？！,27
2019/3/10,[請益] 沒有填息成功 定存股有什麼用？！,28
2019/3/10,[新聞] 川習會生變？北京急釋積極信號,15
2019/3/10,[公告] YAYA6655 sodabing 水桶一週,0
2019/3/10,[公告] DaGG30cm Shadou americ 警告一次,0
2019/3/10,[標的] (空)華南金,23
2019/3/10,[公告] s11qs4 CHAN761205 cougar 警告一次,0
2019/3/10,[公告] z020433 Afe529 ltjboy wustand02水桶一週,0
2019/3/10,[新聞] 羨慕！韓國大企業新人平均年薪120萬　比,39
2019/3/09,[新聞] 陸製造業倒閉潮…四關卡難過,24
2019/3/09,[新聞] 鐵飯碗來了！中華電徵才開跑 底薪最高49K,13
2019/3/09,Re: [新聞] 川普再發狂語：美股將大漲！ 但有這前提,11
2019/3/09,[其他] 20190308的錢線百分百,3
2019/3/09,[新聞] 鴻海最壞已過去！FII破發後 二度蜜月來了,0
2019/3/09,Re: [請益] 為什麼會說美國今晚21:30非農數據很重要?,23
2019/3/09,Re: [其他] 3/9更新出席主播 尚凡PTT股版第一次法說會,3
2019/3/09,[新聞] 中國對美威脅有多大? (2) 中國能否撼動美國的科技霸主地位,0
2019/3/09,[新聞] 大陸2月份CPI漲幅創13個月新低,6
2019/3/09,[新聞] 台商回流投資374億 電子業最積極,27
2019/3/09,Re: [新聞] 川普再發狂語：美股將大漲！ 但有這前提,16
2019/3/09,[新聞] 貿易談判未敲定協議 「川習會」恐延期,19
2019/3/09,Re: [請益] 為什麼會說美國今晚21:30非農數據很重要?,15
2019/3/09,[新聞] 存股達人報酬率暴漲88倍 身價全靠台積電!,44
2019/3/09,[新聞] 味全龍重返中職 吳志揚：相關作業已啟動,-10
2019/3/09,"[請益] 有無軟體,或網站回測不必再學程式的",9
2019/3/09,[新聞] 宅在家鄰居大嬸笑沒用　股票哥一秒賺十萬,5
2019/3/09,[新聞] 14家金控前2月獲利年減3成 國泰金暫居冠,6
2019/3/09,[新聞] 川普再發狂語：美股將大漲！ 但有這前提,17
2019/3/09,[新聞] 中國:美國海軍原地不動 中國追上要幾十年,15
2019/3/09,Re: [新聞] 愛情產業鏈助攻　韓國瑜讓高雄保險套買,7
2019/3/09,[標的] GIS-KY 當沖 星期一空單分享,21
2019/3/09,Re: [新聞] 兩會 政協委員舉報 國企欠其60億元不還,5
2019/3/09,[標的] 5483中美晶 空,14
2019/3/09,Re: [新聞] 分析：A股遇黑色星期五 「牛」市終結了？,0
2019/3/09,[新聞] 分析：A股遇黑色星期五 「牛」市終結了？,5
2019/3/09,Re: [新聞] 川普錯了 權威證據：中美貿易戰輸家是美,4
2019/3/09,[新聞] 川習會未定 川普：有無協議 美方都會做好,6
2019/3/09,[其他] 吳奕軍專欄：中共猛印鈔票　毒癮越陷越深,32
2019/3/09,[新聞] 台灣經濟有沒有效？蔡英文：有效 只是時,6
2019/3/09,[新聞] 六公股銀配息 上看560億,18
2019/3/09,[新聞]經濟前景黯淡之際 美債釋放信號預期Fed「降息」,4
2019/3/09,[新聞] 美企憂中共竊密 要求台灣供應商撤出中國,34
2019/3/09,[新聞] 【就業數據慘】美股邁向連5黑　金價走高,9
2019/3/09,[新聞] HTC攜手美自然史博物館 推暴龍VR體驗,10
2019/3/09,[新聞] 川普錯了 權威證據：中美貿易戰輸家是美,11
2019/3/08,Re: [標的] 大盤,22
2019/3/08,[新聞] 【2882 國泰金】108年2月份自結合併盈餘,30
2019/3/08,[新聞] 中國誓言維護智財權 專家：難度挺高的,17
2019/3/08,Re: [新聞] 尚凡大賺1.3個股本 PTT鄉民法說會敲定,8
2019/3/08,[請益] 線型派跟基本面派,15
2019/3/08,[新聞] 特斯拉獲大陸銀行5.21億美元貸款 利率打,2
2019/3/08,[標的] 道瓊指數 崩崩崩,17
2019/3/08,[新聞] 旺宏 2月合併營收18.05億元 年增-33.57%,20
2019/3/08,[新聞] 台新金前2月自結 每股0.25,19
2019/3/08,[請益] 為什麼會說美國今晚21:30非農數據很重要?,19
2019/3/08,[新聞] 國造高教機規劃生產66架　首架原型機今年,10
2019/3/08,Re: [標的] 2385 群光 多,8
2019/3/08,[請益] 股市或是股票這個概念完全消滅的可能性?,0
2019/3/08,[心得] 一個方法知道自己適不適合交易,8
2019/3/08,[新聞] 義大利擬參與「一帶一路」，引發盟友擔憂,1
2019/3/08,[新聞] 鴻海2月營收月減36% 來到近4年半低點,21
2019/3/08,[新聞] 新光金2月自結,16
2019/3/08,[新聞] 全球10大有錢人城市 台北超級富豪逾1500,31
2019/3/08,[新聞] 尚凡大賺1.3個股本 PTT鄉民法說會敲定,9
2019/3/08,[標的] (多)日元,0
2019/3/08,[新聞] 不只每天逾133億營收 鴻海大數據還統計這,4
2019/3/08,[新聞] 玉晶光2月營收 創101個月新低,37
2019/3/08,[新聞] 切入手機天線連接器 優群股價連兩日大漲,5
2019/3/08,[新聞] 【2885 元大金】108年2月份自結合併盈餘,32
2019/3/08,[新聞] 南韓2019年政府研發投資計劃於八個創新領,9
2019/3/08,Re: [標的] 6414 樺漢 空,0
2019/3/08,[其他] 尚凡配息每股10.78元,18
2019/3/08,[新聞] 【5880 合庫金】108年2月份自結合併盈餘,30
2019/3/08,[新聞] 蘋果傳最快Q4量產AR頭戴裝置 正崴有機會,12
2019/3/08,[新聞]台積電2月營收608.89億年減5.8%,20
2019/3/08,[新聞] 春節+貿易戰，國巨2月營收月減3成5,16
2019/3/08,[新聞] 兩會 政協委員舉報 國企欠其60億元不還,14
2019/3/08,[新聞]智庫：中國經濟被高估12% 去年GDP減10萬億,5
2019/3/08,[新聞] 台企銀2月自結,43
2019/3/08,[其他] 108年03月08日 三大法人買賣金額統計表,60
2019/3/08,[新聞] 鴻海六烏雲罩頂 台銘質押百萬張股票變現!,43
2019/3/08,[新聞] 鴻海再起！去年基期夠低 今年機會來了！,27
2019/3/08,[新聞] 《股利-營建》潤隆擬配息8元,23
2019/3/08,[閒聊] 2019/03/08 盤後閒聊,53
2019/3/08,[標的] 大盤,19
2019/3/08,[新聞] Apple罕見收購家庭監控專利組合,2
2019/3/08,[請益] 買回庫藏股又註銷股份,16
2019/3/08,[標的] Gis-ky(多),20
2019/3/08,Re: [標的] @大盤  空,8
2019/3/08,[新聞] 中國2月出口大幅衰退20.7% 遠低於市場預期,19
2019/3/08,Re: [新聞]美去年貿易逆差擴大 專家：美經濟強勁所致,2
2019/3/08,Re: [標的] 6456 GIS-KY 多,16
2019/3/08,[新聞] 天堂M發威 橘子獲利攻頂,14
2019/3/08,[標的] 2887 台新金,51
2019/3/08,[新聞] 台灣 躋身全球航太業10強,16
2019/3/08,Re: [標的] 中天 (4128),2
2019/3/08,[新聞]美去年貿易逆差擴大 專家：美經濟強勁所致,5
2019/3/08,[標的] 1217愛之味,25
2019/3/08,[標的] 2419 仲琦 當沖空,5
2019/3/08,[新聞] 智邦2月營收衰退25％ 全年仍看旺,6
2019/3/08,[新聞] 群光去年EPS 5.22元 現金股利3.8元,3
2019/3/08,[新聞] 瑞薩傳大停產 衝擊半導體,17
2019/3/08,[新聞] 宏達電VIVE出品VR電影《董仔的人》 入選,14
2019/3/08,Re: [新聞] 美律自結2月合併營收13.12億，年增48.49%,8
2019/3/08,[標的] 1802 台玻,26
2019/3/08,[閒聊] 2019/03/08 盤中閒聊,85
2019/3/08,[新聞] 歐銀下修經濟預期　道瓊下跌200點,6
2019/3/08,Re: [新聞] 宏達電2月營收6.3億元月減37.83% 上市掛,6
2019/3/08,Re: [標的] 2392 正崴,14
2019/3/08,Re: [請益] 台灣VIX跟美國VIX同步嗎,8
2019/3/08,Re: [其他]3/8更新 有人想參加尚凡PTT股版第一次法說會嗎？,100
2019/3/08,[其他] XQ自訂腳本,2
2019/3/07,[請益] 量化選股在台股有用嗎?,9
2019/3/07,[新聞] 韓流感召見到高雄曙光？福田水餃驚傳熄燈,29
2019/3/07,[新聞] 百萬家庭擺脫食品券 大紀元文章獲川普推,0
2019/3/07,[請益] 台灣VIX跟美國VIX同步嗎,14
2019/3/07,Re: [請益] 如果一直長期買0056會有風險嗎,6
2019/3/07,Re: [標的] (空)美國道瓊指數,8
2019/3/07,[新聞] 川普輸了　美去年對陸貿易逆差飆歷史新高,18
2019/3/07,[其他] 3/7 台灣集中市場外資買賣超前30名,1
2019/3/07,[其他] 3/7 台灣店頭市場三大法人買賣超前20名,0
2019/3/07,[請益] 如果一直長期買0056會有風險嗎,49
2019/3/07,[新聞] 大同股東：風水寶地都敢賣、錢到哪？請,6
2019/3/07,[新聞] 【中國違約潮】怕財報有水份 投資經理變,0
2019/3/07,Re: [新聞] 中國銀行擬發行永續債 可望成首家獲批銀,4
2019/3/07,[其他] 108年03月07日信用交易統計,26
2019/3/07,[標的] 2451 創見,10
2019/3/07,[新聞] 外媒：中共提出最新刺激經濟政策自相矛盾,3
2019/3/07,[新聞] 外資大舉買進A股 考驗中國金融自由化,5
2019/3/07,[新聞]《天堂M》助威！橘子去年EPS大賺10.31元,27
2019/3/07,[標的] 2474可成 多,30
2019/3/07,[標的] 美國道瓊(*UDH9) (獲利出場~,100
2019/3/07,Re: [新聞]美中通過視訊密集談判 川普提兩個可能結果,3
2019/3/07,[請益] 請教停利停損點,15
2019/3/07,[新聞] 達方去年EPS 5.43元 配發現金股利3.5元,15
2019/3/07,[新聞] 0206期貨大屠殺投資人慘賠 金管會今裁罰,32
2019/3/07,[新聞] TDDI供貨足 今年轉打價格戰,12
2019/3/07,Re: [新聞] 大方！王品配4.5元股息 獲利全給股東,0
2019/3/07,[新聞] 台郡 108年2月營收8.96億、年減25.80%,19
2019/3/07,[新聞] 大方！王品配4.5元股息 獲利全給股東,23
2019/3/07,[新聞] 【國巨高雄廠爆裁員】,64
2019/3/07,Re: [新聞]美中通過視訊密集談判 川普提兩個可能結果,6
2019/3/07,[新聞] 過去10年，全球共關閉或重建了97座晶圓廠,10
2019/3/07,[標的] 2492華新科 短空單 順勢而空,5
2019/3/07,[新聞] 大麻股漲翻！ Aurora 今年已飆逾 60%,21
2019/3/07,[新聞] 陸今年9省啟動養老金委託投資，目標2020,15
2019/3/07,[請益] 資金保留配置,30
2019/3/07,[新聞]美中通過視訊密集談判 川普提兩個可能結果,14
2019/3/07,[標的] 9904寶成,19
2019/3/07,[新聞] 兆豐金 2月份自結,10
2019/3/07,[新聞] 乘勝追擊！大同再標售北市土地 興富發..,12
2019/3/07,[其他] 108年03月07日 三大法人買賣金額統計表,33
2019/3/07,Re: [標的] @大盤  空,5
2019/3/07,[請益] 看盤軟體大家會訂閱嗎?,14
2019/3/07,[請益] 陸股相關連結怎麼了,2
2019/3/07,[標的] 2382 廣達,10
2019/3/07,[閒聊] 2019/03/07 盤後閒聊,34
2019/3/07,[標的] 被動為什麼飆不上去,60
2019/3/07,Re: [標的] @大盤  空,11
2019/3/07,Fw: [其他] 關於實價登錄之後的市場想法與建議,6
2019/3/07,Re: [標的] 4162智擎 當沖 試空,23
2019/3/07,Re: [標的] (空)美國道瓊指數,1
2019/3/07,[標的] @大盤  空   核彈級,15
2019/3/07,Re: [新聞] 宏達電2月營收6.3億元月減37.83% 上市掛,11
2019/3/07,Re: [標的] 台企銀 多,27
2019/3/07,Re: [新聞] 傳馬雲宣布辭職當天 支付寶被中共收編,32
2019/3/07,[標的] 立端 6245 當沖空單,4
2019/3/07,[新聞] 智慧手錶市場正逐步擴大，中低階市場崛起,5
2019/3/07,[新聞] iPhone中國再降價求售 最多下殺9200元！,18
2019/3/07,[標的] 元翎,46
2019/3/07,[標的] 4162智擎 當沖 試空,8
2019/3/07,[新聞] 專家：中國GDP增長恐十年內降至2%,15
2019/3/07,[新聞] 韓國瑜擬推自由經濟示範區 楊金龍：須防,6
2019/3/07,Re: [請益] 欸，買股票買到沒了熱情，怎解？,6
2019/3/07,[新聞] 台企銀ROE居公股銀之冠　今年加強海外分,35
2019/3/07,[新聞] 鴻海結盟研華 攻智慧製造,5
2019/3/07,Re: [心得] 離岸風電在台灣產業發展,19
2019/3/07,[新聞] 可成去年EPS 36.31元 新高,15
2019/3/07,[新聞] 鴻海市值 重返兆元,6
2019/3/07,[閒聊] 2019/03/07 盤中閒聊,100
2019/3/07,[請益] 2008年10月16日,4
2019/3/07,[標的] 2338光罩 現沖放空,2
2019/3/07,Re: [心得] 離岸風電在台灣產業發展,0
2019/3/07,[新聞] 貿易戰沒新消息　美股4大指數齊跌,22
2019/3/07,Re: [請益] 當沖的學習與訂閱,4
2019/3/07,[心得] 不知道算不算心得的個人投資方法,35
2019/3/07,Re: [新聞] 宏達電2月營收6.3億元月減37.83% 上市掛,6
2019/3/07,Re: [新聞] 宏達電2月營收6.3億元月減37.83% 上市掛,8
2019/3/07,[其他] 要命的「結構性轉變」！看中國,24
2019/3/06,Re: [請益] 欸，買股票買到沒了熱情，怎解？,27
2019/3/06,Re: [標的] 6414 樺漢 空,8
2019/3/06,Re: [標的] 2886 兆豐金 多,10
2019/3/06,Re: [標的] 4162智擎,4
2019/3/06,Re: [標的] 2382廣達,18
2019/3/06,[新聞] 從燒錢到緊縮：中國網路科技業出現裁員潮,2
2019/3/06,[新聞] 挑戰百萬年薪！鴻海招募工業互聯網AI人才,9
2019/3/06,Re: [心得] 離岸風電在台灣產業發展,4
2019/3/06,[新聞] 中壽率先調降3保單宣告利率,13
2019/3/06,Re: [心得] 離岸風電在台灣產業發展,0
2019/3/06,[標的] 道瓊指數,0
2019/3/06,[新聞] 外資持續搶進台股 2月外匯存底續創新高,1
2019/3/06,[其他] 108年03月06日信用交易統計,9
2019/3/06,Re: [心得] 離岸風電在台灣產業發展,7
2019/3/06,[新聞] 美國2月ISM非製造業指數增至59.7，為一年,4
2019/3/06,[標的] 2392 正崴,27
2019/3/06,[新聞] 彭博：美國輸慘了 川普發動貿易戰 經濟損,22
2019/3/06,[標的] 美國道瓊(*UDH9) (獲利出場...,100
2019/3/06,Re: [心得] 離岸風電在台灣產業發展,4
2019/3/06,[請益] 有關奇昇資訊社與整技科技,4
2019/3/06,[請益] 賣程式是聖杯之一？,7
2019/3/06,[新聞]蓬佩奧：若美中貿易協議不完美 川普會放棄,8
2019/3/06,[新聞] 聯電擬每股配息0.58元 殖利率4.95%,13
2019/3/06,[新聞] 玉山金前2月獲利創新高　今年股利發放可h,7
2019/3/06,Re: [心得] 離岸風電在台灣產業發展,0
2019/3/06,[新聞] 台商回流三大科學園區？ 陳良基：28家表,13
2019/3/06,[新聞] 宏達電2月營收6.3億元月減37.83% 上市掛,75
2019/3/06,[新聞] 投資績效低落 退撫基金被管到破產 教團：,23
2019/3/06,[其他] 108年03月06日 三大法人買賣金額統計表,30
2019/3/06,Re: [標的] 6414 樺漢 空,0
2019/3/06,[新聞] 玉山金2月自結,9
2019/3/06,[新聞] 經濟寒流 中國經濟目標30年最低,17
2019/3/06,[閒聊] 2019/03/06 盤後閒聊,62
2019/3/06,[新聞] 智慧機器人2026年市場價值可達2625億美元,5
2019/3/06,Re: [心得] 離岸風電在台灣產業發展,9
2019/3/06,[標的] 2330 台積電 空,27
2019/3/06,Re: [標的] 友達 多,12
2019/3/06,[新聞] 川金會破局 朝鮮似恢復東倉里導彈試射場,26
2019/3/06,Re: [標的] 4162智擎,5
2019/3/06,Re: [標的] 豐達科 3004 當沖 空單進場,1
2019/3/06,[標的] 聚亨2022,4
2019/3/06,[新聞] 美律自結2月合併營收13.12億，年增48.49%,7
2019/3/06,[新聞] 李克強報告低調 貿易戰如影隨形,12
2019/3/06,Re: [新聞] 美中談判有重大宣布 北京大讓步,13
2019/3/06,[新聞] 貿易戰雖拖累經濟 習近平仍牢牢掌控權力!,9
2019/3/06,[標的] 豐達科 3004 當沖 空單進場,7
2019/3/06,[新聞] 美中談判有重大宣布 北京大讓步,2
2019/3/06,[標的] 2383 台光電 抄底,16
2019/3/06,[新聞] 2月營收衰退4成　中裕：包裝廠生產線故障,15
2019/3/06,Re: [標的] 2207和泰車 多,9
2019/3/06,[標的] 友達 多,89
2019/3/06,[新聞] 台企銀：股利「今年會更好」還有「秘密武,58
2019/3/06,[新聞] 英特爾與清華紫光拆夥，誰將漁翁得利？,5
2019/3/06,[新聞]屋漏偏逢連夜雨！中國海關暫扣並禁售特斯拉違規 Model 3,5
2019/3/06,[閒聊] 2019/03/06 盤中閒聊,96
2019/3/06,Re: [心得] 離岸風電在台灣產業發展,9
2019/3/06,[新聞] 亞債基金買氣旺　上月淨流入13.57億美元,1
2019/3/06,Re: [心得] 離岸風電在台灣產業發展,18
2019/3/06,Re: [新聞] 漢翔董總傳將遭更換　工會力挺：不排除發,56
2019/3/05,[新聞] 中美貿易戰將落幕？ 美國宣布：休兵期限,41
2019/3/05,[新聞] 川普稱打贏貿易戰 真相是美國輸慘了,-10
2019/3/05,Re: [心得] 離岸風電在台灣產業發展,5
2019/3/05,Re: [標的] 正崴 2392 多,9
2019/3/05,[其他] 3/5 台灣集中市場外資買賣超前30名,0
2019/3/05,Re: [標的] 8942森鉅（多）,5
2019/3/05,[新聞] 1 月景氣告別藍燈分數走升，農曆春節是關,1
2019/3/05,[新聞] 2025年電價漲三成 經濟部：還是便宜,17
2019/3/05,[其他] 3/5 台灣店頭市場三大法人買賣超前20名,0
2019/3/05,[新聞] 中國2月財新服務業PMI低於預期 寫4個月以,7
2019/3/05,[標的] 明天當沖 空方標的,18
2019/3/05,[新聞] 國銀在中國又爆踩雷 臺銀新增逾放1.35億,11
2019/3/05,[標的] 明日當沖空 禾昌 6158勝率極高 連五根大紅棒,8
2019/3/05,[新聞] GIS 去年每股盈餘11.77元(腰斬),21
2019/3/05,[新聞]經濟現新下行壓力 李克強稱要過「緊日子」,7
2019/3/05,[新聞] 特斯拉開出降價第一槍後 概念股該怎麼選,19
2019/3/05,Re: [心得] 離岸風電在台灣產業發展,5
2019/3/05,[新聞] 漢翔董總傳將遭更換　工會力挺：不排除發,23
2019/3/05,Re: [心得] 離岸風電在台灣產業發展,0
2019/3/05,Re: [標的] 2317  鴻海  空,16
2019/3/05,Re: [心得] 離岸風電在台灣產業發展,36
2019/3/05,[新聞] 淡季效應 榮成2月稅前每股小虧0.01元,16
2019/3/05,[新聞] 川普喊不公平 計畫終止印度、土耳其關稅,21
2019/3/05,Re: [心得] 離岸風電在台灣產業發展,0
2019/3/05,[新聞] 日本廠供料吃緊 中鋼：不影響和中鴻生產,0
2019/3/05,Re: [心得] 離岸風電在台灣產業發展,4
2019/3/05,Re: [心得] 離岸風電在台灣產業發展,9
2019/3/05,[新聞] 新動向曝光　「台灣先生」谷月涵加入寬量,33
2019/3/05,[新聞] 40年投資加竊技術 中共仍無法製高端芯片,26
2019/3/05,"[心得] 安X心,投資神準術",5
2019/3/05,[其他] 108年03月05日 三大法人買賣金額統計表,58
2019/3/05,Re: [心得] 離岸風電在台灣產業發展,14
2019/3/05,[閒聊] 2019/03/05 盤後閒聊,16
2019/3/05,Re: 豐達科3004,16
2019/3/05,[標的] 豐達科 3004 明日開低買進,3
2019/3/05,Re: [心得] 離岸風電在台灣產業發展,14
2019/3/05,Re: [標的] 6414 樺漢 空,32
2019/3/05,[請益] 有哪些券商有中信銀駐點櫃台,10
2019/3/05,Re: [標的] (空)美國道瓊指數,5
2019/3/05,Re: [其他] 有人想參加尚凡PTT股版第一次法說會嗎？,5
2019/3/05,[心得] 離岸風電在台灣產業發展,25
2019/3/05,"[新聞] 勞動＋國保＋退撫三大基金元月大賺1,371",31
2019/3/05,[標的] 4162智擎,5
2019/3/05,Re: [心得] 為什麼我選擇指數化投資(四),27
2019/3/05,[新聞] 導入語音助理 減少醫護負擔,0
2019/3/05,[心得] 為什麼我選擇指數化投資(五),40
2019/3/05,[新聞] 兩會洩密：某省打壓民企 幾十個老闆被抓,14
2019/3/05,[新聞] 新普拚成長 下半年力道強,6
2019/3/05,Re: [標的] 6414 樺漢 空,54
2019/3/05,[標的] 5278尚凡,15
2019/3/05,Re: [標的] 4722 國精化,3
2019/3/05,[新聞] 微星、技嘉 本季出貨衝,10
2019/3/05,[新聞] 群創結盟星友科技、速博思 攻行動支付辨,6
2019/3/05,[新聞] 川普口口聲聲說他打贏貿易戰 其實美國算,28
2019/3/05,Re: [標的] 2027 大成鋼,0
2019/3/05,[新聞] 經濟數據不如預期　美股道瓊跌206點,11
2019/3/05,[閒聊] 2019/03/05 盤中閒聊,87
2019/3/05,[新聞] 華為美國對手現身 思科发布報告：美國已經贏得5G競賽,3
2019/3/05,Re: [其他] 有人想參加尚凡PTT股版第一次法說會嗎？,0
2019/3/05,Re: [標的] 6414 樺漢 空,100
2019/3/05,[標的] 3323 加百裕 多,5
2019/3/05,[公告] sammy666 水桶10年,0
2019/3/05,[公告] blestniki96 ckshchen 水桶一週,0
2019/3/05,[標的] 2027 大成鋼,22
2019/3/05,Re: [標的] 6414 樺漢 空,9
2019/3/04,[心得] 台灣股市平均殖利率 本益比 淨值比 歷史,36
2019/3/04,[標的] 0050 台灣五十 多,6
2019/3/04,[新聞] 蔡英文：將持續推動智慧自動化 讓全球成,24
2019/3/04,[標的] 盤中當沖：2439美律 空,10
2019/3/04,[新聞] KDDI 無人機基地台技術 將應用於災區搜1,2
2019/3/04,[請益] 更換證券戶後股息股利的流向？,7
2019/3/04,[新聞] 英國擬限用華為設備 不得超過50%,-10
2019/3/04,[標的] 1527 鑽全,9
2019/3/04,[新聞] 霹靂去年營收大幅成長,18
2019/3/04,[新聞] 野村喊買樺漢 砍凌華、飛捷目標價,19
2019/3/04,[新聞] 中美接近達成降低關稅的貿易協議,0
2019/3/04,[請益] 請問有主動通知重大訊息的app嗎？,6
2019/3/04,[標的] 2317  鴻海  空,4
2019/3/04,Re: [標的] 4123  晟德  空,9
2019/3/04,[新聞] 別傻傻定存了！10檔「KO定存高殖利率股」,37
2019/3/04,[請益] 股利操作還錢策略,15
2019/3/04,[新聞] 《大陸股市》獲利了結賣壓出籠，滬指僅,14
2019/3/04,[請益] ETF歷史股價（分鐘資料）,10
2019/3/04,[新聞] 智崴揮軍越南 營運加溫,5
2019/3/04,[新聞] 蘋果5G新機 下單台系鏈,5
2019/3/04,[新聞] 為何要禁華為5G 你要了解的三大安全問題,9
2019/3/04,Re: [標的] 5347 世界 多,5
2019/3/04,[其他] 108年03月04日 三大法人買賣金額統計表,37
2019/3/04,Re: [請益] 買價五檔問題請益,7
2019/3/04,Re: [標的] 1104 環泥 多,14
2019/3/04,[閒聊] 2019/03/04 盤後閒聊,33
2019/3/04,[標的] 6245 明日當沖 空,0
2019/3/04,[新聞] 外資喊買瑞儀 中立看美律,6
2019/3/04,Re: [標的] 勤誠 多,11
2019/3/04,[標的] (多)3037欣興,15
2019/3/04,[新聞] 智慧音箱將由網路或軟體公司掌控，硬體廠,13
2019/3/04,[標的] 1104 環泥 多,18
2019/3/04,[新聞] 尚凡董事張家銘長親上PTT 揪網友辦法說會,23
2019/3/04,Re: [標的] 6414 樺漢 空,43
2019/3/04,[新聞] 美中談判傳接近完成 或3月底開川習會,17
2019/3/04,[新聞] 台商資金回台專法 蘇揆定調,14
2019/3/04,Re: [標的] 2049上銀 準備大噴發,4
2019/3/04,[新聞] 中國堵資金外逃 台商匯回腰斬,17
2019/3/04,[新聞] 【莊周夢蝶成真】宏達電VR作品　體驗者喜,9
2019/3/04,[閒聊] 2019/03/04 盤中閒聊,100
2019/3/04,[請益] 真的有人投資股票獲得財務自由的嗎,54
2019/3/04,[心得] YTD +43.1%  投資狂飆的成長美股,26
2019/3/04,[新聞] 南港2館今啟用　首迎工具機展規模站穩全,7
2019/3/04,[新聞] 全文》蔡英文接受日本產經專訪,39
2019/3/04,[其他] 有人想參加尚凡PTT股版第一次法說會嗎？,100
2019/3/03,[公告] dildochen s72005ming 水桶一週,0
2019/3/03,[公告] k581503 tooth9 shuliang 警告一次,0
2019/3/03,[標的] 台股盤後一週分享,3
2019/3/03,[標的] 3030德律 多,10
2019/3/03,[請益] A帳號買匯撥到B帳號賣,9
2019/3/03,[新聞] 經濟周報：人大將通過外商投資法 台商競,8
2019/3/03,[新聞] 《通信網路》智邦首季營收看增,10
2019/3/03,[新聞] 《電腦設備》奇鋐鉸鏈轉軸吸睛,12
2019/3/03,Re: [新聞] 避稅天堂幻滅 開曼落實經濟實,9
2019/3/03,[新聞]中國多座晶圓廠完工 台灣新一波挖角潮來襲,26
2019/3/03,[新聞] 南六斥資35億高雄擴廠　打造智慧化生產,5
2019/3/03,[新聞] 精測2月營收創15個月低 月減4成,13
2019/3/03,[新聞] 解決雞蛋水餃股 金管會研擬下市機制,27
2019/3/03,[新聞] 四大利多加持 陸股ETF瘋漲,16
2019/3/03,Re: [心得] 為什麼我選擇指數化投資(四),28
2019/3/03,[新聞] 庫克：感到非常樂觀 蘋果將繼續讓人驚豔,33
2019/3/03,Fw: [心得] 全球股市市值與指數市值比較,7
2019/3/03,[新聞] 中裕抗愛滋藥 將從打點滴變打針,14
2019/3/03,[心得] 累積委買委賣 歷史資料,5
2019/3/03,[心得] 為什麼我選擇指數化投資(四),35
2019/3/03,[新聞] 勞退勞保基金十大持股 出列,37
2019/3/03,Re: [新聞] 巴菲特談投資：波克夏成功沒什麼了不起,6
2019/3/03,"[新聞] 政府基金加碼台股 1,500億銀彈將進場",47
2019/3/03,[新聞] 5G手機亮相　封測廠商下半年接單將受惠,6
2019/3/03,[新聞] 讓中方坐上談判桌 川普：關稅是最佳工具,12
2019/3/03,Re: [新聞] 中國羽翼未豐的垃圾債催生出新型禿鷲基金,1
2019/3/03,[新聞] 再轟聯準會 川普：強勢美元傷害美國競爭,10
2019/3/02,[新聞] 中國羽翼未豐的垃圾債催生出新型禿鷲基金,7
2019/3/02,[心得] 償債能力分析：流動比率,12
2019/3/02,[標的] 2020 美亞 3550 聯穎 拚殖利率 多,9
2019/3/02,[新聞] 《南華早報》記者潛入富士康 爆鄭州廠低,31
2019/3/02,[新聞] 任天堂招聘員工薪水曝光！年薪255萬台幣、,23
2019/3/02,[新聞] 貴州三都城投債陷違約風波,10
2019/3/02,Re: [請益] 畢業的定義?,17
2019/3/02,[心得] 操作方法分享,83
2019/3/02,Re: [新聞] Fed：近期宣布停止縮表,22
2019/3/02,[請益] 畢業的定義?,8
2019/3/02,[新聞] Fed：近期宣布停止縮表,46
2019/3/02,[標的] 2356英業達,50
2019/3/02,[新聞] 股市上漲大股東套現 A股現583份減持計劃,3
2019/3/02,Re: [新聞] 美中將簽大協議？更多內幕曝光！,10
2019/3/02,[新聞] 零股淘金 金融股超人氣,9
2019/3/02,[標的] 3529 力旺,7
2019/3/02,[新聞] 美中將簽大協議？更多內幕曝光！,14
2019/3/02,Re: [新聞] 川普施壓！ 要求中國「立即」取消對美農,2
2019/3/02,[新聞] 川普施壓！ 要求中國「立即」取消對美農,46
2019/3/02,[新聞] 羅斯：美中貿易協定 美要單方懲罰機制,0
2019/3/02,[新聞] 科技股引領美股齊揚　道瓊上漲百點,18
2019/3/02,[請益] 筆記本 記錄問題,7
2019/3/02,[新聞] 德麥食品營收獲利看漲,8
2019/3/02,[標的] 富邦Vix 多,13
2019/3/02,[新聞] 美朝未撕破臉 陸股小回 升勢不變,3
2019/3/01,[新聞] 美股3大指數齊挫　MSCI調升A股權重　陸,0
2019/3/01,[新聞] 疑投資失利　女從住家14樓頂墜落亡,65
2019/3/01,[新聞] 美方透露貿易談判內幕：美中協議達150頁,15
2019/3/01,[新聞] 中國經濟急退 地方債違約恐湧現,31
2019/3/01,[新聞] 示善意？川普孫女、孫子為習近平錄製中文,6
2019/3/01,"[新聞] 福特汽車中國廠傳將裁員2,000人 因中國銷",0
2019/3/01,[新聞] 無視美國阻撓！華為本屆MWC一舉拿下10份5G合約,-10
2019/3/01,[新聞] 便宜版特斯拉Model 3登場！只要新台幣108,37
2019/3/01,Re: [請益] 第一次畢業,17
2019/3/01,Re: [標的] 技嘉 2376,17
2019/3/01,[標的] 勤誠 多,8
2019/3/01,Re: [請益] 第一次畢業,7
2019/3/01,[請益] 第一次畢業,54
2019/3/01,[心得] ～淺談手機當沖～,16
2019/3/01,"[新聞] 第一金淨值 衝破2,000億元",13
2019/3/01,Re: [請益] 當沖的學習與訂閱,9
2019/3/01,[新聞] 美懲罰機制逼北京守信 川普再警告,49
2019/3/01,[新聞] MSCI將擴大納入A股權重至20% 2.4兆活水注,21
2019/3/01,[新聞] 中美貿易「休戰期」延多久？另行通知為止,22
2019/3/01,[新聞] 樂天銀行社長來台 有信心獲選純網銀,9
2019/3/01,Re: [請益] 當沖的學習與訂閱,10
2019/3/01,[新聞] 打擊非洲豬瘟 陸企爭相開發「豬臉識別」,12
2019/3/01,[新聞] 十銓董座夏澹寧 43歲移民 月退俸7萬不夠,33
2019/3/01,[新聞] 會談生變 川普：求好不求快 自稱「友善地,3
2019/3/01,[新聞] 歐盟也怕假新聞　指Google、FB未兌現打,6
2019/3/01,[請益] 菜鳥問個笨問題：4136,3
2019/3/01,Re: [新聞] 〈貿易戰聽證會〉美國將正式取消 對2000,23
2019/3/01,[標的] 道瓊指數,4
2019/3/01,Re: [新聞] 〈貿易戰聽證會〉美國將正式取消 對2000,5
2019/2/28,[新聞] 〈貿易戰聽證會〉美國將正式取消 對2000,60
2019/2/28,[新聞]經濟前景堪憂?大陸多家公司借股市上漲套現,10
2019/2/28,[新聞] 中國2月製造業PMI回落至49.2 低於預期,6
2019/2/28,[新聞] 震撼性反彈情景 標普有望衝上 3000 點,23
2019/2/28,[新聞] 朱立倫稱願重啟核四 柯P:應與產業政策一,1
2019/2/28,[請益]  各位投資有沒有自己迷信或偏好的點,11
2019/2/28,[新聞] 統一超去年本業獲利攀峰,14
2019/2/28,Re: Fw: [新聞] 日媒：中國高鐵隱患 影響超貿易戰,7
2019/2/28,[新聞] 林園工業區台石化工廠 發生爆炸意外,10
2019/2/28,[新聞] 韓國瑜訪星馬　促成5685億元商機,-10
2019/2/28,[心得] 融資融券 過往數據整理,3
2019/2/28,[新聞] 【川金會破局】南韓股匯急殺重挫　美股,18
2019/2/28,[心得] 金融股 預估殖利率 試算,61
2019/2/28,[新聞] 朱立倫概念股 倫飛也列黑名單,8
2019/2/28,[標的] (空)美國道瓊指數,37
2019/2/28,[其他] 中信金丙種特別股,20
2019/2/28,Re: [心得] 不是高手別放空,82
2019/2/28,Re: [新聞] 日媒：中國高鐵隱患 影響超貿易戰,15
2019/2/28,[新聞] 川金會破局！白宮：雙方未能達成任何協議,60
2019/2/28,[新聞] 蘋果自駕車「泰坦計畫」有變？ 裁員190人,7
2019/2/28,[新聞] 避稅天堂幻滅 開曼落實經濟實,5
2019/2/28,[標的] 新日興3376 大空,14
2019/2/28,[新聞] 王道銀行個金主將宋靖仁 驚傳辭職,10
2019/2/28,Fw: [新聞] 日媒：中國高鐵隱患 影響超貿易戰,25
2019/2/28,[請益] 大盤漲跌家數歷史統計資料,1
2019/2/28,[新聞] 台南人的對決 寶雅要開五金店尬小北百貨,15
2019/2/28,[新聞] 「我為什麼要離開中國」一文遭瘋傳,75
2019/2/28,Re: [新聞] 英特爾、紫光合作喊卡,0
2019/2/28,Fw: [心得] 美股是指什麼？主要指數的收錄差異。,14
2019/2/28,[標的] 2354鴻準 長多,17
2019/2/28,Fw: [新聞] 【40歲退休有術1】公務員靠投資逆轉人生,42
2019/2/28,[新聞] 美中協議如何執行 萊特希澤透露更多細節,1
2019/2/28,[請益] 補充保費有廢除可能嗎？,11
2019/2/28,[新聞] 華票5月31日股東會 議決配發現金股利0.79,22
2019/2/28,[新聞] 大股東不支持種電 傳寶佳集團出清農林持,3
2019/2/28,[新聞] 印巴陸空開火 部隊集結邊界,23
2019/2/28,[標的] 2408南亞科（多）,14
2019/2/28,[新聞] 永大獨董陳世洋：4月18日召開臨股會,2
2019/2/27,Re: [心得] 股價淨值比低就是便宜？別再信這鬼話,6
2019/2/27,[閒聊] 2019/02/27 盤後閒聊,36
2019/2/27,[閒聊] 2019/02/27 盤中閒聊,100
2019/2/26,[閒聊] 2019/02/26 盤後閒聊,26
2019/2/26,[閒聊] 2019/02/26 盤中閒聊,100
2019/2/25,[閒聊] 2019/02/25 盤後閒聊,98
2019/2/22,[閒聊] 2019/02/22 盤中閒聊,48
2019/2/21,[閒聊] 2019/02/21 盤後閒聊,27
2019/2/21,[閒聊] 2019/02/21 盤中閒聊,93
2019/2/20,[閒聊] 2019/02/20 盤後閒聊,32
2019/2/20,[閒聊] 2019/02/20 盤中閒聊,100
2019/2/19,[閒聊] 2019/02/19盤後閒聊,38
2019/2/19,[閒聊] 2019/02/19 盤中閒聊,97
2019/2/18,[閒聊] 2019/02/18 盤後閒聊,17
2019/2/18,[閒聊] 2019/02/18 盤中閒聊,100
2019/2/16,[公告] YenFuOne 水桶一個月,0
2019/2/16,[公告] SecondChance 水桶一週,0
2019/2/15,[閒聊] 2019/02/15 盤後閒聊,61
2019/2/15,[閒聊] 2019/02/15 盤中閒聊,71
2019/2/14,[閒聊] 2019/02/14 盤後閒聊,32
2019/2/14,[閒聊] 2019/02/14 盤中閒聊,98
2019/2/13,[閒聊] 2019/02/13 盤後閒聊,100
2019/2/13,[閒聊] 2019/02/13 盤中閒聊,77
2019/2/12,[閒聊]2019/02/12 盤後閒聊,12
2019/2/12,[閒聊] 2019/02/12 盤中閒聊,77
2019/2/11,[閒聊] 2019/02/11 盤中閒聊,100
2019/2/10,[公告] elfish123 警告一次,0
2019/2/10,[公告] Wesley995 水桶一個月,0
2019/2/10,2019/02/10 盤後閒聊,7
2019/2/09,2019/02/09 盤後閒聊,49
2019/2/08,[閒聊] 2019/02/08 盤後閒聊,24
2019/2/07,[公告] yata4547 水桶一週,0
2019/2/07,[公告] sodabing 違反板規1-2-8 警告一次,0
2019/2/07,2019/02/07盤後閒聊,35
2019/2/06,2019/02/06 盤後閒聊,30
2019/2/05,[閒聊] 2019/02/05 盤後閒聊,29
2019/2/04,[閒聊] 2019/02/04 盤後閒聊,13
2019/2/03,[公告] 板規V2.5 修正事項,0
2019/2/03,[閒聊] 2019/02/03 盤後閒聊,7
2019/2/02,2019/02/02 盤後閒聊,2
2019/2/01,[閒聊] 2019/02/01 盤後閒聊,6
2019/2/01,[公告] 2/1~2/10閒聊,2
2019/1/30,[閒聊] 2019/01/30 盤後閒聊,16
2019/1/30,[閒聊] 2019/01/30 盤中閒聊,88
2019/1/29,[閒聊] 2019/0129 盤後閒聊,21
2019/1/29,[閒聊] 2019/01/29 盤中閒聊,83
2019/1/28,[閒聊] 2019/01/28 盤後閒聊,23
2019/1/28,[閒聊] 2019/01/28 盤中閒聊,100
2019/1/25,[閒聊] 2019/01/25  盤後閒聊,49
2019/1/25,[閒聊] 2019/01/25 盤中閒聊,83
2019/1/24,[公告] yoyo0 smcdlink 水桶一週,0
2019/1/24,[公告] pgimjjkk hahaopen 警告一次,0
2019/1/24,[公告] maxxis4735 jack8297 Ejaculation警告一次,0
2019/1/24,[閒聊] 2019/01/24 盤後閒聊,20
2019/1/24,[心得] 淺談基本、技術、籌碼面,72
2019/1/24,[閒聊] 2019/01/24 盤中閒聊,81
2019/1/23,[閒聊] 2019/01/23盤後閒聊,14
2019/1/23,[閒聊] 2019/01/23 盤中閒聊,73
2019/1/22,[閒聊] 2019/01/22盤後閒聊,21
2019/1/22,[閒聊] 2019/01/22 盤中閒聊,12
2019/1/21,[閒聊] 2019/01/21 盤後閒聊,22
2019/1/21,[閒聊] 2019/01/21 盤中閒聊,81
2019/1/18,[公告] superhope minifat 警告一次,0
2019/1/18,[公告] Wesley995 enemyli 水桶一週,0
2019/1/18,[閒聊]2019/01/18 盤後閒聊,20
2019/1/18,[閒聊] 2019/01/18 盤中閒聊,65
2019/1/17,[閒聊] 2019/01/17 盤後閒聊,38
2019/1/17,[閒聊] 2019/01/17 盤中閒聊,58
2019/1/16,[閒聊] 2019/01/16 盤後閒聊,15
2019/1/16,[閒聊] 2019/01/16 盤中閒聊,0
2019/1/15,[閒聊] 2019/01/15 盤後閒聊,68
2019/1/15,[閒聊] 2019/01/15 盤中閒聊,75
2019/1/14,[閒聊] 2019/01/14 盤後閒聊,16
2019/1/14,[閒聊] 2019/01/14 盤中閒聊,59
2019/1/13,[公告] ixdezeqyd 水桶一週,0
2019/1/13,[公告] ariesliu 水桶一個月,0
2019/1/13,[公告] Wesley995 bin84562000 lineage30678警告一次,0
2019/1/11,[閒聊] 2019/01/11 盤後閒聊,28
2019/1/11,[閒聊] 2019/01/11 盤中閒聊,90
2019/1/10,[閒聊] 2019/01/10 盤後閒聊,29
2019/1/10,[閒聊] 2019/01/10 盤中閒聊,64
2019/1/09,[閒聊] 2019/01/09 盤後閒聊,13
2019/1/09,[閒聊] 2019/01/09 盤中閒聊,64
2019/1/08,[閒聊] 2019/01/08 盤後閒聊,24
2019/1/08,[閒聊] 2019/01/08 盤中閒聊,100
2019/1/07,[閒聊] 2019/01/07 盤後閒聊,28
2019/1/07,[閒聊] 2019/01/07 盤中閒聊,100
2019/1/05,[公告] NT300 水桶10年,0
2019/1/05,[公告] ytrytyt 水桶一週,0
2019/1/05,[公告] lalastar ALACOOL iacoomon 警告一次,0
2019/1/04,[閒聊] 2019/01/04 盤後閒聊,22
2019/1/04,[閒聊] 2019/01/04 盤中閒聊,89
2019/1/03,[公告] rockon15 水桶一個月,0
2019/1/03,[公告] winUefi 水桶10年,0
2019/1/03,[公告] semna 警告一次,0
2019/1/03,[閒聊] 2019/01/03 盤後閒聊,18
2019/1/03,[閒聊] 2019/01/03 盤中閒聊,49
2019/1/02,[閒聊] 2019/01/02 盤後閒聊,24
2019/1/02,[閒聊] 2019/01/02 盤中閒聊,66
2019/1/02,[公告] 板規V2.4修正事項,0
2019/1/02,[公告] 取消Fujiwarano 水桶10年之處分,0
2019/1/01,[公告] eiw123 水桶一個月,0
2019/1/01,[公告] s49971616 警告一次,0
2019/1/01,[公告] n199808m HitMaker 警告一次,1
